year,phase,serial_no,state_rank,candidate_category,allotted_category,college_code,college_name,course,seat_type,option_no,source_file
2025,1,1,1,EZ,,KKM,"Govt. Medical College, Kozhikkode",MBBS,SM,1,mbbs_p1_final.pdf
2025,1,2,3,MU,,TVM,"Govt. Medical College, Thiruvananthapuram",MBBS,SM,1,mbbs_p1_final.pdf
2025,1,3,4,GN,,KKM,"Govt. Medical College, Kozhikkode",MBBS,SM,1,mbbs_p1_final.pdf
2025,1,4,5,GN,,KKM,"Govt. Medical College, Kozhikkode",MBBS,SM,1,mbbs_p1_final.pdf
2025,1,5,6,GN,,KKM,"Govt. Medical College, Kozhikkode",MBBS,SM,1,mbbs_p1_final.pdf
2025,1,6,12,GN,,KKM,"Govt. Medical College, Kozhikkode",MBBS,SM,1,mbbs_p1_final.pdf
2025,1,7,14,MU,,KKM,"Govt. Medical College, Kozhikkode",MBBS,SM,1,mbbs_p1_final.pdf
2025,1,8,16,GN,,TVM,"Govt. Medical College, Thiruvananthapuram",MBBS,SM,1,mbbs_p1_final.pdf
2025,1,9,18,EZ,,KKM,"Govt. Medical College, Kozhikkode",MBBS,SM,1,mbbs_p1_final.pdf
2025,1,10,19,GN,,KKM,"Govt. Medical College, Kozhikkode",MBBS,SM,1,mbbs_p1_final.pdf
2025,1,11,23,GN,,TVM,"Govt. Medical College, Thiruvananthapuram",MBBS,SM,1,mbbs_p1_final.pdf
2025,1,12,24,EZ,,KKM,"Govt. Medical College, Kozhikkode",MBBS,SM,1,mbbs_p1_final.pdf
2025,1,13,25,GN,,KKM,"Govt. Medical College, Kozhikkode",MBBS,SM,1,mbbs_p1_final.pdf
2025,1,14,29,GN,,TVM,"Govt. Medical College, Thiruvananthapuram",MBBS,SM,1,mbbs_p1_final.pdf
2025,1,15,33,MU,,KKM,"Govt. Medical College, Kozhikkode",MBBS,SM,1,mbbs_p1_final.pdf
2025,1,16,37,MU,,KKM,"Govt. Medical College, Kozhikkode",MBBS,SM,1,mbbs_p1_final.pdf
2025,1,17,39,GN,,TVM,"Govt. Medical College, Thiruvananthapuram",MBBS,SM,1,mbbs_p1_final.pdf
2025,1,18,40,MU,,KKM,"Govt. Medical College, Kozhikkode",MBBS,SM,1,mbbs_p1_final.pdf
2025,1,19,44,MU,,KKM,"Govt. Medical College, Kozhikkode",MBBS,SM,1,mbbs_p1_final.pdf
2025,1,20,45,EZ,,KTM,"Govt. Medical College, Kottayam",MBBS,SM,1,mbbs_p1_final.pdf
2025,1,21,46,SC,,TVM,"Govt. Medical College, Thiruvananthapuram",MBBS,SM,1,mbbs_p1_final.pdf
2025,1,22,47,MU,,KKM,"Govt. Medical College, Kozhikkode",MBBS,SM,1,mbbs_p1_final.pdf
2025,1,23,52,MU,,KKM,"Govt. Medical College, Kozhikkode",MBBS,SM,1,mbbs_p1_final.pdf
2025,1,24,55,GN,,TVM,"Govt. Medical College, Thiruvananthapuram",MBBS,SM,1,mbbs_p1_final.pdf
2025,1,25,56,GN,,KKM,"Govt. Medical College, Kozhikkode",MBBS,SM,1,mbbs_p1_final.pdf
2025,1,26,57,EZ,,KKM,"Govt. Medical College, Kozhikkode",MBBS,SM,1,mbbs_p1_final.pdf
2025,1,27,60,EZ,,KKM,"Govt. Medical College, Kozhikkode",MBBS,SM,1,mbbs_p1_final.pdf
2025,1,28,63,MU,,KKM,"Govt. Medical College, Kozhikkode",MBBS,SM,1,mbbs_p1_final.pdf
2025,1,29,65,GN,,TVM,"Govt. Medical College, Thiruvananthapuram",MBBS,SM,1,mbbs_p1_final.pdf
2025,1,30,66,GN,,KKM,"Govt. Medical College, Kozhikkode",MBBS,SM,1,mbbs_p1_final.pdf
2025,1,31,67,MU,,KKM,"Govt. Medical College, Kozhikkode",MBBS,SM,1,mbbs_p1_final.pdf
2025,1,32,70,EW,,KKM,"Govt. Medical College, Kozhikkode",MBBS,SM,1,mbbs_p1_final.pdf
2025,1,33,72,MU,,KKM,"Govt. Medical College, Kozhikkode",MBBS,SM,1,mbbs_p1_final.pdf
2025,1,34,73,MU,,KKM,"Govt. Medical College, Kozhikkode",MBBS,SM,1,mbbs_p1_final.pdf
2025,1,35,74,BH,,KKM,"Govt. Medical College, Kozhikkode",MBBS,SM,1,mbbs_p1_final.pdf
2025,1,36,75,GN,,KKM,"Govt. Medical College, Kozhikkode",MBBS,SM,1,mbbs_p1_final.pdf
2025,1,37,76,MU,,KKM,"Govt. Medical College, Kozhikkode",MBBS,SM,1,mbbs_p1_final.pdf
2025,1,38,77,MU,,KKM,"Govt. Medical College, Kozhikkode",MBBS,SM,1,mbbs_p1_final.pdf
2025,1,39,78,MU,,KKM,"Govt. Medical College, Kozhikkode",MBBS,SM,1,mbbs_p1_final.pdf
2025,1,40,79,MU,,KKM,"Govt. Medical College, Kozhikkode",MBBS,SM,1,mbbs_p1_final.pdf
2025,1,41,81,MU,,KKM,"Govt. Medical College, Kozhikkode",MBBS,SM,1,mbbs_p1_final.pdf
2025,1,42,83,EZ,,KKM,"Govt. Medical College, Kozhikkode",MBBS,SM,1,mbbs_p1_final.pdf
2025,1,43,84,MU,,KKM,"Govt. Medical College, Kozhikkode",MBBS,SM,1,mbbs_p1_final.pdf
2025,1,44,85,EZ,,KKM,"Govt. Medical College, Kozhikkode",MBBS,SM,1,mbbs_p1_final.pdf
2025,1,45,86,GN,,KKM,"Govt. Medical College, Kozhikkode",MBBS,SM,1,mbbs_p1_final.pdf
2025,1,46,87,EZ,,KKM,"Govt. Medical College, Kozhikkode",MBBS,SM,1,mbbs_p1_final.pdf
2025,1,47,89,MU,,KKM,"Govt. Medical College, Kozhikkode",MBBS,SM,1,mbbs_p1_final.pdf
2025,1,48,90,GN,,KKM,"Govt. Medical College, Kozhikkode",MBBS,SM,1,mbbs_p1_final.pdf
2025,1,49,91,GN,,TVM,"Govt. Medical College, Thiruvananthapuram",MBBS,SM,1,mbbs_p1_final.pdf
2025,1,50,92,MU,,KKM,"Govt. Medical College, Kozhikkode",MBBS,SM,1,mbbs_p1_final.pdf
2025,1,51,93,GN,,TVM,"Govt. Medical College, Thiruvananthapuram",MBBS,SM,1,mbbs_p1_final.pdf
2025,1,52,94,GN,,TVM,"Govt. Medical College, Thiruvananthapuram",MBBS,SM,1,mbbs_p1_final.pdf
2025,1,53,95,GN,,TVM,"Govt. Medical College, Thiruvananthapuram",MBBS,SM,1,mbbs_p1_final.pdf
2025,1,54,97,GN,,TVM,"Govt. Medical College, Thiruvananthapuram",MBBS,SM,1,mbbs_p1_final.pdf
2025,1,55,98,EZ,,KKM,"Govt. Medical College, Kozhikkode",MBBS,SM,1,mbbs_p1_final.pdf
2025,1,56,99,GN,,KKM,"Govt. Medical College, Kozhikkode",MBBS,SM,1,mbbs_p1_final.pdf
2025,1,57,100,GN,,ALP,"T D Govt. Medical College, Alappuzha",MBBS,SM,1,mbbs_p1_final.pdf
2025,1,58,101,MU,,KKM,"Govt. Medical College, Kozhikkode",MBBS,SM,1,mbbs_p1_final.pdf
2025,1,59,103,LA,,TVM,"Govt. Medical College, Thiruvananthapuram",MBBS,SM,1,mbbs_p1_final.pdf
2025,1,60,104,GN,,TVM,"Govt. Medical College, Thiruvananthapuram",MBBS,SM,1,mbbs_p1_final.pdf
2025,1,61,105,EW,,TVM,"Govt. Medical College, Thiruvananthapuram",MBBS,SM,1,mbbs_p1_final.pdf
2025,1,62,106,GN,,TVM,"Govt. Medical College, Thiruvananthapuram",MBBS,SM,1,mbbs_p1_final.pdf
2025,1,63,107,MU,,TVM,"Govt. Medical College, Thiruvananthapuram",MBBS,SM,1,mbbs_p1_final.pdf
2025,1,64,110,GN,,TVM,"Govt. Medical College, Thiruvananthapuram",MBBS,SM,1,mbbs_p1_final.pdf
2025,1,65,111,MU,,KKM,"Govt. Medical College, Kozhikkode",MBBS,SM,1,mbbs_p1_final.pdf
2025,1,66,112,MU,,KKM,"Govt. Medical College, Kozhikkode",MBBS,SM,1,mbbs_p1_final.pdf
2025,1,67,113,EW,,KKM,"Govt. Medical College, Kozhikkode",MBBS,SM,1,mbbs_p1_final.pdf
2025,1,68,114,VK,,KKM,"Govt. Medical College, Kozhikkode",MBBS,SM,1,mbbs_p1_final.pdf
2025,1,69,115,MU,,KKM,"Govt. Medical College, Kozhikkode",MBBS,SM,1,mbbs_p1_final.pdf
2025,1,70,117,MU,,KKM,"Govt. Medical College, Kozhikkode",MBBS,SM,1,mbbs_p1_final.pdf
2025,1,71,118,GN,,TVM,"Govt. Medical College, Thiruvananthapuram",MBBS,SM,1,mbbs_p1_final.pdf
2025,1,72,120,MU,,TVM,"Govt. Medical College, Thiruvananthapuram",MBBS,SM,1,mbbs_p1_final.pdf
2025,1,73,121,MU,,KKM,"Govt. Medical College, Kozhikkode",MBBS,SM,1,mbbs_p1_final.pdf
2025,1,74,122,EW,,TVM,"Govt. Medical College, Thiruvananthapuram",MBBS,SM,1,mbbs_p1_final.pdf
2025,1,75,123,GN,,TCM,"Govt. Medical College, Thrissur",MBBS,SM,1,mbbs_p1_final.pdf
2025,1,76,124,MU,,KKM,"Govt. Medical College, Kozhikkode",MBBS,SM,1,mbbs_p1_final.pdf
2025,1,77,125,MU,,KKM,"Govt. Medical College, Kozhikkode",MBBS,SM,1,mbbs_p1_final.pdf
2025,1,78,126,EZ,,TCM,"Govt. Medical College, Thrissur",MBBS,SM,1,mbbs_p1_final.pdf
2025,1,79,128,MU,,KKM,"Govt. Medical College, Kozhikkode",MBBS,SM,1,mbbs_p1_final.pdf
2025,1,80,129,MU,,KKM,"Govt. Medical College, Kozhikkode",MBBS,SM,1,mbbs_p1_final.pdf
2025,1,81,130,GN,,TVM,"Govt. Medical College, Thiruvananthapuram",MBBS,SM,1,mbbs_p1_final.pdf
2025,1,82,131,GN,,KTM,"Govt. Medical College, Kottayam",MBBS,SM,1,mbbs_p1_final.pdf
2025,1,83,132,MU,,KKM,"Govt. Medical College, Kozhikkode",MBBS,SM,1,mbbs_p1_final.pdf
2025,1,84,133,EZ,,KKM,"Govt. Medical College, Kozhikkode",MBBS,SM,1,mbbs_p1_final.pdf
2025,1,85,134,MU,,KKM,"Govt. Medical College, Kozhikkode",MBBS,SM,1,mbbs_p1_final.pdf
2025,1,86,135,MU,,KKM,"Govt. Medical College, Kozhikkode",MBBS,SM,1,mbbs_p1_final.pdf
2025,1,87,136,EZ,,TVM,"Govt. Medical College, Thiruvananthapuram",MBBS,SM,1,mbbs_p1_final.pdf
2025,1,88,137,SC,,KKM,"Govt. Medical College, Kozhikkode",MBBS,SM,1,mbbs_p1_final.pdf
2025,1,89,138,MU,,KKM,"Govt. Medical College, Kozhikkode",MBBS,SM,1,mbbs_p1_final.pdf
2025,1,90,139,BH,,KKM,"Govt. Medical College, Kozhikkode",MBBS,SM,1,mbbs_p1_final.pdf
2025,1,91,140,MU,,KKM,"Govt. Medical College, Kozhikkode",MBBS,SM,1,mbbs_p1_final.pdf
2025,1,92,142,MU,,TVM,"Govt. Medical College, Thiruvananthapuram",MBBS,SM,1,mbbs_p1_final.pdf
2025,1,93,143,GN,,KKM,"Govt. Medical College, Kozhikkode",MBBS,SM,1,mbbs_p1_final.pdf
2025,1,94,144,EW,,KKM,"Govt. Medical College, Kozhikkode",MBBS,SM,1,mbbs_p1_final.pdf
2025,1,95,145,LA,,TVM,"Govt. Medical College, Thiruvananthapuram",MBBS,SM,1,mbbs_p1_final.pdf
2025,1,96,146,EZ,,KKM,"Govt. Medical College, Kozhikkode",MBBS,SM,1,mbbs_p1_final.pdf
2025,1,97,147,MU,,KKM,"Govt. Medical College, Kozhikkode",MBBS,SM,1,mbbs_p1_final.pdf
2025,1,98,148,MU,,KKM,"Govt. Medical College, Kozhikkode",MBBS,SM,1,mbbs_p1_final.pdf
2025,1,99,150,EZ,,KKM,"Govt. Medical College, Kozhikkode",MBBS,SM,1,mbbs_p1_final.pdf
2025,1,100,151,VK,,KKM,"Govt. Medical College, Kozhikkode",MBBS,SM,1,mbbs_p1_final.pdf
2025,1,101,152,MU,,KKM,"Govt. Medical College, Kozhikkode",MBBS,SM,1,mbbs_p1_final.pdf
2025,1,102,153,MU,,KKM,"Govt. Medical College, Kozhikkode",MBBS,SM,1,mbbs_p1_final.pdf
2025,1,103,154,MU,,KKM,"Govt. Medical College, Kozhikkode",MBBS,SM,1,mbbs_p1_final.pdf
2025,1,104,155,LA,,KKM,"Govt. Medical College, Kozhikkode",MBBS,SM,1,mbbs_p1_final.pdf
2025,1,105,156,GN,,KKM,"Govt. Medical College, Kozhikkode",MBBS,SM,1,mbbs_p1_final.pdf
2025,1,106,157,GN,,TVM,"Govt. Medical College, Thiruvananthapuram",MBBS,SM,1,mbbs_p1_final.pdf
2025,1,107,158,MU,,KKM,"Govt. Medical College, Kozhikkode",MBBS,SM,1,mbbs_p1_final.pdf
2025,1,108,159,GN,,TCM,"Govt. Medical College, Thrissur",MBBS,SM,1,mbbs_p1_final.pdf
2025,1,109,160,EZ,,KKM,"Govt. Medical College, Kozhikkode",MBBS,SM,1,mbbs_p1_final.pdf
2025,1,110,161,GN,,TVM,"Govt. Medical College, Thiruvananthapuram",MBBS,SM,1,mbbs_p1_final.pdf
2025,1,111,162,VK,,KKM,"Govt. Medical College, Kozhikkode",MBBS,SM,1,mbbs_p1_final.pdf
2025,1,112,163,MU,,KKM,"Govt. Medical College, Kozhikkode",MBBS,SM,1,mbbs_p1_final.pdf
2025,1,113,164,MU,,KKM,"Govt. Medical College, Kozhikkode",MBBS,SM,1,mbbs_p1_final.pdf
2025,1,114,165,MU,,KKM,"Govt. Medical College, Kozhikkode",MBBS,SM,1,mbbs_p1_final.pdf
2025,1,115,166,BX,,KKM,"Govt. Medical College, Kozhikkode",MBBS,SM,1,mbbs_p1_final.pdf
2025,1,116,167,EW,,KKM,"Govt. Medical College, Kozhikkode",MBBS,SM,1,mbbs_p1_final.pdf
2025,1,117,168,BH,,TCM,"Govt. Medical College, Thrissur",MBBS,SM,1,mbbs_p1_final.pdf
2025,1,118,169,MU,,KKM,"Govt. Medical College, Kozhikkode",MBBS,SM,1,mbbs_p1_final.pdf
2025,1,119,170,GN,,KTM,"Govt. Medical College, Kottayam",MBBS,SM,1,mbbs_p1_final.pdf
2025,1,120,171,MU,,KKM,"Govt. Medical College, Kozhikkode",MBBS,SM,1,mbbs_p1_final.pdf
2025,1,121,172,SC,,KKM,"Govt. Medical College, Kozhikkode",MBBS,SM,1,mbbs_p1_final.pdf
2025,1,122,173,GN,,KKM,"Govt. Medical College, Kozhikkode",MBBS,SM,1,mbbs_p1_final.pdf
2025,1,123,174,MU,,KTM,"Govt. Medical College, Kottayam",MBBS,SM,1,mbbs_p1_final.pdf
2025,1,124,175,GN,,KKM,"Govt. Medical College, Kozhikkode",MBBS,SM,1,mbbs_p1_final.pdf
2025,1,125,176,EZ,,KKM,"Govt. Medical College, Kozhikkode",MBBS,SM,1,mbbs_p1_final.pdf
2025,1,126,177,MU,,KKM,"Govt. Medical College, Kozhikkode",MBBS,SM,1,mbbs_p1_final.pdf
2025,1,127,178,GN,,KKM,"Govt. Medical College, Kozhikkode",MBBS,SM,1,mbbs_p1_final.pdf
2025,1,128,179,MU,,KKM,"Govt. Medical College, Kozhikkode",MBBS,SM,1,mbbs_p1_final.pdf
2025,1,129,180,BH,,TVM,"Govt. Medical College, Thiruvananthapuram",MBBS,SM,1,mbbs_p1_final.pdf
2025,1,130,181,EZ,,KKM,"Govt. Medical College, Kozhikkode",MBBS,SM,1,mbbs_p1_final.pdf
2025,1,131,182,GN,,KKM,"Govt. Medical College, Kozhikkode",MBBS,SM,1,mbbs_p1_final.pdf
2025,1,132,183,GN,,KKM,"Govt. Medical College, Kozhikkode",MBBS,SM,1,mbbs_p1_final.pdf
2025,1,133,184,EZ,,KKM,"Govt. Medical College, Kozhikkode",MBBS,SM-EZ,1,mbbs_p1_final.pdf
2025,1,134,185,BH,,KKM,"Govt. Medical College, Kozhikkode",MBBS,SM-BH,1,mbbs_p1_final.pdf
2025,1,135,186,MU,,KKM,"Govt. Medical College, Kozhikkode",MBBS,SM-MU,1,mbbs_p1_final.pdf
2025,1,136,187,EW,,KKM,"Govt. Medical College, Kozhikkode",MBBS,SM-EW,1,mbbs_p1_final.pdf
2025,1,137,188,EZ,,KKM,"Govt. Medical College, Kozhikkode",MBBS,SM-EZ,1,mbbs_p1_final.pdf
2025,1,138,189,MU,,KKM,"Govt. Medical College, Kozhikkode",MBBS,SM-MU,1,mbbs_p1_final.pdf
2025,1,139,190,GN,,TVM,"Govt. Medical College, Thiruvananthapuram",MBBS,SM,2,mbbs_p1_final.pdf
2025,1,140,191,MU,,KKM,"Govt. Medical College, Kozhikkode",MBBS,SM-MU,1,mbbs_p1_final.pdf
2025,1,141,192,EW,,TVM,"Govt. Medical College, Thiruvananthapuram",MBBS,SM,1,mbbs_p1_final.pdf
2025,1,142,193,GN,,TVM,"Govt. Medical College, Thiruvananthapuram",MBBS,SM,2,mbbs_p1_final.pdf
2025,1,143,194,LA,,KKM,"Govt. Medical College, Kozhikkode",MBBS,SM-LA,1,mbbs_p1_final.pdf
2025,1,144,195,GN,,KTM,"Govt. Medical College, Kottayam",MBBS,SM,1,mbbs_p1_final.pdf
2025,1,145,196,EW,,TVM,"Govt. Medical College, Thiruvananthapuram",MBBS,SM,1,mbbs_p1_final.pdf
2025,1,146,197,GN,,KTM,"Govt. Medical College, Kottayam",MBBS,SM,2,mbbs_p1_final.pdf
2025,1,147,198,GN,,KTM,"Govt. Medical College, Kottayam",MBBS,SM,2,mbbs_p1_final.pdf
2025,1,148,199,MU,,KKM,"Govt. Medical College, Kozhikkode",MBBS,SM-MU,1,mbbs_p1_final.pdf
2025,1,149,200,GN,,TVM,"Govt. Medical College, Thiruvananthapuram",MBBS,SM,1,mbbs_p1_final.pdf
2025,1,150,201,GN,,KKM,"Govt. Medical College, Kozhikkode",MBBS,XS,1,mbbs_p1_final.pdf
2025,1,151,202,EZ,,TVM,"Govt. Medical College, Thiruvananthapuram",MBBS,SM,1,mbbs_p1_final.pdf
2025,1,152,203,MU,,KKM,"Govt. Medical College, Kozhikkode",MBBS,SM-MU,1,mbbs_p1_final.pdf
2025,1,153,204,MU,,KKM,"Govt. Medical College, Kozhikkode",MBBS,SM-MU,1,mbbs_p1_final.pdf
2025,1,154,205,MU,,KKM,"Govt. Medical College, Kozhikkode",MBBS,SM-MU,1,mbbs_p1_final.pdf
2025,1,155,206,GN,,TVM,"Govt. Medical College, Thiruvananthapuram",MBBS,SM,2,mbbs_p1_final.pdf
2025,1,156,207,GN,,KTM,"Govt. Medical College, Kottayam",MBBS,SM,2,mbbs_p1_final.pdf
2025,1,157,208,EZ,,TVM,"Govt. Medical College, Thiruvananthapuram",MBBS,SM,1,mbbs_p1_final.pdf
2025,1,158,209,EZ,,TVM,"Govt. Medical College, Thiruvananthapuram",MBBS,SM,1,mbbs_p1_final.pdf
2025,1,159,210,GN,,TVM,"Govt. Medical College, Thiruvananthapuram",MBBS,SM,1,mbbs_p1_final.pdf
2025,1,160,211,GN,,TVM,"Govt. Medical College, Thiruvananthapuram",MBBS,SM,2,mbbs_p1_final.pdf
2025,1,161,212,MU,,TVM,"Govt. Medical College, Thiruvananthapuram",MBBS,SM,1,mbbs_p1_final.pdf
2025,1,162,213,EZ,,TVM,"Govt. Medical College, Thiruvananthapuram",MBBS,SM,1,mbbs_p1_final.pdf
2025,1,163,214,GN,,TVM,"Govt. Medical College, Thiruvananthapuram",MBBS,SM,1,mbbs_p1_final.pdf
2025,1,164,215,EZ,,KKM,"Govt. Medical College, Kozhikkode",MBBS,SM-EZ,1,mbbs_p1_final.pdf
2025,1,165,216,GN,,TVM,"Govt. Medical College, Thiruvananthapuram",MBBS,SM,2,mbbs_p1_final.pdf
2025,1,166,217,GN,,TVM,"Govt. Medical College, Thiruvananthapuram",MBBS,SM,2,mbbs_p1_final.pdf
2025,1,167,218,MU,,KKM,"Govt. Medical College, Kozhikkode",MBBS,SM-MU,1,mbbs_p1_final.pdf
2025,1,168,219,MU,,KKM,"Govt. Medical College, Kozhikkode",MBBS,SM-MU,1,mbbs_p1_final.pdf
2025,1,169,220,MU,,KKM,"Govt. Medical College, Kozhikkode",MBBS,SM-MU,1,mbbs_p1_final.pdf
2025,1,170,221,MU,,KKM,"Govt. Medical College, Kozhikkode",MBBS,SM-MU,1,mbbs_p1_final.pdf
2025,1,171,222,GN,,TVM,"Govt. Medical College, Thiruvananthapuram",MBBS,SM,2,mbbs_p1_final.pdf
2025,1,172,223,GN,,TVM,"Govt. Medical College, Thiruvananthapuram",MBBS,SM,1,mbbs_p1_final.pdf
2025,1,173,224,LA,,TVM,"Govt. Medical College, Thiruvananthapuram",MBBS,SM,1,mbbs_p1_final.pdf
2025,1,174,225,EZ,,TVM,"Govt. Medical College, Thiruvananthapuram",MBBS,SM,1,mbbs_p1_final.pdf
2025,1,175,226,EZ,,KKM,"Govt. Medical College, Kozhikkode",MBBS,SM-EZ,1,mbbs_p1_final.pdf
2025,1,176,227,MU,,KKM,"Govt. Medical College, Kozhikkode",MBBS,SM-MU,1,mbbs_p1_final.pdf
2025,1,177,228,GN,,MLP,"Govt. Medical College, Manjeri",MBBS,SM,2,mbbs_p1_final.pdf
2025,1,178,229,GN,,TVM,"Govt. Medical College, Thiruvananthapuram",MBBS,SM,2,mbbs_p1_final.pdf
2025,1,179,230,GN,,TVM,"Govt. Medical College, Thiruvananthapuram",MBBS,SM,2,mbbs_p1_final.pdf
2025,1,180,231,MU,,KKM,"Govt. Medical College, Kozhikkode",MBBS,SM-MU,1,mbbs_p1_final.pdf
2025,1,181,232,EZ,,KKM,"Govt. Medical College, Kozhikkode",MBBS,SM-EZ,1,mbbs_p1_final.pdf
2025,1,182,233,MU,,KKM,"Govt. Medical College, Kozhikkode",MBBS,SM-MU,1,mbbs_p1_final.pdf
2025,1,183,234,EZ,,KKM,"Govt. Medical College, Kozhikkode",MBBS,SM-EZ,1,mbbs_p1_final.pdf
2025,1,184,235,GN,,TVM,"Govt. Medical College, Thiruvananthapuram",MBBS,SM,1,mbbs_p1_final.pdf
2025,1,185,236,GN,,TVM,"Govt. Medical College, Thiruvananthapuram",MBBS,SM,2,mbbs_p1_final.pdf
2025,1,186,237,GN,,TVM,"Govt. Medical College, Thiruvananthapuram",MBBS,SM,2,mbbs_p1_final.pdf
2025,1,187,238,GN,,KTM,"Govt. Medical College, Kottayam",MBBS,SM,1,mbbs_p1_final.pdf
2025,1,188,239,MU,,KKM,"Govt. Medical College, Kozhikkode",MBBS,SM-MU,1,mbbs_p1_final.pdf
2025,1,189,240,MU,,TVM,"Govt. Medical College, Thiruvananthapuram",MBBS,SM,1,mbbs_p1_final.pdf
2025,1,190,241,GN,,KTM,"Govt. Medical College, Kottayam",MBBS,SM,1,mbbs_p1_final.pdf
2025,1,191,242,BH,,KKM,"Govt. Medical College, Kozhikkode",MBBS,SM-BH,1,mbbs_p1_final.pdf
2025,1,192,243,MU,,TVM,"Govt. Medical College, Thiruvananthapuram",MBBS,SM,2,mbbs_p1_final.pdf
2025,1,193,244,GN,,TVM,"Govt. Medical College, Thiruvananthapuram",MBBS,SM,1,mbbs_p1_final.pdf
2025,1,194,245,GN,,TCM,"Govt. Medical College, Thrissur",MBBS,SM,1,mbbs_p1_final.pdf
2025,1,195,246,MU,,TVM,"Govt. Medical College, Thiruvananthapuram",MBBS,SM,2,mbbs_p1_final.pdf
2025,1,196,247,MU,,TVM,"Govt. Medical College, Thiruvananthapuram",MBBS,SM,2,mbbs_p1_final.pdf
2025,1,197,248,GN,,TCM,"Govt. Medical College, Thrissur",MBBS,SM,1,mbbs_p1_final.pdf
2025,1,198,249,MU,,TVM,"Govt. Medical College, Thiruvananthapuram",MBBS,SM,2,mbbs_p1_final.pdf
2025,1,199,250,MU,,TVM,"Govt. Medical College, Thiruvananthapuram",MBBS,SM,1,mbbs_p1_final.pdf
2025,1,200,251,GN,,TVM,"Govt. Medical College, Thiruvananthapuram",MBBS,SM,1,mbbs_p1_final.pdf
2025,1,201,252,MU,,TVM,"Govt. Medical College, Thiruvananthapuram",MBBS,SM,2,mbbs_p1_final.pdf
2025,1,202,253,EZ,,TVM,"Govt. Medical College, Thiruvananthapuram",MBBS,SM,1,mbbs_p1_final.pdf
2025,1,203,254,MU,,TCM,"Govt. Medical College, Thrissur",MBBS,SM,2,mbbs_p1_final.pdf
2025,1,204,255,MU,,TVM,"Govt. Medical College, Thiruvananthapuram",MBBS,SM,2,mbbs_p1_final.pdf
2025,1,205,256,MU,,TVM,"Govt. Medical College, Thiruvananthapuram",MBBS,SM,2,mbbs_p1_final.pdf
2025,1,206,257,GN,,TCM,"Govt. Medical College, Thrissur",MBBS,SM,2,mbbs_p1_final.pdf
2025,1,207,258,EZ,,KKM,"Govt. Medical College, Kozhikkode",MBBS,SM-EZ,1,mbbs_p1_final.pdf
2025,1,208,259,MU,,TCM,"Govt. Medical College, Thrissur",MBBS,SM,2,mbbs_p1_final.pdf
2025,1,209,260,MU,,TVM,"Govt. Medical College, Thiruvananthapuram",MBBS,SM,2,mbbs_p1_final.pdf
2025,1,210,261,MU,,MLP,"Govt. Medical College, Manjeri",MBBS,SM,2,mbbs_p1_final.pdf
2025,1,211,262,EZ,,KKM,"Govt. Medical College, Kozhikkode",MBBS,SM-EZ,1,mbbs_p1_final.pdf
2025,1,212,263,MU,,TCM,"Govt. Medical College, Thrissur",MBBS,SM,2,mbbs_p1_final.pdf
2025,1,213,264,GN,,TVM,"Govt. Medical College, Thiruvananthapuram",MBBS,SM,2,mbbs_p1_final.pdf
2025,1,214,265,EZ,,TVM,"Govt. Medical College, Thiruvananthapuram",MBBS,SM,1,mbbs_p1_final.pdf
2025,1,215,266,GN,,TVM,"Govt. Medical College, Thiruvananthapuram",MBBS,SM,2,mbbs_p1_final.pdf
2025,1,216,267,EZ,,TVM,"Govt. Medical College, Thiruvananthapuram",MBBS,SM,1,mbbs_p1_final.pdf
2025,1,217,268,MU,,TVM,"Govt. Medical College, Thiruvananthapuram",MBBS,SM,2,mbbs_p1_final.pdf
2025,1,218,269,GN,,TVM,"Govt. Medical College, Thiruvananthapuram",MBBS,SM,1,mbbs_p1_final.pdf
2025,1,219,270,MU,,TVM,"Govt. Medical College, Thiruvananthapuram",MBBS,SM,2,mbbs_p1_final.pdf
2025,1,220,271,EZ,,KKM,"Govt. Medical College, Kozhikkode",MBBS,SM-EZ,1,mbbs_p1_final.pdf
2025,1,221,272,EW,,KKM,"Govt. Medical College, Kozhikkode",MBBS,SM-EW,1,mbbs_p1_final.pdf
2025,1,222,273,BX,,TVM,"Govt. Medical College, Thiruvananthapuram",MBBS,SM,1,mbbs_p1_final.pdf
2025,1,223,274,GN,,TVM,"Govt. Medical College, Thiruvananthapuram",MBBS,SM,1,mbbs_p1_final.pdf
2025,1,224,275,MU,,TVM,"Govt. Medical College, Thiruvananthapuram",MBBS,SM,1,mbbs_p1_final.pdf
2025,1,225,276,MU,,TVM,"Govt. Medical College, Thiruvananthapuram",MBBS,SM,2,mbbs_p1_final.pdf
2025,1,226,277,GN,,TCM,"Govt. Medical College, Thrissur",MBBS,SM,1,mbbs_p1_final.pdf
2025,1,227,278,GN,,TVM,"Govt. Medical College, Thiruvananthapuram",MBBS,SM,1,mbbs_p1_final.pdf
2025,1,228,279,EW,,TVM,"Govt. Medical College, Thiruvananthapuram",MBBS,SM,1,mbbs_p1_final.pdf
2025,1,229,280,MU,,TCM,"Govt. Medical College, Thrissur",MBBS,SM,2,mbbs_p1_final.pdf
2025,1,230,281,MU,,TCM,"Govt. Medical College, Thrissur",MBBS,SM,2,mbbs_p1_final.pdf
2025,1,231,282,GN,,TVM,"Govt. Medical College, Thiruvananthapuram",MBBS,SM,2,mbbs_p1_final.pdf
2025,1,232,283,EW,,KKM,"Govt. Medical College, Kozhikkode",MBBS,SM-EW,1,mbbs_p1_final.pdf
2025,1,233,284,MU,,TCM,"Govt. Medical College, Thrissur",MBBS,SM,2,mbbs_p1_final.pdf
2025,1,234,285,GN,,KTM,"Govt. Medical College, Kottayam",MBBS,SM,1,mbbs_p1_final.pdf
2025,1,235,286,GN,,TVM,"Govt. Medical College, Thiruvananthapuram",MBBS,SM,2,mbbs_p1_final.pdf
2025,1,236,288,VK,,TVM,"Govt. Medical College, Thiruvananthapuram",MBBS,SM,1,mbbs_p1_final.pdf
2025,1,237,289,MU,,TVM,"Govt. Medical College, Thiruvananthapuram",MBBS,SM,2,mbbs_p1_final.pdf
2025,1,238,290,EZ,,KKM,"Govt. Medical College, Kozhikkode",MBBS,SM-EZ,1,mbbs_p1_final.pdf
2025,1,239,291,VK,,KKM,"Govt. Medical College, Kozhikkode",MBBS,SM-VK,1,mbbs_p1_final.pdf
2025,1,240,293,MU,,TVM,"Govt. Medical College, Thiruvananthapuram",MBBS,SM,1,mbbs_p1_final.pdf
2025,1,241,294,MU,,TVM,"Govt. Medical College, Thiruvananthapuram",MBBS,SM,2,mbbs_p1_final.pdf
2025,1,242,295,GN,,TCM,"Govt. Medical College, Thrissur",MBBS,SM,2,mbbs_p1_final.pdf
2025,1,243,296,GN,,TVM,"Govt. Medical College, Thiruvananthapuram",MBBS,SM,1,mbbs_p1_final.pdf
2025,1,244,297,MU,,TVM,"Govt. Medical College, Thiruvananthapuram",MBBS,SM,2,mbbs_p1_final.pdf
2025,1,245,299,GN,,KTM,"Govt. Medical College, Kottayam",MBBS,SM,1,mbbs_p1_final.pdf
2025,1,246,300,EZ,,TVM,"Govt. Medical College, Thiruvananthapuram",MBBS,SM,1,mbbs_p1_final.pdf
2025,1,247,301,MU,,TVM,"Govt. Medical College, Thiruvananthapuram",MBBS,SM,2,mbbs_p1_final.pdf
2025,1,248,302,GN,,TCM,"Govt. Medical College, Thrissur",MBBS,SM,1,mbbs_p1_final.pdf
2025,1,249,303,EW,,TVM,"Govt. Medical College, Thiruvananthapuram",MBBS,SM,1,mbbs_p1_final.pdf
2025,1,250,305,MU,,TVM,"Govt. Medical College, Thiruvananthapuram",MBBS,SM,2,mbbs_p1_final.pdf
2025,1,251,306,MU,,TVM,"Govt. Medical College, Thiruvananthapuram",MBBS,SM,2,mbbs_p1_final.pdf
2025,1,252,307,MU,,TVM,"Govt. Medical College, Thiruvananthapuram",MBBS,SM,2,mbbs_p1_final.pdf
2025,1,253,308,GN,,TVM,"Govt. Medical College, Thiruvananthapuram",MBBS,SM,2,mbbs_p1_final.pdf
2025,1,254,309,EZ,,TVM,"Govt. Medical College, Thiruvananthapuram",MBBS,SM-EZ,1,mbbs_p1_final.pdf
2025,1,255,310,EZ,,TVM,"Govt. Medical College, Thiruvananthapuram",MBBS,SM-EZ,1,mbbs_p1_final.pdf
2025,1,256,311,MU,,TVM,"Govt. Medical College, Thiruvananthapuram",MBBS,SM-MU,2,mbbs_p1_final.pdf
2025,1,257,312,MU,,TVM,"Govt. Medical College, Thiruvananthapuram",MBBS,SM-MU,2,mbbs_p1_final.pdf
2025,1,258,313,MU,,TVM,"Govt. Medical College, Thiruvananthapuram",MBBS,SM-MU,2,mbbs_p1_final.pdf
2025,1,259,314,MU,,TVM,"Govt. Medical College, Thiruvananthapuram",MBBS,SM-MU,1,mbbs_p1_final.pdf
2025,1,260,315,EZ,,TVM,"Govt. Medical College, Thiruvananthapuram",MBBS,SM-EZ,1,mbbs_p1_final.pdf
2025,1,261,316,MU,,TVM,"Govt. Medical College, Thiruvananthapuram",MBBS,SM-MU,2,mbbs_p1_final.pdf
2025,1,262,317,SC,,KKM,"Govt. Medical College, Kozhikkode",MBBS,SM-SC,1,mbbs_p1_final.pdf
2025,1,263,318,EZ,,TVM,"Govt. Medical College, Thiruvananthapuram",MBBS,SM-EZ,1,mbbs_p1_final.pdf
2025,1,264,319,MU,,TVM,"Govt. Medical College, Thiruvananthapuram",MBBS,SM-MU,2,mbbs_p1_final.pdf
2025,1,265,320,GN,,TCM,"Govt. Medical College, Thrissur",MBBS,SM,1,mbbs_p1_final.pdf
2025,1,266,321,MU,,TCM,"Govt. Medical College, Thrissur",MBBS,SM,1,mbbs_p1_final.pdf
2025,1,267,322,EZ,,TCM,"Govt. Medical College, Thrissur",MBBS,SM,1,mbbs_p1_final.pdf
2025,1,268,323,EW,,KTM,"Govt. Medical College, Kottayam",MBBS,SM,1,mbbs_p1_final.pdf
2025,1,269,324,MU,,TVM,"Govt. Medical College, Thiruvananthapuram",MBBS,SM-MU,2,mbbs_p1_final.pdf
2025,1,270,325,GN,,KTM,"Govt. Medical College, Kottayam",MBBS,SM,1,mbbs_p1_final.pdf
2025,1,271,326,MU,,TVM,"Govt. Medical College, Thiruvananthapuram",MBBS,SM-MU,2,mbbs_p1_final.pdf
2025,1,272,327,EZ,,KKM,"Govt. Medical College, Kozhikkode",MBBS,SM-EZ,1,mbbs_p1_final.pdf
2025,1,273,328,EW,,KKM,"Govt. Medical College, Kozhikkode",MBBS,SM-EW,1,mbbs_p1_final.pdf
2025,1,274,329,MU,,TCM,"Govt. Medical College, Thrissur",MBBS,SM,2,mbbs_p1_final.pdf
2025,1,275,330,MU,,TVM,"Govt. Medical College, Thiruvananthapuram",MBBS,SM-MU,2,mbbs_p1_final.pdf
2025,1,276,331,MU,,TVM,"Govt. Medical College, Thiruvananthapuram",MBBS,SM-MU,2,mbbs_p1_final.pdf
2025,1,277,332,GN,,KTM,"Govt. Medical College, Kottayam",MBBS,SM,2,mbbs_p1_final.pdf
2025,1,278,333,MU,,TCM,"Govt. Medical College, Thrissur",MBBS,SM,2,mbbs_p1_final.pdf
2025,1,279,334,GN,,TCM,"Govt. Medical College, Thrissur",MBBS,SM,1,mbbs_p1_final.pdf
2025,1,280,335,EZ,,KKM,"Govt. Medical College, Kozhikkode",MBBS,SM-EZ,1,mbbs_p1_final.pdf
2025,1,281,336,MU,,TVM,"Govt. Medical College, Thiruvananthapuram",MBBS,SM-MU,2,mbbs_p1_final.pdf
2025,1,282,337,MU,,TCM,"Govt. Medical College, Thrissur",MBBS,SM,2,mbbs_p1_final.pdf
2025,1,283,338,GN,,KTM,"Govt. Medical College, Kottayam",MBBS,SM,3,mbbs_p1_final.pdf
2025,1,284,339,EZ,,KKM,"Govt. Medical College, Kozhikkode",MBBS,SM-EZ,1,mbbs_p1_final.pdf
2025,1,285,340,GN,,KTM,"Govt. Medical College, Kottayam",MBBS,SM,2,mbbs_p1_final.pdf
2025,1,286,341,MU,,TVM,"Govt. Medical College, Thiruvananthapuram",MBBS,SM-MU,2,mbbs_p1_final.pdf
2025,1,287,342,MU,,TCM,"Govt. Medical College, Thrissur",MBBS,SM,2,mbbs_p1_final.pdf
2025,1,288,343,MU,,TVM,"Govt. Medical College, Thiruvananthapuram",MBBS,SM-MU,2,mbbs_p1_final.pdf
2025,1,289,344,EZ,,KKM,"Govt. Medical College, Kozhikkode",MBBS,SM-EZ,1,mbbs_p1_final.pdf
2025,1,290,345,MU,,TVM,"Govt. Medical College, Thiruvananthapuram",MBBS,SM-MU,2,mbbs_p1_final.pdf
2025,1,291,346,EZ,,KKM,"Govt. Medical College, Kozhikkode",MBBS,SM-EZ,1,mbbs_p1_final.pdf
2025,1,292,347,MU,,TVM,"Govt. Medical College, Thiruvananthapuram",MBBS,SM-MU,2,mbbs_p1_final.pdf
2025,1,293,348,GN,,KTM,"Govt. Medical College, Kottayam",MBBS,SM,3,mbbs_p1_final.pdf
2025,1,294,349,MU,,TCM,"Govt. Medical College, Thrissur",MBBS,SM,3,mbbs_p1_final.pdf
2025,1,295,350,MU,,KTM,"Govt. Medical College, Kottayam",MBBS,SM,3,mbbs_p1_final.pdf
2025,1,296,351,MU,,TCM,"Govt. Medical College, Thrissur",MBBS,SM,2,mbbs_p1_final.pdf
2025,1,297,352,GN,,KTM,"Govt. Medical College, Kottayam",MBBS,SM,3,mbbs_p1_final.pdf
2025,1,298,353,MU,,TCM,"Govt. Medical College, Thrissur",MBBS,SM,3,mbbs_p1_final.pdf
2025,1,299,354,GN,,TCM,"Govt. Medical College, Thrissur",MBBS,SM,2,mbbs_p1_final.pdf
2025,1,300,355,MU,,KTM,"Govt. Medical College, Kottayam",MBBS,SM,3,mbbs_p1_final.pdf
2025,1,301,356,GN,,TCM,"Govt. Medical College, Thrissur",MBBS,SM,2,mbbs_p1_final.pdf
2025,1,302,357,GN,,ALP,"T D Govt. Medical College, Alappuzha",MBBS,SM,2,mbbs_p1_final.pdf
2025,1,303,358,MU,,TCM,"Govt. Medical College, Thrissur",MBBS,SM,2,mbbs_p1_final.pdf
2025,1,304,359,LA,,KKM,"Govt. Medical College, Kozhikkode",MBBS,SM-LA,1,mbbs_p1_final.pdf
2025,1,305,361,MU,,TCM,"Govt. Medical College, Thrissur",MBBS,SM,3,mbbs_p1_final.pdf
2025,1,306,362,GN,,TVM,"Govt. Medical College, Thiruvananthapuram",MBBS,XS,2,mbbs_p1_final.pdf
2025,1,307,363,EZ,,KKM,"Govt. Medical College, Kozhikkode",MBBS,SM-EZ,1,mbbs_p1_final.pdf
2025,1,308,364,MU,,TCM,"Govt. Medical College, Thrissur",MBBS,SM,3,mbbs_p1_final.pdf
2025,1,309,365,GN,,KTM,"Govt. Medical College, Kottayam",MBBS,SM,3,mbbs_p1_final.pdf
2025,1,310,366,EZ,,ALP,"T D Govt. Medical College, Alappuzha",MBBS,SM,1,mbbs_p1_final.pdf
2025,1,311,367,GN,,KTM,"Govt. Medical College, Kottayam",MBBS,SM,3,mbbs_p1_final.pdf
2025,1,312,369,MU,,TCM,"Govt. Medical College, Thrissur",MBBS,SM,3,mbbs_p1_final.pdf
2025,1,313,370,MU,,TCM,"Govt. Medical College, Thrissur",MBBS,SM,3,mbbs_p1_final.pdf
2025,1,314,371,EZ,,KKM,"Govt. Medical College, Kozhikkode",MBBS,SM-EZ,1,mbbs_p1_final.pdf
2025,1,315,372,GN,,KTM,"Govt. Medical College, Kottayam",MBBS,SM,3,mbbs_p1_final.pdf
2025,1,316,373,MU,,TCM,"Govt. Medical College, Thrissur",MBBS,SM,3,mbbs_p1_final.pdf
2025,1,317,374,MU,,TCM,"Govt. Medical College, Thrissur",MBBS,SM,3,mbbs_p1_final.pdf
2025,1,318,375,GN,,KTM,"Govt. Medical College, Kottayam",MBBS,SM,3,mbbs_p1_final.pdf
2025,1,319,376,GN,,ALP,"T D Govt. Medical College, Alappuzha",MBBS,SM,2,mbbs_p1_final.pdf
2025,1,320,377,MU,,KNM,Government Medical College Kannur,MBBS,SM,2,mbbs_p1_final.pdf
2025,1,321,378,GN,,KTM,"Govt. Medical College, Kottayam",MBBS,SM,2,mbbs_p1_final.pdf
2025,1,322,379,MU,,TCM,"Govt. Medical College, Thrissur",MBBS,SM,2,mbbs_p1_final.pdf
2025,1,323,380,MU,,KTM,"Govt. Medical College, Kottayam",MBBS,SM,3,mbbs_p1_final.pdf
2025,1,324,381,MU,,TCM,"Govt. Medical College, Thrissur",MBBS,SM,2,mbbs_p1_final.pdf
2025,1,325,382,EZ,,TVM,"Govt. Medical College, Thiruvananthapuram",MBBS,SM-EZ,1,mbbs_p1_final.pdf
2025,1,326,383,GN,,TCM,"Govt. Medical College, Thrissur",MBBS,SM,1,mbbs_p1_final.pdf
2025,1,327,384,MU,,TCM,"Govt. Medical College, Thrissur",MBBS,SM,2,mbbs_p1_final.pdf
2025,1,328,385,MU,,TCM,"Govt. Medical College, Thrissur",MBBS,SM,3,mbbs_p1_final.pdf
2025,1,329,386,MU,,TCM,"Govt. Medical College, Thrissur",MBBS,SM,2,mbbs_p1_final.pdf
2025,1,330,387,EZ,,TVM,"Govt. Medical College, Thiruvananthapuram",MBBS,SM-EZ,1,mbbs_p1_final.pdf
2025,1,331,388,MU,,KTM,"Govt. Medical College, Kottayam",MBBS,SM,2,mbbs_p1_final.pdf
2025,1,332,389,MU,,TCM,"Govt. Medical College, Thrissur",MBBS,SM,3,mbbs_p1_final.pdf
2025,1,333,390,MU,,TCM,"Govt. Medical College, Thrissur",MBBS,SM,2,mbbs_p1_final.pdf
2025,1,334,391,EW,,TVM,"Govt. Medical College, Thiruvananthapuram",MBBS,SM-EW,1,mbbs_p1_final.pdf
2025,1,335,392,EZ,,TVM,"Govt. Medical College, Thiruvananthapuram",MBBS,SM-EZ,2,mbbs_p1_final.pdf
2025,1,336,393,MU,,TCM,"Govt. Medical College, Thrissur",MBBS,SM,3,mbbs_p1_final.pdf
2025,1,337,394,GN,,KTM,"Govt. Medical College, Kottayam",MBBS,SM,3,mbbs_p1_final.pdf
2025,1,338,395,MU,,KTM,"Govt. Medical College, Kottayam",MBBS,SM,3,mbbs_p1_final.pdf
2025,1,339,396,GN,,KTM,"Govt. Medical College, Kottayam",MBBS,SM,2,mbbs_p1_final.pdf
2025,1,340,397,MU,,TCM,"Govt. Medical College, Thrissur",MBBS,SM,3,mbbs_p1_final.pdf
2025,1,341,398,MU,,KTM,"Govt. Medical College, Kottayam",MBBS,SM,3,mbbs_p1_final.pdf
2025,1,342,399,MU,,MLP,"Govt. Medical College, Manjeri",MBBS,SM,2,mbbs_p1_final.pdf
2025,1,343,400,MU,,KTM,"Govt. Medical College, Kottayam",MBBS,SM,3,mbbs_p1_final.pdf
2025,1,344,401,LA,,TVM,"Govt. Medical College, Thiruvananthapuram",MBBS,SM-LA,1,mbbs_p1_final.pdf
2025,1,345,402,EZ,,TVM,"Govt. Medical College, Thiruvananthapuram",MBBS,SM-EZ,2,mbbs_p1_final.pdf
2025,1,346,403,GN,,TCM,"Govt. Medical College, Thrissur",MBBS,SM,2,mbbs_p1_final.pdf
2025,1,347,404,MU,,KTM,"Govt. Medical College, Kottayam",MBBS,SM,3,mbbs_p1_final.pdf
2025,1,348,405,MU,,TCM,"Govt. Medical College, Thrissur",MBBS,SM,3,mbbs_p1_final.pdf
2025,1,349,406,GN,,KTM,"Govt. Medical College, Kottayam",MBBS,SM,2,mbbs_p1_final.pdf
2025,1,350,407,BH,,KKM,"Govt. Medical College, Kozhikkode",MBBS,SM-BH,1,mbbs_p1_final.pdf
2025,1,351,408,GN,,KTM,"Govt. Medical College, Kottayam",MBBS,SM,3,mbbs_p1_final.pdf
2025,1,352,409,BH,,TVM,"Govt. Medical College, Thiruvananthapuram",MBBS,SM-BH,1,mbbs_p1_final.pdf
2025,1,353,410,GN,,TCM,"Govt. Medical College, Thrissur",MBBS,SM,3,mbbs_p1_final.pdf
2025,1,354,411,MU,,TCM,"Govt. Medical College, Thrissur",MBBS,SM,3,mbbs_p1_final.pdf
2025,1,355,412,BH,,KKM,"Govt. Medical College, Kozhikkode",MBBS,SM-BH,1,mbbs_p1_final.pdf
2025,1,356,413,GN,,KTM,"Govt. Medical College, Kottayam",MBBS,SM,3,mbbs_p1_final.pdf
2025,1,357,414,MU,,TCM,"Govt. Medical College, Thrissur",MBBS,SM,3,mbbs_p1_final.pdf
2025,1,358,415,SC,,KKM,"Govt. Medical College, Kozhikkode",MBBS,SM-SC,1,mbbs_p1_final.pdf
2025,1,359,416,EZ,,TCM,"Govt. Medical College, Thrissur",MBBS,SM,2,mbbs_p1_final.pdf
2025,1,360,417,GN,,ALP,"T D Govt. Medical College, Alappuzha",MBBS,SM,2,mbbs_p1_final.pdf
2025,1,361,418,GN,,KTM,"Govt. Medical College, Kottayam",MBBS,SM,2,mbbs_p1_final.pdf
2025,1,362,419,EZ,,TVM,"Govt. Medical College, Thiruvananthapuram",MBBS,SM-EZ,2,mbbs_p1_final.pdf
2025,1,363,420,MU,,TCM,"Govt. Medical College, Thrissur",MBBS,SM,3,mbbs_p1_final.pdf
2025,1,364,421,EZ,,KTM,"Govt. Medical College, Kottayam",MBBS,SM,1,mbbs_p1_final.pdf
2025,1,365,422,EZ,,TCM,"Govt. Medical College, Thrissur",MBBS,SM,2,mbbs_p1_final.pdf
2025,1,366,423,SC,,KKM,"Govt. Medical College, Kozhikkode",MBBS,SM-SC,1,mbbs_p1_final.pdf
2025,1,367,424,GN,,KTM,"Govt. Medical College, Kottayam",MBBS,SM,3,mbbs_p1_final.pdf
2025,1,368,425,MU,,KTM,"Govt. Medical College, Kottayam",MBBS,SM,3,mbbs_p1_final.pdf
2025,1,369,426,EW,,KKM,"Govt. Medical College, Kozhikkode",MBBS,SM-EW,1,mbbs_p1_final.pdf
2025,1,370,427,MU,,MLP,"Govt. Medical College, Manjeri",MBBS,SM,3,mbbs_p1_final.pdf
2025,1,371,428,MU,,TCM,"Govt. Medical College, Thrissur",MBBS,SM,2,mbbs_p1_final.pdf
2025,1,372,429,EW,,TVM,"Govt. Medical College, Thiruvananthapuram",MBBS,SM-EW,1,mbbs_p1_final.pdf
2025,1,373,430,GN,,KTM,"Govt. Medical College, Kottayam",MBBS,SM,3,mbbs_p1_final.pdf
2025,1,374,431,MU,,KTM,"Govt. Medical College, Kottayam",MBBS,SM,3,mbbs_p1_final.pdf
2025,1,375,432,EW,,KKM,"Govt. Medical College, Kozhikkode",MBBS,SM-EW,1,mbbs_p1_final.pdf
2025,1,376,433,GN,,KTM,"Govt. Medical College, Kottayam",MBBS,SM,2,mbbs_p1_final.pdf
2025,1,377,434,GN,,KTM,"Govt. Medical College, Kottayam",MBBS,SM,2,mbbs_p1_final.pdf
2025,1,378,435,GN,,KTM,"Govt. Medical College, Kottayam",MBBS,SM,3,mbbs_p1_final.pdf
2025,1,379,436,GN,,TCM,"Govt. Medical College, Thrissur",MBBS,SM,2,mbbs_p1_final.pdf
2025,1,380,437,MU,,TCM,"Govt. Medical College, Thrissur",MBBS,SM,2,mbbs_p1_final.pdf
2025,1,381,438,GN,,KKM,"Govt. Medical College, Kozhikkode",MBBS,SD,1,mbbs_p1_final.pdf
2025,1,382,439,GN,,KTM,"Govt. Medical College, Kottayam",MBBS,SM,2,mbbs_p1_final.pdf
2025,1,383,440,GN,,KTM,"Govt. Medical College, Kottayam",MBBS,SM,3,mbbs_p1_final.pdf
2025,1,384,441,GN,,KTM,"Govt. Medical College, Kottayam",MBBS,SM,3,mbbs_p1_final.pdf
2025,1,385,442,GN,,KTM,"Govt. Medical College, Kottayam",MBBS,SM,3,mbbs_p1_final.pdf
2025,1,386,443,LA,,TVM,"Govt. Medical College, Thiruvananthapuram",MBBS,SM-LA,1,mbbs_p1_final.pdf
2025,1,387,444,GN,,KTM,"Govt. Medical College, Kottayam",MBBS,SM,3,mbbs_p1_final.pdf
2025,1,388,445,MU,,TCM,"Govt. Medical College, Thrissur",MBBS,SM,3,mbbs_p1_final.pdf
2025,1,389,446,MU,,KTM,"Govt. Medical College, Kottayam",MBBS,SM,3,mbbs_p1_final.pdf
2025,1,390,447,EZ,,TVM,"Govt. Medical College, Thiruvananthapuram",MBBS,SM-EZ,1,mbbs_p1_final.pdf
2025,1,391,448,MU,,TCM,"Govt. Medical College, Thrissur",MBBS,SM,2,mbbs_p1_final.pdf
2025,1,392,449,MU,,TCM,"Govt. Medical College, Thrissur",MBBS,SM,3,mbbs_p1_final.pdf
2025,1,393,450,MU,,TCM,"Govt. Medical College, Thrissur",MBBS,SM,3,mbbs_p1_final.pdf
2025,1,394,451,GN,,KTM,"Govt. Medical College, Kottayam",MBBS,SM,1,mbbs_p1_final.pdf
2025,1,395,453,GN,,KTM,"Govt. Medical College, Kottayam",MBBS,SM,3,mbbs_p1_final.pdf
2025,1,396,454,BH,,TCM,"Govt. Medical College, Thrissur",MBBS,SM,1,mbbs_p1_final.pdf
2025,1,397,455,MU,,TCM,"Govt. Medical College, Thrissur",MBBS,SM,2,mbbs_p1_final.pdf
2025,1,398,456,GN,,KTM,"Govt. Medical College, Kottayam",MBBS,SM,3,mbbs_p1_final.pdf
2025,1,399,457,MU,,TCM,"Govt. Medical College, Thrissur",MBBS,SM,3,mbbs_p1_final.pdf
2025,1,400,458,BX,,TVM,"Govt. Medical College, Thiruvananthapuram",MBBS,SM-BX,1,mbbs_p1_final.pdf
2025,1,401,459,MU,,TCM,"Govt. Medical College, Thrissur",MBBS,SM,3,mbbs_p1_final.pdf
2025,1,402,460,MU,,TCM,"Govt. Medical College, Thrissur",MBBS,SM,3,mbbs_p1_final.pdf
2025,1,403,461,EZ,,ALP,"T D Govt. Medical College, Alappuzha",MBBS,SM,1,mbbs_p1_final.pdf
2025,1,404,462,EW,,KKM,"Govt. Medical College, Kozhikkode",MBBS,SM-EW,1,mbbs_p1_final.pdf
2025,1,405,463,EZ,,TVM,"Govt. Medical College, Thiruvananthapuram",MBBS,SM-EZ,1,mbbs_p1_final.pdf
2025,1,406,464,GN,,KTM,"Govt. Medical College, Kottayam",MBBS,SM,3,mbbs_p1_final.pdf
2025,1,407,465,MU,,KTM,"Govt. Medical College, Kottayam",MBBS,SM,3,mbbs_p1_final.pdf
2025,1,408,466,MU,,KTM,"Govt. Medical College, Kottayam",MBBS,SM,3,mbbs_p1_final.pdf
2025,1,409,467,MU,,KTM,"Govt. Medical College, Kottayam",MBBS,SM,3,mbbs_p1_final.pdf
2025,1,410,468,GN,,KTM,"Govt. Medical College, Kottayam",MBBS,SM,3,mbbs_p1_final.pdf
2025,1,411,469,MU,,TCM,"Govt. Medical College, Thrissur",MBBS,SM-MU,2,mbbs_p1_final.pdf
2025,1,412,470,GN,,KTM,"Govt. Medical College, Kottayam",MBBS,SM,4,mbbs_p1_final.pdf
2025,1,413,471,EZ,,TCM,"Govt. Medical College, Thrissur",MBBS,SM-EZ,1,mbbs_p1_final.pdf
2025,1,414,472,GN,,KTM,"Govt. Medical College, Kottayam",MBBS,SM,1,mbbs_p1_final.pdf
2025,1,415,473,MU,,KTM,"Govt. Medical College, Kottayam",MBBS,SM,3,mbbs_p1_final.pdf
2025,1,416,474,EZ,,TVM,"Govt. Medical College, Thiruvananthapuram",MBBS,SM-EZ,1,mbbs_p1_final.pdf
2025,1,417,475,EZ,,TVM,"Govt. Medical College, Thiruvananthapuram",MBBS,SM-EZ,2,mbbs_p1_final.pdf
2025,1,418,476,BH,,TVM,"Govt. Medical College, Thiruvananthapuram",MBBS,SM-BH,1,mbbs_p1_final.pdf
2025,1,419,477,BH,,TVM,"Govt. Medical College, Thiruvananthapuram",MBBS,SM-BH,1,mbbs_p1_final.pdf
2025,1,420,478,MU,,TCM,"Govt. Medical College, Thrissur",MBBS,SM-MU,3,mbbs_p1_final.pdf
2025,1,421,479,MU,,TCM,"Govt. Medical College, Thrissur",MBBS,SM-MU,2,mbbs_p1_final.pdf
2025,1,422,480,MU,,KTM,"Govt. Medical College, Kottayam",MBBS,SM,3,mbbs_p1_final.pdf
2025,1,423,481,MU,,TCM,"Govt. Medical College, Thrissur",MBBS,SM-MU,1,mbbs_p1_final.pdf
2025,1,424,482,MU,,TCM,"Govt. Medical College, Thrissur",MBBS,SM-MU,2,mbbs_p1_final.pdf
2025,1,425,483,MU,,TCM,"Govt. Medical College, Thrissur",MBBS,SM-MU,3,mbbs_p1_final.pdf
2025,1,426,484,MU,,KTM,"Govt. Medical College, Kottayam",MBBS,SM,3,mbbs_p1_final.pdf
2025,1,427,485,MU,,TCM,"Govt. Medical College, Thrissur",MBBS,SM-MU,3,mbbs_p1_final.pdf
2025,1,428,486,EZ,,TVM,"Govt. Medical College, Thiruvananthapuram",MBBS,SM-EZ,2,mbbs_p1_final.pdf
2025,1,429,487,MU,,TCM,"Govt. Medical College, Thrissur",MBBS,SM-MU,3,mbbs_p1_final.pdf
2025,1,430,488,MU,,TCM,"Govt. Medical College, Thrissur",MBBS,SM-MU,3,mbbs_p1_final.pdf
2025,1,431,489,EZ,,TCM,"Govt. Medical College, Thrissur",MBBS,SM-EZ,2,mbbs_p1_final.pdf
2025,1,432,490,MU,,KTM,"Govt. Medical College, Kottayam",MBBS,SM,3,mbbs_p1_final.pdf
2025,1,433,491,EW,,KKM,"Govt. Medical College, Kozhikkode",MBBS,SM-EW,1,mbbs_p1_final.pdf
2025,1,434,492,MU,,TCM,"Govt. Medical College, Thrissur",MBBS,SM-MU,2,mbbs_p1_final.pdf
2025,1,435,493,VK,,KKM,"Govt. Medical College, Kozhikkode",MBBS,SM-VK,1,mbbs_p1_final.pdf
2025,1,436,494,GN,,ALP,"T D Govt. Medical College, Alappuzha",MBBS,SM,4,mbbs_p1_final.pdf
2025,1,437,495,EW,,KKM,"Govt. Medical College, Kozhikkode",MBBS,SM-EW,1,mbbs_p1_final.pdf
2025,1,438,496,MU,,TCM,"Govt. Medical College, Thrissur",MBBS,SM-MU,3,mbbs_p1_final.pdf
2025,1,439,497,GN,,CMC,"Govt. Medical College, Ernakulam",MBBS,SM,5,mbbs_p1_final.pdf
2025,1,440,498,MU,,KTM,"Govt. Medical College, Kottayam",MBBS,SM-MU,3,mbbs_p1_final.pdf
2025,1,441,499,MU,,KTM,"Govt. Medical College, Kottayam",MBBS,SM-MU,4,mbbs_p1_final.pdf
2025,1,442,500,GN,,ALP,"T D Govt. Medical College, Alappuzha",MBBS,SM,3,mbbs_p1_final.pdf
2025,1,443,501,MU,,CMC,"Govt. Medical College, Ernakulam",MBBS,SM,3,mbbs_p1_final.pdf
2025,1,444,502,BX,,TVM,"Govt. Medical College, Thiruvananthapuram",MBBS,SM-BX,1,mbbs_p1_final.pdf
2025,1,445,503,GN,,ALP,"T D Govt. Medical College, Alappuzha",MBBS,SM,5,mbbs_p1_final.pdf
2025,1,446,504,BH,,KKM,"Govt. Medical College, Kozhikkode",MBBS,SM-BH,1,mbbs_p1_final.pdf
2025,1,447,505,LA,,TVM,"Govt. Medical College, Thiruvananthapuram",MBBS,SM-LA,1,mbbs_p1_final.pdf
2025,1,448,506,GN,,ALP,"T D Govt. Medical College, Alappuzha",MBBS,SM,5,mbbs_p1_final.pdf
2025,1,449,507,MU,,KTM,"Govt. Medical College, Kottayam",MBBS,SM-MU,4,mbbs_p1_final.pdf
2025,1,450,508,EZ,,TVM,"Govt. Medical College, Thiruvananthapuram",MBBS,SM-EZ,1,mbbs_p1_final.pdf
2025,1,451,509,GN,,ALP,"T D Govt. Medical College, Alappuzha",MBBS,SM,5,mbbs_p1_final.pdf
2025,1,452,510,MU,,CMC,"Govt. Medical College, Ernakulam",MBBS,SM,3,mbbs_p1_final.pdf
2025,1,453,511,BH,,KKM,"Govt. Medical College, Kozhikkode",MBBS,SM-BH,1,mbbs_p1_final.pdf
2025,1,454,512,EZ,,TCM,"Govt. Medical College, Thrissur",MBBS,SM-EZ,1,mbbs_p1_final.pdf
2025,1,455,513,GN,,ALP,"T D Govt. Medical College, Alappuzha",MBBS,SM,5,mbbs_p1_final.pdf
2025,1,456,514,MU,,KTM,"Govt. Medical College, Kottayam",MBBS,SM-MU,2,mbbs_p1_final.pdf
2025,1,457,515,EZ,,TVM,"Govt. Medical College, Thiruvananthapuram",MBBS,SM-EZ,2,mbbs_p1_final.pdf
2025,1,458,516,MU,,MLP,"Govt. Medical College, Manjeri",MBBS,SM,3,mbbs_p1_final.pdf
2025,1,459,517,MU,,KTM,"Govt. Medical College, Kottayam",MBBS,SM-MU,4,mbbs_p1_final.pdf
2025,1,460,518,GN,,ALP,"T D Govt. Medical College, Alappuzha",MBBS,SM,5,mbbs_p1_final.pdf
2025,1,461,520,GN,,ALP,"T D Govt. Medical College, Alappuzha",MBBS,SM,5,mbbs_p1_final.pdf
2025,1,462,521,GN,,ALP,"T D Govt. Medical College, Alappuzha",MBBS,SM,5,mbbs_p1_final.pdf
2025,1,463,522,GN,,ALP,"T D Govt. Medical College, Alappuzha",MBBS,SM,5,mbbs_p1_final.pdf
2025,1,464,523,GN,,ALP,"T D Govt. Medical College, Alappuzha",MBBS,SM,5,mbbs_p1_final.pdf
2025,1,465,524,GN,,ALP,"T D Govt. Medical College, Alappuzha",MBBS,SM,5,mbbs_p1_final.pdf
2025,1,466,525,GN,,MLP,"Govt. Medical College, Manjeri",MBBS,SM,3,mbbs_p1_final.pdf
2025,1,467,526,EW,,KKM,"Govt. Medical College, Kozhikkode",MBBS,SM-EW,1,mbbs_p1_final.pdf
2025,1,468,527,MU,,KTM,"Govt. Medical College, Kottayam",MBBS,SM-MU,3,mbbs_p1_final.pdf
2025,1,469,528,MU,,KTM,"Govt. Medical College, Kottayam",MBBS,SM-MU,4,mbbs_p1_final.pdf
2025,1,470,529,BH,,TVM,"Govt. Medical College, Thiruvananthapuram",MBBS,SM-BH,2,mbbs_p1_final.pdf
2025,1,471,530,MU,,KTM,"Govt. Medical College, Kottayam",MBBS,SM-MU,2,mbbs_p1_final.pdf
2025,1,472,532,MU,,KTM,"Govt. Medical College, Kottayam",MBBS,SM-MU,4,mbbs_p1_final.pdf
2025,1,473,533,MU,,MLP,"Govt. Medical College, Manjeri",MBBS,SM,3,mbbs_p1_final.pdf
2025,1,474,534,VK,,KKM,"Govt. Medical College, Kozhikkode",MBBS,SM-VK,1,mbbs_p1_final.pdf
2025,1,475,535,MU,,KTM,"Govt. Medical College, Kottayam",MBBS,SM-MU,4,mbbs_p1_final.pdf
2025,1,476,536,GN,,ALP,"T D Govt. Medical College, Alappuzha",MBBS,SM,4,mbbs_p1_final.pdf
2025,1,477,537,GN,,ALP,"T D Govt. Medical College, Alappuzha",MBBS,SM,5,mbbs_p1_final.pdf
2025,1,478,538,MU,,KTM,"Govt. Medical College, Kottayam",MBBS,SM-MU,4,mbbs_p1_final.pdf
2025,1,479,539,EZ,,TVM,"Govt. Medical College, Thiruvananthapuram",MBBS,SM-EZ,2,mbbs_p1_final.pdf
2025,1,480,540,MU,,MLP,"Govt. Medical College, Manjeri",MBBS,SM,4,mbbs_p1_final.pdf
2025,1,481,541,EZ,,TCM,"Govt. Medical College, Thrissur",MBBS,SM-EZ,2,mbbs_p1_final.pdf
2025,1,482,542,GN,,ALP,"T D Govt. Medical College, Alappuzha",MBBS,SM,5,mbbs_p1_final.pdf
2025,1,483,543,GN,,KTM,"Govt. Medical College, Kottayam",MBBS,XS,3,mbbs_p1_final.pdf
2025,1,484,544,MU,,MLP,"Govt. Medical College, Manjeri",MBBS,SM,5,mbbs_p1_final.pdf
2025,1,485,545,GN,,ALP,"T D Govt. Medical College, Alappuzha",MBBS,SM,5,mbbs_p1_final.pdf
2025,1,486,546,GN,,ALP,"T D Govt. Medical College, Alappuzha",MBBS,SM,5,mbbs_p1_final.pdf
2025,1,487,547,BH,,TVM,"Govt. Medical College, Thiruvananthapuram",MBBS,SM-BH,1,mbbs_p1_final.pdf
2025,1,488,548,MU,,ALP,"T D Govt. Medical College, Alappuzha",MBBS,SM,4,mbbs_p1_final.pdf
2025,1,489,549,MU,,ALP,"T D Govt. Medical College, Alappuzha",MBBS,SM,5,mbbs_p1_final.pdf
2025,1,490,550,EZ,,KTM,"Govt. Medical College, Kottayam",MBBS,SM-EZ,3,mbbs_p1_final.pdf
2025,1,491,551,KN,,KKM,"Govt. Medical College, Kozhikkode",MBBS,SM-KN,1,mbbs_p1_final.pdf
2025,1,492,552,EZ,,KTM,"Govt. Medical College, Kottayam",MBBS,SM-EZ,3,mbbs_p1_final.pdf
2025,1,493,553,MU,,ALP,"T D Govt. Medical College, Alappuzha",MBBS,SM,5,mbbs_p1_final.pdf
2025,1,494,554,GN,,ALP,"T D Govt. Medical College, Alappuzha",MBBS,SM,5,mbbs_p1_final.pdf
2025,1,495,555,EZ,,TCM,"Govt. Medical College, Thrissur",MBBS,SM-EZ,3,mbbs_p1_final.pdf
2025,1,496,556,GN,,ALP,"T D Govt. Medical College, Alappuzha",MBBS,SM,5,mbbs_p1_final.pdf
2025,1,497,557,EZ,,KTM,"Govt. Medical College, Kottayam",MBBS,SM-EZ,2,mbbs_p1_final.pdf
2025,1,498,558,MU,,ALP,"T D Govt. Medical College, Alappuzha",MBBS,SM,5,mbbs_p1_final.pdf
2025,1,499,559,GN,,KLM,"Govt. Medical College, Parippally, Kollam",MBBS,SM,2,mbbs_p1_final.pdf
2025,1,500,560,MU,,MLP,"Govt. Medical College, Manjeri",MBBS,SM,2,mbbs_p1_final.pdf
2025,1,501,561,EZ,,TCM,"Govt. Medical College, Thrissur",MBBS,SM-EZ,3,mbbs_p1_final.pdf
2025,1,502,562,GN,,ALP,"T D Govt. Medical College, Alappuzha",MBBS,SM,5,mbbs_p1_final.pdf
2025,1,503,563,MU,,KNM,Government Medical College Kannur,MBBS,SM,3,mbbs_p1_final.pdf
2025,1,504,564,MU,,ALP,"T D Govt. Medical College, Alappuzha",MBBS,SM,4,mbbs_p1_final.pdf
2025,1,505,565,GN,,ALP,"T D Govt. Medical College, Alappuzha",MBBS,SM,4,mbbs_p1_final.pdf
2025,1,506,566,GN,,CMC,"Govt. Medical College, Ernakulam",MBBS,SM,5,mbbs_p1_final.pdf
2025,1,507,567,MU,,ALP,"T D Govt. Medical College, Alappuzha",MBBS,SM,5,mbbs_p1_final.pdf
2025,1,508,568,EZ,,KTM,"Govt. Medical College, Kottayam",MBBS,SM-EZ,2,mbbs_p1_final.pdf
2025,1,509,569,EW,,KKM,"Govt. Medical College, Kozhikkode",MBBS,SM-EW,1,mbbs_p1_final.pdf
2025,1,510,570,GN,,ALP,"T D Govt. Medical College, Alappuzha",MBBS,SM,3,mbbs_p1_final.pdf
2025,1,511,571,MU,,ALP,"T D Govt. Medical College, Alappuzha",MBBS,SM,5,mbbs_p1_final.pdf
2025,1,512,572,MU,,ALP,"T D Govt. Medical College, Alappuzha",MBBS,SM,5,mbbs_p1_final.pdf
2025,1,513,573,LA,,KTM,"Govt. Medical College, Kottayam",MBBS,SM-LA,1,mbbs_p1_final.pdf
2025,1,514,574,EZ,,TCM,"Govt. Medical College, Thrissur",MBBS,SM-EZ,3,mbbs_p1_final.pdf
2025,1,515,575,MU,,MLP,"Govt. Medical College, Manjeri",MBBS,SM,5,mbbs_p1_final.pdf
2025,1,516,576,MU,,KNM,Government Medical College Kannur,MBBS,SM,5,mbbs_p1_final.pdf
2025,1,517,577,MU,,ALP,"T D Govt. Medical College, Alappuzha",MBBS,SM,5,mbbs_p1_final.pdf
2025,1,518,578,MU,,MLP,"Govt. Medical College, Manjeri",MBBS,SM,3,mbbs_p1_final.pdf
2025,1,519,579,MU,,ALP,"T D Govt. Medical College, Alappuzha",MBBS,SM,5,mbbs_p1_final.pdf
2025,1,520,580,MU,,CMC,"Govt. Medical College, Ernakulam",MBBS,SM,5,mbbs_p1_final.pdf
2025,1,521,581,EZ,,KTM,"Govt. Medical College, Kottayam",MBBS,SM-EZ,3,mbbs_p1_final.pdf
2025,1,522,582,MU,,ALP,"T D Govt. Medical College, Alappuzha",MBBS,SM,5,mbbs_p1_final.pdf
2025,1,523,583,VK,,KKM,"Govt. Medical College, Kozhikkode",MBBS,SM-VK,1,mbbs_p1_final.pdf
2025,1,524,584,MU,,ALP,"T D Govt. Medical College, Alappuzha",MBBS,SM,2,mbbs_p1_final.pdf
2025,1,525,585,GN,,ALP,"T D Govt. Medical College, Alappuzha",MBBS,SM,5,mbbs_p1_final.pdf
2025,1,526,586,MU,,MLP,"Govt. Medical College, Manjeri",MBBS,SM,4,mbbs_p1_final.pdf
2025,1,527,587,MU,,MLP,"Govt. Medical College, Manjeri",MBBS,SM,4,mbbs_p1_final.pdf
2025,1,528,589,BH,,TVM,"Govt. Medical College, Thiruvananthapuram",MBBS,SM-BH,1,mbbs_p1_final.pdf
2025,1,529,590,EW,,TVM,"Govt. Medical College, Thiruvananthapuram",MBBS,SM-EW,1,mbbs_p1_final.pdf
2025,1,530,591,VK,,TVM,"Govt. Medical College, Thiruvananthapuram",MBBS,SM-VK,2,mbbs_p1_final.pdf
2025,1,531,592,GN,,ALP,"T D Govt. Medical College, Alappuzha",MBBS,SM,4,mbbs_p1_final.pdf
2025,1,532,593,GN,,ALP,"T D Govt. Medical College, Alappuzha",MBBS,SM,5,mbbs_p1_final.pdf
2025,1,533,594,MU,,ALP,"T D Govt. Medical College, Alappuzha",MBBS,SM,5,mbbs_p1_final.pdf
2025,1,534,595,MU,,ALP,"T D Govt. Medical College, Alappuzha",MBBS,SM,4,mbbs_p1_final.pdf
2025,1,535,596,EZ,,KTM,"Govt. Medical College, Kottayam",MBBS,SM-EZ,3,mbbs_p1_final.pdf
2025,1,536,597,EZ,,ALP,"T D Govt. Medical College, Alappuzha",MBBS,SM,1,mbbs_p1_final.pdf
2025,1,537,598,GN,,ALP,"T D Govt. Medical College, Alappuzha",MBBS,SM,5,mbbs_p1_final.pdf
2025,1,538,599,GN,,ALP,"T D Govt. Medical College, Alappuzha",MBBS,SM,4,mbbs_p1_final.pdf
2025,1,539,600,EZ,,TCM,"Govt. Medical College, Thrissur",MBBS,SM-EZ,3,mbbs_p1_final.pdf
2025,1,540,601,EW,,KKM,"Govt. Medical College, Kozhikkode",MBBS,SM-EW,1,mbbs_p1_final.pdf
2025,1,541,602,GN,,ALP,"T D Govt. Medical College, Alappuzha",MBBS,SM,5,mbbs_p1_final.pdf
2025,1,542,603,MU,,ALP,"T D Govt. Medical College, Alappuzha",MBBS,SM,5,mbbs_p1_final.pdf
2025,1,543,604,GN,,ALP,"T D Govt. Medical College, Alappuzha",MBBS,SM,4,mbbs_p1_final.pdf
2025,1,544,605,EZ,,TCM,"Govt. Medical College, Thrissur",MBBS,SM-EZ,3,mbbs_p1_final.pdf
2025,1,545,606,MU,,MLP,"Govt. Medical College, Manjeri",MBBS,SM,4,mbbs_p1_final.pdf
2025,1,546,607,EZ,,KTM,"Govt. Medical College, Kottayam",MBBS,SM-EZ,2,mbbs_p1_final.pdf
2025,1,547,608,GN,,ALP,"T D Govt. Medical College, Alappuzha",MBBS,SM,5,mbbs_p1_final.pdf
2025,1,548,609,EZ,,KTM,"Govt. Medical College, Kottayam",MBBS,SM-EZ,3,mbbs_p1_final.pdf
2025,1,549,610,MU,,ALP,"T D Govt. Medical College, Alappuzha",MBBS,SM,5,mbbs_p1_final.pdf
2025,1,550,611,EZ,,KTM,"Govt. Medical College, Kottayam",MBBS,SM-EZ,3,mbbs_p1_final.pdf
2025,1,551,612,MU,,ALP,"T D Govt. Medical College, Alappuzha",MBBS,SM,5,mbbs_p1_final.pdf
2025,1,552,613,MU,,MLP,"Govt. Medical College, Manjeri",MBBS,SM,4,mbbs_p1_final.pdf
2025,1,553,615,MU,,ALP,"T D Govt. Medical College, Alappuzha",MBBS,SM,5,mbbs_p1_final.pdf
2025,1,554,616,MU,,ALP,"T D Govt. Medical College, Alappuzha",MBBS,SM,5,mbbs_p1_final.pdf
2025,1,555,617,VK,,TVM,"Govt. Medical College, Thiruvananthapuram",MBBS,SM-VK,2,mbbs_p1_final.pdf
2025,1,556,618,GN,,ALP,"T D Govt. Medical College, Alappuzha",MBBS,SM,4,mbbs_p1_final.pdf
2025,1,557,619,MU,,ALP,"T D Govt. Medical College, Alappuzha",MBBS,SM,5,mbbs_p1_final.pdf
2025,1,558,620,EZ,,KTM,"Govt. Medical College, Kottayam",MBBS,SM-EZ,3,mbbs_p1_final.pdf
2025,1,559,621,MU,,MLP,"Govt. Medical College, Manjeri",MBBS,SM,3,mbbs_p1_final.pdf
2025,1,560,622,EZ,,KTM,"Govt. Medical College, Kottayam",MBBS,SM-EZ,3,mbbs_p1_final.pdf
2025,1,561,623,MU,,ALP,"T D Govt. Medical College, Alappuzha",MBBS,SM,5,mbbs_p1_final.pdf
2025,1,562,624,MU,,ALP,"T D Govt. Medical College, Alappuzha",MBBS,SM,5,mbbs_p1_final.pdf
2025,1,563,625,MU,,ALP,"T D Govt. Medical College, Alappuzha",MBBS,SM,5,mbbs_p1_final.pdf
2025,1,564,626,GN,,TCM,"Govt. Medical College, Thrissur",MBBS,XS,4,mbbs_p1_final.pdf
2025,1,565,627,MU,,ALP,"T D Govt. Medical College, Alappuzha",MBBS,SM,5,mbbs_p1_final.pdf
2025,1,566,628,EW,,KTM,"Govt. Medical College, Kottayam",MBBS,SM-EW,1,mbbs_p1_final.pdf
2025,1,567,629,MU,,MLP,"Govt. Medical College, Manjeri",MBBS,SM,2,mbbs_p1_final.pdf
2025,1,568,630,GN,,ALP,"T D Govt. Medical College, Alappuzha",MBBS,SM,3,mbbs_p1_final.pdf
2025,1,569,631,MU,,ALP,"T D Govt. Medical College, Alappuzha",MBBS,SM,5,mbbs_p1_final.pdf
2025,1,570,632,MU,,ALP,"T D Govt. Medical College, Alappuzha",MBBS,SM,5,mbbs_p1_final.pdf
2025,1,571,633,GN,,ALP,"T D Govt. Medical College, Alappuzha",MBBS,SM,5,mbbs_p1_final.pdf
2025,1,572,634,GN,,KNM,Government Medical College Kannur,MBBS,SM,3,mbbs_p1_final.pdf
2025,1,573,635,MU,,MLP,"Govt. Medical College, Manjeri",MBBS,SM,5,mbbs_p1_final.pdf
2025,1,574,636,EZ,,TCM,"Govt. Medical College, Thrissur",MBBS,SM-EZ,2,mbbs_p1_final.pdf
2025,1,575,637,EW,,TVM,"Govt. Medical College, Thiruvananthapuram",MBBS,SM-EW,1,mbbs_p1_final.pdf
2025,1,576,638,GN,,ALP,"T D Govt. Medical College, Alappuzha",MBBS,SM,5,mbbs_p1_final.pdf
2025,1,577,640,MU,,ALP,"T D Govt. Medical College, Alappuzha",MBBS,SM-MU,5,mbbs_p1_final.pdf
2025,1,578,641,MU,,MLP,"Govt. Medical College, Manjeri",MBBS,SM,5,mbbs_p1_final.pdf
2025,1,579,642,LA,,TVM,"Govt. Medical College, Thiruvananthapuram",MBBS,SM-LA,1,mbbs_p1_final.pdf
2025,1,580,643,EZ,,KTM,"Govt. Medical College, Kottayam",MBBS,SM-EZ,3,mbbs_p1_final.pdf
2025,1,581,644,MU,,ALP,"T D Govt. Medical College, Alappuzha",MBBS,SM-MU,4,mbbs_p1_final.pdf
2025,1,582,645,MU,,ALP,"T D Govt. Medical College, Alappuzha",MBBS,SM-MU,5,mbbs_p1_final.pdf
2025,1,583,646,GN,,MLP,"Govt. Medical College, Manjeri",MBBS,SM,6,mbbs_p1_final.pdf
2025,1,584,647,EZ,,TCM,"Govt. Medical College, Thrissur",MBBS,SM-EZ,3,mbbs_p1_final.pdf
2025,1,585,648,GN,,CMC,"Govt. Medical College, Ernakulam",MBBS,SM,6,mbbs_p1_final.pdf
2025,1,586,649,EW,,TVM,"Govt. Medical College, Thiruvananthapuram",MBBS,SM-EW,1,mbbs_p1_final.pdf
2025,1,587,650,MU,,MLP,"Govt. Medical College, Manjeri",MBBS,SM,4,mbbs_p1_final.pdf
2025,1,588,651,GN,,MLP,"Govt. Medical College, Manjeri",MBBS,SM,6,mbbs_p1_final.pdf
2025,1,589,652,GN,,CMC,"Govt. Medical College, Ernakulam",MBBS,SM,5,mbbs_p1_final.pdf
2025,1,590,653,EZ,,TCM,"Govt. Medical College, Thrissur",MBBS,SM-EZ,4,mbbs_p1_final.pdf
2025,1,591,656,EZ,,ALP,"T D Govt. Medical College, Alappuzha",MBBS,SM-EZ,5,mbbs_p1_final.pdf
2025,1,592,657,GN,,CMC,"Govt. Medical College, Ernakulam",MBBS,SM,6,mbbs_p1_final.pdf
2025,1,593,658,GN,,CMC,"Govt. Medical College, Ernakulam",MBBS,SM,6,mbbs_p1_final.pdf
2025,1,594,659,GN,,CMC,"Govt. Medical College, Ernakulam",MBBS,SM,6,mbbs_p1_final.pdf
2025,1,595,660,EZ,,ALP,"T D Govt. Medical College, Alappuzha",MBBS,SM-EZ,5,mbbs_p1_final.pdf
2025,1,596,661,VK,,TVM,"Govt. Medical College, Thiruvananthapuram",MBBS,SM-VK,2,mbbs_p1_final.pdf
2025,1,597,662,EZ,,CMC,"Govt. Medical College, Ernakulam",MBBS,SM,5,mbbs_p1_final.pdf
2025,1,598,663,EZ,,ALP,"T D Govt. Medical College, Alappuzha",MBBS,SM-EZ,4,mbbs_p1_final.pdf
2025,1,599,664,MU,,MLP,"Govt. Medical College, Manjeri",MBBS,SM,2,mbbs_p1_final.pdf
2025,1,600,666,MU,,MLP,"Govt. Medical College, Manjeri",MBBS,SM,2,mbbs_p1_final.pdf
2025,1,601,667,GN,,CMC,"Govt. Medical College, Ernakulam",MBBS,SM,6,mbbs_p1_final.pdf
2025,1,602,668,MU,,ALP,"T D Govt. Medical College, Alappuzha",MBBS,SM-MU,5,mbbs_p1_final.pdf
2025,1,603,670,GN,,CMC,"Govt. Medical College, Ernakulam",MBBS,SM,6,mbbs_p1_final.pdf
2025,1,604,671,MU,,ALP,"T D Govt. Medical College, Alappuzha",MBBS,SM-MU,5,mbbs_p1_final.pdf
2025,1,605,672,LA,,KKM,"Govt. Medical College, Kozhikkode",MBBS,SM-LA,1,mbbs_p1_final.pdf
2025,1,606,673,MU,,ALP,"T D Govt. Medical College, Alappuzha",MBBS,SM-MU,5,mbbs_p1_final.pdf
2025,1,607,674,MU,,MLP,"Govt. Medical College, Manjeri",MBBS,SM,5,mbbs_p1_final.pdf
2025,1,608,675,GN,,KNM,Government Medical College Kannur,MBBS,SM,5,mbbs_p1_final.pdf
2025,1,609,676,MU,,MLP,"Govt. Medical College, Manjeri",MBBS,SM,2,mbbs_p1_final.pdf
2025,1,610,677,EZ,,ALP,"T D Govt. Medical College, Alappuzha",MBBS,SM-EZ,4,mbbs_p1_final.pdf
2025,1,611,678,GN,,CMC,"Govt. Medical College, Ernakulam",MBBS,SM,6,mbbs_p1_final.pdf
2025,1,612,679,EZ,,ALP,"T D Govt. Medical College, Alappuzha",MBBS,SM-EZ,5,mbbs_p1_final.pdf
2025,1,613,680,GN,,KNM,Government Medical College Kannur,MBBS,SM,6,mbbs_p1_final.pdf
2025,1,614,681,MU,,ALP,"T D Govt. Medical College, Alappuzha",MBBS,SM-MU,5,mbbs_p1_final.pdf
2025,1,615,682,MU,,ALP,"T D Govt. Medical College, Alappuzha",MBBS,SM-MU,2,mbbs_p1_final.pdf
2025,1,616,683,MU,,MLP,"Govt. Medical College, Manjeri",MBBS,SM,2,mbbs_p1_final.pdf
2025,1,617,684,GN,,KNM,Government Medical College Kannur,MBBS,SM,6,mbbs_p1_final.pdf
2025,1,618,685,MU,,ALP,"T D Govt. Medical College, Alappuzha",MBBS,SM-MU,5,mbbs_p1_final.pdf
2025,1,619,686,MU,,MLP,"Govt. Medical College, Manjeri",MBBS,SM,3,mbbs_p1_final.pdf
2025,1,620,687,GN,,CMC,"Govt. Medical College, Ernakulam",MBBS,SM,6,mbbs_p1_final.pdf
2025,1,621,688,MU,,ALP,"T D Govt. Medical College, Alappuzha",MBBS,SM-MU,4,mbbs_p1_final.pdf
2025,1,622,689,GN,,CMC,"Govt. Medical College, Ernakulam",MBBS,SM,6,mbbs_p1_final.pdf
2025,1,623,690,BH,,KTM,"Govt. Medical College, Kottayam",MBBS,SM-BH,3,mbbs_p1_final.pdf
2025,1,624,691,MU,,KNM,Government Medical College Kannur,MBBS,SM,4,mbbs_p1_final.pdf
2025,1,625,693,MU,,MLP,"Govt. Medical College, Manjeri",MBBS,SM,4,mbbs_p1_final.pdf
2025,1,626,694,MU,,MLP,"Govt. Medical College, Manjeri",MBBS,SM,4,mbbs_p1_final.pdf
2025,1,627,695,MU,,ALP,"T D Govt. Medical College, Alappuzha",MBBS,SM-MU,5,mbbs_p1_final.pdf
2025,1,628,696,GN,,CMC,"Govt. Medical College, Ernakulam",MBBS,SM,6,mbbs_p1_final.pdf
2025,1,629,697,GN,,CMC,"Govt. Medical College, Ernakulam",MBBS,SM,5,mbbs_p1_final.pdf
2025,1,630,698,GN,,JMC,"Jubilee Mission Medical College, Thrisur",MBBS,AM,13,mbbs_p1_final.pdf
2025,1,631,699,MU,,KNM,Government Medical College Kannur,MBBS,MU,6,mbbs_p1_final.pdf
2025,1,632,700,MU,,MLP,"Govt. Medical College, Manjeri",MBBS,MU,5,mbbs_p1_final.pdf
2025,1,633,701,MU,,MLP,"Govt. Medical College, Manjeri",MBBS,MU,6,mbbs_p1_final.pdf
2025,1,634,702,MU,,KNM,Government Medical College Kannur,MBBS,MU,6,mbbs_p1_final.pdf
2025,1,635,703,EZ,,ALP,"T D Govt. Medical College, Alappuzha",MBBS,EZ,5,mbbs_p1_final.pdf
2025,1,636,704,MU,,MLP,"Govt. Medical College, Manjeri",MBBS,MU,6,mbbs_p1_final.pdf
2025,1,637,706,EW,,KKM,"Govt. Medical College, Kozhikkode",MBBS,EW,1,mbbs_p1_final.pdf
2025,1,638,707,MU,,MLP,"Govt. Medical College, Manjeri",MBBS,MU,6,mbbs_p1_final.pdf
2025,1,639,709,GN,,ALP,"T D Govt. Medical College, Alappuzha",MBBS,XS,5,mbbs_p1_final.pdf
2025,1,640,710,EW,,KKM,"Govt. Medical College, Kozhikkode",MBBS,EW,1,mbbs_p1_final.pdf
2025,1,641,712,EZ,,ALP,"T D Govt. Medical College, Alappuzha",MBBS,EZ,5,mbbs_p1_final.pdf
2025,1,642,714,EZ,,ALP,"T D Govt. Medical College, Alappuzha",MBBS,EZ,5,mbbs_p1_final.pdf
2025,1,643,716,MU,,MLP,"Govt. Medical College, Manjeri",MBBS,MU,3,mbbs_p1_final.pdf
2025,1,644,718,MU,,CMC,"Govt. Medical College, Ernakulam",MBBS,MU,4,mbbs_p1_final.pdf
2025,1,645,719,MU,,KNM,Government Medical College Kannur,MBBS,MU,4,mbbs_p1_final.pdf
2025,1,646,720,EZ,,KLM,"Govt. Medical College, Parippally, Kollam",MBBS,EZ,2,mbbs_p1_final.pdf
2025,1,647,722,EZ,,MLP,"Govt. Medical College, Manjeri",MBBS,EZ,4,mbbs_p1_final.pdf
2025,1,648,725,MU,,MLP,"Govt. Medical College, Manjeri",MBBS,MU,5,mbbs_p1_final.pdf
2025,1,649,726,MU,,MLP,"Govt. Medical College, Manjeri",MBBS,MU,4,mbbs_p1_final.pdf
2025,1,650,727,GN,,AMC,"Amala Institute of Medical Sciences, Thrissur",MBBS,AM,13,mbbs_p1_final.pdf
2025,1,651,730,MU,,MLP,"Govt. Medical College, Manjeri",MBBS,FL-MU,6,mbbs_p1_final.pdf
2025,1,652,732,BH,,TCM,"Govt. Medical College, Thrissur",MBBS,BH,3,mbbs_p1_final.pdf
2025,1,653,733,EZ,,ALP,"T D Govt. Medical College, Alappuzha",MBBS,EZ,4,mbbs_p1_final.pdf
2025,1,654,734,MU,,MLP,"Govt. Medical College, Manjeri",MBBS,FL-MU,6,mbbs_p1_final.pdf
2025,1,655,739,MU,,CMC,"Govt. Medical College, Ernakulam",MBBS,MU,5,mbbs_p1_final.pdf
2025,1,656,740,MU,,CMC,"Govt. Medical College, Ernakulam",MBBS,MU,6,mbbs_p1_final.pdf
2025,1,657,742,BH,,KTM,"Govt. Medical College, Kottayam",MBBS,BH,3,mbbs_p1_final.pdf
2025,1,658,743,MU,,MLP,"Govt. Medical College, Manjeri",MBBS,FL-MU,6,mbbs_p1_final.pdf
2025,1,659,745,EZ,,ALP,"T D Govt. Medical College, Alappuzha",MBBS,EZ,5,mbbs_p1_final.pdf
2025,1,660,746,MU,,KNM,Government Medical College Kannur,MBBS,MU,6,mbbs_p1_final.pdf
2025,1,661,747,MU,,MLP,"Govt. Medical College, Manjeri",MBBS,FL-MU,6,mbbs_p1_final.pdf
2025,1,662,748,MU,,CMC,"Govt. Medical College, Ernakulam",MBBS,MU,6,mbbs_p1_final.pdf
2025,1,663,752,BH,,KTM,"Govt. Medical College, Kottayam",MBBS,BH,3,mbbs_p1_final.pdf
2025,1,664,753,MU,,MLP,"Govt. Medical College, Manjeri",MBBS,FL-MU,3,mbbs_p1_final.pdf
2025,1,665,754,MU,,CMC,"Govt. Medical College, Ernakulam",MBBS,MU,5,mbbs_p1_final.pdf
2025,1,666,755,EW,,KKM,"Govt. Medical College, Kozhikkode",MBBS,EW,1,mbbs_p1_final.pdf
2025,1,667,756,LA,,TVM,"Govt. Medical College, Thiruvananthapuram",MBBS,LA,1,mbbs_p1_final.pdf
2025,1,668,757,MU,,MLP,"Govt. Medical College, Manjeri",MBBS,FL-MU,6,mbbs_p1_final.pdf
2025,1,669,759,MU,,MLP,"Govt. Medical College, Manjeri",MBBS,FL-MU,5,mbbs_p1_final.pdf
2025,1,670,760,VK,,TVM,"Govt. Medical College, Thiruvananthapuram",MBBS,VK,1,mbbs_p1_final.pdf
2025,1,671,761,MU,,CMC,"Govt. Medical College, Ernakulam",MBBS,MU,6,mbbs_p1_final.pdf
2025,1,672,762,MU,,CMC,"Govt. Medical College, Ernakulam",MBBS,MU,5,mbbs_p1_final.pdf
2025,1,673,764,VK,,KTM,"Govt. Medical College, Kottayam",MBBS,VK,2,mbbs_p1_final.pdf
2025,1,674,765,GN,,MLP,"Govt. Medical College, Manjeri",MBBS,XS,7,mbbs_p1_final.pdf
2025,1,675,766,BH,,TCM,"Govt. Medical College, Thrissur",MBBS,BH,3,mbbs_p1_final.pdf
2025,1,676,768,MU,,KNM,Government Medical College Kannur,MBBS,MU,6,mbbs_p1_final.pdf
2025,1,677,769,EZ,,ALP,"T D Govt. Medical College, Alappuzha",MBBS,EZ,5,mbbs_p1_final.pdf
2025,1,678,770,MU,,KNM,Government Medical College Kannur,MBBS,MU,6,mbbs_p1_final.pdf
2025,1,679,771,EZ,,ALP,"T D Govt. Medical College, Alappuzha",MBBS,EZ,3,mbbs_p1_final.pdf
2025,1,680,772,EW,,KTM,"Govt. Medical College, Kottayam",MBBS,EW,1,mbbs_p1_final.pdf
2025,1,681,773,BH,,KTM,"Govt. Medical College, Kottayam",MBBS,BH,3,mbbs_p1_final.pdf
2025,1,682,774,MU,,MLP,"Govt. Medical College, Manjeri",MBBS,FL-MU,5,mbbs_p1_final.pdf
2025,1,683,776,EZ,,MLP,"Govt. Medical College, Manjeri",MBBS,EZ,5,mbbs_p1_final.pdf
2025,1,684,779,MU,,KNM,Government Medical College Kannur,MBBS,FL-MU,5,mbbs_p1_final.pdf
2025,1,685,780,MU,,CMC,"Govt. Medical College, Ernakulam",MBBS,FL-MU,6,mbbs_p1_final.pdf
2025,1,686,781,EW,,KKM,"Govt. Medical College, Kozhikkode",MBBS,EW,1,mbbs_p1_final.pdf
2025,1,687,782,MU,,KNM,Government Medical College Kannur,MBBS,FL-MU,4,mbbs_p1_final.pdf
2025,1,688,783,MU,,MLP,"Govt. Medical College, Manjeri",MBBS,FL-MU,5,mbbs_p1_final.pdf
2025,1,689,784,MU,,MLP,"Govt. Medical College, Manjeri",MBBS,FL-MU,3,mbbs_p1_final.pdf
2025,1,690,786,MU,,CMC,"Govt. Medical College, Ernakulam",MBBS,FL-MU,6,mbbs_p1_final.pdf
2025,1,691,789,LA,,TVM,"Govt. Medical College, Thiruvananthapuram",MBBS,LA,1,mbbs_p1_final.pdf
2025,1,692,790,MU,,MLP,"Govt. Medical College, Manjeri",MBBS,FL-MU,6,mbbs_p1_final.pdf
2025,1,693,791,EZ,,CMC,"Govt. Medical College, Ernakulam",MBBS,EZ,6,mbbs_p1_final.pdf
2025,1,694,792,MU,,KNM,Government Medical College Kannur,MBBS,FL-MU,7,mbbs_p1_final.pdf
2025,1,695,793,EZ,,KLM,"Govt. Medical College, Parippally, Kollam",MBBS,EZ,6,mbbs_p1_final.pdf
2025,1,696,794,EZ,,CMC,"Govt. Medical College, Ernakulam",MBBS,EZ,6,mbbs_p1_final.pdf
2025,1,697,795,LA,,KKM,"Govt. Medical College, Kozhikkode",MBBS,LA,1,mbbs_p1_final.pdf
2025,1,698,796,MU,,CMC,"Govt. Medical College, Ernakulam",MBBS,FL-MU,7,mbbs_p1_final.pdf
2025,1,699,797,BH,,TCM,"Govt. Medical College, Thrissur",MBBS,BH,4,mbbs_p1_final.pdf
2025,1,700,798,MU,,CMC,"Govt. Medical College, Ernakulam",MBBS,FL-MU,3,mbbs_p1_final.pdf
2025,1,701,799,BH,,TCM,"Govt. Medical College, Thrissur",MBBS,BH,4,mbbs_p1_final.pdf
2025,1,702,800,MU,,KNM,Government Medical College Kannur,MBBS,FL-MU,7,mbbs_p1_final.pdf
2025,1,703,802,MU,,CMC,"Govt. Medical College, Ernakulam",MBBS,FL-MU,6,mbbs_p1_final.pdf
2025,1,704,805,MU,,KNM,Government Medical College Kannur,MBBS,FL-MU,6,mbbs_p1_final.pdf
2025,1,705,806,MU,,KNM,Government Medical College Kannur,MBBS,FL-MU,7,mbbs_p1_final.pdf
2025,1,706,808,GN,,GMC,"Sree Gokulam Medical College, Venjaramoodu, TVPM",MBBS,AM,13,mbbs_p1_final.pdf
2025,1,707,811,EW,,TVM,"Govt. Medical College, Thiruvananthapuram",MBBS,EW,1,mbbs_p1_final.pdf
2025,1,708,812,MU,,CMC,"Govt. Medical College, Ernakulam",MBBS,FL-MU,7,mbbs_p1_final.pdf
2025,1,709,813,MU,,CMC,"Govt. Medical College, Ernakulam",MBBS,FL-MU,6,mbbs_p1_final.pdf
2025,1,710,814,MU,,KNM,Government Medical College Kannur,MBBS,FL-MU,6,mbbs_p1_final.pdf
2025,1,711,815,EZ,,CMC,"Govt. Medical College, Ernakulam",MBBS,EZ,6,mbbs_p1_final.pdf
2025,1,712,816,MU,,KNM,Government Medical College Kannur,MBBS,FL-MU,4,mbbs_p1_final.pdf
2025,1,713,817,MU,,KNM,Government Medical College Kannur,MBBS,FL-MU,7,mbbs_p1_final.pdf
2025,1,714,818,EW,,KKM,"Govt. Medical College, Kozhikkode",MBBS,EW,1,mbbs_p1_final.pdf
2025,1,715,819,EZ,,MLP,"Govt. Medical College, Manjeri",MBBS,EZ,6,mbbs_p1_final.pdf
2025,1,716,820,VK,,KTM,"Govt. Medical College, Kottayam",MBBS,VK,3,mbbs_p1_final.pdf
2025,1,717,821,MU,,CMC,"Govt. Medical College, Ernakulam",MBBS,FL-MU,6,mbbs_p1_final.pdf
2025,1,718,822,MU,,CMC,"Govt. Medical College, Ernakulam",MBBS,FL-MU,5,mbbs_p1_final.pdf
2025,1,719,823,MU,,CMC,"Govt. Medical College, Ernakulam",MBBS,FL-MU,7,mbbs_p1_final.pdf
2025,1,720,824,MU,,KNM,Government Medical College Kannur,MBBS,FL-MU,6,mbbs_p1_final.pdf
2025,1,721,825,MU,,CMC,"Govt. Medical College, Ernakulam",MBBS,FL-MU,6,mbbs_p1_final.pdf
2025,1,722,826,MU,,KNM,Government Medical College Kannur,MBBS,FL-MU,7,mbbs_p1_final.pdf
2025,1,723,828,MU,,CMC,"Govt. Medical College, Ernakulam",MBBS,FL-MU,6,mbbs_p1_final.pdf
2025,1,724,829,MU,,KNM,Government Medical College Kannur,MBBS,FL-MU,7,mbbs_p1_final.pdf
2025,1,725,830,MU,,KNM,Government Medical College Kannur,MBBS,FL-MU,7,mbbs_p1_final.pdf
2025,1,726,831,EW,,KKM,"Govt. Medical College, Kozhikkode",MBBS,EW,1,mbbs_p1_final.pdf
2025,1,727,832,MU,,KNM,Government Medical College Kannur,MBBS,FL-MU,6,mbbs_p1_final.pdf
2025,1,728,833,MU,,KNM,Government Medical College Kannur,MBBS,FL-MU,5,mbbs_p1_final.pdf
2025,1,729,834,MU,,ALP,"T D Govt. Medical College, Alappuzha",MBBS,SD,5,mbbs_p1_final.pdf
2025,1,730,835,MU,,KNM,Government Medical College Kannur,MBBS,FL-MU,4,mbbs_p1_final.pdf
2025,1,731,838,MU,,KNM,Government Medical College Kannur,MBBS,FL-MU,7,mbbs_p1_final.pdf
2025,1,732,839,MU,,CMC,"Govt. Medical College, Ernakulam",MBBS,FL-MU,7,mbbs_p1_final.pdf
2025,1,733,842,MU,,KNM,Government Medical College Kannur,MBBS,FL-MU,7,mbbs_p1_final.pdf
2025,1,734,844,BX,,KKM,"Govt. Medical College, Kozhikkode",MBBS,BX,2,mbbs_p1_final.pdf
2025,1,735,845,MU,,KNM,Government Medical College Kannur,MBBS,FL-MU,6,mbbs_p1_final.pdf
2025,1,736,846,MU,,CMC,"Govt. Medical College, Ernakulam",MBBS,FL-MU,5,mbbs_p1_final.pdf
2025,1,737,847,MU,,CMC,"Govt. Medical College, Ernakulam",MBBS,FL-MU,6,mbbs_p1_final.pdf
2025,1,738,849,BH,,MLP,"Govt. Medical College, Manjeri",MBBS,BH,5,mbbs_p1_final.pdf
2025,1,739,850,GN,,JMC,"Jubilee Mission Medical College, Thrisur",MBBS,AM,8,mbbs_p1_final.pdf
2025,1,740,851,MU,,CMC,"Govt. Medical College, Ernakulam",MBBS,FL-MU,7,mbbs_p1_final.pdf
2025,1,741,853,MU,,CMC,"Govt. Medical College, Ernakulam",MBBS,FL-MU,6,mbbs_p1_final.pdf
2025,1,742,854,MU,,CMC,"Govt. Medical College, Ernakulam",MBBS,FL-MU,4,mbbs_p1_final.pdf
2025,1,743,856,MU,,CMC,"Govt. Medical College, Ernakulam",MBBS,FL-MU,4,mbbs_p1_final.pdf
2025,1,744,857,EZ,,KNM,Government Medical College Kannur,MBBS,EZ,6,mbbs_p1_final.pdf
2025,1,745,859,MU,,CMC,"Govt. Medical College, Ernakulam",MBBS,FL-MU,6,mbbs_p1_final.pdf
2025,1,746,861,MU,,KNM,Government Medical College Kannur,MBBS,FL-MU,4,mbbs_p1_final.pdf
2025,1,747,862,MU,,KNM,Government Medical College Kannur,MBBS,FL-MU,7,mbbs_p1_final.pdf
2025,1,748,863,MU,,KNM,Government Medical College Kannur,MBBS,FL-MU,7,mbbs_p1_final.pdf
2025,1,749,865,MU,,CMC,"Govt. Medical College, Ernakulam",MBBS,FL-MU,6,mbbs_p1_final.pdf
2025,1,750,866,EZ,,CMC,"Govt. Medical College, Ernakulam",MBBS,EZ,6,mbbs_p1_final.pdf
2025,1,751,868,MU,,CMC,"Govt. Medical College, Ernakulam",MBBS,FL-MU,6,mbbs_p1_final.pdf
2025,1,752,869,MU,,KNM,Government Medical College Kannur,MBBS,FL-MU,7,mbbs_p1_final.pdf
2025,1,753,870,MU,,KNM,Government Medical College Kannur,MBBS,FL-MU,7,mbbs_p1_final.pdf
2025,1,754,871,MU,,CMC,"Govt. Medical College, Ernakulam",MBBS,FL-MU,7,mbbs_p1_final.pdf
2025,1,755,872,MU,,CMC,"Govt. Medical College, Ernakulam",MBBS,FL-MU,6,mbbs_p1_final.pdf
2025,1,756,874,MU,,KNM,Government Medical College Kannur,MBBS,FL-MU,7,mbbs_p1_final.pdf
2025,1,757,875,MU,,KNM,Government Medical College Kannur,MBBS,FL-MU,7,mbbs_p1_final.pdf
2025,1,758,878,MU,,KLM,"Govt. Medical College, Parippally, Kollam",MBBS,MU,7,mbbs_p1_final.pdf
2025,1,759,880,EZ,,MLP,"Govt. Medical College, Manjeri",MBBS,EZ,6,mbbs_p1_final.pdf
2025,1,760,881,MU,,KNM,Government Medical College Kannur,MBBS,FL-MU,6,mbbs_p1_final.pdf
2025,1,761,883,EZ,,CMC,"Govt. Medical College, Ernakulam",MBBS,EZ,5,mbbs_p1_final.pdf
2025,1,762,884,MU,,KLM,"Govt. Medical College, Parippally, Kollam",MBBS,MU,7,mbbs_p1_final.pdf
2025,1,763,886,MU,,KNM,Government Medical College Kannur,MBBS,FL-MU,5,mbbs_p1_final.pdf
2025,1,764,887,MU,,KLM,"Govt. Medical College, Parippally, Kollam",MBBS,MU,9,mbbs_p1_final.pdf
2025,1,765,889,BH,,ALP,"T D Govt. Medical College, Alappuzha",MBBS,BH,3,mbbs_p1_final.pdf
2025,1,766,891,MU,,KLM,"Govt. Medical College, Parippally, Kollam",MBBS,MU,9,mbbs_p1_final.pdf
2025,1,767,892,MU,,PKM,"Government Medical College, Palakkad",MBBS,MU,10,mbbs_p1_final.pdf
2025,1,768,894,BH,,CMC,"Govt. Medical College, Ernakulam",MBBS,BH,4,mbbs_p1_final.pdf
2025,1,769,897,EW,,KTM,"Govt. Medical College, Kottayam",MBBS,EW,1,mbbs_p1_final.pdf
2025,1,770,898,MU,,PTM,"Government Medical College, Konni, Pathanamthitta",MBBS,MU,11,mbbs_p1_final.pdf
2025,1,771,899,MU,,IDM,Government Medical College Idukki,MBBS,MU,11,mbbs_p1_final.pdf
2025,1,772,901,MU,,PTM,"Government Medical College, Konni, Pathanamthitta",MBBS,MU,11,mbbs_p1_final.pdf
2025,1,773,902,MU,,IDM,Government Medical College Idukki,MBBS,MU,11,mbbs_p1_final.pdf
2025,1,774,904,MU,,IDM,Government Medical College Idukki,MBBS,MU,11,mbbs_p1_final.pdf
2025,1,775,905,EZ,,MLP,"Govt. Medical College, Manjeri",MBBS,EZ,6,mbbs_p1_final.pdf
2025,1,776,906,MU,,PTM,"Government Medical College, Konni, Pathanamthitta",MBBS,MU,11,mbbs_p1_final.pdf
2025,1,777,907,MU,,PTM,"Government Medical College, Konni, Pathanamthitta",MBBS,MU,8,mbbs_p1_final.pdf
2025,1,778,909,MU,,PTM,"Government Medical College, Konni, Pathanamthitta",MBBS,MU,11,mbbs_p1_final.pdf
2025,1,779,910,DV,,KKM,"Govt. Medical College, Kozhikkode",MBBS,DV,1,mbbs_p1_final.pdf
2025,1,780,911,MU,,PTM,"Government Medical College, Konni, Pathanamthitta",MBBS,MU,11,mbbs_p1_final.pdf
2025,1,781,912,EZ,,MLP,"Govt. Medical College, Manjeri",MBBS,EZ,6,mbbs_p1_final.pdf
2025,1,782,914,MU,,IDM,Government Medical College Idukki,MBBS,MU,11,mbbs_p1_final.pdf
2025,1,783,915,MU,,IDM,Government Medical College Idukki,MBBS,MU,12,mbbs_p1_final.pdf
2025,1,784,916,MU,,IDM,Government Medical College Idukki,MBBS,MU,10,mbbs_p1_final.pdf
2025,1,785,922,VK,,TCM,"Govt. Medical College, Thrissur",MBBS,VK,3,mbbs_p1_final.pdf
2025,1,786,923,EW,,TVM,"Govt. Medical College, Thiruvananthapuram",MBBS,EW,1,mbbs_p1_final.pdf
2025,1,787,936,BH,,ALP,"T D Govt. Medical College, Alappuzha",MBBS,BH,5,mbbs_p1_final.pdf
2025,1,788,941,LA,,KKM,"Govt. Medical College, Kozhikkode",MBBS,LA,1,mbbs_p1_final.pdf
2025,1,789,946,GN,,JMC,"Jubilee Mission Medical College, Thrisur",MBBS,AM,10,mbbs_p1_final.pdf
2025,1,790,947,LA,,KKM,"Govt. Medical College, Kozhikkode",MBBS,LA,1,mbbs_p1_final.pdf
2025,1,791,952,EZ,,MLP,"Govt. Medical College, Manjeri",MBBS,EZ,6,mbbs_p1_final.pdf
2025,1,792,955,MU,,JMC,"Jubilee Mission Medical College, Thrisur",MBBS,AM,13,mbbs_p1_final.pdf
2025,1,793,956,EW,,TVM,"Govt. Medical College, Thiruvananthapuram",MBBS,EW,1,mbbs_p1_final.pdf
2025,1,794,957,EZ,,KNM,Government Medical College Kannur,MBBS,EZ,5,mbbs_p1_final.pdf
2025,1,795,958,DV,,TVM,"Govt. Medical College, Thiruvananthapuram",MBBS,DV,1,mbbs_p1_final.pdf
2025,1,796,959,EZ,,CMC,"Govt. Medical College, Ernakulam",MBBS,EZ,6,mbbs_p1_final.pdf
2025,1,797,967,BH,,ALP,"T D Govt. Medical College, Alappuzha",MBBS,BH,5,mbbs_p1_final.pdf
2025,1,798,973,EW,,KKM,"Govt. Medical College, Kozhikkode",MBBS,EW,1,mbbs_p1_final.pdf
2025,1,799,976,EZ,,CMC,"Govt. Medical College, Ernakulam",MBBS,EZ,6,mbbs_p1_final.pdf
2025,1,800,977,EZ,,CMC,"Govt. Medical College, Ernakulam",MBBS,EZ,4,mbbs_p1_final.pdf
2025,1,801,979,EW,,TCM,"Govt. Medical College, Thrissur",MBBS,EW,2,mbbs_p1_final.pdf
2025,1,802,980,GN,,JMC,"Jubilee Mission Medical College, Thrisur",MBBS,AM,7,mbbs_p1_final.pdf
2025,1,803,981,BH,,MLP,"Govt. Medical College, Manjeri",MBBS,BH,3,mbbs_p1_final.pdf
2025,1,804,990,LA,,KTM,"Govt. Medical College, Kottayam",MBBS,LA,3,mbbs_p1_final.pdf
2025,1,805,996,EZ,,KLM,"Govt. Medical College, Parippally, Kollam",MBBS,EZ,7,mbbs_p1_final.pdf
2025,1,806,999,EZ,,KNM,Government Medical College Kannur,MBBS,EZ,5,mbbs_p1_final.pdf
2025,1,807,1009,EZ,,KNM,Government Medical College Kannur,MBBS,EZ,8,mbbs_p1_final.pdf
2025,1,808,1011,EW,,TVM,"Govt. Medical College, Thiruvananthapuram",MBBS,EW,1,mbbs_p1_final.pdf
2025,1,809,1013,GN,,JMC,"Jubilee Mission Medical College, Thrisur",MBBS,AM,13,mbbs_p1_final.pdf
2025,1,810,1014,EZ,,KLM,"Govt. Medical College, Parippally, Kollam",MBBS,EZ,7,mbbs_p1_final.pdf
2025,1,811,1016,EZ,,KNM,Government Medical College Kannur,MBBS,EZ,8,mbbs_p1_final.pdf
2025,1,812,1020,LA,,KTM,"Govt. Medical College, Kottayam",MBBS,LA,3,mbbs_p1_final.pdf
2025,1,813,1022,EZ,,PKM,"Government Medical College, Palakkad",MBBS,EZ,7,mbbs_p1_final.pdf
2025,1,814,1026,EZ,,KLM,"Govt. Medical College, Parippally, Kollam",MBBS,EZ,7,mbbs_p1_final.pdf
2025,1,815,1032,EZ,,KNM,Government Medical College Kannur,MBBS,EZ,8,mbbs_p1_final.pdf
2025,1,816,1039,EW,,TVM,"Govt. Medical College, Thiruvananthapuram",MBBS,EW,1,mbbs_p1_final.pdf
2025,1,817,1051,EZ,,KNM,Government Medical College Kannur,MBBS,EZ,8,mbbs_p1_final.pdf
2025,1,818,1053,EZ,,KLM,"Govt. Medical College, Parippally, Kollam",MBBS,FL-EZ,5,mbbs_p1_final.pdf
2025,1,819,1057,EZ,,KNM,Government Medical College Kannur,MBBS,FL-EZ,8,mbbs_p1_final.pdf
2025,1,820,1061,EW,,TVM,"Govt. Medical College, Thiruvananthapuram",MBBS,EW,1,mbbs_p1_final.pdf
2025,1,821,1068,LA,,KTM,"Govt. Medical College, Kottayam",MBBS,LA,3,mbbs_p1_final.pdf
2025,1,822,1078,EZ,,KNM,Government Medical College Kannur,MBBS,FL-EZ,8,mbbs_p1_final.pdf
2025,1,823,1083,EZ,,KNM,Government Medical College Kannur,MBBS,FL-EZ,6,mbbs_p1_final.pdf
2025,1,824,1086,EZ,,KNM,Government Medical College Kannur,MBBS,FL-EZ,8,mbbs_p1_final.pdf
2025,1,825,1089,EZ,,PKM,"Government Medical College, Palakkad",MBBS,FL-EZ,9,mbbs_p1_final.pdf
2025,1,826,1091,BH,,KNM,Government Medical College Kannur,MBBS,BH,5,mbbs_p1_final.pdf
2025,1,827,1093,EW,,TVM,"Govt. Medical College, Thiruvananthapuram",MBBS,EW,2,mbbs_p1_final.pdf
2025,1,828,1096,EW,,TVM,"Govt. Medical College, Thiruvananthapuram",MBBS,EW,2,mbbs_p1_final.pdf
2025,1,829,1099,EZ,,KLM,"Govt. Medical College, Parippally, Kollam",MBBS,FL-EZ,9,mbbs_p1_final.pdf
2025,1,830,1103,EZ,,KLM,"Govt. Medical College, Parippally, Kollam",MBBS,FL-EZ,9,mbbs_p1_final.pdf
2025,1,831,1104,EW,,TVM,"Govt. Medical College, Thiruvananthapuram",MBBS,EW,2,mbbs_p1_final.pdf
2025,1,832,1115,EZ,,PKM,"Government Medical College, Palakkad",MBBS,FL-EZ,9,mbbs_p1_final.pdf
2025,1,833,1122,EZ,,PKM,"Government Medical College, Palakkad",MBBS,FL-EZ,8,mbbs_p1_final.pdf
2025,1,834,1127,EW,,TVM,"Govt. Medical College, Thiruvananthapuram",MBBS,EW,1,mbbs_p1_final.pdf
2025,1,835,1130,SC,,KKM,"Govt. Medical College, Kozhikkode",MBBS,SC,1,mbbs_p1_final.pdf
2025,1,836,1135,EW,,TVM,"Govt. Medical College, Thiruvananthapuram",MBBS,EW,1,mbbs_p1_final.pdf
2025,1,837,1136,MU,,JMC,"Jubilee Mission Medical College, Thrisur",MBBS,AM,13,mbbs_p1_final.pdf
2025,1,838,1139,EZ,,KLM,"Govt. Medical College, Parippally, Kollam",MBBS,FL-EZ,7,mbbs_p1_final.pdf
2025,1,839,1140,EZ,,KLM,"Govt. Medical College, Parippally, Kollam",MBBS,FL-EZ,9,mbbs_p1_final.pdf
2025,1,840,1141,EZ,,KLM,"Govt. Medical College, Parippally, Kollam",MBBS,FL-EZ,8,mbbs_p1_final.pdf
2025,1,841,1145,EW,,TVM,"Govt. Medical College, Thiruvananthapuram",MBBS,EW,1,mbbs_p1_final.pdf
2025,1,842,1149,BX,,KKM,"Govt. Medical College, Kozhikkode",MBBS,BX,1,mbbs_p1_final.pdf
2025,1,843,1152,EZ,,KLM,"Govt. Medical College, Parippally, Kollam",MBBS,FL-EZ,8,mbbs_p1_final.pdf
2025,1,844,1154,BH,,KNM,Government Medical College Kannur,MBBS,BH,4,mbbs_p1_final.pdf
2025,1,845,1159,GN,,TRM,"Travancore Medical College, Umayanalloor, Kollam",MBBS,AM,10,mbbs_p1_final.pdf
2025,1,846,1161,EZ,,KLM,"Govt. Medical College, Parippally, Kollam",MBBS,FL-EZ,7,mbbs_p1_final.pdf
2025,1,847,1166,EZ,,KLM,"Govt. Medical College, Parippally, Kollam",MBBS,FL-EZ,9,mbbs_p1_final.pdf
2025,1,848,1169,EZ,,KLM,"Govt. Medical College, Parippally, Kollam",MBBS,FL-EZ,8,mbbs_p1_final.pdf
2025,1,849,1172,EZ,,KLM,"Govt. Medical College, Parippally, Kollam",MBBS,FL-EZ,9,mbbs_p1_final.pdf
2025,1,850,1175,EZ,,IDM,Government Medical College Idukki,MBBS,EZ,9,mbbs_p1_final.pdf
2025,1,851,1177,EZ,,KLM,"Govt. Medical College, Parippally, Kollam",MBBS,FL-EZ,9,mbbs_p1_final.pdf
2025,1,852,1179,EW,,TVM,"Govt. Medical College, Thiruvananthapuram",MBBS,EW,2,mbbs_p1_final.pdf
2025,1,853,1181,BH,,CMC,"Govt. Medical College, Ernakulam",MBBS,BH,5,mbbs_p1_final.pdf
2025,1,854,1183,GN,,JMC,"Jubilee Mission Medical College, Thrisur",MBBS,AM,9,mbbs_p1_final.pdf
2025,1,855,1188,EW,,KTM,"Govt. Medical College, Kottayam",MBBS,EW,1,mbbs_p1_final.pdf
2025,1,856,1194,EZ,,KLM,"Govt. Medical College, Parippally, Kollam",MBBS,FL-EZ,9,mbbs_p1_final.pdf
2025,1,857,1195,LA,,ALP,"T D Govt. Medical College, Alappuzha",MBBS,LA,2,mbbs_p1_final.pdf
2025,1,858,1196,EW,,MLP,"Govt. Medical College, Manjeri",MBBS,EW,2,mbbs_p1_final.pdf
2025,1,859,1200,LA,,TCM,"Govt. Medical College, Thrissur",MBBS,LA,4,mbbs_p1_final.pdf
2025,1,860,1201,DV,,KKM,"Govt. Medical College, Kozhikkode",MBBS,DV,1,mbbs_p1_final.pdf
2025,1,861,1204,EW,,TVM,"Govt. Medical College, Thiruvananthapuram",MBBS,EW,2,mbbs_p1_final.pdf
2025,1,862,1212,VK,,TCM,"Govt. Medical College, Thrissur",MBBS,VK,4,mbbs_p1_final.pdf
2025,1,863,1213,EZ,,KLM,"Govt. Medical College, Parippally, Kollam",MBBS,FL-EZ,9,mbbs_p1_final.pdf
2025,1,864,1216,EZ,,KLM,"Govt. Medical College, Parippally, Kollam",MBBS,FL-EZ,6,mbbs_p1_final.pdf
2025,1,865,1218,EZ,,KLM,"Govt. Medical College, Parippally, Kollam",MBBS,FL-EZ,7,mbbs_p1_final.pdf
2025,1,866,1220,EW,,ALP,"T D Govt. Medical College, Alappuzha",MBBS,EW,1,mbbs_p1_final.pdf
2025,1,867,1222,GN,,JMC,"Jubilee Mission Medical College, Thrisur",MBBS,AM,4,mbbs_p1_final.pdf
2025,1,868,1223,VK,,TCM,"Govt. Medical College, Thrissur",MBBS,VK,4,mbbs_p1_final.pdf
2025,1,869,1224,EZ,,KLM,"Govt. Medical College, Parippally, Kollam",MBBS,FL-EZ,9,mbbs_p1_final.pdf
2025,1,870,1230,EZ,,KLM,"Govt. Medical College, Parippally, Kollam",MBBS,FL-EZ,9,mbbs_p1_final.pdf
2025,1,871,1234,VK,,ALP,"T D Govt. Medical College, Alappuzha",MBBS,VK,5,mbbs_p1_final.pdf
2025,1,872,1238,EW,,TCM,"Govt. Medical College, Thrissur",MBBS,EW,1,mbbs_p1_final.pdf
2025,1,873,1240,EW,,KTM,"Govt. Medical College, Kottayam",MBBS,EW,1,mbbs_p1_final.pdf
2025,1,874,1241,EW,,KTM,"Govt. Medical College, Kottayam",MBBS,EW,3,mbbs_p1_final.pdf
2025,1,875,1242,BH,,ALP,"T D Govt. Medical College, Alappuzha",MBBS,BH,5,mbbs_p1_final.pdf
2025,1,876,1248,GN,,SUC,"SUT Accademy of Medical Sciences, Thiruvananthapuram",MBBS,AM,13,mbbs_p1_final.pdf
2025,1,877,1250,GN,,JMC,"Jubilee Mission Medical College, Thrisur",MBBS,AM,5,mbbs_p1_final.pdf
2025,1,878,1251,EZ,,KLM,"Govt. Medical College, Parippally, Kollam",MBBS,FL-EZ,9,mbbs_p1_final.pdf
2025,1,879,1252,EZ,,KLM,"Govt. Medical College, Parippally, Kollam",MBBS,FL-EZ,9,mbbs_p1_final.pdf
2025,1,880,1263,EZ,,KLM,"Govt. Medical College, Parippally, Kollam",MBBS,FL-EZ,7,mbbs_p1_final.pdf
2025,1,881,1264,EZ,,KLM,"Govt. Medical College, Parippally, Kollam",MBBS,FL-EZ,7,mbbs_p1_final.pdf
2025,1,882,1270,EZ,,KLM,"Govt. Medical College, Parippally, Kollam",MBBS,FL-EZ,6,mbbs_p1_final.pdf
2025,1,883,1276,EZ,,KLM,"Govt. Medical College, Parippally, Kollam",MBBS,FL-EZ,9,mbbs_p1_final.pdf
2025,1,884,1277,BH,,CMC,"Govt. Medical College, Ernakulam",MBBS,BH,8,mbbs_p1_final.pdf
2025,1,885,1278,EZ,,PTM,"Government Medical College, Konni, Pathanamthitta",MBBS,EZ,10,mbbs_p1_final.pdf
2025,1,886,1279,EZ,,PKM,"Government Medical College, Palakkad",MBBS,FL-EZ,10,mbbs_p1_final.pdf
2025,1,887,1280,EZ,,PTM,"Government Medical College, Konni, Pathanamthitta",MBBS,EZ,9,mbbs_p1_final.pdf
2025,1,888,1282,EZ,,PTM,"Government Medical College, Konni, Pathanamthitta",MBBS,EZ,10,mbbs_p1_final.pdf
2025,1,889,1286,EW,,KTM,"Govt. Medical College, Kottayam",MBBS,EW,1,mbbs_p1_final.pdf
2025,1,890,1287,EZ,,PTM,"Government Medical College, Konni, Pathanamthitta",MBBS,EZ,10,mbbs_p1_final.pdf
2025,1,891,1290,EZ,,PTM,"Government Medical College, Konni, Pathanamthitta",MBBS,EZ,8,mbbs_p1_final.pdf
2025,1,892,1293,EZ,,PKM,"Government Medical College, Palakkad",MBBS,FL-EZ,10,mbbs_p1_final.pdf
2025,1,893,1294,EW,,KTM,"Govt. Medical College, Kottayam",MBBS,EW,3,mbbs_p1_final.pdf
2025,1,894,1295,EZ,,PKM,"Government Medical College, Palakkad",MBBS,FL-EZ,9,mbbs_p1_final.pdf
2025,1,895,1297,EZ,,PKM,"Government Medical College, Palakkad",MBBS,FL-EZ,10,mbbs_p1_final.pdf
2025,1,896,1298,EW,,KTM,"Govt. Medical College, Kottayam",MBBS,EW,3,mbbs_p1_final.pdf
2025,1,897,1299,VK,,MLP,"Govt. Medical College, Manjeri",MBBS,VK,4,mbbs_p1_final.pdf
2025,1,898,1300,EZ,,IDM,Government Medical College Idukki,MBBS,EZ,11,mbbs_p1_final.pdf
2025,1,899,1303,SC,,TVM,"Govt. Medical College, Thiruvananthapuram",MBBS,SC,1,mbbs_p1_final.pdf
2025,1,900,1307,EZ,,PTM,"Government Medical College, Konni, Pathanamthitta",MBBS,EZ,10,mbbs_p1_final.pdf
2025,1,901,1310,EW,,TCM,"Govt. Medical College, Thrissur",MBBS,EW,2,mbbs_p1_final.pdf
2025,1,902,1317,BH,,KLM,"Govt. Medical College, Parippally, Kollam",MBBS,BH,8,mbbs_p1_final.pdf
2025,1,903,1323,EW,,KTM,"Govt. Medical College, Kottayam",MBBS,EW,3,mbbs_p1_final.pdf
2025,1,904,1326,EW,,KTM,"Govt. Medical College, Kottayam",MBBS,EW,1,mbbs_p1_final.pdf
2025,1,905,1328,EW,,KTM,"Govt. Medical College, Kottayam",MBBS,EW,3,mbbs_p1_final.pdf
2025,1,906,1330,EZ,,IDM,Government Medical College Idukki,MBBS,EZ,10,mbbs_p1_final.pdf
2025,1,907,1333,EZ,,PTM,"Government Medical College, Konni, Pathanamthitta",MBBS,EZ,8,mbbs_p1_final.pdf
2025,1,908,1334,EZ,,PTM,"Government Medical College, Konni, Pathanamthitta",MBBS,FL-EZ,8,mbbs_p1_final.pdf
2025,1,909,1335,EW,,TCM,"Govt. Medical College, Thrissur",MBBS,EW,3,mbbs_p1_final.pdf
2025,1,910,1339,EZ,,PTM,"Government Medical College, Konni, Pathanamthitta",MBBS,FL-EZ,11,mbbs_p1_final.pdf
2025,1,911,1341,BH,,KLM,"Govt. Medical College, Parippally, Kollam",MBBS,BH,8,mbbs_p1_final.pdf
2025,1,912,1345,MU,,KCM,"KMCT Medical College, Mukkom, Kozikkode",MBBS,AM,12,mbbs_p1_final.pdf
2025,1,913,1347,EW,,KTM,"Govt. Medical College, Kottayam",MBBS,EW,3,mbbs_p1_final.pdf
2025,1,914,1348,EW,,TCM,"Govt. Medical College, Thrissur",MBBS,EW,4,mbbs_p1_final.pdf
2025,1,915,1350,GN,,GMC,"Sree Gokulam Medical College, Venjaramoodu, TVPM",MBBS,AM,10,mbbs_p1_final.pdf
2025,1,916,1351,BX,,KTM,"Govt. Medical College, Kottayam",MBBS,BX,2,mbbs_p1_final.pdf
2025,1,917,1356,EW,,TCM,"Govt. Medical College, Thrissur",MBBS,EW,3,mbbs_p1_final.pdf
2025,1,918,1358,EW,,TCM,"Govt. Medical College, Thrissur",MBBS,EW,4,mbbs_p1_final.pdf
2025,1,919,1359,BH,,IDM,Government Medical College Idukki,MBBS,BH,10,mbbs_p1_final.pdf
2025,1,920,1361,GN,,GMC,"Sree Gokulam Medical College, Venjaramoodu, TVPM",MBBS,AM,9,mbbs_p1_final.pdf
2025,1,921,1364,BH,,PTM,"Government Medical College, Konni, Pathanamthitta",MBBS,BH,11,mbbs_p1_final.pdf
2025,1,922,1368,EZ,,PTM,"Government Medical College, Konni, Pathanamthitta",MBBS,FL-EZ,10,mbbs_p1_final.pdf
2025,1,923,1370,EZ,,JMC,"Jubilee Mission Medical College, Thrisur",MBBS,AM,7,mbbs_p1_final.pdf
2025,1,924,1387,MU,,KKM,"Govt. Medical College, Kozhikkode",MBBS,PT,1,mbbs_p1_final.pdf
2025,1,925,1388,EZ,,IDM,Government Medical College Idukki,MBBS,EZ,9,mbbs_p1_final.pdf
2025,1,926,1390,VK,,ALP,"T D Govt. Medical College, Alappuzha",MBBS,VK,5,mbbs_p1_final.pdf
2025,1,927,1392,VK,,MLP,"Govt. Medical College, Manjeri",MBBS,VK,6,mbbs_p1_final.pdf
2025,1,928,1394,EZ,,IDM,Government Medical College Idukki,MBBS,EZ,10,mbbs_p1_final.pdf
2025,1,929,1396,BH,,IDM,Government Medical College Idukki,MBBS,BH,10,mbbs_p1_final.pdf
2025,1,930,1397,EZ,,PTM,"Government Medical College, Konni, Pathanamthitta",MBBS,FL-EZ,11,mbbs_p1_final.pdf
2025,1,931,1400,LA,,TCM,"Govt. Medical College, Thrissur",MBBS,LA,3,mbbs_p1_final.pdf
2025,1,932,1403,EZ,,PTM,"Government Medical College, Konni, Pathanamthitta",MBBS,FL-EZ,11,mbbs_p1_final.pdf
2025,1,933,1404,SC,,KKM,"Govt. Medical College, Kozhikkode",MBBS,SC,1,mbbs_p1_final.pdf
2025,1,934,1410,EZ,,PTM,"Government Medical College, Konni, Pathanamthitta",MBBS,FL-EZ,10,mbbs_p1_final.pdf
2025,1,935,1416,EZ,,PTM,"Government Medical College, Konni, Pathanamthitta",MBBS,FL-EZ,11,mbbs_p1_final.pdf
2025,1,936,1417,EZ,,IDM,Government Medical College Idukki,MBBS,EZ,11,mbbs_p1_final.pdf
2025,1,937,1419,BH,,PTM,"Government Medical College, Konni, Pathanamthitta",MBBS,BH,10,mbbs_p1_final.pdf
2025,1,938,1421,BX,,TCM,"Govt. Medical College, Thrissur",MBBS,BX,4,mbbs_p1_final.pdf
2025,1,939,1430,EZ,,PTM,"Government Medical College, Konni, Pathanamthitta",MBBS,FL-EZ,10,mbbs_p1_final.pdf
2025,1,940,1432,EZ,,PTM,"Government Medical College, Konni, Pathanamthitta",MBBS,FL-EZ,8,mbbs_p1_final.pdf
2025,1,941,1435,EZ,,PTM,"Government Medical College, Konni, Pathanamthitta",MBBS,FL-EZ,10,mbbs_p1_final.pdf
2025,1,942,1438,LA,,TCM,"Govt. Medical College, Thrissur",MBBS,LA,4,mbbs_p1_final.pdf
2025,1,943,1439,VK,,CMC,"Govt. Medical College, Ernakulam",MBBS,VK,5,mbbs_p1_final.pdf
2025,1,944,1440,EZ,,PTM,"Government Medical College, Konni, Pathanamthitta",MBBS,FL-EZ,11,mbbs_p1_final.pdf
2025,1,945,1445,EW,,TCM,"Govt. Medical College, Thrissur",MBBS,EW,4,mbbs_p1_final.pdf
2025,1,946,1447,EZ,,PTM,"Government Medical College, Konni, Pathanamthitta",MBBS,FL-EZ,9,mbbs_p1_final.pdf
2025,1,947,1450,EW,,TCM,"Govt. Medical College, Thrissur",MBBS,EW,3,mbbs_p1_final.pdf
2025,1,948,1451,GN,,JMC,"Jubilee Mission Medical College, Thrisur",MBBS,AM,10,mbbs_p1_final.pdf
2025,1,949,1457,EW,,TCM,"Govt. Medical College, Thrissur",MBBS,EW,3,mbbs_p1_final.pdf
2025,1,950,1459,EZ,,PTM,"Government Medical College, Konni, Pathanamthitta",MBBS,FL-EZ,4,mbbs_p1_final.pdf
2025,1,951,1480,BH,,PTM,"Government Medical College, Konni, Pathanamthitta",MBBS,FL-BH,10,mbbs_p1_final.pdf
2025,1,952,1485,VK,,KNM,Government Medical College Kannur,MBBS,VK,5,mbbs_p1_final.pdf
2025,1,953,1486,MU,,AMC,"Amala Institute of Medical Sciences, Thrissur",MBBS,AM,13,mbbs_p1_final.pdf
2025,1,954,1487,EZ,,PTM,"Government Medical College, Konni, Pathanamthitta",MBBS,FL-EZ,11,mbbs_p1_final.pdf
2025,1,955,1495,BX,,ALP,"T D Govt. Medical College, Alappuzha",MBBS,BX,4,mbbs_p1_final.pdf
2025,1,956,1496,EW,,TCM,"Govt. Medical College, Thrissur",MBBS,EW,3,mbbs_p1_final.pdf
2025,1,957,1497,EZ,,PTM,"Government Medical College, Konni, Pathanamthitta",MBBS,FL-EZ,10,mbbs_p1_final.pdf
2025,1,958,1498,EW,,TCM,"Govt. Medical College, Thrissur",MBBS,EW,2,mbbs_p1_final.pdf
2025,1,959,1502,EZ,,PTM,"Government Medical College, Konni, Pathanamthitta",MBBS,FL-EZ,11,mbbs_p1_final.pdf
2025,1,960,1504,EW,,TCM,"Govt. Medical College, Thrissur",MBBS,EW,4,mbbs_p1_final.pdf
2025,1,961,1508,MU,,TRM,"Travancore Medical College, Umayanalloor, Kollam",MBBS,AM,13,mbbs_p1_final.pdf
2025,1,962,1520,EW,,ALP,"T D Govt. Medical College, Alappuzha",MBBS,EW,4,mbbs_p1_final.pdf
2025,1,963,1524,EZ,,PTM,"Government Medical College, Konni, Pathanamthitta",MBBS,FL-EZ,11,mbbs_p1_final.pdf
2025,1,964,1527,GN,,JMC,"Jubilee Mission Medical College, Thrisur",MBBS,AM,12,mbbs_p1_final.pdf
2025,1,965,1528,GN,,GMC,"Sree Gokulam Medical College, Venjaramoodu, TVPM",MBBS,AM,9,mbbs_p1_final.pdf
2025,1,966,1531,BH,,PTM,"Government Medical College, Konni, Pathanamthitta",MBBS,FL-BH,10,mbbs_p1_final.pdf
2025,1,967,1535,BH,,PTM,"Government Medical College, Konni, Pathanamthitta",MBBS,FL-BH,10,mbbs_p1_final.pdf
2025,1,968,1536,VK,,KNM,Government Medical College Kannur,MBBS,VK,8,mbbs_p1_final.pdf
2025,1,969,1537,EZ,,PTM,"Government Medical College, Konni, Pathanamthitta",MBBS,FL-EZ,9,mbbs_p1_final.pdf
2025,1,970,1545,BH,,PTM,"Government Medical College, Konni, Pathanamthitta",MBBS,FL-BH,10,mbbs_p1_final.pdf
2025,1,971,1548,LA,,TCM,"Govt. Medical College, Thrissur",MBBS,LA,3,mbbs_p1_final.pdf
2025,1,972,1549,BH,,PTM,"Government Medical College, Konni, Pathanamthitta",MBBS,FL-BH,10,mbbs_p1_final.pdf
2025,1,973,1550,SC,,KKM,"Govt. Medical College, Kozhikkode",MBBS,SC,1,mbbs_p1_final.pdf
2025,1,974,1558,EZ,,PTM,"Government Medical College, Konni, Pathanamthitta",MBBS,FL-EZ,8,mbbs_p1_final.pdf
2025,1,975,1564,EW,,ALP,"T D Govt. Medical College, Alappuzha",MBBS,EW,5,mbbs_p1_final.pdf
2025,1,976,1565,EZ,,PTM,"Government Medical College, Konni, Pathanamthitta",MBBS,FL-EZ,8,mbbs_p1_final.pdf
2025,1,977,1568,EW,,ALP,"T D Govt. Medical College, Alappuzha",MBBS,EW,4,mbbs_p1_final.pdf
2025,1,978,1572,BH,,AMC,"Amala Institute of Medical Sciences, Thrissur",MBBS,AM,9,mbbs_p1_final.pdf
2025,1,979,1574,EZ,,PTM,"Government Medical College, Konni, Pathanamthitta",MBBS,FL-EZ,8,mbbs_p1_final.pdf
2025,1,980,1579,EZ,,PTM,"Government Medical College, Konni, Pathanamthitta",MBBS,FL-EZ,8,mbbs_p1_final.pdf
2025,1,981,1581,EW,,KNM,Government Medical College Kannur,MBBS,EW,5,mbbs_p1_final.pdf
2025,1,982,1583,GN,,KKD,"Govt. Dental College, Kozhikkode",BDS,SM,13,mbbs_p1_final.pdf
2025,1,983,1588,EZ,,PTM,"Government Medical College, Konni, Pathanamthitta",MBBS,FL-EZ,10,mbbs_p1_final.pdf
2025,1,984,1592,GN,,JMC,"Jubilee Mission Medical College, Thrisur",MBBS,AM,13,mbbs_p1_final.pdf
2025,1,985,1597,BH,,JMC,"Jubilee Mission Medical College, Thrisur",MBBS,AM,9,mbbs_p1_final.pdf
2025,1,986,1599,EZ,,PTM,"Government Medical College, Konni, Pathanamthitta",MBBS,FL-EZ,10,mbbs_p1_final.pdf
2025,1,987,1600,LA,,ALP,"T D Govt. Medical College, Alappuzha",MBBS,LA,3,mbbs_p1_final.pdf
2025,1,988,1602,BX,,CMC,"Govt. Medical College, Ernakulam",MBBS,BX,6,mbbs_p1_final.pdf
2025,1,989,1604,BH,,PTM,"Government Medical College, Konni, Pathanamthitta",MBBS,FL-BH,11,mbbs_p1_final.pdf
2025,1,990,1605,EZ,,PTM,"Government Medical College, Konni, Pathanamthitta",MBBS,FL-EZ,10,mbbs_p1_final.pdf
2025,1,991,1611,GN,,KTM,"Govt. Medical College, Kottayam",MBBS,PI,2,mbbs_p1_final.pdf
2025,1,992,1615,EZ,,PTM,"Government Medical College, Konni, Pathanamthitta",MBBS,FL-EZ,10,mbbs_p1_final.pdf
2025,1,993,1617,EZ,,PTM,"Government Medical College, Konni, Pathanamthitta",MBBS,FL-EZ,11,mbbs_p1_final.pdf
2025,1,994,1622,EZ,,PTM,"Government Medical College, Konni, Pathanamthitta",MBBS,FL-EZ,11,mbbs_p1_final.pdf
2025,1,995,1625,MU,,JMC,"Jubilee Mission Medical College, Thrisur",MBBS,SM,13,mbbs_p1_final.pdf
2025,1,996,1626,EW,,ALP,"T D Govt. Medical College, Alappuzha",MBBS,EW,5,mbbs_p1_final.pdf
2025,1,997,1627,EZ,,IDM,Government Medical College Idukki,MBBS,EZ,12,mbbs_p1_final.pdf
2025,1,998,1628,EW,,ALP,"T D Govt. Medical College, Alappuzha",MBBS,EW,5,mbbs_p1_final.pdf
2025,1,999,1639,GN,,AMC,"Amala Institute of Medical Sciences, Thrissur",MBBS,AM,2,mbbs_p1_final.pdf
2025,1,1000,1656,BH,,IDM,Government Medical College Idukki,MBBS,FL-BH,11,mbbs_p1_final.pdf
2025,1,1001,1659,MU,,JMC,"Jubilee Mission Medical College, Thrisur",MBBS,SM,13,mbbs_p1_final.pdf
2025,1,1002,1660,EW,,KLM,"Govt. Medical College, Parippally, Kollam",MBBS,EW,2,mbbs_p1_final.pdf
2025,1,1003,1662,EW,,ALP,"T D Govt. Medical College, Alappuzha",MBBS,EW,5,mbbs_p1_final.pdf
2025,1,1004,1665,EW,,ALP,"T D Govt. Medical College, Alappuzha",MBBS,EW,4,mbbs_p1_final.pdf
2025,1,1005,1666,EW,,ALP,"T D Govt. Medical College, Alappuzha",MBBS,EW,5,mbbs_p1_final.pdf
2025,1,1006,1672,EW,,ALP,"T D Govt. Medical College, Alappuzha",MBBS,EW,5,mbbs_p1_final.pdf
2025,1,1007,1676,EW,,ALP,"T D Govt. Medical College, Alappuzha",MBBS,EW,3,mbbs_p1_final.pdf
2025,1,1008,1679,BH,,PTM,"Government Medical College, Konni, Pathanamthitta",MBBS,FL-BH,10,mbbs_p1_final.pdf
2025,1,1009,1688,EW,,ALP,"T D Govt. Medical College, Alappuzha",MBBS,EW,5,mbbs_p1_final.pdf
2025,1,1010,1693,GN,,JMC,"Jubilee Mission Medical College, Thrisur",MBBS,SM,13,mbbs_p1_final.pdf
2025,1,1011,1696,EW,,ALP,"T D Govt. Medical College, Alappuzha",MBBS,EW,5,mbbs_p1_final.pdf
2025,1,1012,1701,GN,,JMC,"Jubilee Mission Medical College, Thrisur",MBBS,SM,13,mbbs_p1_final.pdf
2025,1,1013,1706,VK,,PTM,"Government Medical College, Konni, Pathanamthitta",MBBS,VK,6,mbbs_p1_final.pdf
2025,1,1014,1716,GN,,JMC,"Jubilee Mission Medical College, Thrisur",MBBS,SM,13,mbbs_p1_final.pdf
2025,1,1015,1717,EW,,CMC,"Govt. Medical College, Ernakulam",MBBS,EW,6,mbbs_p1_final.pdf
2025,1,1016,1718,GN,,PMC,"Pushpagiri Institute of Medical Science, Thiruvalla",MBBS,AM,11,mbbs_p1_final.pdf
2025,1,1017,1722,GN,,JMC,"Jubilee Mission Medical College, Thrisur",MBBS,SM,5,mbbs_p1_final.pdf
2025,1,1018,1724,BX,,KNM,Government Medical College Kannur,MBBS,BX,7,mbbs_p1_final.pdf
2025,1,1019,1729,EW,,KLM,"Govt. Medical College, Parippally, Kollam",MBBS,EW,6,mbbs_p1_final.pdf
2025,1,1020,1733,LA,,ALP,"T D Govt. Medical College, Alappuzha",MBBS,LA,3,mbbs_p1_final.pdf
2025,1,1021,1736,EZ,,JMC,"Jubilee Mission Medical College, Thrisur",MBBS,SM,12,mbbs_p1_final.pdf
2025,1,1022,1738,GN,,JMC,"Jubilee Mission Medical College, Thrisur",MBBS,SM,13,mbbs_p1_final.pdf
2025,1,1023,1743,BH,,PTM,"Government Medical College, Konni, Pathanamthitta",MBBS,FL-BH,11,mbbs_p1_final.pdf
2025,1,1024,1746,EW,,MLP,"Govt. Medical College, Manjeri",MBBS,EW,5,mbbs_p1_final.pdf
2025,1,1025,1747,EW,,CMC,"Govt. Medical College, Ernakulam",MBBS,EW,6,mbbs_p1_final.pdf
2025,1,1026,1752,EW,,CMC,"Govt. Medical College, Ernakulam",MBBS,EW,6,mbbs_p1_final.pdf
2025,1,1027,1753,EW,,CMC,"Govt. Medical College, Ernakulam",MBBS,EW,4,mbbs_p1_final.pdf
2025,1,1028,1754,EW,,CMC,"Govt. Medical College, Ernakulam",MBBS,EW,6,mbbs_p1_final.pdf
2025,1,1029,1759,GN,,JMC,"Jubilee Mission Medical College, Thrisur",MBBS,SM,13,mbbs_p1_final.pdf
2025,1,1030,1769,EW,,CMC,"Govt. Medical College, Ernakulam",MBBS,EW,6,mbbs_p1_final.pdf
2025,1,1031,1771,GN,,TVD,"Govt. Dental College, Thiruvananthapuram",BDS,SM,13,mbbs_p1_final.pdf
2025,1,1032,1779,BH,,PTM,"Government Medical College, Konni, Pathanamthitta",MBBS,FL-BH,10,mbbs_p1_final.pdf
2025,1,1033,1780,DV,,KTM,"Govt. Medical College, Kottayam",MBBS,DV,1,mbbs_p1_final.pdf
2025,1,1034,1794,BX,,MLP,"Govt. Medical College, Manjeri",MBBS,BX,7,mbbs_p1_final.pdf
2025,1,1035,1795,EW,,CMC,"Govt. Medical College, Ernakulam",MBBS,EW,6,mbbs_p1_final.pdf
2025,1,1036,1796,GN,,JMC,"Jubilee Mission Medical College, Thrisur",MBBS,SM,13,mbbs_p1_final.pdf
2025,1,1037,1801,GN,,GMC,"Sree Gokulam Medical College, Venjaramoodu, TVPM",MBBS,AM,9,mbbs_p1_final.pdf
2025,1,1038,1811,BH,,AMC,"Amala Institute of Medical Sciences, Thrissur",MBBS,AM,9,mbbs_p1_final.pdf
2025,1,1039,1812,GN,,JMC,"Jubilee Mission Medical College, Thrisur",MBBS,SM,13,mbbs_p1_final.pdf
2025,1,1040,1818,EW,,CMC,"Govt. Medical College, Ernakulam",MBBS,EW,5,mbbs_p1_final.pdf
2025,1,1041,1819,VK,,KLM,"Govt. Medical College, Parippally, Kollam",MBBS,VK,9,mbbs_p1_final.pdf
2025,1,1042,1825,GN,,JMC,"Jubilee Mission Medical College, Thrisur",MBBS,SM,13,mbbs_p1_final.pdf
2025,1,1043,1827,EW,,CMC,"Govt. Medical College, Ernakulam",MBBS,EW,4,mbbs_p1_final.pdf
2025,1,1044,1832,GN,,AMC,"Amala Institute of Medical Sciences, Thrissur",MBBS,AM,13,mbbs_p1_final.pdf
2025,1,1045,1838,MU,,JMC,"Jubilee Mission Medical College, Thrisur",MBBS,MU,12,mbbs_p1_final.pdf
2025,1,1046,1844,EW,,KLM,"Govt. Medical College, Parippally, Kollam",MBBS,EW,5,mbbs_p1_final.pdf
2025,1,1047,1847,GN,,AMC,"Amala Institute of Medical Sciences, Thrissur",MBBS,AM,2,mbbs_p1_final.pdf
2025,1,1048,1853,EW,,KNM,Government Medical College Kannur,MBBS,EW,5,mbbs_p1_final.pdf
2025,1,1049,1867,GN,,JMC,"Jubilee Mission Medical College, Thrisur",MBBS,AC,14,mbbs_p1_final.pdf
2025,1,1050,1868,GN,,AMC,"Amala Institute of Medical Sciences, Thrissur",MBBS,AM,12,mbbs_p1_final.pdf
2025,1,1051,1872,EW,,MLP,"Govt. Medical College, Manjeri",MBBS,EW,7,mbbs_p1_final.pdf
2025,1,1052,1877,MU,,AMC,"Amala Institute of Medical Sciences, Thrissur",MBBS,AM,13,mbbs_p1_final.pdf
2025,1,1053,1881,EW,,MLP,"Govt. Medical College, Manjeri",MBBS,EW,7,mbbs_p1_final.pdf
2025,1,1054,1883,BH,,PTM,"Government Medical College, Konni, Pathanamthitta",MBBS,FL-BH,11,mbbs_p1_final.pdf
2025,1,1055,1888,GN,,KTD,"Govt. Dental College, Kottayam",BDS,SM,1,mbbs_p1_final.pdf
2025,1,1056,1891,DV,,TVM,"Govt. Medical College, Thiruvananthapuram",MBBS,DV,1,mbbs_p1_final.pdf
2025,1,1057,1892,BH,,PTM,"Government Medical College, Konni, Pathanamthitta",MBBS,FL-BH,10,mbbs_p1_final.pdf
2025,1,1058,1897,EW,,KNM,Government Medical College Kannur,MBBS,EW,6,mbbs_p1_final.pdf
2025,1,1059,1901,EZ,,JMC,"Jubilee Mission Medical College, Thrisur",MBBS,EZ,8,mbbs_p1_final.pdf
2025,1,1060,1902,BH,,IDM,Government Medical College Idukki,MBBS,FL-BH,11,mbbs_p1_final.pdf
2025,1,1061,1904,EW,,MLP,"Govt. Medical College, Manjeri",MBBS,EW,6,mbbs_p1_final.pdf
2025,1,1062,1908,VK,,PTM,"Government Medical College, Konni, Pathanamthitta",MBBS,VK,10,mbbs_p1_final.pdf
2025,1,1063,1911,EW,,KLM,"Govt. Medical College, Parippally, Kollam",MBBS,EW,7,mbbs_p1_final.pdf
2025,1,1064,1918,GN,,AMC,"Amala Institute of Medical Sciences, Thrissur",MBBS,AM,12,mbbs_p1_final.pdf
2025,1,1065,1927,MU,,KTD,"Govt. Dental College, Kottayam",BDS,SM,13,mbbs_p1_final.pdf
2025,1,1066,1932,EW,,MLP,"Govt. Medical College, Manjeri",MBBS,EW,6,mbbs_p1_final.pdf
2025,1,1067,1934,LA,,ALP,"T D Govt. Medical College, Alappuzha",MBBS,LA,5,mbbs_p1_final.pdf
2025,1,1068,1935,BH,,AMC,"Amala Institute of Medical Sciences, Thrissur",MBBS,AM,11,mbbs_p1_final.pdf
2025,1,1069,1937,EW,,KLM,"Govt. Medical College, Parippally, Kollam",MBBS,EW,7,mbbs_p1_final.pdf
2025,1,1070,1938,LA,,KLM,"Govt. Medical College, Parippally, Kollam",MBBS,LA,4,mbbs_p1_final.pdf
2025,1,1071,1943,EW,,MLP,"Govt. Medical College, Manjeri",MBBS,EW,7,mbbs_p1_final.pdf
2025,1,1072,1946,GN,,PMC,"Pushpagiri Institute of Medical Science, Thiruvalla",MBBS,AM,9,mbbs_p1_final.pdf
2025,1,1073,1953,GN,,BCM,"Believers Church Medical College Hospital, Thiruvalla",MBBS,AM,13,mbbs_p1_final.pdf
2025,1,1074,1954,EW,,MLP,"Govt. Medical College, Manjeri",MBBS,EW,8,mbbs_p1_final.pdf
2025,1,1075,1961,GN,,AMC,"Amala Institute of Medical Sciences, Thrissur",MBBS,AM,11,mbbs_p1_final.pdf
2025,1,1076,1970,MU,,KKD,"Govt. Dental College, Kozhikkode",BDS,SM,13,mbbs_p1_final.pdf
2025,1,1077,1973,GN,,AMC,"Amala Institute of Medical Sciences, Thrissur",MBBS,AM,13,mbbs_p1_final.pdf
2025,1,1078,1980,MU,,KCM,"KMCT Medical College, Mukkom, Kozikkode",MBBS,AM,10,mbbs_p1_final.pdf
2025,1,1079,1981,BH,,AMC,"Amala Institute of Medical Sciences, Thrissur",MBBS,AM,12,mbbs_p1_final.pdf
2025,1,1080,1985,MU,,AMC,"Amala Institute of Medical Sciences, Thrissur",MBBS,AM,12,mbbs_p1_final.pdf
2025,1,1081,1990,GN,,AMC,"Amala Institute of Medical Sciences, Thrissur",MBBS,SM,10,mbbs_p1_final.pdf
2025,1,1082,2002,EW,,KNM,Government Medical College Kannur,MBBS,EW,7,mbbs_p1_final.pdf
2025,1,1083,2006,EZ,,JMC,"Jubilee Mission Medical College, Thrisur",MBBS,EZ,13,mbbs_p1_final.pdf
2025,1,1084,2007,GN,,JMC,"Jubilee Mission Medical College, Thrisur",MBBS,AC,11,mbbs_p1_final.pdf
2025,1,1085,2009,GN,,AMC,"Amala Institute of Medical Sciences, Thrissur",MBBS,SM,14,mbbs_p1_final.pdf
2025,1,1086,2012,EZ,,AMC,"Amala Institute of Medical Sciences, Thrissur",MBBS,SM,14,mbbs_p1_final.pdf
2025,1,1087,2014,EW,,KNM,Government Medical College Kannur,MBBS,EW,6,mbbs_p1_final.pdf
2025,1,1088,2016,GN,,AMC,"Amala Institute of Medical Sciences, Thrissur",MBBS,SM,11,mbbs_p1_final.pdf
2025,1,1089,2032,MU,,AMC,"Amala Institute of Medical Sciences, Thrissur",MBBS,SM,14,mbbs_p1_final.pdf
2025,1,1090,2039,BX,,KLM,"Govt. Medical College, Parippally, Kollam",MBBS,BX,9,mbbs_p1_final.pdf
2025,1,1091,2048,EW,,KNM,Government Medical College Kannur,MBBS,EW,6,mbbs_p1_final.pdf
2025,1,1092,2049,EW,,KNM,Government Medical College Kannur,MBBS,EW,9,mbbs_p1_final.pdf
2025,1,1093,2060,MU,,EMC,"MES Medical College, Perinthalmanna, Malappuram",MBBS,AM,11,mbbs_p1_final.pdf
2025,1,1094,2064,VK,,IDM,Government Medical College Idukki,MBBS,VK,10,mbbs_p1_final.pdf
2025,1,1095,2065,GN,,SUC,"SUT Accademy of Medical Sciences, Thiruvananthapuram",MBBS,AM,3,mbbs_p1_final.pdf
2025,1,1096,2069,GN,,JMC,"Jubilee Mission Medical College, Thrisur",MBBS,AC,14,mbbs_p1_final.pdf
2025,1,1097,2072,GN,,AMC,"Amala Institute of Medical Sciences, Thrissur",MBBS,SM,4,mbbs_p1_final.pdf
2025,1,1098,2078,GN,,AMC,"Amala Institute of Medical Sciences, Thrissur",MBBS,SM,13,mbbs_p1_final.pdf
2025,1,1099,2090,EW,,KNM,Government Medical College Kannur,MBBS,EW,9,mbbs_p1_final.pdf
2025,1,1100,2092,EW,,PTM,"Government Medical College, Konni, Pathanamthitta",MBBS,EW,10,mbbs_p1_final.pdf
2025,1,1101,2101,GN,,JMC,"Jubilee Mission Medical College, Thrisur",MBBS,AC,14,mbbs_p1_final.pdf
2025,1,1102,2103,LA,,CMC,"Govt. Medical College, Ernakulam",MBBS,LA,6,mbbs_p1_final.pdf
2025,1,1103,2107,VK,,PTM,"Government Medical College, Konni, Pathanamthitta",MBBS,FL-VK,11,mbbs_p1_final.pdf
2025,1,1104,2109,EW,,JMC,"Jubilee Mission Medical College, Thrisur",MBBS,AC,11,mbbs_p1_final.pdf
2025,1,1105,2115,MU,,KKD,"Govt. Dental College, Kozhikkode",BDS,SM,13,mbbs_p1_final.pdf
2025,1,1106,2118,EW,,PKM,"Government Medical College, Palakkad",MBBS,EW,9,mbbs_p1_final.pdf
2025,1,1107,2127,GN,,AMC,"Amala Institute of Medical Sciences, Thrissur",MBBS,SM,13,mbbs_p1_final.pdf
2025,1,1108,2131,GN,,KKD,"Govt. Dental College, Kozhikkode",BDS,SM,13,mbbs_p1_final.pdf
2025,1,1109,2141,EW,,PTM,"Government Medical College, Konni, Pathanamthitta",MBBS,EW,7,mbbs_p1_final.pdf
2025,1,1110,2151,LA,,CMC,"Govt. Medical College, Ernakulam",MBBS,LA,6,mbbs_p1_final.pdf
2025,1,1111,2153,EW,,PKM,"Government Medical College, Palakkad",MBBS,EW,10,mbbs_p1_final.pdf
2025,1,1112,2154,GN,,AMC,"Amala Institute of Medical Sciences, Thrissur",MBBS,SM,14,mbbs_p1_final.pdf
2025,1,1113,2159,BH,,AMC,"Amala Institute of Medical Sciences, Thrissur",MBBS,SM,14,mbbs_p1_final.pdf
2025,1,1114,2168,SC,,KKM,"Govt. Medical College, Kozhikkode",MBBS,SC,1,mbbs_p1_final.pdf
2025,1,1115,2169,GN,,MMC,"Malankara Orthodox Syrian Church MediCollege, Kolenchery",MBBS,AM,3,mbbs_p1_final.pdf
2025,1,1116,2175,GN,,GMC,"Sree Gokulam Medical College, Venjaramoodu, TVPM",MBBS,AM,13,mbbs_p1_final.pdf
2025,1,1117,2184,GN,,AMC,"Amala Institute of Medical Sciences, Thrissur",MBBS,SM,14,mbbs_p1_final.pdf
2025,1,1118,2185,LA,,CMC,"Govt. Medical College, Ernakulam",MBBS,LA,6,mbbs_p1_final.pdf
2025,1,1119,2186,EW,,IDM,Government Medical College Idukki,MBBS,EW,10,mbbs_p1_final.pdf
2025,1,1120,2189,LA,,MLP,"Govt. Medical College, Manjeri",MBBS,LA,7,mbbs_p1_final.pdf
2025,1,1121,2197,EZ,,AMC,"Amala Institute of Medical Sciences, Thrissur",MBBS,SM,14,mbbs_p1_final.pdf
2025,1,1122,2198,EW,,PTM,"Government Medical College, Konni, Pathanamthitta",MBBS,EW,10,mbbs_p1_final.pdf
2025,1,1123,2209,GN,,JMC,"Jubilee Mission Medical College, Thrisur",MBBS,AC,14,mbbs_p1_final.pdf
2025,1,1124,2211,MU,,DMM,"Dr. Moopens Medical College, Meppadi, Wayanad",MBBS,AM,13,mbbs_p1_final.pdf
2025,1,1125,2214,GN,,KCM,"KMCT Medical College, Mukkom, Kozikkode",MBBS,AM,15,mbbs_p1_final.pdf
2025,1,1126,2219,MU,,AMC,"Amala Institute of Medical Sciences, Thrissur",MBBS,MU,14,mbbs_p1_final.pdf
2025,1,1127,2224,EZ,,AMC,"Amala Institute of Medical Sciences, Thrissur",MBBS,EZ,13,mbbs_p1_final.pdf
2025,1,1128,2226,GN,,MMC,"Malankara Orthodox Syrian Church MediCollege, Kolenchery",MBBS,AM,15,mbbs_p1_final.pdf
2025,1,1129,2227,BH,,PMC,"Pushpagiri Institute of Medical Science, Thiruvalla",MBBS,AM,13,mbbs_p1_final.pdf
2025,1,1130,2229,EZ,,AMC,"Amala Institute of Medical Sciences, Thrissur",MBBS,EZ,14,mbbs_p1_final.pdf
2025,1,1131,2230,EW,,IDM,Government Medical College Idukki,MBBS,EW,11,mbbs_p1_final.pdf
2025,1,1132,2231,MU,,AMC,"Amala Institute of Medical Sciences, Thrissur",MBBS,MU,14,mbbs_p1_final.pdf
2025,1,1133,2233,LA,,PTM,"Government Medical College, Konni, Pathanamthitta",MBBS,LA,2,mbbs_p1_final.pdf
2025,1,1134,2234,GN,,GMC,"Sree Gokulam Medical College, Venjaramoodu, TVPM",MBBS,AM,13,mbbs_p1_final.pdf
2025,1,1135,2238,GN,,JMC,"Jubilee Mission Medical College, Thrisur",MBBS,AC,14,mbbs_p1_final.pdf
2025,1,1136,2243,GN,,KTD,"Govt. Dental College, Kottayam",BDS,SM,13,mbbs_p1_final.pdf
2025,1,1137,2244,BH,,MMC,"Malankara Orthodox Syrian Church MediCollege, Kolenchery",MBBS,AM,8,mbbs_p1_final.pdf
2025,1,1138,2246,EW,,PTM,"Government Medical College, Konni, Pathanamthitta",MBBS,EW,10,mbbs_p1_final.pdf
2025,1,1139,2247,MU,,EMC,"MES Medical College, Perinthalmanna, Malappuram",MBBS,AM,13,mbbs_p1_final.pdf
2025,1,1140,2253,GN,,PMC,"Pushpagiri Institute of Medical Science, Thiruvalla",MBBS,AM,13,mbbs_p1_final.pdf
2025,1,1141,2267,MU,,EMC,"MES Medical College, Perinthalmanna, Malappuram",MBBS,AM,15,mbbs_p1_final.pdf
2025,1,1142,2268,MU,,KKD,"Govt. Dental College, Kozhikkode",BDS,SM,11,mbbs_p1_final.pdf
2025,1,1143,2271,EZ,,TVD,"Govt. Dental College, Thiruvananthapuram",BDS,SM,13,mbbs_p1_final.pdf
2025,1,1144,2273,GN,,MMC,"Malankara Orthodox Syrian Church MediCollege, Kolenchery",MBBS,AM,15,mbbs_p1_final.pdf
2025,1,1145,2275,EZ,,SUC,"SUT Accademy of Medical Sciences, Thiruvananthapuram",MBBS,AM,13,mbbs_p1_final.pdf
2025,1,1146,2277,BH,,MMC,"Malankara Orthodox Syrian Church MediCollege, Kolenchery",MBBS,AM,15,mbbs_p1_final.pdf
2025,1,1147,2278,GN,,MMC,"Malankara Orthodox Syrian Church MediCollege, Kolenchery",MBBS,AM,8,mbbs_p1_final.pdf
2025,1,1148,2279,GN,,KKD,"Govt. Dental College, Kozhikkode",BDS,SM,13,mbbs_p1_final.pdf
2025,1,1149,2284,BH,,MMC,"Malankara Orthodox Syrian Church MediCollege, Kolenchery",MBBS,AM,15,mbbs_p1_final.pdf
2025,1,1150,2290,LA,,KNM,Government Medical College Kannur,MBBS,LA,6,mbbs_p1_final.pdf
2025,1,1151,2291,EW,,IDM,Government Medical College Idukki,MBBS,EW,11,mbbs_p1_final.pdf
2025,1,1152,2293,GN,,PMC,"Pushpagiri Institute of Medical Science, Thiruvalla",MBBS,AM,13,mbbs_p1_final.pdf
2025,1,1153,2298,EZ,,MMC,"Malankara Orthodox Syrian Church MediCollege, Kolenchery",MBBS,AM,15,mbbs_p1_final.pdf
2025,1,1154,2302,BH,,GMC,"Sree Gokulam Medical College, Venjaramoodu, TVPM",MBBS,AM,12,mbbs_p1_final.pdf
2025,1,1155,2304,GN,,MMC,"Malankara Orthodox Syrian Church MediCollege, Kolenchery",MBBS,AM,13,mbbs_p1_final.pdf
2025,1,1156,2305,EZ,,EMC,"MES Medical College, Perinthalmanna, Malappuram",MBBS,AM,15,mbbs_p1_final.pdf
2025,1,1157,2314,GN,,MMC,"Malankara Orthodox Syrian Church MediCollege, Kolenchery",MBBS,AM,13,mbbs_p1_final.pdf
2025,1,1158,2315,GN,,GMC,"Sree Gokulam Medical College, Venjaramoodu, TVPM",MBBS,AM,13,mbbs_p1_final.pdf
2025,1,1159,2316,VK,,IDM,Government Medical College Idukki,MBBS,VK,10,mbbs_p1_final.pdf
2025,1,1160,2318,GN,,JMC,"Jubilee Mission Medical College, Thrisur",MBBS,AC,14,mbbs_p1_final.pdf
2025,1,1161,2320,GN,,PMC,"Pushpagiri Institute of Medical Science, Thiruvalla",MBBS,AM,12,mbbs_p1_final.pdf
2025,1,1162,2324,GN,,JMC,"Jubilee Mission Medical College, Thrisur",MBBS,AC,14,mbbs_p1_final.pdf
2025,1,1163,2327,GN,,GMC,"Sree Gokulam Medical College, Venjaramoodu, TVPM",MBBS,AM,1,mbbs_p1_final.pdf
2025,1,1164,2330,VK,,IDM,Government Medical College Idukki,MBBS,FL-VK,11,mbbs_p1_final.pdf
2025,1,1165,2332,VK,,IDM,Government Medical College Idukki,MBBS,FL-VK,11,mbbs_p1_final.pdf
2025,1,1166,2333,VK,,IDM,Government Medical College Idukki,MBBS,FL-VK,8,mbbs_p1_final.pdf
2025,1,1167,2337,BH,,MMC,"Malankara Orthodox Syrian Church MediCollege, Kolenchery",MBBS,AM,15,mbbs_p1_final.pdf
2025,1,1168,2338,MU,,KKD,"Govt. Dental College, Kozhikkode",BDS,SM,13,mbbs_p1_final.pdf
2025,1,1169,2339,GN,,BCM,"Believers Church Medical College Hospital, Thiruvalla",MBBS,AM,12,mbbs_p1_final.pdf
2025,1,1170,2340,MU,,EMC,"MES Medical College, Perinthalmanna, Malappuram",MBBS,AM,13,mbbs_p1_final.pdf
2025,1,1171,2348,VK,,IDM,Government Medical College Idukki,MBBS,FL-VK,11,mbbs_p1_final.pdf
2025,1,1172,2351,GN,,JMC,"Jubilee Mission Medical College, Thrisur",MBBS,AC,14,mbbs_p1_final.pdf
2025,1,1173,2354,MU,,EMC,"MES Medical College, Perinthalmanna, Malappuram",MBBS,AM,13,mbbs_p1_final.pdf
2025,1,1174,2358,GN,,PMC,"Pushpagiri Institute of Medical Science, Thiruvalla",MBBS,AM,15,mbbs_p1_final.pdf
2025,1,1175,2361,VK,,IDM,Government Medical College Idukki,MBBS,FL-VK,12,mbbs_p1_final.pdf
2025,1,1176,2365,GN,,JMC,"Jubilee Mission Medical College, Thrisur",MBBS,AC,14,mbbs_p1_final.pdf
2025,1,1177,2369,EW,,PTM,"Government Medical College, Konni, Pathanamthitta",MBBS,EW,8,mbbs_p1_final.pdf
2025,1,1178,2370,GN,,MMC,"Malankara Orthodox Syrian Church MediCollege, Kolenchery",MBBS,AM,10,mbbs_p1_final.pdf
2025,1,1179,2374,GN,,JMC,"Jubilee Mission Medical College, Thrisur",MBBS,AC,14,mbbs_p1_final.pdf
2025,1,1180,2377,LA,,MLP,"Govt. Medical College, Manjeri",MBBS,LA,7,mbbs_p1_final.pdf
2025,1,1181,2382,GN,,MMC,"Malankara Orthodox Syrian Church MediCollege, Kolenchery",MBBS,AM,15,mbbs_p1_final.pdf
2025,1,1182,2384,EW,,PTM,"Government Medical College, Konni, Pathanamthitta",MBBS,EW,10,mbbs_p1_final.pdf
2025,1,1183,2392,GN,,JMC,"Jubilee Mission Medical College, Thrisur",MBBS,AC,2,mbbs_p1_final.pdf
2025,1,1184,2396,BX,,PTM,"Government Medical College, Konni, Pathanamthitta",MBBS,BX,10,mbbs_p1_final.pdf
2025,1,1185,2398,EW,,IDM,Government Medical College Idukki,MBBS,EW,11,mbbs_p1_final.pdf
2025,1,1186,2399,BH,,MMH,"Malabar Medical College Hospital, Kozhikkode",MBBS,AM,13,mbbs_p1_final.pdf
2025,1,1187,2401,MU,,MMC,"Malankara Orthodox Syrian Church MediCollege, Kolenchery",MBBS,AM,15,mbbs_p1_final.pdf
2025,1,1188,2404,SC,,TVM,"Govt. Medical College, Thiruvananthapuram",MBBS,SC,1,mbbs_p1_final.pdf
2025,1,1189,2408,MU,,TRM,"Travancore Medical College, Umayanalloor, Kollam",MBBS,AM,13,mbbs_p1_final.pdf
2025,1,1190,2412,EZ,,MMC,"Malankara Orthodox Syrian Church MediCollege, Kolenchery",MBBS,AM,15,mbbs_p1_final.pdf
2025,1,1191,2414,GN,,BCM,"Believers Church Medical College Hospital, Thiruvalla",MBBS,AM,9,mbbs_p1_final.pdf
2025,1,1192,2415,EZ,,GMC,"Sree Gokulam Medical College, Venjaramoodu, TVPM",MBBS,AM,13,mbbs_p1_final.pdf
2025,1,1193,2416,MU,,PMC,"Pushpagiri Institute of Medical Science, Thiruvalla",MBBS,AM,15,mbbs_p1_final.pdf
2025,1,1194,2419,MU,,KKD,"Govt. Dental College, Kozhikkode",BDS,SM,13,mbbs_p1_final.pdf
2025,1,1195,2420,LA,,KNM,Government Medical College Kannur,MBBS,LA,9,mbbs_p1_final.pdf
2025,1,1196,2421,BH,,MMC,"Malankara Orthodox Syrian Church MediCollege, Kolenchery",MBBS,SM,12,mbbs_p1_final.pdf
2025,1,1197,2422,MU,,MMC,"Malankara Orthodox Syrian Church MediCollege, Kolenchery",MBBS,SM,15,mbbs_p1_final.pdf
2025,1,1198,2427,MU,,KKD,"Govt. Dental College, Kozhikkode",BDS,SM,13,mbbs_p1_final.pdf
2025,1,1199,2432,EZ,,MMC,"Malankara Orthodox Syrian Church MediCollege, Kolenchery",MBBS,SM,15,mbbs_p1_final.pdf
2025,1,1200,2436,GN,,KKD,"Govt. Dental College, Kozhikkode",BDS,SM,13,mbbs_p1_final.pdf
2025,1,1201,2438,GN,,MMC,"Malankara Orthodox Syrian Church MediCollege, Kolenchery",MBBS,SM,14,mbbs_p1_final.pdf
2025,1,1202,2441,MU,,EMC,"MES Medical College, Perinthalmanna, Malappuram",MBBS,AM,15,mbbs_p1_final.pdf
2025,1,1203,2442,MU,,EMC,"MES Medical College, Perinthalmanna, Malappuram",MBBS,AM,15,mbbs_p1_final.pdf
2025,1,1204,2443,GN,,KKD,"Govt. Dental College, Kozhikkode",BDS,SM,13,mbbs_p1_final.pdf
2025,1,1205,2444,MU,,KKD,"Govt. Dental College, Kozhikkode",BDS,SM,13,mbbs_p1_final.pdf
2025,1,1206,2448,EW,,PTM,"Government Medical College, Konni, Pathanamthitta",MBBS,EW,9,mbbs_p1_final.pdf
2025,1,1207,2450,GN,,TVD,"Govt. Dental College, Thiruvananthapuram",BDS,SM,13,mbbs_p1_final.pdf
2025,1,1208,2455,MU,,MMC,"Malankara Orthodox Syrian Church MediCollege, Kolenchery",MBBS,SM,15,mbbs_p1_final.pdf
2025,1,1209,2457,GN,,JMC,"Jubilee Mission Medical College, Thrisur",MBBS,AC,13,mbbs_p1_final.pdf
2025,1,1210,2458,GN,,KKD,"Govt. Dental College, Kozhikkode",BDS,SM,13,mbbs_p1_final.pdf
2025,1,1211,2461,BH,,MMC,"Malankara Orthodox Syrian Church MediCollege, Kolenchery",MBBS,SM,12,mbbs_p1_final.pdf
2025,1,1212,2464,EZ,,TRM,"Travancore Medical College, Umayanalloor, Kollam",MBBS,AM,12,mbbs_p1_final.pdf
2025,1,1213,2466,GN,,JMC,"Jubilee Mission Medical College, Thrisur",MBBS,AC,14,mbbs_p1_final.pdf
2025,1,1214,2470,GN,,KKD,"Govt. Dental College, Kozhikkode",BDS,SM,13,mbbs_p1_final.pdf
2025,1,1215,2471,BH,,MMC,"Malankara Orthodox Syrian Church MediCollege, Kolenchery",MBBS,SM,12,mbbs_p1_final.pdf
2025,1,1216,2474,BX,,IDM,Government Medical College Idukki,MBBS,BX,12,mbbs_p1_final.pdf
2025,1,1217,2476,GN,,GMC,"Sree Gokulam Medical College, Venjaramoodu, TVPM",MBBS,AM,4,mbbs_p1_final.pdf
2025,1,1218,2478,BH,,KKD,"Govt. Dental College, Kozhikkode",BDS,SM,13,mbbs_p1_final.pdf
2025,1,1219,2479,GN,,KKD,"Govt. Dental College, Kozhikkode",BDS,SM,13,mbbs_p1_final.pdf
2025,1,1220,2482,EW,,PTM,"Government Medical College, Konni, Pathanamthitta",MBBS,EW,10,mbbs_p1_final.pdf
2025,1,1221,2485,LA,,PKM,"Government Medical College, Palakkad",MBBS,LA,10,mbbs_p1_final.pdf
2025,1,1222,2487,EZ,,GMC,"Sree Gokulam Medical College, Venjaramoodu, TVPM",MBBS,AM,13,mbbs_p1_final.pdf
2025,1,1223,2495,GN,,PMC,"Pushpagiri Institute of Medical Science, Thiruvalla",MBBS,AM,13,mbbs_p1_final.pdf
2025,1,1224,2496,LA,,PTM,"Government Medical College, Konni, Pathanamthitta",MBBS,LA,9,mbbs_p1_final.pdf
2025,1,1225,2497,GN,,GMC,"Sree Gokulam Medical College, Venjaramoodu, TVPM",MBBS,AM,13,mbbs_p1_final.pdf
2025,1,1226,2499,EW,,IDM,Government Medical College Idukki,MBBS,EW,12,mbbs_p1_final.pdf
2025,1,1227,2503,BH,,MMC,"Malankara Orthodox Syrian Church MediCollege, Kolenchery",MBBS,SM,15,mbbs_p1_final.pdf
2025,1,1228,2504,GN,,MMC,"Malankara Orthodox Syrian Church MediCollege, Kolenchery",MBBS,SM,15,mbbs_p1_final.pdf
2025,1,1229,2505,GN,,JMC,"Jubilee Mission Medical College, Thrisur",MBBS,AC,14,mbbs_p1_final.pdf
2025,1,1230,2507,BH,,MMC,"Malankara Orthodox Syrian Church MediCollege, Kolenchery",MBBS,SM,15,mbbs_p1_final.pdf
2025,1,1231,2513,MU,,EMC,"MES Medical College, Perinthalmanna, Malappuram",MBBS,AM,13,mbbs_p1_final.pdf
2025,1,1232,2517,EW,,IDM,Government Medical College Idukki,MBBS,EW,10,mbbs_p1_final.pdf
2025,1,1233,2520,BH,,GMC,"Sree Gokulam Medical College, Venjaramoodu, TVPM",MBBS,AM,14,mbbs_p1_final.pdf
2025,1,1234,2522,GN,,MMC,"Malankara Orthodox Syrian Church MediCollege, Kolenchery",MBBS,SM,15,mbbs_p1_final.pdf
2025,1,1235,2525,BH,,MMC,"Malankara Orthodox Syrian Church MediCollege, Kolenchery",MBBS,SM,15,mbbs_p1_final.pdf
2025,1,1236,2529,MU,,EMC,"MES Medical College, Perinthalmanna, Malappuram",MBBS,AM,13,mbbs_p1_final.pdf
2025,1,1237,2532,GN,,PMC,"Pushpagiri Institute of Medical Science, Thiruvalla",MBBS,AM,15,mbbs_p1_final.pdf
2025,1,1238,2540,MU,,EMC,"MES Medical College, Perinthalmanna, Malappuram",MBBS,AM,15,mbbs_p1_final.pdf
2025,1,1239,2542,MU,,DMM,"Dr. Moopens Medical College, Meppadi, Wayanad",MBBS,AM,13,mbbs_p1_final.pdf
2025,1,1240,2546,MU,,MMC,"Malankara Orthodox Syrian Church MediCollege, Kolenchery",MBBS,MU,15,mbbs_p1_final.pdf
2025,1,1241,2551,EZ,,KKD,"Govt. Dental College, Kozhikkode",BDS,SM,13,mbbs_p1_final.pdf
2025,1,1242,2552,GN,,PMC,"Pushpagiri Institute of Medical Science, Thiruvalla",MBBS,AM,15,mbbs_p1_final.pdf
2025,1,1243,2555,MU,,KKD,"Govt. Dental College, Kozhikkode",BDS,SM,13,mbbs_p1_final.pdf
2025,1,1244,2556,VK,,IDM,Government Medical College Idukki,MBBS,FL-VK,12,mbbs_p1_final.pdf
2025,1,1245,2560,EZ,,KKD,"Govt. Dental College, Kozhikkode",BDS,SM-EZ,13,mbbs_p1_final.pdf
2025,1,1246,2562,BH,,EMC,"MES Medical College, Perinthalmanna, Malappuram",MBBS,AM,15,mbbs_p1_final.pdf
2025,1,1247,2565,MU,,KKD,"Govt. Dental College, Kozhikkode",BDS,SM-MU,8,mbbs_p1_final.pdf
2025,1,1248,2566,GN,,BCM,"Believers Church Medical College Hospital, Thiruvalla",MBBS,AM,3,mbbs_p1_final.pdf
2025,1,1249,2567,GN,,EMC,"MES Medical College, Perinthalmanna, Malappuram",MBBS,AM,16,mbbs_p1_final.pdf
2025,1,1250,2568,MU,,MMC,"Malankara Orthodox Syrian Church MediCollege, Kolenchery",MBBS,MU,15,mbbs_p1_final.pdf
2025,1,1251,2569,MU,,PMC,"Pushpagiri Institute of Medical Science, Thiruvalla",MBBS,AM,16,mbbs_p1_final.pdf
2025,1,1252,2571,EW,,IDM,Government Medical College Idukki,MBBS,EW,11,mbbs_p1_final.pdf
2025,1,1253,2572,MU,,MMH,"Malabar Medical College Hospital, Kozhikkode",MBBS,AM,13,mbbs_p1_final.pdf
2025,1,1254,2573,LA,,IDM,Government Medical College Idukki,MBBS,LA,12,mbbs_p1_final.pdf
2025,1,1255,2577,MU,,KKD,"Govt. Dental College, Kozhikkode",BDS,SM-MU,13,mbbs_p1_final.pdf
2025,1,1256,2580,MU,,PMC,"Pushpagiri Institute of Medical Science, Thiruvalla",MBBS,AM,8,mbbs_p1_final.pdf
2025,1,1257,2582,GN,,MMH,"Malabar Medical College Hospital, Kozhikkode",MBBS,AM,13,mbbs_p1_final.pdf
2025,1,1258,2590,MU,,KKD,"Govt. Dental College, Kozhikkode",BDS,SM-MU,13,mbbs_p1_final.pdf
2025,1,1259,2591,MU,,DMM,"Dr. Moopens Medical College, Meppadi, Wayanad",MBBS,AM,13,mbbs_p1_final.pdf
2025,1,1260,2594,MU,,PMC,"Pushpagiri Institute of Medical Science, Thiruvalla",MBBS,AM,15,mbbs_p1_final.pdf
2025,1,1261,2596,BH,,GMC,"Sree Gokulam Medical College, Venjaramoodu, TVPM",MBBS,AM,13,mbbs_p1_final.pdf
2025,1,1262,2599,GN,,MMH,"Malabar Medical College Hospital, Kozhikkode",MBBS,AM,13,mbbs_p1_final.pdf
2025,1,1263,2600,EZ,,MMC,"Malankara Orthodox Syrian Church MediCollege, Kolenchery",MBBS,EZ,15,mbbs_p1_final.pdf
2025,1,1264,2602,GN,,PMC,"Pushpagiri Institute of Medical Science, Thiruvalla",MBBS,AM,13,mbbs_p1_final.pdf
2025,1,1265,2603,MU,,TVD,"Govt. Dental College, Thiruvananthapuram",BDS,SM,14,mbbs_p1_final.pdf
2025,1,1266,2604,LA,,IDM,Government Medical College Idukki,MBBS,LA,11,mbbs_p1_final.pdf
2025,1,1267,2605,MU,,PMC,"Pushpagiri Institute of Medical Science, Thiruvalla",MBBS,SM,16,mbbs_p1_final.pdf
2025,1,1268,2607,EW,,IDM,Government Medical College Idukki,MBBS,EW,12,mbbs_p1_final.pdf
2025,1,1269,2612,EZ,,TVD,"Govt. Dental College, Thiruvananthapuram",BDS,SM,13,mbbs_p1_final.pdf
2025,1,1270,2613,GN,,PMC,"Pushpagiri Institute of Medical Science, Thiruvalla",MBBS,SM,15,mbbs_p1_final.pdf
2025,1,1271,2614,GN,,PMC,"Pushpagiri Institute of Medical Science, Thiruvalla",MBBS,SM,16,mbbs_p1_final.pdf
2025,1,1272,2617,GN,,PMC,"Pushpagiri Institute of Medical Science, Thiruvalla",MBBS,SM,13,mbbs_p1_final.pdf
2025,1,1273,2621,GN,,PMC,"Pushpagiri Institute of Medical Science, Thiruvalla",MBBS,SM,15,mbbs_p1_final.pdf
2025,1,1274,2624,MU,,EMC,"MES Medical College, Perinthalmanna, Malappuram",MBBS,AM,13,mbbs_p1_final.pdf
2025,1,1275,2625,GN,,TVD,"Govt. Dental College, Thiruvananthapuram",BDS,SM,14,mbbs_p1_final.pdf
2025,1,1276,2628,GN,,BCM,"Believers Church Medical College Hospital, Thiruvalla",MBBS,AM,5,mbbs_p1_final.pdf
2025,1,1277,2629,GN,,JMC,"Jubilee Mission Medical College, Thrisur",MBBS,AC,14,mbbs_p1_final.pdf
2025,1,1278,2632,EW,,IDM,Government Medical College Idukki,MBBS,FL-EW,10,mbbs_p1_final.pdf
2025,1,1279,2634,GN,,JMC,"Jubilee Mission Medical College, Thrisur",MBBS,AC,14,mbbs_p1_final.pdf
2025,1,1280,2635,GN,,BCM,"Believers Church Medical College Hospital, Thiruvalla",MBBS,AM,5,mbbs_p1_final.pdf
2025,1,1281,2638,LA,,IDM,Government Medical College Idukki,MBBS,FL-LA,12,mbbs_p1_final.pdf
2025,1,1282,2640,MU,,EMC,"MES Medical College, Perinthalmanna, Malappuram",MBBS,AM,15,mbbs_p1_final.pdf
2025,1,1283,2646,EW,,IDM,Government Medical College Idukki,MBBS,FL-EW,11,mbbs_p1_final.pdf
2025,1,1284,2647,BX,,IDM,Government Medical College Idukki,MBBS,FL-BX,12,mbbs_p1_final.pdf
2025,1,1285,2651,GN,,PMC,"Pushpagiri Institute of Medical Science, Thiruvalla",MBBS,SM,15,mbbs_p1_final.pdf
2025,1,1286,2655,EZ,,TVD,"Govt. Dental College, Thiruvananthapuram",BDS,SM,1,mbbs_p1_final.pdf
2025,1,1287,2656,EW,,IDM,Government Medical College Idukki,MBBS,FL-EW,12,mbbs_p1_final.pdf
2025,1,1288,2659,MU,,PMC,"Pushpagiri Institute of Medical Science, Thiruvalla",MBBS,SM,16,mbbs_p1_final.pdf
2025,1,1289,2661,GN,,TVD,"Govt. Dental College, Thiruvananthapuram",BDS,SM,13,mbbs_p1_final.pdf
2025,1,1290,2663,LA,,IDM,Government Medical College Idukki,MBBS,FL-LA,12,mbbs_p1_final.pdf
2025,1,1291,2665,EW,,IDM,Government Medical College Idukki,MBBS,FL-EW,9,mbbs_p1_final.pdf
2025,1,1292,2666,GN,,PMC,"Pushpagiri Institute of Medical Science, Thiruvalla",MBBS,SM,15,mbbs_p1_final.pdf
2025,1,1293,2670,DV,,KKM,"Govt. Medical College, Kozhikkode",MBBS,DV,1,mbbs_p1_final.pdf
2025,1,1294,2672,EZ,,EMC,"MES Medical College, Perinthalmanna, Malappuram",MBBS,AM,15,mbbs_p1_final.pdf
2025,1,1295,2674,BX,,IDM,Government Medical College Idukki,MBBS,FL-BX,12,mbbs_p1_final.pdf
2025,1,1296,2678,MU,,EMC,"MES Medical College, Perinthalmanna, Malappuram",MBBS,AM,15,mbbs_p1_final.pdf
2025,1,1297,2679,EZ,,PMC,"Pushpagiri Institute of Medical Science, Thiruvalla",MBBS,SM,15,mbbs_p1_final.pdf
2025,1,1298,2680,GN,,BCM,"Believers Church Medical College Hospital, Thiruvalla",MBBS,AM,13,mbbs_p1_final.pdf
2025,1,1299,2682,GN,,BCM,"Believers Church Medical College Hospital, Thiruvalla",MBBS,AM,4,mbbs_p1_final.pdf
2025,1,1300,2685,MU,,PMC,"Pushpagiri Institute of Medical Science, Thiruvalla",MBBS,SM,15,mbbs_p1_final.pdf
2025,1,1301,2686,EW,,IDM,Government Medical College Idukki,MBBS,FL-EW,12,mbbs_p1_final.pdf
2025,1,1302,2687,GN,,PMC,"Pushpagiri Institute of Medical Science, Thiruvalla",MBBS,SM,14,mbbs_p1_final.pdf
2025,1,1303,2688,EZ,,KKD,"Govt. Dental College, Kozhikkode",BDS,SM-EZ,13,mbbs_p1_final.pdf
2025,1,1304,2691,EW,,IDM,Government Medical College Idukki,MBBS,FL-EW,12,mbbs_p1_final.pdf
2025,1,1305,2693,EZ,,MMH,"Malabar Medical College Hospital, Kozhikkode",MBBS,AM,13,mbbs_p1_final.pdf
2025,1,1306,2695,GN,,PMC,"Pushpagiri Institute of Medical Science, Thiruvalla",MBBS,SM,10,mbbs_p1_final.pdf
2025,1,1307,2696,EZ,,TVM,"Govt. Medical College, Thiruvananthapuram",MBBS,DK,2,mbbs_p1_final.pdf
2025,1,1308,2698,EW,,IDM,Government Medical College Idukki,MBBS,FL-EW,11,mbbs_p1_final.pdf
2025,1,1309,2699,MU,,TCD,"Govt. Dental College, Thrissur",BDS,SM,14,mbbs_p1_final.pdf
2025,1,1310,2706,MU,,TVD,"Govt. Dental College, Thiruvananthapuram",BDS,SM,13,mbbs_p1_final.pdf
2025,1,1311,2707,MU,,PMC,"Pushpagiri Institute of Medical Science, Thiruvalla",MBBS,MU,16,mbbs_p1_final.pdf
2025,1,1312,2708,EZ,,KKD,"Govt. Dental College, Kozhikkode",BDS,SM-EZ,13,mbbs_p1_final.pdf
2025,1,1313,2709,EW,,IDM,Government Medical College Idukki,MBBS,FL-EW,10,mbbs_p1_final.pdf
2025,1,1314,2711,GN,,BCM,"Believers Church Medical College Hospital, Thiruvalla",MBBS,AM,17,mbbs_p1_final.pdf
2025,1,1315,2714,GN,,TVD,"Govt. Dental College, Thiruvananthapuram",BDS,SM,13,mbbs_p1_final.pdf
2025,1,1316,2716,BH,,PMC,"Pushpagiri Institute of Medical Science, Thiruvalla",MBBS,BH,13,mbbs_p1_final.pdf
2025,1,1317,2722,EZ,,PMC,"Pushpagiri Institute of Medical Science, Thiruvalla",MBBS,EZ,13,mbbs_p1_final.pdf
2025,1,1318,2723,EW,,IDM,Government Medical College Idukki,MBBS,FL-EW,12,mbbs_p1_final.pdf
2025,1,1319,2724,EW,,IDM,Government Medical College Idukki,MBBS,FL-EW,10,mbbs_p1_final.pdf
2025,1,1320,2726,EW,,IDM,Government Medical College Idukki,MBBS,FL-EW,11,mbbs_p1_final.pdf
2025,1,1321,2727,MU,,TCD,"Govt. Dental College, Thrissur",BDS,SM,14,mbbs_p1_final.pdf
2025,1,1322,2729,EW,,IDM,Government Medical College Idukki,MBBS,FL-EW,12,mbbs_p1_final.pdf
2025,1,1323,2730,EW,,IDM,Government Medical College Idukki,MBBS,FL-EW,12,mbbs_p1_final.pdf
2025,1,1324,2731,GN,,GMC,"Sree Gokulam Medical College, Venjaramoodu, TVPM",MBBS,AM,17,mbbs_p1_final.pdf
2025,1,1325,2732,GN,,EMC,"MES Medical College, Perinthalmanna, Malappuram",MBBS,AM,5,mbbs_p1_final.pdf
2025,1,1326,2733,LA,,IDM,Government Medical College Idukki,MBBS,FL-LA,11,mbbs_p1_final.pdf
2025,1,1327,2734,GN,,AMC,"Amala Institute of Medical Sciences, Thrissur",MBBS,AC,12,mbbs_p1_final.pdf
2025,1,1328,2736,EZ,,ALD,"Government Dental College, Alappuzha",BDS,SM,13,mbbs_p1_final.pdf
2025,1,1329,2738,EZ,,MMC,"Malankara Orthodox Syrian Church MediCollege, Kolenchery",MBBS,EZ,15,mbbs_p1_final.pdf
2025,1,1330,2743,MU,,GMC,"Sree Gokulam Medical College, Venjaramoodu, TVPM",MBBS,AM,14,mbbs_p1_final.pdf
2025,1,1331,2746,MU,,TVD,"Govt. Dental College, Thiruvananthapuram",BDS,SM,14,mbbs_p1_final.pdf
2025,1,1332,2747,MU,,BCM,"Believers Church Medical College Hospital, Thiruvalla",MBBS,AM,17,mbbs_p1_final.pdf
2025,1,1333,2748,BH,,BCM,"Believers Church Medical College Hospital, Thiruvalla",MBBS,AM,15,mbbs_p1_final.pdf
2025,1,1334,2749,GN,,EMC,"MES Medical College, Perinthalmanna, Malappuram",MBBS,AM,17,mbbs_p1_final.pdf
2025,1,1335,2752,EW,,JMC,"Jubilee Mission Medical College, Thrisur",MBBS,AC,11,mbbs_p1_final.pdf
2025,1,1336,2753,GN,,GMC,"Sree Gokulam Medical College, Venjaramoodu, TVPM",MBBS,AM,16,mbbs_p1_final.pdf
2025,1,1337,2755,GN,,SUC,"SUT Accademy of Medical Sciences, Thiruvananthapuram",MBBS,AM,15,mbbs_p1_final.pdf
2025,1,1338,2756,GN,,GMC,"Sree Gokulam Medical College, Venjaramoodu, TVPM",MBBS,AM,13,mbbs_p1_final.pdf
2025,1,1339,2757,MU,,TVD,"Govt. Dental College, Thiruvananthapuram",BDS,SM,14,mbbs_p1_final.pdf
2025,1,1340,2758,MU,,EMC,"MES Medical College, Perinthalmanna, Malappuram",MBBS,AM,13,mbbs_p1_final.pdf
2025,1,1341,2759,MU,,TVD,"Govt. Dental College, Thiruvananthapuram",BDS,SM,13,mbbs_p1_final.pdf
2025,1,1342,2760,EZ,,PMC,"Pushpagiri Institute of Medical Science, Thiruvalla",MBBS,EZ,16,mbbs_p1_final.pdf
2025,1,1343,2764,EW,,IDM,Government Medical College Idukki,MBBS,FL-EW,12,mbbs_p1_final.pdf
2025,1,1344,2765,EZ,,EMC,"MES Medical College, Perinthalmanna, Malappuram",MBBS,AM,17,mbbs_p1_final.pdf
2025,1,1345,2768,GN,,EMC,"MES Medical College, Perinthalmanna, Malappuram",MBBS,AM,14,mbbs_p1_final.pdf
2025,1,1346,2772,EZ,,BCM,"Believers Church Medical College Hospital, Thiruvalla",MBBS,AM,17,mbbs_p1_final.pdf
2025,1,1347,2773,MU,,KCM,"KMCT Medical College, Mukkom, Kozikkode",MBBS,AM,13,mbbs_p1_final.pdf
2025,1,1348,2776,EZ,,KKD,"Govt. Dental College, Kozhikkode",BDS,SM-EZ,13,mbbs_p1_final.pdf
2025,1,1349,2777,GN,,JMC,"Jubilee Mission Medical College, Thrisur",MBBS,AC,14,mbbs_p1_final.pdf
2025,1,1350,2778,MU,,TCD,"Govt. Dental College, Thrissur",BDS,SM,14,mbbs_p1_final.pdf
2025,1,1351,2782,EZ,,TVD,"Govt. Dental College, Thiruvananthapuram",BDS,SM,14,mbbs_p1_final.pdf
2025,1,1352,2783,EW,,IDM,Government Medical College Idukki,MBBS,FL-EW,12,mbbs_p1_final.pdf
2025,1,1353,2785,GN,,JMC,"Jubilee Mission Medical College, Thrisur",MBBS,AC,14,mbbs_p1_final.pdf
2025,1,1354,2787,GN,,JMC,"Jubilee Mission Medical College, Thrisur",MBBS,AC,14,mbbs_p1_final.pdf
2025,1,1355,2791,GN,,MMC,"Malankara Orthodox Syrian Church MediCollege, Kolenchery",MBBS,AC,6,mbbs_p1_final.pdf
2025,1,1356,2798,MU,,EMC,"MES Medical College, Perinthalmanna, Malappuram",MBBS,SM,17,mbbs_p1_final.pdf
2025,1,1357,2800,EZ,,EMC,"MES Medical College, Perinthalmanna, Malappuram",MBBS,SM,17,mbbs_p1_final.pdf
2025,1,1358,2801,MU,,BCM,"Believers Church Medical College Hospital, Thiruvalla",MBBS,AM,17,mbbs_p1_final.pdf
2025,1,1359,2806,MU,,BCM,"Believers Church Medical College Hospital, Thiruvalla",MBBS,AM,17,mbbs_p1_final.pdf
2025,1,1360,2808,GN,,TRM,"Travancore Medical College, Umayanalloor, Kollam",MBBS,AM,1,mbbs_p1_final.pdf
2025,1,1361,2812,GN,,BCM,"Believers Church Medical College Hospital, Thiruvalla",MBBS,AM,3,mbbs_p1_final.pdf
2025,1,1362,2813,MU,,EMC,"MES Medical College, Perinthalmanna, Malappuram",MBBS,SM,15,mbbs_p1_final.pdf
2025,1,1363,2818,GN,,TVD,"Govt. Dental College, Thiruvananthapuram",BDS,SM,13,mbbs_p1_final.pdf
2025,1,1364,2819,GN,,BCM,"Believers Church Medical College Hospital, Thiruvalla",MBBS,SM,16,mbbs_p1_final.pdf
2025,1,1365,2820,MU,,TCD,"Govt. Dental College, Thrissur",BDS,SM,6,mbbs_p1_final.pdf
2025,1,1366,2824,MU,,BCM,"Believers Church Medical College Hospital, Thiruvalla",MBBS,SM,15,mbbs_p1_final.pdf
2025,1,1367,2825,DV,,TVM,"Govt. Medical College, Thiruvananthapuram",MBBS,DV,1,mbbs_p1_final.pdf
2025,1,1368,2826,GN,,JMC,"Jubilee Mission Medical College, Thrisur",MBBS,AC,14,mbbs_p1_final.pdf
2025,1,1369,2827,EW,,IDM,Government Medical College Idukki,MBBS,FL-EW,11,mbbs_p1_final.pdf
2025,1,1370,2831,MU,,EMC,"MES Medical College, Perinthalmanna, Malappuram",MBBS,SM,17,mbbs_p1_final.pdf
2025,1,1371,2832,BH,,EMC,"MES Medical College, Perinthalmanna, Malappuram",MBBS,SM,15,mbbs_p1_final.pdf
2025,1,1372,2835,GN,,BCM,"Believers Church Medical College Hospital, Thiruvalla",MBBS,SM,16,mbbs_p1_final.pdf
2025,1,1373,2839,EW,,IDM,Government Medical College Idukki,MBBS,FL-EW,12,mbbs_p1_final.pdf
2025,1,1374,2840,GN,,JMC,"Jubilee Mission Medical College, Thrisur",MBBS,AC,14,mbbs_p1_final.pdf
2025,1,1375,2842,EW,,IDM,Government Medical College Idukki,MBBS,FL-EW,11,mbbs_p1_final.pdf
2025,1,1376,2844,MU,,DMM,"Dr. Moopens Medical College, Meppadi, Wayanad",MBBS,AM,13,mbbs_p1_final.pdf
2025,1,1377,2846,GN,,EMC,"MES Medical College, Perinthalmanna, Malappuram",MBBS,SM,17,mbbs_p1_final.pdf
2025,1,1378,2848,GN,,EMC,"MES Medical College, Perinthalmanna, Malappuram",MBBS,SM,17,mbbs_p1_final.pdf
2025,1,1379,2853,GN,,BCM,"Believers Church Medical College Hospital, Thiruvalla",MBBS,SM,17,mbbs_p1_final.pdf
2025,1,1380,2856,MU,,EMC,"MES Medical College, Perinthalmanna, Malappuram",MBBS,SM,17,mbbs_p1_final.pdf
2025,1,1381,2858,GN,,DMM,"Dr. Moopens Medical College, Meppadi, Wayanad",MBBS,AM,3,mbbs_p1_final.pdf
2025,1,1382,2860,MU,,EMC,"MES Medical College, Perinthalmanna, Malappuram",MBBS,SM,15,mbbs_p1_final.pdf
2025,1,1383,2861,MU,,TCD,"Govt. Dental College, Thrissur",BDS,SM,14,mbbs_p1_final.pdf
2025,1,1384,2863,MU,,EMC,"MES Medical College, Perinthalmanna, Malappuram",MBBS,SM,14,mbbs_p1_final.pdf
2025,1,1385,2865,GN,,GMC,"Sree Gokulam Medical College, Venjaramoodu, TVPM",MBBS,AM,10,mbbs_p1_final.pdf
2025,1,1386,2867,GN,,GMC,"Sree Gokulam Medical College, Venjaramoodu, TVPM",MBBS,AM,1,mbbs_p1_final.pdf
2025,1,1387,2869,EZ,,TVD,"Govt. Dental College, Thiruvananthapuram",BDS,SM,14,mbbs_p1_final.pdf
2025,1,1388,2872,GN,,EMC,"MES Medical College, Perinthalmanna, Malappuram",MBBS,SM,14,mbbs_p1_final.pdf
2025,1,1389,2875,MU,,TVD,"Govt. Dental College, Thiruvananthapuram",BDS,SM,14,mbbs_p1_final.pdf
2025,1,1390,2876,VK,,AMC,"Amala Institute of Medical Sciences, Thrissur",MBBS,VK,14,mbbs_p1_final.pdf
2025,1,1391,2880,GN,,JMC,"Jubilee Mission Medical College, Thrisur",MBBS,AC,14,mbbs_p1_final.pdf
2025,1,1392,2882,GN,,EMC,"MES Medical College, Perinthalmanna, Malappuram",MBBS,SM,9,mbbs_p1_final.pdf
2025,1,1393,2883,GN,,GMC,"Sree Gokulam Medical College, Venjaramoodu, TVPM",MBBS,AM,4,mbbs_p1_final.pdf
2025,1,1394,2886,BH,,MMH,"Malabar Medical College Hospital, Kozhikkode",MBBS,AM,17,mbbs_p1_final.pdf
2025,1,1395,2887,GN,,BCM,"Believers Church Medical College Hospital, Thiruvalla",MBBS,SM,3,mbbs_p1_final.pdf
2025,1,1396,2889,MU,,TVD,"Govt. Dental College, Thiruvananthapuram",BDS,SM,14,mbbs_p1_final.pdf
2025,1,1397,2897,MU,,TVD,"Govt. Dental College, Thiruvananthapuram",BDS,SM,14,mbbs_p1_final.pdf
2025,1,1398,2902,GN,,GMC,"Sree Gokulam Medical College, Venjaramoodu, TVPM",MBBS,SM,13,mbbs_p1_final.pdf
2025,1,1399,2903,MU,,EMC,"MES Medical College, Perinthalmanna, Malappuram",MBBS,SM,15,mbbs_p1_final.pdf
2025,1,1400,2905,GN,,SUC,"SUT Accademy of Medical Sciences, Thiruvananthapuram",MBBS,AM,8,mbbs_p1_final.pdf
2025,1,1401,2906,MU,,TVD,"Govt. Dental College, Thiruvananthapuram",BDS,SM-MU,13,mbbs_p1_final.pdf
2025,1,1402,2907,BX,,GMC,"Sree Gokulam Medical College, Venjaramoodu, TVPM",MBBS,SM,13,mbbs_p1_final.pdf
2025,1,1403,2908,MU,,EMC,"MES Medical College, Perinthalmanna, Malappuram",MBBS,SM,13,mbbs_p1_final.pdf
2025,1,1404,2910,GN,,GMC,"Sree Gokulam Medical College, Venjaramoodu, TVPM",MBBS,SM,15,mbbs_p1_final.pdf
2025,1,1405,2913,GN,,GMC,"Sree Gokulam Medical College, Venjaramoodu, TVPM",MBBS,SM,15,mbbs_p1_final.pdf
2025,1,1406,2919,MU,,KKM,"Govt. Medical College, Kozhikkode",MBBS,PD,1,mbbs_p1_final.pdf
2025,1,1407,2921,BH,,GMC,"Sree Gokulam Medical College, Venjaramoodu, TVPM",MBBS,SM,13,mbbs_p1_final.pdf
2025,1,1408,2923,MU,,EMC,"MES Medical College, Perinthalmanna, Malappuram",MBBS,SM,12,mbbs_p1_final.pdf
2025,1,1409,2924,EZ,,EMC,"MES Medical College, Perinthalmanna, Malappuram",MBBS,SM,16,mbbs_p1_final.pdf
2025,1,1410,2926,GN,,BCM,"Believers Church Medical College Hospital, Thiruvalla",MBBS,SM,17,mbbs_p1_final.pdf
2025,1,1411,2928,MU,,TVD,"Govt. Dental College, Thiruvananthapuram",BDS,SM-MU,14,mbbs_p1_final.pdf
2025,1,1412,2929,EZ,,EMC,"MES Medical College, Perinthalmanna, Malappuram",MBBS,SM,17,mbbs_p1_final.pdf
2025,1,1413,2930,MU,,GMC,"Sree Gokulam Medical College, Venjaramoodu, TVPM",MBBS,SM,13,mbbs_p1_final.pdf
2025,1,1414,2935,EZ,,TVD,"Govt. Dental College, Thiruvananthapuram",BDS,SM-EZ,13,mbbs_p1_final.pdf
2025,1,1415,2936,GN,,BCM,"Believers Church Medical College Hospital, Thiruvalla",MBBS,SM,15,mbbs_p1_final.pdf
2025,1,1416,2939,GN,,MMH,"Malabar Medical College Hospital, Kozhikkode",MBBS,AM,17,mbbs_p1_final.pdf
2025,1,1417,2940,GN,,JMC,"Jubilee Mission Medical College, Thrisur",MBBS,AC,14,mbbs_p1_final.pdf
2025,1,1418,2942,GN,,JMC,"Jubilee Mission Medical College, Thrisur",MBBS,AC,13,mbbs_p1_final.pdf
2025,1,1419,2943,GN,,KCM,"KMCT Medical College, Mukkom, Kozikkode",MBBS,AM,7,mbbs_p1_final.pdf
2025,1,1420,2953,LA,,JMC,"Jubilee Mission Medical College, Thrisur",MBBS,LA,8,mbbs_p1_final.pdf
2025,1,1421,2954,EW,,EMC,"MES Medical College, Perinthalmanna, Malappuram",MBBS,SM,13,mbbs_p1_final.pdf
2025,1,1422,2955,LA,,IDM,Government Medical College Idukki,MBBS,FL-LA,11,mbbs_p1_final.pdf
2025,1,1423,2957,MU,,EMC,"MES Medical College, Perinthalmanna, Malappuram",MBBS,SM,15,mbbs_p1_final.pdf
2025,1,1424,2959,MU,,TCD,"Govt. Dental College, Thrissur",BDS,SM,14,mbbs_p1_final.pdf
2025,1,1425,2960,GN,,SUC,"SUT Accademy of Medical Sciences, Thiruvananthapuram",MBBS,AM,2,mbbs_p1_final.pdf
2025,1,1426,2961,GN,,BCM,"Believers Church Medical College Hospital, Thiruvalla",MBBS,SM,17,mbbs_p1_final.pdf
2025,1,1427,2971,MU,,GMC,"Sree Gokulam Medical College, Venjaramoodu, TVPM",MBBS,SM,16,mbbs_p1_final.pdf
2025,1,1428,2974,MU,,KTD,"Govt. Dental College, Kottayam",BDS,SM,14,mbbs_p1_final.pdf
2025,1,1429,2976,MU,,BCM,"Believers Church Medical College Hospital, Thiruvalla",MBBS,SM,17,mbbs_p1_final.pdf
2025,1,1430,2978,GN,,JMC,"Jubilee Mission Medical College, Thrisur",MBBS,AC,14,mbbs_p1_final.pdf
2025,1,1431,2979,MU,,TCD,"Govt. Dental College, Thrissur",BDS,SM,14,mbbs_p1_final.pdf
2025,1,1432,2980,BX,,SUC,"SUT Accademy of Medical Sciences, Thiruvananthapuram",MBBS,AM,13,mbbs_p1_final.pdf
2025,1,1433,2981,GN,,MMH,"Malabar Medical College Hospital, Kozhikkode",MBBS,AM,6,mbbs_p1_final.pdf
2025,1,1434,2986,MU,,TCD,"Govt. Dental College, Thrissur",BDS,SM,2,mbbs_p1_final.pdf
2025,1,1435,2993,GN,,BCM,"Believers Church Medical College Hospital, Thiruvalla",MBBS,SM,11,mbbs_p1_final.pdf
2025,1,1436,2994,GN,,KCM,"KMCT Medical College, Mukkom, Kozikkode",MBBS,AM,8,mbbs_p1_final.pdf
2025,1,1437,2995,EZ,,GMC,"Sree Gokulam Medical College, Venjaramoodu, TVPM",MBBS,SM,15,mbbs_p1_final.pdf
2025,1,1438,2998,GN,,GMC,"Sree Gokulam Medical College, Venjaramoodu, TVPM",MBBS,SM,9,mbbs_p1_final.pdf
2025,1,1439,3000,GN,,SUC,"SUT Accademy of Medical Sciences, Thiruvananthapuram",MBBS,AM,2,mbbs_p1_final.pdf
2025,1,1440,3001,LA,,IDM,Government Medical College Idukki,MBBS,FL-LA,10,mbbs_p1_final.pdf
2025,1,1441,3003,BH,,MMH,"Malabar Medical College Hospital, Kozhikkode",MBBS,AM,16,mbbs_p1_final.pdf
2025,1,1442,3006,GN,,MMH,"Malabar Medical College Hospital, Kozhikkode",MBBS,AM,7,mbbs_p1_final.pdf
2025,1,1443,3008,LA,,IDM,Government Medical College Idukki,MBBS,FL-LA,8,mbbs_p1_final.pdf
2025,1,1444,3009,MU,,TVD,"Govt. Dental College, Thiruvananthapuram",BDS,SM-MU,14,mbbs_p1_final.pdf
2025,1,1445,3010,GN,,SMC,"Dr. Somervell Memorial CSI Medical College, Karakonam",MBBS,AM,8,mbbs_p1_final.pdf
2025,1,1446,3011,GN,,JMC,"Jubilee Mission Medical College, Thrisur",MBBS,AC,14,mbbs_p1_final.pdf
2025,1,1447,3014,GN,,KCM,"KMCT Medical College, Mukkom, Kozikkode",MBBS,AM,8,mbbs_p1_final.pdf
2025,1,1448,3016,VK,,KKD,"Govt. Dental College, Kozhikkode",BDS,SM-VK,13,mbbs_p1_final.pdf
2025,1,1449,3017,SC,,KTM,"Govt. Medical College, Kottayam",MBBS,SC,1,mbbs_p1_final.pdf
2025,1,1450,3018,GN,,GMC,"Sree Gokulam Medical College, Venjaramoodu, TVPM",MBBS,SM,11,mbbs_p1_final.pdf
2025,1,1451,3020,MU,,KND,"Government Dental College, Kannur",BDS,SM,2,mbbs_p1_final.pdf
2025,1,1452,3023,EZ,,KND,"Government Dental College, Kannur",BDS,SM,14,mbbs_p1_final.pdf
2025,1,1453,3025,GN,,JMC,"Jubilee Mission Medical College, Thrisur",MBBS,AC,14,mbbs_p1_final.pdf
2025,1,1454,3028,MU,,TCD,"Govt. Dental College, Thrissur",BDS,SM,15,mbbs_p1_final.pdf
2025,1,1455,3037,GN,,KCM,"KMCT Medical College, Mukkom, Kozikkode",MBBS,AM,15,mbbs_p1_final.pdf
2025,1,1456,3042,EZ,,EMC,"MES Medical College, Perinthalmanna, Malappuram",MBBS,EZ,15,mbbs_p1_final.pdf
2025,1,1457,3050,MU,,TCD,"Govt. Dental College, Thrissur",BDS,SM,14,mbbs_p1_final.pdf
2025,1,1458,3051,MU,,TCD,"Govt. Dental College, Thrissur",BDS,SM,14,mbbs_p1_final.pdf
2025,1,1459,3055,GN,,KCM,"KMCT Medical College, Mukkom, Kozikkode",MBBS,AM,1,mbbs_p1_final.pdf
2025,1,1460,3057,MU,,TCD,"Govt. Dental College, Thrissur",BDS,SM,15,mbbs_p1_final.pdf
2025,1,1461,3058,GN,,BCM,"Believers Church Medical College Hospital, Thiruvalla",MBBS,SM,16,mbbs_p1_final.pdf
2025,1,1462,3061,SC,,TVM,"Govt. Medical College, Thiruvananthapuram",MBBS,SC,1,mbbs_p1_final.pdf
2025,1,1463,3062,GN,,SUC,"SUT Accademy of Medical Sciences, Thiruvananthapuram",MBBS,AM,7,mbbs_p1_final.pdf
2025,1,1464,3068,MU,,KCM,"KMCT Medical College, Mukkom, Kozikkode",MBBS,AM,13,mbbs_p1_final.pdf
2025,1,1465,3069,GN,,SUC,"SUT Accademy of Medical Sciences, Thiruvananthapuram",MBBS,AM,1,mbbs_p1_final.pdf
2025,1,1466,3075,GN,,TCD,"Govt. Dental College, Thrissur",BDS,SM,15,mbbs_p1_final.pdf
2025,1,1467,3077,GN,,KDM,"P K Das Institute of Medical Sciences, Ottapalam",MBBS,AM,13,mbbs_p1_final.pdf
2025,1,1468,3079,MU,,EMC,"MES Medical College, Perinthalmanna, Malappuram",MBBS,MU,16,mbbs_p1_final.pdf
2025,1,1469,3080,EZ,,ALD,"Government Dental College, Alappuzha",BDS,SM,13,mbbs_p1_final.pdf
2025,1,1470,3083,GN,,BCM,"Believers Church Medical College Hospital, Thiruvalla",MBBS,SM,11,mbbs_p1_final.pdf
2025,1,1471,3086,GN,,JMC,"Jubilee Mission Medical College, Thrisur",MBBS,AC,14,mbbs_p1_final.pdf
2025,1,1472,3087,GN,,TRM,"Travancore Medical College, Umayanalloor, Kollam",MBBS,AM,8,mbbs_p1_final.pdf
2025,1,1473,3091,EZ,,TVD,"Govt. Dental College, Thiruvananthapuram",BDS,SM-EZ,13,mbbs_p1_final.pdf
2025,1,1474,3092,GN,,GMC,"Sree Gokulam Medical College, Venjaramoodu, TVPM",MBBS,SM,18,mbbs_p1_final.pdf
2025,1,1475,3095,EZ,,EMC,"MES Medical College, Perinthalmanna, Malappuram",MBBS,EZ,17,mbbs_p1_final.pdf
2025,1,1476,3096,MU,,KTD,"Govt. Dental College, Kottayam",BDS,SM,15,mbbs_p1_final.pdf
2025,1,1477,3097,EZ,,TCD,"Govt. Dental College, Thrissur",BDS,SM,13,mbbs_p1_final.pdf
2025,1,1478,3098,DV,,KKM,"Govt. Medical College, Kozhikkode",MBBS,DV,1,mbbs_p1_final.pdf
2025,1,1479,3099,EZ,,MMH,"Malabar Medical College Hospital, Kozhikkode",MBBS,AM,18,mbbs_p1_final.pdf
2025,1,1480,3107,EZ,,GMC,"Sree Gokulam Medical College, Venjaramoodu, TVPM",MBBS,SM,13,mbbs_p1_final.pdf
2025,1,1481,3108,MU,,EMC,"MES Medical College, Perinthalmanna, Malappuram",MBBS,MU,13,mbbs_p1_final.pdf
2025,1,1482,3112,MU,,EMC,"MES Medical College, Perinthalmanna, Malappuram",MBBS,MU,16,mbbs_p1_final.pdf
2025,1,1483,3118,GN,,MMH,"Malabar Medical College Hospital, Kozhikkode",MBBS,AM,8,mbbs_p1_final.pdf
2025,1,1484,3120,EZ,,BCM,"Believers Church Medical College Hospital, Thiruvalla",MBBS,EZ,16,mbbs_p1_final.pdf
2025,1,1485,3121,MU,,EMC,"MES Medical College, Perinthalmanna, Malappuram",MBBS,MM,17,mbbs_p1_final.pdf
2025,1,1486,3124,MU,,EMC,"MES Medical College, Perinthalmanna, Malappuram",MBBS,MM,16,mbbs_p1_final.pdf
2025,1,1487,3125,MU,,KTD,"Govt. Dental College, Kottayam",BDS,SM,6,mbbs_p1_final.pdf
2025,1,1488,3127,MU,,KTD,"Govt. Dental College, Kottayam",BDS,SM,14,mbbs_p1_final.pdf
2025,1,1489,3128,EZ,,BCM,"Believers Church Medical College Hospital, Thiruvalla",MBBS,EZ,16,mbbs_p1_final.pdf
2025,1,1490,3129,GN,,EMC,"MES Medical College, Perinthalmanna, Malappuram",MBBS,MM,18,mbbs_p1_final.pdf
2025,1,1491,3132,MU,,EMC,"MES Medical College, Perinthalmanna, Malappuram",MBBS,MM,13,mbbs_p1_final.pdf
2025,1,1492,3136,MU,,EMC,"MES Medical College, Perinthalmanna, Malappuram",MBBS,MM,9,mbbs_p1_final.pdf
2025,1,1493,3137,MU,,EMC,"MES Medical College, Perinthalmanna, Malappuram",MBBS,MM,16,mbbs_p1_final.pdf
2025,1,1494,3140,GN,,KCM,"KMCT Medical College, Mukkom, Kozikkode",MBBS,AM,8,mbbs_p1_final.pdf
2025,1,1495,3141,BX,,PMC,"Pushpagiri Institute of Medical Science, Thiruvalla",MBBS,AC,14,mbbs_p1_final.pdf
2025,1,1496,3142,LA,,IDM,Government Medical College Idukki,MBBS,FL-LA,12,mbbs_p1_final.pdf
2025,1,1497,3143,GN,,TCD,"Govt. Dental College, Thrissur",BDS,SM,15,mbbs_p1_final.pdf
2025,1,1498,3144,MU,,KTD,"Govt. Dental College, Kottayam",BDS,SM,14,mbbs_p1_final.pdf
2025,1,1499,3147,MU,,TRM,"Travancore Medical College, Umayanalloor, Kollam",MBBS,AM,13,mbbs_p1_final.pdf
2025,1,1500,3151,GN,,JMC,"Jubilee Mission Medical College, Thrisur",MBBS,AC,14,mbbs_p1_final.pdf
2025,1,1501,3152,GN,,SUC,"SUT Accademy of Medical Sciences, Thiruvananthapuram",MBBS,AM,4,mbbs_p1_final.pdf
2025,1,1502,3153,MU,,TCD,"Govt. Dental College, Thrissur",BDS,SM,14,mbbs_p1_final.pdf
2025,1,1503,3155,BH,,EMC,"MES Medical College, Perinthalmanna, Malappuram",MBBS,BH,17,mbbs_p1_final.pdf
2025,1,1504,3156,GN,,GMC,"Sree Gokulam Medical College, Venjaramoodu, TVPM",MBBS,SM,18,mbbs_p1_final.pdf
2025,1,1505,3157,MU,,EMC,"MES Medical College, Perinthalmanna, Malappuram",MBBS,MM,17,mbbs_p1_final.pdf
2025,1,1506,3164,GN,,GMC,"Sree Gokulam Medical College, Venjaramoodu, TVPM",MBBS,SM,13,mbbs_p1_final.pdf
2025,1,1507,3166,GN,,SUC,"SUT Accademy of Medical Sciences, Thiruvananthapuram",MBBS,AM,7,mbbs_p1_final.pdf
2025,1,1508,3172,BH,,BCM,"Believers Church Medical College Hospital, Thiruvalla",MBBS,BH,18,mbbs_p1_final.pdf
2025,1,1509,3176,MU,,EMC,"MES Medical College, Perinthalmanna, Malappuram",MBBS,MM,17,mbbs_p1_final.pdf
2025,1,1510,3177,GN,,MMH,"Malabar Medical College Hospital, Kozhikkode",MBBS,AM,19,mbbs_p1_final.pdf
2025,1,1511,3178,GN,,GMC,"Sree Gokulam Medical College, Venjaramoodu, TVPM",MBBS,SM,19,mbbs_p1_final.pdf
2025,1,1512,3180,GN,,GMC,"Sree Gokulam Medical College, Venjaramoodu, TVPM",MBBS,SM,15,mbbs_p1_final.pdf
2025,1,1513,3182,EZ,,KTD,"Govt. Dental College, Kottayam",BDS,SM,14,mbbs_p1_final.pdf
2025,1,1514,3183,BH,,GMC,"Sree Gokulam Medical College, Venjaramoodu, TVPM",MBBS,SM,17,mbbs_p1_final.pdf
2025,1,1515,3184,MU,,BCM,"Believers Church Medical College Hospital, Thiruvalla",MBBS,MU,17,mbbs_p1_final.pdf
2025,1,1516,3185,GN,,MMH,"Malabar Medical College Hospital, Kozhikkode",MBBS,AM,19,mbbs_p1_final.pdf
2025,1,1517,3187,BH,,GMC,"Sree Gokulam Medical College, Venjaramoodu, TVPM",MBBS,SM,17,mbbs_p1_final.pdf
2025,1,1518,3189,MU,,TCD,"Govt. Dental College, Thrissur",BDS,SM,2,mbbs_p1_final.pdf
2025,1,1519,3192,MU,,EMC,"MES Medical College, Perinthalmanna, Malappuram",MBBS,MM,16,mbbs_p1_final.pdf
2025,1,1520,3193,BH,,SIM,"Sree Narayana Institute of Medical Sciences, Chalakka, Ernakulam.",MBBS,AM,18,mbbs_p1_final.pdf
2025,1,1521,3196,GN,,EMC,"MES Medical College, Perinthalmanna, Malappuram",MBBS,MM,6,mbbs_p1_final.pdf
2025,1,1522,3198,EZ,,MMH,"Malabar Medical College Hospital, Kozhikkode",MBBS,AM,18,mbbs_p1_final.pdf
2025,1,1523,3199,BH,,GMC,"Sree Gokulam Medical College, Venjaramoodu, TVPM",MBBS,SM,16,mbbs_p1_final.pdf
2025,1,1524,3201,GN,,SMC,"Dr. Somervell Memorial CSI Medical College, Karakonam",MBBS,AM,8,mbbs_p1_final.pdf
2025,1,1525,3204,GN,,SMC,"Dr. Somervell Memorial CSI Medical College, Karakonam",MBBS,AM,4,mbbs_p1_final.pdf
2025,1,1526,3205,GN,,MMH,"Malabar Medical College Hospital, Kozhikkode",MBBS,AM,16,mbbs_p1_final.pdf
2025,1,1527,3208,EZ,,KCM,"KMCT Medical College, Mukkom, Kozikkode",MBBS,AM,17,mbbs_p1_final.pdf
2025,1,1528,3212,GN,,SUC,"SUT Accademy of Medical Sciences, Thiruvananthapuram",MBBS,AM,3,mbbs_p1_final.pdf
2025,1,1529,3216,MU,,TCD,"Govt. Dental College, Thrissur",BDS,SM,14,mbbs_p1_final.pdf
2025,1,1530,3220,EW,,KKD,"Govt. Dental College, Kozhikkode",BDS,SM-EW,13,mbbs_p1_final.pdf
2025,1,1531,3223,MU,,TCD,"Govt. Dental College, Thrissur",BDS,SM,14,mbbs_p1_final.pdf
2025,1,1532,3224,MU,,EMC,"MES Medical College, Perinthalmanna, Malappuram",MBBS,MM,16,mbbs_p1_final.pdf
2025,1,1533,3228,MU,,EMC,"MES Medical College, Perinthalmanna, Malappuram",MBBS,MM,14,mbbs_p1_final.pdf
2025,1,1534,3232,BX,,GMC,"Sree Gokulam Medical College, Venjaramoodu, TVPM",MBBS,SM,15,mbbs_p1_final.pdf
2025,1,1535,3237,MU,,TCD,"Govt. Dental College, Thrissur",BDS,SM,11,mbbs_p1_final.pdf
2025,1,1536,3238,GN,,KCM,"KMCT Medical College, Mukkom, Kozikkode",MBBS,AM,8,mbbs_p1_final.pdf
2025,1,1537,3240,MU,,TCD,"Govt. Dental College, Thrissur",BDS,SM-MU,14,mbbs_p1_final.pdf
2025,1,1538,3241,EZ,,TVD,"Govt. Dental College, Thiruvananthapuram",BDS,SM-EZ,1,mbbs_p1_final.pdf
2025,1,1539,3242,VK,,TVD,"Govt. Dental College, Thiruvananthapuram",BDS,SM-VK,3,mbbs_p1_final.pdf
2025,1,1540,3244,EZ,,GMC,"Sree Gokulam Medical College, Venjaramoodu, TVPM",MBBS,SM,18,mbbs_p1_final.pdf
2025,1,1541,3249,MU,,BCM,"Believers Church Medical College Hospital, Thiruvalla",MBBS,MU,17,mbbs_p1_final.pdf
2025,1,1542,3250,GN,,JMC,"Jubilee Mission Medical College, Thrisur",MBBS,AC,14,mbbs_p1_final.pdf
2025,1,1543,3251,GN,,GMC,"Sree Gokulam Medical College, Venjaramoodu, TVPM",MBBS,SM,15,mbbs_p1_final.pdf
2025,1,1544,3253,EW,,AMC,"Amala Institute of Medical Sciences, Thrissur",MBBS,AC,14,mbbs_p1_final.pdf
2025,1,1545,3254,GN,,GMC,"Sree Gokulam Medical College, Venjaramoodu, TVPM",MBBS,SM,18,mbbs_p1_final.pdf
2025,1,1546,3256,GN,,SUC,"SUT Accademy of Medical Sciences, Thiruvananthapuram",MBBS,AM,1,mbbs_p1_final.pdf
2025,1,1547,3259,GN,,GMC,"Sree Gokulam Medical College, Venjaramoodu, TVPM",MBBS,SM,13,mbbs_p1_final.pdf
2025,1,1548,3261,BH,,GMC,"Sree Gokulam Medical College, Venjaramoodu, TVPM",MBBS,SM,18,mbbs_p1_final.pdf
2025,1,1549,3263,EZ,,TCD,"Govt. Dental College, Thrissur",BDS,SM-EZ,14,mbbs_p1_final.pdf
2025,1,1550,3265,GN,,JMC,"Jubilee Mission Medical College, Thrisur",MBBS,AC,14,mbbs_p1_final.pdf
2025,1,1551,3266,MU,,EMC,"MES Medical College, Perinthalmanna, Malappuram",MBBS,MM,18,mbbs_p1_final.pdf
2025,1,1552,3267,EW,,TVD,"Govt. Dental College, Thiruvananthapuram",BDS,SM-EW,13,mbbs_p1_final.pdf
2025,1,1553,3273,EW,,KTD,"Govt. Dental College, Kottayam",BDS,SM,13,mbbs_p1_final.pdf
2025,1,1554,3274,MU,,TCD,"Govt. Dental College, Thrissur",BDS,SM-MU,14,mbbs_p1_final.pdf
2025,1,1555,3275,GN,,KCM,"KMCT Medical College, Mukkom, Kozikkode",MBBS,AM,4,mbbs_p1_final.pdf
2025,1,1556,3278,GN,,AMC,"Amala Institute of Medical Sciences, Thrissur",MBBS,AC,14,mbbs_p1_final.pdf
2025,1,1557,3279,MU,,KND,"Government Dental College, Kannur",BDS,SM,15,mbbs_p1_final.pdf
2025,1,1558,3286,EZ,,SMC,"Dr. Somervell Memorial CSI Medical College, Karakonam",MBBS,AM,13,mbbs_p1_final.pdf
2025,1,1559,3288,MU,,EMC,"MES Medical College, Perinthalmanna, Malappuram",MBBS,MM,14,mbbs_p1_final.pdf
2025,1,1560,3289,GN,,MMH,"Malabar Medical College Hospital, Kozhikkode",MBBS,AM,16,mbbs_p1_final.pdf
2025,1,1561,3291,GN,,KMM,"Karuna Medical College, Vilayodi, Palakkad",MBBS,AM,8,mbbs_p1_final.pdf
2025,1,1562,3292,GN,,DMM,"Dr. Moopens Medical College, Meppadi, Wayanad",MBBS,AM,13,mbbs_p1_final.pdf
2025,1,1563,3293,MU,,EMC,"MES Medical College, Perinthalmanna, Malappuram",MBBS,MM,16,mbbs_p1_final.pdf
2025,1,1564,3295,VK,,TCD,"Govt. Dental College, Thrissur",BDS,SM-VK,14,mbbs_p1_final.pdf
2025,1,1565,3296,LA,,IDM,Government Medical College Idukki,MBBS,FL-LA,11,mbbs_p1_final.pdf
2025,1,1566,3297,DV,,TVM,"Govt. Medical College, Thiruvananthapuram",MBBS,DV,2,mbbs_p1_final.pdf
2025,1,1567,3298,GN,,GMC,"Sree Gokulam Medical College, Venjaramoodu, TVPM",MBBS,SM,13,mbbs_p1_final.pdf
2025,1,1568,3299,GN,,JMC,"Jubilee Mission Medical College, Thrisur",MBBS,AC,14,mbbs_p1_final.pdf
2025,1,1569,3303,MU,,TCD,"Govt. Dental College, Thrissur",BDS,SM-MU,13,mbbs_p1_final.pdf
2025,1,1570,3308,GN,,MMH,"Malabar Medical College Hospital, Kozhikkode",MBBS,AM,5,mbbs_p1_final.pdf
2025,1,1571,3313,BH,,GMC,"Sree Gokulam Medical College, Venjaramoodu, TVPM",MBBS,SM,17,mbbs_p1_final.pdf
2025,1,1572,3316,EZ,,GMC,"Sree Gokulam Medical College, Venjaramoodu, TVPM",MBBS,SM,18,mbbs_p1_final.pdf
2025,1,1573,3321,BH,,SMC,"Dr. Somervell Memorial CSI Medical College, Karakonam",MBBS,AM,14,mbbs_p1_final.pdf
2025,1,1574,3323,MU,,MMH,"Malabar Medical College Hospital, Kozhikkode",MBBS,AM,13,mbbs_p1_final.pdf
2025,1,1575,3324,MU,,EMC,"MES Medical College, Perinthalmanna, Malappuram",MBBS,MM,16,mbbs_p1_final.pdf
2025,1,1576,3327,BH,,MMH,"Malabar Medical College Hospital, Kozhikkode",MBBS,AM,15,mbbs_p1_final.pdf
2025,1,1577,3329,EZ,,KND,"Government Dental College, Kannur",BDS,SM,13,mbbs_p1_final.pdf
2025,1,1578,3330,GN,,MMH,"Malabar Medical College Hospital, Kozhikkode",MBBS,AM,8,mbbs_p1_final.pdf
2025,1,1579,3331,MU,,EMC,"MES Medical College, Perinthalmanna, Malappuram",MBBS,MM,17,mbbs_p1_final.pdf
2025,1,1580,3334,MU,,EMC,"MES Medical College, Perinthalmanna, Malappuram",MBBS,MM,4,mbbs_p1_final.pdf
2025,1,1581,3335,MU,,KTD,"Govt. Dental College, Kottayam",BDS,SM,15,mbbs_p1_final.pdf
2025,1,1582,3337,MU,,EMC,"MES Medical College, Perinthalmanna, Malappuram",MBBS,MM,16,mbbs_p1_final.pdf
2025,1,1583,3339,EZ,,GMC,"Sree Gokulam Medical College, Venjaramoodu, TVPM",MBBS,SM,17,mbbs_p1_final.pdf
2025,1,1584,3340,GN,,ALD,"Government Dental College, Alappuzha",BDS,SM,14,mbbs_p1_final.pdf
2025,1,1585,3342,MU,,MMH,"Malabar Medical College Hospital, Kozhikkode",MBBS,AM,16,mbbs_p1_final.pdf
2025,1,1586,3343,GN,,MMH,"Malabar Medical College Hospital, Kozhikkode",MBBS,AM,13,mbbs_p1_final.pdf
2025,1,1587,3346,GN,,MMH,"Malabar Medical College Hospital, Kozhikkode",MBBS,AM,8,mbbs_p1_final.pdf
2025,1,1588,3349,MU,,KTD,"Govt. Dental College, Kottayam",BDS,SM,14,mbbs_p1_final.pdf
2025,1,1589,3350,GN,,SUC,"SUT Accademy of Medical Sciences, Thiruvananthapuram",MBBS,AM,7,mbbs_p1_final.pdf
2025,1,1590,3352,BH,,GMC,"Sree Gokulam Medical College, Venjaramoodu, TVPM",MBBS,SM,13,mbbs_p1_final.pdf
2025,1,1591,3354,GN,,MMH,"Malabar Medical College Hospital, Kozhikkode",MBBS,AM,18,mbbs_p1_final.pdf
2025,1,1592,3355,MU,,GMC,"Sree Gokulam Medical College, Venjaramoodu, TVPM",MBBS,SM,13,mbbs_p1_final.pdf
2025,1,1593,3356,BH,,GMC,"Sree Gokulam Medical College, Venjaramoodu, TVPM",MBBS,SM,13,mbbs_p1_final.pdf
2025,1,1594,3358,MU,,EMC,"MES Medical College, Perinthalmanna, Malappuram",MBBS,MM,18,mbbs_p1_final.pdf
2025,1,1595,3359,GN,,SMC,"Dr. Somervell Memorial CSI Medical College, Karakonam",MBBS,AM,7,mbbs_p1_final.pdf
2025,1,1596,3362,EZ,,TCD,"Govt. Dental College, Thrissur",BDS,SM-EZ,14,mbbs_p1_final.pdf
2025,1,1597,3364,GN,,KCM,"KMCT Medical College, Mukkom, Kozikkode",MBBS,AM,7,mbbs_p1_final.pdf
2025,1,1598,3365,GN,,GMC,"Sree Gokulam Medical College, Venjaramoodu, TVPM",MBBS,SM,13,mbbs_p1_final.pdf
2025,1,1599,3368,GN,,KDM,"P K Das Institute of Medical Sciences, Ottapalam",MBBS,AM,7,mbbs_p1_final.pdf
2025,1,1600,3370,MU,,MMH,"Malabar Medical College Hospital, Kozhikkode",MBBS,AM,13,mbbs_p1_final.pdf
2025,1,1601,3371,MU,,EMC,"MES Medical College, Perinthalmanna, Malappuram",MBBS,MM,16,mbbs_p1_final.pdf
2025,1,1602,3372,GN,,GMC,"Sree Gokulam Medical College, Venjaramoodu, TVPM",MBBS,SM,18,mbbs_p1_final.pdf
2025,1,1603,3373,MU,,KTD,"Govt. Dental College, Kottayam",BDS,SM,15,mbbs_p1_final.pdf
2025,1,1604,3376,GN,,KCM,"KMCT Medical College, Mukkom, Kozikkode",MBBS,AM,1,mbbs_p1_final.pdf
2025,1,1605,3377,GN,,SUC,"SUT Accademy of Medical Sciences, Thiruvananthapuram",MBBS,AM,3,mbbs_p1_final.pdf
2025,1,1606,3378,GN,,MMH,"Malabar Medical College Hospital, Kozhikkode",MBBS,AM,6,mbbs_p1_final.pdf
2025,1,1607,3381,MU,,KTD,"Govt. Dental College, Kottayam",BDS,SM,15,mbbs_p1_final.pdf
2025,1,1608,3382,GN,,MMH,"Malabar Medical College Hospital, Kozhikkode",MBBS,AM,6,mbbs_p1_final.pdf
2025,1,1609,3395,EZ,,KTD,"Govt. Dental College, Kottayam",BDS,SM,13,mbbs_p1_final.pdf
2025,1,1610,3396,MU,,EMC,"MES Medical College, Perinthalmanna, Malappuram",MBBS,MM,15,mbbs_p1_final.pdf
2025,1,1611,3397,EZ,,GMC,"Sree Gokulam Medical College, Venjaramoodu, TVPM",MBBS,SM,17,mbbs_p1_final.pdf
2025,1,1612,3399,MU,,KTD,"Govt. Dental College, Kottayam",BDS,SM,15,mbbs_p1_final.pdf
2025,1,1613,3400,GN,,EMC,"MES Medical College, Perinthalmanna, Malappuram",MBBS,MM,14,mbbs_p1_final.pdf
2025,1,1614,3402,GN,,KDM,"P K Das Institute of Medical Sciences, Ottapalam",MBBS,AM,16,mbbs_p1_final.pdf
2025,1,1615,3406,MU,,KTD,"Govt. Dental College, Kottayam",BDS,SM-MU,4,mbbs_p1_final.pdf
2025,1,1616,3407,GN,,GMC,"Sree Gokulam Medical College, Venjaramoodu, TVPM",MBBS,SM,16,mbbs_p1_final.pdf
2025,1,1617,3408,GN,,GMC,"Sree Gokulam Medical College, Venjaramoodu, TVPM",MBBS,SM,15,mbbs_p1_final.pdf
2025,1,1618,3410,GN,,JMC,"Jubilee Mission Medical College, Thrisur",MBBS,AC,14,mbbs_p1_final.pdf
2025,1,1619,3413,EZ,,GMC,"Sree Gokulam Medical College, Venjaramoodu, TVPM",MBBS,SM,17,mbbs_p1_final.pdf
2025,1,1620,3417,EZ,,GMC,"Sree Gokulam Medical College, Venjaramoodu, TVPM",MBBS,SM,18,mbbs_p1_final.pdf
2025,1,1621,3418,MU,,KTD,"Govt. Dental College, Kottayam",BDS,SM-MU,15,mbbs_p1_final.pdf
2025,1,1622,3419,MU,,ALD,"Government Dental College, Alappuzha",BDS,SM,17,mbbs_p1_final.pdf
2025,1,1623,3423,MU,,EMC,"MES Medical College, Perinthalmanna, Malappuram",MBBS,MM,17,mbbs_p1_final.pdf
2025,1,1624,3424,GN,,KCM,"KMCT Medical College, Mukkom, Kozikkode",MBBS,AM,8,mbbs_p1_final.pdf
2025,1,1625,3427,BH,,GMC,"Sree Gokulam Medical College, Venjaramoodu, TVPM",MBBS,SM,13,mbbs_p1_final.pdf
2025,1,1626,3431,GN,,MMH,"Malabar Medical College Hospital, Kozhikkode",MBBS,AM,4,mbbs_p1_final.pdf
2025,1,1627,3432,GN,,SMC,"Dr. Somervell Memorial CSI Medical College, Karakonam",MBBS,AM,7,mbbs_p1_final.pdf
2025,1,1628,3433,GN,,KCM,"KMCT Medical College, Mukkom, Kozikkode",MBBS,AM,17,mbbs_p1_final.pdf
2025,1,1629,3434,MU,,ALD,"Government Dental College, Alappuzha",BDS,SM,10,mbbs_p1_final.pdf
2025,1,1630,3436,EW,,JMC,"Jubilee Mission Medical College, Thrisur",MBBS,AC,14,mbbs_p1_final.pdf
2025,1,1631,3439,BH,,GMC,"Sree Gokulam Medical College, Venjaramoodu, TVPM",MBBS,SM,17,mbbs_p1_final.pdf
2025,1,1632,3440,GN,,GMC,"Sree Gokulam Medical College, Venjaramoodu, TVPM",MBBS,SM,16,mbbs_p1_final.pdf
2025,1,1633,3447,GN,,MMH,"Malabar Medical College Hospital, Kozhikkode",MBBS,AM,7,mbbs_p1_final.pdf
2025,1,1634,3453,MU,,KND,"Government Dental College, Kannur",BDS,SM,2,mbbs_p1_final.pdf
2025,1,1635,3455,GN,,TRM,"Travancore Medical College, Umayanalloor, Kollam",MBBS,AM,8,mbbs_p1_final.pdf
2025,1,1636,3456,MU,,KND,"Government Dental College, Kannur",BDS,SM,17,mbbs_p1_final.pdf
2025,1,1637,3457,LA,,GMC,"Sree Gokulam Medical College, Venjaramoodu, TVPM",MBBS,SM,13,mbbs_p1_final.pdf
2025,1,1638,3458,GN,,JMC,"Jubilee Mission Medical College, Thrisur",MBBS,AC,7,mbbs_p1_final.pdf
2025,1,1639,3461,MU,,KND,"Government Dental College, Kannur",BDS,SM,15,mbbs_p1_final.pdf
2025,1,1640,3463,GN,,KCM,"KMCT Medical College, Mukkom, Kozikkode",MBBS,AM,16,mbbs_p1_final.pdf
2025,1,1641,3464,MU,,ALD,"Government Dental College, Alappuzha",BDS,SM,4,mbbs_p1_final.pdf
2025,1,1642,3469,EW,,MMC,"Malankara Orthodox Syrian Church MediCollege, Kolenchery",MBBS,AC,14,mbbs_p1_final.pdf
2025,1,1643,3473,MU,,ALD,"Government Dental College, Alappuzha",BDS,SM,17,mbbs_p1_final.pdf
2025,1,1644,3476,GN,,KCM,"KMCT Medical College, Mukkom, Kozikkode",MBBS,AM,2,mbbs_p1_final.pdf
2025,1,1645,3480,GN,,SUC,"SUT Accademy of Medical Sciences, Thiruvananthapuram",MBBS,AM,5,mbbs_p1_final.pdf
2025,1,1646,3482,LA,,JMC,"Jubilee Mission Medical College, Thrisur",MBBS,AC,14,mbbs_p1_final.pdf
2025,1,1647,3485,EZ,,KTD,"Govt. Dental College, Kottayam",BDS,SM-EZ,15,mbbs_p1_final.pdf
2025,1,1648,3486,EW,,KKD,"Govt. Dental College, Kozhikkode",BDS,SM-EW,13,mbbs_p1_final.pdf
2025,1,1649,3488,EZ,,TCD,"Govt. Dental College, Thrissur",BDS,SM-EZ,15,mbbs_p1_final.pdf
2025,1,1650,3492,GN,,JMC,"Jubilee Mission Medical College, Thrisur",MBBS,AC,14,mbbs_p1_final.pdf
2025,1,1651,3495,GN,,JMC,"Jubilee Mission Medical College, Thrisur",MBBS,AC,14,mbbs_p1_final.pdf
2025,1,1652,3497,GN,,GMC,"Sree Gokulam Medical College, Venjaramoodu, TVPM",MBBS,SM,18,mbbs_p1_final.pdf
2025,1,1653,3502,GN,,KMM,"Karuna Medical College, Vilayodi, Palakkad",MBBS,AM,2,mbbs_p1_final.pdf
2025,1,1654,3503,BX,,JMC,"Jubilee Mission Medical College, Thrisur",MBBS,AC,14,mbbs_p1_final.pdf
2025,1,1655,3507,EZ,,KTD,"Govt. Dental College, Kottayam",BDS,SM-EZ,7,mbbs_p1_final.pdf
2025,1,1656,3509,MU,,KND,"Government Dental College, Kannur",BDS,MU,17,mbbs_p1_final.pdf
2025,1,1657,3511,MU,,EMC,"MES Medical College, Perinthalmanna, Malappuram",MBBS,MM,16,mbbs_p1_final.pdf
2025,1,1658,3512,GN,,KCM,"KMCT Medical College, Mukkom, Kozikkode",MBBS,AM,1,mbbs_p1_final.pdf
2025,1,1659,3514,MU,,KND,"Government Dental College, Kannur",BDS,MU,14,mbbs_p1_final.pdf
2025,1,1660,3517,EZ,,TCD,"Govt. Dental College, Thrissur",BDS,EZ,6,mbbs_p1_final.pdf
2025,1,1661,3518,GN,,JMC,"Jubilee Mission Medical College, Thrisur",MBBS,AC,6,mbbs_p1_final.pdf
2025,1,1662,3521,GN,,SMC,"Dr. Somervell Memorial CSI Medical College, Karakonam",MBBS,AM,1,mbbs_p1_final.pdf
2025,1,1663,3522,GN,,GMC,"Sree Gokulam Medical College, Venjaramoodu, TVPM",MBBS,SM,19,mbbs_p1_final.pdf
2025,1,1664,3524,GN,,SUC,"SUT Accademy of Medical Sciences, Thiruvananthapuram",MBBS,AM,8,mbbs_p1_final.pdf
2025,1,1665,3525,MU,,ALD,"Government Dental College, Alappuzha",BDS,MU,5,mbbs_p1_final.pdf
2025,1,1666,3528,MU,,EMC,"MES Medical College, Perinthalmanna, Malappuram",MBBS,MM,14,mbbs_p1_final.pdf
2025,1,1667,3530,MU,,GMC,"Sree Gokulam Medical College, Venjaramoodu, TVPM",MBBS,SM,12,mbbs_p1_final.pdf
2025,1,1668,3532,MU,,ALD,"Government Dental College, Alappuzha",BDS,MU,16,mbbs_p1_final.pdf
2025,1,1669,3533,MU,,EMC,"MES Medical College, Perinthalmanna, Malappuram",MBBS,MM,16,mbbs_p1_final.pdf
2025,1,1670,3536,GN,,SUC,"SUT Accademy of Medical Sciences, Thiruvananthapuram",MBBS,AM,7,mbbs_p1_final.pdf
2025,1,1671,3538,GN,,KCM,"KMCT Medical College, Mukkom, Kozikkode",MBBS,AM,8,mbbs_p1_final.pdf
2025,1,1672,3539,GN,,KCM,"KMCT Medical College, Mukkom, Kozikkode",MBBS,AM,15,mbbs_p1_final.pdf
2025,1,1673,3542,EW,,TVD,"Govt. Dental College, Thiruvananthapuram",BDS,EW,13,mbbs_p1_final.pdf
2025,1,1674,3544,GN,,KCM,"KMCT Medical College, Mukkom, Kozikkode",MBBS,AM,9,mbbs_p1_final.pdf
2025,1,1675,3545,GN,,GMC,"Sree Gokulam Medical College, Venjaramoodu, TVPM",MBBS,SM,13,mbbs_p1_final.pdf
2025,1,1676,3549,GN,,KCM,"KMCT Medical College, Mukkom, Kozikkode",MBBS,AM,7,mbbs_p1_final.pdf
2025,1,1677,3552,EZ,,GMC,"Sree Gokulam Medical College, Venjaramoodu, TVPM",MBBS,SM,17,mbbs_p1_final.pdf
2025,1,1678,3555,MU,,EMC,"MES Medical College, Perinthalmanna, Malappuram",MBBS,MM,13,mbbs_p1_final.pdf
2025,1,1679,3556,MU,,EMC,"MES Medical College, Perinthalmanna, Malappuram",MBBS,MM,16,mbbs_p1_final.pdf
2025,1,1680,3562,GN,,JMC,"Jubilee Mission Medical College, Thrisur",MBBS,AC,14,mbbs_p1_final.pdf
2025,1,1681,3563,VK,,GMC,"Sree Gokulam Medical College, Venjaramoodu, TVPM",MBBS,SM,15,mbbs_p1_final.pdf
2025,1,1682,3564,GN,,SMC,"Dr. Somervell Memorial CSI Medical College, Karakonam",MBBS,AM,5,mbbs_p1_final.pdf
2025,1,1683,3565,GN,,SUC,"SUT Accademy of Medical Sciences, Thiruvananthapuram",MBBS,AM,9,mbbs_p1_final.pdf
2025,1,1684,3567,MU,,EMC,"MES Medical College, Perinthalmanna, Malappuram",MBBS,MM,14,mbbs_p1_final.pdf
2025,1,1685,3568,DV,,KTM,"Govt. Medical College, Kottayam",MBBS,DV,3,mbbs_p1_final.pdf
2025,1,1686,3570,MU,,GMC,"Sree Gokulam Medical College, Venjaramoodu, TVPM",MBBS,SM,17,mbbs_p1_final.pdf
2025,1,1687,3572,GN,,SMC,"Dr. Somervell Memorial CSI Medical College, Karakonam",MBBS,AM,7,mbbs_p1_final.pdf
2025,1,1688,3574,GN,,GMC,"Sree Gokulam Medical College, Venjaramoodu, TVPM",MBBS,SM,19,mbbs_p1_final.pdf
2025,1,1689,3577,MU,,EMC,"MES Medical College, Perinthalmanna, Malappuram",MBBS,MM,14,mbbs_p1_final.pdf
2025,1,1690,3579,BH,,GMC,"Sree Gokulam Medical College, Venjaramoodu, TVPM",MBBS,SM,17,mbbs_p1_final.pdf
2025,1,1691,3580,GN,,SMC,"Dr. Somervell Memorial CSI Medical College, Karakonam",MBBS,AM,9,mbbs_p1_final.pdf
2025,1,1692,3585,MU,,ALD,"Government Dental College, Alappuzha",BDS,MU,17,mbbs_p1_final.pdf
2025,1,1693,3586,EZ,,GMC,"Sree Gokulam Medical College, Venjaramoodu, TVPM",MBBS,EZ,18,mbbs_p1_final.pdf
2025,1,1694,3593,GN,,JMC,"Jubilee Mission Medical College, Thrisur",MBBS,AC,14,mbbs_p1_final.pdf
2025,1,1695,3594,MU,,ALD,"Government Dental College, Alappuzha",BDS,FL-MU,17,mbbs_p1_final.pdf
2025,1,1696,3595,GN,,JMC,"Jubilee Mission Medical College, Thrisur",MBBS,AC,2,mbbs_p1_final.pdf
2025,1,1697,3599,BX,,GMC,"Sree Gokulam Medical College, Venjaramoodu, TVPM",MBBS,BX,15,mbbs_p1_final.pdf
2025,1,1698,3600,GN,,TRM,"Travancore Medical College, Umayanalloor, Kollam",MBBS,AM,20,mbbs_p1_final.pdf
2025,1,1699,3602,MU,,KND,"Government Dental College, Kannur",BDS,MU,15,mbbs_p1_final.pdf
2025,1,1700,3605,MU,,ALD,"Government Dental College, Alappuzha",BDS,FL-MU,16,mbbs_p1_final.pdf
2025,1,1701,3606,MU,,KND,"Government Dental College, Kannur",BDS,MU,17,mbbs_p1_final.pdf
2025,1,1702,3609,MU,,ALD,"Government Dental College, Alappuzha",BDS,FL-MU,17,mbbs_p1_final.pdf
2025,1,1703,3610,GN,,KCM,"KMCT Medical College, Mukkom, Kozikkode",MBBS,AM,8,mbbs_p1_final.pdf
2025,1,1704,3614,MU,,ALD,"Government Dental College, Alappuzha",BDS,FL-MU,16,mbbs_p1_final.pdf
2025,1,1705,3616,MU,,ALD,"Government Dental College, Alappuzha",BDS,FL-MU,17,mbbs_p1_final.pdf
2025,1,1706,3618,MU,,MMH,"Malabar Medical College Hospital, Kozhikkode",MBBS,SM,15,mbbs_p1_final.pdf
2025,1,1707,3619,MU,,EMC,"MES Medical College, Perinthalmanna, Malappuram",MBBS,MM,18,mbbs_p1_final.pdf
2025,1,1708,3621,MU,,EMC,"MES Medical College, Perinthalmanna, Malappuram",MBBS,MM,16,mbbs_p1_final.pdf
2025,1,1709,3633,MU,,EMC,"MES Medical College, Perinthalmanna, Malappuram",MBBS,MM,14,mbbs_p1_final.pdf
2025,1,1710,3635,GN,,TRM,"Travancore Medical College, Umayanalloor, Kollam",MBBS,AM,20,mbbs_p1_final.pdf
2025,1,1711,3638,BH,,GMC,"Sree Gokulam Medical College, Venjaramoodu, TVPM",MBBS,BH,16,mbbs_p1_final.pdf
2025,1,1712,3640,GN,,EMC,"MES Medical College, Perinthalmanna, Malappuram",MBBS,MM,16,mbbs_p1_final.pdf
2025,1,1713,3641,VK,,ALD,"Government Dental College, Alappuzha",BDS,VK,6,mbbs_p1_final.pdf
2025,1,1714,3644,MU,,KND,"Government Dental College, Kannur",BDS,FL-MU,16,mbbs_p1_final.pdf
2025,1,1715,3645,GN,,JMC,"Jubilee Mission Medical College, Thrisur",MBBS,AC,14,mbbs_p1_final.pdf
2025,1,1716,3647,GN,,JMC,"Jubilee Mission Medical College, Thrisur",MBBS,AC,14,mbbs_p1_final.pdf
2025,1,1717,3648,MU,,ALD,"Government Dental College, Alappuzha",BDS,FL-MU,17,mbbs_p1_final.pdf
2025,1,1718,3654,MU,,GMC,"Sree Gokulam Medical College, Venjaramoodu, TVPM",MBBS,MU,18,mbbs_p1_final.pdf
2025,1,1719,3655,BH,,MMH,"Malabar Medical College Hospital, Kozhikkode",MBBS,SM,9,mbbs_p1_final.pdf
2025,1,1720,3656,GN,,TRM,"Travancore Medical College, Umayanalloor, Kollam",MBBS,AM,19,mbbs_p1_final.pdf
2025,1,1721,3660,GN,,ALD,"Government Dental College, Alappuzha",BDS,XS,16,mbbs_p1_final.pdf
2025,1,1722,3664,MU,,ALD,"Government Dental College, Alappuzha",BDS,FL-MU,17,mbbs_p1_final.pdf
2025,1,1723,3667,GN,,MMH,"Malabar Medical College Hospital, Kozhikkode",MBBS,SM,19,mbbs_p1_final.pdf
2025,1,1724,3669,MU,,ALD,"Government Dental College, Alappuzha",BDS,FL-MU,7,mbbs_p1_final.pdf
2025,1,1725,3670,EZ,,GMC,"Sree Gokulam Medical College, Venjaramoodu, TVPM",MBBS,EZ,16,mbbs_p1_final.pdf
2025,1,1726,3673,MU,,EMC,"MES Medical College, Perinthalmanna, Malappuram",MBBS,MM,14,mbbs_p1_final.pdf
2025,1,1727,3675,GN,,JMC,"Jubilee Mission Medical College, Thrisur",MBBS,AC,14,mbbs_p1_final.pdf
2025,1,1728,3676,EW,,JMC,"Jubilee Mission Medical College, Thrisur",MBBS,AC,14,mbbs_p1_final.pdf
2025,1,1729,3678,MU,,ALD,"Government Dental College, Alappuzha",BDS,FL-MU,17,mbbs_p1_final.pdf
2025,1,1730,3682,VK,,ALD,"Government Dental College, Alappuzha",BDS,FL-VK,14,mbbs_p1_final.pdf
2025,1,1731,3683,MU,,EMC,"MES Medical College, Perinthalmanna, Malappuram",MBBS,MM,16,mbbs_p1_final.pdf
2025,1,1732,3684,EW,,GMC,"Sree Gokulam Medical College, Venjaramoodu, TVPM",MBBS,EW,15,mbbs_p1_final.pdf
2025,1,1733,3691,GN,,MMH,"Malabar Medical College Hospital, Kozhikkode",MBBS,SM,6,mbbs_p1_final.pdf
2025,1,1734,3693,GN,,MMH,"Malabar Medical College Hospital, Kozhikkode",MBBS,SM,17,mbbs_p1_final.pdf
2025,1,1735,3695,GN,,TRM,"Travancore Medical College, Umayanalloor, Kollam",MBBS,AM,20,mbbs_p1_final.pdf
2025,1,1736,3696,GN,,KCM,"KMCT Medical College, Mukkom, Kozikkode",MBBS,AM,1,mbbs_p1_final.pdf
2025,1,1737,3697,BH,,GMC,"Sree Gokulam Medical College, Venjaramoodu, TVPM",MBBS,BH,7,mbbs_p1_final.pdf
2025,1,1738,3700,GN,,SMC,"Dr. Somervell Memorial CSI Medical College, Karakonam",MBBS,AM,9,mbbs_p1_final.pdf
2025,1,1739,3701,GN,,AMC,"Amala Institute of Medical Sciences, Thrissur",MBBS,AC,14,mbbs_p1_final.pdf
2025,1,1740,3702,MU,,KND,"Government Dental College, Kannur",BDS,FL-MU,17,mbbs_p1_final.pdf
2025,1,1741,3704,EZ,,GMC,"Sree Gokulam Medical College, Venjaramoodu, TVPM",MBBS,EZ,15,mbbs_p1_final.pdf
2025,1,1742,3709,MU,,EMC,"MES Medical College, Perinthalmanna, Malappuram",MBBS,MM,17,mbbs_p1_final.pdf
2025,1,1743,3714,EW,,KKD,"Govt. Dental College, Kozhikkode",BDS,EW,13,mbbs_p1_final.pdf
2025,1,1744,3717,MU,,EMC,"MES Medical College, Perinthalmanna, Malappuram",MBBS,MM,16,mbbs_p1_final.pdf
2025,1,1745,3721,MU,,EMC,"MES Medical College, Perinthalmanna, Malappuram",MBBS,MM,18,mbbs_p1_final.pdf
2025,1,1746,3722,GN,,SMC,"Dr. Somervell Memorial CSI Medical College, Karakonam",MBBS,AM,14,mbbs_p1_final.pdf
2025,1,1747,3727,SC,,KTM,"Govt. Medical College, Kottayam",MBBS,SC,1,mbbs_p1_final.pdf
2025,1,1748,3728,BH,,GMC,"Sree Gokulam Medical College, Venjaramoodu, TVPM",MBBS,BH,19,mbbs_p1_final.pdf
2025,1,1749,3732,GN,,KCM,"KMCT Medical College, Mukkom, Kozikkode",MBBS,AM,8,mbbs_p1_final.pdf
2025,1,1750,3733,EZ,,KTD,"Govt. Dental College, Kottayam",BDS,EZ,13,mbbs_p1_final.pdf
2025,1,1751,3734,MU,,EMC,"MES Medical College, Perinthalmanna, Malappuram",MBBS,MM,16,mbbs_p1_final.pdf
2025,1,1752,3735,GN,,SUC,"SUT Accademy of Medical Sciences, Thiruvananthapuram",MBBS,AM,8,mbbs_p1_final.pdf
2025,1,1753,3738,GN,,KCM,"KMCT Medical College, Mukkom, Kozikkode",MBBS,AM,8,mbbs_p1_final.pdf
2025,1,1754,3739,GN,,SMC,"Dr. Somervell Memorial CSI Medical College, Karakonam",MBBS,AM,19,mbbs_p1_final.pdf
2025,1,1755,3742,EZ,,GMC,"Sree Gokulam Medical College, Venjaramoodu, TVPM",MBBS,EZ,13,mbbs_p1_final.pdf
2025,1,1756,3743,EZ,,ALD,"Government Dental College, Alappuzha",BDS,EZ,17,mbbs_p1_final.pdf
2025,1,1757,3744,GN,,SUC,"SUT Accademy of Medical Sciences, Thiruvananthapuram",MBBS,AM,19,mbbs_p1_final.pdf
2025,1,1758,3745,EZ,,KND,"Government Dental College, Kannur",BDS,EZ,5,mbbs_p1_final.pdf
2025,1,1759,3747,MU,,TRM,"Travancore Medical College, Umayanalloor, Kollam",MBBS,AM,13,mbbs_p1_final.pdf
2025,1,1760,3751,EZ,,ALD,"Government Dental College, Alappuzha",BDS,EZ,16,mbbs_p1_final.pdf
2025,1,1761,3752,EW,,TVD,"Govt. Dental College, Thiruvananthapuram",BDS,EW,13,mbbs_p1_final.pdf
2025,1,1762,3753,GN,,AMC,"Amala Institute of Medical Sciences, Thrissur",MBBS,AC,14,mbbs_p1_final.pdf
2025,1,1763,3758,EZ,,GMC,"Sree Gokulam Medical College, Venjaramoodu, TVPM",MBBS,EZ,18,mbbs_p1_final.pdf
2025,1,1764,3761,GN,,EMC,"MES Medical College, Perinthalmanna, Malappuram",MBBS,MM,14,mbbs_p1_final.pdf
2025,1,1765,3763,MU,,EMC,"MES Medical College, Perinthalmanna, Malappuram",MBBS,MM,15,mbbs_p1_final.pdf
2025,1,1766,3767,GN,,TRM,"Travancore Medical College, Umayanalloor, Kollam",MBBS,AM,20,mbbs_p1_final.pdf
2025,1,1767,3772,MU,,EMC,"MES Medical College, Perinthalmanna, Malappuram",MBBS,MM,16,mbbs_p1_final.pdf
2025,1,1768,3778,EZ,,ALD,"Government Dental College, Alappuzha",BDS,EZ,17,mbbs_p1_final.pdf
2025,1,1769,3779,EW,,KTD,"Govt. Dental College, Kottayam",BDS,EW,13,mbbs_p1_final.pdf
2025,1,1770,3780,GN,,MMC,"Malankara Orthodox Syrian Church MediCollege, Kolenchery",MBBS,AC,9,mbbs_p1_final.pdf
2025,1,1771,3781,GN,,SIM,"Sree Narayana Institute of Medical Sciences, Chalakka, Ernakulam.",MBBS,AM,19,mbbs_p1_final.pdf
2025,1,1772,3783,BX,,AMC,"Amala Institute of Medical Sciences, Thrissur",MBBS,AC,16,mbbs_p1_final.pdf
2025,1,1773,3785,GN,,MMC,"Malankara Orthodox Syrian Church MediCollege, Kolenchery",MBBS,AC,14,mbbs_p1_final.pdf
2025,1,1774,3786,GN,,KCM,"KMCT Medical College, Mukkom, Kozikkode",MBBS,AM,8,mbbs_p1_final.pdf
2025,1,1775,3791,MU,,EMC,"MES Medical College, Perinthalmanna, Malappuram",MBBS,MM,19,mbbs_p1_final.pdf
2025,1,1776,3793,GN,,AMC,"Amala Institute of Medical Sciences, Thrissur",MBBS,AC,16,mbbs_p1_final.pdf
2025,1,1777,3794,EW,,SUC,"SUT Accademy of Medical Sciences, Thiruvananthapuram",MBBS,AM,13,mbbs_p1_final.pdf
2025,1,1778,3795,MU,,GMC,"Sree Gokulam Medical College, Venjaramoodu, TVPM",MBBS,MU,18,mbbs_p1_final.pdf
2025,1,1779,3796,MU,,EMC,"MES Medical College, Perinthalmanna, Malappuram",MBBS,MM,18,mbbs_p1_final.pdf
2025,1,1780,3802,EZ,,ALD,"Government Dental College, Alappuzha",BDS,FL-EZ,17,mbbs_p1_final.pdf
2025,1,1781,3804,GN,,SMC,"Dr. Somervell Memorial CSI Medical College, Karakonam",MBBS,AM,4,mbbs_p1_final.pdf
2025,1,1782,3808,EZ,,ALD,"Government Dental College, Alappuzha",BDS,FL-EZ,17,mbbs_p1_final.pdf
2025,1,1783,3809,MU,,EMC,"MES Medical College, Perinthalmanna, Malappuram",MBBS,MM,17,mbbs_p1_final.pdf
2025,1,1784,3811,GN,,TRM,"Travancore Medical College, Umayanalloor, Kollam",MBBS,AM,20,mbbs_p1_final.pdf
2025,1,1785,3814,MU,,MMH,"Malabar Medical College Hospital, Kozhikkode",MBBS,SM,13,mbbs_p1_final.pdf
2025,1,1786,3818,GN,,AMC,"Amala Institute of Medical Sciences, Thrissur",MBBS,AC,16,mbbs_p1_final.pdf
2025,1,1787,3821,EZ,,GMC,"Sree Gokulam Medical College, Venjaramoodu, TVPM",MBBS,EZ,18,mbbs_p1_final.pdf
2025,1,1788,3822,BH,,MMH,"Malabar Medical College Hospital, Kozhikkode",MBBS,SM,19,mbbs_p1_final.pdf
2025,1,1789,3823,GN,,AMC,"Amala Institute of Medical Sciences, Thrissur",MBBS,AC,4,mbbs_p1_final.pdf
2025,1,1790,3824,MU,,EMC,"MES Medical College, Perinthalmanna, Malappuram",MBBS,MM,17,mbbs_p1_final.pdf
2025,1,1791,3826,GN,,TRM,"Travancore Medical College, Umayanalloor, Kollam",MBBS,AM,20,mbbs_p1_final.pdf
2025,1,1792,3827,GN,,SMC,"Dr. Somervell Memorial CSI Medical College, Karakonam",MBBS,AM,7,mbbs_p1_final.pdf
2025,1,1793,3829,LA,,SUC,"SUT Accademy of Medical Sciences, Thiruvananthapuram",MBBS,SM,13,mbbs_p1_final.pdf
2025,1,1794,3830,MU,,KCM,"KMCT Medical College, Mukkom, Kozikkode",MBBS,AM,15,mbbs_p1_final.pdf
2025,1,1795,3836,GN,,TRM,"Travancore Medical College, Umayanalloor, Kollam",MBBS,AM,17,mbbs_p1_final.pdf
2025,1,1796,3841,GN,,KCM,"KMCT Medical College, Mukkom, Kozikkode",MBBS,AM,18,mbbs_p1_final.pdf
2025,1,1797,3842,GN,,AMC,"Amala Institute of Medical Sciences, Thrissur",MBBS,AC,16,mbbs_p1_final.pdf
2025,1,1798,3843,GN,,EMC,"MES Medical College, Perinthalmanna, Malappuram",MBBS,MM,16,mbbs_p1_final.pdf
2025,1,1799,3845,GN,,KCM,"KMCT Medical College, Mukkom, Kozikkode",MBBS,AM,9,mbbs_p1_final.pdf
2025,1,1800,3847,BH,,SMC,"Dr. Somervell Memorial CSI Medical College, Karakonam",MBBS,AM,14,mbbs_p1_final.pdf
2025,1,1801,3848,GN,,MMC,"Malankara Orthodox Syrian Church MediCollege, Kolenchery",MBBS,AC,6,mbbs_p1_final.pdf
2025,1,1802,3851,GN,,KCM,"KMCT Medical College, Mukkom, Kozikkode",MBBS,AM,8,mbbs_p1_final.pdf
2025,1,1803,3854,GN,,JMC,"Jubilee Mission Medical College, Thrisur",MBBS,NR,10,mbbs_p1_final.pdf
2025,1,1804,3858,EW,,AMC,"Amala Institute of Medical Sciences, Thrissur",MBBS,AC,16,mbbs_p1_final.pdf
2025,1,1805,3862,GN,,KCM,"KMCT Medical College, Mukkom, Kozikkode",MBBS,AM,9,mbbs_p1_final.pdf
2025,1,1806,3863,VK,,KND,"Government Dental College, Kannur",BDS,VK,18,mbbs_p1_final.pdf
2025,1,1807,3864,EZ,,GMC,"Sree Gokulam Medical College, Venjaramoodu, TVPM",MBBS,EZ,15,mbbs_p1_final.pdf
2025,1,1808,3869,MU,,KCM,"KMCT Medical College, Mukkom, Kozikkode",MBBS,AM,18,mbbs_p1_final.pdf
2025,1,1809,3870,MU,,MMH,"Malabar Medical College Hospital, Kozhikkode",MBBS,SM,16,mbbs_p1_final.pdf
2025,1,1810,3871,MU,,KCM,"KMCT Medical College, Mukkom, Kozikkode",MBBS,AM,13,mbbs_p1_final.pdf
2025,1,1811,3880,SC,,TCM,"Govt. Medical College, Thrissur",MBBS,SC #,1,mbbs_p1_final.pdf
2025,1,1812,3884,SC,,KKM,"Govt. Medical College, Kozhikkode",MBBS,SC,1,mbbs_p1_final.pdf
2025,1,1813,3887,DV,,KTM,"Govt. Medical College, Kottayam",MBBS,DV,2,mbbs_p1_final.pdf
2025,1,1814,3892,GN,,MMH,"Malabar Medical College Hospital, Kozhikkode",MBBS,SM,11,mbbs_p1_final.pdf
2025,1,1815,3893,GN,,SUC,"SUT Accademy of Medical Sciences, Thiruvananthapuram",MBBS,SM,18,mbbs_p1_final.pdf
2025,1,1816,3895,MU,,MMH,"Malabar Medical College Hospital, Kozhikkode",MBBS,SM,15,mbbs_p1_final.pdf
2025,1,1817,3899,ST,,KKM,"Govt. Medical College, Kozhikkode",MBBS,ST,1,mbbs_p1_final.pdf
2025,1,1818,3900,GN,,SMC,"Dr. Somervell Memorial CSI Medical College, Karakonam",MBBS,AM,14,mbbs_p1_final.pdf
2025,1,1819,3901,VK,,KND,"Government Dental College, Kannur",BDS,FL-VK,17,mbbs_p1_final.pdf
2025,1,1820,3904,GN,,AMC,"Amala Institute of Medical Sciences, Thrissur",MBBS,AC,13,mbbs_p1_final.pdf
2025,1,1821,3906,GN,,SUC,"SUT Accademy of Medical Sciences, Thiruvananthapuram",MBBS,SM,13,mbbs_p1_final.pdf
2025,1,1822,3909,EW,,GMC,"Sree Gokulam Medical College, Venjaramoodu, TVPM",MBBS,EW,18,mbbs_p1_final.pdf
2025,1,1823,3910,MU,,GMC,"Sree Gokulam Medical College, Venjaramoodu, TVPM",MBBS,MU,17,mbbs_p1_final.pdf
2025,1,1824,3911,GN,,AMC,"Amala Institute of Medical Sciences, Thrissur",MBBS,AC,8,mbbs_p1_final.pdf
2025,1,1825,3917,EZ,,SIM,"Sree Narayana Institute of Medical Sciences, Chalakka, Ernakulam.",MBBS,AM,18,mbbs_p1_final.pdf
2025,1,1826,3919,MU,,EMC,"MES Medical College, Perinthalmanna, Malappuram",MBBS,MM,11,mbbs_p1_final.pdf
2025,1,1827,3920,GN,,MMH,"Malabar Medical College Hospital, Kozhikkode",MBBS,SM,16,mbbs_p1_final.pdf
2025,1,1828,3923,EZ,,GMC,"Sree Gokulam Medical College, Venjaramoodu, TVPM",MBBS,EZ,15,mbbs_p1_final.pdf
2025,1,1829,3927,GN,,AMC,"Amala Institute of Medical Sciences, Thrissur",MBBS,AC,9,mbbs_p1_final.pdf
2025,1,1830,3929,VK,,KND,"Government Dental College, Kannur",BDS,FL-VK,18,mbbs_p1_final.pdf
2025,1,1831,3930,EZ,,GMC,"Sree Gokulam Medical College, Venjaramoodu, TVPM",MBBS,EZ,17,mbbs_p1_final.pdf
2025,1,1832,3932,EZ,,KND,"Government Dental College, Kannur",BDS,EZ,17,mbbs_p1_final.pdf
2025,1,1833,3933,GN,,TRM,"Travancore Medical College, Umayanalloor, Kollam",MBBS,AM,19,mbbs_p1_final.pdf
2025,1,1834,3941,MU,,GMC,"Sree Gokulam Medical College, Venjaramoodu, TVPM",MBBS,MU,13,mbbs_p1_final.pdf
2025,1,1835,3943,LA,,GMC,"Sree Gokulam Medical College, Venjaramoodu, TVPM",MBBS,LA,13,mbbs_p1_final.pdf
2025,1,1836,3948,GN,,AMC,"Amala Institute of Medical Sciences, Thrissur",MBBS,AC,14,mbbs_p1_final.pdf
2025,1,1837,3950,EZ,,SUC,"SUT Accademy of Medical Sciences, Thiruvananthapuram",MBBS,SM,19,mbbs_p1_final.pdf
2025,1,1838,3951,GN,,SUC,"SUT Accademy of Medical Sciences, Thiruvananthapuram",MBBS,SM,19,mbbs_p1_final.pdf
2025,1,1839,3952,EW,,TVD,"Govt. Dental College, Thiruvananthapuram",BDS,EW,13,mbbs_p1_final.pdf
2025,1,1840,3954,GN,,TRM,"Travancore Medical College, Umayanalloor, Kollam",MBBS,AM,19,mbbs_p1_final.pdf
2025,1,1841,3955,KU,,KKM,"Govt. Medical College, Kozhikkode",MBBS,KU,1,mbbs_p1_final.pdf
2025,1,1842,3957,EZ,,TRM,"Travancore Medical College, Umayanalloor, Kollam",MBBS,AM,20,mbbs_p1_final.pdf
2025,1,1843,3958,EZ,,KND,"Government Dental College, Kannur",BDS,EZ,17,mbbs_p1_final.pdf
2025,1,1844,3959,GN,,KCM,"KMCT Medical College, Mukkom, Kozikkode",MBBS,AM,8,mbbs_p1_final.pdf
2025,1,1845,3960,GN,,SUC,"SUT Accademy of Medical Sciences, Thiruvananthapuram",MBBS,SM,14,mbbs_p1_final.pdf
2025,1,1846,3964,GN,,AMC,"Amala Institute of Medical Sciences, Thrissur",MBBS,AC,2,mbbs_p1_final.pdf
2025,1,1847,3965,BH,,SUC,"SUT Accademy of Medical Sciences, Thiruvananthapuram",MBBS,SM,18,mbbs_p1_final.pdf
2025,1,1848,3977,BH,,MMH,"Malabar Medical College Hospital, Kozhikkode",MBBS,SM,12,mbbs_p1_final.pdf
2025,1,1849,3978,GN,,MMH,"Malabar Medical College Hospital, Kozhikkode",MBBS,SM,19,mbbs_p1_final.pdf
2025,1,1850,3980,GN,,AMC,"Amala Institute of Medical Sciences, Thrissur",MBBS,AC,2,mbbs_p1_final.pdf
2025,1,1851,3981,GN,,KCM,"KMCT Medical College, Mukkom, Kozikkode",MBBS,SM,20,mbbs_p1_final.pdf
2025,1,1852,3991,DV,,TCM,"Govt. Medical College, Thrissur",MBBS,DV,2,mbbs_p1_final.pdf
2025,1,1853,3994,GN,,AMC,"Amala Institute of Medical Sciences, Thrissur",MBBS,AC,16,mbbs_p1_final.pdf
2025,1,1854,3997,MU,,EMC,"MES Medical College, Perinthalmanna, Malappuram",MBBS,MM,16,mbbs_p1_final.pdf
2025,1,1855,4005,GN,,AMC,"Amala Institute of Medical Sciences, Thrissur",MBBS,AC,12,mbbs_p1_final.pdf
2025,1,1856,4009,BH,,TVD,"Govt. Dental College, Thiruvananthapuram",BDS,BH,13,mbbs_p1_final.pdf
2025,1,1857,4013,MU,,KCM,"KMCT Medical College, Mukkom, Kozikkode",MBBS,SM,19,mbbs_p1_final.pdf
2025,1,1858,4014,MU,,GMC,"Sree Gokulam Medical College, Venjaramoodu, TVPM",MBBS,MU,13,mbbs_p1_final.pdf
2025,1,1859,4018,EZ,,KND,"Government Dental College, Kannur",BDS,EZ,17,mbbs_p1_final.pdf
2025,1,1860,4021,GN,,MMH,"Malabar Medical College Hospital, Kozhikkode",MBBS,SM,18,mbbs_p1_final.pdf
2025,1,1861,4022,BH,,DMM,"Dr. Moopens Medical College, Meppadi, Wayanad",MBBS,AM,10,mbbs_p1_final.pdf
2025,1,1862,4023,GN,,AMC,"Amala Institute of Medical Sciences, Thrissur",MBBS,AC,16,mbbs_p1_final.pdf
2025,1,1863,4026,MU,,EMC,"MES Medical College, Perinthalmanna, Malappuram",MBBS,MM,13,mbbs_p1_final.pdf
2025,1,1864,4032,GN,,MMH,"Malabar Medical College Hospital, Kozhikkode",MBBS,SM,19,mbbs_p1_final.pdf
2025,1,1865,4035,GN,,KMM,"Karuna Medical College, Vilayodi, Palakkad",MBBS,AM,2,mbbs_p1_final.pdf
2025,1,1866,4038,GN,,SUC,"SUT Accademy of Medical Sciences, Thiruvananthapuram",MBBS,SM,10,mbbs_p1_final.pdf
2025,1,1867,4039,GN,,SMC,"Dr. Somervell Memorial CSI Medical College, Karakonam",MBBS,AM,3,mbbs_p1_final.pdf
2025,1,1868,4041,MU,,EMC,"MES Medical College, Perinthalmanna, Malappuram",MBBS,MM,2,mbbs_p1_final.pdf
2025,1,1869,4042,EZ,,TRM,"Travancore Medical College, Umayanalloor, Kollam",MBBS,AM,20,mbbs_p1_final.pdf
2025,1,1870,4049,MU,,EMC,"MES Medical College, Perinthalmanna, Malappuram",MBBS,MM,17,mbbs_p1_final.pdf
2025,1,1871,4053,MU,,EMC,"MES Medical College, Perinthalmanna, Malappuram",MBBS,MM,16,mbbs_p1_final.pdf
2025,1,1872,4055,EW,,GMC,"Sree Gokulam Medical College, Venjaramoodu, TVPM",MBBS,EW,13,mbbs_p1_final.pdf
2025,1,1873,4056,MU,,EMC,"MES Medical College, Perinthalmanna, Malappuram",MBBS,MM,18,mbbs_p1_final.pdf
2025,1,1874,4057,EZ,,TRM,"Travancore Medical College, Umayanalloor, Kollam",MBBS,AM,20,mbbs_p1_final.pdf
2025,1,1875,4061,GN,,SMC,"Dr. Somervell Memorial CSI Medical College, Karakonam",MBBS,AM,9,mbbs_p1_final.pdf
2025,1,1876,4069,MU,,KCM,"KMCT Medical College, Mukkom, Kozikkode",MBBS,SM,16,mbbs_p1_final.pdf
2025,1,1877,4070,MU,,EMC,"MES Medical College, Perinthalmanna, Malappuram",MBBS,MM,14,mbbs_p1_final.pdf
2025,1,1878,4072,KN,,TVM,"Govt. Medical College, Thiruvananthapuram",MBBS,KN,1,mbbs_p1_final.pdf
2025,1,1879,4073,EZ,,KND,"Government Dental College, Kannur",BDS,FL-EZ,6,mbbs_p1_final.pdf
2025,1,1880,4076,GN,,SMC,"Dr. Somervell Memorial CSI Medical College, Karakonam",MBBS,AM,7,mbbs_p1_final.pdf
2025,1,1881,4080,MU,,EMC,"MES Medical College, Perinthalmanna, Malappuram",MBBS,MM,14,mbbs_p1_final.pdf
2025,1,1882,4081,GN,,AMC,"Amala Institute of Medical Sciences, Thrissur",MBBS,AC,16,mbbs_p1_final.pdf
2025,1,1883,4084,MU,,TRM,"Travancore Medical College, Umayanalloor, Kollam",MBBS,SM,15,mbbs_p1_final.pdf
2025,1,1884,4088,GN,,PIM,"Palakkad Institute of Medical Sciences, Walayar",MBBS,AM,3,mbbs_p1_final.pdf
2025,1,1885,4090,MU,,EMC,"MES Medical College, Perinthalmanna, Malappuram",MBBS,MM,16,mbbs_p1_final.pdf
2025,1,1886,4091,GN,,SMC,"Dr. Somervell Memorial CSI Medical College, Karakonam",MBBS,AM,4,mbbs_p1_final.pdf
2025,1,1887,4098,GN,,AMC,"Amala Institute of Medical Sciences, Thrissur",MBBS,AC,16,mbbs_p1_final.pdf
2025,1,1888,4103,MU,,EMC,"MES Medical College, Perinthalmanna, Malappuram",MBBS,MM,14,mbbs_p1_final.pdf
2025,1,1889,4104,GN,,SIM,"Sree Narayana Institute of Medical Sciences, Chalakka, Ernakulam.",MBBS,AM,9,mbbs_p1_final.pdf
2025,1,1890,4113,EZ,,MMH,"Malabar Medical College Hospital, Kozhikkode",MBBS,SM,17,mbbs_p1_final.pdf
2025,1,1891,4114,MU,,EMC,"MES Medical College, Perinthalmanna, Malappuram",MBBS,MM,15,mbbs_p1_final.pdf
2025,1,1892,4117,GN,,AZC,"Azeezia Institute of Medi Science, Meyyannoor, Kollam",MBBS,AM,3,mbbs_p1_final.pdf
2025,1,1893,4119,MU,,KCM,"KMCT Medical College, Mukkom, Kozikkode",MBBS,SM,16,mbbs_p1_final.pdf
2025,1,1894,4120,MU,,EMC,"MES Medical College, Perinthalmanna, Malappuram",MBBS,MM,16,mbbs_p1_final.pdf
2025,1,1895,4123,GN,,MMH,"Malabar Medical College Hospital, Kozhikkode",MBBS,SM,19,mbbs_p1_final.pdf
2025,1,1896,4127,GN,,KDM,"P K Das Institute of Medical Sciences, Ottapalam",MBBS,AM,9,mbbs_p1_final.pdf
2025,1,1897,4129,GN,,KMM,"Karuna Medical College, Vilayodi, Palakkad",MBBS,AM,6,mbbs_p1_final.pdf
2025,1,1898,4130,EW,,AMC,"Amala Institute of Medical Sciences, Thrissur",MBBS,AC,16,mbbs_p1_final.pdf
2025,1,1899,4133,GN,,AMC,"Amala Institute of Medical Sciences, Thrissur",MBBS,AC,16,mbbs_p1_final.pdf
2025,1,1900,4134,MU,,EMC,"MES Medical College, Perinthalmanna, Malappuram",MBBS,MM,17,mbbs_p1_final.pdf
2025,1,1901,4135,EZ,,MMH,"Malabar Medical College Hospital, Kozhikkode",MBBS,SM,16,mbbs_p1_final.pdf
2025,1,1902,4138,EZ,,KND,"Government Dental College, Kannur",BDS,FL-EZ,17,mbbs_p1_final.pdf
2025,1,1903,4141,GN,,MMH,"Malabar Medical College Hospital, Kozhikkode",MBBS,SM,18,mbbs_p1_final.pdf
2025,1,1904,4143,EZ,,KCM,"KMCT Medical College, Mukkom, Kozikkode",MBBS,SM,15,mbbs_p1_final.pdf
2025,1,1905,4149,GN,,KDM,"P K Das Institute of Medical Sciences, Ottapalam",MBBS,AM,9,mbbs_p1_final.pdf
2025,1,1906,4151,GN,,AMC,"Amala Institute of Medical Sciences, Thrissur",MBBS,AC,16,mbbs_p1_final.pdf
2025,1,1907,4152,MU,,EMC,"MES Medical College, Perinthalmanna, Malappuram",MBBS,MM,16,mbbs_p1_final.pdf
2025,1,1908,4153,GN,,KDM,"P K Das Institute of Medical Sciences, Ottapalam",MBBS,AM,13,mbbs_p1_final.pdf
2025,1,1909,4154,EZ,,SUC,"SUT Accademy of Medical Sciences, Thiruvananthapuram",MBBS,SM,14,mbbs_p1_final.pdf
2025,1,1910,4159,LA,,AMC,"Amala Institute of Medical Sciences, Thrissur",MBBS,AC,16,mbbs_p1_final.pdf
2025,1,1911,4160,EZ,,TRM,"Travancore Medical College, Umayanalloor, Kollam",MBBS,SM,19,mbbs_p1_final.pdf
2025,1,1912,4162,MU,,EMC,"MES Medical College, Perinthalmanna, Malappuram",MBBS,MM,16,mbbs_p1_final.pdf
2025,1,1913,4163,GN,,MMH,"Malabar Medical College Hospital, Kozhikkode",MBBS,SM,18,mbbs_p1_final.pdf
2025,1,1914,4168,GN,,SIM,"Sree Narayana Institute of Medical Sciences, Chalakka, Ernakulam.",MBBS,AM,10,mbbs_p1_final.pdf
2025,1,1915,4169,MU,,GMC,"Sree Gokulam Medical College, Venjaramoodu, TVPM",MBBS,MU,15,mbbs_p1_final.pdf
2025,1,1916,4170,BH,,KCM,"KMCT Medical College, Mukkom, Kozikkode",MBBS,SM,16,mbbs_p1_final.pdf
2025,1,1917,4174,GN,,KDM,"P K Das Institute of Medical Sciences, Ottapalam",MBBS,AM,13,mbbs_p1_final.pdf
2025,1,1918,4177,BH,,KCM,"KMCT Medical College, Mukkom, Kozikkode",MBBS,SM,20,mbbs_p1_final.pdf
2025,1,1919,4178,EZ,,MMH,"Malabar Medical College Hospital, Kozhikkode",MBBS,SM,13,mbbs_p1_final.pdf
2025,1,1920,4179,LA,,BCM,"Believers Church Medical College Hospital, Thiruvalla",MBBS,LA,14,mbbs_p1_final.pdf
2025,1,1921,4180,GN,,TRM,"Travancore Medical College, Umayanalloor, Kollam",MBBS,SM,16,mbbs_p1_final.pdf
2025,1,1922,4181,GN,,KMM,"Karuna Medical College, Vilayodi, Palakkad",MBBS,AM,13,mbbs_p1_final.pdf
2025,1,1923,4187,EZ,,TRM,"Travancore Medical College, Umayanalloor, Kollam",MBBS,SM,20,mbbs_p1_final.pdf
2025,1,1924,4189,MU,,EMC,"MES Medical College, Perinthalmanna, Malappuram",MBBS,MM,16,mbbs_p1_final.pdf
2025,1,1925,4191,GN,,SIM,"Sree Narayana Institute of Medical Sciences, Chalakka, Ernakulam.",MBBS,AM,13,mbbs_p1_final.pdf
2025,1,1926,4194,EZ,,KCM,"KMCT Medical College, Mukkom, Kozikkode",MBBS,SM,16,mbbs_p1_final.pdf
2025,1,1927,4197,MU,,EMC,"MES Medical College, Perinthalmanna, Malappuram",MBBS,MM,14,mbbs_p1_final.pdf
2025,1,1928,4198,MU,,EMC,"MES Medical College, Perinthalmanna, Malappuram",MBBS,MM,16,mbbs_p1_final.pdf
2025,1,1929,4199,BH,,TRM,"Travancore Medical College, Umayanalloor, Kollam",MBBS,SM,19,mbbs_p1_final.pdf
2025,1,1930,4202,GN,,SIM,"Sree Narayana Institute of Medical Sciences, Chalakka, Ernakulam.",MBBS,AM,6,mbbs_p1_final.pdf
2025,1,1931,4205,MU,,EMC,"MES Medical College, Perinthalmanna, Malappuram",MBBS,MM,16,mbbs_p1_final.pdf
2025,1,1932,4208,VK,,PMC,"Pushpagiri Institute of Medical Science, Thiruvalla",MBBS,VK,13,mbbs_p1_final.pdf
2025,1,1933,4210,MU,,MED,"MES Dental College, Perinthalmanna",BDS,SM,19,mbbs_p1_final.pdf
2025,1,1934,4214,SC,,KKM,"Govt. Medical College, Kozhikkode",MBBS,SC,1,mbbs_p1_final.pdf
2025,1,1935,4215,MU,,GMC,"Sree Gokulam Medical College, Venjaramoodu, TVPM",MBBS,MU,13,mbbs_p1_final.pdf
2025,1,1936,4218,MU,,GMC,"Sree Gokulam Medical College, Venjaramoodu, TVPM",MBBS,MU,17,mbbs_p1_final.pdf
2025,1,1937,4220,MU,,KMM,"Karuna Medical College, Vilayodi, Palakkad",MBBS,AM,14,mbbs_p1_final.pdf
2025,1,1938,4222,GN,,AMC,"Amala Institute of Medical Sciences, Thrissur",MBBS,AC,16,mbbs_p1_final.pdf
2025,1,1939,4223,EZ,,TRM,"Travancore Medical College, Umayanalloor, Kollam",MBBS,SM,13,mbbs_p1_final.pdf
2025,1,1940,4224,EZ,,KND,"Government Dental College, Kannur",BDS,FL-EZ,18,mbbs_p1_final.pdf
2025,1,1941,4225,KN,,KKM,"Govt. Medical College, Kozhikkode",MBBS,KN,1,mbbs_p1_final.pdf
2025,1,1942,4226,EZ,,SUC,"SUT Accademy of Medical Sciences, Thiruvananthapuram",MBBS,SM,17,mbbs_p1_final.pdf
2025,1,1943,4227,MU,,EMC,"MES Medical College, Perinthalmanna, Malappuram",MBBS,MM,11,mbbs_p1_final.pdf
2025,1,1944,4232,EW,,AMC,"Amala Institute of Medical Sciences, Thrissur",MBBS,AC,16,mbbs_p1_final.pdf
2025,1,1945,4233,GN,,SIM,"Sree Narayana Institute of Medical Sciences, Chalakka, Ernakulam.",MBBS,AM,12,mbbs_p1_final.pdf
2025,1,1946,4234,GN,,SIM,"Sree Narayana Institute of Medical Sciences, Chalakka, Ernakulam.",MBBS,AM,12,mbbs_p1_final.pdf
2025,1,1947,4236,GN,,KDM,"P K Das Institute of Medical Sciences, Ottapalam",MBBS,AM,13,mbbs_p1_final.pdf
2025,1,1948,4239,MU,,EMC,"MES Medical College, Perinthalmanna, Malappuram",MBBS,MM,14,mbbs_p1_final.pdf
2025,1,1949,4241,EZ,,KND,"Government Dental College, Kannur",BDS,FL-EZ,18,mbbs_p1_final.pdf
2025,1,1950,4248,MU,,EMC,"MES Medical College, Perinthalmanna, Malappuram",MBBS,MM,16,mbbs_p1_final.pdf
2025,1,1951,4249,MU,,EMC,"MES Medical College, Perinthalmanna, Malappuram",MBBS,MM,24,mbbs_p1_final.pdf
2025,1,1952,4250,EZ,,KCM,"KMCT Medical College, Mukkom, Kozikkode",MBBS,SM,19,mbbs_p1_final.pdf
2025,1,1953,4252,EW,,KKD,"Govt. Dental College, Kozhikkode",BDS,EW,14,mbbs_p1_final.pdf
2025,1,1954,4256,MU,,GMC,"Sree Gokulam Medical College, Venjaramoodu, TVPM",MBBS,MU,12,mbbs_p1_final.pdf
2025,1,1955,4257,EZ,,TRM,"Travancore Medical College, Umayanalloor, Kollam",MBBS,SM,19,mbbs_p1_final.pdf
2025,1,1956,4263,EZ,,AAM,"Al Azhar Medical college, Thodupuzha",MBBS,AM,19,mbbs_p1_final.pdf
2025,1,1957,4267,GN,,SIM,"Sree Narayana Institute of Medical Sciences, Chalakka, Ernakulam.",MBBS,AM,10,mbbs_p1_final.pdf
2025,1,1958,4268,EZ,,KCM,"KMCT Medical College, Mukkom, Kozikkode",MBBS,SM,20,mbbs_p1_final.pdf
2025,1,1959,4270,MU,,EMC,"MES Medical College, Perinthalmanna, Malappuram",MBBS,MM,19,mbbs_p1_final.pdf
2025,1,1960,4274,MU,,KCM,"KMCT Medical College, Mukkom, Kozikkode",MBBS,SM,13,mbbs_p1_final.pdf
2025,1,1961,4275,GN,,KMM,"Karuna Medical College, Vilayodi, Palakkad",MBBS,AM,1,mbbs_p1_final.pdf
2025,1,1962,4276,EZ,,KCM,"KMCT Medical College, Mukkom, Kozikkode",MBBS,SM,13,mbbs_p1_final.pdf
2025,1,1963,4277,GN,,KMM,"Karuna Medical College, Vilayodi, Palakkad",MBBS,AM,13,mbbs_p1_final.pdf
2025,1,1964,4280,EZ,,KND,"Government Dental College, Kannur",BDS,FL-EZ,18,mbbs_p1_final.pdf
2025,1,1965,4287,GN,,AMC,"Amala Institute of Medical Sciences, Thrissur",MBBS,AC,16,mbbs_p1_final.pdf
2025,1,1966,4292,GN,,AMC,"Amala Institute of Medical Sciences, Thrissur",MBBS,AC,4,mbbs_p1_final.pdf
2025,1,1967,4296,EW,,AMC,"Amala Institute of Medical Sciences, Thrissur",MBBS,AC,16,mbbs_p1_final.pdf
2025,1,1968,4297,GN,,KDM,"P K Das Institute of Medical Sciences, Ottapalam",MBBS,AM,10,mbbs_p1_final.pdf
2025,1,1969,4299,MU,,TRM,"Travancore Medical College, Umayanalloor, Kollam",MBBS,SM,17,mbbs_p1_final.pdf
2025,1,1970,4301,EZ,,TRM,"Travancore Medical College, Umayanalloor, Kollam",MBBS,SM,16,mbbs_p1_final.pdf
2025,1,1971,4312,BH,,TRM,"Travancore Medical College, Umayanalloor, Kollam",MBBS,SM,19,mbbs_p1_final.pdf
2025,1,1972,4313,BH,,KCM,"KMCT Medical College, Mukkom, Kozikkode",MBBS,SM,15,mbbs_p1_final.pdf
2025,1,1973,4314,MU,,EMC,"MES Medical College, Perinthalmanna, Malappuram",MBBS,MM,14,mbbs_p1_final.pdf
2025,1,1974,4318,MU,,TRM,"Travancore Medical College, Umayanalloor, Kollam",MBBS,SM,21,mbbs_p1_final.pdf
2025,1,1975,4319,MU,,MMH,"Malabar Medical College Hospital, Kozhikkode",MBBS,SM,15,mbbs_p1_final.pdf
2025,1,1976,4323,GN,,TRM,"Travancore Medical College, Umayanalloor, Kollam",MBBS,SM,12,mbbs_p1_final.pdf
2025,1,1977,4326,GN,,MZM,"Mount Zion Medical College, Pathanamthitta",MBBS,AM,13,mbbs_p1_final.pdf
2025,1,1978,4328,GN,,AZC,"Azeezia Institute of Medi Science, Meyyannoor, Kollam",MBBS,AM,13,mbbs_p1_final.pdf
2025,1,1979,4329,LA,,AMC,"Amala Institute of Medical Sciences, Thrissur",MBBS,AC,16,mbbs_p1_final.pdf
2025,1,1980,4330,DV,,TCM,"Govt. Medical College, Thrissur",MBBS,DV,4,mbbs_p1_final.pdf
2025,1,1981,4331,GN,,SIM,"Sree Narayana Institute of Medical Sciences, Chalakka, Ernakulam.",MBBS,AM,7,mbbs_p1_final.pdf
2025,1,1982,4334,MU,,SUC,"SUT Accademy of Medical Sciences, Thiruvananthapuram",MBBS,SM,14,mbbs_p1_final.pdf
2025,1,1983,4337,MU,,SMC,"Dr. Somervell Memorial CSI Medical College, Karakonam",MBBS,SM,20,mbbs_p1_final.pdf
2025,1,1984,4349,GN,,AMC,"Amala Institute of Medical Sciences, Thrissur",MBBS,AC,16,mbbs_p1_final.pdf
2025,1,1985,4350,GN,,TRM,"Travancore Medical College, Umayanalloor, Kollam",MBBS,SM,18,mbbs_p1_final.pdf
2025,1,1986,4356,MU,,TRM,"Travancore Medical College, Umayanalloor, Kollam",MBBS,SM,15,mbbs_p1_final.pdf
2025,1,1987,4360,GN,,AAM,"Al Azhar Medical college, Thodupuzha",MBBS,AM,13,mbbs_p1_final.pdf
2025,1,1988,4368,GN,,KMM,"Karuna Medical College, Vilayodi, Palakkad",MBBS,AM,3,mbbs_p1_final.pdf
2025,1,1989,4371,MU,,MMH,"Malabar Medical College Hospital, Kozhikkode",MBBS,SM,20,mbbs_p1_final.pdf
2025,1,1990,4372,GN,,PMC,"Pushpagiri Institute of Medical Science, Thiruvalla",MBBS,AC,13,mbbs_p1_final.pdf
2025,1,1991,4373,GN,,AMC,"Amala Institute of Medical Sciences, Thrissur",MBBS,AC,16,mbbs_p1_final.pdf
2025,1,1992,4375,GN,,AZC,"Azeezia Institute of Medi Science, Meyyannoor, Kollam",MBBS,AM,9,mbbs_p1_final.pdf
2025,1,1993,4376,MU,,AZD,"Azeezia College of Dental Science, Meyyannoor, Kollam",BDS,SM,19,mbbs_p1_final.pdf
2025,1,1994,4383,GN,,MMC,"Malankara Orthodox Syrian Church MediCollege, Kolenchery",MBBS,AC,14,mbbs_p1_final.pdf
2025,1,1995,4385,GN,,KCM,"KMCT Medical College, Mukkom, Kozikkode",MBBS,SM,4,mbbs_p1_final.pdf
2025,1,1996,4387,BH,,MMH,"Malabar Medical College Hospital, Kozhikkode",MBBS,SM,17,mbbs_p1_final.pdf
2025,1,1997,4389,GN,,KMM,"Karuna Medical College, Vilayodi, Palakkad",MBBS,AM,13,mbbs_p1_final.pdf
2025,1,1998,4390,GN,,TRM,"Travancore Medical College, Umayanalloor, Kollam",MBBS,SM,18,mbbs_p1_final.pdf
2025,1,1999,4400,GN,,SIM,"Sree Narayana Institute of Medical Sciences, Chalakka, Ernakulam.",MBBS,AM,9,mbbs_p1_final.pdf
2025,1,2000,4405,LA,,PMC,"Pushpagiri Institute of Medical Science, Thiruvalla",MBBS,AC,14,mbbs_p1_final.pdf
2025,1,2001,4407,MU,,KMM,"Karuna Medical College, Vilayodi, Palakkad",MBBS,AM,16,mbbs_p1_final.pdf
2025,1,2002,4410,SC,,KKM,"Govt. Medical College, Kozhikkode",MBBS,SC,1,mbbs_p1_final.pdf
2025,1,2003,4413,ST,,KKM,"Govt. Medical College, Kozhikkode",MBBS,ST,1,mbbs_p1_final.pdf
2025,1,2004,4415,GN,,KMM,"Karuna Medical College, Vilayodi, Palakkad",MBBS,AM,2,mbbs_p1_final.pdf
2025,1,2005,4417,EW,,AMC,"Amala Institute of Medical Sciences, Thrissur",MBBS,AC,16,mbbs_p1_final.pdf
2025,1,2006,4418,MU,,KCM,"KMCT Medical College, Mukkom, Kozikkode",MBBS,SM,17,mbbs_p1_final.pdf
2025,1,2007,4420,GN,,KDM,"P K Das Institute of Medical Sciences, Ottapalam",MBBS,AM,9,mbbs_p1_final.pdf
2025,1,2008,4422,GN,,TRM,"Travancore Medical College, Umayanalloor, Kollam",MBBS,SM,7,mbbs_p1_final.pdf
2025,1,2009,4424,MU,,TRM,"Travancore Medical College, Umayanalloor, Kollam",MBBS,SM,16,mbbs_p1_final.pdf
2025,1,2010,4425,GN,,MMC,"Malankara Orthodox Syrian Church MediCollege, Kolenchery",MBBS,AC,15,mbbs_p1_final.pdf
2025,1,2011,4426,GN,,KCM,"KMCT Medical College, Mukkom, Kozikkode",MBBS,SM,20,mbbs_p1_final.pdf
2025,1,2012,4427,BH,,TRM,"Travancore Medical College, Umayanalloor, Kollam",MBBS,SM,13,mbbs_p1_final.pdf
2025,1,2013,4428,GN,,SIM,"Sree Narayana Institute of Medical Sciences, Chalakka, Ernakulam.",MBBS,AM,9,mbbs_p1_final.pdf
2025,1,2014,4431,GN,,KDM,"P K Das Institute of Medical Sciences, Ottapalam",MBBS,AM,5,mbbs_p1_final.pdf
2025,1,2015,4434,MU,,TRM,"Travancore Medical College, Umayanalloor, Kollam",MBBS,SM,16,mbbs_p1_final.pdf
2025,1,2016,4440,EZ,,TRM,"Travancore Medical College, Umayanalloor, Kollam",MBBS,EZ,18,mbbs_p1_final.pdf
2025,1,2017,4441,BH,,TRM,"Travancore Medical College, Umayanalloor, Kollam",MBBS,BH,19,mbbs_p1_final.pdf
2025,1,2018,4446,MU,,KCM,"KMCT Medical College, Mukkom, Kozikkode",MBBS,SM,13,mbbs_p1_final.pdf
2025,1,2019,4447,BH,,SMC,"Dr. Somervell Memorial CSI Medical College, Karakonam",MBBS,SM,17,mbbs_p1_final.pdf
2025,1,2020,4449,MU,,TRM,"Travancore Medical College, Umayanalloor, Kollam",MBBS,MU,21,mbbs_p1_final.pdf
2025,1,2021,4451,MU,,KCM,"KMCT Medical College, Mukkom, Kozikkode",MBBS,SM,13,mbbs_p1_final.pdf
2025,1,2022,4452,BH,,MMH,"Malabar Medical College Hospital, Kozhikkode",MBBS,SM,15,mbbs_p1_final.pdf
2025,1,2023,4457,EW,,AMC,"Amala Institute of Medical Sciences, Thrissur",MBBS,AC,16,mbbs_p1_final.pdf
2025,1,2024,4458,EW,,GMC,"Sree Gokulam Medical College, Venjaramoodu, TVPM",MBBS,EW,19,mbbs_p1_final.pdf
2025,1,2025,4460,EW,,KTD,"Govt. Dental College, Kottayam",BDS,EW,15,mbbs_p1_final.pdf
2025,1,2026,4463,GN,,SUC,"SUT Accademy of Medical Sciences, Thiruvananthapuram",MBBS,SM,14,mbbs_p1_final.pdf
2025,1,2027,4464,GN,,KMM,"Karuna Medical College, Vilayodi, Palakkad",MBBS,AM,13,mbbs_p1_final.pdf
2025,1,2028,4465,GN,,MMH,"Malabar Medical College Hospital, Kozhikkode",MBBS,SM,7,mbbs_p1_final.pdf
2025,1,2029,4469,GN,,SMC,"Dr. Somervell Memorial CSI Medical College, Karakonam",MBBS,SM,13,mbbs_p1_final.pdf
2025,1,2030,4472,GN,,SIM,"Sree Narayana Institute of Medical Sciences, Chalakka, Ernakulam.",MBBS,AM,7,mbbs_p1_final.pdf
2025,1,2031,4473,GN,,AZC,"Azeezia Institute of Medi Science, Meyyannoor, Kollam",MBBS,AM,11,mbbs_p1_final.pdf
2025,1,2032,4475,BH,,MMH,"Malabar Medical College Hospital, Kozhikkode",MBBS,SM,20,mbbs_p1_final.pdf
2025,1,2033,4476,GN,,AZC,"Azeezia Institute of Medi Science, Meyyannoor, Kollam",MBBS,AM,10,mbbs_p1_final.pdf
2025,1,2034,4479,BH,,SMC,"Dr. Somervell Memorial CSI Medical College, Karakonam",MBBS,SM,16,mbbs_p1_final.pdf
2025,1,2035,4480,EZ,,MMH,"Malabar Medical College Hospital, Kozhikkode",MBBS,SM,18,mbbs_p1_final.pdf
2025,1,2036,4481,GN,,KCM,"KMCT Medical College, Mukkom, Kozikkode",MBBS,SM,20,mbbs_p1_final.pdf
2025,1,2037,4485,VK,,MMC,"Malankara Orthodox Syrian Church MediCollege, Kolenchery",MBBS,VK,16,mbbs_p1_final.pdf
2025,1,2038,4486,EW,,KTD,"Govt. Dental College, Kottayam",BDS,EW,15,mbbs_p1_final.pdf
2025,1,2039,4491,GN,,KCM,"KMCT Medical College, Mukkom, Kozikkode",MBBS,SM,15,mbbs_p1_final.pdf
2025,1,2040,4494,BH,,MMH,"Malabar Medical College Hospital, Kozhikkode",MBBS,SM,17,mbbs_p1_final.pdf
2025,1,2041,4496,EZ,,TRM,"Travancore Medical College, Umayanalloor, Kollam",MBBS,EZ,18,mbbs_p1_final.pdf
2025,1,2042,4497,EZ,,MMH,"Malabar Medical College Hospital, Kozhikkode",MBBS,SM,19,mbbs_p1_final.pdf
2025,1,2043,4501,GN,,SIM,"Sree Narayana Institute of Medical Sciences, Chalakka, Ernakulam.",MBBS,AM,11,mbbs_p1_final.pdf
2025,1,2044,4504,GN,,KDM,"P K Das Institute of Medical Sciences, Ottapalam",MBBS,AM,10,mbbs_p1_final.pdf
2025,1,2045,4508,GN,,AMC,"Amala Institute of Medical Sciences, Thrissur",MBBS,AC,4,mbbs_p1_final.pdf
2025,1,2046,4511,EZ,,TRM,"Travancore Medical College, Umayanalloor, Kollam",MBBS,EZ,20,mbbs_p1_final.pdf
2025,1,2047,4515,MU,,KCM,"KMCT Medical College, Mukkom, Kozikkode",MBBS,SM,18,mbbs_p1_final.pdf
2025,1,2048,4516,GN,,MMC,"Malankara Orthodox Syrian Church MediCollege, Kolenchery",MBBS,AC,10,mbbs_p1_final.pdf
2025,1,2049,4527,EZ,,MMH,"Malabar Medical College Hospital, Kozhikkode",MBBS,SM,14,mbbs_p1_final.pdf
2025,1,2050,4529,LA,,AMC,"Amala Institute of Medical Sciences, Thrissur",MBBS,AC,14,mbbs_p1_final.pdf
2025,1,2051,4530,EZ,,KCM,"KMCT Medical College, Mukkom, Kozikkode",MBBS,SM,21,mbbs_p1_final.pdf
2025,1,2052,4531,DV,,TCM,"Govt. Medical College, Thrissur",MBBS,DV,1,mbbs_p1_final.pdf
2025,1,2053,4533,BH,,MMH,"Malabar Medical College Hospital, Kozhikkode",MBBS,SM,18,mbbs_p1_final.pdf
2025,1,2054,4537,GN,,SUC,"SUT Accademy of Medical Sciences, Thiruvananthapuram",MBBS,SM,20,mbbs_p1_final.pdf
2025,1,2055,4541,GN,,SUC,"SUT Accademy of Medical Sciences, Thiruvananthapuram",MBBS,SM,16,mbbs_p1_final.pdf
2025,1,2056,4542,MU,,KCM,"KMCT Medical College, Mukkom, Kozikkode",MBBS,SM,15,mbbs_p1_final.pdf
2025,1,2057,4543,GN,,AMC,"Amala Institute of Medical Sciences, Thrissur",MBBS,AC,16,mbbs_p1_final.pdf
2025,1,2058,4544,GN,,KMM,"Karuna Medical College, Vilayodi, Palakkad",MBBS,AM,7,mbbs_p1_final.pdf
2025,1,2059,4545,EW,,TCD,"Govt. Dental College, Thrissur",BDS,EW,15,mbbs_p1_final.pdf
2025,1,2060,4546,BH,,KCM,"KMCT Medical College, Mukkom, Kozikkode",MBBS,SM,17,mbbs_p1_final.pdf
2025,1,2061,4548,MU,,KCM,"KMCT Medical College, Mukkom, Kozikkode",MBBS,SM,5,mbbs_p1_final.pdf
2025,1,2062,4550,GN,,AMC,"Amala Institute of Medical Sciences, Thrissur",MBBS,AC,16,mbbs_p1_final.pdf
2025,1,2063,4552,EZ,,KND,"Government Dental College, Kannur",BDS,FL-EZ,18,mbbs_p1_final.pdf
2025,1,2064,4553,MU,,MMH,"Malabar Medical College Hospital, Kozhikkode",MBBS,SM,16,mbbs_p1_final.pdf
2025,1,2065,4554,DV,,ALP,"T D Govt. Medical College, Alappuzha",MBBS,DV,5,mbbs_p1_final.pdf
2025,1,2066,4563,VK,,GMC,"Sree Gokulam Medical College, Venjaramoodu, TVPM",MBBS,VK,14,mbbs_p1_final.pdf
2025,1,2067,4567,SC,,KKM,"Govt. Medical College, Kozhikkode",MBBS,SC,1,mbbs_p1_final.pdf
2025,1,2068,4576,GN,,KDM,"P K Das Institute of Medical Sciences, Ottapalam",MBBS,AM,2,mbbs_p1_final.pdf
2025,1,2069,4577,LA,,AMC,"Amala Institute of Medical Sciences, Thrissur",MBBS,AC,16,mbbs_p1_final.pdf
2025,1,2070,4578,MU,,TRM,"Travancore Medical College, Umayanalloor, Kollam",MBBS,MU,21,mbbs_p1_final.pdf
2025,1,2071,4579,EW,,AMC,"Amala Institute of Medical Sciences, Thrissur",MBBS,AC,16,mbbs_p1_final.pdf
2025,1,2072,4581,MU,,KCM,"KMCT Medical College, Mukkom, Kozikkode",MBBS,SM,18,mbbs_p1_final.pdf
2025,1,2073,4584,GN,,MMH,"Malabar Medical College Hospital, Kozhikkode",MBBS,SM,18,mbbs_p1_final.pdf
2025,1,2074,4586,EZ,,SMC,"Dr. Somervell Memorial CSI Medical College, Karakonam",MBBS,SM,21,mbbs_p1_final.pdf
2025,1,2075,4588,MU,,MMH,"Malabar Medical College Hospital, Kozhikkode",MBBS,SM,19,mbbs_p1_final.pdf
2025,1,2076,4592,MU,,TRM,"Travancore Medical College, Umayanalloor, Kollam",MBBS,MM,11,mbbs_p1_final.pdf
2025,1,2077,4593,GN,,KMM,"Karuna Medical College, Vilayodi, Palakkad",MBBS,AM,3,mbbs_p1_final.pdf
2025,1,2078,4595,BH,,MMH,"Malabar Medical College Hospital, Kozhikkode",MBBS,SM,21,mbbs_p1_final.pdf
2025,1,2079,4597,GN,,SMC,"Dr. Somervell Memorial CSI Medical College, Karakonam",MBBS,SM,20,mbbs_p1_final.pdf
2025,1,2080,4610,MU,,SUC,"SUT Accademy of Medical Sciences, Thiruvananthapuram",MBBS,SM,17,mbbs_p1_final.pdf
2025,1,2081,4611,GN,,SMC,"Dr. Somervell Memorial CSI Medical College, Karakonam",MBBS,SM,18,mbbs_p1_final.pdf
2025,1,2082,4623,EZ,,MMH,"Malabar Medical College Hospital, Kozhikkode",MBBS,SM,19,mbbs_p1_final.pdf
2025,1,2083,4624,GN,,SUC,"SUT Accademy of Medical Sciences, Thiruvananthapuram",MBBS,SM,6,mbbs_p1_final.pdf
2025,1,2084,4629,BX,,SUC,"SUT Accademy of Medical Sciences, Thiruvananthapuram",MBBS,SM,14,mbbs_p1_final.pdf
2025,1,2085,4633,GN,,MMH,"Malabar Medical College Hospital, Kozhikkode",MBBS,SM,13,mbbs_p1_final.pdf
2025,1,2086,4635,EW,,TCD,"Govt. Dental College, Thrissur",BDS,EW,16,mbbs_p1_final.pdf
2025,1,2087,4638,GN,,SMC,"Dr. Somervell Memorial CSI Medical College, Karakonam",MBBS,SM,14,mbbs_p1_final.pdf
2025,1,2088,4640,GN,,AMC,"Amala Institute of Medical Sciences, Thrissur",MBBS,AC,16,mbbs_p1_final.pdf
2025,1,2089,4642,GN,,KDM,"P K Das Institute of Medical Sciences, Ottapalam",MBBS,AM,10,mbbs_p1_final.pdf
2025,1,2090,4643,BH,,MMH,"Malabar Medical College Hospital, Kozhikkode",MBBS,SM,12,mbbs_p1_final.pdf
2025,1,2091,4644,BH,,KCM,"KMCT Medical College, Mukkom, Kozikkode",MBBS,SM,21,mbbs_p1_final.pdf
2025,1,2092,4652,GN,,DMM,"Dr. Moopens Medical College, Meppadi, Wayanad",MBBS,AM,11,mbbs_p1_final.pdf
2025,1,2093,4653,GN,,PMC,"Pushpagiri Institute of Medical Science, Thiruvalla",MBBS,AC,16,mbbs_p1_final.pdf
2025,1,2094,4656,BH,,MMH,"Malabar Medical College Hospital, Kozhikkode",MBBS,SM,20,mbbs_p1_final.pdf
2025,1,2095,4659,GN,,MMC,"Malankara Orthodox Syrian Church MediCollege, Kolenchery",MBBS,AC,14,mbbs_p1_final.pdf
2025,1,2096,4660,GN,,AMC,"Amala Institute of Medical Sciences, Thrissur",MBBS,AC,16,mbbs_p1_final.pdf
2025,1,2097,4662,BH,,MMH,"Malabar Medical College Hospital, Kozhikkode",MBBS,SM,15,mbbs_p1_final.pdf
2025,1,2098,4663,EZ,,MMH,"Malabar Medical College Hospital, Kozhikkode",MBBS,SM,20,mbbs_p1_final.pdf
2025,1,2099,4664,MU,,KCM,"KMCT Medical College, Mukkom, Kozikkode",MBBS,SM,15,mbbs_p1_final.pdf
2025,1,2100,4666,GN,,MMC,"Malankara Orthodox Syrian Church MediCollege, Kolenchery",MBBS,AC,14,mbbs_p1_final.pdf
2025,1,2101,4667,MU,,KCM,"KMCT Medical College, Mukkom, Kozikkode",MBBS,SM,20,mbbs_p1_final.pdf
2025,1,2102,4671,MU,,TRM,"Travancore Medical College, Umayanalloor, Kollam",MBBS,MM,19,mbbs_p1_final.pdf
2025,1,2103,4672,GN,,SMC,"Dr. Somervell Memorial CSI Medical College, Karakonam",MBBS,SM,16,mbbs_p1_final.pdf
2025,1,2104,4675,EZ,,KND,"Government Dental College, Kannur",BDS,FL-EZ,6,mbbs_p1_final.pdf
2025,1,2105,4677,MU,,KCM,"KMCT Medical College, Mukkom, Kozikkode",MBBS,SM,19,mbbs_p1_final.pdf
2025,1,2106,4681,GN,,KCM,"KMCT Medical College, Mukkom, Kozikkode",MBBS,SM,18,mbbs_p1_final.pdf
2025,1,2107,4685,BH,,SMC,"Dr. Somervell Memorial CSI Medical College, Karakonam",MBBS,SM,19,mbbs_p1_final.pdf
2025,1,2108,4688,GN,,AMC,"Amala Institute of Medical Sciences, Thrissur",MBBS,AC,16,mbbs_p1_final.pdf
2025,1,2109,4690,GN,,AZC,"Azeezia Institute of Medi Science, Meyyannoor, Kollam",MBBS,AM,9,mbbs_p1_final.pdf
2025,1,2110,4694,GN,,SIM,"Sree Narayana Institute of Medical Sciences, Chalakka, Ernakulam.",MBBS,AM,13,mbbs_p1_final.pdf
2025,1,2111,4697,MU,,TRM,"Travancore Medical College, Umayanalloor, Kollam",MBBS,MM,22,mbbs_p1_final.pdf
2025,1,2112,4699,GN,,AMC,"Amala Institute of Medical Sciences, Thrissur",MBBS,AC,4,mbbs_p1_final.pdf
2025,1,2113,4700,MU,,KCM,"KMCT Medical College, Mukkom, Kozikkode",MBBS,SM,17,mbbs_p1_final.pdf
2025,1,2114,4702,GN,,SIM,"Sree Narayana Institute of Medical Sciences, Chalakka, Ernakulam.",MBBS,AM,9,mbbs_p1_final.pdf
2025,1,2115,4705,GN,,KCM,"KMCT Medical College, Mukkom, Kozikkode",MBBS,SM,14,mbbs_p1_final.pdf
2025,1,2116,4706,GN,,SIM,"Sree Narayana Institute of Medical Sciences, Chalakka, Ernakulam.",MBBS,AM,11,mbbs_p1_final.pdf
2025,1,2117,4707,EW,,AMC,"Amala Institute of Medical Sciences, Thrissur",MBBS,AC,11,mbbs_p1_final.pdf
2025,1,2118,4709,GN,,SIM,"Sree Narayana Institute of Medical Sciences, Chalakka, Ernakulam.",MBBS,AM,6,mbbs_p1_final.pdf
2025,1,2119,4712,GN,,SIM,"Sree Narayana Institute of Medical Sciences, Chalakka, Ernakulam.",MBBS,AM,20,mbbs_p1_final.pdf
2025,1,2120,4714,EZ,,KND,"Government Dental College, Kannur",BDS,FL-EZ,1,mbbs_p1_final.pdf
2025,1,2121,4717,MU,,TRM,"Travancore Medical College, Umayanalloor, Kollam",MBBS,MM,20,mbbs_p1_final.pdf
2025,1,2122,4723,EW,,AMC,"Amala Institute of Medical Sciences, Thrissur",MBBS,AC,16,mbbs_p1_final.pdf
2025,1,2123,4730,EZ,,KND,"Government Dental College, Kannur",BDS,FL-EZ,18,mbbs_p1_final.pdf
2025,1,2124,4731,VK,,EMC,"MES Medical College, Perinthalmanna, Malappuram",MBBS,VK,17,mbbs_p1_final.pdf
2025,1,2125,4733,MU,,SUC,"SUT Accademy of Medical Sciences, Thiruvananthapuram",MBBS,SM,14,mbbs_p1_final.pdf
2025,1,2126,4734,GN,,MZM,"Mount Zion Medical College, Pathanamthitta",MBBS,AM,11,mbbs_p1_final.pdf
2025,1,2127,4735,GN,,AMC,"Amala Institute of Medical Sciences, Thrissur",MBBS,AC,10,mbbs_p1_final.pdf
2025,1,2128,4736,GN,,KDM,"P K Das Institute of Medical Sciences, Ottapalam",MBBS,AM,12,mbbs_p1_final.pdf
2025,1,2129,4739,MU,,KCM,"KMCT Medical College, Mukkom, Kozikkode",MBBS,SM,17,mbbs_p1_final.pdf
2025,1,2130,4745,GN,,SUC,"SUT Accademy of Medical Sciences, Thiruvananthapuram",MBBS,SM,19,mbbs_p1_final.pdf
2025,1,2131,4748,GN,,SIM,"Sree Narayana Institute of Medical Sciences, Chalakka, Ernakulam.",MBBS,AM,4,mbbs_p1_final.pdf
2025,1,2132,4750,MU,,KCM,"KMCT Medical College, Mukkom, Kozikkode",MBBS,SM,19,mbbs_p1_final.pdf
2025,1,2133,4752,GN,,SIM,"Sree Narayana Institute of Medical Sciences, Chalakka, Ernakulam.",MBBS,AM,9,mbbs_p1_final.pdf
2025,1,2134,4754,EZ,,MMH,"Malabar Medical College Hospital, Kozhikkode",MBBS,SM,13,mbbs_p1_final.pdf
2025,1,2135,4755,GN,,SUC,"SUT Accademy of Medical Sciences, Thiruvananthapuram",MBBS,SM,20,mbbs_p1_final.pdf
2025,1,2136,4756,MU,,KCM,"KMCT Medical College, Mukkom, Kozikkode",MBBS,SM,21,mbbs_p1_final.pdf
2025,1,2137,4758,GN,,MMC,"Malankara Orthodox Syrian Church MediCollege, Kolenchery",MBBS,AC,3,mbbs_p1_final.pdf
2025,1,2138,4759,EW,,ALD,"Government Dental College, Alappuzha",BDS,EW,13,mbbs_p1_final.pdf
2025,1,2139,4760,MU,,KCM,"KMCT Medical College, Mukkom, Kozikkode",MBBS,SM,19,mbbs_p1_final.pdf
2025,1,2140,4763,GN,,KDM,"P K Das Institute of Medical Sciences, Ottapalam",MBBS,AM,10,mbbs_p1_final.pdf
2025,1,2141,4764,MU,,AZC,"Azeezia Institute of Medi Science, Meyyannoor, Kollam",MBBS,AM,12,mbbs_p1_final.pdf
2025,1,2142,4769,GN,,KDM,"P K Das Institute of Medical Sciences, Ottapalam",MBBS,AM,11,mbbs_p1_final.pdf
2025,1,2143,4770,GN,,KCM,"KMCT Medical College, Mukkom, Kozikkode",MBBS,SM,9,mbbs_p1_final.pdf
2025,1,2144,4771,MU,,MMH,"Malabar Medical College Hospital, Kozhikkode",MBBS,SM,21,mbbs_p1_final.pdf
2025,1,2145,4784,BH,,SMC,"Dr. Somervell Memorial CSI Medical College, Karakonam",MBBS,SM,19,mbbs_p1_final.pdf
2025,1,2146,4787,GN,,KCM,"KMCT Medical College, Mukkom, Kozikkode",MBBS,SM,19,mbbs_p1_final.pdf
2025,1,2147,4797,MU,,MMH,"Malabar Medical College Hospital, Kozhikkode",MBBS,SM,21,mbbs_p1_final.pdf
2025,1,2148,4804,MU,,KCM,"KMCT Medical College, Mukkom, Kozikkode",MBBS,SM,16,mbbs_p1_final.pdf
2025,1,2149,4808,KN,,TVM,"Govt. Medical College, Thiruvananthapuram",MBBS,KN,2,mbbs_p1_final.pdf
2025,1,2150,4809,MU,,KMD,"KMCT Dental College, Mambatta, Mukkam, Kozhikode",BDS,SM,4,mbbs_p1_final.pdf
2025,1,2151,4811,GN,,TRM,"Travancore Medical College, Umayanalloor, Kollam",MBBS,MM,19,mbbs_p1_final.pdf
2025,1,2152,4812,MU,,TRM,"Travancore Medical College, Umayanalloor, Kollam",MBBS,MM,14,mbbs_p1_final.pdf
2025,1,2153,4817,DV,,CMC,"Govt. Medical College, Ernakulam",MBBS,DV,3,mbbs_p1_final.pdf
2025,1,2154,4820,MU,,MMH,"Malabar Medical College Hospital, Kozhikkode",MBBS,SM,13,mbbs_p1_final.pdf
2025,1,2155,4827,MU,,KCM,"KMCT Medical College, Mukkom, Kozikkode",MBBS,SM,17,mbbs_p1_final.pdf
2025,1,2156,4828,EZ,,KND,"Government Dental College, Kannur",BDS,FL-EZ,6,mbbs_p1_final.pdf
2025,1,2157,4832,GN,,KDM,"P K Das Institute of Medical Sciences, Ottapalam",MBBS,AM,11,mbbs_p1_final.pdf
2025,1,2158,4833,BX,,SUC,"SUT Accademy of Medical Sciences, Thiruvananthapuram",MBBS,SM,14,mbbs_p1_final.pdf
2025,1,2159,4838,GN,,SUC,"SUT Accademy of Medical Sciences, Thiruvananthapuram",MBBS,SM,19,mbbs_p1_final.pdf
2025,1,2160,4842,GN,,PIM,"Palakkad Institute of Medical Sciences, Walayar",MBBS,AM,13,mbbs_p1_final.pdf
2025,1,2161,4843,EZ,,MMH,"Malabar Medical College Hospital, Kozhikkode",MBBS,SM,20,mbbs_p1_final.pdf
2025,1,2162,4846,GN,,MMH,"Malabar Medical College Hospital, Kozhikkode",MBBS,SM,18,mbbs_p1_final.pdf
2025,1,2163,4847,SC,,KKM,"Govt. Medical College, Kozhikkode",MBBS,SC,1,mbbs_p1_final.pdf
2025,1,2164,4848,EW,,GMC,"Sree Gokulam Medical College, Venjaramoodu, TVPM",MBBS,EW,13,mbbs_p1_final.pdf
2025,1,2165,4849,MU,,KCM,"KMCT Medical College, Mukkom, Kozikkode",MBBS,SM,19,mbbs_p1_final.pdf
2025,1,2166,4850,MU,,SMC,"Dr. Somervell Memorial CSI Medical College, Karakonam",MBBS,SM,18,mbbs_p1_final.pdf
2025,1,2167,4852,GN,,SMC,"Dr. Somervell Memorial CSI Medical College, Karakonam",MBBS,SM,20,mbbs_p1_final.pdf
2025,1,2168,4854,MU,,KCM,"KMCT Medical College, Mukkom, Kozikkode",MBBS,SM,17,mbbs_p1_final.pdf
2025,1,2169,4856,MU,,KKD,"Govt. Dental College, Kozhikkode",BDS,PI,13,mbbs_p1_final.pdf
2025,1,2170,4858,GN,,BCM,"Believers Church Medical College Hospital, Thiruvalla",MBBS,AC,14,mbbs_p1_final.pdf
2025,1,2171,4860,LA,,SMC,"Dr. Somervell Memorial CSI Medical College, Karakonam",MBBS,SM,13,mbbs_p1_final.pdf
2025,1,2172,4862,SC,,KTM,"Govt. Medical College, Kottayam",MBBS,SC,1,mbbs_p1_final.pdf
2025,1,2173,4863,GN,,MMH,"Malabar Medical College Hospital, Kozhikkode",MBBS,SM,15,mbbs_p1_final.pdf
2025,1,2174,4872,SC,,KKM,"Govt. Medical College, Kozhikkode",MBBS,SC,1,mbbs_p1_final.pdf
2025,1,2175,4874,MU,,TRM,"Travancore Medical College, Umayanalloor, Kollam",MBBS,MM,22,mbbs_p1_final.pdf
2025,1,2176,4875,EZ,,MMH,"Malabar Medical College Hospital, Kozhikkode",MBBS,SM,19,mbbs_p1_final.pdf
2025,1,2177,4876,MU,,MMH,"Malabar Medical College Hospital, Kozhikkode",MBBS,SM,16,mbbs_p1_final.pdf
2025,1,2178,4877,MU,,MMH,"Malabar Medical College Hospital, Kozhikkode",MBBS,SM,9,mbbs_p1_final.pdf
2025,1,2179,4883,GN,,MMH,"Malabar Medical College Hospital, Kozhikkode",MBBS,SM,18,mbbs_p1_final.pdf
2025,1,2180,4884,MU,,TRM,"Travancore Medical College, Umayanalloor, Kollam",MBBS,MM,21,mbbs_p1_final.pdf
2025,1,2181,4885,MU,,KCM,"KMCT Medical College, Mukkom, Kozikkode",MBBS,SM,19,mbbs_p1_final.pdf
2025,1,2182,4887,EZ,,MMH,"Malabar Medical College Hospital, Kozhikkode",MBBS,SM,15,mbbs_p1_final.pdf
2025,1,2183,4891,GN,,AZC,"Azeezia Institute of Medi Science, Meyyannoor, Kollam",MBBS,AM,12,mbbs_p1_final.pdf
2025,1,2184,4893,GN,,MMH,"Malabar Medical College Hospital, Kozhikkode",MBBS,SM,7,mbbs_p1_final.pdf
2025,1,2185,4894,MU,,KCM,"KMCT Medical College, Mukkom, Kozikkode",MBBS,SM,19,mbbs_p1_final.pdf
2025,1,2186,4898,SC,,KKM,"Govt. Medical College, Kozhikkode",MBBS,SC,1,mbbs_p1_final.pdf
2025,1,2187,4899,MU,,MMH,"Malabar Medical College Hospital, Kozhikkode",MBBS,SM,18,mbbs_p1_final.pdf
2025,1,2188,4906,LA,,AMC,"Amala Institute of Medical Sciences, Thrissur",MBBS,AC,16,mbbs_p1_final.pdf
2025,1,2189,4907,GN,,SIM,"Sree Narayana Institute of Medical Sciences, Chalakka, Ernakulam.",MBBS,AM,7,mbbs_p1_final.pdf
2025,1,2190,4908,MU,,TRM,"Travancore Medical College, Umayanalloor, Kollam",MBBS,MM,10,mbbs_p1_final.pdf
2025,1,2191,4909,DV,,ALP,"T D Govt. Medical College, Alappuzha",MBBS,DV,5,mbbs_p1_final.pdf
2025,1,2192,4910,GN,,KDM,"P K Das Institute of Medical Sciences, Ottapalam",MBBS,AM,12,mbbs_p1_final.pdf
2025,1,2193,4911,EZ,,MMH,"Malabar Medical College Hospital, Kozhikkode",MBBS,SM,18,mbbs_p1_final.pdf
2025,1,2194,4918,EZ,,SIM,"Sree Narayana Institute of Medical Sciences, Chalakka, Ernakulam.",MBBS,SM,20,mbbs_p1_final.pdf
2025,1,2195,4919,BH,,KCM,"KMCT Medical College, Mukkom, Kozikkode",MBBS,SM,7,mbbs_p1_final.pdf
2025,1,2196,4926,EW,,TCD,"Govt. Dental College, Thrissur",BDS,EW,16,mbbs_p1_final.pdf
2025,1,2197,4928,SC,,KKM,"Govt. Medical College, Kozhikkode",MBBS,SC,1,mbbs_p1_final.pdf
2025,1,2198,4930,MU,,KCM,"KMCT Medical College, Mukkom, Kozikkode",MBBS,SM,14,mbbs_p1_final.pdf
2025,1,2199,4933,GN,,KDM,"P K Das Institute of Medical Sciences, Ottapalam",MBBS,AM,12,mbbs_p1_final.pdf
2025,1,2200,4936,GN,,KDM,"P K Das Institute of Medical Sciences, Ottapalam",MBBS,AM,12,mbbs_p1_final.pdf
2025,1,2201,4937,GN,,MMC,"Malankara Orthodox Syrian Church MediCollege, Kolenchery",MBBS,AC,18,mbbs_p1_final.pdf
2025,1,2202,4939,MU,,MMH,"Malabar Medical College Hospital, Kozhikkode",MBBS,SM,19,mbbs_p1_final.pdf
2025,1,2203,4941,BH,,MMH,"Malabar Medical College Hospital, Kozhikkode",MBBS,SM,13,mbbs_p1_final.pdf
2025,1,2204,4945,GN,,KDM,"P K Das Institute of Medical Sciences, Ottapalam",MBBS,AM,11,mbbs_p1_final.pdf
2025,1,2205,4957,GN,,MMH,"Malabar Medical College Hospital, Kozhikkode",MBBS,SM,21,mbbs_p1_final.pdf
2025,1,2206,4959,MU,,KCM,"KMCT Medical College, Mukkom, Kozikkode",MBBS,SM,17,mbbs_p1_final.pdf
2025,1,2207,4961,LA,,PMC,"Pushpagiri Institute of Medical Science, Thiruvalla",MBBS,AC,18,mbbs_p1_final.pdf
2025,1,2208,4966,EZ,,MMH,"Malabar Medical College Hospital, Kozhikkode",MBBS,SM,13,mbbs_p1_final.pdf
2025,1,2209,4967,GN,,KDM,"P K Das Institute of Medical Sciences, Ottapalam",MBBS,AM,14,mbbs_p1_final.pdf
2025,1,2210,4968,BH,,KCM,"KMCT Medical College, Mukkom, Kozikkode",MBBS,SM,20,mbbs_p1_final.pdf
2025,1,2211,4969,GN,,KDM,"P K Das Institute of Medical Sciences, Ottapalam",MBBS,AM,13,mbbs_p1_final.pdf
2025,1,2212,4971,EZ,,PMD,"Pushpagiri College of Dental Science, Thiruvalla",BDS,SM,16,mbbs_p1_final.pdf
2025,1,2213,4973,DV,,KNM,Government Medical College Kannur,MBBS,DV,6,mbbs_p1_final.pdf
2025,1,2214,4977,GN,,KCM,"KMCT Medical College, Mukkom, Kozikkode",MBBS,SM,18,mbbs_p1_final.pdf
2025,1,2215,4978,GN,,MMH,"Malabar Medical College Hospital, Kozhikkode",MBBS,SM,2,mbbs_p1_final.pdf
2025,1,2216,4981,GN,,AZC,"Azeezia Institute of Medi Science, Meyyannoor, Kollam",MBBS,AM,14,mbbs_p1_final.pdf
2025,1,2217,4988,GN,,MMH,"Malabar Medical College Hospital, Kozhikkode",MBBS,SM,20,mbbs_p1_final.pdf
2025,1,2218,4990,GN,,AZC,"Azeezia Institute of Medi Science, Meyyannoor, Kollam",MBBS,AM,11,mbbs_p1_final.pdf
2025,1,2219,4993,GN,,KDM,"P K Das Institute of Medical Sciences, Ottapalam",MBBS,AM,10,mbbs_p1_final.pdf
2025,1,2220,4995,MU,,KCM,"KMCT Medical College, Mukkom, Kozikkode",MBBS,SM,18,mbbs_p1_final.pdf
2025,1,2221,5000,EZ,,SMC,"Dr. Somervell Memorial CSI Medical College, Karakonam",MBBS,SM,20,mbbs_p1_final.pdf
2025,1,2222,5001,EZ,,SUC,"SUT Accademy of Medical Sciences, Thiruvananthapuram",MBBS,SM,16,mbbs_p1_final.pdf
2025,1,2223,5002,SC,,TVM,"Govt. Medical College, Thiruvananthapuram",MBBS,SC,2,mbbs_p1_final.pdf
2025,1,2224,5005,MU,,AZC,"Azeezia Institute of Medi Science, Meyyannoor, Kollam",MBBS,AM,13,mbbs_p1_final.pdf
2025,1,2225,5007,EW,,GMC,"Sree Gokulam Medical College, Venjaramoodu, TVPM",MBBS,EW,18,mbbs_p1_final.pdf
2025,1,2226,5010,GN,,SIM,"Sree Narayana Institute of Medical Sciences, Chalakka, Ernakulam.",MBBS,SM,20,mbbs_p1_final.pdf
2025,1,2227,5011,MU,,KCM,"KMCT Medical College, Mukkom, Kozikkode",MBBS,SM,13,mbbs_p1_final.pdf
2025,1,2228,5014,EZ,,SMC,"Dr. Somervell Memorial CSI Medical College, Karakonam",MBBS,SM,15,mbbs_p1_final.pdf
2025,1,2229,5016,GN,,MMC,"Malankara Orthodox Syrian Church MediCollege, Kolenchery",MBBS,AC,6,mbbs_p1_final.pdf
2025,1,2230,5017,GN,,MMC,"Malankara Orthodox Syrian Church MediCollege, Kolenchery",MBBS,AC,18,mbbs_p1_final.pdf
2025,1,2231,5018,MU,,TRM,"Travancore Medical College, Umayanalloor, Kollam",MBBS,MM,22,mbbs_p1_final.pdf
2025,1,2232,5029,GN,,AZC,"Azeezia Institute of Medi Science, Meyyannoor, Kollam",MBBS,AM,15,mbbs_p1_final.pdf
2025,1,2233,5033,GN,,AZC,"Azeezia Institute of Medi Science, Meyyannoor, Kollam",MBBS,AM,4,mbbs_p1_final.pdf
2025,1,2234,5034,GN,,SMC,"Dr. Somervell Memorial CSI Medical College, Karakonam",MBBS,SM,14,mbbs_p1_final.pdf
2025,1,2235,5037,MU,,TRM,"Travancore Medical College, Umayanalloor, Kollam",MBBS,MM,22,mbbs_p1_final.pdf
2025,1,2236,5039,GN,,KDM,"P K Das Institute of Medical Sciences, Ottapalam",MBBS,AM,12,mbbs_p1_final.pdf
2025,1,2237,5042,GN,,TRM,"Travancore Medical College, Umayanalloor, Kollam",MBBS,MM,19,mbbs_p1_final.pdf
2025,1,2238,5044,BH,,KCM,"KMCT Medical College, Mukkom, Kozikkode",MBBS,SM,19,mbbs_p1_final.pdf
2025,1,2239,5048,BH,,MMH,"Malabar Medical College Hospital, Kozhikkode",MBBS,SM,18,mbbs_p1_final.pdf
2025,1,2240,5051,MU,,DMM,"Dr. Moopens Medical College, Meppadi, Wayanad",MBBS,AM,13,mbbs_p1_final.pdf
2025,1,2241,5052,GN,,MMH,"Malabar Medical College Hospital, Kozhikkode",MBBS,SM,17,mbbs_p1_final.pdf
2025,1,2242,5055,SC,,TVM,"Govt. Medical College, Thiruvananthapuram",MBBS,SC,2,mbbs_p1_final.pdf
2025,1,2243,5058,GN,,KDM,"P K Das Institute of Medical Sciences, Ottapalam",MBBS,AM,8,mbbs_p1_final.pdf
2025,1,2244,5059,BH,,MMH,"Malabar Medical College Hospital, Kozhikkode",MBBS,SM,17,mbbs_p1_final.pdf
2025,1,2245,5060,GN,,BCM,"Believers Church Medical College Hospital, Thiruvalla",MBBS,AC,6,mbbs_p1_final.pdf
2025,1,2246,5062,DV,,ALP,"T D Govt. Medical College, Alappuzha",MBBS,DV,5,mbbs_p1_final.pdf
2025,1,2247,5063,MU,,DMM,"Dr. Moopens Medical College, Meppadi, Wayanad",MBBS,AM,13,mbbs_p1_final.pdf
2025,1,2248,5066,MU,,KCM,"KMCT Medical College, Mukkom, Kozikkode",MBBS,MU,17,mbbs_p1_final.pdf
2025,1,2249,5068,GN,,AZC,"Azeezia Institute of Medi Science, Meyyannoor, Kollam",MBBS,AM,6,mbbs_p1_final.pdf
2025,1,2250,5070,GN,,MMH,"Malabar Medical College Hospital, Kozhikkode",MBBS,SM,17,mbbs_p1_final.pdf
2025,1,2251,5076,GN,,MMH,"Malabar Medical College Hospital, Kozhikkode",MBBS,SM,20,mbbs_p1_final.pdf
2025,1,2252,5078,GN,,BCM,"Believers Church Medical College Hospital, Thiruvalla",MBBS,AC,18,mbbs_p1_final.pdf
2025,1,2253,5081,EZ,,KCM,"KMCT Medical College, Mukkom, Kozikkode",MBBS,EZ,19,mbbs_p1_final.pdf
2025,1,2254,5084,MU,,MMH,"Malabar Medical College Hospital, Kozhikkode",MBBS,SM,19,mbbs_p1_final.pdf
2025,1,2255,5085,MU,,KCM,"KMCT Medical College, Mukkom, Kozikkode",MBBS,MU,15,mbbs_p1_final.pdf
2025,1,2256,5086,EZ,,MMH,"Malabar Medical College Hospital, Kozhikkode",MBBS,SM,19,mbbs_p1_final.pdf
2025,1,2257,5094,BH,,SUC,"SUT Accademy of Medical Sciences, Thiruvananthapuram",MBBS,SM,21,mbbs_p1_final.pdf
2025,1,2258,5096,MU,,TRM,"Travancore Medical College, Umayanalloor, Kollam",MBBS,MM,4,mbbs_p1_final.pdf
2025,1,2259,5099,EZ,,MMH,"Malabar Medical College Hospital, Kozhikkode",MBBS,EZ,21,mbbs_p1_final.pdf
2025,1,2260,5104,MU,,DMM,"Dr. Moopens Medical College, Meppadi, Wayanad",MBBS,AM,13,mbbs_p1_final.pdf
2025,1,2261,5108,GN,,SIM,"Sree Narayana Institute of Medical Sciences, Chalakka, Ernakulam.",MBBS,SM,9,mbbs_p1_final.pdf
2025,1,2262,5119,MU,,KCM,"KMCT Medical College, Mukkom, Kozikkode",MBBS,MU,3,mbbs_p1_final.pdf
2025,1,2263,5122,EW,,PMC,"Pushpagiri Institute of Medical Science, Thiruvalla",MBBS,AC,18,mbbs_p1_final.pdf
2025,1,2264,5124,GN,,MZM,"Mount Zion Medical College, Pathanamthitta",MBBS,AM,14,mbbs_p1_final.pdf
2025,1,2265,5127,GN,,KDM,"P K Das Institute of Medical Sciences, Ottapalam",MBBS,AM,11,mbbs_p1_final.pdf
2025,1,2266,5129,BH,,MMH,"Malabar Medical College Hospital, Kozhikkode",MBBS,BH,17,mbbs_p1_final.pdf
2025,1,2267,5134,GN,,AZC,"Azeezia Institute of Medi Science, Meyyannoor, Kollam",MBBS,AM,3,mbbs_p1_final.pdf
2025,1,2268,5139,GN,,KDM,"P K Das Institute of Medical Sciences, Ottapalam",MBBS,AM,13,mbbs_p1_final.pdf
2025,1,2269,5140,GN,,KDM,"P K Das Institute of Medical Sciences, Ottapalam",MBBS,AM,10,mbbs_p1_final.pdf
2025,1,2270,5142,GN,,DMM,"Dr. Moopens Medical College, Meppadi, Wayanad",MBBS,AM,15,mbbs_p1_final.pdf
2025,1,2271,5145,GN,,MMC,"Malankara Orthodox Syrian Church MediCollege, Kolenchery",MBBS,AC,18,mbbs_p1_final.pdf
2025,1,2272,5148,MU,,KCM,"KMCT Medical College, Mukkom, Kozikkode",MBBS,MU,18,mbbs_p1_final.pdf
2025,1,2273,5154,GN,,DMM,"Dr. Moopens Medical College, Meppadi, Wayanad",MBBS,AM,14,mbbs_p1_final.pdf
2025,1,2274,5167,MU,,KCM,"KMCT Medical College, Mukkom, Kozikkode",MBBS,MU,19,mbbs_p1_final.pdf
2025,1,2275,5171,MU,,KCM,"KMCT Medical College, Mukkom, Kozikkode",MBBS,MU,16,mbbs_p1_final.pdf
2025,1,2276,5172,GN,,DMM,"Dr. Moopens Medical College, Meppadi, Wayanad",MBBS,AM,17,mbbs_p1_final.pdf
2025,1,2277,5174,MU,,MMH,"Malabar Medical College Hospital, Kozhikkode",MBBS,MU,17,mbbs_p1_final.pdf
2025,1,2278,5178,EZ,,MMH,"Malabar Medical College Hospital, Kozhikkode",MBBS,EZ,18,mbbs_p1_final.pdf
2025,1,2279,5181,GN,,DMM,"Dr. Moopens Medical College, Meppadi, Wayanad",MBBS,AM,11,mbbs_p1_final.pdf
2025,1,2280,5183,GN,,SIM,"Sree Narayana Institute of Medical Sciences, Chalakka, Ernakulam.",MBBS,SM,17,mbbs_p1_final.pdf
2025,1,2281,5184,MU,,KCM,"KMCT Medical College, Mukkom, Kozikkode",MBBS,MU,16,mbbs_p1_final.pdf
2025,1,2282,5186,EZ,,KCM,"KMCT Medical College, Mukkom, Kozikkode",MBBS,EZ,16,mbbs_p1_final.pdf
2025,1,2283,5191,GN,,KCM,"KMCT Medical College, Mukkom, Kozikkode",MBBS,MM,18,mbbs_p1_final.pdf
2025,1,2284,5192,GN,,MMC,"Malankara Orthodox Syrian Church MediCollege, Kolenchery",MBBS,AC,18,mbbs_p1_final.pdf
2025,1,2285,5193,GN,,SMC,"Dr. Somervell Memorial CSI Medical College, Karakonam",MBBS,SM,22,mbbs_p1_final.pdf
2025,1,2286,5196,MU,,KCM,"KMCT Medical College, Mukkom, Kozikkode",MBBS,MM,22,mbbs_p1_final.pdf
2025,1,2287,5201,GN,,AAM,"Al Azhar Medical college, Thodupuzha",MBBS,AM,13,mbbs_p1_final.pdf
2025,1,2288,5206,BH,,MMH,"Malabar Medical College Hospital, Kozhikkode",MBBS,BH,19,mbbs_p1_final.pdf
2025,1,2289,5207,MU,,MMH,"Malabar Medical College Hospital, Kozhikkode",MBBS,MU,8,mbbs_p1_final.pdf
2025,1,2290,5209,BH,,SUC,"SUT Accademy of Medical Sciences, Thiruvananthapuram",MBBS,SM,17,mbbs_p1_final.pdf
2025,1,2291,5211,GN,,AAM,"Al Azhar Medical college, Thodupuzha",MBBS,AM,3,mbbs_p1_final.pdf
2025,1,2292,5212,GN,,DMM,"Dr. Moopens Medical College, Meppadi, Wayanad",MBBS,AM,17,mbbs_p1_final.pdf
2025,1,2293,5213,GN,,MZM,"Mount Zion Medical College, Pathanamthitta",MBBS,AM,15,mbbs_p1_final.pdf
2025,1,2294,5218,EZ,,SMC,"Dr. Somervell Memorial CSI Medical College, Karakonam",MBBS,EZ,21,mbbs_p1_final.pdf
2025,1,2295,5219,MU,,KCM,"KMCT Medical College, Mukkom, Kozikkode",MBBS,MM,18,mbbs_p1_final.pdf
2025,1,2296,5220,GN,,MMC,"Malankara Orthodox Syrian Church MediCollege, Kolenchery",MBBS,AC,17,mbbs_p1_final.pdf
2025,1,2297,5221,EZ,,MMH,"Malabar Medical College Hospital, Kozhikkode",MBBS,EZ,15,mbbs_p1_final.pdf
2025,1,2298,5222,GN,,DMM,"Dr. Moopens Medical College, Meppadi, Wayanad",MBBS,AM,15,mbbs_p1_final.pdf
2025,1,2299,5225,SC,,TVM,"Govt. Medical College, Thiruvananthapuram",MBBS,SC,1,mbbs_p1_final.pdf
2025,1,2300,5226,GN,,MMC,"Malankara Orthodox Syrian Church MediCollege, Kolenchery",MBBS,AC,18,mbbs_p1_final.pdf
2025,1,2301,5234,GN,,SIM,"Sree Narayana Institute of Medical Sciences, Chalakka, Ernakulam.",MBBS,SM,1,mbbs_p1_final.pdf
2025,1,2302,5235,EZ,,SUC,"SUT Accademy of Medical Sciences, Thiruvananthapuram",MBBS,SM,13,mbbs_p1_final.pdf
2025,1,2303,5236,MU,,KCM,"KMCT Medical College, Mukkom, Kozikkode",MBBS,MM,25,mbbs_p1_final.pdf
2025,1,2304,5237,LA,,MMC,"Malankara Orthodox Syrian Church MediCollege, Kolenchery",MBBS,LA,16,mbbs_p1_final.pdf
2025,1,2305,5239,BH,,MMH,"Malabar Medical College Hospital, Kozhikkode",MBBS,BH,17,mbbs_p1_final.pdf
2025,1,2306,5241,GN,,MMC,"Malankara Orthodox Syrian Church MediCollege, Kolenchery",MBBS,AC,11,mbbs_p1_final.pdf
2025,1,2307,5243,GN,,PMC,"Pushpagiri Institute of Medical Science, Thiruvalla",MBBS,AC,12,mbbs_p1_final.pdf
2025,1,2308,5244,VK,,KKD,"Govt. Dental College, Kozhikkode",BDS,SD,16,mbbs_p1_final.pdf
2025,1,2309,5246,EZ,,KCM,"KMCT Medical College, Mukkom, Kozikkode",MBBS,EZ,19,mbbs_p1_final.pdf
2025,1,2310,5251,MU,,KCM,"KMCT Medical College, Mukkom, Kozikkode",MBBS,MM,16,mbbs_p1_final.pdf
2025,1,2311,5253,EW,,MMC,"Malankara Orthodox Syrian Church MediCollege, Kolenchery",MBBS,AC,18,mbbs_p1_final.pdf
2025,1,2312,5255,EZ,,SUC,"SUT Accademy of Medical Sciences, Thiruvananthapuram",MBBS,SM,19,mbbs_p1_final.pdf
2025,1,2313,5258,MU,,MMH,"Malabar Medical College Hospital, Kozhikkode",MBBS,MU,17,mbbs_p1_final.pdf
2025,1,2314,5266,GN,,DMM,"Dr. Moopens Medical College, Meppadi, Wayanad",MBBS,AM,14,mbbs_p1_final.pdf
2025,1,2315,5270,GN,,PMC,"Pushpagiri Institute of Medical Science, Thiruvalla",MBBS,AC,18,mbbs_p1_final.pdf
2025,1,2316,5273,EW,,MMC,"Malankara Orthodox Syrian Church MediCollege, Kolenchery",MBBS,AC,18,mbbs_p1_final.pdf
2025,1,2317,5275,GN,,DMM,"Dr. Moopens Medical College, Meppadi, Wayanad",MBBS,AM,14,mbbs_p1_final.pdf
2025,1,2318,5277,GN,,DMM,"Dr. Moopens Medical College, Meppadi, Wayanad",MBBS,AM,2,mbbs_p1_final.pdf
2025,1,2319,5279,GN,,SUC,"SUT Accademy of Medical Sciences, Thiruvananthapuram",MBBS,SM,22,mbbs_p1_final.pdf
2025,1,2320,5281,MU,,AZC,"Azeezia Institute of Medi Science, Meyyannoor, Kollam",MBBS,SM,13,mbbs_p1_final.pdf
2025,1,2321,5282,GN,,MMC,"Malankara Orthodox Syrian Church MediCollege, Kolenchery",MBBS,AC,6,mbbs_p1_final.pdf
2025,1,2322,5284,BH,,MMH,"Malabar Medical College Hospital, Kozhikkode",MBBS,BH,21,mbbs_p1_final.pdf
2025,1,2323,5287,LA,,KKD,"Govt. Dental College, Kozhikkode",BDS,LA,13,mbbs_p1_final.pdf
2025,1,2324,5288,VK,,MMH,"Malabar Medical College Hospital, Kozhikkode",MBBS,VK,18,mbbs_p1_final.pdf
2025,1,2325,5289,GN,,DMM,"Dr. Moopens Medical College, Meppadi, Wayanad",MBBS,AM,6,mbbs_p1_final.pdf
2025,1,2326,5290,MU,,MMH,"Malabar Medical College Hospital, Kozhikkode",MBBS,MU,17,mbbs_p1_final.pdf
2025,1,2327,5292,GN,,MMC,"Malankara Orthodox Syrian Church MediCollege, Kolenchery",MBBS,AC,2,mbbs_p1_final.pdf
2025,1,2328,5293,GN,,AZC,"Azeezia Institute of Medi Science, Meyyannoor, Kollam",MBBS,SM,16,mbbs_p1_final.pdf
2025,1,2329,5295,MU,,KCM,"KMCT Medical College, Mukkom, Kozikkode",MBBS,MM,14,mbbs_p1_final.pdf
2025,1,2330,5296,MU,,KCM,"KMCT Medical College, Mukkom, Kozikkode",MBBS,MM,18,mbbs_p1_final.pdf
2025,1,2331,5297,MU,,SMC,"Dr. Somervell Memorial CSI Medical College, Karakonam",MBBS,MU,20,mbbs_p1_final.pdf
2025,1,2332,5298,GN,,SIM,"Sree Narayana Institute of Medical Sciences, Chalakka, Ernakulam.",MBBS,SM,24,mbbs_p1_final.pdf
2025,1,2333,5299,EW,,MMC,"Malankara Orthodox Syrian Church MediCollege, Kolenchery",MBBS,AC,14,mbbs_p1_final.pdf
2025,1,2334,5300,SC,,TVM,"Govt. Medical College, Thiruvananthapuram",MBBS,SC,1,mbbs_p1_final.pdf
2025,1,2335,5302,EZ,,KCM,"KMCT Medical College, Mukkom, Kozikkode",MBBS,EZ,17,mbbs_p1_final.pdf
2025,1,2336,5306,GN,,SUC,"SUT Accademy of Medical Sciences, Thiruvananthapuram",MBBS,SM,24,mbbs_p1_final.pdf
2025,1,2337,5308,GN,,MZM,"Mount Zion Medical College, Pathanamthitta",MBBS,AM,5,mbbs_p1_final.pdf
2025,1,2338,5309,GN,,DMM,"Dr. Moopens Medical College, Meppadi, Wayanad",MBBS,AM,15,mbbs_p1_final.pdf
2025,1,2339,5315,GN,,MZM,"Mount Zion Medical College, Pathanamthitta",MBBS,AM,18,mbbs_p1_final.pdf
2025,1,2340,5320,GN,,PIM,"Palakkad Institute of Medical Sciences, Walayar",MBBS,AM,16,mbbs_p1_final.pdf
2025,1,2341,5321,SC,,TVM,"Govt. Medical College, Thiruvananthapuram",MBBS,SC,2,mbbs_p1_final.pdf
2025,1,2342,5322,LA,,GMC,"Sree Gokulam Medical College, Venjaramoodu, TVPM",MBBS,LA,13,mbbs_p1_final.pdf
2025,1,2343,5326,MU,,TRM,"Travancore Medical College, Umayanalloor, Kollam",MBBS,MM,19,mbbs_p1_final.pdf
2025,1,2344,5337,GN,,JMC,"Jubilee Mission Medical College, Thrisur",MBBS,NR,14,mbbs_p1_final.pdf
2025,1,2345,5339,GN,,SUC,"SUT Accademy of Medical Sciences, Thiruvananthapuram",MBBS,SM,1,mbbs_p1_final.pdf
2025,1,2346,5340,GN,,MMC,"Malankara Orthodox Syrian Church MediCollege, Kolenchery",MBBS,AC,8,mbbs_p1_final.pdf
2025,1,2347,5342,EW,,MMH,"Malabar Medical College Hospital, Kozhikkode",MBBS,EW,16,mbbs_p1_final.pdf
2025,1,2348,5344,MU,,KCM,"KMCT Medical College, Mukkom, Kozikkode",MBBS,MM,19,mbbs_p1_final.pdf
2025,1,2349,5346,GN,,PIM,"Palakkad Institute of Medical Sciences, Walayar",MBBS,AM,17,mbbs_p1_final.pdf
2025,1,2350,5347,EW,,ALD,"Government Dental College, Alappuzha",BDS,EW,16,mbbs_p1_final.pdf
2025,1,2351,5349,GN,,AAM,"Al Azhar Medical college, Thodupuzha",MBBS,AM,7,mbbs_p1_final.pdf
2025,1,2352,5350,BH,,SMC,"Dr. Somervell Memorial CSI Medical College, Karakonam",MBBS,BH,21,mbbs_p1_final.pdf
2025,1,2353,5354,GN,,MZM,"Mount Zion Medical College, Pathanamthitta",MBBS,AM,13,mbbs_p1_final.pdf
2025,1,2354,5355,GN,,SUC,"SUT Accademy of Medical Sciences, Thiruvananthapuram",MBBS,SM,23,mbbs_p1_final.pdf
2025,1,2355,5362,EW,,GMC,"Sree Gokulam Medical College, Venjaramoodu, TVPM",MBBS,EW,12,mbbs_p1_final.pdf
2025,1,2356,5364,BX,,TVM,"Govt. Medical College, Thiruvananthapuram",MBBS,PD,1,mbbs_p1_final.pdf
2025,1,2357,5365,EZ,,MMH,"Malabar Medical College Hospital, Kozhikkode",MBBS,EZ,20,mbbs_p1_final.pdf
2025,1,2358,5367,BH,,KCM,"KMCT Medical College, Mukkom, Kozikkode",MBBS,BH,19,mbbs_p1_final.pdf
2025,1,2359,5371,GN,,MZM,"Mount Zion Medical College, Pathanamthitta",MBBS,AM,18,mbbs_p1_final.pdf
2025,1,2360,5372,EW,,TCD,"Govt. Dental College, Thrissur",BDS,EW,14,mbbs_p1_final.pdf
2025,1,2361,5373,GN,,BCM,"Believers Church Medical College Hospital, Thiruvalla",MBBS,AC,13,mbbs_p1_final.pdf
2025,1,2362,5376,EZ,,MMH,"Malabar Medical College Hospital, Kozhikkode",MBBS,EZ,17,mbbs_p1_final.pdf
2025,1,2363,5377,EZ,,KCM,"KMCT Medical College, Mukkom, Kozikkode",MBBS,EZ,15,mbbs_p1_final.pdf
2025,1,2364,5382,GN,,AAM,"Al Azhar Medical college, Thodupuzha",MBBS,AM,12,mbbs_p1_final.pdf
2025,1,2365,5385,LA,,MMC,"Malankara Orthodox Syrian Church MediCollege, Kolenchery",MBBS,AC,16,mbbs_p1_final.pdf
2025,1,2366,5387,GN,,MMC,"Malankara Orthodox Syrian Church MediCollege, Kolenchery",MBBS,AC,18,mbbs_p1_final.pdf
2025,1,2367,5388,GN,,SUC,"SUT Accademy of Medical Sciences, Thiruvananthapuram",MBBS,SM,24,mbbs_p1_final.pdf
2025,1,2368,5391,GN,,SUC,"SUT Accademy of Medical Sciences, Thiruvananthapuram",MBBS,SM,19,mbbs_p1_final.pdf
2025,1,2369,5396,EZ,,MMH,"Malabar Medical College Hospital, Kozhikkode",MBBS,EZ,16,mbbs_p1_final.pdf
2025,1,2370,5397,MU,,KCM,"KMCT Medical College, Mukkom, Kozikkode",MBBS,MM,13,mbbs_p1_final.pdf
2025,1,2371,5400,DV,,KNM,Government Medical College Kannur,MBBS,DV,6,mbbs_p1_final.pdf
2025,1,2372,5402,GN,,PIM,"Palakkad Institute of Medical Sciences, Walayar",MBBS,AM,13,mbbs_p1_final.pdf
2025,1,2373,5406,GN,,PIM,"Palakkad Institute of Medical Sciences, Walayar",MBBS,AM,17,mbbs_p1_final.pdf
2025,1,2374,5407,GN,,SUC,"SUT Accademy of Medical Sciences, Thiruvananthapuram",MBBS,SM,17,mbbs_p1_final.pdf
2025,1,2375,5408,VK,,GMC,"Sree Gokulam Medical College, Venjaramoodu, TVPM",MBBS,VK,15,mbbs_p1_final.pdf
2025,1,2376,5410,EW,,ALD,"Government Dental College, Alappuzha",BDS,EW,17,mbbs_p1_final.pdf
2025,1,2377,5411,GN,,MZM,"Mount Zion Medical College, Pathanamthitta",MBBS,AM,18,mbbs_p1_final.pdf
2025,1,2378,5413,SC,,TVM,"Govt. Medical College, Thiruvananthapuram",MBBS,SC,2,mbbs_p1_final.pdf
2025,1,2379,5414,GN,,MZM,"Mount Zion Medical College, Pathanamthitta",MBBS,AM,18,mbbs_p1_final.pdf
2025,1,2380,5415,GN,,MZM,"Mount Zion Medical College, Pathanamthitta",MBBS,AM,15,mbbs_p1_final.pdf
2025,1,2381,5422,GN,,MMC,"Malankara Orthodox Syrian Church MediCollege, Kolenchery",MBBS,AC,14,mbbs_p1_final.pdf
2025,1,2382,5425,MU,,KMD,"KMCT Dental College, Mambatta, Mukkam, Kozhikode",BDS,SM,19,mbbs_p1_final.pdf
2025,1,2383,5427,GN,,PMC,"Pushpagiri Institute of Medical Science, Thiruvalla",MBBS,AC,18,mbbs_p1_final.pdf
2025,1,2384,5428,GN,,MZM,"Mount Zion Medical College, Pathanamthitta",MBBS,AM,16,mbbs_p1_final.pdf
2025,1,2385,5429,MU,,KCM,"KMCT Medical College, Mukkom, Kozikkode",MBBS,MM,18,mbbs_p1_final.pdf
2025,1,2386,5431,GN,,SUC,"SUT Accademy of Medical Sciences, Thiruvananthapuram",MBBS,SM,12,mbbs_p1_final.pdf
2025,1,2387,5432,GN,,SUC,"SUT Accademy of Medical Sciences, Thiruvananthapuram",MBBS,SM,12,mbbs_p1_final.pdf
2025,1,2388,5435,SC,,TCM,"Govt. Medical College, Thrissur",MBBS,SC,2,mbbs_p1_final.pdf
2025,1,2389,5440,EZ,,MMH,"Malabar Medical College Hospital, Kozhikkode",MBBS,EZ,19,mbbs_p1_final.pdf
2025,1,2390,5441,GN,,MMC,"Malankara Orthodox Syrian Church MediCollege, Kolenchery",MBBS,AC,6,mbbs_p1_final.pdf
2025,1,2391,5442,GN,,AAM,"Al Azhar Medical college, Thodupuzha",MBBS,AM,4,mbbs_p1_final.pdf
2025,1,2392,5444,GN,,AAM,"Al Azhar Medical college, Thodupuzha",MBBS,AM,17,mbbs_p1_final.pdf
2025,1,2393,5446,BH,,KCM,"KMCT Medical College, Mukkom, Kozikkode",MBBS,BH,19,mbbs_p1_final.pdf
2025,1,2394,5447,DV,,MLP,"Govt. Medical College, Manjeri",MBBS,DV,6,mbbs_p1_final.pdf
2025,1,2395,5448,GN,,SIM,"Sree Narayana Institute of Medical Sciences, Chalakka, Ernakulam.",MBBS,SM,11,mbbs_p1_final.pdf
2025,1,2396,5449,MU,,MMH,"Malabar Medical College Hospital, Kozhikkode",MBBS,MU,17,mbbs_p1_final.pdf
2025,1,2397,5451,EW,,ALD,"Government Dental College, Alappuzha",BDS,EW,17,mbbs_p1_final.pdf
2025,1,2398,5452,MU,,TRM,"Travancore Medical College, Umayanalloor, Kollam",MBBS,MM,20,mbbs_p1_final.pdf
2025,1,2399,5454,DV,,KLM,"Govt. Medical College, Parippally, Kollam",MBBS,DV,7,mbbs_p1_final.pdf
2025,1,2400,5456,GN,,MMC,"Malankara Orthodox Syrian Church MediCollege, Kolenchery",MBBS,AC,16,mbbs_p1_final.pdf
2025,1,2401,5457,GN,,AAM,"Al Azhar Medical college, Thodupuzha",MBBS,AM,2,mbbs_p1_final.pdf
2025,1,2402,5459,GN,,PMC,"Pushpagiri Institute of Medical Science, Thiruvalla",MBBS,AC,18,mbbs_p1_final.pdf
2025,1,2403,5460,GN,,DMM,"Dr. Moopens Medical College, Meppadi, Wayanad",MBBS,SM,21,mbbs_p1_final.pdf
2025,1,2404,5461,GN,,SUC,"SUT Accademy of Medical Sciences, Thiruvananthapuram",MBBS,SM,19,mbbs_p1_final.pdf
2025,1,2405,5463,MU,,KCM,"KMCT Medical College, Mukkom, Kozikkode",MBBS,MM,8,mbbs_p1_final.pdf
2025,1,2406,5465,GN,,AZC,"Azeezia Institute of Medi Science, Meyyannoor, Kollam",MBBS,SM,16,mbbs_p1_final.pdf
2025,1,2407,5466,GN,,MBD,"Mar Baselious Dental College, Kothamangalam",BDS,SM,19,mbbs_p1_final.pdf
2025,1,2408,5473,GN,,DMM,"Dr. Moopens Medical College, Meppadi, Wayanad",MBBS,SM,18,mbbs_p1_final.pdf
2025,1,2409,5476,SC,,TVM,"Govt. Medical College, Thiruvananthapuram",MBBS,SC,2,mbbs_p1_final.pdf
2025,1,2410,5477,GN,,MZM,"Mount Zion Medical College, Pathanamthitta",MBBS,AM,15,mbbs_p1_final.pdf
2025,1,2411,5481,EZ,,SUC,"SUT Accademy of Medical Sciences, Thiruvananthapuram",MBBS,SM,14,mbbs_p1_final.pdf
2025,1,2412,5482,MU,,MMH,"Malabar Medical College Hospital, Kozhikkode",MBBS,MU,20,mbbs_p1_final.pdf
2025,1,2413,5483,VK,,TRM,"Travancore Medical College, Umayanalloor, Kollam",MBBS,VK,20,mbbs_p1_final.pdf
2025,1,2414,5485,EZ,,KCM,"KMCT Medical College, Mukkom, Kozikkode",MBBS,EZ,3,mbbs_p1_final.pdf
2025,1,2415,5488,MU,,SMC,"Dr. Somervell Memorial CSI Medical College, Karakonam",MBBS,MU,17,mbbs_p1_final.pdf
2025,1,2416,5489,BX,,PMC,"Pushpagiri Institute of Medical Science, Thiruvalla",MBBS,AC,15,mbbs_p1_final.pdf
2025,1,2417,5491,GN,,MZM,"Mount Zion Medical College, Pathanamthitta",MBBS,AM,14,mbbs_p1_final.pdf
2025,1,2418,5492,EZ,,SIM,"Sree Narayana Institute of Medical Sciences, Chalakka, Ernakulam.",MBBS,SM,19,mbbs_p1_final.pdf
2025,1,2419,5497,GN,,MZM,"Mount Zion Medical College, Pathanamthitta",MBBS,AM,5,mbbs_p1_final.pdf
2025,1,2420,5498,GN,,MZM,"Mount Zion Medical College, Pathanamthitta",MBBS,AM,17,mbbs_p1_final.pdf
2025,1,2421,5502,EZ,,MMH,"Malabar Medical College Hospital, Kozhikkode",MBBS,EZ,18,mbbs_p1_final.pdf
2025,1,2422,5504,GN,,SUC,"SUT Accademy of Medical Sciences, Thiruvananthapuram",MBBS,SM,19,mbbs_p1_final.pdf
2025,1,2423,5506,EW,,KND,"Government Dental College, Kannur",BDS,EW,18,mbbs_p1_final.pdf
2025,1,2424,5509,MU,,TRM,"Travancore Medical College, Umayanalloor, Kollam",MBBS,MM,22,mbbs_p1_final.pdf
2025,1,2425,5512,EW,,KND,"Government Dental College, Kannur",BDS,EW,4,mbbs_p1_final.pdf
2025,1,2426,5516,GN,,PIM,"Palakkad Institute of Medical Sciences, Walayar",MBBS,AM,12,mbbs_p1_final.pdf
2025,1,2427,5518,BX,,AZC,"Azeezia Institute of Medi Science, Meyyannoor, Kollam",MBBS,SM,20,mbbs_p1_final.pdf
2025,1,2428,5522,GN,,MMC,"Malankara Orthodox Syrian Church MediCollege, Kolenchery",MBBS,AC,18,mbbs_p1_final.pdf
2025,1,2429,5524,BH,,SIM,"Sree Narayana Institute of Medical Sciences, Chalakka, Ernakulam.",MBBS,SM,21,mbbs_p1_final.pdf
2025,1,2430,5525,BH,,KCM,"KMCT Medical College, Mukkom, Kozikkode",MBBS,BH,15,mbbs_p1_final.pdf
2025,1,2431,5529,BH,,KDM,"P K Das Institute of Medical Sciences, Ottapalam",MBBS,SM,20,mbbs_p1_final.pdf
2025,1,2432,5530,BH,,SUC,"SUT Accademy of Medical Sciences, Thiruvananthapuram",MBBS,SM,20,mbbs_p1_final.pdf
2025,1,2433,5532,EZ,,SUC,"SUT Accademy of Medical Sciences, Thiruvananthapuram",MBBS,SM,13,mbbs_p1_final.pdf
2025,1,2434,5535,GN,,SUC,"SUT Accademy of Medical Sciences, Thiruvananthapuram",MBBS,SM,24,mbbs_p1_final.pdf
2025,1,2435,5537,SC,,TVM,"Govt. Medical College, Thiruvananthapuram",MBBS,SC,2,mbbs_p1_final.pdf
2025,1,2436,5541,DV,,MLP,"Govt. Medical College, Manjeri",MBBS,DV,6,mbbs_p1_final.pdf
2025,1,2437,5542,GN,,KDM,"P K Das Institute of Medical Sciences, Ottapalam",MBBS,SM,17,mbbs_p1_final.pdf
2025,1,2438,5543,EZ,,SMC,"Dr. Somervell Memorial CSI Medical College, Karakonam",MBBS,EZ,17,mbbs_p1_final.pdf
2025,1,2439,5544,GN,,SUC,"SUT Accademy of Medical Sciences, Thiruvananthapuram",MBBS,SM,22,mbbs_p1_final.pdf
2025,1,2440,5545,GN,,MMC,"Malankara Orthodox Syrian Church MediCollege, Kolenchery",MBBS,AC,10,mbbs_p1_final.pdf
2025,1,2441,5548,GN,,MMC,"Malankara Orthodox Syrian Church MediCollege, Kolenchery",MBBS,AC,16,mbbs_p1_final.pdf
2025,1,2442,5551,EZ,,KMM,"Karuna Medical College, Vilayodi, Palakkad",MBBS,SM,19,mbbs_p1_final.pdf
2025,1,2443,5552,LA,,KTD,"Govt. Dental College, Kottayam",BDS,LA,13,mbbs_p1_final.pdf
2025,1,2444,5553,GN,,MMC,"Malankara Orthodox Syrian Church MediCollege, Kolenchery",MBBS,AC,9,mbbs_p1_final.pdf
2025,1,2445,5566,GN,,MZM,"Mount Zion Medical College, Pathanamthitta",MBBS,AM,5,mbbs_p1_final.pdf
2025,1,2446,5569,GN,,AAM,"Al Azhar Medical college, Thodupuzha",MBBS,AM,18,mbbs_p1_final.pdf
2025,1,2447,5573,GN,,MMC,"Malankara Orthodox Syrian Church MediCollege, Kolenchery",MBBS,AC,18,mbbs_p1_final.pdf
2025,1,2448,5574,GN,,SIM,"Sree Narayana Institute of Medical Sciences, Chalakka, Ernakulam.",MBBS,SM,23,mbbs_p1_final.pdf
2025,1,2449,5577,EZ,,MMH,"Malabar Medical College Hospital, Kozhikkode",MBBS,EZ,15,mbbs_p1_final.pdf
2025,1,2450,5578,MU,,MED,"MES Dental College, Perinthalmanna",BDS,SM,19,mbbs_p1_final.pdf
2025,1,2451,5579,MU,,MMH,"Malabar Medical College Hospital, Kozhikkode",MBBS,MU,20,mbbs_p1_final.pdf
2025,1,2452,5580,GN,,MMC,"Malankara Orthodox Syrian Church MediCollege, Kolenchery",MBBS,AC,18,mbbs_p1_final.pdf
2025,1,2453,5582,MU,,TRM,"Travancore Medical College, Umayanalloor, Kollam",MBBS,MM,22,mbbs_p1_final.pdf
2025,1,2454,5585,GN,,MZM,"Mount Zion Medical College, Pathanamthitta",MBBS,AM,7,mbbs_p1_final.pdf
2025,1,2455,5588,GN,,MZM,"Mount Zion Medical College, Pathanamthitta",MBBS,AM,16,mbbs_p1_final.pdf
2025,1,2456,5589,GN,,MMC,"Malankara Orthodox Syrian Church MediCollege, Kolenchery",MBBS,AC,9,mbbs_p1_final.pdf
2025,1,2457,5599,GN,,SIM,"Sree Narayana Institute of Medical Sciences, Chalakka, Ernakulam.",MBBS,SM,23,mbbs_p1_final.pdf
2025,1,2458,5600,GN,,MZM,"Mount Zion Medical College, Pathanamthitta",MBBS,AM,16,mbbs_p1_final.pdf
2025,1,2459,5602,GN,,MMC,"Malankara Orthodox Syrian Church MediCollege, Kolenchery",MBBS,AC,18,mbbs_p1_final.pdf
2025,1,2460,5607,GN,,AAM,"Al Azhar Medical college, Thodupuzha",MBBS,AM,16,mbbs_p1_final.pdf
2025,1,2461,5611,GN,,PIM,"Palakkad Institute of Medical Sciences, Walayar",MBBS,AM,17,mbbs_p1_final.pdf
2025,1,2462,5613,GN,,KDM,"P K Das Institute of Medical Sciences, Ottapalam",MBBS,SM,10,mbbs_p1_final.pdf
2025,1,2463,5615,GN,,SUC,"SUT Accademy of Medical Sciences, Thiruvananthapuram",MBBS,SM,24,mbbs_p1_final.pdf
2025,1,2464,5619,GN,,BCM,"Believers Church Medical College Hospital, Thiruvalla",MBBS,AC,18,mbbs_p1_final.pdf
2025,1,2465,5622,MU,,KCM,"KMCT Medical College, Mukkom, Kozikkode",MBBS,MM,21,mbbs_p1_final.pdf
2025,1,2466,5623,SC,,TCM,"Govt. Medical College, Thrissur",MBBS,SC,2,mbbs_p1_final.pdf
2025,1,2467,5624,EZ,,SUC,"SUT Accademy of Medical Sciences, Thiruvananthapuram",MBBS,SM,21,mbbs_p1_final.pdf
2025,1,2468,5627,GN,,MZM,"Mount Zion Medical College, Pathanamthitta",MBBS,AM,16,mbbs_p1_final.pdf
2025,1,2469,5629,GN,,AAM,"Al Azhar Medical college, Thodupuzha",MBBS,AM,17,mbbs_p1_final.pdf
2025,1,2470,5630,GN,,MMC,"Malankara Orthodox Syrian Church MediCollege, Kolenchery",MBBS,AC,18,mbbs_p1_final.pdf
2025,1,2471,5632,GN,,MMC,"Malankara Orthodox Syrian Church MediCollege, Kolenchery",MBBS,AC,4,mbbs_p1_final.pdf
2025,1,2472,5638,MU,,TRM,"Travancore Medical College, Umayanalloor, Kollam",MBBS,MM,22,mbbs_p1_final.pdf
2025,1,2473,5639,GN,,MZM,"Mount Zion Medical College, Pathanamthitta",MBBS,AM,18,mbbs_p1_final.pdf
2025,1,2474,5641,GN,,PMC,"Pushpagiri Institute of Medical Science, Thiruvalla",MBBS,AC,13,mbbs_p1_final.pdf
2025,1,2475,5642,GN,,AZC,"Azeezia Institute of Medi Science, Meyyannoor, Kollam",MBBS,SM,11,mbbs_p1_final.pdf
2025,1,2476,5647,GN,,MMC,"Malankara Orthodox Syrian Church MediCollege, Kolenchery",MBBS,AC,18,mbbs_p1_final.pdf
2025,1,2477,5652,GN,,PIM,"Palakkad Institute of Medical Sciences, Walayar",MBBS,AM,6,mbbs_p1_final.pdf
2025,1,2478,5655,GN,,MMC,"Malankara Orthodox Syrian Church MediCollege, Kolenchery",MBBS,AC,18,mbbs_p1_final.pdf
2025,1,2479,5657,MU,,KCM,"KMCT Medical College, Mukkom, Kozikkode",MBBS,MM,16,mbbs_p1_final.pdf
2025,1,2480,5658,BH,,KDM,"P K Das Institute of Medical Sciences, Ottapalam",MBBS,SM,22,mbbs_p1_final.pdf
2025,1,2481,5660,GN,,SUC,"SUT Accademy of Medical Sciences, Thiruvananthapuram",MBBS,SM,18,mbbs_p1_final.pdf
2025,1,2482,5662,LA,,TVD,"Govt. Dental College, Thiruvananthapuram",BDS,LA,13,mbbs_p1_final.pdf
2025,1,2483,5665,BH,,SUC,"SUT Accademy of Medical Sciences, Thiruvananthapuram",MBBS,SM,13,mbbs_p1_final.pdf
2025,1,2484,5666,GN,,MMC,"Malankara Orthodox Syrian Church MediCollege, Kolenchery",MBBS,AC,14,mbbs_p1_final.pdf
2025,1,2485,5667,GN,,JMC,"Jubilee Mission Medical College, Thrisur",MBBS,NR,8,mbbs_p1_final.pdf
2025,1,2486,5669,MU,,MMH,"Malabar Medical College Hospital, Kozhikkode",MBBS,MU,16,mbbs_p1_final.pdf
2025,1,2487,5670,GN,,PIM,"Palakkad Institute of Medical Sciences, Walayar",MBBS,AM,18,mbbs_p1_final.pdf
2025,1,2488,5673,GN,,AAM,"Al Azhar Medical college, Thodupuzha",MBBS,AM,19,mbbs_p1_final.pdf
2025,1,2489,5675,GN,,PMC,"Pushpagiri Institute of Medical Science, Thiruvalla",MBBS,AC,14,mbbs_p1_final.pdf
2025,1,2490,5681,LA,,GMC,"Sree Gokulam Medical College, Venjaramoodu, TVPM",MBBS,LA,16,mbbs_p1_final.pdf
2025,1,2491,5685,GN,,BCM,"Believers Church Medical College Hospital, Thiruvalla",MBBS,AC,6,mbbs_p1_final.pdf
2025,1,2492,5688,MU,,MMH,"Malabar Medical College Hospital, Kozhikkode",MBBS,MU,5,mbbs_p1_final.pdf
2025,1,2493,5694,EW,,KND,"Government Dental College, Kannur",BDS,EW,18,mbbs_p1_final.pdf
2025,1,2494,5695,MU,,MMH,"Malabar Medical College Hospital, Kozhikkode",MBBS,MU,21,mbbs_p1_final.pdf
2025,1,2495,5696,GN,,MMC,"Malankara Orthodox Syrian Church MediCollege, Kolenchery",MBBS,AC,14,mbbs_p1_final.pdf
2025,1,2496,5707,GN,,MMC,"Malankara Orthodox Syrian Church MediCollege, Kolenchery",MBBS,AC,10,mbbs_p1_final.pdf
2025,1,2497,5709,GN,,AAM,"Al Azhar Medical college, Thodupuzha",MBBS,AM,19,mbbs_p1_final.pdf
2025,1,2498,5710,GN,,AAM,"Al Azhar Medical college, Thodupuzha",MBBS,AM,16,mbbs_p1_final.pdf
2025,1,2499,5716,MU,,MMH,"Malabar Medical College Hospital, Kozhikkode",MBBS,MU,21,mbbs_p1_final.pdf
2025,1,2500,5719,GN,,MMC,"Malankara Orthodox Syrian Church MediCollege, Kolenchery",MBBS,AC,18,mbbs_p1_final.pdf
2025,1,2501,5722,MU,,KCM,"KMCT Medical College, Mukkom, Kozikkode",MBBS,MM,7,mbbs_p1_final.pdf
2025,1,2502,5723,GN,,PIM,"Palakkad Institute of Medical Sciences, Walayar",MBBS,AM,19,mbbs_p1_final.pdf
2025,1,2503,5726,BH,,SIM,"Sree Narayana Institute of Medical Sciences, Chalakka, Ernakulam.",MBBS,SM,19,mbbs_p1_final.pdf
2025,1,2504,5728,SC,,TVM,"Govt. Medical College, Thiruvananthapuram",MBBS,SC,1,mbbs_p1_final.pdf
2025,1,2505,5736,GN,,PIM,"Palakkad Institute of Medical Sciences, Walayar",MBBS,AM,11,mbbs_p1_final.pdf
2025,1,2506,5740,BX,,BCM,"Believers Church Medical College Hospital, Thiruvalla",MBBS,AC,14,mbbs_p1_final.pdf
2025,1,2507,5745,GN,,SUC,"SUT Accademy of Medical Sciences, Thiruvananthapuram",MBBS,SM,17,mbbs_p1_final.pdf
2025,1,2508,5748,GN,,AAM,"Al Azhar Medical college, Thodupuzha",MBBS,AM,15,mbbs_p1_final.pdf
2025,1,2509,5754,EZ,,KCM,"KMCT Medical College, Mukkom, Kozikkode",MBBS,EZ,17,mbbs_p1_final.pdf
2025,1,2510,5757,MU,,KCM,"KMCT Medical College, Mukkom, Kozikkode",MBBS,MM,17,mbbs_p1_final.pdf
2025,1,2511,5762,MU,,KCM,"KMCT Medical College, Mukkom, Kozikkode",MBBS,MM,19,mbbs_p1_final.pdf
2025,1,2512,5763,MU,,KMM,"Karuna Medical College, Vilayodi, Palakkad",MBBS,SM,8,mbbs_p1_final.pdf
2025,1,2513,5764,GN,,SIM,"Sree Narayana Institute of Medical Sciences, Chalakka, Ernakulam.",MBBS,SM,23,mbbs_p1_final.pdf
2025,1,2514,5769,GN,,BCM,"Believers Church Medical College Hospital, Thiruvalla",MBBS,AC,18,mbbs_p1_final.pdf
2025,1,2515,5770,BH,,KDM,"P K Das Institute of Medical Sciences, Ottapalam",MBBS,SM,18,mbbs_p1_final.pdf
2025,1,2516,5771,GN,,SUC,"SUT Accademy of Medical Sciences, Thiruvananthapuram",MBBS,SM,19,mbbs_p1_final.pdf
2025,1,2517,5772,EZ,,KCM,"KMCT Medical College, Mukkom, Kozikkode",MBBS,EZ,18,mbbs_p1_final.pdf
2025,1,2518,5773,EZ,,MMH,"Malabar Medical College Hospital, Kozhikkode",MBBS,EZ,17,mbbs_p1_final.pdf
2025,1,2519,5774,GN,,KDM,"P K Das Institute of Medical Sciences, Ottapalam",MBBS,SM,24,mbbs_p1_final.pdf
2025,1,2520,5776,EZ,,MMH,"Malabar Medical College Hospital, Kozhikkode",MBBS,EZ,18,mbbs_p1_final.pdf
2025,1,2521,5779,GN,,AAM,"Al Azhar Medical college, Thodupuzha",MBBS,AM,8,mbbs_p1_final.pdf
2025,1,2522,5780,GN,,KCM,"KMCT Medical College, Mukkom, Kozikkode",MBBS,MM,18,mbbs_p1_final.pdf
2025,1,2523,5781,EW,,KND,"Government Dental College, Kannur",BDS,EW,17,mbbs_p1_final.pdf
2025,1,2524,5789,GN,,KMM,"Karuna Medical College, Vilayodi, Palakkad",MBBS,SM,17,mbbs_p1_final.pdf
2025,1,2525,5790,LA,,MMC,"Malankara Orthodox Syrian Church MediCollege, Kolenchery",MBBS,AC,18,mbbs_p1_final.pdf
2025,1,2526,5794,GN,,SUC,"SUT Accademy of Medical Sciences, Thiruvananthapuram",MBBS,SM,24,mbbs_p1_final.pdf
2025,1,2527,5798,GN,,PMC,"Pushpagiri Institute of Medical Science, Thiruvalla",MBBS,AC,14,mbbs_p1_final.pdf
2025,1,2528,5799,EZ,,SMC,"Dr. Somervell Memorial CSI Medical College, Karakonam",MBBS,EZ,22,mbbs_p1_final.pdf
2025,1,2529,5802,EZ,,MMH,"Malabar Medical College Hospital, Kozhikkode",MBBS,EZ,17,mbbs_p1_final.pdf
2025,1,2530,5804,GN,,AAM,"Al Azhar Medical college, Thodupuzha",MBBS,AM,16,mbbs_p1_final.pdf
2025,1,2531,5806,GN,,MMC,"Malankara Orthodox Syrian Church MediCollege, Kolenchery",MBBS,AC,18,mbbs_p1_final.pdf
2025,1,2532,5807,GN,,BCM,"Believers Church Medical College Hospital, Thiruvalla",MBBS,AC,2,mbbs_p1_final.pdf
2025,1,2533,5809,MU,,TRM,"Travancore Medical College, Umayanalloor, Kollam",MBBS,MM,20,mbbs_p1_final.pdf
2025,1,2534,5812,EZ,,PMD,"Pushpagiri College of Dental Science, Thiruvalla",BDS,SM,23,mbbs_p1_final.pdf
2025,1,2535,5815,SC,,TVM,"Govt. Medical College, Thiruvananthapuram",MBBS,SC,2,mbbs_p1_final.pdf
2025,1,2536,5818,GN,,SIM,"Sree Narayana Institute of Medical Sciences, Chalakka, Ernakulam.",MBBS,SM,6,mbbs_p1_final.pdf
2025,1,2537,5820,MU,,TRM,"Travancore Medical College, Umayanalloor, Kollam",MBBS,MM,18,mbbs_p1_final.pdf
2025,1,2538,5832,GN,,AAM,"Al Azhar Medical college, Thodupuzha",MBBS,AM,13,mbbs_p1_final.pdf
2025,1,2539,5833,EZ,,MMH,"Malabar Medical College Hospital, Kozhikkode",MBBS,EZ,18,mbbs_p1_final.pdf
2025,1,2540,5834,GN,,PIM,"Palakkad Institute of Medical Sciences, Walayar",MBBS,AM,18,mbbs_p1_final.pdf
2025,1,2541,5837,EZ,,SUC,"SUT Accademy of Medical Sciences, Thiruvananthapuram",MBBS,SM,14,mbbs_p1_final.pdf
2025,1,2542,5841,MU,,TRM,"Travancore Medical College, Umayanalloor, Kollam",MBBS,MM,22,mbbs_p1_final.pdf
2025,1,2543,5843,BH,,SUC,"SUT Accademy of Medical Sciences, Thiruvananthapuram",MBBS,SM,22,mbbs_p1_final.pdf
2025,1,2544,5850,MU,,KCM,"KMCT Medical College, Mukkom, Kozikkode",MBBS,MM,18,mbbs_p1_final.pdf
2025,1,2545,5854,EZ,,SUC,"SUT Accademy of Medical Sciences, Thiruvananthapuram",MBBS,EZ,23,mbbs_p1_final.pdf
2025,1,2546,5856,GN,,AAM,"Al Azhar Medical college, Thodupuzha",MBBS,AM,19,mbbs_p1_final.pdf
2025,1,2547,5859,GN,,KDM,"P K Das Institute of Medical Sciences, Ottapalam",MBBS,SM,23,mbbs_p1_final.pdf
2025,1,2548,5863,SC,,KNM,Government Medical College Kannur,MBBS,SC,2,mbbs_p1_final.pdf
2025,1,2549,5869,LA,,ALD,"Government Dental College, Alappuzha",BDS,LA,16,mbbs_p1_final.pdf
2025,1,2550,5873,GN,,PIM,"Palakkad Institute of Medical Sciences, Walayar",MBBS,AM,16,mbbs_p1_final.pdf
2025,1,2551,5877,MU,,KCM,"KMCT Medical College, Mukkom, Kozikkode",MBBS,MM,20,mbbs_p1_final.pdf
2025,1,2552,5879,GN,,PIM,"Palakkad Institute of Medical Sciences, Walayar",MBBS,AM,14,mbbs_p1_final.pdf
2025,1,2553,5880,EW,,SIM,"Sree Narayana Institute of Medical Sciences, Chalakka, Ernakulam.",MBBS,SM,14,mbbs_p1_final.pdf
2025,1,2554,5884,SC,,TVM,"Govt. Medical College, Thiruvananthapuram",MBBS,SC,2,mbbs_p1_final.pdf
2025,1,2555,5887,EW,,KND,"Government Dental College, Kannur",BDS,FL-EW,18,mbbs_p1_final.pdf
2025,1,2556,5890,EW,,KND,"Government Dental College, Kannur",BDS,FL-EW,16,mbbs_p1_final.pdf
2025,1,2557,5892,GN,,KDM,"P K Das Institute of Medical Sciences, Ottapalam",MBBS,SM,8,mbbs_p1_final.pdf
2025,1,2558,5895,MU,,DMM,"Dr. Moopens Medical College, Meppadi, Wayanad",MBBS,SM,3,mbbs_p1_final.pdf
2025,1,2559,5903,GN,,DMM,"Dr. Moopens Medical College, Meppadi, Wayanad",MBBS,SM,25,mbbs_p1_final.pdf
2025,1,2560,5904,MU,,KCM,"KMCT Medical College, Mukkom, Kozikkode",MBBS,MM,19,mbbs_p1_final.pdf
2025,1,2561,5906,GN,,PMC,"Pushpagiri Institute of Medical Science, Thiruvalla",MBBS,AC,18,mbbs_p1_final.pdf
2025,1,2562,5907,LA,,PMC,"Pushpagiri Institute of Medical Science, Thiruvalla",MBBS,AC,18,mbbs_p1_final.pdf
2025,1,2563,5910,MU,,TRM,"Travancore Medical College, Umayanalloor, Kollam",MBBS,MM,21,mbbs_p1_final.pdf
2025,1,2564,5920,EW,,MMH,"Malabar Medical College Hospital, Kozhikkode",MBBS,EW,13,mbbs_p1_final.pdf
2025,1,2565,5923,MU,,KCM,"KMCT Medical College, Mukkom, Kozikkode",MBBS,MM,12,mbbs_p1_final.pdf
2025,1,2566,5926,GN,,SIM,"Sree Narayana Institute of Medical Sciences, Chalakka, Ernakulam.",MBBS,SM,23,mbbs_p1_final.pdf
2025,1,2567,5927,GN,,AAM,"Al Azhar Medical college, Thodupuzha",MBBS,AM,20,mbbs_p1_final.pdf
2025,1,2568,5928,GN,,SIM,"Sree Narayana Institute of Medical Sciences, Chalakka, Ernakulam.",MBBS,SM,17,mbbs_p1_final.pdf
2025,1,2569,5930,GN,,KDM,"P K Das Institute of Medical Sciences, Ottapalam",MBBS,SM,20,mbbs_p1_final.pdf
2025,1,2570,5933,EZ,,AZC,"Azeezia Institute of Medi Science, Meyyannoor, Kollam",MBBS,SM,23,mbbs_p1_final.pdf
2025,1,2571,5938,EZ,,SUC,"SUT Accademy of Medical Sciences, Thiruvananthapuram",MBBS,EZ,13,mbbs_p1_final.pdf
2025,1,2572,5939,GN,,AAM,"Al Azhar Medical college, Thodupuzha",MBBS,AM,1,mbbs_p1_final.pdf
2025,1,2573,5941,MU,,KCM,"KMCT Medical College, Mukkom, Kozikkode",MBBS,MM,22,mbbs_p1_final.pdf
2025,1,2574,5949,MU,,KCM,"KMCT Medical College, Mukkom, Kozikkode",MBBS,MM,14,mbbs_p1_final.pdf
2025,1,2575,5954,MU,,TRM,"Travancore Medical College, Umayanalloor, Kollam",MBBS,MM,14,mbbs_p1_final.pdf
2025,1,2576,5956,MU,,KCM,"KMCT Medical College, Mukkom, Kozikkode",MBBS,MM,21,mbbs_p1_final.pdf
2025,1,2577,5958,MU,,KCM,"KMCT Medical College, Mukkom, Kozikkode",MBBS,MM,9,mbbs_p1_final.pdf
2025,1,2578,5961,MU,,KCM,"KMCT Medical College, Mukkom, Kozikkode",MBBS,MM,19,mbbs_p1_final.pdf
2025,1,2579,5970,SC,,TVM,"Govt. Medical College, Thiruvananthapuram",MBBS,SC,2,mbbs_p1_final.pdf
2025,1,2580,5972,MU,,KCM,"KMCT Medical College, Mukkom, Kozikkode",MBBS,MM,8,mbbs_p1_final.pdf
2025,1,2581,5973,GN,,MMC,"Malankara Orthodox Syrian Church MediCollege, Kolenchery",MBBS,AC,18,mbbs_p1_final.pdf
2025,1,2582,5977,GN,,SIM,"Sree Narayana Institute of Medical Sciences, Chalakka, Ernakulam.",MBBS,SM,19,mbbs_p1_final.pdf
2025,1,2583,5979,MU,,KDM,"P K Das Institute of Medical Sciences, Ottapalam",MBBS,SM,20,mbbs_p1_final.pdf
2025,1,2584,5980,BH,,SUC,"SUT Accademy of Medical Sciences, Thiruvananthapuram",MBBS,BH,16,mbbs_p1_final.pdf
2025,1,2585,5983,MU,,KCM,"KMCT Medical College, Mukkom, Kozikkode",MBBS,MM,14,mbbs_p1_final.pdf
2025,1,2586,5986,GN,,MMC,"Malankara Orthodox Syrian Church MediCollege, Kolenchery",MBBS,AC,14,mbbs_p1_final.pdf
2025,1,2587,5989,MU,,TRM,"Travancore Medical College, Umayanalloor, Kollam",MBBS,MM,8,mbbs_p1_final.pdf
2025,1,2588,5997,GN,,SIM,"Sree Narayana Institute of Medical Sciences, Chalakka, Ernakulam.",MBBS,SM,22,mbbs_p1_final.pdf
2025,1,2589,6003,GN,,TRM,"Travancore Medical College, Umayanalloor, Kollam",MBBS,MM,4,mbbs_p1_final.pdf
2025,1,2590,6006,BH,,SUC,"SUT Accademy of Medical Sciences, Thiruvananthapuram",MBBS,BH,14,mbbs_p1_final.pdf
2025,1,2591,6008,MU,,KCM,"KMCT Medical College, Mukkom, Kozikkode",MBBS,MM,22,mbbs_p1_final.pdf
2025,1,2592,6011,GN,,DMM,"Dr. Moopens Medical College, Meppadi, Wayanad",MBBS,SM,2,mbbs_p1_final.pdf
2025,1,2593,6018,GN,,AZC,"Azeezia Institute of Medi Science, Meyyannoor, Kollam",MBBS,SM,20,mbbs_p1_final.pdf
2025,1,2594,6027,GN,,TRM,"Travancore Medical College, Umayanalloor, Kollam",MBBS,MM,20,mbbs_p1_final.pdf
2025,1,2595,6031,LA,,PMC,"Pushpagiri Institute of Medical Science, Thiruvalla",MBBS,AC,16,mbbs_p1_final.pdf
2025,1,2596,6037,MU,,KCM,"KMCT Medical College, Mukkom, Kozikkode",MBBS,MM,22,mbbs_p1_final.pdf
2025,1,2597,6039,EZ,,SUC,"SUT Accademy of Medical Sciences, Thiruvananthapuram",MBBS,EZ,20,mbbs_p1_final.pdf
2025,1,2598,6048,BH,,SUC,"SUT Accademy of Medical Sciences, Thiruvananthapuram",MBBS,BH,23,mbbs_p1_final.pdf
2025,1,2599,6050,BH,,DMM,"Dr. Moopens Medical College, Meppadi, Wayanad",MBBS,SM,15,mbbs_p1_final.pdf
2025,1,2600,6057,MU,,KCM,"KMCT Medical College, Mukkom, Kozikkode",MBBS,MM,20,mbbs_p1_final.pdf
2025,1,2601,6062,BH,,SIM,"Sree Narayana Institute of Medical Sciences, Chalakka, Ernakulam.",MBBS,SM,18,mbbs_p1_final.pdf
2025,1,2602,6063,BH,,SIM,"Sree Narayana Institute of Medical Sciences, Chalakka, Ernakulam.",MBBS,SM,25,mbbs_p1_final.pdf
2025,1,2603,6064,BH,,SIM,"Sree Narayana Institute of Medical Sciences, Chalakka, Ernakulam.",MBBS,SM,22,mbbs_p1_final.pdf
2025,1,2604,6067,BH,,DMM,"Dr. Moopens Medical College, Meppadi, Wayanad",MBBS,SM,16,mbbs_p1_final.pdf
2025,1,2605,6068,GN,,SIM,"Sree Narayana Institute of Medical Sciences, Chalakka, Ernakulam.",MBBS,SM,21,mbbs_p1_final.pdf
2025,1,2606,6070,EZ,,SUC,"SUT Accademy of Medical Sciences, Thiruvananthapuram",MBBS,EZ,20,mbbs_p1_final.pdf
2025,1,2607,6071,MU,,KCM,"KMCT Medical College, Mukkom, Kozikkode",MBBS,MM,5,mbbs_p1_final.pdf
2025,1,2608,6074,MU,,KCM,"KMCT Medical College, Mukkom, Kozikkode",MBBS,MM,9,mbbs_p1_final.pdf
2025,1,2609,6077,EZ,,SUC,"SUT Accademy of Medical Sciences, Thiruvananthapuram",MBBS,EZ,22,mbbs_p1_final.pdf
2025,1,2610,6080,BH,,MZM,"Mount Zion Medical College, Pathanamthitta",MBBS,SM,20,mbbs_p1_final.pdf
2025,1,2611,6086,VK,,KCM,"KMCT Medical College, Mukkom, Kozikkode",MBBS,VK,17,mbbs_p1_final.pdf
2025,1,2612,6088,DV,,JMC,"Jubilee Mission Medical College, Thrisur",MBBS,DV,7,mbbs_p1_final.pdf
2025,1,2613,6089,MU,,KCM,"KMCT Medical College, Mukkom, Kozikkode",MBBS,MM,21,mbbs_p1_final.pdf
2025,1,2614,6090,GN,,PMC,"Pushpagiri Institute of Medical Science, Thiruvalla",MBBS,AC,10,mbbs_p1_final.pdf
2025,1,2615,6104,MU,,TRM,"Travancore Medical College, Umayanalloor, Kollam",MBBS,MM,28,mbbs_p1_final.pdf
2025,1,2616,6110,MU,,KCM,"KMCT Medical College, Mukkom, Kozikkode",MBBS,MM,28,mbbs_p1_final.pdf
2025,1,2617,6113,GN,,PMC,"Pushpagiri Institute of Medical Science, Thiruvalla",MBBS,AC,20,mbbs_p1_final.pdf
2025,1,2618,6114,GN,,SIM,"Sree Narayana Institute of Medical Sciences, Chalakka, Ernakulam.",MBBS,SM,18,mbbs_p1_final.pdf
2025,1,2619,6115,GN,,PMC,"Pushpagiri Institute of Medical Science, Thiruvalla",MBBS,AC,20,mbbs_p1_final.pdf
2025,1,2620,6119,GN,,SIM,"Sree Narayana Institute of Medical Sciences, Chalakka, Ernakulam.",MBBS,SM,25,mbbs_p1_final.pdf
2025,1,2621,6124,BX,,KCM,"KMCT Medical College, Mukkom, Kozikkode",MBBS,BX,18,mbbs_p1_final.pdf
2025,1,2622,6126,BX,,KTD,"Govt. Dental College, Kottayam",BDS,BX,17,mbbs_p1_final.pdf
2025,1,2623,6128,GN,,SIM,"Sree Narayana Institute of Medical Sciences, Chalakka, Ernakulam.",MBBS,SM,23,mbbs_p1_final.pdf
2025,1,2624,6129,EZ,,SUC,"SUT Accademy of Medical Sciences, Thiruvananthapuram",MBBS,EZ,18,mbbs_p1_final.pdf
2025,1,2625,6133,MU,,TRM,"Travancore Medical College, Umayanalloor, Kollam",MBBS,MM,21,mbbs_p1_final.pdf
2025,1,2626,6138,VK,,MMH,"Malabar Medical College Hospital, Kozhikkode",MBBS,VK,20,mbbs_p1_final.pdf
2025,1,2627,6143,MU,,AAM,"Al Azhar Medical college, Thodupuzha",MBBS,SM,11,mbbs_p1_final.pdf
2025,1,2628,6150,GN,,PMC,"Pushpagiri Institute of Medical Science, Thiruvalla",MBBS,AC,2,mbbs_p1_final.pdf
2025,1,2629,6151,BH,,SIM,"Sree Narayana Institute of Medical Sciences, Chalakka, Ernakulam.",MBBS,SM,25,mbbs_p1_final.pdf
2025,1,2630,6152,MU,,KCM,"KMCT Medical College, Mukkom, Kozikkode",MBBS,MM,20,mbbs_p1_final.pdf
2025,1,2631,6153,ST,,KKM,"Govt. Medical College, Kozhikkode",MBBS,ST,1,mbbs_p1_final.pdf
2025,1,2632,6158,MU,,KCM,"KMCT Medical College, Mukkom, Kozikkode",MBBS,MM,20,mbbs_p1_final.pdf
2025,1,2633,6162,MU,,TRM,"Travancore Medical College, Umayanalloor, Kollam",MBBS,MM,4,mbbs_p1_final.pdf
2025,1,2634,6164,GN,,KDM,"P K Das Institute of Medical Sciences, Ottapalam",MBBS,SM,23,mbbs_p1_final.pdf
2025,1,2635,6171,GN,,PMC,"Pushpagiri Institute of Medical Science, Thiruvalla",MBBS,AC,16,mbbs_p1_final.pdf
2025,1,2636,6172,BH,,DMM,"Dr. Moopens Medical College, Meppadi, Wayanad",MBBS,SM,15,mbbs_p1_final.pdf
2025,1,2637,6175,MU,,EID,"Educare Institute of Dental Sciences, Malappuram",BDS,SM,19,mbbs_p1_final.pdf
2025,1,2638,6177,EW,,PMC,"Pushpagiri Institute of Medical Science, Thiruvalla",MBBS,AC,19,mbbs_p1_final.pdf
2025,1,2639,6182,EZ,,SUC,"SUT Accademy of Medical Sciences, Thiruvananthapuram",MBBS,EZ,23,mbbs_p1_final.pdf
2025,1,2640,6183,MU,,SIM,"Sree Narayana Institute of Medical Sciences, Chalakka, Ernakulam.",MBBS,SM,22,mbbs_p1_final.pdf
2025,1,2641,6186,EZ,,SUC,"SUT Accademy of Medical Sciences, Thiruvananthapuram",MBBS,EZ,24,mbbs_p1_final.pdf
2025,1,2642,6189,BH,,AZC,"Azeezia Institute of Medi Science, Meyyannoor, Kollam",MBBS,SM,25,mbbs_p1_final.pdf
2025,1,2643,6195,GN,,SIM,"Sree Narayana Institute of Medical Sciences, Chalakka, Ernakulam.",MBBS,SM,10,mbbs_p1_final.pdf
2025,1,2644,6196,MU,,KCM,"KMCT Medical College, Mukkom, Kozikkode",MBBS,MM,15,mbbs_p1_final.pdf
2025,1,2645,6198,GN,,DMM,"Dr. Moopens Medical College, Meppadi, Wayanad",MBBS,SM,15,mbbs_p1_final.pdf
2025,1,2646,6199,GN,,PMC,"Pushpagiri Institute of Medical Science, Thiruvalla",MBBS,AC,20,mbbs_p1_final.pdf
2025,1,2647,6201,GN,,SIM,"Sree Narayana Institute of Medical Sciences, Chalakka, Ernakulam.",MBBS,SM,22,mbbs_p1_final.pdf
2025,1,2648,6208,MU,,TRM,"Travancore Medical College, Umayanalloor, Kollam",MBBS,MM,14,mbbs_p1_final.pdf
2025,1,2649,6209,MU,,KCM,"KMCT Medical College, Mukkom, Kozikkode",MBBS,MM,7,mbbs_p1_final.pdf
2025,1,2650,6215,MU,,TRM,"Travancore Medical College, Umayanalloor, Kollam",MBBS,MM,22,mbbs_p1_final.pdf
2025,1,2651,6220,BX,,KND,"Government Dental College, Kannur",BDS,BX,18,mbbs_p1_final.pdf
2025,1,2652,6221,GN,,SIM,"Sree Narayana Institute of Medical Sciences, Chalakka, Ernakulam.",MBBS,SM,13,mbbs_p1_final.pdf
2025,1,2653,6223,GN,,MZM,"Mount Zion Medical College, Pathanamthitta",MBBS,SM,23,mbbs_p1_final.pdf
2025,1,2654,6226,EZ,,SUC,"SUT Accademy of Medical Sciences, Thiruvananthapuram",MBBS,EZ,22,mbbs_p1_final.pdf
2025,1,2655,6227,MU,,TRM,"Travancore Medical College, Umayanalloor, Kollam",MBBS,MM,20,mbbs_p1_final.pdf
2025,1,2656,6229,MU,,MLD,"Malabar Dental College, Edappal",BDS,SM,7,mbbs_p1_final.pdf
2025,1,2657,6230,EW,,KND,"Government Dental College, Kannur",BDS,FL-EW,18,mbbs_p1_final.pdf
2025,1,2658,6231,EW,,GMC,"Sree Gokulam Medical College, Venjaramoodu, TVPM",MBBS,EW,15,mbbs_p1_final.pdf
2025,1,2659,6233,GN,,PMC,"Pushpagiri Institute of Medical Science, Thiruvalla",MBBS,AC,20,mbbs_p1_final.pdf
2025,1,2660,6234,MU,,KCM,"KMCT Medical College, Mukkom, Kozikkode",MBBS,MM,16,mbbs_p1_final.pdf
2025,1,2661,6235,GN,,SIM,"Sree Narayana Institute of Medical Sciences, Chalakka, Ernakulam.",MBBS,SM,25,mbbs_p1_final.pdf
2025,1,2662,6236,EZ,,SIM,"Sree Narayana Institute of Medical Sciences, Chalakka, Ernakulam.",MBBS,SM,20,mbbs_p1_final.pdf
2025,1,2663,6238,BH,,KTD,"Govt. Dental College, Kottayam",BDS,BH,22,mbbs_p1_final.pdf
2025,1,2664,6245,MU,,KCM,"KMCT Medical College, Mukkom, Kozikkode",MBBS,MM,18,mbbs_p1_final.pdf
2025,1,2665,6247,KN,,KTM,"Govt. Medical College, Kottayam",MBBS,KN,3,mbbs_p1_final.pdf
2025,1,2666,6248,GN,,SIM,"Sree Narayana Institute of Medical Sciences, Chalakka, Ernakulam.",MBBS,SM,22,mbbs_p1_final.pdf
2025,1,2667,6250,GN,,SIM,"Sree Narayana Institute of Medical Sciences, Chalakka, Ernakulam.",MBBS,SM,25,mbbs_p1_final.pdf
2025,1,2668,6251,GN,,BCM,"Believers Church Medical College Hospital, Thiruvalla",MBBS,AC,16,mbbs_p1_final.pdf
2025,1,2669,6253,SC,,TCM,"Govt. Medical College, Thrissur",MBBS,SC,1,mbbs_p1_final.pdf
2025,1,2670,6254,GN,,PMC,"Pushpagiri Institute of Medical Science, Thiruvalla",MBBS,AC,20,mbbs_p1_final.pdf
2025,1,2671,6257,GN,,PMC,"Pushpagiri Institute of Medical Science, Thiruvalla",MBBS,AC,17,mbbs_p1_final.pdf
2025,1,2672,6260,BH,,SIM,"Sree Narayana Institute of Medical Sciences, Chalakka, Ernakulam.",MBBS,SM,17,mbbs_p1_final.pdf
2025,1,2673,6271,GN,,TRM,"Travancore Medical College, Umayanalloor, Kollam",MBBS,MM,16,mbbs_p1_final.pdf
2025,1,2674,6272,GN,,SIM,"Sree Narayana Institute of Medical Sciences, Chalakka, Ernakulam.",MBBS,SM,24,mbbs_p1_final.pdf
2025,1,2675,6278,MU,,KCM,"KMCT Medical College, Mukkom, Kozikkode",MBBS,MM,12,mbbs_p1_final.pdf
2025,1,2676,6279,LA,,PMC,"Pushpagiri Institute of Medical Science, Thiruvalla",MBBS,AC,14,mbbs_p1_final.pdf
2025,1,2677,6281,BH,,SIM,"Sree Narayana Institute of Medical Sciences, Chalakka, Ernakulam.",MBBS,SM,19,mbbs_p1_final.pdf
2025,1,2678,6284,MU,,KMD,"KMCT Dental College, Mambatta, Mukkam, Kozhikode",BDS,SM,7,mbbs_p1_final.pdf
2025,1,2679,6292,GN,,SIM,"Sree Narayana Institute of Medical Sciences, Chalakka, Ernakulam.",MBBS,SM,4,mbbs_p1_final.pdf
2025,1,2680,6293,GN,,PMC,"Pushpagiri Institute of Medical Science, Thiruvalla",MBBS,AC,10,mbbs_p1_final.pdf
2025,1,2681,6301,GN,,DMM,"Dr. Moopens Medical College, Meppadi, Wayanad",MBBS,SM,23,mbbs_p1_final.pdf
2025,1,2682,6305,GN,,AZC,"Azeezia Institute of Medi Science, Meyyannoor, Kollam",MBBS,SM,17,mbbs_p1_final.pdf
2025,1,2683,6306,BH,,KKD,"Govt. Dental College, Kozhikkode",BDS,BH,13,mbbs_p1_final.pdf
2025,1,2684,6307,DV,,IDM,Government Medical College Idukki,MBBS,DV,8,mbbs_p1_final.pdf
2025,1,2685,6312,LA,,PMC,"Pushpagiri Institute of Medical Science, Thiruvalla",MBBS,AC,16,mbbs_p1_final.pdf
2025,1,2686,6316,EW,,MMH,"Malabar Medical College Hospital, Kozhikkode",MBBS,EW,17,mbbs_p1_final.pdf
2025,1,2687,6318,MU,,TRM,"Travancore Medical College, Umayanalloor, Kollam",MBBS,MM,19,mbbs_p1_final.pdf
2025,1,2688,6324,EZ,,SIM,"Sree Narayana Institute of Medical Sciences, Chalakka, Ernakulam.",MBBS,SM,3,mbbs_p1_final.pdf
2025,1,2689,6326,GN,,PMC,"Pushpagiri Institute of Medical Science, Thiruvalla",MBBS,AC,26,mbbs_p1_final.pdf
2025,1,2690,6332,GN,,PMC,"Pushpagiri Institute of Medical Science, Thiruvalla",MBBS,AC,17,mbbs_p1_final.pdf
2025,1,2691,6333,MU,,SIM,"Sree Narayana Institute of Medical Sciences, Chalakka, Ernakulam.",MBBS,SM,14,mbbs_p1_final.pdf
2025,1,2692,6337,MU,,KCM,"KMCT Medical College, Mukkom, Kozikkode",MBBS,MM,20,mbbs_p1_final.pdf
2025,1,2693,6340,MU,,TRM,"Travancore Medical College, Umayanalloor, Kollam",MBBS,MM,19,mbbs_p1_final.pdf
2025,1,2694,6343,BH,,SIM,"Sree Narayana Institute of Medical Sciences, Chalakka, Ernakulam.",MBBS,SM,25,mbbs_p1_final.pdf
2025,1,2695,6347,GN,,SIM,"Sree Narayana Institute of Medical Sciences, Chalakka, Ernakulam.",MBBS,SM,25,mbbs_p1_final.pdf
2025,1,2696,6350,GN,,BCM,"Believers Church Medical College Hospital, Thiruvalla",MBBS,AC,20,mbbs_p1_final.pdf
2025,1,2697,6354,MU,,TRM,"Travancore Medical College, Umayanalloor, Kollam",MBBS,MM,14,mbbs_p1_final.pdf
2025,1,2698,6355,GN,,SIM,"Sree Narayana Institute of Medical Sciences, Chalakka, Ernakulam.",MBBS,SM,24,mbbs_p1_final.pdf
2025,1,2699,6362,MU,,TRM,"Travancore Medical College, Umayanalloor, Kollam",MBBS,MM,10,mbbs_p1_final.pdf
2025,1,2700,6363,GN,,KDM,"P K Das Institute of Medical Sciences, Ottapalam",MBBS,SM,19,mbbs_p1_final.pdf
2025,1,2701,6365,BH,,MZM,"Mount Zion Medical College, Pathanamthitta",MBBS,SM,18,mbbs_p1_final.pdf
2025,1,2702,6370,LA,,PMC,"Pushpagiri Institute of Medical Science, Thiruvalla",MBBS,AC,20,mbbs_p1_final.pdf
2025,1,2703,6373,SC,,KTM,"Govt. Medical College, Kottayam",MBBS,SC,2,mbbs_p1_final.pdf
2025,1,2704,6379,GN,,BCM,"Believers Church Medical College Hospital, Thiruvalla",MBBS,AC,8,mbbs_p1_final.pdf
2025,1,2705,6380,MU,,KCM,"KMCT Medical College, Mukkom, Kozikkode",MBBS,MM,16,mbbs_p1_final.pdf
2025,1,2706,6383,GN,,KDM,"P K Das Institute of Medical Sciences, Ottapalam",MBBS,SM,22,mbbs_p1_final.pdf
2025,1,2707,6384,MU,,KCM,"KMCT Medical College, Mukkom, Kozikkode",MBBS,MM,19,mbbs_p1_final.pdf
2025,1,2708,6385,BX,,MMH,"Malabar Medical College Hospital, Kozhikkode",MBBS,BX,19,mbbs_p1_final.pdf
2025,1,2709,6387,LA,,PMC,"Pushpagiri Institute of Medical Science, Thiruvalla",MBBS,AC,15,mbbs_p1_final.pdf
2025,1,2710,6388,SC,,KTM,"Govt. Medical College, Kottayam",MBBS,SC,2,mbbs_p1_final.pdf
2025,1,2711,6395,MU,,KCM,"KMCT Medical College, Mukkom, Kozikkode",MBBS,MM,7,mbbs_p1_final.pdf
2025,1,2712,6397,EZ,,SUC,"SUT Accademy of Medical Sciences, Thiruvananthapuram",MBBS,EZ,19,mbbs_p1_final.pdf
2025,1,2713,6400,BH,,SIM,"Sree Narayana Institute of Medical Sciences, Chalakka, Ernakulam.",MBBS,SM,23,mbbs_p1_final.pdf
2025,1,2714,6402,BH,,SIM,"Sree Narayana Institute of Medical Sciences, Chalakka, Ernakulam.",MBBS,SM,25,mbbs_p1_final.pdf
2025,1,2715,6404,MU,,KCM,"KMCT Medical College, Mukkom, Kozikkode",MBBS,MM,16,mbbs_p1_final.pdf
2025,1,2716,6408,EZ,,SIM,"Sree Narayana Institute of Medical Sciences, Chalakka, Ernakulam.",MBBS,SM,21,mbbs_p1_final.pdf
2025,1,2717,6409,MU,,KCM,"KMCT Medical College, Mukkom, Kozikkode",MBBS,MM,18,mbbs_p1_final.pdf
2025,1,2718,6410,GN,,AZC,"Azeezia Institute of Medi Science, Meyyannoor, Kollam",MBBS,SM,22,mbbs_p1_final.pdf
2025,1,2719,6412,MU,,KCM,"KMCT Medical College, Mukkom, Kozikkode",MBBS,MM,18,mbbs_p1_final.pdf
2025,1,2720,6418,GN,,SIM,"Sree Narayana Institute of Medical Sciences, Chalakka, Ernakulam.",MBBS,SM,25,mbbs_p1_final.pdf
2025,1,2721,6426,GN,,PMC,"Pushpagiri Institute of Medical Science, Thiruvalla",MBBS,AC,20,mbbs_p1_final.pdf
2025,1,2722,6431,MU,,AZC,"Azeezia Institute of Medi Science, Meyyannoor, Kollam",MBBS,SM,24,mbbs_p1_final.pdf
2025,1,2723,6434,GN,,KDM,"P K Das Institute of Medical Sciences, Ottapalam",MBBS,SM,20,mbbs_p1_final.pdf
2025,1,2724,6438,EZ,,SIM,"Sree Narayana Institute of Medical Sciences, Chalakka, Ernakulam.",MBBS,SM,25,mbbs_p1_final.pdf
2025,1,2725,6440,LA,,PMC,"Pushpagiri Institute of Medical Science, Thiruvalla",MBBS,AC,20,mbbs_p1_final.pdf
2025,1,2726,6443,MU,,KCM,"KMCT Medical College, Mukkom, Kozikkode",MBBS,MM,18,mbbs_p1_final.pdf
2025,1,2727,6449,GN,,PMC,"Pushpagiri Institute of Medical Science, Thiruvalla",MBBS,AC,20,mbbs_p1_final.pdf
2025,1,2728,6458,GN,,PMC,"Pushpagiri Institute of Medical Science, Thiruvalla",MBBS,AC,14,mbbs_p1_final.pdf
2025,1,2729,6463,MU,,KCM,"KMCT Medical College, Mukkom, Kozikkode",MBBS,MM,8,mbbs_p1_final.pdf
2025,1,2730,6464,MU,,KDM,"P K Das Institute of Medical Sciences, Ottapalam",MBBS,SM,18,mbbs_p1_final.pdf
2025,1,2731,6466,BH,,DMM,"Dr. Moopens Medical College, Meppadi, Wayanad",MBBS,SM,21,mbbs_p1_final.pdf
2025,1,2732,6468,MU,,KCM,"KMCT Medical College, Mukkom, Kozikkode",MBBS,MM,11,mbbs_p1_final.pdf
2025,1,2733,6474,SC,,KTM,"Govt. Medical College, Kottayam",MBBS,SC,1,mbbs_p1_final.pdf
2025,1,2734,6477,MU,,KCM,"KMCT Medical College, Mukkom, Kozikkode",MBBS,MM,15,mbbs_p1_final.pdf
2025,1,2735,6479,EZ,,SIM,"Sree Narayana Institute of Medical Sciences, Chalakka, Ernakulam.",MBBS,SM,23,mbbs_p1_final.pdf
2025,1,2736,6488,MU,,TRM,"Travancore Medical College, Umayanalloor, Kollam",MBBS,MM,21,mbbs_p1_final.pdf
2025,1,2737,6491,SC,,TCM,"Govt. Medical College, Thrissur",MBBS,SC,1,mbbs_p1_final.pdf
2025,1,2738,6492,EZ,,PMD,"Pushpagiri College of Dental Science, Thiruvalla",BDS,SM,19,mbbs_p1_final.pdf
2025,1,2739,6493,MU,,TRM,"Travancore Medical College, Umayanalloor, Kollam",MBBS,MM,23,mbbs_p1_final.pdf
2025,1,2740,6494,GN,,KDM,"P K Das Institute of Medical Sciences, Ottapalam",MBBS,SM,22,mbbs_p1_final.pdf
2025,1,2741,6498,GN,,PMC,"Pushpagiri Institute of Medical Science, Thiruvalla",MBBS,AC,15,mbbs_p1_final.pdf
2025,1,2742,6505,MU,,DMM,"Dr. Moopens Medical College, Meppadi, Wayanad",MBBS,SM,16,mbbs_p1_final.pdf
2025,1,2743,6507,EZ,,SIM,"Sree Narayana Institute of Medical Sciences, Chalakka, Ernakulam.",MBBS,SM,22,mbbs_p1_final.pdf
2025,1,2744,6508,MU,,KCM,"KMCT Medical College, Mukkom, Kozikkode",MBBS,MM,20,mbbs_p1_final.pdf
2025,1,2745,6513,EZ,,KDM,"P K Das Institute of Medical Sciences, Ottapalam",MBBS,SM,20,mbbs_p1_final.pdf
2025,1,2746,6514,DV,,PTM,"Government Medical College, Konni, Pathanamthitta",MBBS,DV,10,mbbs_p1_final.pdf
2025,1,2747,6517,BX,,BCM,"Believers Church Medical College Hospital, Thiruvalla",MBBS,AC,14,mbbs_p1_final.pdf
2025,1,2748,6518,BH,,SIM,"Sree Narayana Institute of Medical Sciences, Chalakka, Ernakulam.",MBBS,SM,22,mbbs_p1_final.pdf
2025,1,2749,6522,EZ,,AZC,"Azeezia Institute of Medi Science, Meyyannoor, Kollam",MBBS,SM,21,mbbs_p1_final.pdf
2025,1,2750,6525,MU,,KCM,"KMCT Medical College, Mukkom, Kozikkode",MBBS,MM,6,mbbs_p1_final.pdf
2025,1,2751,6527,MU,,MBD,"Mar Baselious Dental College, Kothamangalam",BDS,SM,19,mbbs_p1_final.pdf
2025,1,2752,6528,BH,,SIM,"Sree Narayana Institute of Medical Sciences, Chalakka, Ernakulam.",MBBS,BH,22,mbbs_p1_final.pdf
2025,1,2753,6529,GN,,KDM,"P K Das Institute of Medical Sciences, Ottapalam",MBBS,SM,27,mbbs_p1_final.pdf
2025,1,2754,6532,GN,,PMC,"Pushpagiri Institute of Medical Science, Thiruvalla",MBBS,AC,20,mbbs_p1_final.pdf
2025,1,2755,6533,GN,,PMC,"Pushpagiri Institute of Medical Science, Thiruvalla",MBBS,AC,20,mbbs_p1_final.pdf
2025,1,2756,6537,MU,,TRM,"Travancore Medical College, Umayanalloor, Kollam",MBBS,MM,18,mbbs_p1_final.pdf
2025,1,2757,6539,GN,,KMM,"Karuna Medical College, Vilayodi, Palakkad",MBBS,SM,22,mbbs_p1_final.pdf
2025,1,2758,6542,GN,,KDM,"P K Das Institute of Medical Sciences, Ottapalam",MBBS,SM,22,mbbs_p1_final.pdf
2025,1,2759,6547,EW,,GMC,"Sree Gokulam Medical College, Venjaramoodu, TVPM",MBBS,EW,19,mbbs_p1_final.pdf
2025,1,2760,6548,EZ,,SIM,"Sree Narayana Institute of Medical Sciences, Chalakka, Ernakulam.",MBBS,EZ,17,mbbs_p1_final.pdf
2025,1,2761,6551,EW,,PMC,"Pushpagiri Institute of Medical Science, Thiruvalla",MBBS,AC,13,mbbs_p1_final.pdf
2025,1,2762,6555,GN,,KDM,"P K Das Institute of Medical Sciences, Ottapalam",MBBS,SM,22,mbbs_p1_final.pdf
2025,1,2763,6557,GN,,KDM,"P K Das Institute of Medical Sciences, Ottapalam",MBBS,SM,25,mbbs_p1_final.pdf
2025,1,2764,6561,EZ,,KDM,"P K Das Institute of Medical Sciences, Ottapalam",MBBS,SM,21,mbbs_p1_final.pdf
2025,1,2765,6571,BH,,SIM,"Sree Narayana Institute of Medical Sciences, Chalakka, Ernakulam.",MBBS,BH,23,mbbs_p1_final.pdf
2025,1,2766,6573,MU,,KCM,"KMCT Medical College, Mukkom, Kozikkode",MBBS,MM,20,mbbs_p1_final.pdf
2025,1,2767,6576,MU,,TRM,"Travancore Medical College, Umayanalloor, Kollam",MBBS,MM,15,mbbs_p1_final.pdf
2025,1,2768,6577,MU,,TRM,"Travancore Medical College, Umayanalloor, Kollam",MBBS,MM,22,mbbs_p1_final.pdf
2025,1,2769,6580,GN,,PMC,"Pushpagiri Institute of Medical Science, Thiruvalla",MBBS,AC,20,mbbs_p1_final.pdf
2025,1,2770,6585,VK,,MMH,"Malabar Medical College Hospital, Kozhikkode",MBBS,VK,19,mbbs_p1_final.pdf
2025,1,2771,6592,GN,,PMC,"Pushpagiri Institute of Medical Science, Thiruvalla",MBBS,AC,17,mbbs_p1_final.pdf
2025,1,2772,6594,DV,,AMC,"Amala Institute of Medical Sciences, Thrissur",MBBS,DV,13,mbbs_p1_final.pdf
2025,1,2773,6595,KN,,TCM,"Govt. Medical College, Thrissur",MBBS,KN,4,mbbs_p1_final.pdf
2025,1,2774,6596,MU,,KCM,"KMCT Medical College, Mukkom, Kozikkode",MBBS,MM,20,mbbs_p1_final.pdf
2025,1,2775,6597,MU,,KCM,"KMCT Medical College, Mukkom, Kozikkode",MBBS,MM,18,mbbs_p1_final.pdf
2025,1,2776,6599,GN,,KDM,"P K Das Institute of Medical Sciences, Ottapalam",MBBS,SM,22,mbbs_p1_final.pdf
2025,1,2777,6601,LA,,PMC,"Pushpagiri Institute of Medical Science, Thiruvalla",MBBS,AC,18,mbbs_p1_final.pdf
2025,1,2778,6602,GN,,PMC,"Pushpagiri Institute of Medical Science, Thiruvalla",MBBS,AC,14,mbbs_p1_final.pdf
2025,1,2779,6606,GN,,MZM,"Mount Zion Medical College, Pathanamthitta",MBBS,SM,6,mbbs_p1_final.pdf
2025,1,2780,6608,GN,,KMM,"Karuna Medical College, Vilayodi, Palakkad",MBBS,SM,27,mbbs_p1_final.pdf
2025,1,2781,6609,BH,,SIM,"Sree Narayana Institute of Medical Sciences, Chalakka, Ernakulam.",MBBS,BH,25,mbbs_p1_final.pdf
2025,1,2782,6612,GN,,KDM,"P K Das Institute of Medical Sciences, Ottapalam",MBBS,SM,18,mbbs_p1_final.pdf
2025,1,2783,6615,BH,,SIM,"Sree Narayana Institute of Medical Sciences, Chalakka, Ernakulam.",MBBS,BH,23,mbbs_p1_final.pdf
2025,1,2784,6618,BH,,AZC,"Azeezia Institute of Medi Science, Meyyannoor, Kollam",MBBS,BH,25,mbbs_p1_final.pdf
2025,1,2785,6627,GN,,BCM,"Believers Church Medical College Hospital, Thiruvalla",MBBS,AC,11,mbbs_p1_final.pdf
2025,1,2786,6631,MU,,TRM,"Travancore Medical College, Umayanalloor, Kollam",MBBS,MM,22,mbbs_p1_final.pdf
2025,1,2787,6634,MU,,SUC,"SUT Accademy of Medical Sciences, Thiruvananthapuram",MBBS,MU,10,mbbs_p1_final.pdf
2025,1,2788,6635,DV,,EMC,"MES Medical College, Perinthalmanna, Malappuram",MBBS,DV,17,mbbs_p1_final.pdf
2025,1,2789,6640,GN,,PMC,"Pushpagiri Institute of Medical Science, Thiruvalla",MBBS,AC,12,mbbs_p1_final.pdf
2025,1,2790,6641,GN,,PMC,"Pushpagiri Institute of Medical Science, Thiruvalla",MBBS,AC,20,mbbs_p1_final.pdf
2025,1,2791,6646,BH,,KMM,"Karuna Medical College, Vilayodi, Palakkad",MBBS,SM,20,mbbs_p1_final.pdf
2025,1,2792,6655,BH,,KDM,"P K Das Institute of Medical Sciences, Ottapalam",MBBS,SM,23,mbbs_p1_final.pdf
2025,1,2793,6658,MU,,SUC,"SUT Accademy of Medical Sciences, Thiruvananthapuram",MBBS,MU,14,mbbs_p1_final.pdf
2025,1,2794,6659,MU,,KCM,"KMCT Medical College, Mukkom, Kozikkode",MBBS,MM,21,mbbs_p1_final.pdf
2025,1,2795,6663,BH,,KDM,"P K Das Institute of Medical Sciences, Ottapalam",MBBS,SM,23,mbbs_p1_final.pdf
2025,1,2796,6672,GN,,KDM,"P K Das Institute of Medical Sciences, Ottapalam",MBBS,SM,17,mbbs_p1_final.pdf
2025,1,2797,6679,GN,,JMC,"Jubilee Mission Medical College, Thrisur",MBBS,NR,3,mbbs_p1_final.pdf
2025,1,2798,6682,MU,,KMM,"Karuna Medical College, Vilayodi, Palakkad",MBBS,SM,22,mbbs_p1_final.pdf
2025,1,2799,6687,MU,,TRM,"Travancore Medical College, Umayanalloor, Kollam",MBBS,MM,18,mbbs_p1_final.pdf
2025,1,2800,6690,MU,,KCM,"KMCT Medical College, Mukkom, Kozikkode",MBBS,MM,21,mbbs_p1_final.pdf
2025,1,2801,6694,MU,,KCM,"KMCT Medical College, Mukkom, Kozikkode",MBBS,MM,19,mbbs_p1_final.pdf
2025,1,2802,6695,GN,,AAM,"Al Azhar Medical college, Thodupuzha",MBBS,SM,25,mbbs_p1_final.pdf
2025,1,2803,6698,GN,,KDM,"P K Das Institute of Medical Sciences, Ottapalam",MBBS,SM,27,mbbs_p1_final.pdf
2025,1,2804,6702,GN,,AAM,"Al Azhar Medical college, Thodupuzha",MBBS,SM,23,mbbs_p1_final.pdf
2025,1,2805,6713,EW,,PMC,"Pushpagiri Institute of Medical Science, Thiruvalla",MBBS,AC,7,mbbs_p1_final.pdf
2025,1,2806,6716,GN,,PMC,"Pushpagiri Institute of Medical Science, Thiruvalla",MBBS,AC,20,mbbs_p1_final.pdf
2025,1,2807,6717,SC,,KTM,"Govt. Medical College, Kottayam",MBBS,SC,3,mbbs_p1_final.pdf
2025,1,2808,6718,MU,,SUC,"SUT Accademy of Medical Sciences, Thiruvananthapuram",MBBS,MU,13,mbbs_p1_final.pdf
2025,1,2809,6723,SC,,KNM,Government Medical College Kannur,MBBS,SC,1,mbbs_p1_final.pdf
2025,1,2810,6724,MU,,KCM,"KMCT Medical College, Mukkom, Kozikkode",MBBS,MM,7,mbbs_p1_final.pdf
2025,1,2811,6730,BH,,KDM,"P K Das Institute of Medical Sciences, Ottapalam",MBBS,SM,26,mbbs_p1_final.pdf
2025,1,2812,6737,EZ,,SIM,"Sree Narayana Institute of Medical Sciences, Chalakka, Ernakulam.",MBBS,EZ,21,mbbs_p1_final.pdf
2025,1,2813,6739,GN,,BCM,"Believers Church Medical College Hospital, Thiruvalla",MBBS,AC,22,mbbs_p1_final.pdf
2025,1,2814,6742,MU,,KCM,"KMCT Medical College, Mukkom, Kozikkode",MBBS,MM,26,mbbs_p1_final.pdf
2025,1,2815,6756,MU,,SUC,"SUT Accademy of Medical Sciences, Thiruvananthapuram",MBBS,MU,18,mbbs_p1_final.pdf
2025,1,2816,6762,MU,,KCM,"KMCT Medical College, Mukkom, Kozikkode",MBBS,MM,4,mbbs_p1_final.pdf
2025,1,2817,6766,MU,,KCM,"KMCT Medical College, Mukkom, Kozikkode",MBBS,MM,28,mbbs_p1_final.pdf
2025,1,2818,6774,GN,,BCM,"Believers Church Medical College Hospital, Thiruvalla",MBBS,AC,20,mbbs_p1_final.pdf
2025,1,2819,6779,EZ,,AZC,"Azeezia Institute of Medi Science, Meyyannoor, Kollam",MBBS,EZ,24,mbbs_p1_final.pdf
2025,1,2820,6781,GN,,KCM,"KMCT Medical College, Mukkom, Kozikkode",MBBS,MM,8,mbbs_p1_final.pdf
2025,1,2821,6788,MU,,SUC,"SUT Accademy of Medical Sciences, Thiruvananthapuram",MBBS,MU,14,mbbs_p1_final.pdf
2025,1,2822,6790,MU,,KCM,"KMCT Medical College, Mukkom, Kozikkode",MBBS,MM,20,mbbs_p1_final.pdf
2025,1,2823,6797,BH,,MZM,"Mount Zion Medical College, Pathanamthitta",MBBS,SM,22,mbbs_p1_final.pdf
2025,1,2824,6799,DV,,GMC,"Sree Gokulam Medical College, Venjaramoodu, TVPM",MBBS,DV,12,mbbs_p1_final.pdf
2025,1,2825,6805,GN,,DMM,"Dr. Moopens Medical College, Meppadi, Wayanad",MBBS,SM,19,mbbs_p1_final.pdf
2025,1,2826,6806,GN,,MZM,"Mount Zion Medical College, Pathanamthitta",MBBS,SM,20,mbbs_p1_final.pdf
2025,1,2827,6808,MU,,SUC,"SUT Accademy of Medical Sciences, Thiruvananthapuram",MBBS,MU,14,mbbs_p1_final.pdf
2025,1,2828,6809,MU,,PMD,"Pushpagiri College of Dental Science, Thiruvalla",BDS,SM,19,mbbs_p1_final.pdf
2025,1,2829,6812,EZ,,SIM,"Sree Narayana Institute of Medical Sciences, Chalakka, Ernakulam.",MBBS,EZ,25,mbbs_p1_final.pdf
2025,1,2830,6814,GN,,MZM,"Mount Zion Medical College, Pathanamthitta",MBBS,SM,24,mbbs_p1_final.pdf
2025,1,2831,6816,GN,,MZM,"Mount Zion Medical College, Pathanamthitta",MBBS,SM,26,mbbs_p1_final.pdf
2025,1,2832,6817,EZ,,SIM,"Sree Narayana Institute of Medical Sciences, Chalakka, Ernakulam.",MBBS,EZ,17,mbbs_p1_final.pdf
2025,1,2833,6818,BH,,DMM,"Dr. Moopens Medical College, Meppadi, Wayanad",MBBS,SM,21,mbbs_p1_final.pdf
2025,1,2834,6819,MU,,TRM,"Travancore Medical College, Umayanalloor, Kollam",MBBS,MM,22,mbbs_p1_final.pdf
2025,1,2835,6827,BX,,SUC,"SUT Accademy of Medical Sciences, Thiruvananthapuram",MBBS,BX,13,mbbs_p1_final.pdf
2025,1,2836,6831,MU,,TRM,"Travancore Medical College, Umayanalloor, Kollam",MBBS,MM,22,mbbs_p1_final.pdf
2025,1,2837,6832,GN,,BCM,"Believers Church Medical College Hospital, Thiruvalla",MBBS,AC,22,mbbs_p1_final.pdf
2025,1,2838,6835,GN,,KDM,"P K Das Institute of Medical Sciences, Ottapalam",MBBS,SM,26,mbbs_p1_final.pdf
2025,1,2839,6836,GN,,BCM,"Believers Church Medical College Hospital, Thiruvalla",MBBS,AC,22,mbbs_p1_final.pdf
2025,1,2840,6843,GN,,KDM,"P K Das Institute of Medical Sciences, Ottapalam",MBBS,SM,21,mbbs_p1_final.pdf
2025,1,2841,6846,GN,,DMM,"Dr. Moopens Medical College, Meppadi, Wayanad",MBBS,SM,20,mbbs_p1_final.pdf
2025,1,2842,6849,MU,,TRM,"Travancore Medical College, Umayanalloor, Kollam",MBBS,MM,21,mbbs_p1_final.pdf
2025,1,2843,6851,GN,,BCM,"Believers Church Medical College Hospital, Thiruvalla",MBBS,AC,14,mbbs_p1_final.pdf
2025,1,2844,6856,GN,,DMM,"Dr. Moopens Medical College, Meppadi, Wayanad",MBBS,SM,27,mbbs_p1_final.pdf
2025,1,2845,6858,MU,,TRM,"Travancore Medical College, Umayanalloor, Kollam",MBBS,MM,14,mbbs_p1_final.pdf
2025,1,2846,6860,MU,,KCM,"KMCT Medical College, Mukkom, Kozikkode",MBBS,MM,18,mbbs_p1_final.pdf
2025,1,2847,6861,GN,,KDM,"P K Das Institute of Medical Sciences, Ottapalam",MBBS,SM,25,mbbs_p1_final.pdf
2025,1,2848,6863,MU,,KDM,"P K Das Institute of Medical Sciences, Ottapalam",MBBS,SM,13,mbbs_p1_final.pdf
2025,1,2849,6867,MU,,KCM,"KMCT Medical College, Mukkom, Kozikkode",MBBS,MM,20,mbbs_p1_final.pdf
2025,1,2850,6869,BH,,MZM,"Mount Zion Medical College, Pathanamthitta",MBBS,SM,25,mbbs_p1_final.pdf
2025,1,2851,6870,MU,,KCM,"KMCT Medical College, Mukkom, Kozikkode",MBBS,MM,2,mbbs_p1_final.pdf
2025,1,2852,6872,GN,,BCM,"Believers Church Medical College Hospital, Thiruvalla",MBBS,AC,21,mbbs_p1_final.pdf
2025,1,2853,6877,GN,,KDM,"P K Das Institute of Medical Sciences, Ottapalam",MBBS,SM,19,mbbs_p1_final.pdf
2025,1,2854,6879,GN,,KDM,"P K Das Institute of Medical Sciences, Ottapalam",MBBS,SM,25,mbbs_p1_final.pdf
2025,1,2855,6881,EZ,,SIM,"Sree Narayana Institute of Medical Sciences, Chalakka, Ernakulam.",MBBS,EZ,19,mbbs_p1_final.pdf
2025,1,2856,6882,SC,,TCM,"Govt. Medical College, Thrissur",MBBS,SC,3,mbbs_p1_final.pdf
2025,1,2857,6893,BH,,KDM,"P K Das Institute of Medical Sciences, Ottapalam",MBBS,SM,20,mbbs_p1_final.pdf
2025,1,2858,6894,GN,,TRM,"Travancore Medical College, Umayanalloor, Kollam",MBBS,MM,20,mbbs_p1_final.pdf
2025,1,2859,6895,MU,,KCM,"KMCT Medical College, Mukkom, Kozikkode",MBBS,MM,18,mbbs_p1_final.pdf
2025,1,2860,6898,MU,,KCM,"KMCT Medical College, Mukkom, Kozikkode",MBBS,MM,23,mbbs_p1_final.pdf
2025,1,2861,6911,MU,,AZC,"Azeezia Institute of Medi Science, Meyyannoor, Kollam",MBBS,MU,19,mbbs_p1_final.pdf
2025,1,2862,6912,GN,,DMM,"Dr. Moopens Medical College, Meppadi, Wayanad",MBBS,SM,18,mbbs_p1_final.pdf
2025,1,2863,6913,VK,,KCM,"KMCT Medical College, Mukkom, Kozikkode",MBBS,VK,10,mbbs_p1_final.pdf
2025,1,2864,6917,MU,,KCM,"KMCT Medical College, Mukkom, Kozikkode",MBBS,MM,19,mbbs_p1_final.pdf
2025,1,2865,6922,GN,,DMM,"Dr. Moopens Medical College, Meppadi, Wayanad",MBBS,SM,22,mbbs_p1_final.pdf
2025,1,2866,6923,DV,,SIM,"Sree Narayana Institute of Medical Sciences, Chalakka, Ernakulam.",MBBS,DV,11,mbbs_p1_final.pdf
2025,1,2867,6925,GN,,BCM,"Believers Church Medical College Hospital, Thiruvalla",MBBS,AC,22,mbbs_p1_final.pdf
2025,1,2868,6927,MU,,TRM,"Travancore Medical College, Umayanalloor, Kollam",MBBS,MM,25,mbbs_p1_final.pdf
2025,1,2869,6931,GN,,KDM,"P K Das Institute of Medical Sciences, Ottapalam",MBBS,SM,26,mbbs_p1_final.pdf
2025,1,2870,6932,EZ,,AZC,"Azeezia Institute of Medi Science, Meyyannoor, Kollam",MBBS,EZ,24,mbbs_p1_final.pdf
2025,1,2871,6933,GN,,TRM,"Travancore Medical College, Umayanalloor, Kollam",MBBS,MM,21,mbbs_p1_final.pdf
2025,1,2872,6942,GN,,KDM,"P K Das Institute of Medical Sciences, Ottapalam",MBBS,SM,27,mbbs_p1_final.pdf
2025,1,2873,6943,MU,,EID,"Educare Institute of Dental Sciences, Malappuram",BDS,SM,19,mbbs_p1_final.pdf
2025,1,2874,6945,GN,,SMC,"Dr. Somervell Memorial CSI Medical College, Karakonam",MBBS,AC,22,mbbs_p1_final.pdf
2025,1,2875,6948,GN,,MZM,"Mount Zion Medical College, Pathanamthitta",MBBS,SM,17,mbbs_p1_final.pdf
2025,1,2876,6949,BH,,TVD,"Govt. Dental College, Thiruvananthapuram",BDS,BH,14,mbbs_p1_final.pdf
2025,1,2877,6951,EZ,,SIM,"Sree Narayana Institute of Medical Sciences, Chalakka, Ernakulam.",MBBS,EZ,23,mbbs_p1_final.pdf
2025,1,2878,6954,GN,,BCM,"Believers Church Medical College Hospital, Thiruvalla",MBBS,AC,2,mbbs_p1_final.pdf
2025,1,2879,6956,GN,,KDM,"P K Das Institute of Medical Sciences, Ottapalam",MBBS,SM,24,mbbs_p1_final.pdf
2025,1,2880,6960,MU,,DMM,"Dr. Moopens Medical College, Meppadi, Wayanad",MBBS,SM,18,mbbs_p1_final.pdf
2025,1,2881,6962,GN,,KMM,"Karuna Medical College, Vilayodi, Palakkad",MBBS,SM,18,mbbs_p1_final.pdf
2025,1,2882,6971,MU,,KCM,"KMCT Medical College, Mukkom, Kozikkode",MBBS,MM,19,mbbs_p1_final.pdf
2025,1,2883,6973,MU,,TRM,"Travancore Medical College, Umayanalloor, Kollam",MBBS,MM,17,mbbs_p1_final.pdf
2025,1,2884,6981,MU,,KCM,"KMCT Medical College, Mukkom, Kozikkode",MBBS,MM,18,mbbs_p1_final.pdf
2025,1,2885,6982,MU,,KCM,"KMCT Medical College, Mukkom, Kozikkode",MBBS,MM,14,mbbs_p1_final.pdf
2025,1,2886,6989,EZ,,AAM,"Al Azhar Medical college, Thodupuzha",MBBS,SM,7,mbbs_p1_final.pdf
2025,1,2887,6996,MU,,KCM,"KMCT Medical College, Mukkom, Kozikkode",MBBS,MM,22,mbbs_p1_final.pdf
2025,1,2888,7000,GN,,BCM,"Believers Church Medical College Hospital, Thiruvalla",MBBS,AC,23,mbbs_p1_final.pdf
2025,1,2889,7003,EZ,,KMM,"Karuna Medical College, Vilayodi, Palakkad",MBBS,SM,24,mbbs_p1_final.pdf
2025,1,2890,7007,EZ,,SIM,"Sree Narayana Institute of Medical Sciences, Chalakka, Ernakulam.",MBBS,EZ,26,mbbs_p1_final.pdf
2025,1,2891,7008,GN,,BCM,"Believers Church Medical College Hospital, Thiruvalla",MBBS,AC,22,mbbs_p1_final.pdf
2025,1,2892,7009,GN,,DMM,"Dr. Moopens Medical College, Meppadi, Wayanad",MBBS,SM,23,mbbs_p1_final.pdf
2025,1,2893,7011,LA,,BCM,"Believers Church Medical College Hospital, Thiruvalla",MBBS,AC,20,mbbs_p1_final.pdf
2025,1,2894,7012,MU,,KCM,"KMCT Medical College, Mukkom, Kozikkode",MBBS,MM,18,mbbs_p1_final.pdf
2025,1,2895,7015,GN,,BCM,"Believers Church Medical College Hospital, Thiruvalla",MBBS,AC,23,mbbs_p1_final.pdf
2025,1,2896,7026,GN,,KDM,"P K Das Institute of Medical Sciences, Ottapalam",MBBS,SM,19,mbbs_p1_final.pdf
2025,1,2897,7027,MU,,KCM,"KMCT Medical College, Mukkom, Kozikkode",MBBS,MM,15,mbbs_p1_final.pdf
2025,1,2898,7033,GN,,BCM,"Believers Church Medical College Hospital, Thiruvalla",MBBS,AC,23,mbbs_p1_final.pdf
2025,1,2899,7044,MU,,KCM,"KMCT Medical College, Mukkom, Kozikkode",MBBS,MM,14,mbbs_p1_final.pdf
2025,1,2900,7046,GN,,MZM,"Mount Zion Medical College, Pathanamthitta",MBBS,SM,17,mbbs_p1_final.pdf
2025,1,2901,7053,BH,,KMM,"Karuna Medical College, Vilayodi, Palakkad",MBBS,SM,27,mbbs_p1_final.pdf
2025,1,2902,7057,BH,,KMM,"Karuna Medical College, Vilayodi, Palakkad",MBBS,SM,27,mbbs_p1_final.pdf
2025,1,2903,7059,GN,,BCM,"Believers Church Medical College Hospital, Thiruvalla",MBBS,AC,28,mbbs_p1_final.pdf
2025,1,2904,7060,GN,,SMC,"Dr. Somervell Memorial CSI Medical College, Karakonam",MBBS,AC,18,mbbs_p1_final.pdf
2025,1,2905,7061,GN,,KDM,"P K Das Institute of Medical Sciences, Ottapalam",MBBS,SM,11,mbbs_p1_final.pdf
2025,1,2906,7067,SC,,KTM,"Govt. Medical College, Kottayam",MBBS,SC,3,mbbs_p1_final.pdf
2025,1,2907,7070,EZ,,SIM,"Sree Narayana Institute of Medical Sciences, Chalakka, Ernakulam.",MBBS,EZ,23,mbbs_p1_final.pdf
2025,1,2908,7076,MU,,TRM,"Travancore Medical College, Umayanalloor, Kollam",MBBS,MM,21,mbbs_p1_final.pdf
2025,1,2909,7079,GN,,BCM,"Believers Church Medical College Hospital, Thiruvalla",MBBS,AC,20,mbbs_p1_final.pdf
2025,1,2910,7083,EZ,,KMM,"Karuna Medical College, Vilayodi, Palakkad",MBBS,SM,16,mbbs_p1_final.pdf
2025,1,2911,7086,LA,,GMC,"Sree Gokulam Medical College, Venjaramoodu, TVPM",MBBS,LA,13,mbbs_p1_final.pdf
2025,1,2912,7092,EZ,,SIM,"Sree Narayana Institute of Medical Sciences, Chalakka, Ernakulam.",MBBS,EZ,15,mbbs_p1_final.pdf
2025,1,2913,7094,GN,,DMM,"Dr. Moopens Medical College, Meppadi, Wayanad",MBBS,SM,24,mbbs_p1_final.pdf
2025,1,2914,7096,GN,,BCM,"Believers Church Medical College Hospital, Thiruvalla",MBBS,AC,2,mbbs_p1_final.pdf
2025,1,2915,7099,MU,,TRM,"Travancore Medical College, Umayanalloor, Kollam",MBBS,MM,21,mbbs_p1_final.pdf
2025,1,2916,7102,SC,,TCM,"Govt. Medical College, Thrissur",MBBS,SC,2,mbbs_p1_final.pdf
2025,1,2917,7104,BX,,MMH,"Malabar Medical College Hospital, Kozhikkode",MBBS,BX,19,mbbs_p1_final.pdf
2025,1,2918,7113,GN,,DMM,"Dr. Moopens Medical College, Meppadi, Wayanad",MBBS,SM,25,mbbs_p1_final.pdf
2025,1,2919,7118,VK,,SUC,"SUT Accademy of Medical Sciences, Thiruvananthapuram",MBBS,VK,20,mbbs_p1_final.pdf
2025,1,2920,7124,VK,,SUC,"SUT Accademy of Medical Sciences, Thiruvananthapuram",MBBS,VK,17,mbbs_p1_final.pdf
2025,1,2921,7130,EZ,,KDM,"P K Das Institute of Medical Sciences, Ottapalam",MBBS,SM,27,mbbs_p1_final.pdf
2025,1,2922,7132,SC,,KTM,"Govt. Medical College, Kottayam",MBBS,SC,3,mbbs_p1_final.pdf
2025,1,2923,7135,GN,,KDM,"P K Das Institute of Medical Sciences, Ottapalam",MBBS,SM,20,mbbs_p1_final.pdf
2025,1,2924,7138,MU,,KCM,"KMCT Medical College, Mukkom, Kozikkode",MBBS,MM,14,mbbs_p1_final.pdf
2025,1,2925,7144,MU,,KCM,"KMCT Medical College, Mukkom, Kozikkode",MBBS,MM,22,mbbs_p1_final.pdf
2025,1,2926,7159,MU,,KMD,"KMCT Dental College, Mambatta, Mukkam, Kozhikode",BDS,SM,16,mbbs_p1_final.pdf
2025,1,2927,7164,MU,,KCM,"KMCT Medical College, Mukkom, Kozikkode",MBBS,MM,4,mbbs_p1_final.pdf
2025,1,2928,7184,MU,,KCM,"KMCT Medical College, Mukkom, Kozikkode",MBBS,MM,19,mbbs_p1_final.pdf
2025,1,2929,7185,BH,,KDM,"P K Das Institute of Medical Sciences, Ottapalam",MBBS,SM,27,mbbs_p1_final.pdf
2025,1,2930,7187,GN,,DMM,"Dr. Moopens Medical College, Meppadi, Wayanad",MBBS,SM,23,mbbs_p1_final.pdf
2025,1,2931,7188,KU,,KKM,"Govt. Medical College, Kozhikkode",MBBS,KU,1,mbbs_p1_final.pdf
2025,1,2932,7192,GN,,KDM,"P K Das Institute of Medical Sciences, Ottapalam",MBBS,SM,21,mbbs_p1_final.pdf
2025,1,2933,7193,MU,,KCM,"KMCT Medical College, Mukkom, Kozikkode",MBBS,MM,16,mbbs_p1_final.pdf
2025,1,2934,7195,GN,,KDM,"P K Das Institute of Medical Sciences, Ottapalam",MBBS,SM,19,mbbs_p1_final.pdf
2025,1,2935,7210,GN,,TVM,"Govt. Medical College, Thiruvananthapuram",MBBS,PD,1,mbbs_p1_final.pdf
2025,1,2936,7213,EW,,KKM,"Govt. Medical College, Kozhikkode",MBBS,DA,1,mbbs_p1_final.pdf
2025,1,2937,7215,LA,,KTM,"Govt. Medical College, Kottayam",MBBS,DA,1,mbbs_p1_final.pdf
2025,1,2938,7219,GN,,DMM,"Dr. Moopens Medical College, Meppadi, Wayanad",MBBS,SM,18,mbbs_p1_final.pdf
2025,1,2939,7221,GN,,KDM,"P K Das Institute of Medical Sciences, Ottapalam",MBBS,SM,26,mbbs_p1_final.pdf
2025,1,2940,7222,EZ,,KDM,"P K Das Institute of Medical Sciences, Ottapalam",MBBS,SM,27,mbbs_p1_final.pdf
2025,1,2941,7224,EZ,,KDM,"P K Das Institute of Medical Sciences, Ottapalam",MBBS,SM,27,mbbs_p1_final.pdf
2025,1,2942,7227,EZ,,KMM,"Karuna Medical College, Vilayodi, Palakkad",MBBS,SM,26,mbbs_p1_final.pdf
2025,1,2943,7235,MU,,TRM,"Travancore Medical College, Umayanalloor, Kollam",MBBS,MM,22,mbbs_p1_final.pdf
2025,1,2944,7247,BX,,SMC,"Dr. Somervell Memorial CSI Medical College, Karakonam",MBBS,AC,15,mbbs_p1_final.pdf
2025,1,2945,7252,MU,,TRM,"Travancore Medical College, Umayanalloor, Kollam",MBBS,MM,25,mbbs_p1_final.pdf
2025,1,2946,7255,MU,,DMM,"Dr. Moopens Medical College, Meppadi, Wayanad",MBBS,SM,14,mbbs_p1_final.pdf
2025,1,2947,7256,MU,,TRM,"Travancore Medical College, Umayanalloor, Kollam",MBBS,MM,22,mbbs_p1_final.pdf
2025,1,2948,7259,VK,,MZM,"Mount Zion Medical College, Pathanamthitta",MBBS,SM,25,mbbs_p1_final.pdf
2025,1,2949,7262,EZ,,KDM,"P K Das Institute of Medical Sciences, Ottapalam",MBBS,SM,25,mbbs_p1_final.pdf
2025,1,2950,7267,EZ,,MZM,"Mount Zion Medical College, Pathanamthitta",MBBS,SM,27,mbbs_p1_final.pdf
2025,1,2951,7273,GN,,KKM,"Govt. Medical College, Kozhikkode",MBBS,DA,1,mbbs_p1_final.pdf
2025,1,2952,7274,GN,,BCM,"Believers Church Medical College Hospital, Thiruvalla",MBBS,AC,20,mbbs_p1_final.pdf
2025,1,2953,7280,MU,,SIM,"Sree Narayana Institute of Medical Sciences, Chalakka, Ernakulam.",MBBS,MU,16,mbbs_p1_final.pdf
2025,1,2954,7284,MU,,SIM,"Sree Narayana Institute of Medical Sciences, Chalakka, Ernakulam.",MBBS,MU,23,mbbs_p1_final.pdf
2025,1,2955,7285,GN,,BCM,"Believers Church Medical College Hospital, Thiruvalla",MBBS,AC,6,mbbs_p1_final.pdf
2025,1,2956,7291,EW,,GMC,"Sree Gokulam Medical College, Venjaramoodu, TVPM",MBBS,EW,19,mbbs_p1_final.pdf
2025,1,2957,7302,MU,,TRM,"Travancore Medical College, Umayanalloor, Kollam",MBBS,MM,20,mbbs_p1_final.pdf
2025,1,2958,7305,MU,,TRM,"Travancore Medical College, Umayanalloor, Kollam",MBBS,MM,25,mbbs_p1_final.pdf
2025,1,2959,7306,GN,,TRM,"Travancore Medical College, Umayanalloor, Kollam",MBBS,MM,21,mbbs_p1_final.pdf
2025,1,2960,7307,DV,,MMH,"Malabar Medical College Hospital, Kozhikkode",MBBS,DV,16,mbbs_p1_final.pdf
2025,1,2961,7308,LA,,TRM,"Travancore Medical College, Umayanalloor, Kollam",MBBS,LA,16,mbbs_p1_final.pdf
2025,1,2962,7311,MU,,SIM,"Sree Narayana Institute of Medical Sciences, Chalakka, Ernakulam.",MBBS,MU,22,mbbs_p1_final.pdf
2025,1,2963,7321,GN,,BCM,"Believers Church Medical College Hospital, Thiruvalla",MBBS,AC,18,mbbs_p1_final.pdf
2025,1,2964,7327,GN,,PMD,"Pushpagiri College of Dental Science, Thiruvalla",BDS,SM,19,mbbs_p1_final.pdf
2025,1,2965,7329,SC,,KTM,"Govt. Medical College, Kottayam",MBBS,SC,3,mbbs_p1_final.pdf
2025,1,2966,7335,MU,,TRM,"Travancore Medical College, Umayanalloor, Kollam",MBBS,MM,20,mbbs_p1_final.pdf
2025,1,2967,7338,EZ,,KDM,"P K Das Institute of Medical Sciences, Ottapalam",MBBS,SM,27,mbbs_p1_final.pdf
2025,1,2968,7344,EZ,,KMM,"Karuna Medical College, Vilayodi, Palakkad",MBBS,SM,16,mbbs_p1_final.pdf
2025,1,2969,7350,EZ,,KDM,"P K Das Institute of Medical Sciences, Ottapalam",MBBS,SM,25,mbbs_p1_final.pdf
2025,1,2970,7352,GN,,KDM,"P K Das Institute of Medical Sciences, Ottapalam",MBBS,SM,25,mbbs_p1_final.pdf
2025,1,2971,7353,MU,,TRM,"Travancore Medical College, Umayanalloor, Kollam",MBBS,MM,4,mbbs_p1_final.pdf
2025,1,2972,7357,MU,,SUC,"SUT Accademy of Medical Sciences, Thiruvananthapuram",MBBS,MU,21,mbbs_p1_final.pdf
2025,1,2973,7360,MU,,SIM,"Sree Narayana Institute of Medical Sciences, Chalakka, Ernakulam.",MBBS,MU,21,mbbs_p1_final.pdf
2025,1,2974,7365,GN,,MZM,"Mount Zion Medical College, Pathanamthitta",MBBS,SM,17,mbbs_p1_final.pdf
2025,1,2975,7372,MU,,TRM,"Travancore Medical College, Umayanalloor, Kollam",MBBS,MM,22,mbbs_p1_final.pdf
2025,1,2976,7376,GN,,KDM,"P K Das Institute of Medical Sciences, Ottapalam",MBBS,SM,25,mbbs_p1_final.pdf
2025,1,2977,7383,GN,,AAM,"Al Azhar Medical college, Thodupuzha",MBBS,SM,22,mbbs_p1_final.pdf
2025,1,2978,7384,GN,,BCM,"Believers Church Medical College Hospital, Thiruvalla",MBBS,AC,23,mbbs_p1_final.pdf
2025,1,2979,7386,GN,,BCM,"Believers Church Medical College Hospital, Thiruvalla",MBBS,AC,10,mbbs_p1_final.pdf
2025,1,2980,7393,GN,,BCM,"Believers Church Medical College Hospital, Thiruvalla",MBBS,AC,13,mbbs_p1_final.pdf
2025,1,2981,7394,MU,,MLD,"Malabar Dental College, Edappal",BDS,SM,19,mbbs_p1_final.pdf
2025,1,2982,7396,MU,,DMM,"Dr. Moopens Medical College, Meppadi, Wayanad",MBBS,SM,22,mbbs_p1_final.pdf
2025,1,2983,7399,VK,,SIM,"Sree Narayana Institute of Medical Sciences, Chalakka, Ernakulam.",MBBS,VK,25,mbbs_p1_final.pdf
2025,1,2984,7404,GN,,BCM,"Believers Church Medical College Hospital, Thiruvalla",MBBS,AC,14,mbbs_p1_final.pdf
2025,1,2985,7416,BH,,KDM,"P K Das Institute of Medical Sciences, Ottapalam",MBBS,SM,26,mbbs_p1_final.pdf
2025,1,2986,7435,GN,,DMM,"Dr. Moopens Medical College, Meppadi, Wayanad",MBBS,SM,19,mbbs_p1_final.pdf
2025,1,2987,7437,MU,,KMM,"Karuna Medical College, Vilayodi, Palakkad",MBBS,SM,18,mbbs_p1_final.pdf
2025,1,2988,7439,DV,,MMH,"Malabar Medical College Hospital, Kozhikkode",MBBS,DV,16,mbbs_p1_final.pdf
2025,1,2989,7445,MU,,TRM,"Travancore Medical College, Umayanalloor, Kollam",MBBS,MM,20,mbbs_p1_final.pdf
2025,1,2990,7446,MU,,SUC,"SUT Accademy of Medical Sciences, Thiruvananthapuram",MBBS,MU,17,mbbs_p1_final.pdf
2025,1,2991,7448,MU,,DMM,"Dr. Moopens Medical College, Meppadi, Wayanad",MBBS,SM,16,mbbs_p1_final.pdf
2025,1,2992,7450,DV,,MMH,"Malabar Medical College Hospital, Kozhikkode",MBBS,DV,15,mbbs_p1_final.pdf
2025,1,2993,7455,MU,,KMM,"Karuna Medical College, Vilayodi, Palakkad",MBBS,MU,11,mbbs_p1_final.pdf
2025,1,2994,7458,MU,,TRM,"Travancore Medical College, Umayanalloor, Kollam",MBBS,MM,19,mbbs_p1_final.pdf
2025,1,2995,7459,GN,,BCM,"Believers Church Medical College Hospital, Thiruvalla",MBBS,AC,22,mbbs_p1_final.pdf
2025,1,2996,7460,MU,,TRM,"Travancore Medical College, Umayanalloor, Kollam",MBBS,MM,22,mbbs_p1_final.pdf
2025,1,2997,7462,EZ,,MZM,"Mount Zion Medical College, Pathanamthitta",MBBS,SM,10,mbbs_p1_final.pdf
2025,1,2998,7465,DV,,TRM,"Travancore Medical College, Umayanalloor, Kollam",MBBS,DV,18,mbbs_p1_final.pdf
2025,1,2999,7466,EZ,,KDM,"P K Das Institute of Medical Sciences, Ottapalam",MBBS,SM,27,mbbs_p1_final.pdf
2025,1,3000,7471,MU,,TRM,"Travancore Medical College, Umayanalloor, Kollam",MBBS,MM,26,mbbs_p1_final.pdf
2025,1,3001,7476,SC,,KTM,"Govt. Medical College, Kottayam",MBBS,SC,2,mbbs_p1_final.pdf
2025,1,3002,7478,MU,,TRM,"Travancore Medical College, Umayanalloor, Kollam",MBBS,MM,23,mbbs_p1_final.pdf
2025,1,3003,7479,BH,,AAM,"Al Azhar Medical college, Thodupuzha",MBBS,SM,27,mbbs_p1_final.pdf
2025,1,3004,7486,MU,,TRM,"Travancore Medical College, Umayanalloor, Kollam",MBBS,MM,25,mbbs_p1_final.pdf
2025,1,3005,7487,MU,,AZC,"Azeezia Institute of Medi Science, Meyyannoor, Kollam",MBBS,MU,12,mbbs_p1_final.pdf
2025,1,3006,7489,EZ,,DMM,"Dr. Moopens Medical College, Meppadi, Wayanad",MBBS,SM,20,mbbs_p1_final.pdf
2025,1,3007,7490,MU,,DMM,"Dr. Moopens Medical College, Meppadi, Wayanad",MBBS,SM,11,mbbs_p1_final.pdf
2025,1,3008,7493,EZ,,MZM,"Mount Zion Medical College, Pathanamthitta",MBBS,SM,17,mbbs_p1_final.pdf
2025,1,3009,7496,LA,,EMC,"MES Medical College, Perinthalmanna, Malappuram",MBBS,LA,6,mbbs_p1_final.pdf
2025,1,3010,7498,BH,,MZM,"Mount Zion Medical College, Pathanamthitta",MBBS,SM,23,mbbs_p1_final.pdf
2025,1,3011,7500,MU,,SIM,"Sree Narayana Institute of Medical Sciences, Chalakka, Ernakulam.",MBBS,MU,16,mbbs_p1_final.pdf
2025,1,3012,7501,MU,,MED,"MES Dental College, Perinthalmanna",BDS,SM,7,mbbs_p1_final.pdf
2025,1,3013,7503,GN,,BCM,"Believers Church Medical College Hospital, Thiruvalla",MBBS,AC,22,mbbs_p1_final.pdf
2025,1,3014,7507,MU,,TRM,"Travancore Medical College, Umayanalloor, Kollam",MBBS,MM,14,mbbs_p1_final.pdf
2025,1,3015,7509,MU,,TRM,"Travancore Medical College, Umayanalloor, Kollam",MBBS,MM,25,mbbs_p1_final.pdf
2025,1,3016,7514,MU,,AZC,"Azeezia Institute of Medi Science, Meyyannoor, Kollam",MBBS,MM,24,mbbs_p1_final.pdf
2025,1,3017,7518,EZ,,KMD,"KMCT Dental College, Mambatta, Mukkam, Kozhikode",BDS,SM,9,mbbs_p1_final.pdf
2025,1,3018,7521,MU,,KMD,"KMCT Dental College, Mambatta, Mukkam, Kozhikode",BDS,SM,19,mbbs_p1_final.pdf
2025,1,3019,7522,MU,,KKM,"Govt. Medical College, Kozhikkode",MBBS,PD,1,mbbs_p1_final.pdf
2025,1,3020,7527,MU,,MED,"MES Dental College, Perinthalmanna",BDS,SM,5,mbbs_p1_final.pdf
2025,1,3021,7528,EZ,,MZM,"Mount Zion Medical College, Pathanamthitta",MBBS,SM,8,mbbs_p1_final.pdf
2025,1,3022,7530,GN,,BCM,"Believers Church Medical College Hospital, Thiruvalla",MBBS,AC,20,mbbs_p1_final.pdf
2025,1,3023,7535,GN,,BCM,"Believers Church Medical College Hospital, Thiruvalla",MBBS,AC,22,mbbs_p1_final.pdf
2025,1,3024,7537,GN,,DMM,"Dr. Moopens Medical College, Meppadi, Wayanad",MBBS,SM,21,mbbs_p1_final.pdf
2025,1,3025,7540,GN,,KDM,"P K Das Institute of Medical Sciences, Ottapalam",MBBS,SM,25,mbbs_p1_final.pdf
2025,1,3026,7541,MU,,KMD,"KMCT Dental College, Mambatta, Mukkam, Kozhikode",BDS,SM,19,mbbs_p1_final.pdf
2025,1,3027,7542,BH,,DMM,"Dr. Moopens Medical College, Meppadi, Wayanad",MBBS,SM,23,mbbs_p1_final.pdf
2025,1,3028,7543,MU,,SIM,"Sree Narayana Institute of Medical Sciences, Chalakka, Ernakulam.",MBBS,MU,20,mbbs_p1_final.pdf
2025,1,3029,7545,GN,,KDM,"P K Das Institute of Medical Sciences, Ottapalam",MBBS,SM,20,mbbs_p1_final.pdf
2025,1,3030,7546,BH,,KMM,"Karuna Medical College, Vilayodi, Palakkad",MBBS,BH,27,mbbs_p1_final.pdf
2025,1,3031,7547,DV,,SMC,"Dr. Somervell Memorial CSI Medical College, Karakonam",MBBS,DV,18,mbbs_p1_final.pdf
2025,1,3032,7556,GN,,BCM,"Believers Church Medical College Hospital, Thiruvalla",MBBS,AC,20,mbbs_p1_final.pdf
2025,1,3033,7558,GN,,DMM,"Dr. Moopens Medical College, Meppadi, Wayanad",MBBS,SM,24,mbbs_p1_final.pdf
2025,1,3034,7564,GN,,KDM,"P K Das Institute of Medical Sciences, Ottapalam",MBBS,SM,24,mbbs_p1_final.pdf
2025,1,3035,7566,LA,,BCM,"Believers Church Medical College Hospital, Thiruvalla",MBBS,AC,22,mbbs_p1_final.pdf
2025,1,3036,7568,GN,,BCM,"Believers Church Medical College Hospital, Thiruvalla",MBBS,AC,20,mbbs_p1_final.pdf
2025,1,3037,7570,GN,,BCM,"Believers Church Medical College Hospital, Thiruvalla",MBBS,AC,22,mbbs_p1_final.pdf
2025,1,3038,7575,GN,,KDM,"P K Das Institute of Medical Sciences, Ottapalam",MBBS,SM,24,mbbs_p1_final.pdf
2025,1,3039,7576,BH,,DMM,"Dr. Moopens Medical College, Meppadi, Wayanad",MBBS,SM,26,mbbs_p1_final.pdf
2025,1,3040,7578,BX,,SIM,"Sree Narayana Institute of Medical Sciences, Chalakka, Ernakulam.",MBBS,BX,19,mbbs_p1_final.pdf
2025,1,3041,7582,GN,,BCM,"Believers Church Medical College Hospital, Thiruvalla",MBBS,AC,23,mbbs_p1_final.pdf
2025,1,3042,7583,MU,,KMM,"Karuna Medical College, Vilayodi, Palakkad",MBBS,MU,20,mbbs_p1_final.pdf
2025,1,3043,7587,MU,,KDM,"P K Das Institute of Medical Sciences, Ottapalam",MBBS,SM,21,mbbs_p1_final.pdf
2025,1,3044,7589,DV,,GMC,"Sree Gokulam Medical College, Venjaramoodu, TVPM",MBBS,DV,16,mbbs_p1_final.pdf
2025,1,3045,7590,GN,,AAM,"Al Azhar Medical college, Thodupuzha",MBBS,SM,27,mbbs_p1_final.pdf
2025,1,3046,7592,MU,,TRM,"Travancore Medical College, Umayanalloor, Kollam",MBBS,MM,24,mbbs_p1_final.pdf
2025,1,3047,7595,LA,,BCM,"Believers Church Medical College Hospital, Thiruvalla",MBBS,AC,22,mbbs_p1_final.pdf
2025,1,3048,7596,MU,,DMM,"Dr. Moopens Medical College, Meppadi, Wayanad",MBBS,SM,18,mbbs_p1_final.pdf
2025,1,3049,7597,EZ,,MZM,"Mount Zion Medical College, Pathanamthitta",MBBS,EZ,14,mbbs_p1_final.pdf
2025,1,3050,7600,BH,,DMM,"Dr. Moopens Medical College, Meppadi, Wayanad",MBBS,SM,13,mbbs_p1_final.pdf
2025,1,3051,7613,MU,,DMM,"Dr. Moopens Medical College, Meppadi, Wayanad",MBBS,SM,23,mbbs_p1_final.pdf
2025,1,3052,7622,MU,,KKM,"Govt. Medical College, Kozhikkode",MBBS,PD,1,mbbs_p1_final.pdf
2025,1,3053,7634,MU,,DMM,"Dr. Moopens Medical College, Meppadi, Wayanad",MBBS,SM,18,mbbs_p1_final.pdf
2025,1,3054,7639,MU,,TRM,"Travancore Medical College, Umayanalloor, Kollam",MBBS,MM,22,mbbs_p1_final.pdf
2025,1,3055,7640,GN,,KDM,"P K Das Institute of Medical Sciences, Ottapalam",MBBS,SM,11,mbbs_p1_final.pdf
2025,1,3056,7642,GN,,BCM,"Believers Church Medical College Hospital, Thiruvalla",MBBS,AC,22,mbbs_p1_final.pdf
2025,1,3057,7644,BH,,KDM,"P K Das Institute of Medical Sciences, Ottapalam",MBBS,SM,24,mbbs_p1_final.pdf
2025,1,3058,7655,MU,,TRM,"Travancore Medical College, Umayanalloor, Kollam",MBBS,MM,8,mbbs_p1_final.pdf
2025,1,3059,7662,GN,,BCM,"Believers Church Medical College Hospital, Thiruvalla",MBBS,AC,10,mbbs_p1_final.pdf
2025,1,3060,7665,MU,,TRM,"Travancore Medical College, Umayanalloor, Kollam",MBBS,MM,23,mbbs_p1_final.pdf
2025,1,3061,7666,GN,,BCM,"Believers Church Medical College Hospital, Thiruvalla",MBBS,AC,18,mbbs_p1_final.pdf
2025,1,3062,7667,VK,,KMD,"KMCT Dental College, Mambatta, Mukkam, Kozhikode",BDS,SM,14,mbbs_p1_final.pdf
2025,1,3063,7672,MU,,KMM,"Karuna Medical College, Vilayodi, Palakkad",MBBS,MM,27,mbbs_p1_final.pdf
2025,1,3064,7673,BH,,KDM,"P K Das Institute of Medical Sciences, Ottapalam",MBBS,SM,26,mbbs_p1_final.pdf
2025,1,3065,7677,MU,,KDM,"P K Das Institute of Medical Sciences, Ottapalam",MBBS,SM,25,mbbs_p1_final.pdf
2025,1,3066,7680,GN,,SMC,"Dr. Somervell Memorial CSI Medical College, Karakonam",MBBS,AC,24,mbbs_p1_final.pdf
2025,1,3067,7681,GN,,SMC,"Dr. Somervell Memorial CSI Medical College, Karakonam",MBBS,AC,31,mbbs_p1_final.pdf
2025,1,3068,7683,DV,,KCM,"KMCT Medical College, Mukkom, Kozikkode",MBBS,DV,18,mbbs_p1_final.pdf
2025,1,3069,7686,BX,,SMC,"Dr. Somervell Memorial CSI Medical College, Karakonam",MBBS,AC,14,mbbs_p1_final.pdf
2025,1,3070,7691,GN,,SMC,"Dr. Somervell Memorial CSI Medical College, Karakonam",MBBS,AC,24,mbbs_p1_final.pdf
2025,1,3071,7692,MU,,KMM,"Karuna Medical College, Vilayodi, Palakkad",MBBS,MM,20,mbbs_p1_final.pdf
2025,1,3072,7707,EZ,,KDM,"P K Das Institute of Medical Sciences, Ottapalam",MBBS,SM,27,mbbs_p1_final.pdf
2025,1,3073,7708,LA,,KCM,"KMCT Medical College, Mukkom, Kozikkode",MBBS,LA,19,mbbs_p1_final.pdf
2025,1,3074,7713,BH,,KDM,"P K Das Institute of Medical Sciences, Ottapalam",MBBS,SM,21,mbbs_p1_final.pdf
2025,1,3075,7722,EZ,,DMM,"Dr. Moopens Medical College, Meppadi, Wayanad",MBBS,SM,21,mbbs_p1_final.pdf
2025,1,3076,7724,EZ,,KDM,"P K Das Institute of Medical Sciences, Ottapalam",MBBS,SM,22,mbbs_p1_final.pdf
2025,1,3077,7728,DV,,KCM,"KMCT Medical College, Mukkom, Kozikkode",MBBS,DV,19,mbbs_p1_final.pdf
2025,1,3078,7730,DV,,SIM,"Sree Narayana Institute of Medical Sciences, Chalakka, Ernakulam.",MBBS,DV,16,mbbs_p1_final.pdf
2025,1,3079,7734,GN,,DMM,"Dr. Moopens Medical College, Meppadi, Wayanad",MBBS,SM,10,mbbs_p1_final.pdf
2025,1,3080,7741,MU,,MZM,"Mount Zion Medical College, Pathanamthitta",MBBS,MU,19,mbbs_p1_final.pdf
2025,1,3081,7744,GN,,SMC,"Dr. Somervell Memorial CSI Medical College, Karakonam",MBBS,AC,22,mbbs_p1_final.pdf
2025,1,3082,7747,GN,,KDM,"P K Das Institute of Medical Sciences, Ottapalam",MBBS,SM,14,mbbs_p1_final.pdf
2025,1,3083,7750,EW,,SUC,"SUT Accademy of Medical Sciences, Thiruvananthapuram",MBBS,EW,19,mbbs_p1_final.pdf
2025,1,3084,7754,EZ,,MZM,"Mount Zion Medical College, Pathanamthitta",MBBS,EZ,26,mbbs_p1_final.pdf
2025,1,3085,7755,SC,,TCM,"Govt. Medical College, Thrissur",MBBS,SC,3,mbbs_p1_final.pdf
2025,1,3086,7757,GN,,KDM,"P K Das Institute of Medical Sciences, Ottapalam",MBBS,SM,25,mbbs_p1_final.pdf
2025,1,3087,7764,BH,,TCD,"Govt. Dental College, Thrissur",BDS,BH,14,mbbs_p1_final.pdf
2025,1,3088,7770,EZ,,DMM,"Dr. Moopens Medical College, Meppadi, Wayanad",MBBS,SM,21,mbbs_p1_final.pdf
2025,1,3089,7778,MU,,AZC,"Azeezia Institute of Medi Science, Meyyannoor, Kollam",MBBS,MM,30,mbbs_p1_final.pdf
2025,1,3090,7782,GN,,DMM,"Dr. Moopens Medical College, Meppadi, Wayanad",MBBS,SM,21,mbbs_p1_final.pdf
2025,1,3091,7785,GN,,DMM,"Dr. Moopens Medical College, Meppadi, Wayanad",MBBS,SM,27,mbbs_p1_final.pdf
2025,1,3092,7794,GN,,SMC,"Dr. Somervell Memorial CSI Medical College, Karakonam",MBBS,AC,25,mbbs_p1_final.pdf
2025,1,3093,7798,MU,,MBD,"Mar Baselious Dental College, Kothamangalam",BDS,SM,24,mbbs_p1_final.pdf
2025,1,3094,7799,BH,,ALD,"Government Dental College, Alappuzha",BDS,BH,5,mbbs_p1_final.pdf
2025,1,3095,7807,MU,,KDM,"P K Das Institute of Medical Sciences, Ottapalam",MBBS,MU,28,mbbs_p1_final.pdf
2025,1,3096,7808,EZ,,KDM,"P K Das Institute of Medical Sciences, Ottapalam",MBBS,EZ,23,mbbs_p1_final.pdf
2025,1,3097,7815,MU,,MZM,"Mount Zion Medical College, Pathanamthitta",MBBS,MU,22,mbbs_p1_final.pdf
2025,1,3098,7817,KN,,ALP,"T D Govt. Medical College, Alappuzha",MBBS,KN,5,mbbs_p1_final.pdf
2025,1,3099,7818,MU,,KDM,"P K Das Institute of Medical Sciences, Ottapalam",MBBS,MU,3,mbbs_p1_final.pdf
2025,1,3100,7819,MU,,DMM,"Dr. Moopens Medical College, Meppadi, Wayanad",MBBS,SM,12,mbbs_p1_final.pdf
2025,1,3101,7824,EZ,,KDM,"P K Das Institute of Medical Sciences, Ottapalam",MBBS,EZ,27,mbbs_p1_final.pdf
2025,1,3102,7826,SC,,TCM,"Govt. Medical College, Thrissur",MBBS,SC,3,mbbs_p1_final.pdf
2025,1,3103,7827,GN,,DMM,"Dr. Moopens Medical College, Meppadi, Wayanad",MBBS,SM,29,mbbs_p1_final.pdf
2025,1,3104,7828,DV,,SUC,"SUT Accademy of Medical Sciences, Thiruvananthapuram",MBBS,DV,17,mbbs_p1_final.pdf
2025,1,3105,7830,GN,,SMC,"Dr. Somervell Memorial CSI Medical College, Karakonam",MBBS,AC,29,mbbs_p1_final.pdf
2025,1,3106,7836,GN,,SMC,"Dr. Somervell Memorial CSI Medical College, Karakonam",MBBS,AC,24,mbbs_p1_final.pdf
2025,1,3107,7840,GN,,TCM,"Govt. Medical College, Thrissur",MBBS,DA,1,mbbs_p1_final.pdf
2025,1,3108,7844,EZ,,KMM,"Karuna Medical College, Vilayodi, Palakkad",MBBS,EZ,14,mbbs_p1_final.pdf
2025,1,3109,7848,GN,,AAM,"Al Azhar Medical college, Thodupuzha",MBBS,SM,25,mbbs_p1_final.pdf
2025,1,3110,7849,SC,,ALP,"T D Govt. Medical College, Alappuzha",MBBS,SC,4,mbbs_p1_final.pdf
2025,1,3111,7852,BH,,AAM,"Al Azhar Medical college, Thodupuzha",MBBS,SM,27,mbbs_p1_final.pdf
2025,1,3112,7853,EW,,AAM,"Al Azhar Medical college, Thodupuzha",MBBS,SM,24,mbbs_p1_final.pdf
2025,1,3113,7856,MU,,DMM,"Dr. Moopens Medical College, Meppadi, Wayanad",MBBS,SM,24,mbbs_p1_final.pdf
2025,1,3114,7857,MU,,KMM,"Karuna Medical College, Vilayodi, Palakkad",MBBS,MM,26,mbbs_p1_final.pdf
2025,1,3115,7860,GN,,DMM,"Dr. Moopens Medical College, Meppadi, Wayanad",MBBS,SM,22,mbbs_p1_final.pdf
2025,1,3116,7862,GN,,SMC,"Dr. Somervell Memorial CSI Medical College, Karakonam",MBBS,AC,24,mbbs_p1_final.pdf
2025,1,3117,7874,EZ,,KMM,"Karuna Medical College, Vilayodi, Palakkad",MBBS,EZ,27,mbbs_p1_final.pdf
2025,1,3118,7875,MU,,SIM,"Sree Narayana Institute of Medical Sciences, Chalakka, Ernakulam.",MBBS,MU,33,mbbs_p1_final.pdf
2025,1,3119,7882,SC,,TCM,"Govt. Medical College, Thrissur",MBBS,SC,4,mbbs_p1_final.pdf
2025,1,3120,7884,MU,,KMM,"Karuna Medical College, Vilayodi, Palakkad",MBBS,MM,21,mbbs_p1_final.pdf
2025,1,3121,7886,GN,,MZM,"Mount Zion Medical College, Pathanamthitta",MBBS,AC,27,mbbs_p1_final.pdf
2025,1,3122,7894,GN,,AAM,"Al Azhar Medical college, Thodupuzha",MBBS,SM,27,mbbs_p1_final.pdf
2025,1,3123,7897,GN,,AZC,"Azeezia Institute of Medi Science, Meyyannoor, Kollam",MBBS,MM,28,mbbs_p1_final.pdf
2025,1,3124,7898,GN,,SMC,"Dr. Somervell Memorial CSI Medical College, Karakonam",MBBS,AC,24,mbbs_p1_final.pdf
2025,1,3125,7904,EZ,,DMM,"Dr. Moopens Medical College, Meppadi, Wayanad",MBBS,SM,26,mbbs_p1_final.pdf
2025,1,3126,7907,EW,,MZM,"Mount Zion Medical College, Pathanamthitta",MBBS,AC,6,mbbs_p1_final.pdf
2025,1,3127,7908,MU,,AZC,"Azeezia Institute of Medi Science, Meyyannoor, Kollam",MBBS,MM,28,mbbs_p1_final.pdf
2025,1,3128,7927,BH,,PIM,"Palakkad Institute of Medical Sciences, Walayar",MBBS,SM,27,mbbs_p1_final.pdf
2025,1,3129,7929,LA,,SMC,"Dr. Somervell Memorial CSI Medical College, Karakonam",MBBS,LA,25,mbbs_p1_final.pdf
2025,1,3130,7932,MU,,KMM,"Karuna Medical College, Vilayodi, Palakkad",MBBS,MM,21,mbbs_p1_final.pdf
2025,1,3131,7933,GN,,DMM,"Dr. Moopens Medical College, Meppadi, Wayanad",MBBS,SM,21,mbbs_p1_final.pdf
2025,1,3132,7935,MU,,DMM,"Dr. Moopens Medical College, Meppadi, Wayanad",MBBS,SM,20,mbbs_p1_final.pdf
2025,1,3133,7936,GN,,SMC,"Dr. Somervell Memorial CSI Medical College, Karakonam",MBBS,AC,25,mbbs_p1_final.pdf
2025,1,3134,7937,MU,,DMM,"Dr. Moopens Medical College, Meppadi, Wayanad",MBBS,SM,25,mbbs_p1_final.pdf
2025,1,3135,7941,MU,,AZC,"Azeezia Institute of Medi Science, Meyyannoor, Kollam",MBBS,MM,34,mbbs_p1_final.pdf
2025,1,3136,7942,GN,,DMM,"Dr. Moopens Medical College, Meppadi, Wayanad",MBBS,SM,25,mbbs_p1_final.pdf
2025,1,3137,7943,LA,,KDM,"P K Das Institute of Medical Sciences, Ottapalam",MBBS,LA,25,mbbs_p1_final.pdf
2025,1,3138,7955,GN,,AAM,"Al Azhar Medical college, Thodupuzha",MBBS,SM,26,mbbs_p1_final.pdf
2025,1,3139,7962,MU,,AZC,"Azeezia Institute of Medi Science, Meyyannoor, Kollam",MBBS,MM,26,mbbs_p1_final.pdf
2025,1,3140,7965,GN,,DMM,"Dr. Moopens Medical College, Meppadi, Wayanad",MBBS,SM,28,mbbs_p1_final.pdf
2025,1,3141,7967,MU,,AAM,"Al Azhar Medical college, Thodupuzha",MBBS,SM,12,mbbs_p1_final.pdf
2025,1,3142,7970,BH,,KDM,"P K Das Institute of Medical Sciences, Ottapalam",MBBS,BH,5,mbbs_p1_final.pdf
2025,1,3143,7973,EW,,MMH,"Malabar Medical College Hospital, Kozhikkode",MBBS,EW,24,mbbs_p1_final.pdf
2025,1,3144,7978,MU,,DMM,"Dr. Moopens Medical College, Meppadi, Wayanad",MBBS,MU,16,mbbs_p1_final.pdf
2025,1,3145,7980,MU,,AAM,"Al Azhar Medical college, Thodupuzha",MBBS,SM,10,mbbs_p1_final.pdf
2025,1,3146,7981,EZ,,KDM,"P K Das Institute of Medical Sciences, Ottapalam",MBBS,EZ,26,mbbs_p1_final.pdf
2025,1,3147,7983,MU,,AAM,"Al Azhar Medical college, Thodupuzha",MBBS,SM,28,mbbs_p1_final.pdf
2025,1,3148,7984,EZ,,MZM,"Mount Zion Medical College, Pathanamthitta",MBBS,EZ,18,mbbs_p1_final.pdf
2025,1,3149,7987,MU,,DMM,"Dr. Moopens Medical College, Meppadi, Wayanad",MBBS,MU,26,mbbs_p1_final.pdf
2025,1,3150,7989,MU,,SIM,"Sree Narayana Institute of Medical Sciences, Chalakka, Ernakulam.",MBBS,MU,24,mbbs_p1_final.pdf
2025,1,3151,7990,KN,,CMC,"Govt. Medical College, Ernakulam",MBBS,KN,5,mbbs_p1_final.pdf
2025,1,3152,8000,VK,,AAM,"Al Azhar Medical college, Thodupuzha",MBBS,SM,25,mbbs_p1_final.pdf
2025,1,3153,8005,MU,,KDM,"P K Das Institute of Medical Sciences, Ottapalam",MBBS,MU,21,mbbs_p1_final.pdf
2025,1,3154,8006,EW,,SMC,"Dr. Somervell Memorial CSI Medical College, Karakonam",MBBS,AC,24,mbbs_p1_final.pdf
2025,1,3155,8009,MU,,DMM,"Dr. Moopens Medical College, Meppadi, Wayanad",MBBS,MU,20,mbbs_p1_final.pdf
2025,1,3156,8014,GN,,KMM,"Karuna Medical College, Vilayodi, Palakkad",MBBS,MM,23,mbbs_p1_final.pdf
2025,1,3157,8016,BH,,KND,"Government Dental College, Kannur",BDS,BH,6,mbbs_p1_final.pdf
2025,1,3158,8019,EZ,,KDM,"P K Das Institute of Medical Sciences, Ottapalam",MBBS,EZ,26,mbbs_p1_final.pdf
2025,1,3159,8028,MU,,AZC,"Azeezia Institute of Medi Science, Meyyannoor, Kollam",MBBS,MM,25,mbbs_p1_final.pdf
2025,1,3160,8031,EZ,,DMM,"Dr. Moopens Medical College, Meppadi, Wayanad",MBBS,EZ,28,mbbs_p1_final.pdf
2025,1,3161,8035,MU,,DMM,"Dr. Moopens Medical College, Meppadi, Wayanad",MBBS,MU,18,mbbs_p1_final.pdf
2025,1,3162,8036,MU,,DMM,"Dr. Moopens Medical College, Meppadi, Wayanad",MBBS,MU,7,mbbs_p1_final.pdf
2025,1,3163,8037,MU,,DMM,"Dr. Moopens Medical College, Meppadi, Wayanad",MBBS,MU,30,mbbs_p1_final.pdf
2025,1,3164,8043,MU,,AZC,"Azeezia Institute of Medi Science, Meyyannoor, Kollam",MBBS,MM,30,mbbs_p1_final.pdf
2025,1,3165,8046,BH,,KDM,"P K Das Institute of Medical Sciences, Ottapalam",MBBS,BH,26,mbbs_p1_final.pdf
2025,1,3166,8052,GN,,SMC,"Dr. Somervell Memorial CSI Medical College, Karakonam",MBBS,AC,24,mbbs_p1_final.pdf
2025,1,3167,8055,MU,,AZC,"Azeezia Institute of Medi Science, Meyyannoor, Kollam",MBBS,MM,30,mbbs_p1_final.pdf
2025,1,3168,8060,MU,,KDM,"P K Das Institute of Medical Sciences, Ottapalam",MBBS,MU,25,mbbs_p1_final.pdf
2025,1,3169,8062,DV,,SUC,"SUT Accademy of Medical Sciences, Thiruvananthapuram",MBBS,DV,24,mbbs_p1_final.pdf
2025,1,3170,8065,BH,,KDM,"P K Das Institute of Medical Sciences, Ottapalam",MBBS,BH,26,mbbs_p1_final.pdf
2025,1,3171,8068,GN,,AAM,"Al Azhar Medical college, Thodupuzha",MBBS,SM,24,mbbs_p1_final.pdf
2025,1,3172,8072,BH,,DMM,"Dr. Moopens Medical College, Meppadi, Wayanad",MBBS,BH,22,mbbs_p1_final.pdf
2025,1,3173,8073,GN,,MZM,"Mount Zion Medical College, Pathanamthitta",MBBS,AC,22,mbbs_p1_final.pdf
2025,1,3174,8075,GN,,PIM,"Palakkad Institute of Medical Sciences, Walayar",MBBS,SM,18,mbbs_p1_final.pdf
2025,1,3175,8082,GN,,AAM,"Al Azhar Medical college, Thodupuzha",MBBS,SM,29,mbbs_p1_final.pdf
2025,1,3176,8086,MU,,KMM,"Karuna Medical College, Vilayodi, Palakkad",MBBS,MM,16,mbbs_p1_final.pdf
2025,1,3177,8088,KN,,MLP,"Govt. Medical College, Manjeri",MBBS,KN,2,mbbs_p1_final.pdf
2025,1,3178,8093,MU,,PMS,"PMS College of Dental Sciences, Vattappara, TVPM",BDS,SM,20,mbbs_p1_final.pdf
2025,1,3179,8095,MU,,KMM,"Karuna Medical College, Vilayodi, Palakkad",MBBS,MM,26,mbbs_p1_final.pdf
2025,1,3180,8098,MU,,KMM,"Karuna Medical College, Vilayodi, Palakkad",MBBS,MM,21,mbbs_p1_final.pdf
2025,1,3181,8100,MU,,KMM,"Karuna Medical College, Vilayodi, Palakkad",MBBS,MM,11,mbbs_p1_final.pdf
2025,1,3182,8106,GN,,SMC,"Dr. Somervell Memorial CSI Medical College, Karakonam",MBBS,AC,24,mbbs_p1_final.pdf
2025,1,3183,8108,EW,,MMH,"Malabar Medical College Hospital, Kozhikkode",MBBS,EW,17,mbbs_p1_final.pdf
2025,1,3184,8111,GN,,SMC,"Dr. Somervell Memorial CSI Medical College, Karakonam",MBBS,AC,29,mbbs_p1_final.pdf
2025,1,3185,8112,MU,,PMD,"Pushpagiri College of Dental Science, Thiruvalla",BDS,SM,19,mbbs_p1_final.pdf
2025,1,3186,8120,GN,,AAM,"Al Azhar Medical college, Thodupuzha",MBBS,SM,30,mbbs_p1_final.pdf
2025,1,3187,8122,GN,,PIM,"Palakkad Institute of Medical Sciences, Walayar",MBBS,SM,33,mbbs_p1_final.pdf
2025,1,3188,8125,BX,,SMC,"Dr. Somervell Memorial CSI Medical College, Karakonam",MBBS,AC,19,mbbs_p1_final.pdf
2025,1,3189,8127,EZ,,KDM,"P K Das Institute of Medical Sciences, Ottapalam",MBBS,EZ,24,mbbs_p1_final.pdf
2025,1,3190,8128,MU,,AZC,"Azeezia Institute of Medi Science, Meyyannoor, Kollam",MBBS,MM,28,mbbs_p1_final.pdf
2025,1,3191,8135,GN,,KMM,"Karuna Medical College, Vilayodi, Palakkad",MBBS,MM,26,mbbs_p1_final.pdf
2025,1,3192,8139,MU,,DMM,"Dr. Moopens Medical College, Meppadi, Wayanad",MBBS,MU,26,mbbs_p1_final.pdf
2025,1,3193,8140,LA,,MZM,"Mount Zion Medical College, Pathanamthitta",MBBS,LA,23,mbbs_p1_final.pdf
2025,1,3194,8142,GN,,AAM,"Al Azhar Medical college, Thodupuzha",MBBS,SM,25,mbbs_p1_final.pdf
2025,1,3195,8143,GN,,KMM,"Karuna Medical College, Vilayodi, Palakkad",MBBS,MM,27,mbbs_p1_final.pdf
2025,1,3196,8146,MU,,DMM,"Dr. Moopens Medical College, Meppadi, Wayanad",MBBS,MU,24,mbbs_p1_final.pdf
2025,1,3197,8147,MU,,KDM,"P K Das Institute of Medical Sciences, Ottapalam",MBBS,MU,21,mbbs_p1_final.pdf
2025,1,3198,8153,GN,,AZC,"Azeezia Institute of Medi Science, Meyyannoor, Kollam",MBBS,MM,29,mbbs_p1_final.pdf
2025,1,3199,8158,EZ,,KDM,"P K Das Institute of Medical Sciences, Ottapalam",MBBS,EZ,24,mbbs_p1_final.pdf
2025,1,3200,8159,GN,,SMC,"Dr. Somervell Memorial CSI Medical College, Karakonam",MBBS,AC,22,mbbs_p1_final.pdf
2025,1,3201,8161,MU,,KMM,"Karuna Medical College, Vilayodi, Palakkad",MBBS,MM,23,mbbs_p1_final.pdf
2025,1,3202,8162,GN,,SMC,"Dr. Somervell Memorial CSI Medical College, Karakonam",MBBS,AC,29,mbbs_p1_final.pdf
2025,1,3203,8166,MU,,AZC,"Azeezia Institute of Medi Science, Meyyannoor, Kollam",MBBS,MM,28,mbbs_p1_final.pdf
2025,1,3204,8168,GN,,AAM,"Al Azhar Medical college, Thodupuzha",MBBS,SM,12,mbbs_p1_final.pdf
2025,1,3205,8175,BH,,KDM,"P K Das Institute of Medical Sciences, Ottapalam",MBBS,BH,27,mbbs_p1_final.pdf
2025,1,3206,8186,DV,,KDM,"P K Das Institute of Medical Sciences, Ottapalam",MBBS,DV,27,mbbs_p1_final.pdf
2025,1,3207,8187,LA,,SIM,"Sree Narayana Institute of Medical Sciences, Chalakka, Ernakulam.",MBBS,LA,24,mbbs_p1_final.pdf
2025,1,3208,8192,GN,,SMC,"Dr. Somervell Memorial CSI Medical College, Karakonam",MBBS,AC,28,mbbs_p1_final.pdf
2025,1,3209,8193,GN,,AAM,"Al Azhar Medical college, Thodupuzha",MBBS,SM,11,mbbs_p1_final.pdf
2025,1,3210,8200,GN,,AAM,"Al Azhar Medical college, Thodupuzha",MBBS,SM,26,mbbs_p1_final.pdf
2025,1,3211,8201,GN,,PIM,"Palakkad Institute of Medical Sciences, Walayar",MBBS,SM,14,mbbs_p1_final.pdf
2025,1,3212,8204,MU,,AZC,"Azeezia Institute of Medi Science, Meyyannoor, Kollam",MBBS,MM,28,mbbs_p1_final.pdf
2025,1,3213,8210,EW,,SUC,"SUT Accademy of Medical Sciences, Thiruvananthapuram",MBBS,EW,14,mbbs_p1_final.pdf
2025,1,3214,8217,MU,,AZC,"Azeezia Institute of Medi Science, Meyyannoor, Kollam",MBBS,MM,29,mbbs_p1_final.pdf
2025,1,3215,8219,GN,,SMC,"Dr. Somervell Memorial CSI Medical College, Karakonam",MBBS,AC,25,mbbs_p1_final.pdf
2025,1,3216,8227,MU,,KMM,"Karuna Medical College, Vilayodi, Palakkad",MBBS,MM,21,mbbs_p1_final.pdf
2025,1,3217,8228,LA,,TCD,"Govt. Dental College, Thrissur",BDS,LA,5,mbbs_p1_final.pdf
2025,1,3218,8229,GN,,JMC,"Jubilee Mission Medical College, Thrisur",MBBS,NR,17,mbbs_p1_final.pdf
2025,1,3219,8236,BH,,AAM,"Al Azhar Medical college, Thodupuzha",MBBS,SM,28,mbbs_p1_final.pdf
2025,1,3220,8239,EZ,,DMM,"Dr. Moopens Medical College, Meppadi, Wayanad",MBBS,EZ,15,mbbs_p1_final.pdf
2025,1,3221,8241,GN,,SMC,"Dr. Somervell Memorial CSI Medical College, Karakonam",MBBS,AC,24,mbbs_p1_final.pdf
2025,1,3222,8242,GN,,AAM,"Al Azhar Medical college, Thodupuzha",MBBS,SM,29,mbbs_p1_final.pdf
2025,1,3223,8245,GN,,AAM,"Al Azhar Medical college, Thodupuzha",MBBS,SM,31,mbbs_p1_final.pdf
2025,1,3224,8246,GN,,MZM,"Mount Zion Medical College, Pathanamthitta",MBBS,AC,29,mbbs_p1_final.pdf
2025,1,3225,8247,GN,,AAM,"Al Azhar Medical college, Thodupuzha",MBBS,SM,13,mbbs_p1_final.pdf
2025,1,3226,8249,EZ,,AAM,"Al Azhar Medical college, Thodupuzha",MBBS,SM,24,mbbs_p1_final.pdf
2025,1,3227,8251,EZ,,DMM,"Dr. Moopens Medical College, Meppadi, Wayanad",MBBS,EZ,19,mbbs_p1_final.pdf
2025,1,3228,8255,EZ,,DMM,"Dr. Moopens Medical College, Meppadi, Wayanad",MBBS,EZ,15,mbbs_p1_final.pdf
2025,1,3229,8271,EZ,,KDM,"P K Das Institute of Medical Sciences, Ottapalam",MBBS,EZ,10,mbbs_p1_final.pdf
2025,1,3230,8273,SC,,TCM,"Govt. Medical College, Thrissur",MBBS,SC,4,mbbs_p1_final.pdf
2025,1,3231,8277,MU,,AZC,"Azeezia Institute of Medi Science, Meyyannoor, Kollam",MBBS,MM,21,mbbs_p1_final.pdf
2025,1,3232,8279,BH,,MZM,"Mount Zion Medical College, Pathanamthitta",MBBS,BH,29,mbbs_p1_final.pdf
2025,1,3233,8285,GN,,PIM,"Palakkad Institute of Medical Sciences, Walayar",MBBS,SM,30,mbbs_p1_final.pdf
2025,1,3234,8292,MU,,AAM,"Al Azhar Medical college, Thodupuzha",MBBS,SM,23,mbbs_p1_final.pdf
2025,1,3235,8293,LA,,SMC,"Dr. Somervell Memorial CSI Medical College, Karakonam",MBBS,AC,27,mbbs_p1_final.pdf
2025,1,3236,8296,GN,,AAM,"Al Azhar Medical college, Thodupuzha",MBBS,SM,31,mbbs_p1_final.pdf
2025,1,3237,8297,GN,,MZM,"Mount Zion Medical College, Pathanamthitta",MBBS,AC,27,mbbs_p1_final.pdf
2025,1,3238,8298,DV,,KDM,"P K Das Institute of Medical Sciences, Ottapalam",MBBS,DV,18,mbbs_p1_final.pdf
2025,1,3239,8300,EZ,,DMM,"Dr. Moopens Medical College, Meppadi, Wayanad",MBBS,EZ,27,mbbs_p1_final.pdf
2025,1,3240,8305,BH,,DMM,"Dr. Moopens Medical College, Meppadi, Wayanad",MBBS,BH,4,mbbs_p1_final.pdf
2025,1,3241,8310,GN,,SMC,"Dr. Somervell Memorial CSI Medical College, Karakonam",MBBS,AC,24,mbbs_p1_final.pdf
2025,1,3242,8315,KN,,KNM,Government Medical College Kannur,MBBS,KN,8,mbbs_p1_final.pdf
2025,1,3243,8316,BH,,AAM,"Al Azhar Medical college, Thodupuzha",MBBS,SM,25,mbbs_p1_final.pdf
2025,1,3244,8317,SC,,ALP,"T D Govt. Medical College, Alappuzha",MBBS,SC,2,mbbs_p1_final.pdf
2025,1,3245,8319,MU,,AAM,"Al Azhar Medical college, Thodupuzha",MBBS,SM,9,mbbs_p1_final.pdf
2025,1,3246,8320,MU,,KDM,"P K Das Institute of Medical Sciences, Ottapalam",MBBS,MU,27,mbbs_p1_final.pdf
2025,1,3247,8324,BH,,DMM,"Dr. Moopens Medical College, Meppadi, Wayanad",MBBS,BH,27,mbbs_p1_final.pdf
2025,1,3248,8325,GN,,AAM,"Al Azhar Medical college, Thodupuzha",MBBS,SM,26,mbbs_p1_final.pdf
2025,1,3249,8326,MU,,AAM,"Al Azhar Medical college, Thodupuzha",MBBS,SM,28,mbbs_p1_final.pdf
2025,1,3250,8333,BX,,SMC,"Dr. Somervell Memorial CSI Medical College, Karakonam",MBBS,AC,25,mbbs_p1_final.pdf
2025,1,3251,8334,GN,,AAM,"Al Azhar Medical college, Thodupuzha",MBBS,SM,29,mbbs_p1_final.pdf
2025,1,3252,8343,GN,,AAM,"Al Azhar Medical college, Thodupuzha",MBBS,SM,37,mbbs_p1_final.pdf
2025,1,3253,8346,MU,,AAM,"Al Azhar Medical college, Thodupuzha",MBBS,MU,23,mbbs_p1_final.pdf
2025,1,3254,8347,GN,,SMC,"Dr. Somervell Memorial CSI Medical College, Karakonam",MBBS,AC,22,mbbs_p1_final.pdf
2025,1,3255,8348,MU,,KDM,"P K Das Institute of Medical Sciences, Ottapalam",MBBS,MU,22,mbbs_p1_final.pdf
2025,1,3256,8349,BX,,SMC,"Dr. Somervell Memorial CSI Medical College, Karakonam",MBBS,AC,25,mbbs_p1_final.pdf
2025,1,3257,8352,BH,,AAM,"Al Azhar Medical college, Thodupuzha",MBBS,BH,23,mbbs_p1_final.pdf
2025,1,3258,8353,DV,,AAM,"Al Azhar Medical college, Thodupuzha",MBBS,DV,28,mbbs_p1_final.pdf
2025,1,3259,8354,EZ,,PSD,"PSM College of Dental Sciences, Thrissur",BDS,SM,7,mbbs_p1_final.pdf
2025,1,3260,8357,MU,,KMM,"Karuna Medical College, Vilayodi, Palakkad",MBBS,MM,29,mbbs_p1_final.pdf
2025,1,3261,8362,EZ,,KDM,"P K Das Institute of Medical Sciences, Ottapalam",MBBS,EZ,21,mbbs_p1_final.pdf
2025,1,3262,8366,GN,,MZM,"Mount Zion Medical College, Pathanamthitta",MBBS,AC,18,mbbs_p1_final.pdf
2025,1,3263,8367,MU,,PIM,"Palakkad Institute of Medical Sciences, Walayar",MBBS,SM,29,mbbs_p1_final.pdf
2025,1,3264,8368,MU,,PMD,"Pushpagiri College of Dental Science, Thiruvalla",BDS,SM,19,mbbs_p1_final.pdf
2025,1,3265,8370,LA,,SIM,"Sree Narayana Institute of Medical Sciences, Chalakka, Ernakulam.",MBBS,LA,20,mbbs_p1_final.pdf
2025,1,3266,8378,BH,,AAM,"Al Azhar Medical college, Thodupuzha",MBBS,BH,20,mbbs_p1_final.pdf
2025,1,3267,8379,MU,,AZC,"Azeezia Institute of Medi Science, Meyyannoor, Kollam",MBBS,MM,20,mbbs_p1_final.pdf
2025,1,3268,8387,MU,,AZC,"Azeezia Institute of Medi Science, Meyyannoor, Kollam",MBBS,MM,24,mbbs_p1_final.pdf
2025,1,3269,8396,MU,,KMM,"Karuna Medical College, Vilayodi, Palakkad",MBBS,MM,18,mbbs_p1_final.pdf
2025,1,3270,8399,GN,,PIM,"Palakkad Institute of Medical Sciences, Walayar",MBBS,SM,30,mbbs_p1_final.pdf
2025,1,3271,8402,BH,,PIM,"Palakkad Institute of Medical Sciences, Walayar",MBBS,SM,32,mbbs_p1_final.pdf
2025,1,3272,8405,GN,,SMC,"Dr. Somervell Memorial CSI Medical College, Karakonam",MBBS,AC,25,mbbs_p1_final.pdf
2025,1,3273,8406,MU,,KMM,"Karuna Medical College, Vilayodi, Palakkad",MBBS,MM,17,mbbs_p1_final.pdf
2025,1,3274,8409,MU,,AZC,"Azeezia Institute of Medi Science, Meyyannoor, Kollam",MBBS,MM,22,mbbs_p1_final.pdf
2025,1,3275,8412,BH,,PIM,"Palakkad Institute of Medical Sciences, Walayar",MBBS,SM,32,mbbs_p1_final.pdf
2025,1,3276,8414,GN,,PIM,"Palakkad Institute of Medical Sciences, Walayar",MBBS,SM,32,mbbs_p1_final.pdf
2025,1,3277,8417,MU,,KDM,"P K Das Institute of Medical Sciences, Ottapalam",MBBS,MU,17,mbbs_p1_final.pdf
2025,1,3278,8420,MU,,KMM,"Karuna Medical College, Vilayodi, Palakkad",MBBS,MM,30,mbbs_p1_final.pdf
2025,1,3279,8421,GN,,PIM,"Palakkad Institute of Medical Sciences, Walayar",MBBS,SM,32,mbbs_p1_final.pdf
2025,1,3280,8422,GN,,SMC,"Dr. Somervell Memorial CSI Medical College, Karakonam",MBBS,AC,12,mbbs_p1_final.pdf
2025,1,3281,8424,EZ,,AAM,"Al Azhar Medical college, Thodupuzha",MBBS,EZ,33,mbbs_p1_final.pdf
2025,1,3282,8427,GN,,PIM,"Palakkad Institute of Medical Sciences, Walayar",MBBS,SM,32,mbbs_p1_final.pdf
2025,1,3283,8433,SC,,ALP,"T D Govt. Medical College, Alappuzha",MBBS,SC,5,mbbs_p1_final.pdf
2025,1,3284,8434,LA,,SMC,"Dr. Somervell Memorial CSI Medical College, Karakonam",MBBS,AC,22,mbbs_p1_final.pdf
2025,1,3285,8436,EW,,MMH,"Malabar Medical College Hospital, Kozhikkode",MBBS,EW,26,mbbs_p1_final.pdf
2025,1,3286,8437,MU,,AAM,"Al Azhar Medical college, Thodupuzha",MBBS,MU,10,mbbs_p1_final.pdf
2025,1,3287,8440,GN,,SMC,"Dr. Somervell Memorial CSI Medical College, Karakonam",MBBS,AC,29,mbbs_p1_final.pdf
2025,1,3288,8441,EW,,MMH,"Malabar Medical College Hospital, Kozhikkode",MBBS,EW,23,mbbs_p1_final.pdf
2025,1,3289,8443,BH,,PIM,"Palakkad Institute of Medical Sciences, Walayar",MBBS,SM,22,mbbs_p1_final.pdf
2025,1,3290,8447,MU,,AZC,"Azeezia Institute of Medi Science, Meyyannoor, Kollam",MBBS,MM,25,mbbs_p1_final.pdf
2025,1,3291,8449,EZ,,DMM,"Dr. Moopens Medical College, Meppadi, Wayanad",MBBS,EZ,22,mbbs_p1_final.pdf
2025,1,3292,8455,GN,,PIM,"Palakkad Institute of Medical Sciences, Walayar",MBBS,SM,15,mbbs_p1_final.pdf
2025,1,3293,8457,EZ,,KDM,"P K Das Institute of Medical Sciences, Ottapalam",MBBS,EZ,28,mbbs_p1_final.pdf
2025,1,3294,8461,EZ,,DMM,"Dr. Moopens Medical College, Meppadi, Wayanad",MBBS,EZ,29,mbbs_p1_final.pdf
2025,1,3295,8467,GN,,KMM,"Karuna Medical College, Vilayodi, Palakkad",MBBS,MM,23,mbbs_p1_final.pdf
2025,1,3296,8468,EZ,,MBD,"Mar Baselious Dental College, Kothamangalam",BDS,SM,27,mbbs_p1_final.pdf
2025,1,3297,8473,DV,,KDM,"P K Das Institute of Medical Sciences, Ottapalam",MBBS,DV,23,mbbs_p1_final.pdf
2025,1,3298,8475,SC,,ALP,"T D Govt. Medical College, Alappuzha",MBBS,SC,5,mbbs_p1_final.pdf
2025,1,3299,8483,GN,,SMC,"Dr. Somervell Memorial CSI Medical College, Karakonam",MBBS,AC,29,mbbs_p1_final.pdf
2025,1,3300,8486,GN,,AZC,"Azeezia Institute of Medi Science, Meyyannoor, Kollam",MBBS,MM,29,mbbs_p1_final.pdf
2025,1,3301,8487,EZ,,KDM,"P K Das Institute of Medical Sciences, Ottapalam",MBBS,EZ,26,mbbs_p1_final.pdf
2025,1,3302,8488,SC,,ALP,"T D Govt. Medical College, Alappuzha",MBBS,SC,5,mbbs_p1_final.pdf
2025,1,3303,8493,LA,,MMH,"Malabar Medical College Hospital, Kozhikkode",MBBS,LA,21,mbbs_p1_final.pdf
2025,1,3304,8495,MU,,AZC,"Azeezia Institute of Medi Science, Meyyannoor, Kollam",MBBS,MM,23,mbbs_p1_final.pdf
2025,1,3305,8498,BH,,PIM,"Palakkad Institute of Medical Sciences, Walayar",MBBS,SM,32,mbbs_p1_final.pdf
2025,1,3306,8508,MU,,AAM,"Al Azhar Medical college, Thodupuzha",MBBS,MU,29,mbbs_p1_final.pdf
2025,1,3307,8512,MU,,KDM,"P K Das Institute of Medical Sciences, Ottapalam",MBBS,MU,22,mbbs_p1_final.pdf
2025,1,3308,8523,BX,,SMC,"Dr. Somervell Memorial CSI Medical College, Karakonam",MBBS,AC,23,mbbs_p1_final.pdf
2025,1,3309,8526,GN,,MZM,"Mount Zion Medical College, Pathanamthitta",MBBS,AC,12,mbbs_p1_final.pdf
2025,1,3310,8527,EZ,,KDM,"P K Das Institute of Medical Sciences, Ottapalam",MBBS,EZ,21,mbbs_p1_final.pdf
2025,1,3311,8534,GN,,PIM,"Palakkad Institute of Medical Sciences, Walayar",MBBS,SM,32,mbbs_p1_final.pdf
2025,1,3312,8535,GN,,SMC,"Dr. Somervell Memorial CSI Medical College, Karakonam",MBBS,AC,29,mbbs_p1_final.pdf
2025,1,3313,8537,EZ,,KDM,"P K Das Institute of Medical Sciences, Ottapalam",MBBS,EZ,26,mbbs_p1_final.pdf
2025,1,3314,8540,MU,,AZC,"Azeezia Institute of Medi Science, Meyyannoor, Kollam",MBBS,MM,17,mbbs_p1_final.pdf
2025,1,3315,8546,MU,,AZC,"Azeezia Institute of Medi Science, Meyyannoor, Kollam",MBBS,MM,26,mbbs_p1_final.pdf
2025,1,3316,8552,DV,,DMM,"Dr. Moopens Medical College, Meppadi, Wayanad",MBBS,DV,28,mbbs_p1_final.pdf
2025,1,3317,8554,GN,,SMC,"Dr. Somervell Memorial CSI Medical College, Karakonam",MBBS,AC,27,mbbs_p1_final.pdf
2025,1,3318,8555,BH,,PIM,"Palakkad Institute of Medical Sciences, Walayar",MBBS,SM,32,mbbs_p1_final.pdf
2025,1,3319,8557,BX,,SMC,"Dr. Somervell Memorial CSI Medical College, Karakonam",MBBS,AC,11,mbbs_p1_final.pdf
2025,1,3320,8559,GN,,SMC,"Dr. Somervell Memorial CSI Medical College, Karakonam",MBBS,AC,16,mbbs_p1_final.pdf
2025,1,3321,8561,EZ,,AAM,"Al Azhar Medical college, Thodupuzha",MBBS,EZ,32,mbbs_p1_final.pdf
2025,1,3322,8563,BH,,PIM,"Palakkad Institute of Medical Sciences, Walayar",MBBS,SM,30,mbbs_p1_final.pdf
2025,1,3323,8566,SC,,ALP,"T D Govt. Medical College, Alappuzha",MBBS,SC,5,mbbs_p1_final.pdf
2025,1,3324,8573,GN,,PIM,"Palakkad Institute of Medical Sciences, Walayar",MBBS,SM,32,mbbs_p1_final.pdf
2025,1,3325,8575,SC,,ALP,"T D Govt. Medical College, Alappuzha",MBBS,SC,5,mbbs_p1_final.pdf
2025,1,3326,8576,MU,,AZC,"Azeezia Institute of Medi Science, Meyyannoor, Kollam",MBBS,MM,24,mbbs_p1_final.pdf
2025,1,3327,8583,GN,,PIM,"Palakkad Institute of Medical Sciences, Walayar",MBBS,SM,31,mbbs_p1_final.pdf
2025,1,3328,8584,MU,,KDM,"P K Das Institute of Medical Sciences, Ottapalam",MBBS,MU,26,mbbs_p1_final.pdf
2025,1,3329,8587,GN,,SMC,"Dr. Somervell Memorial CSI Medical College, Karakonam",MBBS,AC,24,mbbs_p1_final.pdf
2025,1,3330,8594,BH,,PIM,"Palakkad Institute of Medical Sciences, Walayar",MBBS,SM,32,mbbs_p1_final.pdf
2025,1,3331,8599,EZ,,DMM,"Dr. Moopens Medical College, Meppadi, Wayanad",MBBS,EZ,22,mbbs_p1_final.pdf
2025,1,3332,8606,GN,,SMC,"Dr. Somervell Memorial CSI Medical College, Karakonam",MBBS,AC,26,mbbs_p1_final.pdf
2025,1,3333,8607,SC,,ALP,"T D Govt. Medical College, Alappuzha",MBBS,SC,3,mbbs_p1_final.pdf
2025,1,3334,8608,MU,,KDM,"P K Das Institute of Medical Sciences, Ottapalam",MBBS,MU,28,mbbs_p1_final.pdf
2025,1,3335,8610,GN,,AZC,"Azeezia Institute of Medi Science, Meyyannoor, Kollam",MBBS,MM,25,mbbs_p1_final.pdf
2025,1,3336,8613,DV,,TVD,"Govt. Dental College, Thiruvananthapuram",BDS,DV,11,mbbs_p1_final.pdf
2025,1,3337,8623,MU,,AZC,"Azeezia Institute of Medi Science, Meyyannoor, Kollam",MBBS,MM,38,mbbs_p1_final.pdf
2025,1,3338,8624,BH,,PIM,"Palakkad Institute of Medical Sciences, Walayar",MBBS,SM,32,mbbs_p1_final.pdf
2025,1,3339,8627,MU,,AZC,"Azeezia Institute of Medi Science, Meyyannoor, Kollam",MBBS,MM,23,mbbs_p1_final.pdf
2025,1,3340,8628,GN,,PIM,"Palakkad Institute of Medical Sciences, Walayar",MBBS,SM,32,mbbs_p1_final.pdf
2025,1,3341,8635,GN,,SMC,"Dr. Somervell Memorial CSI Medical College, Karakonam",MBBS,AC,29,mbbs_p1_final.pdf
2025,1,3342,8636,GN,,SMC,"Dr. Somervell Memorial CSI Medical College, Karakonam",MBBS,AC,24,mbbs_p1_final.pdf
2025,1,3343,8639,EW,,SUC,"SUT Accademy of Medical Sciences, Thiruvananthapuram",MBBS,EW,14,mbbs_p1_final.pdf
2025,1,3344,8640,DV,,DMM,"Dr. Moopens Medical College, Meppadi, Wayanad",MBBS,DV,3,mbbs_p1_final.pdf
2025,1,3345,8646,GN,,PIM,"Palakkad Institute of Medical Sciences, Walayar",MBBS,SM,20,mbbs_p1_final.pdf
2025,1,3346,8648,GN,,MZM,"Mount Zion Medical College, Pathanamthitta",MBBS,AC,25,mbbs_p1_final.pdf
2025,1,3347,8649,GN,,PIM,"Palakkad Institute of Medical Sciences, Walayar",MBBS,SM,25,mbbs_p1_final.pdf
2025,1,3348,8651,EW,,MMH,"Malabar Medical College Hospital, Kozhikkode",MBBS,EW,18,mbbs_p1_final.pdf
2025,1,3349,8656,GN,,AMC,"Amala Institute of Medical Sciences, Thrissur",MBBS,NR,5,mbbs_p1_final.pdf
2025,1,3350,8661,GN,,PIM,"Palakkad Institute of Medical Sciences, Walayar",MBBS,SM,32,mbbs_p1_final.pdf
2025,1,3351,8664,GN,,SMC,"Dr. Somervell Memorial CSI Medical College, Karakonam",MBBS,AC,18,mbbs_p1_final.pdf
2025,1,3352,8665,GN,,SMC,"Dr. Somervell Memorial CSI Medical College, Karakonam",MBBS,AC,30,mbbs_p1_final.pdf
2025,1,3353,8666,MU,,KMM,"Karuna Medical College, Vilayodi, Palakkad",MBBS,MM,30,mbbs_p1_final.pdf
2025,1,3354,8668,GN,,SMC,"Dr. Somervell Memorial CSI Medical College, Karakonam",MBBS,AC,10,mbbs_p1_final.pdf
2025,1,3355,8673,SC,,MLP,"Govt. Medical College, Manjeri",MBBS,SC,4,mbbs_p1_final.pdf
2025,1,3356,8676,EZ,,DMM,"Dr. Moopens Medical College, Meppadi, Wayanad",MBBS,EZ,25,mbbs_p1_final.pdf
2025,1,3357,8679,GN,,PIM,"Palakkad Institute of Medical Sciences, Walayar",MBBS,SM,27,mbbs_p1_final.pdf
2025,1,3358,8686,LA,,MMH,"Malabar Medical College Hospital, Kozhikkode",MBBS,LA,22,mbbs_p1_final.pdf
2025,1,3359,8687,DV,,PIM,"Palakkad Institute of Medical Sciences, Walayar",MBBS,SM,27,mbbs_p1_final.pdf
2025,1,3360,8689,GN,,PIM,"Palakkad Institute of Medical Sciences, Walayar",MBBS,SM,32,mbbs_p1_final.pdf
2025,1,3361,8693,SC,,CMC,"Govt. Medical College, Ernakulam",MBBS,SC,5,mbbs_p1_final.pdf
2025,1,3362,8694,VK,,SIM,"Sree Narayana Institute of Medical Sciences, Chalakka, Ernakulam.",MBBS,VK,28,mbbs_p1_final.pdf
2025,1,3363,8696,GN,,PIM,"Palakkad Institute of Medical Sciences, Walayar",MBBS,SM,23,mbbs_p1_final.pdf
2025,1,3364,8700,MU,,KMM,"Karuna Medical College, Vilayodi, Palakkad",MBBS,MM,22,mbbs_p1_final.pdf
2025,1,3365,8701,SC,,ALP,"T D Govt. Medical College, Alappuzha",MBBS,SC,5,mbbs_p1_final.pdf
2025,1,3366,8704,GN,,SMC,"Dr. Somervell Memorial CSI Medical College, Karakonam",MBBS,AC,29,mbbs_p1_final.pdf
2025,1,3367,8708,GN,,PIM,"Palakkad Institute of Medical Sciences, Walayar",MBBS,SM,19,mbbs_p1_final.pdf
2025,1,3368,8713,EZ,,DMM,"Dr. Moopens Medical College, Meppadi, Wayanad",MBBS,EZ,20,mbbs_p1_final.pdf
2025,1,3369,8714,MU,,KMM,"Karuna Medical College, Vilayodi, Palakkad",MBBS,MM,22,mbbs_p1_final.pdf
2025,1,3370,8716,GN,,PIM,"Palakkad Institute of Medical Sciences, Walayar",MBBS,SM,26,mbbs_p1_final.pdf
2025,1,3371,8718,EZ,,AAM,"Al Azhar Medical college, Thodupuzha",MBBS,EZ,26,mbbs_p1_final.pdf
2025,1,3372,8719,GN,,PIM,"Palakkad Institute of Medical Sciences, Walayar",MBBS,SM,26,mbbs_p1_final.pdf
2025,1,3373,8725,MU,,MLD,"Malabar Dental College, Edappal",BDS,SM,7,mbbs_p1_final.pdf
2025,1,3374,8731,EZ,,AAM,"Al Azhar Medical college, Thodupuzha",MBBS,EZ,30,mbbs_p1_final.pdf
2025,1,3375,8732,BX,,SMC,"Dr. Somervell Memorial CSI Medical College, Karakonam",MBBS,AC,25,mbbs_p1_final.pdf
2025,1,3376,8736,EW,,KDM,"P K Das Institute of Medical Sciences, Ottapalam",MBBS,EW,16,mbbs_p1_final.pdf
2025,1,3377,8738,MU,,KMM,"Karuna Medical College, Vilayodi, Palakkad",MBBS,MM,18,mbbs_p1_final.pdf
2025,1,3378,8739,BH,,PIM,"Palakkad Institute of Medical Sciences, Walayar",MBBS,SM,32,mbbs_p1_final.pdf
2025,1,3379,8744,MU,,AZC,"Azeezia Institute of Medi Science, Meyyannoor, Kollam",MBBS,MM,10,mbbs_p1_final.pdf
2025,1,3380,8745,BH,,PIM,"Palakkad Institute of Medical Sciences, Walayar",MBBS,SM,26,mbbs_p1_final.pdf
2025,1,3381,8753,KU,,ALP,"T D Govt. Medical College, Alappuzha",MBBS,KU,1,mbbs_p1_final.pdf
2025,1,3382,8754,GN,,KMM,"Karuna Medical College, Vilayodi, Palakkad",MBBS,MM,11,mbbs_p1_final.pdf
2025,1,3383,8755,EZ,,AAM,"Al Azhar Medical college, Thodupuzha",MBBS,EZ,28,mbbs_p1_final.pdf
2025,1,3384,8759,EW,,MMH,"Malabar Medical College Hospital, Kozhikkode",MBBS,EW,24,mbbs_p1_final.pdf
2025,1,3385,8761,BH,,PIM,"Palakkad Institute of Medical Sciences, Walayar",MBBS,BH,20,mbbs_p1_final.pdf
2025,1,3386,8783,GN,,SMC,"Dr. Somervell Memorial CSI Medical College, Karakonam",MBBS,AC,24,mbbs_p1_final.pdf
2025,1,3387,8785,GN,,SMC,"Dr. Somervell Memorial CSI Medical College, Karakonam",MBBS,AC,26,mbbs_p1_final.pdf
2025,1,3388,8789,EW,,SUC,"SUT Accademy of Medical Sciences, Thiruvananthapuram",MBBS,EW,20,mbbs_p1_final.pdf
2025,1,3389,8790,SC,,ALP,"T D Govt. Medical College, Alappuzha",MBBS,SC,2,mbbs_p1_final.pdf
2025,1,3390,8796,BH,,PIM,"Palakkad Institute of Medical Sciences, Walayar",MBBS,BH,17,mbbs_p1_final.pdf
2025,1,3391,8817,MU,,AZC,"Azeezia Institute of Medi Science, Meyyannoor, Kollam",MBBS,MM,16,mbbs_p1_final.pdf
2025,1,3392,8821,EZ,,PIM,"Palakkad Institute of Medical Sciences, Walayar",MBBS,EZ,27,mbbs_p1_final.pdf
2025,1,3393,8828,KN,,KLM,"Govt. Medical College, Parippally, Kollam",MBBS,KN,6,mbbs_p1_final.pdf
2025,1,3394,8832,MU,,PMD,"Pushpagiri College of Dental Science, Thiruvalla",BDS,SM,19,mbbs_p1_final.pdf
2025,1,3395,8836,MU,,AZC,"Azeezia Institute of Medi Science, Meyyannoor, Kollam",MBBS,MM,28,mbbs_p1_final.pdf
2025,1,3396,8838,GN,,SMC,"Dr. Somervell Memorial CSI Medical College, Karakonam",MBBS,AC,20,mbbs_p1_final.pdf
2025,1,3397,8839,MU,,KMM,"Karuna Medical College, Vilayodi, Palakkad",MBBS,MM,19,mbbs_p1_final.pdf
2025,1,3398,8846,EZ,,PIM,"Palakkad Institute of Medical Sciences, Walayar",MBBS,EZ,32,mbbs_p1_final.pdf
2025,1,3399,8850,EW,,MMH,"Malabar Medical College Hospital, Kozhikkode",MBBS,EW,19,mbbs_p1_final.pdf
2025,1,3400,8858,MU,,KMM,"Karuna Medical College, Vilayodi, Palakkad",MBBS,MM,8,mbbs_p1_final.pdf
2025,1,3401,8859,MU,,AAM,"Al Azhar Medical college, Thodupuzha",MBBS,MU,21,mbbs_p1_final.pdf
2025,1,3402,8862,MU,,AZC,"Azeezia Institute of Medi Science, Meyyannoor, Kollam",MBBS,MM,17,mbbs_p1_final.pdf
2025,1,3403,8869,LA,,SIM,"Sree Narayana Institute of Medical Sciences, Chalakka, Ernakulam.",MBBS,LA,22,mbbs_p1_final.pdf
2025,1,3404,8873,KN,,PTM,"Government Medical College, Konni, Pathanamthitta",MBBS,KN,7,mbbs_p1_final.pdf
2025,1,3405,8884,MU,,KMM,"Karuna Medical College, Vilayodi, Palakkad",MBBS,MM,16,mbbs_p1_final.pdf
2025,1,3406,8885,GN,,SMC,"Dr. Somervell Memorial CSI Medical College, Karakonam",MBBS,AC,24,mbbs_p1_final.pdf
2025,1,3407,8887,GN,,PMD,"Pushpagiri College of Dental Science, Thiruvalla",BDS,SM,9,mbbs_p1_final.pdf
2025,1,3408,8901,EZ,,PIM,"Palakkad Institute of Medical Sciences, Walayar",MBBS,EZ,30,mbbs_p1_final.pdf
2025,1,3409,8907,MU,,AAM,"Al Azhar Medical college, Thodupuzha",MBBS,MU,3,mbbs_p1_final.pdf
2025,1,3410,8908,EW,,MMH,"Malabar Medical College Hospital, Kozhikkode",MBBS,EW,17,mbbs_p1_final.pdf
2025,1,3411,8914,MU,,AZC,"Azeezia Institute of Medi Science, Meyyannoor, Kollam",MBBS,MM,28,mbbs_p1_final.pdf
2025,1,3412,8920,LA,,MZM,"Mount Zion Medical College, Pathanamthitta",MBBS,AC,27,mbbs_p1_final.pdf
2025,1,3413,8926,SC,,CMC,"Govt. Medical College, Ernakulam",MBBS,SC,5,mbbs_p1_final.pdf
2025,1,3414,8930,EW,,SMC,"Dr. Somervell Memorial CSI Medical College, Karakonam",MBBS,AC,16,mbbs_p1_final.pdf
2025,1,3415,8940,DV,,PIM,"Palakkad Institute of Medical Sciences, Walayar",MBBS,DV,31,mbbs_p1_final.pdf
2025,1,3416,8942,SC,,ALP,"T D Govt. Medical College, Alappuzha",MBBS,SC,5,mbbs_p1_final.pdf
2025,1,3417,8946,VK,,AAM,"Al Azhar Medical college, Thodupuzha",MBBS,VK,13,mbbs_p1_final.pdf
2025,1,3418,8951,EZ,,PIM,"Palakkad Institute of Medical Sciences, Walayar",MBBS,EZ,9,mbbs_p1_final.pdf
2025,1,3419,8955,KN,,GMC,"Sree Gokulam Medical College, Venjaramoodu, TVPM",MBBS,KN,12,mbbs_p1_final.pdf
2025,1,3420,8967,BH,,PMD,"Pushpagiri College of Dental Science, Thiruvalla",BDS,BH,27,mbbs_p1_final.pdf
2025,1,3421,8985,EZ,,PIM,"Palakkad Institute of Medical Sciences, Walayar",MBBS,EZ,27,mbbs_p1_final.pdf
2025,1,3422,8990,MU,,AZC,"Azeezia Institute of Medi Science, Meyyannoor, Kollam",MBBS,MM,31,mbbs_p1_final.pdf
2025,1,3423,8992,EZ,,PMD,"Pushpagiri College of Dental Science, Thiruvalla",BDS,EZ,7,mbbs_p1_final.pdf
2025,1,3424,8993,EZ,,PIM,"Palakkad Institute of Medical Sciences, Walayar",MBBS,EZ,32,mbbs_p1_final.pdf
2025,1,3425,8995,GN,,SMC,"Dr. Somervell Memorial CSI Medical College, Karakonam",MBBS,AC,25,mbbs_p1_final.pdf
2025,1,3426,8996,LA,,SUC,"SUT Accademy of Medical Sciences, Thiruvananthapuram",MBBS,LA,23,mbbs_p1_final.pdf
2025,1,3427,9005,GN,,MZM,"Mount Zion Medical College, Pathanamthitta",MBBS,AC,24,mbbs_p1_final.pdf
2025,1,3428,9011,MU,,AZC,"Azeezia Institute of Medi Science, Meyyannoor, Kollam",MBBS,MM,31,mbbs_p1_final.pdf
2025,1,3429,9028,BX,,SMC,"Dr. Somervell Memorial CSI Medical College, Karakonam",MBBS,AC,16,mbbs_p1_final.pdf
2025,1,3430,9035,SC,,CMC,"Govt. Medical College, Ernakulam",MBBS,SC,6,mbbs_p1_final.pdf
2025,1,3431,9038,SC,,CMC,"Govt. Medical College, Ernakulam",MBBS,SC,6,mbbs_p1_final.pdf
2025,1,3432,9041,MU,,AZC,"Azeezia Institute of Medi Science, Meyyannoor, Kollam",MBBS,MM,31,mbbs_p1_final.pdf
2025,1,3433,9045,GN,,MBD,"Mar Baselious Dental College, Kothamangalam",BDS,SM,40,mbbs_p1_final.pdf
2025,1,3434,9047,MU,,AZC,"Azeezia Institute of Medi Science, Meyyannoor, Kollam",MBBS,MM,24,mbbs_p1_final.pdf
2025,1,3435,9048,GN,,SMC,"Dr. Somervell Memorial CSI Medical College, Karakonam",MBBS,AC,26,mbbs_p1_final.pdf
2025,1,3436,9053,MU,,PIM,"Palakkad Institute of Medical Sciences, Walayar",MBBS,MU,31,mbbs_p1_final.pdf
2025,1,3437,9055,GN,,SMC,"Dr. Somervell Memorial CSI Medical College, Karakonam",MBBS,AC,31,mbbs_p1_final.pdf
2025,1,3438,9060,EZ,,KMD,"KMCT Dental College, Mambatta, Mukkam, Kozhikode",BDS,SM,19,mbbs_p1_final.pdf
2025,1,3439,9063,GN,,MZM,"Mount Zion Medical College, Pathanamthitta",MBBS,AC,27,mbbs_p1_final.pdf
2025,1,3440,9068,MU,,PSD,"PSM College of Dental Sciences, Thrissur",BDS,SM,19,mbbs_p1_final.pdf
2025,1,3441,9074,MU,,AZC,"Azeezia Institute of Medi Science, Meyyannoor, Kollam",MBBS,MM,31,mbbs_p1_final.pdf
2025,1,3442,9078,EW,,MMH,"Malabar Medical College Hospital, Kozhikkode",MBBS,EW,18,mbbs_p1_final.pdf
2025,1,3443,9079,LA,,TCD,"Govt. Dental College, Thrissur",BDS,LA,15,mbbs_p1_final.pdf
2025,1,3444,9095,LA,,SMC,"Dr. Somervell Memorial CSI Medical College, Karakonam",MBBS,AC,22,mbbs_p1_final.pdf
2025,1,3445,9102,MU,,KMM,"Karuna Medical College, Vilayodi, Palakkad",MBBS,MM,24,mbbs_p1_final.pdf
2025,1,3446,9104,GN,,MZM,"Mount Zion Medical College, Pathanamthitta",MBBS,AC,18,mbbs_p1_final.pdf
2025,1,3447,9108,LA,,SMC,"Dr. Somervell Memorial CSI Medical College, Karakonam",MBBS,AC,24,mbbs_p1_final.pdf
2025,1,3448,9109,LA,,SUC,"SUT Accademy of Medical Sciences, Thiruvananthapuram",MBBS,LA,2,mbbs_p1_final.pdf
2025,1,3449,9118,GN,,AZC,"Azeezia Institute of Medi Science, Meyyannoor, Kollam",MBBS,MM,28,mbbs_p1_final.pdf
2025,1,3450,9123,SC,,CMC,"Govt. Medical College, Ernakulam",MBBS,SC,6,mbbs_p1_final.pdf
2025,1,3451,9126,GN,,SMC,"Dr. Somervell Memorial CSI Medical College, Karakonam",MBBS,AC,24,mbbs_p1_final.pdf
2025,1,3452,9133,SC,,KNM,Government Medical College Kannur,MBBS,SC,6,mbbs_p1_final.pdf
2025,1,3453,9137,DV,,KKD,"Govt. Dental College, Kozhikkode",BDS,DV,27,mbbs_p1_final.pdf
2025,1,3454,9139,GN,,MZM,"Mount Zion Medical College, Pathanamthitta",MBBS,AC,24,mbbs_p1_final.pdf
2025,1,3455,9140,LA,,KCM,"KMCT Medical College, Mukkom, Kozikkode",MBBS,LA,19,mbbs_p1_final.pdf
2025,1,3456,9151,GN,,SMC,"Dr. Somervell Memorial CSI Medical College, Karakonam",MBBS,AC,27,mbbs_p1_final.pdf
2025,1,3457,9155,GN,,SMC,"Dr. Somervell Memorial CSI Medical College, Karakonam",MBBS,AC,26,mbbs_p1_final.pdf
2025,1,3458,9161,MU,,KMM,"Karuna Medical College, Vilayodi, Palakkad",MBBS,MM,27,mbbs_p1_final.pdf
2025,1,3459,9168,GN,,SMC,"Dr. Somervell Memorial CSI Medical College, Karakonam",MBBS,AC,12,mbbs_p1_final.pdf
2025,1,3460,9173,SC,,KNM,Government Medical College Kannur,MBBS,SC,6,mbbs_p1_final.pdf
2025,1,3461,9174,BX,,AAM,"Al Azhar Medical college, Thodupuzha",MBBS,BX,21,mbbs_p1_final.pdf
2025,1,3462,9180,GN,,KMD,"KMCT Dental College, Mambatta, Mukkam, Kozhikode",BDS,SM,19,mbbs_p1_final.pdf
2025,1,3463,9192,GN,,SMC,"Dr. Somervell Memorial CSI Medical College, Karakonam",MBBS,AC,12,mbbs_p1_final.pdf
2025,1,3464,9205,BX,,SMC,"Dr. Somervell Memorial CSI Medical College, Karakonam",MBBS,AC,25,mbbs_p1_final.pdf
2025,1,3465,9207,MU,,KMM,"Karuna Medical College, Vilayodi, Palakkad",MBBS,MM,26,mbbs_p1_final.pdf
2025,1,3466,9208,MU,,AZC,"Azeezia Institute of Medi Science, Meyyannoor, Kollam",MBBS,MM,12,mbbs_p1_final.pdf
2025,1,3467,9211,GN,,SMC,"Dr. Somervell Memorial CSI Medical College, Karakonam",MBBS,AC,24,mbbs_p1_final.pdf
2025,1,3468,9214,SC,,MLP,"Govt. Medical College, Manjeri",MBBS,SC,6,mbbs_p1_final.pdf
2025,1,3469,9219,GN,,SMC,"Dr. Somervell Memorial CSI Medical College, Karakonam",MBBS,AC,27,mbbs_p1_final.pdf
2025,1,3470,9220,LA,,AAM,"Al Azhar Medical college, Thodupuzha",MBBS,LA,23,mbbs_p1_final.pdf
2025,1,3471,9221,MU,,AAM,"Al Azhar Medical college, Thodupuzha",MBBS,MM,18,mbbs_p1_final.pdf
2025,1,3472,9234,EW,,SMC,"Dr. Somervell Memorial CSI Medical College, Karakonam",MBBS,AC,26,mbbs_p1_final.pdf
2025,1,3473,9235,MU,,AZC,"Azeezia Institute of Medi Science, Meyyannoor, Kollam",MBBS,MM,16,mbbs_p1_final.pdf
2025,1,3474,9240,MU,,AAM,"Al Azhar Medical college, Thodupuzha",MBBS,MM,22,mbbs_p1_final.pdf
2025,1,3475,9249,GN,,SMC,"Dr. Somervell Memorial CSI Medical College, Karakonam",MBBS,AC,24,mbbs_p1_final.pdf
2025,1,3476,9263,VK,,IGD,"Indira Gandhi Institute of Dental Sciences, Kothamangalam",BDS,SM,36,mbbs_p1_final.pdf
2025,1,3477,9267,MU,,AZC,"Azeezia Institute of Medi Science, Meyyannoor, Kollam",MBBS,MM,29,mbbs_p1_final.pdf
2025,1,3478,9285,GN,,SMC,"Dr. Somervell Memorial CSI Medical College, Karakonam",MBBS,AC,10,mbbs_p1_final.pdf
2025,1,3479,9287,MU,,KMM,"Karuna Medical College, Vilayodi, Palakkad",MBBS,MM,26,mbbs_p1_final.pdf
2025,1,3480,9294,MU,,AZC,"Azeezia Institute of Medi Science, Meyyannoor, Kollam",MBBS,MM,11,mbbs_p1_final.pdf
2025,1,3481,9298,GN,,SMC,"Dr. Somervell Memorial CSI Medical College, Karakonam",MBBS,AC,27,mbbs_p1_final.pdf
2025,1,3482,9309,MU,,AZC,"Azeezia Institute of Medi Science, Meyyannoor, Kollam",MBBS,MM,28,mbbs_p1_final.pdf
2025,1,3483,9320,GN,,SMC,"Dr. Somervell Memorial CSI Medical College, Karakonam",MBBS,AC,14,mbbs_p1_final.pdf
2025,1,3484,9323,MU,,KMM,"Karuna Medical College, Vilayodi, Palakkad",MBBS,MM,30,mbbs_p1_final.pdf
2025,1,3485,9326,SC,,KLM,"Govt. Medical College, Parippally, Kollam",MBBS,SC,6,mbbs_p1_final.pdf
2025,1,3486,9327,EW,,MMH,"Malabar Medical College Hospital, Kozhikkode",MBBS,EW,25,mbbs_p1_final.pdf
2025,1,3487,9338,SC,,KNM,Government Medical College Kannur,MBBS,SC,5,mbbs_p1_final.pdf
2025,1,3488,9350,MU,,AZC,"Azeezia Institute of Medi Science, Meyyannoor, Kollam",MBBS,MM,16,mbbs_p1_final.pdf
2025,1,3489,9351,GN,,SMC,"Dr. Somervell Memorial CSI Medical College, Karakonam",MBBS,AC,24,mbbs_p1_final.pdf
2025,1,3490,9371,MU,,KMM,"Karuna Medical College, Vilayodi, Palakkad",MBBS,MM,23,mbbs_p1_final.pdf
2025,1,3491,9375,MU,,AZC,"Azeezia Institute of Medi Science, Meyyannoor, Kollam",MBBS,MM,18,mbbs_p1_final.pdf
2025,1,3492,9382,GN,,MBD,"Mar Baselious Dental College, Kothamangalam",BDS,SM,40,mbbs_p1_final.pdf
2025,1,3493,9385,GN,,JMC,"Jubilee Mission Medical College, Thrisur",MBBS,NR,5,mbbs_p1_final.pdf
2025,1,3494,9390,MU,,AZC,"Azeezia Institute of Medi Science, Meyyannoor, Kollam",MBBS,MM,27,mbbs_p1_final.pdf
2025,1,3495,9398,GN,,PMS,"PMS College of Dental Sciences, Vattappara, TVPM",BDS,SM,39,mbbs_p1_final.pdf
2025,1,3496,9401,MU,,KMD,"KMCT Dental College, Mambatta, Mukkam, Kozhikode",BDS,SM,19,mbbs_p1_final.pdf
2025,1,3497,9404,MU,,AZC,"Azeezia Institute of Medi Science, Meyyannoor, Kollam",MBBS,MM,24,mbbs_p1_final.pdf
2025,1,3498,9405,GN,,MBD,"Mar Baselious Dental College, Kothamangalam",BDS,SM,25,mbbs_p1_final.pdf
2025,1,3499,9412,GN,,SMC,"Dr. Somervell Memorial CSI Medical College, Karakonam",MBBS,AC,24,mbbs_p1_final.pdf
2025,1,3500,9418,DV,,ALD,"Government Dental College, Alappuzha",BDS,DV,35,mbbs_p1_final.pdf
2025,1,3501,9423,EZ,,MBD,"Mar Baselious Dental College, Kothamangalam",BDS,SM,38,mbbs_p1_final.pdf
2025,1,3502,9425,MU,,AZC,"Azeezia Institute of Medi Science, Meyyannoor, Kollam",MBBS,MM,18,mbbs_p1_final.pdf
2025,1,3503,9426,MU,,AAM,"Al Azhar Medical college, Thodupuzha",MBBS,MM,29,mbbs_p1_final.pdf
2025,1,3504,9427,EW,,MMH,"Malabar Medical College Hospital, Kozhikkode",MBBS,EW,19,mbbs_p1_final.pdf
2025,1,3505,9436,MU,,PIM,"Palakkad Institute of Medical Sciences, Walayar",MBBS,MU,29,mbbs_p1_final.pdf
2025,1,3506,9442,MU,,AZC,"Azeezia Institute of Medi Science, Meyyannoor, Kollam",MBBS,MM,30,mbbs_p1_final.pdf
2025,1,3507,9443,GN,,AZC,"Azeezia Institute of Medi Science, Meyyannoor, Kollam",MBBS,MM,20,mbbs_p1_final.pdf
2025,1,3508,9444,GN,,KMM,"Karuna Medical College, Vilayodi, Palakkad",MBBS,MM,14,mbbs_p1_final.pdf
2025,1,3509,9479,VK,,DMM,"Dr. Moopens Medical College, Meppadi, Wayanad",MBBS,VK,29,mbbs_p1_final.pdf
2025,1,3510,9482,GN,,SMC,"Dr. Somervell Memorial CSI Medical College, Karakonam",MBBS,AC,24,mbbs_p1_final.pdf
2025,1,3511,9486,GN,,MZM,"Mount Zion Medical College, Pathanamthitta",MBBS,AC,26,mbbs_p1_final.pdf
2025,1,3512,9493,MU,,KMM,"Karuna Medical College, Vilayodi, Palakkad",MBBS,MM,28,mbbs_p1_final.pdf
2025,1,3513,9495,MU,,KMM,"Karuna Medical College, Vilayodi, Palakkad",MBBS,MM,25,mbbs_p1_final.pdf
2025,1,3514,9497,MU,,AAM,"Al Azhar Medical college, Thodupuzha",MBBS,MM,23,mbbs_p1_final.pdf
2025,1,3515,9502,MU,,KMM,"Karuna Medical College, Vilayodi, Palakkad",MBBS,MM,15,mbbs_p1_final.pdf
2025,1,3516,9503,LA,,SUC,"SUT Accademy of Medical Sciences, Thiruvananthapuram",MBBS,LA,26,mbbs_p1_final.pdf
2025,1,3517,9507,LA,,MMH,"Malabar Medical College Hospital, Kozhikkode",MBBS,LA,18,mbbs_p1_final.pdf
2025,1,3518,9511,GN,,MBD,"Mar Baselious Dental College, Kothamangalam",BDS,SM,40,mbbs_p1_final.pdf
2025,1,3519,9513,MU,,AAM,"Al Azhar Medical college, Thodupuzha",MBBS,MM,33,mbbs_p1_final.pdf
2025,1,3520,9515,MU,,KMM,"Karuna Medical College, Vilayodi, Palakkad",MBBS,MM,9,mbbs_p1_final.pdf
2025,1,3521,9526,MU,,KMM,"Karuna Medical College, Vilayodi, Palakkad",MBBS,MM,28,mbbs_p1_final.pdf
2025,1,3522,9527,LA,,KND,"Government Dental College, Kannur",BDS,LA,18,mbbs_p1_final.pdf
2025,1,3523,9531,MU,,KMM,"Karuna Medical College, Vilayodi, Palakkad",MBBS,MM,20,mbbs_p1_final.pdf
2025,1,3524,9537,MU,,AAD,"Al Azhar Dental College, Thodupuzha",BDS,SM,19,mbbs_p1_final.pdf
2025,1,3525,9544,MU,,KMM,"Karuna Medical College, Vilayodi, Palakkad",MBBS,MM,23,mbbs_p1_final.pdf
2025,1,3526,9550,MU,,KMD,"KMCT Dental College, Mambatta, Mukkam, Kozhikode",BDS,SM,24,mbbs_p1_final.pdf
2025,1,3527,9553,MU,,KMM,"Karuna Medical College, Vilayodi, Palakkad",MBBS,MM,20,mbbs_p1_final.pdf
2025,1,3528,9567,SC,,MLP,"Govt. Medical College, Manjeri",MBBS,SC,6,mbbs_p1_final.pdf
2025,1,3529,9574,GN,,MZM,"Mount Zion Medical College, Pathanamthitta",MBBS,AC,34,mbbs_p1_final.pdf
2025,1,3530,9577,GN,,MZM,"Mount Zion Medical College, Pathanamthitta",MBBS,AC,32,mbbs_p1_final.pdf
2025,1,3531,9580,GN,,AAD,"Al Azhar Dental College, Thodupuzha",BDS,SM,23,mbbs_p1_final.pdf
2025,1,3532,9584,GN,,MZM,"Mount Zion Medical College, Pathanamthitta",MBBS,AC,20,mbbs_p1_final.pdf
2025,1,3533,9585,KN,,IDM,Government Medical College Idukki,MBBS,KN,11,mbbs_p1_final.pdf
2025,1,3534,9587,MU,,KMM,"Karuna Medical College, Vilayodi, Palakkad",MBBS,MM,21,mbbs_p1_final.pdf
2025,1,3535,9593,GN,,MZM,"Mount Zion Medical College, Pathanamthitta",MBBS,AC,28,mbbs_p1_final.pdf
2025,1,3536,9595,GN,,MZM,"Mount Zion Medical College, Pathanamthitta",MBBS,AC,39,mbbs_p1_final.pdf
2025,1,3537,9605,GN,,GMC,"Sree Gokulam Medical College, Venjaramoodu, TVPM",MBBS,NR,16,mbbs_p1_final.pdf
2025,1,3538,9608,EW,,SUC,"SUT Accademy of Medical Sciences, Thiruvananthapuram",MBBS,EW,27,mbbs_p1_final.pdf
2025,1,3539,9616,BX,,MZM,"Mount Zion Medical College, Pathanamthitta",MBBS,BX,30,mbbs_p1_final.pdf
2025,1,3540,9619,MU,,AAM,"Al Azhar Medical college, Thodupuzha",MBBS,MM,34,mbbs_p1_final.pdf
2025,1,3541,9620,MU,,AAM,"Al Azhar Medical college, Thodupuzha",MBBS,MM,30,mbbs_p1_final.pdf
2025,1,3542,9622,BH,,AAD,"Al Azhar Dental College, Thodupuzha",BDS,SM,39,mbbs_p1_final.pdf
2025,1,3543,9633,MU,,PIM,"Palakkad Institute of Medical Sciences, Walayar",MBBS,MU,20,mbbs_p1_final.pdf
2025,1,3544,9634,GN,,MZM,"Mount Zion Medical College, Pathanamthitta",MBBS,AC,25,mbbs_p1_final.pdf
2025,1,3545,9638,VK,,DMM,"Dr. Moopens Medical College, Meppadi, Wayanad",MBBS,VK,26,mbbs_p1_final.pdf
2025,1,3546,9645,BH,,MBD,"Mar Baselious Dental College, Kothamangalam",BDS,SM,40,mbbs_p1_final.pdf
2025,1,3547,9655,MU,,AAM,"Al Azhar Medical college, Thodupuzha",MBBS,MM,9,mbbs_p1_final.pdf
2025,1,3548,9658,MU,,KMM,"Karuna Medical College, Vilayodi, Palakkad",MBBS,MM,24,mbbs_p1_final.pdf
2025,1,3549,9662,SC,,MLP,"Govt. Medical College, Manjeri",MBBS,SC,6,mbbs_p1_final.pdf
2025,1,3550,9667,MU,,KMM,"Karuna Medical College, Vilayodi, Palakkad",MBBS,MM,12,mbbs_p1_final.pdf
2025,1,3551,9668,EZ,,PSD,"PSM College of Dental Sciences, Thrissur",BDS,SM,19,mbbs_p1_final.pdf
2025,1,3552,9677,SC,,CMC,"Govt. Medical College, Ernakulam",MBBS,SC,6,mbbs_p1_final.pdf
2025,1,3553,9678,BX,,PIM,"Palakkad Institute of Medical Sciences, Walayar",MBBS,BX,30,mbbs_p1_final.pdf
2025,1,3554,9682,GN,,PSD,"PSM College of Dental Sciences, Thrissur",BDS,SM,27,mbbs_p1_final.pdf
2025,1,3555,9685,SC,,MLP,"Govt. Medical College, Manjeri",MBBS,SC,6,mbbs_p1_final.pdf
2025,1,3556,9686,GN,,MZM,"Mount Zion Medical College, Pathanamthitta",MBBS,AC,23,mbbs_p1_final.pdf
2025,1,3557,9688,GN,,PMS,"PMS College of Dental Sciences, Vattappara, TVPM",BDS,SM,20,mbbs_p1_final.pdf
2025,1,3558,9693,GN,,KMD,"KMCT Dental College, Mambatta, Mukkam, Kozhikode",BDS,SM,39,mbbs_p1_final.pdf
2025,1,3559,9694,MU,,AAM,"Al Azhar Medical college, Thodupuzha",MBBS,MM,15,mbbs_p1_final.pdf
2025,1,3560,9705,MU,,AAM,"Al Azhar Medical college, Thodupuzha",MBBS,MM,33,mbbs_p1_final.pdf
2025,1,3561,9715,MU,,AAM,"Al Azhar Medical college, Thodupuzha",MBBS,MM,24,mbbs_p1_final.pdf
2025,1,3562,9720,GN,,MLD,"Malabar Dental College, Edappal",BDS,SM,19,mbbs_p1_final.pdf
2025,1,3563,9723,MU,,PIM,"Palakkad Institute of Medical Sciences, Walayar",MBBS,MU,32,mbbs_p1_final.pdf
2025,1,3564,9725,EW,,SUC,"SUT Accademy of Medical Sciences, Thiruvananthapuram",MBBS,EW,30,mbbs_p1_final.pdf
2025,1,3565,9726,GN,,MZM,"Mount Zion Medical College, Pathanamthitta",MBBS,AC,42,mbbs_p1_final.pdf
2025,1,3566,9731,MU,,AAM,"Al Azhar Medical college, Thodupuzha",MBBS,MM,36,mbbs_p1_final.pdf
2025,1,3567,9740,LA,,AZC,"Azeezia Institute of Medi Science, Meyyannoor, Kollam",MBBS,LA,28,mbbs_p1_final.pdf
2025,1,3568,9741,SC,,KNM,Government Medical College Kannur,MBBS,SC,6,mbbs_p1_final.pdf
2025,1,3569,9754,MU,,AAM,"Al Azhar Medical college, Thodupuzha",MBBS,MM,37,mbbs_p1_final.pdf
2025,1,3570,9755,MU,,AAM,"Al Azhar Medical college, Thodupuzha",MBBS,MM,22,mbbs_p1_final.pdf
2025,1,3571,9760,SC,,MLP,"Govt. Medical College, Manjeri",MBBS,SC,5,mbbs_p1_final.pdf
2025,1,3572,9761,MU,,AAM,"Al Azhar Medical college, Thodupuzha",MBBS,MM,33,mbbs_p1_final.pdf
2025,1,3573,9772,GN,,AAM,"Al Azhar Medical college, Thodupuzha",MBBS,MM,33,mbbs_p1_final.pdf
2025,1,3574,9783,EZ,,KTM,"Govt. Medical College, Kottayam",MBBS,PD,1,mbbs_p1_final.pdf
2025,1,3575,9788,LA,,MMH,"Malabar Medical College Hospital, Kozhikkode",MBBS,LA,23,mbbs_p1_final.pdf
2025,1,3576,9794,SC,,CMC,"Govt. Medical College, Ernakulam",MBBS,SC,6,mbbs_p1_final.pdf
2025,1,3577,9800,GN,,PSD,"PSM College of Dental Sciences, Thrissur",BDS,SM,39,mbbs_p1_final.pdf
2025,1,3578,9802,MU,,AAM,"Al Azhar Medical college, Thodupuzha",MBBS,MM,26,mbbs_p1_final.pdf
2025,1,3579,9803,EW,,PMD,"Pushpagiri College of Dental Science, Thiruvalla",BDS,EW,19,mbbs_p1_final.pdf
2025,1,3580,9806,GN,,PMS,"PMS College of Dental Sciences, Vattappara, TVPM",BDS,SM,7,mbbs_p1_final.pdf
2025,1,3581,9811,KN,,IDM,Government Medical College Idukki,MBBS,FL-KN,9,mbbs_p1_final.pdf
2025,1,3582,9824,SC,,KLM,"Govt. Medical College, Parippally, Kollam",MBBS,SC,7,mbbs_p1_final.pdf
2025,1,3583,9825,BX,,KMM,"Karuna Medical College, Vilayodi, Palakkad",MBBS,BX,22,mbbs_p1_final.pdf
2025,1,3584,9826,EZ,,PSD,"PSM College of Dental Sciences, Thrissur",BDS,SM,19,mbbs_p1_final.pdf
2025,1,3585,9830,MU,,AAM,"Al Azhar Medical college, Thodupuzha",MBBS,MM,33,mbbs_p1_final.pdf
2025,1,3586,9849,SC,,KLM,"Govt. Medical College, Parippally, Kollam",MBBS,SC,3,mbbs_p1_final.pdf
2025,1,3587,9876,MU,,AAM,"Al Azhar Medical college, Thodupuzha",MBBS,MM,35,mbbs_p1_final.pdf
2025,1,3588,9893,MU,,PMD,"Pushpagiri College of Dental Science, Thiruvalla",BDS,MU,18,mbbs_p1_final.pdf
2025,1,3589,9905,LA,,KDM,"P K Das Institute of Medical Sciences, Ottapalam",MBBS,LA,18,mbbs_p1_final.pdf
2025,1,3590,9909,GN,,MBD,"Mar Baselious Dental College, Kothamangalam",BDS,SM,18,mbbs_p1_final.pdf
2025,1,3591,9917,SC,,KLM,"Govt. Medical College, Parippally, Kollam",MBBS,SC,6,mbbs_p1_final.pdf
2025,1,3592,9923,MU,,AAM,"Al Azhar Medical college, Thodupuzha",MBBS,MM,35,mbbs_p1_final.pdf
2025,1,3593,9930,GN,,MZM,"Mount Zion Medical College, Pathanamthitta",MBBS,AC,33,mbbs_p1_final.pdf
2025,1,3594,9932,BH,,MBD,"Mar Baselious Dental College, Kothamangalam",BDS,SM,18,mbbs_p1_final.pdf
2025,1,3595,9936,MU,,AAM,"Al Azhar Medical college, Thodupuzha",MBBS,MM,24,mbbs_p1_final.pdf
2025,1,3596,9952,GN,,MZM,"Mount Zion Medical College, Pathanamthitta",MBBS,AC,34,mbbs_p1_final.pdf
2025,1,3597,9961,MU,,AAM,"Al Azhar Medical college, Thodupuzha",MBBS,MM,32,mbbs_p1_final.pdf
2025,1,3598,9975,MU,,AAM,"Al Azhar Medical college, Thodupuzha",MBBS,MM,32,mbbs_p1_final.pdf
2025,1,3599,9979,MU,,AAM,"Al Azhar Medical college, Thodupuzha",MBBS,MM,11,mbbs_p1_final.pdf
2025,1,3600,9980,GN,,MED,"MES Dental College, Perinthalmanna",BDS,SM,39,mbbs_p1_final.pdf
2025,1,3601,9984,MU,,AAM,"Al Azhar Medical college, Thodupuzha",MBBS,MM,29,mbbs_p1_final.pdf
2025,1,3602,9987,GN,,AAM,"Al Azhar Medical college, Thodupuzha",MBBS,MM,33,mbbs_p1_final.pdf
2025,1,3603,9990,GN,,AAM,"Al Azhar Medical college, Thodupuzha",MBBS,MM,37,mbbs_p1_final.pdf
2025,1,3604,9997,GN,,DMM,"Dr. Moopens Medical College, Meppadi, Wayanad",MBBS,NR,19,mbbs_p1_final.pdf
2025,1,3605,10001,GN,,MZM,"Mount Zion Medical College, Pathanamthitta",MBBS,AC,36,mbbs_p1_final.pdf
2025,1,3606,10004,MU,,AAM,"Al Azhar Medical college, Thodupuzha",MBBS,MM,35,mbbs_p1_final.pdf
2025,1,3607,10010,MU,,AAM,"Al Azhar Medical college, Thodupuzha",MBBS,MM,33,mbbs_p1_final.pdf
2025,1,3608,10012,GN,,MZM,"Mount Zion Medical College, Pathanamthitta",MBBS,AC,22,mbbs_p1_final.pdf
2025,1,3609,10026,BH,,ADC,"Annoor Dental College, Puthuppady, Muvattupuzha",BDS,SM,39,mbbs_p1_final.pdf
2025,1,3610,10036,EZ,,MED,"MES Dental College, Perinthalmanna",BDS,SM,39,mbbs_p1_final.pdf
2025,1,3611,10037,GN,,KMD,"KMCT Dental College, Mambatta, Mukkam, Kozhikode",BDS,SM,39,mbbs_p1_final.pdf
2025,1,3612,10040,MU,,AAM,"Al Azhar Medical college, Thodupuzha",MBBS,MM,27,mbbs_p1_final.pdf
2025,1,3613,10043,GN,,MZM,"Mount Zion Medical College, Pathanamthitta",MBBS,AC,16,mbbs_p1_final.pdf
2025,1,3614,10048,GN,,MZM,"Mount Zion Medical College, Pathanamthitta",MBBS,AC,37,mbbs_p1_final.pdf
2025,1,3615,10069,SC,,MLP,"Govt. Medical College, Manjeri",MBBS,SC,8,mbbs_p1_final.pdf
2025,1,3616,10072,SC,,PKM,"Government Medical College, Palakkad",MBBS,SC,10,mbbs_p1_final.pdf
2025,1,3617,10073,MU,,AAM,"Al Azhar Medical college, Thodupuzha",MBBS,MM,22,mbbs_p1_final.pdf
2025,1,3618,10088,BX,,KDM,"P K Das Institute of Medical Sciences, Ottapalam",MBBS,BX,22,mbbs_p1_final.pdf
2025,1,3619,10100,GN,,MZM,"Mount Zion Medical College, Pathanamthitta",MBBS,AC,28,mbbs_p1_final.pdf
2025,1,3620,10103,MU,,AAM,"Al Azhar Medical college, Thodupuzha",MBBS,MM,25,mbbs_p1_final.pdf
2025,1,3621,10104,GN,,MZM,"Mount Zion Medical College, Pathanamthitta",MBBS,AC,36,mbbs_p1_final.pdf
2025,1,3622,10105,MU,,AAM,"Al Azhar Medical college, Thodupuzha",MBBS,MM,18,mbbs_p1_final.pdf
2025,1,3623,10108,BH,,MED,"MES Dental College, Perinthalmanna",BDS,SM,40,mbbs_p1_final.pdf
2025,1,3624,10113,BX,,DMM,"Dr. Moopens Medical College, Meppadi, Wayanad",MBBS,BX,26,mbbs_p1_final.pdf
2025,1,3625,10127,EZ,,TRD,"Travancore DentalCollege, Kollam",BDS,SM,4,mbbs_p1_final.pdf
2025,1,3626,10135,GN,,MZM,"Mount Zion Medical College, Pathanamthitta",MBBS,AC,37,mbbs_p1_final.pdf
2025,1,3627,10145,GN,,AAM,"Al Azhar Medical college, Thodupuzha",MBBS,MM,22,mbbs_p1_final.pdf
2025,1,3628,10147,KN,,KCM,"KMCT Medical College, Mukkom, Kozikkode",MBBS,KN,14,mbbs_p1_final.pdf
2025,1,3629,10157,MU,,PIM,"Palakkad Institute of Medical Sciences, Walayar",MBBS,MU,20,mbbs_p1_final.pdf
2025,1,3630,10160,GN,,MZM,"Mount Zion Medical College, Pathanamthitta",MBBS,AC,22,mbbs_p1_final.pdf
2025,1,3631,10162,LA,,DMM,"Dr. Moopens Medical College, Meppadi, Wayanad",MBBS,LA,24,mbbs_p1_final.pdf
2025,1,3632,10163,SC,,IDM,Government Medical College Idukki,MBBS,SC,7,mbbs_p1_final.pdf
2025,1,3633,10166,EW,,SUC,"SUT Accademy of Medical Sciences, Thiruvananthapuram",MBBS,EW,18,mbbs_p1_final.pdf
2025,1,3634,10172,MU,,PIM,"Palakkad Institute of Medical Sciences, Walayar",MBBS,MU,23,mbbs_p1_final.pdf
2025,1,3635,10178,GN,,PMD,"Pushpagiri College of Dental Science, Thiruvalla",BDS,AC,8,mbbs_p1_final.pdf
2025,1,3636,10189,EW,,SUC,"SUT Accademy of Medical Sciences, Thiruvananthapuram",MBBS,EW,22,mbbs_p1_final.pdf
2025,1,3637,10190,LA,,AAM,"Al Azhar Medical college, Thodupuzha",MBBS,LA,31,mbbs_p1_final.pdf
2025,1,3638,10195,MU,,AAM,"Al Azhar Medical college, Thodupuzha",MBBS,MM,37,mbbs_p1_final.pdf
2025,1,3639,10202,MU,,KMD,"KMCT Dental College, Mambatta, Mukkam, Kozhikode",BDS,SM,7,mbbs_p1_final.pdf
2025,1,3640,10215,MU,,AAM,"Al Azhar Medical college, Thodupuzha",MBBS,MM,30,mbbs_p1_final.pdf
2025,1,3641,10217,MU,,AAM,"Al Azhar Medical college, Thodupuzha",MBBS,MM,34,mbbs_p1_final.pdf
2025,1,3642,10224,LA,,MZM,"Mount Zion Medical College, Pathanamthitta",MBBS,AC,27,mbbs_p1_final.pdf
2025,1,3643,10231,SC,,PKM,"Government Medical College, Palakkad",MBBS,SC,10,mbbs_p1_final.pdf
2025,1,3644,10239,MU,,AAM,"Al Azhar Medical college, Thodupuzha",MBBS,MM,26,mbbs_p1_final.pdf
2025,1,3645,10245,GN,,MZM,"Mount Zion Medical College, Pathanamthitta",MBBS,AC,16,mbbs_p1_final.pdf
2025,1,3646,10254,MU,,AAM,"Al Azhar Medical college, Thodupuzha",MBBS,MM,31,mbbs_p1_final.pdf
2025,1,3647,10258,GN,,GMC,"Sree Gokulam Medical College, Venjaramoodu, TVPM",MBBS,NR,9,mbbs_p1_final.pdf
2025,1,3648,10259,MU,,AAM,"Al Azhar Medical college, Thodupuzha",MBBS,MM,26,mbbs_p1_final.pdf
2025,1,3649,10261,GN,,MZM,"Mount Zion Medical College, Pathanamthitta",MBBS,AC,26,mbbs_p1_final.pdf
2025,1,3650,10279,EW,,KDM,"P K Das Institute of Medical Sciences, Ottapalam",MBBS,EW,20,mbbs_p1_final.pdf
2025,1,3651,10280,KN,,MMH,"Malabar Medical College Hospital, Kozhikkode",MBBS,KN,15,mbbs_p1_final.pdf
2025,1,3652,10282,GN,,MZM,"Mount Zion Medical College, Pathanamthitta",MBBS,AC,22,mbbs_p1_final.pdf
2025,1,3653,10298,MU,,AAM,"Al Azhar Medical college, Thodupuzha",MBBS,MM,8,mbbs_p1_final.pdf
2025,1,3654,10302,MU,,AAM,"Al Azhar Medical college, Thodupuzha",MBBS,MM,28,mbbs_p1_final.pdf
2025,1,3655,10305,EZ,,TCM,"Govt. Medical College, Thrissur",MBBS,DA,2,mbbs_p1_final.pdf
2025,1,3656,10312,MU,,AAM,"Al Azhar Medical college, Thodupuzha",MBBS,MM,43,mbbs_p1_final.pdf
2025,1,3657,10314,MU,,AAM,"Al Azhar Medical college, Thodupuzha",MBBS,MM,25,mbbs_p1_final.pdf
2025,1,3658,10321,SC,,PKM,"Government Medical College, Palakkad",MBBS,SC,10,mbbs_p1_final.pdf
2025,1,3659,10333,GN,,JMC,"Jubilee Mission Medical College, Thrisur",MBBS,NR,33,mbbs_p1_final.pdf
2025,1,3660,10336,GN,,MBD,"Mar Baselious Dental College, Kothamangalam",BDS,SM,25,mbbs_p1_final.pdf
2025,1,3661,10338,MU,,AAM,"Al Azhar Medical college, Thodupuzha",MBBS,MM,30,mbbs_p1_final.pdf
2025,1,3662,10352,KN,,SUC,"SUT Accademy of Medical Sciences, Thiruvananthapuram",MBBS,KN,18,mbbs_p1_final.pdf
2025,1,3663,10365,GN,,MZM,"Mount Zion Medical College, Pathanamthitta",MBBS,AC,33,mbbs_p1_final.pdf
2025,1,3664,10374,EW,,MZM,"Mount Zion Medical College, Pathanamthitta",MBBS,AC,26,mbbs_p1_final.pdf
2025,1,3665,10375,GN,,TRD,"Travancore DentalCollege, Kollam",BDS,SM,19,mbbs_p1_final.pdf
2025,1,3666,10377,SC,,PKM,"Government Medical College, Palakkad",MBBS,SC,9,mbbs_p1_final.pdf
2025,1,3667,10384,GN,,JMC,"Jubilee Mission Medical College, Thrisur",MBBS,NR,3,mbbs_p1_final.pdf
2025,1,3668,10401,EZ,,MLD,"Malabar Dental College, Edappal",BDS,SM,39,mbbs_p1_final.pdf
2025,1,3669,10411,GN,,PMS,"PMS College of Dental Sciences, Vattappara, TVPM",BDS,SM,39,mbbs_p1_final.pdf
2025,1,3670,10415,GN,,MZM,"Mount Zion Medical College, Pathanamthitta",MBBS,AC,34,mbbs_p1_final.pdf
2025,1,3671,10430,BX,,MZM,"Mount Zion Medical College, Pathanamthitta",MBBS,AC,34,mbbs_p1_final.pdf
2025,1,3672,10436,GN,,MZM,"Mount Zion Medical College, Pathanamthitta",MBBS,AC,17,mbbs_p1_final.pdf
2025,1,3673,10446,SC,,PTM,"Government Medical College, Konni, Pathanamthitta",MBBS,SC,10,mbbs_p1_final.pdf
2025,1,3674,10455,BX,,MZM,"Mount Zion Medical College, Pathanamthitta",MBBS,AC,33,mbbs_p1_final.pdf
2025,1,3675,10460,EW,,PMD,"Pushpagiri College of Dental Science, Thiruvalla",BDS,EW,19,mbbs_p1_final.pdf
2025,1,3676,10486,LA,,MZM,"Mount Zion Medical College, Pathanamthitta",MBBS,AC,34,mbbs_p1_final.pdf
2025,1,3677,10487,VK,,KDM,"P K Das Institute of Medical Sciences, Ottapalam",MBBS,VK,31,mbbs_p1_final.pdf
2025,1,3678,10504,SC,,PKM,"Government Medical College, Palakkad",MBBS,SC,9,mbbs_p1_final.pdf
2025,1,3679,10517,GN,,MZM,"Mount Zion Medical College, Pathanamthitta",MBBS,AC,31,mbbs_p1_final.pdf
2025,1,3680,10524,GN,,JMC,"Jubilee Mission Medical College, Thrisur",MBBS,NC,20,mbbs_p1_final.pdf
2025,1,3681,10540,SC,,PTM,"Government Medical College, Konni, Pathanamthitta",MBBS,SC,10,mbbs_p1_final.pdf
2025,1,3682,10546,BX,,MZM,"Mount Zion Medical College, Pathanamthitta",MBBS,AC,34,mbbs_p1_final.pdf
2025,1,3683,10556,KU,,TCM,"Govt. Medical College, Thrissur",MBBS,KU,1,mbbs_p1_final.pdf
2025,1,3684,10559,SC,,IDM,Government Medical College Idukki,MBBS,SC,9,mbbs_p1_final.pdf
2025,1,3685,10574,LA,,DMM,"Dr. Moopens Medical College, Meppadi, Wayanad",MBBS,LA,29,mbbs_p1_final.pdf
2025,1,3686,10578,GN,,MZM,"Mount Zion Medical College, Pathanamthitta",MBBS,AC,29,mbbs_p1_final.pdf
2025,1,3687,10581,GN,,MZM,"Mount Zion Medical College, Pathanamthitta",MBBS,AC,14,mbbs_p1_final.pdf
2025,1,3688,10596,EW,,SUC,"SUT Accademy of Medical Sciences, Thiruvananthapuram",MBBS,EW,22,mbbs_p1_final.pdf
2025,1,3689,10600,GN,,AMC,"Amala Institute of Medical Sciences, Thrissur",MBBS,NR,13,mbbs_p1_final.pdf
2025,1,3690,10603,GN,,AAD,"Al Azhar Dental College, Thodupuzha",BDS,SM,17,mbbs_p1_final.pdf
2025,1,3691,10610,GN,,MBD,"Mar Baselious Dental College, Kothamangalam",BDS,SM,25,mbbs_p1_final.pdf
2025,1,3692,10617,MU,,KMD,"KMCT Dental College, Mambatta, Mukkam, Kozhikode",BDS,SM,39,mbbs_p1_final.pdf
2025,1,3693,10618,SC,,PKM,"Government Medical College, Palakkad",MBBS,SC,8,mbbs_p1_final.pdf
2025,1,3694,10636,GN,,MZM,"Mount Zion Medical College, Pathanamthitta",MBBS,AC,30,mbbs_p1_final.pdf
2025,1,3695,10642,BX,,MZM,"Mount Zion Medical College, Pathanamthitta",MBBS,AC,34,mbbs_p1_final.pdf
2025,1,3696,10650,EZ,,PMD,"Pushpagiri College of Dental Science, Thiruvalla",BDS,EZ,19,mbbs_p1_final.pdf
2025,1,3697,10651,LA,,KMM,"Karuna Medical College, Vilayodi, Palakkad",MBBS,LA,28,mbbs_p1_final.pdf
2025,1,3698,10652,GN,,MZM,"Mount Zion Medical College, Pathanamthitta",MBBS,AC,20,mbbs_p1_final.pdf
2025,1,3699,10661,SC,,PTM,"Government Medical College, Konni, Pathanamthitta",MBBS,SC,5,mbbs_p1_final.pdf
2025,1,3700,10689,GN,,MZM,"Mount Zion Medical College, Pathanamthitta",MBBS,AC,17,mbbs_p1_final.pdf
2025,1,3701,10694,GN,,ADC,"Annoor Dental College, Puthuppady, Muvattupuzha",BDS,SM,13,mbbs_p1_final.pdf
2025,1,3702,10702,EW,,SUC,"SUT Accademy of Medical Sciences, Thiruvananthapuram",MBBS,EW,20,mbbs_p1_final.pdf
2025,1,3703,10710,EZ,,AAD,"Al Azhar Dental College, Thodupuzha",BDS,SM,39,mbbs_p1_final.pdf
2025,1,3704,10711,MU,,MBD,"Mar Baselious Dental College, Kothamangalam",BDS,SM,19,mbbs_p1_final.pdf
2025,1,3705,10713,LA,,KDM,"P K Das Institute of Medical Sciences, Ottapalam",MBBS,LA,27,mbbs_p1_final.pdf
2025,1,3706,10715,GN,,MZM,"Mount Zion Medical College, Pathanamthitta",MBBS,AC,27,mbbs_p1_final.pdf
2025,1,3707,10716,GN,,MZM,"Mount Zion Medical College, Pathanamthitta",MBBS,AC,26,mbbs_p1_final.pdf
2025,1,3708,10718,GN,,MZM,"Mount Zion Medical College, Pathanamthitta",MBBS,AC,12,mbbs_p1_final.pdf
2025,1,3709,10722,MU,,KMD,"KMCT Dental College, Mambatta, Mukkam, Kozhikode",BDS,SM,7,mbbs_p1_final.pdf
2025,1,3710,10728,SC,,PKM,"Government Medical College, Palakkad",MBBS,SC,4,mbbs_p1_final.pdf
2025,1,3711,10735,GN,,MBD,"Mar Baselious Dental College, Kothamangalam",BDS,SM,44,mbbs_p1_final.pdf
2025,1,3712,10759,KN,,DMM,"Dr. Moopens Medical College, Meppadi, Wayanad",MBBS,KN,21,mbbs_p1_final.pdf
2025,1,3713,10773,DV,,TCD,"Govt. Dental College, Thrissur",BDS,DV,36,mbbs_p1_final.pdf
2025,1,3714,10790,GN,,MZM,"Mount Zion Medical College, Pathanamthitta",MBBS,AC,12,mbbs_p1_final.pdf
2025,1,3715,10791,SC,,PTM,"Government Medical College, Konni, Pathanamthitta",MBBS,SC,10,mbbs_p1_final.pdf
2025,1,3716,10793,LA,,MZM,"Mount Zion Medical College, Pathanamthitta",MBBS,AC,30,mbbs_p1_final.pdf
2025,1,3717,10803,BH,,MBD,"Mar Baselious Dental College, Kothamangalam",BDS,SM,40,mbbs_p1_final.pdf
2025,1,3718,10804,GN,,MZM,"Mount Zion Medical College, Pathanamthitta",MBBS,AC,14,mbbs_p1_final.pdf
2025,1,3719,10808,GN,,PMS,"PMS College of Dental Sciences, Vattappara, TVPM",BDS,SM,26,mbbs_p1_final.pdf
2025,1,3720,10838,GN,,MZM,"Mount Zion Medical College, Pathanamthitta",MBBS,AC,2,mbbs_p1_final.pdf
2025,1,3721,10839,MU,,KMD,"KMCT Dental College, Mambatta, Mukkam, Kozhikode",BDS,SM,19,mbbs_p1_final.pdf
2025,1,3722,10854,GN,,MBD,"Mar Baselious Dental College, Kothamangalam",BDS,SM,8,mbbs_p1_final.pdf
2025,1,3723,10885,SC,,PTM,"Government Medical College, Konni, Pathanamthitta",MBBS,SC,10,mbbs_p1_final.pdf
2025,1,3724,10894,GN,,MZM,"Mount Zion Medical College, Pathanamthitta",MBBS,AC,12,mbbs_p1_final.pdf
2025,1,3725,10896,GN,,MZM,"Mount Zion Medical College, Pathanamthitta",MBBS,AC,23,mbbs_p1_final.pdf
2025,1,3726,10914,LA,,KDM,"P K Das Institute of Medical Sciences, Ottapalam",MBBS,LA,34,mbbs_p1_final.pdf
2025,1,3727,10915,VK,,KDM,"P K Das Institute of Medical Sciences, Ottapalam",MBBS,VK,16,mbbs_p1_final.pdf
2025,1,3728,10921,VK,,KDM,"P K Das Institute of Medical Sciences, Ottapalam",MBBS,VK,25,mbbs_p1_final.pdf
2025,1,3729,10934,GN,,MZM,"Mount Zion Medical College, Pathanamthitta",MBBS,AC,29,mbbs_p1_final.pdf
2025,1,3730,10941,GN,,MZM,"Mount Zion Medical College, Pathanamthitta",MBBS,AC,26,mbbs_p1_final.pdf
2025,1,3731,10952,GN,,MZM,"Mount Zion Medical College, Pathanamthitta",MBBS,AC,39,mbbs_p1_final.pdf
2025,1,3732,10957,KN,,SIM,"Sree Narayana Institute of Medical Sciences, Chalakka, Ernakulam.",MBBS,KN,23,mbbs_p1_final.pdf
2025,1,3733,10974,GN,,MZM,"Mount Zion Medical College, Pathanamthitta",MBBS,AC,33,mbbs_p1_final.pdf
2025,1,3734,10997,BH,,IGD,"Indira Gandhi Institute of Dental Sciences, Kothamangalam",BDS,SM,27,mbbs_p1_final.pdf
2025,1,3735,11010,EW,,KDM,"P K Das Institute of Medical Sciences, Ottapalam",MBBS,EW,2,mbbs_p1_final.pdf
2025,1,3736,11026,GN,,MZM,"Mount Zion Medical College, Pathanamthitta",MBBS,AC,34,mbbs_p1_final.pdf
2025,1,3737,11028,MU,,PMD,"Pushpagiri College of Dental Science, Thiruvalla",BDS,MU,45,mbbs_p1_final.pdf
2025,1,3738,11034,GN,,AMC,"Amala Institute of Medical Sciences, Thrissur",MBBS,NR,33,mbbs_p1_final.pdf
2025,1,3739,11036,GN,,MZM,"Mount Zion Medical College, Pathanamthitta",MBBS,AC,23,mbbs_p1_final.pdf
2025,1,3740,11038,GN,,MZM,"Mount Zion Medical College, Pathanamthitta",MBBS,AC,28,mbbs_p1_final.pdf
2025,1,3741,11040,KN,,KDM,"P K Das Institute of Medical Sciences, Ottapalam",MBBS,KN,22,mbbs_p1_final.pdf
2025,1,3742,11044,GN,,MZM,"Mount Zion Medical College, Pathanamthitta",MBBS,AC,16,mbbs_p1_final.pdf
2025,1,3743,11051,LA,,DMM,"Dr. Moopens Medical College, Meppadi, Wayanad",MBBS,LA,33,mbbs_p1_final.pdf
2025,1,3744,11055,GN,,JMC,"Jubilee Mission Medical College, Thrisur",MBBS,NC,31,mbbs_p1_final.pdf
2025,1,3745,11058,GN,,MZM,"Mount Zion Medical College, Pathanamthitta",MBBS,AC,30,mbbs_p1_final.pdf
2025,1,3746,11059,GN,,EMC,"MES Medical College, Perinthalmanna, Malappuram",MBBS,NR,15,mbbs_p1_final.pdf
2025,1,3747,11062,GN,,AAD,"Al Azhar Dental College, Thodupuzha",BDS,SM,40,mbbs_p1_final.pdf
2025,1,3748,11065,VK,,KMD,"KMCT Dental College, Mambatta, Mukkam, Kozhikode",BDS,SM,21,mbbs_p1_final.pdf
2025,1,3749,11078,KN,,KDM,"P K Das Institute of Medical Sciences, Ottapalam",MBBS,KN,25,mbbs_p1_final.pdf
2025,1,3750,11102,GN,,MZM,"Mount Zion Medical College, Pathanamthitta",MBBS,AC,29,mbbs_p1_final.pdf
2025,1,3751,11107,GN,,MZM,"Mount Zion Medical College, Pathanamthitta",MBBS,AC,26,mbbs_p1_final.pdf
2025,1,3752,11110,SC,,PTM,"Government Medical College, Konni, Pathanamthitta",MBBS,SC,10,mbbs_p1_final.pdf
2025,1,3753,11112,KN,,KMM,"Karuna Medical College, Vilayodi, Palakkad",MBBS,KN,27,mbbs_p1_final.pdf
2025,1,3754,11127,GN,,MBD,"Mar Baselious Dental College, Kothamangalam",BDS,SM,40,mbbs_p1_final.pdf
2025,1,3755,11129,GN,,MZM,"Mount Zion Medical College, Pathanamthitta",MBBS,AC,22,mbbs_p1_final.pdf
2025,1,3756,11138,BH,,PMS,"PMS College of Dental Sciences, Vattappara, TVPM",BDS,SM,39,mbbs_p1_final.pdf
2025,1,3757,11139,DV,,KND,"Government Dental College, Kannur",BDS,DV,38,mbbs_p1_final.pdf
2025,1,3758,11149,SC,,IDM,Government Medical College Idukki,MBBS,SC,11,mbbs_p1_final.pdf
2025,1,3759,11163,SC,,PKM,"Government Medical College, Palakkad",MBBS,SC,11,mbbs_p1_final.pdf
2025,1,3760,11164,SC,,AMC,"Amala Institute of Medical Sciences, Thrissur",MBBS,SC,10,mbbs_p1_final.pdf
2025,1,3761,11173,GN,,MZM,"Mount Zion Medical College, Pathanamthitta",MBBS,AC,20,mbbs_p1_final.pdf
2025,1,3762,11178,GN,,MZM,"Mount Zion Medical College, Pathanamthitta",MBBS,AC,27,mbbs_p1_final.pdf
2025,1,3763,11197,MU,,PMS,"PMS College of Dental Sciences, Vattappara, TVPM",BDS,SM,19,mbbs_p1_final.pdf
2025,1,3764,11198,DV,,MBD,"Mar Baselious Dental College, Kothamangalam",BDS,SM,40,mbbs_p1_final.pdf
2025,1,3765,11208,EZ,,AID,"Sree Anjaneya Institue of Dental Scinces, Atholi, Kozhikode",BDS,SM,39,mbbs_p1_final.pdf
2025,1,3766,11212,MU,,KMD,"KMCT Dental College, Mambatta, Mukkam, Kozhikode",BDS,SM,29,mbbs_p1_final.pdf
2025,1,3767,11223,LA,,PIM,"Palakkad Institute of Medical Sciences, Walayar",MBBS,LA,36,mbbs_p1_final.pdf
2025,1,3768,11227,LA,,MZM,"Mount Zion Medical College, Pathanamthitta",MBBS,AC,36,mbbs_p1_final.pdf
2025,1,3769,11239,EW,,SIM,"Sree Narayana Institute of Medical Sciences, Chalakka, Ernakulam.",MBBS,EW,22,mbbs_p1_final.pdf
2025,1,3770,11264,BH,,TVM,"Govt. Medical College, Thiruvananthapuram",MBBS,DA,1,mbbs_p1_final.pdf
2025,1,3771,11276,BH,,PMS,"PMS College of Dental Sciences, Vattappara, TVPM",BDS,SM,39,mbbs_p1_final.pdf
2025,1,3772,11279,GN,,AMC,"Amala Institute of Medical Sciences, Thrissur",MBBS,NR,14,mbbs_p1_final.pdf
2025,1,3773,11305,LA,,PIM,"Palakkad Institute of Medical Sciences, Walayar",MBBS,LA,8,mbbs_p1_final.pdf
2025,1,3774,11310,EW,,SIM,"Sree Narayana Institute of Medical Sciences, Chalakka, Ernakulam.",MBBS,EW,32,mbbs_p1_final.pdf
2025,1,3775,11312,EW,,DMM,"Dr. Moopens Medical College, Meppadi, Wayanad",MBBS,EW,33,mbbs_p1_final.pdf
2025,1,3776,11329,GN,,PMD,"Pushpagiri College of Dental Science, Thiruvalla",BDS,AC,47,mbbs_p1_final.pdf
2025,1,3777,11346,GN,,GMC,"Sree Gokulam Medical College, Venjaramoodu, TVPM",MBBS,NR,29,mbbs_p1_final.pdf
2025,1,3778,11376,SC,,AMC,"Amala Institute of Medical Sciences, Thrissur",MBBS,SC,8,mbbs_p1_final.pdf
2025,1,3779,11377,KN,,AAM,"Al Azhar Medical college, Thodupuzha",MBBS,KN,29,mbbs_p1_final.pdf
2025,1,3780,11391,MU,,KMD,"KMCT Dental College, Mambatta, Mukkam, Kozhikode",BDS,SM,1,mbbs_p1_final.pdf
2025,1,3781,11396,GN,,PMD,"Pushpagiri College of Dental Science, Thiruvalla",BDS,AC,40,mbbs_p1_final.pdf
2025,1,3782,11397,EZ,,KMD,"KMCT Dental College, Mambatta, Mukkam, Kozhikode",BDS,SM,20,mbbs_p1_final.pdf
2025,1,3783,11404,SC,,PKM,"Government Medical College, Palakkad",MBBS,SC,10,mbbs_p1_final.pdf
2025,1,3784,11407,KN,,MZM,"Mount Zion Medical College, Pathanamthitta",MBBS,KN,30,mbbs_p1_final.pdf
2025,1,3785,11419,SC,,PKM,"Government Medical College, Palakkad",MBBS,SC,10,mbbs_p1_final.pdf
2025,1,3786,11420,GN,,PMS,"PMS College of Dental Sciences, Vattappara, TVPM",BDS,SM,14,mbbs_p1_final.pdf
2025,1,3787,11425,KN,,PIM,"Palakkad Institute of Medical Sciences, Walayar",MBBS,KN,32,mbbs_p1_final.pdf
2025,1,3788,11435,MU,,AZD,"Azeezia College of Dental Science, Meyyannoor, Kollam",BDS,SM,19,mbbs_p1_final.pdf
2025,1,3789,11438,GN,,PMD,"Pushpagiri College of Dental Science, Thiruvalla",BDS,AC,47,mbbs_p1_final.pdf
2025,1,3790,11464,VK,,PIM,"Palakkad Institute of Medical Sciences, Walayar",MBBS,VK,25,mbbs_p1_final.pdf
2025,1,3791,11483,GN,,AMC,"Amala Institute of Medical Sciences, Thrissur",MBBS,NR,7,mbbs_p1_final.pdf
2025,1,3792,11494,GN,,PMS,"PMS College of Dental Sciences, Vattappara, TVPM",BDS,SM,7,mbbs_p1_final.pdf
2025,1,3793,11520,SC,,JMC,"Jubilee Mission Medical College, Thrisur",MBBS,SC,10,mbbs_p1_final.pdf
2025,1,3794,11530,EZ,,MBD,"Mar Baselious Dental College, Kothamangalam",BDS,SM,40,mbbs_p1_final.pdf
2025,1,3795,11534,GN,,PMD,"Pushpagiri College of Dental Science, Thiruvalla",BDS,AC,17,mbbs_p1_final.pdf
2025,1,3796,11552,MU,,MED,"MES Dental College, Perinthalmanna",BDS,SM,7,mbbs_p1_final.pdf
2025,1,3797,11555,EW,,DMM,"Dr. Moopens Medical College, Meppadi, Wayanad",MBBS,EW,6,mbbs_p1_final.pdf
2025,1,3798,11557,MU,,TRD,"Travancore DentalCollege, Kollam",BDS,SM,19,mbbs_p1_final.pdf
2025,1,3799,11558,EZ,,GMC,"Sree Gokulam Medical College, Venjaramoodu, TVPM",MBBS,NR,33,mbbs_p1_final.pdf
2025,1,3800,11575,GN,,PMS,"PMS College of Dental Sciences, Vattappara, TVPM",BDS,SM,39,mbbs_p1_final.pdf
2025,1,3801,11581,GN,,KCM,"KMCT Medical College, Mukkom, Kozikkode",MBBS,NR,39,mbbs_p1_final.pdf
2025,1,3802,11597,MU,,KMD,"KMCT Dental College, Mambatta, Mukkam, Kozhikode",BDS,SM,27,mbbs_p1_final.pdf
2025,1,3803,11636,GN,,KMD,"KMCT Dental College, Mambatta, Mukkam, Kozhikode",BDS,SM,39,mbbs_p1_final.pdf
2025,1,3804,11641,EW,,KDM,"P K Das Institute of Medical Sciences, Ottapalam",MBBS,EW,32,mbbs_p1_final.pdf
2025,1,3805,11643,EW,,SIM,"Sree Narayana Institute of Medical Sciences, Chalakka, Ernakulam.",MBBS,EW,13,mbbs_p1_final.pdf
2025,1,3806,11648,MU,,KMD,"KMCT Dental College, Mambatta, Mukkam, Kozhikode",BDS,SM,19,mbbs_p1_final.pdf
2025,1,3807,11656,ST,,TVM,"Govt. Medical College, Thiruvananthapuram",MBBS,ST,2,mbbs_p1_final.pdf
2025,1,3808,11659,EW,,DMM,"Dr. Moopens Medical College, Meppadi, Wayanad",MBBS,EW,20,mbbs_p1_final.pdf
2025,1,3809,11688,MU,,MED,"MES Dental College, Perinthalmanna",BDS,SM,22,mbbs_p1_final.pdf
2025,1,3810,11694,SC,,PKM,"Government Medical College, Palakkad",MBBS,SC #,7,mbbs_p1_final.pdf
2025,1,3811,11718,SC,,PKM,"Government Medical College, Palakkad",MBBS,SC,11,mbbs_p1_final.pdf
2025,1,3812,11721,EZ,,MBD,"Mar Baselious Dental College, Kothamangalam",BDS,EZ,40,mbbs_p1_final.pdf
2025,1,3813,11731,GN,,PMS,"PMS College of Dental Sciences, Vattappara, TVPM",BDS,SM,20,mbbs_p1_final.pdf
2025,1,3814,11735,GN,,EID,"Educare Institute of Dental Sciences, Malappuram",BDS,SM,12,mbbs_p1_final.pdf
2025,1,3815,11741,EW,,SIM,"Sree Narayana Institute of Medical Sciences, Chalakka, Ernakulam.",MBBS,EW,2,mbbs_p1_final.pdf
2025,1,3816,11750,EW,,DMM,"Dr. Moopens Medical College, Meppadi, Wayanad",MBBS,EW,3,mbbs_p1_final.pdf
2025,1,3817,11757,DV,,MBD,"Mar Baselious Dental College, Kothamangalam",BDS,DV,40,mbbs_p1_final.pdf
2025,1,3818,11758,LA,,PMD,"Pushpagiri College of Dental Science, Thiruvalla",BDS,LA,46,mbbs_p1_final.pdf
2025,1,3819,11771,EZ,,KMD,"KMCT Dental College, Mambatta, Mukkam, Kozhikode",BDS,SM,39,mbbs_p1_final.pdf
2025,1,3820,11777,SC,,PKM,"Government Medical College, Palakkad",MBBS,SC,10,mbbs_p1_final.pdf
2025,1,3821,11792,MU,,KMD,"KMCT Dental College, Mambatta, Mukkam, Kozhikode",BDS,SM,19,mbbs_p1_final.pdf
2025,1,3822,11813,MU,,KAD,"Kannur Dental College, Anjarakandy, Kannur",BDS,SM,45,mbbs_p1_final.pdf
2025,1,3823,11840,SC,,IDM,Government Medical College Idukki,MBBS,SC,11,mbbs_p1_final.pdf
2025,1,3824,11844,SC,,PKM,"Government Medical College, Palakkad",MBBS,SC,9,mbbs_p1_final.pdf
2025,1,3825,11846,GN,,PMS,"PMS College of Dental Sciences, Vattappara, TVPM",BDS,SM,36,mbbs_p1_final.pdf
2025,1,3826,11849,SC,,PKM,"Government Medical College, Palakkad",MBBS,SC,9,mbbs_p1_final.pdf
2025,1,3827,11855,SC,,JMC,"Jubilee Mission Medical College, Thrisur",MBBS,SC,9,mbbs_p1_final.pdf
2025,1,3828,11863,EW,,SIM,"Sree Narayana Institute of Medical Sciences, Chalakka, Ernakulam.",MBBS,EW,28,mbbs_p1_final.pdf
2025,1,3829,11871,SC,,PKM,"Government Medical College, Palakkad",MBBS,SC,10,mbbs_p1_final.pdf
2025,1,3830,11909,SC,,PKM,"Government Medical College, Palakkad",MBBS,SC,10,mbbs_p1_final.pdf
2025,1,3831,11918,GN,,PMS,"PMS College of Dental Sciences, Vattappara, TVPM",BDS,SM,21,mbbs_p1_final.pdf
2025,1,3832,11920,EZ,,MBD,"Mar Baselious Dental College, Kothamangalam",BDS,EZ,33,mbbs_p1_final.pdf
2025,1,3833,11930,SC,,PKM,"Government Medical College, Palakkad",MBBS,SC,11,mbbs_p1_final.pdf
2025,1,3834,11951,MU,,AZD,"Azeezia College of Dental Science, Meyyannoor, Kollam",BDS,SM,29,mbbs_p1_final.pdf
2025,1,3835,11955,EW,,KDM,"P K Das Institute of Medical Sciences, Ottapalam",MBBS,EW,2,mbbs_p1_final.pdf
2025,1,3836,11967,GN,,ADC,"Annoor Dental College, Puthuppady, Muvattupuzha",BDS,SM,39,mbbs_p1_final.pdf
2025,1,3837,11971,EW,,SIM,"Sree Narayana Institute of Medical Sciences, Chalakka, Ernakulam.",MBBS,EW,19,mbbs_p1_final.pdf
2025,1,3838,11972,SC,,PKM,"Government Medical College, Palakkad",MBBS,SC,10,mbbs_p1_final.pdf
2025,1,3839,11973,ST,,TVM,"Govt. Medical College, Thiruvananthapuram",MBBS,ST,2,mbbs_p1_final.pdf
2025,1,3840,11977,GN,,PMC,"Pushpagiri Institute of Medical Science, Thiruvalla",MBBS,NR,16,mbbs_p1_final.pdf
2025,1,3841,11995,SC,,PKM,"Government Medical College, Palakkad",MBBS,SC,11,mbbs_p1_final.pdf
2025,1,3842,11998,LA,,PMD,"Pushpagiri College of Dental Science, Thiruvalla",BDS,AC,47,mbbs_p1_final.pdf
2025,1,3843,12010,SC,,PKM,"Government Medical College, Palakkad",MBBS,SC,10,mbbs_p1_final.pdf
2025,1,3844,12015,MU,,KMD,"KMCT Dental College, Mambatta, Mukkam, Kozhikode",BDS,SM,7,mbbs_p1_final.pdf
2025,1,3845,12017,EW,,SIM,"Sree Narayana Institute of Medical Sciences, Chalakka, Ernakulam.",MBBS,EW,33,mbbs_p1_final.pdf
2025,1,3846,12047,EW,,SIM,"Sree Narayana Institute of Medical Sciences, Chalakka, Ernakulam.",MBBS,EW,24,mbbs_p1_final.pdf
2025,1,3847,12048,SC,,IDM,Government Medical College Idukki,MBBS,SC,9,mbbs_p1_final.pdf
2025,1,3848,12055,SC,,PKM,"Government Medical College, Palakkad",MBBS,SC,10,mbbs_p1_final.pdf
2025,1,3849,12062,SC,,MMC,"Malankara Orthodox Syrian Church MediCollege, Kolenchery",MBBS,SC,11,mbbs_p1_final.pdf
2025,1,3850,12067,SC,,PKM,"Government Medical College, Palakkad",MBBS,SC,10,mbbs_p1_final.pdf
2025,1,3851,12070,SC,,PKM,"Government Medical College, Palakkad",MBBS,SC,7,mbbs_p1_final.pdf
2025,1,3852,12078,MU,,PSD,"PSM College of Dental Sciences, Thrissur",BDS,SM,7,mbbs_p1_final.pdf
2025,1,3853,12124,MU,,AAD,"Al Azhar Dental College, Thodupuzha",BDS,SM,45,mbbs_p1_final.pdf
2025,1,3854,12134,GN,,PMD,"Pushpagiri College of Dental Science, Thiruvalla",BDS,AC,47,mbbs_p1_final.pdf
2025,1,3855,12160,SC,,PKM,"Government Medical College, Palakkad",MBBS,SC,10,mbbs_p1_final.pdf
2025,1,3856,12162,GN,,AMC,"Amala Institute of Medical Sciences, Thrissur",MBBS,NR,33,mbbs_p1_final.pdf
2025,1,3857,12184,EZ,,MED,"MES Dental College, Perinthalmanna",BDS,SM,21,mbbs_p1_final.pdf
2025,1,3858,12193,GN,,PMD,"Pushpagiri College of Dental Science, Thiruvalla",BDS,AC,29,mbbs_p1_final.pdf
2025,1,3859,12201,DV,,IGD,"Indira Gandhi Institute of Dental Sciences, Kothamangalam",BDS,SM,41,mbbs_p1_final.pdf
2025,1,3860,12211,GN,,MMC,"Malankara Orthodox Syrian Church MediCollege, Kolenchery",MBBS,NR,22,mbbs_p1_final.pdf
2025,1,3861,12219,SC,,PKM,"Government Medical College, Palakkad",MBBS,SC,1,mbbs_p1_final.pdf
2025,1,3862,12223,EW,,SIM,"Sree Narayana Institute of Medical Sciences, Chalakka, Ernakulam.",MBBS,EW,21,mbbs_p1_final.pdf
2025,1,3863,12230,GN,,AMC,"Amala Institute of Medical Sciences, Thrissur",MBBS,NR,4,mbbs_p1_final.pdf
2025,1,3864,12231,VK,,KMD,"KMCT Dental College, Mambatta, Mukkam, Kozhikode",BDS,SM,39,mbbs_p1_final.pdf
2025,1,3865,12232,EW,,SIM,"Sree Narayana Institute of Medical Sciences, Chalakka, Ernakulam.",MBBS,EW,23,mbbs_p1_final.pdf
2025,1,3866,12256,EW,,DMM,"Dr. Moopens Medical College, Meppadi, Wayanad",MBBS,EW,25,mbbs_p1_final.pdf
2025,1,3867,12274,GN,,KMD,"KMCT Dental College, Mambatta, Mukkam, Kozhikode",BDS,SM,7,mbbs_p1_final.pdf
2025,1,3868,12322,EW,,DMM,"Dr. Moopens Medical College, Meppadi, Wayanad",MBBS,EW,19,mbbs_p1_final.pdf
2025,1,3869,12327,BH,,AID,"Sree Anjaneya Institue of Dental Scinces, Atholi, Kozhikode",BDS,SM,34,mbbs_p1_final.pdf
2025,1,3870,12336,VK,,KMD,"KMCT Dental College, Mambatta, Mukkam, Kozhikode",BDS,SM,19,mbbs_p1_final.pdf
2025,1,3871,12337,SC,,IDM,Government Medical College Idukki,MBBS,SC,11,mbbs_p1_final.pdf
2025,1,3872,12339,BH,,PMS,"PMS College of Dental Sciences, Vattappara, TVPM",BDS,SM,19,mbbs_p1_final.pdf
2025,1,3873,12360,SC,,PKM,"Government Medical College, Palakkad",MBBS,SC,9,mbbs_p1_final.pdf
2025,1,3874,12361,MU,,KMD,"KMCT Dental College, Mambatta, Mukkam, Kozhikode",BDS,SM,7,mbbs_p1_final.pdf
2025,1,3875,12366,VK,,MBD,"Mar Baselious Dental College, Kothamangalam",BDS,VK,40,mbbs_p1_final.pdf
2025,1,3876,12373,EZ,,MBD,"Mar Baselious Dental College, Kothamangalam",BDS,EZ,40,mbbs_p1_final.pdf
2025,1,3877,12389,GN,,KMD,"KMCT Dental College, Mambatta, Mukkam, Kozhikode",BDS,SM,41,mbbs_p1_final.pdf
2025,1,3878,12392,MU,,KKM,"Govt. Medical College, Kozhikkode",MBBS,PD,1,mbbs_p1_final.pdf
2025,1,3879,12395,BH,,AAD,"Al Azhar Dental College, Thodupuzha",BDS,SM,33,mbbs_p1_final.pdf
2025,1,3880,12396,GN,,AID,"Sree Anjaneya Institue of Dental Scinces, Atholi, Kozhikode",BDS,SM,39,mbbs_p1_final.pdf
2025,1,3881,12403,SC,,PKM,"Government Medical College, Palakkad",MBBS,SC,8,mbbs_p1_final.pdf
2025,1,3882,12404,MU,,KMD,"KMCT Dental College, Mambatta, Mukkam, Kozhikode",BDS,SM,45,mbbs_p1_final.pdf
2025,1,3883,12407,MU,,AMC,"Amala Institute of Medical Sciences, Thrissur",MBBS,NR,28,mbbs_p1_final.pdf
2025,1,3884,12408,MU,,EID,"Educare Institute of Dental Sciences, Malappuram",BDS,SM,19,mbbs_p1_final.pdf
2025,1,3885,12428,SC,,PKM,"Government Medical College, Palakkad",MBBS,SC,10,mbbs_p1_final.pdf
2025,1,3886,12435,EZ,,TRD,"Travancore DentalCollege, Kollam",BDS,SM,40,mbbs_p1_final.pdf
2025,1,3887,12441,SC,,PKM,"Government Medical College, Palakkad",MBBS,SC,11,mbbs_p1_final.pdf
2025,1,3888,12453,SC,,PKM,"Government Medical College, Palakkad",MBBS,SC,10,mbbs_p1_final.pdf
2025,1,3889,12456,SC,,PKM,"Government Medical College, Palakkad",MBBS,SC,10,mbbs_p1_final.pdf
2025,1,3890,12458,MU,,MED,"MES Dental College, Perinthalmanna",BDS,SM,16,mbbs_p1_final.pdf
2025,1,3891,12462,SC,,IDM,Government Medical College Idukki,MBBS,FL-SC,8,mbbs_p1_final.pdf
2025,1,3892,12463,SC,,PKM,"Government Medical College, Palakkad",MBBS,SC,11,mbbs_p1_final.pdf
2025,1,3893,12465,GN,,JMC,"Jubilee Mission Medical College, Thrisur",MBBS,NC,16,mbbs_p1_final.pdf
2025,1,3894,12469,MU,,AID,"Sree Anjaneya Institue of Dental Scinces, Atholi, Kozhikode",BDS,SM,7,mbbs_p1_final.pdf
2025,1,3895,12473,SC,,PKM,"Government Medical College, Palakkad",MBBS,SC,10,mbbs_p1_final.pdf
2025,1,3896,12482,MU,,MED,"MES Dental College, Perinthalmanna",BDS,SM,45,mbbs_p1_final.pdf
2025,1,3897,12483,GN,,MBD,"Mar Baselious Dental College, Kothamangalam",BDS,AC,34,mbbs_p1_final.pdf
2025,1,3898,12486,MU,,MBD,"Mar Baselious Dental College, Kothamangalam",BDS,MU,46,mbbs_p1_final.pdf
2025,1,3899,12497,GN,,PMD,"Pushpagiri College of Dental Science, Thiruvalla",BDS,AC,29,mbbs_p1_final.pdf
2025,1,3900,12504,SC,,IDM,Government Medical College Idukki,MBBS,FL-SC,11,mbbs_p1_final.pdf
2025,1,3901,12515,BH,,AAD,"Al Azhar Dental College, Thodupuzha",BDS,SM,36,mbbs_p1_final.pdf
2025,1,3902,12517,MU,,GMC,"Sree Gokulam Medical College, Venjaramoodu, TVPM",MBBS,NR,39,mbbs_p1_final.pdf
2025,1,3903,12528,SC,,IDM,Government Medical College Idukki,MBBS,FL-SC,11,mbbs_p1_final.pdf
2025,1,3904,12531,GN,,PMS,"PMS College of Dental Sciences, Vattappara, TVPM",BDS,SM,40,mbbs_p1_final.pdf
2025,1,3905,12538,EW,,DMM,"Dr. Moopens Medical College, Meppadi, Wayanad",MBBS,EW,30,mbbs_p1_final.pdf
2025,1,3906,12539,SC,,PKM,"Government Medical College, Palakkad",MBBS,SC,10,mbbs_p1_final.pdf
2025,1,3907,12542,GN,,PSD,"PSM College of Dental Sciences, Thrissur",BDS,SM,46,mbbs_p1_final.pdf
2025,1,3908,12544,SC,,MMH,"Malabar Medical College Hospital, Kozhikkode",MBBS,SC,10,mbbs_p1_final.pdf
2025,1,3909,12546,MU,,MBD,"Mar Baselious Dental College, Kothamangalam",BDS,MU,7,mbbs_p1_final.pdf
2025,1,3910,12552,MU,,KMD,"KMCT Dental College, Mambatta, Mukkam, Kozhikode",BDS,SM,40,mbbs_p1_final.pdf
2025,1,3911,12554,BX,,IGD,"Indira Gandhi Institute of Dental Sciences, Kothamangalam",BDS,SM,45,mbbs_p1_final.pdf
2025,1,3912,12560,GN,,MED,"MES Dental College, Perinthalmanna",BDS,SM,32,mbbs_p1_final.pdf
2025,1,3913,12580,GN,,PMS,"PMS College of Dental Sciences, Vattappara, TVPM",BDS,SM,40,mbbs_p1_final.pdf
2025,1,3914,12587,GN,,MMC,"Malankara Orthodox Syrian Church MediCollege, Kolenchery",MBBS,NR,13,mbbs_p1_final.pdf
2025,1,3915,12590,GN,,BCM,"Believers Church Medical College Hospital, Thiruvalla",MBBS,NR,28,mbbs_p1_final.pdf
2025,1,3916,12592,EW,,TRD,"Travancore DentalCollege, Kollam",BDS,SM,23,mbbs_p1_final.pdf
2025,1,3917,12610,MU,,MED,"MES Dental College, Perinthalmanna",BDS,SM,45,mbbs_p1_final.pdf
2025,1,3918,12618,SC,,PKM,"Government Medical College, Palakkad",MBBS,SC,9,mbbs_p1_final.pdf
2025,1,3919,12620,GN,,ADC,"Annoor Dental College, Puthuppady, Muvattupuzha",BDS,SM,22,mbbs_p1_final.pdf
2025,1,3920,12622,GN,,PMS,"PMS College of Dental Sciences, Vattappara, TVPM",BDS,SM,39,mbbs_p1_final.pdf
2025,1,3921,12629,SC,,PKM,"Government Medical College, Palakkad",MBBS,SC,9,mbbs_p1_final.pdf
2025,1,3922,12632,EW,,DMM,"Dr. Moopens Medical College, Meppadi, Wayanad",MBBS,EW,35,mbbs_p1_final.pdf
2025,1,3923,12633,BH,,KMD,"KMCT Dental College, Mambatta, Mukkam, Kozhikode",BDS,SM,39,mbbs_p1_final.pdf
2025,1,3924,12634,EZ,,PMS,"PMS College of Dental Sciences, Vattappara, TVPM",BDS,SM,20,mbbs_p1_final.pdf
2025,1,3925,12637,MU,,KMD,"KMCT Dental College, Mambatta, Mukkam, Kozhikode",BDS,SM,19,mbbs_p1_final.pdf
2025,1,3926,12638,SC,,PKM,"Government Medical College, Palakkad",MBBS,SC,12,mbbs_p1_final.pdf
2025,1,3927,12655,SC,,PKM,"Government Medical College, Palakkad",MBBS,SC,10,mbbs_p1_final.pdf
2025,1,3928,12660,EZ,,AID,"Sree Anjaneya Institue of Dental Scinces, Atholi, Kozhikode",BDS,SM,39,mbbs_p1_final.pdf
2025,1,3929,12662,GN,,PMD,"Pushpagiri College of Dental Science, Thiruvalla",BDS,AC,47,mbbs_p1_final.pdf
2025,1,3930,12674,SC,,PKM,"Government Medical College, Palakkad",MBBS,SC,10,mbbs_p1_final.pdf
2025,1,3931,12680,GN,,SIM,"Sree Narayana Institute of Medical Sciences, Chalakka, Ernakulam.",MBBS,NR,4,mbbs_p1_final.pdf
2025,1,3932,12681,SC,,PKM,"Government Medical College, Palakkad",MBBS,SC,12,mbbs_p1_final.pdf
2025,1,3933,12682,EZ,,MMC,"Malankara Orthodox Syrian Church MediCollege, Kolenchery",MBBS,NR,35,mbbs_p1_final.pdf
2025,1,3934,12689,MU,,KMD,"KMCT Dental College, Mambatta, Mukkam, Kozhikode",BDS,SM,33,mbbs_p1_final.pdf
2025,1,3935,12692,SC,,PKM,"Government Medical College, Palakkad",MBBS,SC,7,mbbs_p1_final.pdf
2025,1,3936,12698,SC,,PKM,"Government Medical College, Palakkad",MBBS,SC,7,mbbs_p1_final.pdf
2025,1,3937,12702,GN,,PMS,"PMS College of Dental Sciences, Vattappara, TVPM",BDS,SM,46,mbbs_p1_final.pdf
2025,1,3938,12706,MU,,KMD,"KMCT Dental College, Mambatta, Mukkam, Kozhikode",BDS,SM,24,mbbs_p1_final.pdf
2025,1,3939,12713,SC,,PKM,"Government Medical College, Palakkad",MBBS,SC,5,mbbs_p1_final.pdf
2025,1,3940,12715,MU,,KMD,"KMCT Dental College, Mambatta, Mukkam, Kozhikode",BDS,SM,40,mbbs_p1_final.pdf
2025,1,3941,12718,GN,,JMC,"Jubilee Mission Medical College, Thrisur",MBBS,NC,12,mbbs_p1_final.pdf
2025,1,3942,12728,MU,,EMC,"MES Medical College, Perinthalmanna, Malappuram",MBBS,NR,35,mbbs_p1_final.pdf
2025,1,3943,12749,MU,,MED,"MES Dental College, Perinthalmanna",BDS,SM,28,mbbs_p1_final.pdf
2025,1,3944,12794,EZ,,MBD,"Mar Baselious Dental College, Kothamangalam",BDS,EZ,40,mbbs_p1_final.pdf
2025,1,3945,12807,EZ,,KMD,"KMCT Dental College, Mambatta, Mukkam, Kozhikode",BDS,SM,39,mbbs_p1_final.pdf
2025,1,3946,12809,MU,,KMD,"KMCT Dental College, Mambatta, Mukkam, Kozhikode",BDS,SM,45,mbbs_p1_final.pdf
2025,1,3947,12854,EZ,,AAD,"Al Azhar Dental College, Thodupuzha",BDS,SM,17,mbbs_p1_final.pdf
2025,1,3948,12858,MU,,KMD,"KMCT Dental College, Mambatta, Mukkam, Kozhikode",BDS,SM,33,mbbs_p1_final.pdf
2025,1,3949,12859,SC,,PKM,"Government Medical College, Palakkad",MBBS,SC,4,mbbs_p1_final.pdf
2025,1,3950,12876,SC,,KCM,"KMCT Medical College, Mukkom, Kozikkode",MBBS,SC,10,mbbs_p1_final.pdf
2025,1,3951,12877,MU,,MED,"MES Dental College, Perinthalmanna",BDS,SM,35,mbbs_p1_final.pdf
2025,1,3952,12885,SC,,PKM,"Government Medical College, Palakkad",MBBS,SC,13,mbbs_p1_final.pdf
2025,1,3953,12896,LA,,AAD,"Al Azhar Dental College, Thodupuzha",BDS,SM,44,mbbs_p1_final.pdf
2025,1,3954,12911,EZ,,KMD,"KMCT Dental College, Mambatta, Mukkam, Kozhikode",BDS,SM,37,mbbs_p1_final.pdf
2025,1,3955,12926,MU,,KMD,"KMCT Dental College, Mambatta, Mukkam, Kozhikode",BDS,SM,1,mbbs_p1_final.pdf
2025,1,3956,12932,VK,,MED,"MES Dental College, Perinthalmanna",BDS,SM,39,mbbs_p1_final.pdf
2025,1,3957,12939,EW,,DMM,"Dr. Moopens Medical College, Meppadi, Wayanad",MBBS,EW,27,mbbs_p1_final.pdf
2025,1,3958,12940,GN,,PMS,"PMS College of Dental Sciences, Vattappara, TVPM",BDS,SM,39,mbbs_p1_final.pdf
2025,1,3959,12953,EW,,KDM,"P K Das Institute of Medical Sciences, Ottapalam",MBBS,EW,9,mbbs_p1_final.pdf
2025,1,3960,12974,GN,,JMC,"Jubilee Mission Medical College, Thrisur",MBBS,NC,16,mbbs_p1_final.pdf
2025,1,3961,12986,BH,,MED,"MES Dental College, Perinthalmanna",BDS,SM,39,mbbs_p1_final.pdf
2025,1,3962,12987,GN,,PMS,"PMS College of Dental Sciences, Vattappara, TVPM",BDS,SM,39,mbbs_p1_final.pdf
2025,1,3963,12988,MU,,MMC,"Malankara Orthodox Syrian Church MediCollege, Kolenchery",MBBS,NR,21,mbbs_p1_final.pdf
2025,1,3964,12991,MU,,RDC,"Royal Dental College, Chalisery, Palakkad",BDS,SM,6,mbbs_p1_final.pdf
2025,1,3965,13011,MU,,KMD,"KMCT Dental College, Mambatta, Mukkam, Kozhikode",BDS,SM,45,mbbs_p1_final.pdf
2025,1,3966,13014,GN,,ALP,"T D Govt. Medical College, Alappuzha",MBBS,DA,1,mbbs_p1_final.pdf
2025,1,3967,13017,GN,,PSD,"PSM College of Dental Sciences, Thrissur",BDS,SM,39,mbbs_p1_final.pdf
2025,1,3968,13019,GN,,MED,"MES Dental College, Perinthalmanna",BDS,SM,7,mbbs_p1_final.pdf
2025,1,3969,13023,GN,,MBD,"Mar Baselious Dental College, Kothamangalam",BDS,AC,30,mbbs_p1_final.pdf
2025,1,3970,13028,SC,,PKM,"Government Medical College, Palakkad",MBBS,SC,11,mbbs_p1_final.pdf
2025,1,3971,13051,MU,,KCM,"KMCT Medical College, Mukkom, Kozikkode",MBBS,NR,41,mbbs_p1_final.pdf
2025,1,3972,13056,KU,,TVM,"Govt. Medical College, Thiruvananthapuram",MBBS,KU,1,mbbs_p1_final.pdf
2025,1,3973,13062,SC,,PKM,"Government Medical College, Palakkad",MBBS,SC,7,mbbs_p1_final.pdf
2025,1,3974,13063,MU,,PMS,"PMS College of Dental Sciences, Vattappara, TVPM",BDS,SM,7,mbbs_p1_final.pdf
2025,1,3975,13079,SC,,PKM,"Government Medical College, Palakkad",MBBS,SC,11,mbbs_p1_final.pdf
2025,1,3976,13082,GN,,JMC,"Jubilee Mission Medical College, Thrisur",MBBS,NC,19,mbbs_p1_final.pdf
2025,1,3977,13083,SC,,PKM,"Government Medical College, Palakkad",MBBS,SC,5,mbbs_p1_final.pdf
2025,1,3978,13084,VK,,ADC,"Annoor Dental College, Puthuppady, Muvattupuzha",BDS,SM,7,mbbs_p1_final.pdf
2025,1,3979,13086,MU,,MMC,"Malankara Orthodox Syrian Church MediCollege, Kolenchery",MBBS,NR,29,mbbs_p1_final.pdf
2025,1,3980,13090,MU,,MED,"MES Dental College, Perinthalmanna",BDS,SM,14,mbbs_p1_final.pdf
2025,1,3981,13108,EZ,,PMS,"PMS College of Dental Sciences, Vattappara, TVPM",BDS,SM,21,mbbs_p1_final.pdf
2025,1,3982,13114,GN,,PMD,"Pushpagiri College of Dental Science, Thiruvalla",BDS,AC,47,mbbs_p1_final.pdf
2025,1,3983,13120,GN,,KMD,"KMCT Dental College, Mambatta, Mukkam, Kozhikode",BDS,SM,3,mbbs_p1_final.pdf
2025,1,3984,13138,GN,,PMS,"PMS College of Dental Sciences, Vattappara, TVPM",BDS,SM,9,mbbs_p1_final.pdf
2025,1,3985,13163,SC,,PKM,"Government Medical College, Palakkad",MBBS,SC,10,mbbs_p1_final.pdf
2025,1,3986,13177,BH,,ADC,"Annoor Dental College, Puthuppady, Muvattupuzha",BDS,SM,40,mbbs_p1_final.pdf
2025,1,3987,13185,GN,,ADC,"Annoor Dental College, Puthuppady, Muvattupuzha",BDS,SM,36,mbbs_p1_final.pdf
2025,1,3988,13203,BX,,AZD,"Azeezia College of Dental Science, Meyyannoor, Kollam",BDS,SM,38,mbbs_p1_final.pdf
2025,1,3989,13205,MU,,KMD,"KMCT Dental College, Mambatta, Mukkam, Kozhikode",BDS,SM,19,mbbs_p1_final.pdf
2025,1,3990,13207,SC,,PMC,"Pushpagiri Institute of Medical Science, Thiruvalla",MBBS,SC,10,mbbs_p1_final.pdf
2025,1,3991,13211,GN,,KMD,"KMCT Dental College, Mambatta, Mukkam, Kozhikode",BDS,SM,19,mbbs_p1_final.pdf
2025,1,3992,13238,SC,,PKM,"Government Medical College, Palakkad",MBBS,SC,11,mbbs_p1_final.pdf
2025,1,3993,13281,MU,,KMD,"KMCT Dental College, Mambatta, Mukkam, Kozhikode",BDS,SM,19,mbbs_p1_final.pdf
2025,1,3994,13290,SC,,PKM,"Government Medical College, Palakkad",MBBS,SC,10,mbbs_p1_final.pdf
2025,1,3995,13302,MU,,KMD,"KMCT Dental College, Mambatta, Mukkam, Kozhikode",BDS,MU,26,mbbs_p1_final.pdf
2025,1,3996,13306,GN,,TVM,"Govt. Medical College, Thiruvananthapuram",MBBS,DA,1,mbbs_p1_final.pdf
2025,1,3997,13323,GN,,ADC,"Annoor Dental College, Puthuppady, Muvattupuzha",BDS,SM,38,mbbs_p1_final.pdf
2025,1,3998,13325,MU,,EID,"Educare Institute of Dental Sciences, Malappuram",BDS,SM,19,mbbs_p1_final.pdf
2025,1,3999,13333,MU,,MED,"MES Dental College, Perinthalmanna",BDS,SM,15,mbbs_p1_final.pdf
2025,1,4000,13336,BH,,AAD,"Al Azhar Dental College, Thodupuzha",BDS,SM,38,mbbs_p1_final.pdf
2025,1,4001,13347,MU,,KMD,"KMCT Dental College, Mambatta, Mukkam, Kozhikode",BDS,MU,24,mbbs_p1_final.pdf
2025,1,4002,13367,MU,,EMC,"MES Medical College, Perinthalmanna, Malappuram",MBBS,NR,8,mbbs_p1_final.pdf
2025,1,4003,13373,SC,,MMC,"Malankara Orthodox Syrian Church MediCollege, Kolenchery",MBBS,SC,10,mbbs_p1_final.pdf
2025,1,4004,13382,BH,,MBD,"Mar Baselious Dental College, Kothamangalam",BDS,BH,40,mbbs_p1_final.pdf
2025,1,4005,13393,GN,,PMD,"Pushpagiri College of Dental Science, Thiruvalla",BDS,AC,15,mbbs_p1_final.pdf
2025,1,4006,13397,SC,,PMC,"Pushpagiri Institute of Medical Science, Thiruvalla",MBBS,SC,12,mbbs_p1_final.pdf
2025,1,4007,13415,SC,,PKM,"Government Medical College, Palakkad",MBBS,SC,9,mbbs_p1_final.pdf
2025,1,4008,13420,MU,,KMD,"KMCT Dental College, Mambatta, Mukkam, Kozhikode",BDS,MU,27,mbbs_p1_final.pdf
2025,1,4009,13430,GN,,KTM,"Govt. Medical College, Kottayam",MBBS,DA,4,mbbs_p1_final.pdf
2025,1,4010,13434,GN,,MMC,"Malankara Orthodox Syrian Church MediCollege, Kolenchery",MBBS,NR,23,mbbs_p1_final.pdf
2025,1,4011,13438,MU,,KKM,"Govt. Medical College, Kozhikkode",MBBS,PD,1,mbbs_p1_final.pdf
2025,1,4012,13446,MU,,NID,"Noorul Islam College of Dental Science, Neyyattinkara",BDS,SM,19,mbbs_p1_final.pdf
2025,1,4013,13448,GN,,PMD,"Pushpagiri College of Dental Science, Thiruvalla",BDS,AC,46,mbbs_p1_final.pdf
2025,1,4014,13450,GN,,NID,"Noorul Islam College of Dental Science, Neyyattinkara",BDS,SM,39,mbbs_p1_final.pdf
2025,1,4015,13457,MU,,MED,"MES Dental College, Perinthalmanna",BDS,SM,18,mbbs_p1_final.pdf
2025,1,4016,13458,MU,,MED,"MES Dental College, Perinthalmanna",BDS,SM,45,mbbs_p1_final.pdf
2025,1,4017,13460,MU,,PMS,"PMS College of Dental Sciences, Vattappara, TVPM",BDS,SM,8,mbbs_p1_final.pdf
2025,1,4018,13472,MU,,KMD,"KMCT Dental College, Mambatta, Mukkam, Kozhikode",BDS,MU,2,mbbs_p1_final.pdf
2025,1,4019,13477,MU,,KMD,"KMCT Dental College, Mambatta, Mukkam, Kozhikode",BDS,MU,45,mbbs_p1_final.pdf
2025,1,4020,13485,GN,,PMC,"Pushpagiri Institute of Medical Science, Thiruvalla",MBBS,NR,31,mbbs_p1_final.pdf
2025,1,4021,13494,EZ,,ADC,"Annoor Dental College, Puthuppady, Muvattupuzha",BDS,SM,9,mbbs_p1_final.pdf
2025,1,4022,13502,EZ,,MMC,"Malankara Orthodox Syrian Church MediCollege, Kolenchery",MBBS,NR,16,mbbs_p1_final.pdf
2025,1,4023,13510,GN,,JMC,"Jubilee Mission Medical College, Thrisur",MBBS,NC,28,mbbs_p1_final.pdf
2025,1,4024,13512,SC,,PKM,"Government Medical College, Palakkad",MBBS,SC,10,mbbs_p1_final.pdf
2025,1,4025,13533,SC,,PKM,"Government Medical College, Palakkad",MBBS,SC,9,mbbs_p1_final.pdf
2025,1,4026,13537,VK,,KMD,"KMCT Dental College, Mambatta, Mukkam, Kozhikode",BDS,VK,39,mbbs_p1_final.pdf
2025,1,4027,13540,SC,,PKM,"Government Medical College, Palakkad",MBBS,SC,11,mbbs_p1_final.pdf
2025,1,4028,13544,SC,,PKM,"Government Medical College, Palakkad",MBBS,SC,8,mbbs_p1_final.pdf
2025,1,4029,13548,GN,,AID,"Sree Anjaneya Institue of Dental Scinces, Atholi, Kozhikode",BDS,SM,40,mbbs_p1_final.pdf
2025,1,4030,13550,SC,,PKM,"Government Medical College, Palakkad",MBBS,SC,10,mbbs_p1_final.pdf
2025,1,4031,13561,BH,,KMD,"KMCT Dental College, Mambatta, Mukkam, Kozhikode",BDS,BH,41,mbbs_p1_final.pdf
2025,1,4032,13574,BH,,KMD,"KMCT Dental College, Mambatta, Mukkam, Kozhikode",BDS,BH,41,mbbs_p1_final.pdf
2025,1,4033,13596,SC,,PKM,"Government Medical College, Palakkad",MBBS,SC,6,mbbs_p1_final.pdf
2025,1,4034,13600,SC,,PKM,"Government Medical College, Palakkad",MBBS,SC,9,mbbs_p1_final.pdf
2025,1,4035,13601,GN,,MBD,"Mar Baselious Dental College, Kothamangalam",BDS,AC,47,mbbs_p1_final.pdf
2025,1,4036,13604,EW,,KDM,"P K Das Institute of Medical Sciences, Ottapalam",MBBS,EW,16,mbbs_p1_final.pdf
2025,1,4037,13624,MU,,PMS,"PMS College of Dental Sciences, Vattappara, TVPM",BDS,SM,19,mbbs_p1_final.pdf
2025,1,4038,13626,MU,,AZD,"Azeezia College of Dental Science, Meyyannoor, Kollam",BDS,SM,17,mbbs_p1_final.pdf
2025,1,4039,13639,SC,,PKM,"Government Medical College, Palakkad",MBBS,SC,7,mbbs_p1_final.pdf
2025,1,4040,13646,GN,,MBD,"Mar Baselious Dental College, Kothamangalam",BDS,AC,41,mbbs_p1_final.pdf
2025,1,4041,13649,GN,,MMC,"Malankara Orthodox Syrian Church MediCollege, Kolenchery",MBBS,NR,40,mbbs_p1_final.pdf
2025,1,4042,13650,GN,,MBD,"Mar Baselious Dental College, Kothamangalam",BDS,AC,35,mbbs_p1_final.pdf
2025,1,4043,13657,MU,,KMD,"KMCT Dental College, Mambatta, Mukkam, Kozhikode",BDS,MU,45,mbbs_p1_final.pdf
2025,1,4044,13670,SC,,PKM,"Government Medical College, Palakkad",MBBS,SC,10,mbbs_p1_final.pdf
2025,1,4045,13683,SC,,PKM,"Government Medical College, Palakkad",MBBS,SC,10,mbbs_p1_final.pdf
2025,1,4046,13691,GN,,TRD,"Travancore DentalCollege, Kollam",BDS,SM,29,mbbs_p1_final.pdf
2025,1,4047,13696,MU,,MED,"MES Dental College, Perinthalmanna",BDS,SM,23,mbbs_p1_final.pdf
2025,1,4048,13699,BH,,TRD,"Travancore DentalCollege, Kollam",BDS,SM,27,mbbs_p1_final.pdf
2025,1,4049,13702,SC,,EMC,"MES Medical College, Perinthalmanna, Malappuram",MBBS,SC,13,mbbs_p1_final.pdf
2025,1,4050,13711,MU,,MMC,"Malankara Orthodox Syrian Church MediCollege, Kolenchery",MBBS,NR,18,mbbs_p1_final.pdf
2025,1,4051,13719,SC,,GMC,"Sree Gokulam Medical College, Venjaramoodu, TVPM",MBBS,SC,11,mbbs_p1_final.pdf
2025,1,4052,13728,MU,,KMD,"KMCT Dental College, Mambatta, Mukkam, Kozhikode",BDS,MU,31,mbbs_p1_final.pdf
2025,1,4053,13729,GN,,MMC,"Malankara Orthodox Syrian Church MediCollege, Kolenchery",MBBS,NR,6,mbbs_p1_final.pdf
2025,1,4054,13734,SC,,PKM,"Government Medical College, Palakkad",MBBS,SC,2,mbbs_p1_final.pdf
2025,1,4055,13746,EW,,DMM,"Dr. Moopens Medical College, Meppadi, Wayanad",MBBS,EW,1,mbbs_p1_final.pdf
2025,1,4056,13760,EZ,,MLP,"Govt. Medical College, Manjeri",MBBS,DA,3,mbbs_p1_final.pdf
2025,1,4057,13769,MU,,MBD,"Mar Baselious Dental College, Kothamangalam",BDS,MU,46,mbbs_p1_final.pdf
2025,1,4058,13784,MU,,KMD,"KMCT Dental College, Mambatta, Mukkam, Kozhikode",BDS,MU,45,mbbs_p1_final.pdf
2025,1,4059,13786,MU,,MED,"MES Dental College, Perinthalmanna",BDS,SM,40,mbbs_p1_final.pdf
2025,1,4060,13796,SC,,PKM,"Government Medical College, Palakkad",MBBS,SC,10,mbbs_p1_final.pdf
2025,1,4061,13802,MU,,ADC,"Annoor Dental College, Puthuppady, Muvattupuzha",BDS,SM,47,mbbs_p1_final.pdf
2025,1,4062,13814,GN,,MLP,"Govt. Medical College, Manjeri",MBBS,PI,6,mbbs_p1_final.pdf
2025,1,4063,13820,GN,,PMS,"PMS College of Dental Sciences, Vattappara, TVPM",BDS,SM,22,mbbs_p1_final.pdf
2025,1,4064,13823,GN,,AZD,"Azeezia College of Dental Science, Meyyannoor, Kollam",BDS,SM,8,mbbs_p1_final.pdf
2025,1,4065,13845,BH,,KMD,"KMCT Dental College, Mambatta, Mukkam, Kozhikode",BDS,BH,41,mbbs_p1_final.pdf
2025,1,4066,13857,GN,,PMD,"Pushpagiri College of Dental Science, Thiruvalla",BDS,AC,47,mbbs_p1_final.pdf
2025,1,4067,13863,GN,,AAD,"Al Azhar Dental College, Thodupuzha",BDS,SM,39,mbbs_p1_final.pdf
2025,1,4068,13874,SC,,GMC,"Sree Gokulam Medical College, Venjaramoodu, TVPM",MBBS,SC,13,mbbs_p1_final.pdf
2025,1,4069,13893,BH,,AAD,"Al Azhar Dental College, Thodupuzha",BDS,SM,39,mbbs_p1_final.pdf
2025,1,4070,13902,EW,,TVM,"Govt. Medical College, Thiruvananthapuram",MBBS,PD,1,mbbs_p1_final.pdf
2025,1,4071,13907,SC,,PKM,"Government Medical College, Palakkad",MBBS,SC,8,mbbs_p1_final.pdf
2025,1,4072,13911,EW,,KDM,"P K Das Institute of Medical Sciences, Ottapalam",MBBS,EW,22,mbbs_p1_final.pdf
2025,1,4073,13922,KN,,KTD,"Govt. Dental College, Kottayam",BDS,KN,35,mbbs_p1_final.pdf
2025,1,4074,13932,MU,,MED,"MES Dental College, Perinthalmanna",BDS,SM,28,mbbs_p1_final.pdf
2025,1,4075,13937,GN,,CMC,"Govt. Medical College, Ernakulam",MBBS,DA,1,mbbs_p1_final.pdf
2025,1,4076,13947,GN,,PMD,"Pushpagiri College of Dental Science, Thiruvalla",BDS,AC,47,mbbs_p1_final.pdf
2025,1,4077,13952,MU,,ADC,"Annoor Dental College, Puthuppady, Muvattupuzha",BDS,SM,1,mbbs_p1_final.pdf
2025,1,4078,13963,MU,,ADC,"Annoor Dental College, Puthuppady, Muvattupuzha",BDS,SM,47,mbbs_p1_final.pdf
2025,1,4079,13968,EZ,,KMD,"KMCT Dental College, Mambatta, Mukkam, Kozhikode",BDS,EZ,39,mbbs_p1_final.pdf
2025,1,4080,13975,DV,,IGD,"Indira Gandhi Institute of Dental Sciences, Kothamangalam",BDS,SM,40,mbbs_p1_final.pdf
2025,1,4081,13978,EZ,,KMD,"KMCT Dental College, Mambatta, Mukkam, Kozhikode",BDS,EZ,7,mbbs_p1_final.pdf
2025,1,4082,13990,EW,,PMS,"PMS College of Dental Sciences, Vattappara, TVPM",BDS,SM,1,mbbs_p1_final.pdf
2025,1,4083,14000,MU,,MED,"MES Dental College, Perinthalmanna",BDS,SM,2,mbbs_p1_final.pdf
2025,1,4084,14013,MU,,MED,"MES Dental College, Perinthalmanna",BDS,SM,46,mbbs_p1_final.pdf
2025,1,4085,14027,DV,,PMS,"PMS College of Dental Sciences, Vattappara, TVPM",BDS,SM,41,mbbs_p1_final.pdf
2025,1,4086,14036,MU,,PMS,"PMS College of Dental Sciences, Vattappara, TVPM",BDS,SM,8,mbbs_p1_final.pdf
2025,1,4087,14040,EW,,PIM,"Palakkad Institute of Medical Sciences, Walayar",MBBS,EW,19,mbbs_p1_final.pdf
2025,1,4088,14044,GN,,BCM,"Believers Church Medical College Hospital, Thiruvalla",MBBS,NR,34,mbbs_p1_final.pdf
2025,1,4089,14048,MU,,MED,"MES Dental College, Perinthalmanna",BDS,SM,28,mbbs_p1_final.pdf
2025,1,4090,14049,SC,,BCM,"Believers Church Medical College Hospital, Thiruvalla",MBBS,SC,13,mbbs_p1_final.pdf
2025,1,4091,14050,EZ,,PMS,"PMS College of Dental Sciences, Vattappara, TVPM",BDS,SM,38,mbbs_p1_final.pdf
2025,1,4092,14053,MU,,MED,"MES Dental College, Perinthalmanna",BDS,SM,17,mbbs_p1_final.pdf
2025,1,4093,14061,GN,,PMD,"Pushpagiri College of Dental Science, Thiruvalla",BDS,AC,48,mbbs_p1_final.pdf
2025,1,4094,14063,EW,,KDM,"P K Das Institute of Medical Sciences, Ottapalam",MBBS,EW,33,mbbs_p1_final.pdf
2025,1,4095,14077,MU,,ADC,"Annoor Dental College, Puthuppady, Muvattupuzha",BDS,SM,45,mbbs_p1_final.pdf
2025,1,4096,14078,EW,,KDM,"P K Das Institute of Medical Sciences, Ottapalam",MBBS,EW,28,mbbs_p1_final.pdf
2025,1,4097,14083,GN,,AMC,"Amala Institute of Medical Sciences, Thrissur",MBBS,NC,22,mbbs_p1_final.pdf
2025,1,4098,14101,SC,,GMC,"Sree Gokulam Medical College, Venjaramoodu, TVPM",MBBS,SC,7,mbbs_p1_final.pdf
2025,1,4099,14110,DV,,PMS,"PMS College of Dental Sciences, Vattappara, TVPM",BDS,SM,41,mbbs_p1_final.pdf
2025,1,4100,14111,EW,,PIM,"Palakkad Institute of Medical Sciences, Walayar",MBBS,EW,28,mbbs_p1_final.pdf
2025,1,4101,14124,SC,,PKM,"Government Medical College, Palakkad",MBBS,SC,9,mbbs_p1_final.pdf
2025,1,4102,14131,SC,,PKM,"Government Medical College, Palakkad",MBBS,SC,10,mbbs_p1_final.pdf
2025,1,4103,14134,SC,,PKM,"Government Medical College, Palakkad",MBBS,SC,11,mbbs_p1_final.pdf
2025,1,4104,14151,MU,,MED,"MES Dental College, Perinthalmanna",BDS,SM,19,mbbs_p1_final.pdf
2025,1,4105,14154,GN,,PMS,"PMS College of Dental Sciences, Vattappara, TVPM",BDS,SM,40,mbbs_p1_final.pdf
2025,1,4106,14155,KU,,TVM,"Govt. Medical College, Thiruvananthapuram",MBBS,KU,2,mbbs_p1_final.pdf
2025,1,4107,14160,SC,,PKM,"Government Medical College, Palakkad",MBBS,SC,6,mbbs_p1_final.pdf
2025,1,4108,14166,MU,,PMS,"PMS College of Dental Sciences, Vattappara, TVPM",BDS,SM,25,mbbs_p1_final.pdf
2025,1,4109,14176,GN,,PMD,"Pushpagiri College of Dental Science, Thiruvalla",BDS,AC,47,mbbs_p1_final.pdf
2025,1,4110,14180,GN,,PMD,"Pushpagiri College of Dental Science, Thiruvalla",BDS,AC,47,mbbs_p1_final.pdf
2025,1,4111,14181,MU,,MED,"MES Dental College, Perinthalmanna",BDS,SM,22,mbbs_p1_final.pdf
2025,1,4112,14188,ST,,TVM,"Govt. Medical College, Thiruvananthapuram",MBBS,ST,2,mbbs_p1_final.pdf
2025,1,4113,14202,MU,,MED,"MES Dental College, Perinthalmanna",BDS,SM,45,mbbs_p1_final.pdf
2025,1,4114,14217,MU,,ADC,"Annoor Dental College, Puthuppady, Muvattupuzha",BDS,SM,8,mbbs_p1_final.pdf
2025,1,4115,14224,MU,,PMC,"Pushpagiri Institute of Medical Science, Thiruvalla",MBBS,NR,30,mbbs_p1_final.pdf
2025,1,4116,14230,GN,,PMS,"PMS College of Dental Sciences, Vattappara, TVPM",BDS,SM,24,mbbs_p1_final.pdf
2025,1,4117,14242,GN,,AMC,"Amala Institute of Medical Sciences, Thrissur",MBBS,NC,29,mbbs_p1_final.pdf
2025,1,4118,14260,GN,,PMS,"PMS College of Dental Sciences, Vattappara, TVPM",BDS,SM,17,mbbs_p1_final.pdf
2025,1,4119,14268,MU,,PMS,"PMS College of Dental Sciences, Vattappara, TVPM",BDS,MU,45,mbbs_p1_final.pdf
2025,1,4120,14269,GN,,PMC,"Pushpagiri Institute of Medical Science, Thiruvalla",MBBS,NR *,40,mbbs_p1_final.pdf
2025,1,4121,14281,GN,,BCM,"Believers Church Medical College Hospital, Thiruvalla",MBBS,NR,35,mbbs_p1_final.pdf
2025,1,4122,14288,MU,,KAD,"Kannur Dental College, Anjarakandy, Kannur",BDS,SM,33,mbbs_p1_final.pdf
2025,1,4123,14298,MU,,EMC,"MES Medical College, Perinthalmanna, Malappuram",MBBS,NR,42,mbbs_p1_final.pdf
2025,1,4124,14332,MU,,SGD,"St. Gregorios Dental College, Chelad, Kothamangalam",BDS,SM,46,mbbs_p1_final.pdf
2025,1,4125,14333,VK,,SVD,"Sri Sankara Dental College, Akathumuri, Varkala",BDS,SM,25,mbbs_p1_final.pdf
2025,1,4126,14365,GN,,SGD,"St. Gregorios Dental College, Chelad, Kothamangalam",BDS,SM,38,mbbs_p1_final.pdf
2025,1,4127,14366,BH,,PSD,"PSM College of Dental Sciences, Thrissur",BDS,SM,31,mbbs_p1_final.pdf
2025,1,4128,14386,MU,,MED,"MES Dental College, Perinthalmanna",BDS,SM,19,mbbs_p1_final.pdf
2025,1,4129,14406,GN,,AZD,"Azeezia College of Dental Science, Meyyannoor, Kollam",BDS,SM,39,mbbs_p1_final.pdf
2025,1,4130,14415,MU,,MED,"MES Dental College, Perinthalmanna",BDS,SM,43,mbbs_p1_final.pdf
2025,1,4131,14445,SC,,GMC,"Sree Gokulam Medical College, Venjaramoodu, TVPM",MBBS,SC,13,mbbs_p1_final.pdf
2025,1,4132,14454,MU,,MED,"MES Dental College, Perinthalmanna",BDS,SM,7,mbbs_p1_final.pdf
2025,1,4133,14468,MU,,MED,"MES Dental College, Perinthalmanna",BDS,SM,8,mbbs_p1_final.pdf
2025,1,4134,14479,EZ,,AAD,"Al Azhar Dental College, Thodupuzha",BDS,SM,39,mbbs_p1_final.pdf
2025,1,4135,14508,GN,,PMD,"Pushpagiri College of Dental Science, Thiruvalla",BDS,AC,35,mbbs_p1_final.pdf
2025,1,4136,14511,BH,,PMS,"PMS College of Dental Sciences, Vattappara, TVPM",BDS,BH,21,mbbs_p1_final.pdf
2025,1,4137,14512,BX,,MBD,"Mar Baselious Dental College, Kothamangalam",BDS,BX,40,mbbs_p1_final.pdf
2025,1,4138,14522,BH,,MED,"MES Dental College, Perinthalmanna",BDS,SM,42,mbbs_p1_final.pdf
2025,1,4139,14549,GN,,BCM,"Believers Church Medical College Hospital, Thiruvalla",MBBS,NR,24,mbbs_p1_final.pdf
2025,1,4140,14555,GN,,PMS,"PMS College of Dental Sciences, Vattappara, TVPM",BDS,MM,29,mbbs_p1_final.pdf
2025,1,4141,14556,SC,,EMC,"MES Medical College, Perinthalmanna, Malappuram",MBBS,SC,15,mbbs_p1_final.pdf
2025,1,4142,14558,VK,,ADC,"Annoor Dental College, Puthuppady, Muvattupuzha",BDS,SM,39,mbbs_p1_final.pdf
2025,1,4143,14588,MU,,MED,"MES Dental College, Perinthalmanna",BDS,SM,46,mbbs_p1_final.pdf
2025,1,4144,14601,EW,,DMM,"Dr. Moopens Medical College, Meppadi, Wayanad",MBBS,EW,21,mbbs_p1_final.pdf
2025,1,4145,14615,MU,,AID,"Sree Anjaneya Institue of Dental Scinces, Atholi, Kozhikode",BDS,SM,1,mbbs_p1_final.pdf
2025,1,4146,14634,MU,,PMS,"PMS College of Dental Sciences, Vattappara, TVPM",BDS,MU,21,mbbs_p1_final.pdf
2025,1,4147,14639,MU,,MED,"MES Dental College, Perinthalmanna",BDS,SM,35,mbbs_p1_final.pdf
2025,1,4148,14641,SC,,GMC,"Sree Gokulam Medical College, Venjaramoodu, TVPM",MBBS,SC,16,mbbs_p1_final.pdf
2025,1,4149,14643,SC,,KCM,"KMCT Medical College, Mukkom, Kozikkode",MBBS,SC,7,mbbs_p1_final.pdf
2025,1,4150,14646,SC,,GMC,"Sree Gokulam Medical College, Venjaramoodu, TVPM",MBBS,SC,16,mbbs_p1_final.pdf
2025,1,4151,14648,MU,,MED,"MES Dental College, Perinthalmanna",BDS,SM,46,mbbs_p1_final.pdf
2025,1,4152,14651,GN,,PMD,"Pushpagiri College of Dental Science, Thiruvalla",BDS,AC,47,mbbs_p1_final.pdf
2025,1,4153,14670,MU,,MED,"MES Dental College, Perinthalmanna",BDS,SM,46,mbbs_p1_final.pdf
2025,1,4154,14690,MU,,IGD,"Indira Gandhi Institute of Dental Sciences, Kothamangalam",BDS,SM,46,mbbs_p1_final.pdf
2025,1,4155,14695,GN,,AID,"Sree Anjaneya Institue of Dental Scinces, Atholi, Kozhikode",BDS,SM,24,mbbs_p1_final.pdf
2025,1,4156,14704,SC,,KCM,"KMCT Medical College, Mukkom, Kozikkode",MBBS,SC,17,mbbs_p1_final.pdf
2025,1,4157,14708,SC,,MMH,"Malabar Medical College Hospital, Kozhikkode",MBBS,SC,17,mbbs_p1_final.pdf
2025,1,4158,14723,BX,,PMD,"Pushpagiri College of Dental Science, Thiruvalla",BDS,AC,20,mbbs_p1_final.pdf
2025,1,4159,14734,LA,,MBD,"Mar Baselious Dental College, Kothamangalam",BDS,LA,21,mbbs_p1_final.pdf
2025,1,4160,14736,SC,,KCM,"KMCT Medical College, Mukkom, Kozikkode",MBBS,SC,15,mbbs_p1_final.pdf
2025,1,4161,14754,VK,,PMS,"PMS College of Dental Sciences, Vattappara, TVPM",BDS,VK,40,mbbs_p1_final.pdf
2025,1,4162,14764,GN,,ADC,"Annoor Dental College, Puthuppady, Muvattupuzha",BDS,SM,43,mbbs_p1_final.pdf
2025,1,4163,14770,EW,,KDM,"P K Das Institute of Medical Sciences, Ottapalam",MBBS,EW,31,mbbs_p1_final.pdf
2025,1,4164,14772,EW,,KDM,"P K Das Institute of Medical Sciences, Ottapalam",MBBS,EW,11,mbbs_p1_final.pdf
2025,1,4165,14779,BH,,AID,"Sree Anjaneya Institue of Dental Scinces, Atholi, Kozhikode",BDS,SM,33,mbbs_p1_final.pdf
2025,1,4166,14783,MU,,TRD,"Travancore DentalCollege, Kollam",BDS,SM,7,mbbs_p1_final.pdf
2025,1,4167,14784,GN,,SGD,"St. Gregorios Dental College, Chelad, Kothamangalam",BDS,SM,40,mbbs_p1_final.pdf
2025,1,4168,14795,EZ,,NID,"Noorul Islam College of Dental Science, Neyyattinkara",BDS,SM,19,mbbs_p1_final.pdf
2025,1,4169,14800,DV,,PMS,"PMS College of Dental Sciences, Vattappara, TVPM",BDS,DV,9,mbbs_p1_final.pdf
2025,1,4170,14803,SC,,TVD,"Govt. Dental College, Thiruvananthapuram",BDS,SC,13,mbbs_p1_final.pdf
2025,1,4171,14819,GN,,AAD,"Al Azhar Dental College, Thodupuzha",BDS,SM,39,mbbs_p1_final.pdf
2025,1,4172,14822,MU,,KAD,"Kannur Dental College, Anjarakandy, Kannur",BDS,SM,41,mbbs_p1_final.pdf
2025,1,4173,14829,GN,,MBD,"Mar Baselious Dental College, Kothamangalam",BDS,AC,24,mbbs_p1_final.pdf
2025,1,4174,14835,SC,,AAM,"Al Azhar Medical college, Thodupuzha",MBBS,SC,14,mbbs_p1_final.pdf
2025,1,4175,14837,SC,,GMC,"Sree Gokulam Medical College, Venjaramoodu, TVPM",MBBS,SC,15,mbbs_p1_final.pdf
2025,1,4176,14842,SC,,MMH,"Malabar Medical College Hospital, Kozhikkode",MBBS,SC,13,mbbs_p1_final.pdf
2025,1,4177,14849,VK,,KMD,"KMCT Dental College, Mambatta, Mukkam, Kozhikode",BDS,VK,32,mbbs_p1_final.pdf
2025,1,4178,14850,MU,,PMS,"PMS College of Dental Sciences, Vattappara, TVPM",BDS,MU,42,mbbs_p1_final.pdf
2025,1,4179,14851,LA,,KMD,"KMCT Dental College, Mambatta, Mukkam, Kozhikode",BDS,LA,19,mbbs_p1_final.pdf
2025,1,4180,14855,ST,,TVM,"Govt. Medical College, Thiruvananthapuram",MBBS,ST,2,mbbs_p1_final.pdf
2025,1,4181,14868,MU,,MED,"MES Dental College, Perinthalmanna",BDS,SM,45,mbbs_p1_final.pdf
2025,1,4182,14879,KU,,KTM,"Govt. Medical College, Kottayam",MBBS,KU,3,mbbs_p1_final.pdf
2025,1,4183,14887,SC,,BCM,"Believers Church Medical College Hospital, Thiruvalla",MBBS,SC,14,mbbs_p1_final.pdf
2025,1,4184,14903,ST,,TCM,"Govt. Medical College, Thrissur",MBBS,ST,2,mbbs_p1_final.pdf
2025,1,4185,14910,GN,,ALP,"T D Govt. Medical College, Alappuzha",MBBS,PI,2,mbbs_p1_final.pdf
2025,1,4186,14912,MU,,MED,"MES Dental College, Perinthalmanna",BDS,SM,45,mbbs_p1_final.pdf
2025,1,4187,14932,GN,,PMC,"Pushpagiri Institute of Medical Science, Thiruvalla",MBBS,NR,36,mbbs_p1_final.pdf
2025,1,4188,14935,GN,,AMC,"Amala Institute of Medical Sciences, Thrissur",MBBS,NC,29,mbbs_p1_final.pdf
2025,1,4189,14936,GN,,MED,"MES Dental College, Perinthalmanna",BDS,SM,20,mbbs_p1_final.pdf
2025,1,4190,14937,KN,,KND,"Government Dental College, Kannur",BDS,KN,38,mbbs_p1_final.pdf
2025,1,4191,14941,GN,,AZD,"Azeezia College of Dental Science, Meyyannoor, Kollam",BDS,SM,10,mbbs_p1_final.pdf
2025,1,4192,14949,MU,,MED,"MES Dental College, Perinthalmanna",BDS,SM,6,mbbs_p1_final.pdf
2025,1,4193,14954,SC,,GMC,"Sree Gokulam Medical College, Venjaramoodu, TVPM",MBBS,SC,13,mbbs_p1_final.pdf
2025,1,4194,14976,SC,,SUC,"SUT Accademy of Medical Sciences, Thiruvananthapuram",MBBS,SC,13,mbbs_p1_final.pdf
2025,1,4195,14981,GN,,ADC,"Annoor Dental College, Puthuppady, Muvattupuzha",BDS,SM,40,mbbs_p1_final.pdf
2025,1,4196,15004,MU,,EID,"Educare Institute of Dental Sciences, Malappuram",BDS,SM,1,mbbs_p1_final.pdf
2025,1,4197,15009,MU,,PMS,"PMS College of Dental Sciences, Vattappara, TVPM",BDS,MU,19,mbbs_p1_final.pdf
2025,1,4198,15021,MU,,MED,"MES Dental College, Perinthalmanna",BDS,SM,19,mbbs_p1_final.pdf
2025,1,4199,15023,GN,,RDC,"Royal Dental College, Chalisery, Palakkad",BDS,SM,46,mbbs_p1_final.pdf
2025,1,4200,15025,EW,,KDM,"P K Das Institute of Medical Sciences, Ottapalam",MBBS,EW,30,mbbs_p1_final.pdf
2025,1,4201,15026,MU,,EID,"Educare Institute of Dental Sciences, Malappuram",BDS,SM,45,mbbs_p1_final.pdf
2025,1,4202,15055,MU,,MED,"MES Dental College, Perinthalmanna",BDS,SM,20,mbbs_p1_final.pdf
2025,1,4203,15076,GN,,PMC,"Pushpagiri Institute of Medical Science, Thiruvalla",MBBS,NR,23,mbbs_p1_final.pdf
2025,1,4204,15096,SC,,TCD,"Govt. Dental College, Thrissur",BDS,SC,13,mbbs_p1_final.pdf
2025,1,4205,15098,SC,,MMH,"Malabar Medical College Hospital, Kozhikkode",MBBS,SC,9,mbbs_p1_final.pdf
2025,1,4206,15109,SC,,KKD,"Govt. Dental College, Kozhikkode",BDS,SC,13,mbbs_p1_final.pdf
2025,1,4207,15113,DV,,KMD,"KMCT Dental College, Mambatta, Mukkam, Kozhikode",BDS,DV,33,mbbs_p1_final.pdf
2025,1,4208,15148,EW,,KDM,"P K Das Institute of Medical Sciences, Ottapalam",MBBS,EW,24,mbbs_p1_final.pdf
2025,1,4209,15154,VK,,ADC,"Annoor Dental College, Puthuppady, Muvattupuzha",BDS,SM,43,mbbs_p1_final.pdf
2025,1,4210,15158,EW,,PIM,"Palakkad Institute of Medical Sciences, Walayar",MBBS,EW,27,mbbs_p1_final.pdf
2025,1,4211,15167,MU,,MED,"MES Dental College, Perinthalmanna",BDS,SM,30,mbbs_p1_final.pdf
2025,1,4212,15171,BX,,AAD,"Al Azhar Dental College, Thodupuzha",BDS,SM,6,mbbs_p1_final.pdf
2025,1,4213,15183,SC,,DMM,"Dr. Moopens Medical College, Meppadi, Wayanad",MBBS,SC,14,mbbs_p1_final.pdf
2025,1,4214,15188,GN,,AMC,"Amala Institute of Medical Sciences, Thrissur",MBBS,NC *,28,mbbs_p1_final.pdf
2025,1,4215,15189,SC,,KCM,"KMCT Medical College, Mukkom, Kozikkode",MBBS,SC,18,mbbs_p1_final.pdf
2025,1,4216,15190,GN,,AMC,"Amala Institute of Medical Sciences, Thrissur",MBBS,NC,29,mbbs_p1_final.pdf
2025,1,4217,15191,GN,,PMD,"Pushpagiri College of Dental Science, Thiruvalla",BDS,AC,20,mbbs_p1_final.pdf
2025,1,4218,15212,EW,,PIM,"Palakkad Institute of Medical Sciences, Walayar",MBBS,EW,22,mbbs_p1_final.pdf
2025,1,4219,15226,MU,,MED,"MES Dental College, Perinthalmanna",BDS,SM,21,mbbs_p1_final.pdf
2025,1,4220,15228,SC,,KMM,"Karuna Medical College, Vilayodi, Palakkad",MBBS,SC,14,mbbs_p1_final.pdf
2025,1,4221,15239,SC,,KKD,"Govt. Dental College, Kozhikkode",BDS,SC,13,mbbs_p1_final.pdf
2025,1,4222,15249,MU,,AAD,"Al Azhar Dental College, Thodupuzha",BDS,SM,27,mbbs_p1_final.pdf
2025,1,4223,15265,MU,,AAD,"Al Azhar Dental College, Thodupuzha",BDS,SM,44,mbbs_p1_final.pdf
2025,1,4224,15272,MU,,EMC,"MES Medical College, Perinthalmanna, Malappuram",MBBS,NR,29,mbbs_p1_final.pdf
2025,1,4225,15274,ST,,KTM,"Govt. Medical College, Kottayam",MBBS,ST,1,mbbs_p1_final.pdf
2025,1,4226,15275,EW,,PIM,"Palakkad Institute of Medical Sciences, Walayar",MBBS,EW,35,mbbs_p1_final.pdf
2025,1,4227,15282,SC,,MMH,"Malabar Medical College Hospital, Kozhikkode",MBBS,SC,13,mbbs_p1_final.pdf
2025,1,4228,15315,SC,,MMH,"Malabar Medical College Hospital, Kozhikkode",MBBS,SC,13,mbbs_p1_final.pdf
2025,1,4229,15339,BH,,IGD,"Indira Gandhi Institute of Dental Sciences, Kothamangalam",BDS,SM,20,mbbs_p1_final.pdf
2025,1,4230,15342,EZ,,AAD,"Al Azhar Dental College, Thodupuzha",BDS,SM,25,mbbs_p1_final.pdf
2025,1,4231,15346,EW,,PIM,"Palakkad Institute of Medical Sciences, Walayar",MBBS,EW,33,mbbs_p1_final.pdf
2025,1,4232,15355,MU,,TRD,"Travancore DentalCollege, Kollam",BDS,SM,27,mbbs_p1_final.pdf
2025,1,4233,15372,GN,,ADC,"Annoor Dental College, Puthuppady, Muvattupuzha",BDS,SM,42,mbbs_p1_final.pdf
2025,1,4234,15375,MU,,PMS,"PMS College of Dental Sciences, Vattappara, TVPM",BDS,MU,9,mbbs_p1_final.pdf
2025,1,4235,15377,GN,,AAD,"Al Azhar Dental College, Thodupuzha",BDS,SM,39,mbbs_p1_final.pdf
2025,1,4236,15389,EZ,,EID,"Educare Institute of Dental Sciences, Malappuram",BDS,SM,7,mbbs_p1_final.pdf
2025,1,4237,15390,EZ,,PMS,"PMS College of Dental Sciences, Vattappara, TVPM",BDS,EZ,8,mbbs_p1_final.pdf
2025,1,4238,15428,GN,,SGD,"St. Gregorios Dental College, Chelad, Kothamangalam",BDS,SM,3,mbbs_p1_final.pdf
2025,1,4239,15430,GN,,MMC,"Malankara Orthodox Syrian Church MediCollege, Kolenchery",MBBS,NC,6,mbbs_p1_final.pdf
2025,1,4240,15439,SC,,KDM,"P K Das Institute of Medical Sciences, Ottapalam",MBBS,SC,20,mbbs_p1_final.pdf
2025,1,4241,15454,GN,,AMC,"Amala Institute of Medical Sciences, Thrissur",MBBS,NC,29,mbbs_p1_final.pdf
2025,1,4242,15463,EZ,,KMD,"KMCT Dental College, Mambatta, Mukkam, Kozhikode",BDS,EZ,2,mbbs_p1_final.pdf
2025,1,4243,15464,EW,,PIM,"Palakkad Institute of Medical Sciences, Walayar",MBBS,EW,7,mbbs_p1_final.pdf
2025,1,4244,15474,MU,,EMC,"MES Medical College, Perinthalmanna, Malappuram",MBBS,NR,42,mbbs_p1_final.pdf
2025,1,4245,15479,SC,,KCM,"KMCT Medical College, Mukkom, Kozikkode",MBBS,SC,16,mbbs_p1_final.pdf
2025,1,4246,15481,LA,,CMC,"Govt. Medical College, Ernakulam",MBBS,PI,6,mbbs_p1_final.pdf
2025,1,4247,15483,EZ,,TVM,"Govt. Medical College, Thiruvananthapuram",MBBS,PD,1,mbbs_p1_final.pdf
2025,1,4248,15484,SC,,SUC,"SUT Accademy of Medical Sciences, Thiruvananthapuram",MBBS,SC,16,mbbs_p1_final.pdf
2025,1,4249,15486,GN,,PMC,"Pushpagiri Institute of Medical Science, Thiruvalla",MBBS,NR,40,mbbs_p1_final.pdf
2025,1,4250,15487,SC,,KKD,"Govt. Dental College, Kozhikkode",BDS,SC,13,mbbs_p1_final.pdf
2025,1,4251,15495,GN,,ADC,"Annoor Dental College, Puthuppady, Muvattupuzha",BDS,SM,23,mbbs_p1_final.pdf
2025,1,4252,15497,SC,,MMH,"Malabar Medical College Hospital, Kozhikkode",MBBS,SC,13,mbbs_p1_final.pdf
2025,1,4253,15511,EZ,,KMD,"KMCT Dental College, Mambatta, Mukkam, Kozhikode",BDS,EZ,19,mbbs_p1_final.pdf
2025,1,4254,15516,GN,,TVM,"Govt. Medical College, Thiruvananthapuram",MBBS,PD,1,mbbs_p1_final.pdf
2025,1,4255,15517,BH,,MLD,"Malabar Dental College, Edappal",BDS,SM,12,mbbs_p1_final.pdf
2025,1,4256,15519,GN,,AAD,"Al Azhar Dental College, Thodupuzha",BDS,SM,43,mbbs_p1_final.pdf
2025,1,4257,15525,MU,,ADC,"Annoor Dental College, Puthuppady, Muvattupuzha",BDS,MU,35,mbbs_p1_final.pdf
2025,1,4258,15531,LA,,PMS,"PMS College of Dental Sciences, Vattappara, TVPM",BDS,LA,8,mbbs_p1_final.pdf
2025,1,4259,15533,BH,,AZD,"Azeezia College of Dental Science, Meyyannoor, Kollam",BDS,SM,39,mbbs_p1_final.pdf
2025,1,4260,15548,BH,,PMS,"PMS College of Dental Sciences, Vattappara, TVPM",BDS,BH,34,mbbs_p1_final.pdf
2025,1,4261,15570,GN,,KTM,"Govt. Medical College, Kottayam",MBBS,CC,1,mbbs_p1_final.pdf
2025,1,4262,15581,GN,,SVD,"Sri Sankara Dental College, Akathumuri, Varkala",BDS,SM,40,mbbs_p1_final.pdf
2025,1,4263,15585,MU,,AID,"Sree Anjaneya Institue of Dental Scinces, Atholi, Kozhikode",BDS,SM,46,mbbs_p1_final.pdf
2025,1,4264,15595,EW,,MBD,"Mar Baselious Dental College, Kothamangalam",BDS,EW,40,mbbs_p1_final.pdf
2025,1,4265,15601,BH,,MED,"MES Dental College, Perinthalmanna",BDS,BH,38,mbbs_p1_final.pdf
2025,1,4266,15614,EZ,,KMD,"KMCT Dental College, Mambatta, Mukkam, Kozhikode",BDS,EZ,41,mbbs_p1_final.pdf
2025,1,4267,15618,MU,,MED,"MES Dental College, Perinthalmanna",BDS,MU,19,mbbs_p1_final.pdf
2025,1,4268,15624,SC,,KCM,"KMCT Medical College, Mukkom, Kozikkode",MBBS,SC,13,mbbs_p1_final.pdf
2025,1,4269,15639,SC,,MMH,"Malabar Medical College Hospital, Kozhikkode",MBBS,SC,15,mbbs_p1_final.pdf
2025,1,4270,15649,MU,,BCM,"Believers Church Medical College Hospital, Thiruvalla",MBBS,NR,43,mbbs_p1_final.pdf
2025,1,4271,15657,GN,,BCM,"Believers Church Medical College Hospital, Thiruvalla",MBBS,NC,15,mbbs_p1_final.pdf
2025,1,4272,15664,SC,,SUC,"SUT Accademy of Medical Sciences, Thiruvananthapuram",MBBS,SC,12,mbbs_p1_final.pdf
2025,1,4273,15669,SC,,SIM,"Sree Narayana Institute of Medical Sciences, Chalakka, Ernakulam.",MBBS,SC,16,mbbs_p1_final.pdf
2025,1,4274,15690,BH,,ADC,"Annoor Dental College, Puthuppady, Muvattupuzha",BDS,BH,42,mbbs_p1_final.pdf
2025,1,4275,15699,VK,,SGD,"St. Gregorios Dental College, Chelad, Kothamangalam",BDS,SM,8,mbbs_p1_final.pdf
2025,1,4276,15708,SC,,MMH,"Malabar Medical College Hospital, Kozhikkode",MBBS,SC,20,mbbs_p1_final.pdf
2025,1,4277,15723,EZ,,KMD,"KMCT Dental College, Mambatta, Mukkam, Kozhikode",BDS,EZ,29,mbbs_p1_final.pdf
2025,1,4278,15731,GN,,AMC,"Amala Institute of Medical Sciences, Thrissur",MBBS,NC,21,mbbs_p1_final.pdf
2025,1,4279,15736,EZ,,IGD,"Indira Gandhi Institute of Dental Sciences, Kothamangalam",BDS,SM,39,mbbs_p1_final.pdf
2025,1,4280,15741,MU,,MED,"MES Dental College, Perinthalmanna",BDS,MU,22,mbbs_p1_final.pdf
2025,1,4281,15750,SC,,MMH,"Malabar Medical College Hospital, Kozhikkode",MBBS,SC,17,mbbs_p1_final.pdf
2025,1,4282,15753,KU,,CMC,"Govt. Medical College, Ernakulam",MBBS,KU,6,mbbs_p1_final.pdf
2025,1,4283,15756,SC,,SIM,"Sree Narayana Institute of Medical Sciences, Chalakka, Ernakulam.",MBBS,SC,17,mbbs_p1_final.pdf
2025,1,4284,15760,SC,,MMH,"Malabar Medical College Hospital, Kozhikkode",MBBS,SC,18,mbbs_p1_final.pdf
2025,1,4285,15763,SC,,TRM,"Travancore Medical College, Umayanalloor, Kollam",MBBS,SC,19,mbbs_p1_final.pdf
2025,1,4286,15766,GN,,PMD,"Pushpagiri College of Dental Science, Thiruvalla",BDS,AC,47,mbbs_p1_final.pdf
2025,1,4287,15768,SC,,DMM,"Dr. Moopens Medical College, Meppadi, Wayanad",MBBS,SC,10,mbbs_p1_final.pdf
2025,1,4288,15771,SC,,KDM,"P K Das Institute of Medical Sciences, Ottapalam",MBBS,SC,17,mbbs_p1_final.pdf
2025,1,4289,15774,MU,,GMC,"Sree Gokulam Medical College, Venjaramoodu, TVPM",MBBS,NR,19,mbbs_p1_final.pdf
2025,1,4290,15790,GN,,PMD,"Pushpagiri College of Dental Science, Thiruvalla",BDS,AC,29,mbbs_p1_final.pdf
2025,1,4291,15804,GN,,AID,"Sree Anjaneya Institue of Dental Scinces, Atholi, Kozhikode",BDS,SM,47,mbbs_p1_final.pdf
2025,1,4292,15813,GN,,PSD,"PSM College of Dental Sciences, Thrissur",BDS,SM,43,mbbs_p1_final.pdf
2025,1,4293,15820,MU,,AAD,"Al Azhar Dental College, Thodupuzha",BDS,SM,13,mbbs_p1_final.pdf
2025,1,4294,15834,MU,,ADC,"Annoor Dental College, Puthuppady, Muvattupuzha",BDS,MU,45,mbbs_p1_final.pdf
2025,1,4295,15836,MU,,IDM,Government Medical College Idukki,MBBS,CC,12,mbbs_p1_final.pdf
2025,1,4296,15852,SC,,AAM,"Al Azhar Medical college, Thodupuzha",MBBS,SC,12,mbbs_p1_final.pdf
2025,1,4297,15855,SC,,TRM,"Travancore Medical College, Umayanalloor, Kollam",MBBS,SC,19,mbbs_p1_final.pdf
2025,1,4298,15861,GN,,PMD,"Pushpagiri College of Dental Science, Thiruvalla",BDS,AC,47,mbbs_p1_final.pdf
2025,1,4299,15868,SC,,KMM,"Karuna Medical College, Vilayodi, Palakkad",MBBS,SC,13,mbbs_p1_final.pdf
2025,1,4300,15879,EZ,,KDM,"P K Das Institute of Medical Sciences, Ottapalam",MBBS,NR,21,mbbs_p1_final.pdf
2025,1,4301,15884,GN,,MMH,"Malabar Medical College Hospital, Kozhikkode",MBBS,NR,18,mbbs_p1_final.pdf
2025,1,4302,15891,GN,,MBD,"Mar Baselious Dental College, Kothamangalam",BDS,AC,49,mbbs_p1_final.pdf
2025,1,4303,15894,BH,,AAD,"Al Azhar Dental College, Thodupuzha",BDS,SM,42,mbbs_p1_final.pdf
2025,1,4304,15908,MU,,PMS,"PMS College of Dental Sciences, Vattappara, TVPM",BDS,MU,47,mbbs_p1_final.pdf
2025,1,4305,15932,MU,,PMS,"PMS College of Dental Sciences, Vattappara, TVPM",BDS,MM,11,mbbs_p1_final.pdf
2025,1,4306,15935,GN,,EMC,"MES Medical College, Perinthalmanna, Malappuram",MBBS,NR,18,mbbs_p1_final.pdf
2025,1,4307,15947,SC,,KDM,"P K Das Institute of Medical Sciences, Ottapalam",MBBS,SC,20,mbbs_p1_final.pdf
2025,1,4308,15959,SC,,SIM,"Sree Narayana Institute of Medical Sciences, Chalakka, Ernakulam.",MBBS,SC,15,mbbs_p1_final.pdf
2025,1,4309,15965,SC,,SMC,"Dr. Somervell Memorial CSI Medical College, Karakonam",MBBS,SC,19,mbbs_p1_final.pdf
2025,1,4310,15969,SC,,SMC,"Dr. Somervell Memorial CSI Medical College, Karakonam",MBBS,SC,19,mbbs_p1_final.pdf
2025,1,4311,15975,EZ,,PMS,"PMS College of Dental Sciences, Vattappara, TVPM",BDS,EZ,20,mbbs_p1_final.pdf
2025,1,4312,15989,SC,,KDM,"P K Das Institute of Medical Sciences, Ottapalam",MBBS,SC,16,mbbs_p1_final.pdf
2025,1,4313,15995,MU,,MED,"MES Dental College, Perinthalmanna",BDS,MU,8,mbbs_p1_final.pdf
2025,1,4314,15999,DV,,SGD,"St. Gregorios Dental College, Chelad, Kothamangalam",BDS,SM,42,mbbs_p1_final.pdf
2025,1,4315,16030,EZ,,PMS,"PMS College of Dental Sciences, Vattappara, TVPM",BDS,EZ,21,mbbs_p1_final.pdf
2025,1,4316,16038,MU,,PSD,"PSM College of Dental Sciences, Thrissur",BDS,SM,46,mbbs_p1_final.pdf
2025,1,4317,16044,MU,,AID,"Sree Anjaneya Institue of Dental Scinces, Atholi, Kozhikode",BDS,SM,46,mbbs_p1_final.pdf
2025,1,4318,16049,GN,,SGD,"St. Gregorios Dental College, Chelad, Kothamangalam",BDS,SM,37,mbbs_p1_final.pdf
2025,1,4319,16054,SC,,KDM,"P K Das Institute of Medical Sciences, Ottapalam",MBBS,SC,17,mbbs_p1_final.pdf
2025,1,4320,16062,MU,,EMC,"MES Medical College, Perinthalmanna, Malappuram",MBBS,NR,27,mbbs_p1_final.pdf
2025,1,4321,16077,SC,,SUC,"SUT Accademy of Medical Sciences, Thiruvananthapuram",MBBS,SC,20,mbbs_p1_final.pdf
2025,1,4322,16080,SC,,SUC,"SUT Accademy of Medical Sciences, Thiruvananthapuram",MBBS,SC,20,mbbs_p1_final.pdf
2025,1,4323,16084,EZ,,KMD,"KMCT Dental College, Mambatta, Mukkam, Kozhikode",BDS,EZ,2,mbbs_p1_final.pdf
2025,1,4324,16100,GN,,MBD,"Mar Baselious Dental College, Kothamangalam",BDS,AC,20,mbbs_p1_final.pdf
2025,1,4325,16116,MU,,MED,"MES Dental College, Perinthalmanna",BDS,MU,33,mbbs_p1_final.pdf
2025,1,4326,16120,GN,,AAD,"Al Azhar Dental College, Thodupuzha",BDS,SM,19,mbbs_p1_final.pdf
2025,1,4327,16122,MU,,MED,"MES Dental College, Perinthalmanna",BDS,MU,9,mbbs_p1_final.pdf
2025,1,4328,16163,GN,,MBD,"Mar Baselious Dental College, Kothamangalam",BDS,AC,39,mbbs_p1_final.pdf
2025,1,4329,16175,MU,,PMS,"PMS College of Dental Sciences, Vattappara, TVPM",BDS,MM,10,mbbs_p1_final.pdf
2025,1,4330,16176,GN,,SGD,"St. Gregorios Dental College, Chelad, Kothamangalam",BDS,SM,22,mbbs_p1_final.pdf
2025,1,4331,16190,MU,,MLD,"Malabar Dental College, Edappal",BDS,SM,7,mbbs_p1_final.pdf
2025,1,4332,16209,SC,,SUC,"SUT Accademy of Medical Sciences, Thiruvananthapuram",MBBS,SC,19,mbbs_p1_final.pdf
2025,1,4333,16238,MU,,MLD,"Malabar Dental College, Edappal",BDS,SM,19,mbbs_p1_final.pdf
2025,1,4334,16241,MU,,MED,"MES Dental College, Perinthalmanna",BDS,MU,28,mbbs_p1_final.pdf
2025,1,4335,16245,GN,,SGD,"St. Gregorios Dental College, Chelad, Kothamangalam",BDS,SM,9,mbbs_p1_final.pdf
2025,1,4336,16251,MU,,PSD,"PSM College of Dental Sciences, Thrissur",BDS,SM,14,mbbs_p1_final.pdf
2025,1,4337,16267,EZ,,KMD,"KMCT Dental College, Mambatta, Mukkam, Kozhikode",BDS,EZ,9,mbbs_p1_final.pdf
2025,1,4338,16268,MU,,MED,"MES Dental College, Perinthalmanna",BDS,MU,46,mbbs_p1_final.pdf
2025,1,4339,16270,EZ,,IGD,"Indira Gandhi Institute of Dental Sciences, Kothamangalam",BDS,SM,20,mbbs_p1_final.pdf
2025,1,4340,16271,SC,,AZC,"Azeezia Institute of Medi Science, Meyyannoor, Kollam",MBBS,SC,18,mbbs_p1_final.pdf
2025,1,4341,16278,GN,,RDC,"Royal Dental College, Chalisery, Palakkad",BDS,SM,28,mbbs_p1_final.pdf
2025,1,4342,16296,EZ,,KMD,"KMCT Dental College, Mambatta, Mukkam, Kozhikode",BDS,EZ,39,mbbs_p1_final.pdf
2025,1,4343,16305,MU,,AAD,"Al Azhar Dental College, Thodupuzha",BDS,SM,39,mbbs_p1_final.pdf
2025,1,4344,16310,ST,,KTM,"Govt. Medical College, Kottayam",MBBS,ST,3,mbbs_p1_final.pdf
2025,1,4345,16316,BH,,SGD,"St. Gregorios Dental College, Chelad, Kothamangalam",BDS,SM,43,mbbs_p1_final.pdf
2025,1,4346,16328,GN,,SGD,"St. Gregorios Dental College, Chelad, Kothamangalam",BDS,SM,11,mbbs_p1_final.pdf
2025,1,4347,16329,SC,,SUC,"SUT Accademy of Medical Sciences, Thiruvananthapuram",MBBS,SC,14,mbbs_p1_final.pdf
2025,1,4348,16337,SC,,KDM,"P K Das Institute of Medical Sciences, Ottapalam",MBBS,SC,13,mbbs_p1_final.pdf
2025,1,4349,16357,GN,,SGD,"St. Gregorios Dental College, Chelad, Kothamangalam",BDS,SM,53,mbbs_p1_final.pdf
2025,1,4350,16358,GN,,SGD,"St. Gregorios Dental College, Chelad, Kothamangalam",BDS,SM,4,mbbs_p1_final.pdf
2025,1,4351,16378,SC,,DMM,"Dr. Moopens Medical College, Meppadi, Wayanad",MBBS,SC,16,mbbs_p1_final.pdf
2025,1,4352,16384,MU,,EID,"Educare Institute of Dental Sciences, Malappuram",BDS,SM,1,mbbs_p1_final.pdf
2025,1,4353,16396,SC,,SUC,"SUT Accademy of Medical Sciences, Thiruvananthapuram",MBBS,SC,22,mbbs_p1_final.pdf
2025,1,4354,16397,GN,,SGD,"St. Gregorios Dental College, Chelad, Kothamangalam",BDS,SM,24,mbbs_p1_final.pdf
2025,1,4355,16413,EZ,,TRD,"Travancore DentalCollege, Kollam",BDS,SM,39,mbbs_p1_final.pdf
2025,1,4356,16417,GN,,AAD,"Al Azhar Dental College, Thodupuzha",BDS,SM,49,mbbs_p1_final.pdf
2025,1,4357,16418,GN,,AAD,"Al Azhar Dental College, Thodupuzha",BDS,SM,44,mbbs_p1_final.pdf
2025,1,4358,16422,SC,,SUC,"SUT Accademy of Medical Sciences, Thiruvananthapuram",MBBS,SC,15,mbbs_p1_final.pdf
2025,1,4359,16444,MU,,AAD,"Al Azhar Dental College, Thodupuzha",BDS,SM,38,mbbs_p1_final.pdf
2025,1,4360,16448,GN,,AAD,"Al Azhar Dental College, Thodupuzha",BDS,SM,34,mbbs_p1_final.pdf
2025,1,4361,16449,MU,,EMC,"MES Medical College, Perinthalmanna, Malappuram",MBBS,NR,15,mbbs_p1_final.pdf
2025,1,4362,16465,GN,,SGD,"St. Gregorios Dental College, Chelad, Kothamangalam",BDS,SM,40,mbbs_p1_final.pdf
2025,1,4363,16475,GN,,SGD,"St. Gregorios Dental College, Chelad, Kothamangalam",BDS,SM,6,mbbs_p1_final.pdf
2025,1,4364,16477,DV,,ADC,"Annoor Dental College, Puthuppady, Muvattupuzha",BDS,DV,34,mbbs_p1_final.pdf
2025,1,4365,16479,BH,,MED,"MES Dental College, Perinthalmanna",BDS,BH,40,mbbs_p1_final.pdf
2025,1,4366,16487,MU,,MED,"MES Dental College, Perinthalmanna",BDS,MU,20,mbbs_p1_final.pdf
2025,1,4367,16502,MU,,ADC,"Annoor Dental College, Puthuppady, Muvattupuzha",BDS,MU,46,mbbs_p1_final.pdf
2025,1,4368,16507,MU,,ADC,"Annoor Dental College, Puthuppady, Muvattupuzha",BDS,MM,20,mbbs_p1_final.pdf
2025,1,4369,16520,LA,,ADC,"Annoor Dental College, Puthuppady, Muvattupuzha",BDS,LA,38,mbbs_p1_final.pdf
2025,1,4370,16522,MU,,MLD,"Malabar Dental College, Edappal",BDS,SM,45,mbbs_p1_final.pdf
2025,1,4371,16540,BX,,PMS,"PMS College of Dental Sciences, Vattappara, TVPM",BDS,BX,43,mbbs_p1_final.pdf
2025,1,4372,16557,SC,,PIM,"Palakkad Institute of Medical Sciences, Walayar",MBBS,SC,13,mbbs_p1_final.pdf
2025,1,4373,16569,SC,,KDM,"P K Das Institute of Medical Sciences, Ottapalam",MBBS,SC,16,mbbs_p1_final.pdf
2025,1,4374,16584,LA,,SGD,"St. Gregorios Dental College, Chelad, Kothamangalam",BDS,SM,50,mbbs_p1_final.pdf
2025,1,4375,16595,GN,,SGD,"St. Gregorios Dental College, Chelad, Kothamangalam",BDS,SM,24,mbbs_p1_final.pdf
2025,1,4376,16601,EZ,,PMS,"PMS College of Dental Sciences, Vattappara, TVPM",BDS,EZ,39,mbbs_p1_final.pdf
2025,1,4377,16603,BX,,KAD,"Kannur Dental College, Anjarakandy, Kannur",BDS,SM,46,mbbs_p1_final.pdf
2025,1,4378,16606,BH,,AZD,"Azeezia College of Dental Science, Meyyannoor, Kollam",BDS,SM,41,mbbs_p1_final.pdf
2025,1,4379,16609,DV,,SGD,"St. Gregorios Dental College, Chelad, Kothamangalam",BDS,DV,40,mbbs_p1_final.pdf
2025,1,4380,16616,MU,,PSD,"PSM College of Dental Sciences, Thrissur",BDS,SM,21,mbbs_p1_final.pdf
2025,1,4381,16631,SC,,AZC,"Azeezia Institute of Medi Science, Meyyannoor, Kollam",MBBS,SC,17,mbbs_p1_final.pdf
2025,1,4382,16647,BH,,SGD,"St. Gregorios Dental College, Chelad, Kothamangalam",BDS,BH,44,mbbs_p1_final.pdf
2025,1,4383,16648,EZ,,AID,"Sree Anjaneya Institue of Dental Scinces, Atholi, Kozhikode",BDS,SM,39,mbbs_p1_final.pdf
2025,1,4384,16659,MU,,SGD,"St. Gregorios Dental College, Chelad, Kothamangalam",BDS,MU,25,mbbs_p1_final.pdf
2025,1,4385,16663,GN,,AZD,"Azeezia College of Dental Science, Meyyannoor, Kollam",BDS,SM,7,mbbs_p1_final.pdf
2025,1,4386,16667,GN,,TRM,"Travancore Medical College, Umayanalloor, Kollam",MBBS,NR,24,mbbs_p1_final.pdf
2025,1,4387,16669,EZ,,AZD,"Azeezia College of Dental Science, Meyyannoor, Kollam",BDS,SM,39,mbbs_p1_final.pdf
2025,1,4388,16671,SC,,SIM,"Sree Narayana Institute of Medical Sciences, Chalakka, Ernakulam.",MBBS,SC,26,mbbs_p1_final.pdf
2025,1,4389,16677,SC,,DMM,"Dr. Moopens Medical College, Meppadi, Wayanad",MBBS,SC #,20,mbbs_p1_final.pdf
2025,1,4390,16678,EZ,,AAD,"Al Azhar Dental College, Thodupuzha",BDS,SM,20,mbbs_p1_final.pdf
2025,1,4391,16687,MU,,AAD,"Al Azhar Dental College, Thodupuzha",BDS,SM,47,mbbs_p1_final.pdf
2025,1,4392,16690,GN,,KAD,"Kannur Dental College, Anjarakandy, Kannur",BDS,SM,21,mbbs_p1_final.pdf
2025,1,4393,16692,MU,,SGD,"St. Gregorios Dental College, Chelad, Kothamangalam",BDS,MU,25,mbbs_p1_final.pdf
2025,1,4394,16700,BH,,MED,"MES Dental College, Perinthalmanna",BDS,BH,43,mbbs_p1_final.pdf
2025,1,4395,16703,MU,,GMC,"Sree Gokulam Medical College, Venjaramoodu, TVPM",MBBS,NR,32,mbbs_p1_final.pdf
2025,1,4396,16710,DV,,MED,"MES Dental College, Perinthalmanna",BDS,DV,39,mbbs_p1_final.pdf
2025,1,4397,16713,SC,,DMM,"Dr. Moopens Medical College, Meppadi, Wayanad",MBBS,SC,15,mbbs_p1_final.pdf
2025,1,4398,16718,SC,,DMM,"Dr. Moopens Medical College, Meppadi, Wayanad",MBBS,SC,19,mbbs_p1_final.pdf
2025,1,4399,16732,SC,,DMM,"Dr. Moopens Medical College, Meppadi, Wayanad",MBBS,SC,23,mbbs_p1_final.pdf
2025,1,4400,16733,EZ,,PMS,"PMS College of Dental Sciences, Vattappara, TVPM",BDS,EZ,39,mbbs_p1_final.pdf
2025,1,4401,16735,SC,,SIM,"Sree Narayana Institute of Medical Sciences, Chalakka, Ernakulam.",MBBS,SC,23,mbbs_p1_final.pdf
2025,1,4402,16743,KU,,KNM,Government Medical College Kannur,MBBS,KU,7,mbbs_p1_final.pdf
2025,1,4403,16746,DV,,AAD,"Al Azhar Dental College, Thodupuzha",BDS,SM,41,mbbs_p1_final.pdf
2025,1,4404,16759,EZ,,MED,"MES Dental College, Perinthalmanna",BDS,EZ,41,mbbs_p1_final.pdf
2025,1,4405,16768,KU,,GMC,"Sree Gokulam Medical College, Venjaramoodu, TVPM",MBBS,KU,7,mbbs_p1_final.pdf
2025,1,4406,16786,EZ,,PSD,"PSM College of Dental Sciences, Thrissur",BDS,SM,41,mbbs_p1_final.pdf
2025,1,4407,16789,MU,,PMS,"PMS College of Dental Sciences, Vattappara, TVPM",BDS,MM,20,mbbs_p1_final.pdf
2025,1,4408,16790,SC,,SIM,"Sree Narayana Institute of Medical Sciences, Chalakka, Ernakulam.",MBBS,SC,23,mbbs_p1_final.pdf
2025,1,4409,16794,MU,,PMS,"PMS College of Dental Sciences, Vattappara, TVPM",BDS,MM,49,mbbs_p1_final.pdf
2025,1,4410,16796,GN,,IGD,"Indira Gandhi Institute of Dental Sciences, Kothamangalam",BDS,SM,30,mbbs_p1_final.pdf
2025,1,4411,16801,GN,,AAD,"Al Azhar Dental College, Thodupuzha",BDS,SM,36,mbbs_p1_final.pdf
2025,1,4412,16804,GN,,RDC,"Royal Dental College, Chalisery, Palakkad",BDS,SM,22,mbbs_p1_final.pdf
2025,1,4413,16816,GN,,AZD,"Azeezia College of Dental Science, Meyyannoor, Kollam",BDS,SM,8,mbbs_p1_final.pdf
2025,1,4414,16819,GN,,EMC,"MES Medical College, Perinthalmanna, Malappuram",MBBS,NR,38,mbbs_p1_final.pdf
2025,1,4415,16822,SC,,DMM,"Dr. Moopens Medical College, Meppadi, Wayanad",MBBS,SC,24,mbbs_p1_final.pdf
2025,1,4416,16830,SC,,MZM,"Mount Zion Medical College, Pathanamthitta",MBBS,SC,16,mbbs_p1_final.pdf
2025,1,4417,16845,GN,,MMC,"Malankara Orthodox Syrian Church MediCollege, Kolenchery",MBBS,NC,33,mbbs_p1_final.pdf
2025,1,4418,16850,GN,,GMC,"Sree Gokulam Medical College, Venjaramoodu, TVPM",MBBS,NR,37,mbbs_p1_final.pdf
2025,1,4419,16857,EZ,,AZD,"Azeezia College of Dental Science, Meyyannoor, Kollam",BDS,SM,42,mbbs_p1_final.pdf
2025,1,4420,16860,SC,,SIM,"Sree Narayana Institute of Medical Sciences, Chalakka, Ernakulam.",MBBS,SC,23,mbbs_p1_final.pdf
2025,1,4421,16866,SC,,TVD,"Govt. Dental College, Thiruvananthapuram",BDS,SC,13,mbbs_p1_final.pdf
2025,1,4422,16873,GN,,EMC,"MES Medical College, Perinthalmanna, Malappuram",MBBS,NR,28,mbbs_p1_final.pdf
2025,1,4423,16880,SC,,MZM,"Mount Zion Medical College, Pathanamthitta",MBBS,SC,22,mbbs_p1_final.pdf
2025,1,4424,16890,MU,,AID,"Sree Anjaneya Institue of Dental Scinces, Atholi, Kozhikode",BDS,SM,46,mbbs_p1_final.pdf
2025,1,4425,16895,SC,,SIM,"Sree Narayana Institute of Medical Sciences, Chalakka, Ernakulam.",MBBS,SC,19,mbbs_p1_final.pdf
2025,1,4426,16904,SC,,SIM,"Sree Narayana Institute of Medical Sciences, Chalakka, Ernakulam.",MBBS,SC,13,mbbs_p1_final.pdf
2025,1,4427,16906,GN,,MMC,"Malankara Orthodox Syrian Church MediCollege, Kolenchery",MBBS,NC,35,mbbs_p1_final.pdf
2025,1,4428,16908,BH,,AZD,"Azeezia College of Dental Science, Meyyannoor, Kollam",BDS,SM,46,mbbs_p1_final.pdf
2025,1,4429,16910,GN,,TCM,"Govt. Medical College, Thrissur",MBBS,PT,1,mbbs_p1_final.pdf
2025,1,4430,16914,BX,,AZD,"Azeezia College of Dental Science, Meyyannoor, Kollam",BDS,SM,40,mbbs_p1_final.pdf
2025,1,4431,16916,GN,,PSD,"PSM College of Dental Sciences, Thrissur",BDS,SM,19,mbbs_p1_final.pdf
2025,1,4432,16922,VK,,ADC,"Annoor Dental College, Puthuppady, Muvattupuzha",BDS,VK,9,mbbs_p1_final.pdf
2025,1,4433,16924,EZ,,MED,"MES Dental College, Perinthalmanna",BDS,EZ,22,mbbs_p1_final.pdf
2025,1,4434,16929,EZ,,ADC,"Annoor Dental College, Puthuppady, Muvattupuzha",BDS,EZ,1,mbbs_p1_final.pdf
2025,1,4435,16932,MU,,TRD,"Travancore DentalCollege, Kollam",BDS,MU,45,mbbs_p1_final.pdf
2025,1,4436,16936,SC,,KDM,"P K Das Institute of Medical Sciences, Ottapalam",MBBS,SC,22,mbbs_p1_final.pdf
2025,1,4437,16938,SC,,AAM,"Al Azhar Medical college, Thodupuzha",MBBS,SC,28,mbbs_p1_final.pdf
2025,1,4438,16946,SC,,KDM,"P K Das Institute of Medical Sciences, Ottapalam",MBBS,SC,25,mbbs_p1_final.pdf
2025,1,4439,16956,DV,,AID,"Sree Anjaneya Institue of Dental Scinces, Atholi, Kozhikode",BDS,SM,41,mbbs_p1_final.pdf
2025,1,4440,16959,KU,,MLP,"Govt. Medical College, Manjeri",MBBS,KU,8,mbbs_p1_final.pdf
2025,1,4441,16974,MU,,IGD,"Indira Gandhi Institute of Dental Sciences, Kothamangalam",BDS,SM,47,mbbs_p1_final.pdf
2025,1,4442,16993,SC,,AAM,"Al Azhar Medical college, Thodupuzha",MBBS,SC,16,mbbs_p1_final.pdf
2025,1,4443,16995,MU,,PMS,"PMS College of Dental Sciences, Vattappara, TVPM",BDS,MM,9,mbbs_p1_final.pdf
2025,1,4444,16997,SC,,KDM,"P K Das Institute of Medical Sciences, Ottapalam",MBBS,SC,27,mbbs_p1_final.pdf
2025,1,4445,17011,BX,,PMC,"Pushpagiri Institute of Medical Science, Thiruvalla",MBBS,NC,3,mbbs_p1_final.pdf
2025,1,4446,17013,GN,,NID,"Noorul Islam College of Dental Science, Neyyattinkara",BDS,SM,39,mbbs_p1_final.pdf
2025,1,4447,17019,SC,,KDM,"P K Das Institute of Medical Sciences, Ottapalam",MBBS,SC,22,mbbs_p1_final.pdf
2025,1,4448,17020,SC,,PIM,"Palakkad Institute of Medical Sciences, Walayar",MBBS,SC,32,mbbs_p1_final.pdf
2025,1,4449,17021,GN,,AAD,"Al Azhar Dental College, Thodupuzha",BDS,SM,36,mbbs_p1_final.pdf
2025,1,4450,17022,BH,,SVD,"Sri Sankara Dental College, Akathumuri, Varkala",BDS,SM,40,mbbs_p1_final.pdf
2025,1,4451,17032,SC,,PIM,"Palakkad Institute of Medical Sciences, Walayar",MBBS,SC,31,mbbs_p1_final.pdf
2025,1,4452,17033,GN,,IGD,"Indira Gandhi Institute of Dental Sciences, Kothamangalam",BDS,SM,42,mbbs_p1_final.pdf
2025,1,4453,17037,GN,,MMC,"Malankara Orthodox Syrian Church MediCollege, Kolenchery",MBBS,NC,30,mbbs_p1_final.pdf
2025,1,4454,17041,SC,,PIM,"Palakkad Institute of Medical Sciences, Walayar",MBBS,SC,32,mbbs_p1_final.pdf
2025,1,4455,17044,MU,,ADC,"Annoor Dental College, Puthuppady, Muvattupuzha",BDS,MM,46,mbbs_p1_final.pdf
2025,1,4456,17045,EZ,,GMC,"Sree Gokulam Medical College, Venjaramoodu, TVPM",MBBS,NR,19,mbbs_p1_final.pdf
2025,1,4457,17052,MU,,MLD,"Malabar Dental College, Edappal",BDS,SM,41,mbbs_p1_final.pdf
2025,1,4458,17055,BH,,MLD,"Malabar Dental College, Edappal",BDS,SM,45,mbbs_p1_final.pdf
2025,1,4459,17065,EZ,,PMS,"PMS College of Dental Sciences, Vattappara, TVPM",BDS,EZ,41,mbbs_p1_final.pdf
2025,1,4460,17066,BH,,EID,"Educare Institute of Dental Sciences, Malappuram",BDS,SM,39,mbbs_p1_final.pdf
2025,1,4461,17070,SC,,PIM,"Palakkad Institute of Medical Sciences, Walayar",MBBS,SC,28,mbbs_p1_final.pdf
2025,1,4462,17071,SC,,TCD,"Govt. Dental College, Thrissur",BDS,SC,13,mbbs_p1_final.pdf
2025,1,4463,17080,SC,,PIM,"Palakkad Institute of Medical Sciences, Walayar",MBBS,SC,26,mbbs_p1_final.pdf
2025,1,4464,17082,MU,,PMS,"PMS College of Dental Sciences, Vattappara, TVPM",BDS,MM,26,mbbs_p1_final.pdf
2025,1,4465,17084,MU,,MLD,"Malabar Dental College, Edappal",BDS,SM,4,mbbs_p1_final.pdf
2025,1,4466,17108,EZ,,PMS,"PMS College of Dental Sciences, Vattappara, TVPM",BDS,EZ,39,mbbs_p1_final.pdf
2025,1,4467,17126,MU,,KAD,"Kannur Dental College, Anjarakandy, Kannur",BDS,SM,25,mbbs_p1_final.pdf
2025,1,4468,17142,MU,,ADC,"Annoor Dental College, Puthuppady, Muvattupuzha",BDS,MM,48,mbbs_p1_final.pdf
2025,1,4469,17158,VK,,AAD,"Al Azhar Dental College, Thodupuzha",BDS,SM,7,mbbs_p1_final.pdf
2025,1,4470,17180,MU,,PSD,"PSM College of Dental Sciences, Thrissur",BDS,SM,41,mbbs_p1_final.pdf
2025,1,4471,17185,BH,,AAD,"Al Azhar Dental College, Thodupuzha",BDS,SM,44,mbbs_p1_final.pdf
2025,1,4472,17188,GN,,IGD,"Indira Gandhi Institute of Dental Sciences, Kothamangalam",BDS,SM,39,mbbs_p1_final.pdf
2025,1,4473,17198,GN,,IGD,"Indira Gandhi Institute of Dental Sciences, Kothamangalam",BDS,SM,32,mbbs_p1_final.pdf
2025,1,4474,17199,BH,,AAD,"Al Azhar Dental College, Thodupuzha",BDS,SM,45,mbbs_p1_final.pdf
2025,1,4475,17200,GN,,RDC,"Royal Dental College, Chalisery, Palakkad",BDS,SM,45,mbbs_p1_final.pdf
2025,1,4476,17209,SC,,TCD,"Govt. Dental College, Thrissur",BDS,SC,33,mbbs_p1_final.pdf
2025,1,4477,17210,BX,,NID,"Noorul Islam College of Dental Science, Neyyattinkara",BDS,SM,21,mbbs_p1_final.pdf
2025,1,4478,17221,SC,,TVD,"Govt. Dental College, Thiruvananthapuram",BDS,SC,33,mbbs_p1_final.pdf
2025,1,4479,17233,SC,,KKM,"Govt. Medical College, Kozhikkode",MBBS,CC,2,mbbs_p1_final.pdf
2025,1,4480,17237,BH,,SVD,"Sri Sankara Dental College, Akathumuri, Varkala",BDS,SM,22,mbbs_p1_final.pdf
2025,1,4481,17252,MU,,GMC,"Sree Gokulam Medical College, Venjaramoodu, TVPM",MBBS,NR,42,mbbs_p1_final.pdf
2025,1,4482,17258,BH,,PSD,"PSM College of Dental Sciences, Thrissur",BDS,SM,42,mbbs_p1_final.pdf
2025,1,4483,17271,EZ,,MED,"MES Dental College, Perinthalmanna",BDS,EZ,9,mbbs_p1_final.pdf
2025,1,4484,17277,ST,,KTM,"Govt. Medical College, Kottayam",MBBS,ST,3,mbbs_p1_final.pdf
2025,1,4485,17301,MU,,MLD,"Malabar Dental College, Edappal",BDS,SM,25,mbbs_p1_final.pdf
2025,1,4486,17313,GN,,IGD,"Indira Gandhi Institute of Dental Sciences, Kothamangalam",BDS,SM,19,mbbs_p1_final.pdf
2025,1,4487,17334,GN,,NID,"Noorul Islam College of Dental Science, Neyyattinkara",BDS,SM,41,mbbs_p1_final.pdf
2025,1,4488,17339,EW,,TVM,"Govt. Medical College, Thiruvananthapuram",MBBS,PD,1,mbbs_p1_final.pdf
2025,1,4489,17340,SC,,KTD,"Govt. Dental College, Kottayam",BDS,SC,31,mbbs_p1_final.pdf
2025,1,4490,17346,DV,,IGD,"Indira Gandhi Institute of Dental Sciences, Kothamangalam",BDS,SM,41,mbbs_p1_final.pdf
2025,1,4491,17350,EZ,,AZD,"Azeezia College of Dental Science, Meyyannoor, Kollam",BDS,SM,22,mbbs_p1_final.pdf
2025,1,4492,17353,SC,,KTD,"Govt. Dental College, Kottayam",BDS,SC,35,mbbs_p1_final.pdf
2025,1,4493,17354,LA,,KMD,"KMCT Dental College, Mambatta, Mukkam, Kozhikode",BDS,LA,41,mbbs_p1_final.pdf
2025,1,4494,17366,BH,,MLD,"Malabar Dental College, Edappal",BDS,SM,23,mbbs_p1_final.pdf
2025,1,4495,17372,MU,,AZD,"Azeezia College of Dental Science, Meyyannoor, Kollam",BDS,SM,15,mbbs_p1_final.pdf
2025,1,4496,17387,GN,,MLD,"Malabar Dental College, Edappal",BDS,SM,4,mbbs_p1_final.pdf
2025,1,4497,17394,BH,,PSD,"PSM College of Dental Sciences, Thrissur",BDS,SM,8,mbbs_p1_final.pdf
2025,1,4498,17397,MU,,TRM,"Travancore Medical College, Umayanalloor, Kollam",MBBS,NR,3,mbbs_p1_final.pdf
2025,1,4499,17399,EW,,MBD,"Mar Baselious Dental College, Kothamangalam",BDS,EW,21,mbbs_p1_final.pdf
2025,1,4500,17401,GN,,PSD,"PSM College of Dental Sciences, Thrissur",BDS,SM,30,mbbs_p1_final.pdf
2025,1,4501,17405,MU,,PMS,"PMS College of Dental Sciences, Vattappara, TVPM",BDS,MM,48,mbbs_p1_final.pdf
2025,1,4502,17420,VK,,TRM,"Travancore Medical College, Umayanalloor, Kollam",MBBS,NR,33,mbbs_p1_final.pdf
2025,1,4503,17425,MU,,EID,"Educare Institute of Dental Sciences, Malappuram",BDS,SM,40,mbbs_p1_final.pdf
2025,1,4504,17426,GN,,GMC,"Sree Gokulam Medical College, Venjaramoodu, TVPM",MBBS,NR,26,mbbs_p1_final.pdf
2025,1,4505,17430,GN,,SGD,"St. Gregorios Dental College, Chelad, Kothamangalam",BDS,AC,45,mbbs_p1_final.pdf
2025,1,4506,17435,SC,,KND,"Government Dental College, Kannur",BDS,SC,16,mbbs_p1_final.pdf
2025,1,4507,17444,GN,,IGD,"Indira Gandhi Institute of Dental Sciences, Kothamangalam",BDS,SM,23,mbbs_p1_final.pdf
2025,1,4508,17453,MU,,PMS,"PMS College of Dental Sciences, Vattappara, TVPM",BDS,MM,11,mbbs_p1_final.pdf
2025,1,4509,17463,GN,,SGD,"St. Gregorios Dental College, Chelad, Kothamangalam",BDS,AC,49,mbbs_p1_final.pdf
2025,1,4510,17488,MU,,KAD,"Kannur Dental College, Anjarakandy, Kannur",BDS,SM,4,mbbs_p1_final.pdf
2025,1,4511,17504,GN,,SGD,"St. Gregorios Dental College, Chelad, Kothamangalam",BDS,AC,51,mbbs_p1_final.pdf
2025,1,4512,17506,GN,,KDM,"P K Das Institute of Medical Sciences, Ottapalam",MBBS,NR,6,mbbs_p1_final.pdf
2025,1,4513,17521,EZ,,MLD,"Malabar Dental College, Edappal",BDS,SM,7,mbbs_p1_final.pdf
2025,1,4514,17537,GN,,MMC,"Malankara Orthodox Syrian Church MediCollege, Kolenchery",MBBS,NC,22,mbbs_p1_final.pdf
2025,1,4515,17539,EZ,,AID,"Sree Anjaneya Institue of Dental Scinces, Atholi, Kozhikode",BDS,SM,40,mbbs_p1_final.pdf
2025,1,4516,17553,MU,,GMC,"Sree Gokulam Medical College, Venjaramoodu, TVPM",MBBS,NR,4,mbbs_p1_final.pdf
2025,1,4517,17570,SC,,ALD,"Government Dental College, Alappuzha",BDS,SC #,37,mbbs_p1_final.pdf
2025,1,4518,17575,EZ,,NID,"Noorul Islam College of Dental Science, Neyyattinkara",BDS,SM,40,mbbs_p1_final.pdf
2025,1,4519,17593,GN,,EID,"Educare Institute of Dental Sciences, Malappuram",BDS,SM,47,mbbs_p1_final.pdf
2025,1,4520,17598,GN,,PMC,"Pushpagiri Institute of Medical Science, Thiruvalla",MBBS,NC,36,mbbs_p1_final.pdf
2025,1,4521,17602,MU,,PMS,"PMS College of Dental Sciences, Vattappara, TVPM",BDS,MM,8,mbbs_p1_final.pdf
2025,1,4522,17606,MU,,AID,"Sree Anjaneya Institue of Dental Scinces, Atholi, Kozhikode",BDS,SM,7,mbbs_p1_final.pdf
2025,1,4523,17616,KN,,PMS,"PMS College of Dental Sciences, Vattappara, TVPM",BDS,KN,39,mbbs_p1_final.pdf
2025,1,4524,17626,GN,,PMC,"Pushpagiri Institute of Medical Science, Thiruvalla",MBBS,NC,43,mbbs_p1_final.pdf
2025,1,4525,17633,EW,,MBD,"Mar Baselious Dental College, Kothamangalam",BDS,EW,40,mbbs_p1_final.pdf
2025,1,4526,17649,MU,,EMC,"MES Medical College, Perinthalmanna, Malappuram",MBBS,NR,31,mbbs_p1_final.pdf
2025,1,4527,17655,EZ,,GMC,"Sree Gokulam Medical College, Venjaramoodu, TVPM",MBBS,NR,37,mbbs_p1_final.pdf
2025,1,4528,17674,GN,,PMS,"PMS College of Dental Sciences, Vattappara, TVPM",BDS,MM,46,mbbs_p1_final.pdf
2025,1,4529,17675,GN,,SGD,"St. Gregorios Dental College, Chelad, Kothamangalam",BDS,AC,51,mbbs_p1_final.pdf
2025,1,4530,17681,EW,,AAD,"Al Azhar Dental College, Thodupuzha",BDS,SM,46,mbbs_p1_final.pdf
2025,1,4531,17682,GN,,TRM,"Travancore Medical College, Umayanalloor, Kollam",MBBS,NR,27,mbbs_p1_final.pdf
2025,1,4532,17684,GN,,PMC,"Pushpagiri Institute of Medical Science, Thiruvalla",MBBS,NC,26,mbbs_p1_final.pdf
2025,1,4533,17687,LA,,AAD,"Al Azhar Dental College, Thodupuzha",BDS,SM,38,mbbs_p1_final.pdf
2025,1,4534,17699,EZ,,TRD,"Travancore DentalCollege, Kollam",BDS,EZ,41,mbbs_p1_final.pdf
2025,1,4535,17717,MU,,MLD,"Malabar Dental College, Edappal",BDS,SM,8,mbbs_p1_final.pdf
2025,1,4536,17728,MU,,EMC,"MES Medical College, Perinthalmanna, Malappuram",MBBS,NR,11,mbbs_p1_final.pdf
2025,1,4537,17731,SC,,ALD,"Government Dental College, Alappuzha",BDS,SC,36,mbbs_p1_final.pdf
2025,1,4538,17734,MU,,SGD,"St. Gregorios Dental College, Chelad, Kothamangalam",BDS,MU,48,mbbs_p1_final.pdf
2025,1,4539,17740,SC,,ALD,"Government Dental College, Alappuzha",BDS,SC,35,mbbs_p1_final.pdf
2025,1,4540,17743,SC,,ADC,"Annoor Dental College, Puthuppady, Muvattupuzha",BDS,SC,36,mbbs_p1_final.pdf
2025,1,4541,17752,MU,,ADC,"Annoor Dental College, Puthuppady, Muvattupuzha",BDS,MM,49,mbbs_p1_final.pdf
2025,1,4542,17782,MU,,AAD,"Al Azhar Dental College, Thodupuzha",BDS,SM,45,mbbs_p1_final.pdf
2025,1,4543,17783,GN,,PSD,"PSM College of Dental Sciences, Thrissur",BDS,SM,47,mbbs_p1_final.pdf
2025,1,4544,17788,MU,,AID,"Sree Anjaneya Institue of Dental Scinces, Atholi, Kozhikode",BDS,SM,7,mbbs_p1_final.pdf
2025,1,4545,17812,ST,,TCM,"Govt. Medical College, Thrissur",MBBS,ST,4,mbbs_p1_final.pdf
2025,1,4546,17817,GN,,KAD,"Kannur Dental College, Anjarakandy, Kannur",BDS,SM,31,mbbs_p1_final.pdf
2025,1,4547,17819,GN,,IGD,"Indira Gandhi Institute of Dental Sciences, Kothamangalam",BDS,SM,9,mbbs_p1_final.pdf
2025,1,4548,17837,EZ,,PSD,"PSM College of Dental Sciences, Thrissur",BDS,SM,42,mbbs_p1_final.pdf
2025,1,4549,17849,GN,,AID,"Sree Anjaneya Institue of Dental Scinces, Atholi, Kozhikode",BDS,SM,40,mbbs_p1_final.pdf
2025,1,4550,17872,SC,,KND,"Government Dental College, Kannur",BDS,SC,38,mbbs_p1_final.pdf
2025,1,4551,17885,BH,,MLD,"Malabar Dental College, Edappal",BDS,SM,45,mbbs_p1_final.pdf
2025,1,4552,17902,EZ,,RDC,"Royal Dental College, Chalisery, Palakkad",BDS,SM,20,mbbs_p1_final.pdf
2025,1,4553,17905,MU,,ADC,"Annoor Dental College, Puthuppady, Muvattupuzha",BDS,MM,47,mbbs_p1_final.pdf
2025,1,4554,17906,SC,,KND,"Government Dental College, Kannur",BDS,SC,37,mbbs_p1_final.pdf
2025,1,4555,17920,MU,,PMS,"PMS College of Dental Sciences, Vattappara, TVPM",BDS,MM,36,mbbs_p1_final.pdf
2025,1,4556,17938,MU,,RDC,"Royal Dental College, Chalisery, Palakkad",BDS,SM,27,mbbs_p1_final.pdf
2025,1,4557,17951,SC,,KND,"Government Dental College, Kannur",BDS,SC,38,mbbs_p1_final.pdf
2025,1,4558,17968,MU,,AAD,"Al Azhar Dental College, Thodupuzha",BDS,SM,46,mbbs_p1_final.pdf
2025,1,4559,17971,BH,,MLD,"Malabar Dental College, Edappal",BDS,SM,46,mbbs_p1_final.pdf
2025,1,4560,18026,MU,,EID,"Educare Institute of Dental Sciences, Malappuram",BDS,SM,7,mbbs_p1_final.pdf
2025,1,4561,18027,BH,,AID,"Sree Anjaneya Institue of Dental Scinces, Atholi, Kozhikode",BDS,SM,40,mbbs_p1_final.pdf
2025,1,4562,18038,MU,,RDC,"Royal Dental College, Chalisery, Palakkad",BDS,SM,7,mbbs_p1_final.pdf
2025,1,4563,18041,BH,,TVM,"Govt. Medical College, Thiruvananthapuram",MBBS,PT,1,mbbs_p1_final.pdf
2025,1,4564,18050,VK,,PSD,"PSM College of Dental Sciences, Thrissur",BDS,SM,10,mbbs_p1_final.pdf
2025,1,4565,18056,MU,,EID,"Educare Institute of Dental Sciences, Malappuram",BDS,SM,45,mbbs_p1_final.pdf
2025,1,4566,18069,GN,,TRM,"Travancore Medical College, Umayanalloor, Kollam",MBBS,NR,35,mbbs_p1_final.pdf
2025,1,4567,18071,SC,,MBD,"Mar Baselious Dental College, Kothamangalam",BDS,SC,39,mbbs_p1_final.pdf
2025,1,4568,18074,GN,,IGD,"Indira Gandhi Institute of Dental Sciences, Kothamangalam",BDS,SM,33,mbbs_p1_final.pdf
2025,1,4569,18086,MU,,MLD,"Malabar Dental College, Edappal",BDS,SM,9,mbbs_p1_final.pdf
2025,1,4570,18090,MU,,PMS,"PMS College of Dental Sciences, Vattappara, TVPM",BDS,MM,41,mbbs_p1_final.pdf
2025,1,4571,18093,DV,,PSD,"PSM College of Dental Sciences, Thrissur",BDS,SM,42,mbbs_p1_final.pdf
2025,1,4572,18094,EW,,MBD,"Mar Baselious Dental College, Kothamangalam",BDS,EW,21,mbbs_p1_final.pdf
2025,1,4573,18097,GN,,KDM,"P K Das Institute of Medical Sciences, Ottapalam",MBBS,NR,27,mbbs_p1_final.pdf
2025,1,4574,18101,EZ,,GMC,"Sree Gokulam Medical College, Venjaramoodu, TVPM",MBBS,NR,26,mbbs_p1_final.pdf
2025,1,4575,18148,LA,,SGD,"St. Gregorios Dental College, Chelad, Kothamangalam",BDS,LA,41,mbbs_p1_final.pdf
2025,1,4576,18151,EZ,,RDC,"Royal Dental College, Chalisery, Palakkad",BDS,SM,41,mbbs_p1_final.pdf
2025,1,4577,18157,MU,,EID,"Educare Institute of Dental Sciences, Malappuram",BDS,SM,19,mbbs_p1_final.pdf
2025,1,4578,18165,DV,,KMD,"KMCT Dental College, Mambatta, Mukkam, Kozhikode",BDS,DV,31,mbbs_p1_final.pdf
2025,1,4579,18183,BH,,NID,"Noorul Islam College of Dental Science, Neyyattinkara",BDS,SM,39,mbbs_p1_final.pdf
2025,1,4580,18192,EZ,,GMC,"Sree Gokulam Medical College, Venjaramoodu, TVPM",MBBS,NR,33,mbbs_p1_final.pdf
2025,1,4581,18199,EZ,,KLM,"Govt. Medical College, Parippally, Kollam",MBBS,PI,9,mbbs_p1_final.pdf
2025,1,4582,18209,EZ,,AID,"Sree Anjaneya Institue of Dental Scinces, Atholi, Kozhikode",BDS,SM,3,mbbs_p1_final.pdf
2025,1,4583,18213,GN,,IGD,"Indira Gandhi Institute of Dental Sciences, Kothamangalam",BDS,SM,22,mbbs_p1_final.pdf
2025,1,4584,18221,EZ,,ADC,"Annoor Dental College, Puthuppady, Muvattupuzha",BDS,EZ,11,mbbs_p1_final.pdf
2025,1,4585,18227,GN,,AZD,"Azeezia College of Dental Science, Meyyannoor, Kollam",BDS,SM,39,mbbs_p1_final.pdf
2025,1,4586,18245,GN,,RDC,"Royal Dental College, Chalisery, Palakkad",BDS,SM,11,mbbs_p1_final.pdf
2025,1,4587,18261,SC,,KMD,"KMCT Dental College, Mambatta, Mukkam, Kozhikode",BDS,SC,39,mbbs_p1_final.pdf
2025,1,4588,18265,SC,,PMD,"Pushpagiri College of Dental Science, Thiruvalla",BDS,SC,39,mbbs_p1_final.pdf
2025,1,4589,18281,MU,,AZD,"Azeezia College of Dental Science, Meyyannoor, Kollam",BDS,SM,22,mbbs_p1_final.pdf
2025,1,4590,18288,MU,,TRD,"Travancore DentalCollege, Kollam",BDS,MU,45,mbbs_p1_final.pdf
2025,1,4591,18330,MU,,RDC,"Royal Dental College, Chalisery, Palakkad",BDS,SM,12,mbbs_p1_final.pdf
2025,1,4592,18331,DV,,NID,"Noorul Islam College of Dental Science, Neyyattinkara",BDS,SM,44,mbbs_p1_final.pdf
2025,1,4593,18341,GN,,IGD,"Indira Gandhi Institute of Dental Sciences, Kothamangalam",BDS,SM,40,mbbs_p1_final.pdf
2025,1,4594,18342,GN,,KCM,"KMCT Medical College, Mukkom, Kozikkode",MBBS,NR,10,mbbs_p1_final.pdf
2025,1,4595,18353,MU,,EID,"Educare Institute of Dental Sciences, Malappuram",BDS,SM,21,mbbs_p1_final.pdf
2025,1,4596,18383,MU,,MLD,"Malabar Dental College, Edappal",BDS,SM,4,mbbs_p1_final.pdf
2025,1,4597,18415,MU,,NID,"Noorul Islam College of Dental Science, Neyyattinkara",BDS,SM,24,mbbs_p1_final.pdf
2025,1,4598,18416,GN,,BCM,"Believers Church Medical College Hospital, Thiruvalla",MBBS,NC,14,mbbs_p1_final.pdf
2025,1,4599,18449,GN,,GMC,"Sree Gokulam Medical College, Venjaramoodu, TVPM",MBBS,NR,26,mbbs_p1_final.pdf
2025,1,4600,18453,ST,,ALP,"T D Govt. Medical College, Alappuzha",MBBS,ST,5,mbbs_p1_final.pdf
2025,1,4601,18470,MU,,AZD,"Azeezia College of Dental Science, Meyyannoor, Kollam",BDS,SM,50,mbbs_p1_final.pdf
2025,1,4602,18484,SC,,KMD,"KMCT Dental College, Mambatta, Mukkam, Kozhikode",BDS,SC,40,mbbs_p1_final.pdf
2025,1,4603,18488,SC,,TRD,"Travancore DentalCollege, Kollam",BDS,SC,40,mbbs_p1_final.pdf
2025,1,4604,18501,GN,,SGD,"St. Gregorios Dental College, Chelad, Kothamangalam",BDS,AC,51,mbbs_p1_final.pdf
2025,1,4605,18519,EZ,,NID,"Noorul Islam College of Dental Science, Neyyattinkara",BDS,SM,39,mbbs_p1_final.pdf
2025,1,4606,18533,SC,,IGD,"Indira Gandhi Institute of Dental Sciences, Kothamangalam",BDS,SM,40,mbbs_p1_final.pdf
2025,1,4607,18558,GN,,AZD,"Azeezia College of Dental Science, Meyyannoor, Kollam",BDS,SM,41,mbbs_p1_final.pdf
2025,1,4608,18566,GN,,SGD,"St. Gregorios Dental College, Chelad, Kothamangalam",BDS,AC,23,mbbs_p1_final.pdf
2025,1,4609,18577,MU,,TRD,"Travancore DentalCollege, Kollam",BDS,MM,43,mbbs_p1_final.pdf
2025,1,4610,18582,GN,,AZD,"Azeezia College of Dental Science, Meyyannoor, Kollam",BDS,SM,33,mbbs_p1_final.pdf
2025,1,4611,18600,BH,,AAD,"Al Azhar Dental College, Thodupuzha",BDS,BH,36,mbbs_p1_final.pdf
2025,1,4612,18603,MU,,EMC,"MES Medical College, Perinthalmanna, Malappuram",MBBS,NR,36,mbbs_p1_final.pdf
2025,1,4613,18605,GN,,SGD,"St. Gregorios Dental College, Chelad, Kothamangalam",BDS,AC,21,mbbs_p1_final.pdf
2025,1,4614,18606,GN,,IGD,"Indira Gandhi Institute of Dental Sciences, Kothamangalam",BDS,SM,3,mbbs_p1_final.pdf
2025,1,4615,18609,LA,,SGD,"St. Gregorios Dental College, Chelad, Kothamangalam",BDS,AC,47,mbbs_p1_final.pdf
2025,1,4616,18612,EZ,,MMH,"Malabar Medical College Hospital, Kozhikkode",MBBS,NR,30,mbbs_p1_final.pdf
2025,1,4617,18621,GN,,SGD,"St. Gregorios Dental College, Chelad, Kothamangalam",BDS,AC,24,mbbs_p1_final.pdf
2025,1,4618,18624,MU,,MLD,"Malabar Dental College, Edappal",BDS,SM,23,mbbs_p1_final.pdf
2025,1,4619,18653,GN,,SGD,"St. Gregorios Dental College, Chelad, Kothamangalam",BDS,AC,47,mbbs_p1_final.pdf
2025,1,4620,18658,EZ,,AZD,"Azeezia College of Dental Science, Meyyannoor, Kollam",BDS,SM,20,mbbs_p1_final.pdf
2025,1,4621,18670,MU,,AZD,"Azeezia College of Dental Science, Meyyannoor, Kollam",BDS,SM,24,mbbs_p1_final.pdf
2025,1,4622,18684,EW,,PMS,"PMS College of Dental Sciences, Vattappara, TVPM",BDS,EW,50,mbbs_p1_final.pdf
2025,1,4623,18689,MU,,RDC,"Royal Dental College, Chalisery, Palakkad",BDS,SM,26,mbbs_p1_final.pdf
2025,1,4624,18700,EZ,,ADC,"Annoor Dental College, Puthuppady, Muvattupuzha",BDS,EZ,9,mbbs_p1_final.pdf
2025,1,4625,18708,EZ,,ADC,"Annoor Dental College, Puthuppady, Muvattupuzha",BDS,EZ,11,mbbs_p1_final.pdf
2025,1,4626,18713,LA,,PMS,"PMS College of Dental Sciences, Vattappara, TVPM",BDS,LA,51,mbbs_p1_final.pdf
2025,1,4627,18726,SC,,ADC,"Annoor Dental College, Puthuppady, Muvattupuzha",BDS,SC,39,mbbs_p1_final.pdf
2025,1,4628,18736,EZ,,MLD,"Malabar Dental College, Edappal",BDS,SM,8,mbbs_p1_final.pdf
2025,1,4629,18739,GN,,AID,"Sree Anjaneya Institue of Dental Scinces, Atholi, Kozhikode",BDS,SM,39,mbbs_p1_final.pdf
2025,1,4630,18756,GN,,IGD,"Indira Gandhi Institute of Dental Sciences, Kothamangalam",BDS,SM,31,mbbs_p1_final.pdf
2025,1,4631,18758,GN,,NID,"Noorul Islam College of Dental Science, Neyyattinkara",BDS,SM,33,mbbs_p1_final.pdf
2025,1,4632,18790,MU,,TRM,"Travancore Medical College, Umayanalloor, Kollam",MBBS,NR,30,mbbs_p1_final.pdf
2025,1,4633,18801,EZ,,SGD,"St. Gregorios Dental College, Chelad, Kothamangalam",BDS,EZ,21,mbbs_p1_final.pdf
2025,1,4634,18804,SC,,PSD,"PSM College of Dental Sciences, Thrissur",BDS,SM,40,mbbs_p1_final.pdf
2025,1,4635,18807,MU,,RDC,"Royal Dental College, Chalisery, Palakkad",BDS,SM,5,mbbs_p1_final.pdf
2025,1,4636,18816,GN,,SGD,"St. Gregorios Dental College, Chelad, Kothamangalam",BDS,AC,30,mbbs_p1_final.pdf
2025,1,4637,18823,GN,,AZD,"Azeezia College of Dental Science, Meyyannoor, Kollam",BDS,SM,24,mbbs_p1_final.pdf
2025,1,4638,18835,MU,,AID,"Sree Anjaneya Institue of Dental Scinces, Atholi, Kozhikode",BDS,SM,39,mbbs_p1_final.pdf
2025,1,4639,18841,GN,,AZD,"Azeezia College of Dental Science, Meyyannoor, Kollam",BDS,SM,19,mbbs_p1_final.pdf
2025,1,4640,18847,GN,,RDC,"Royal Dental College, Chalisery, Palakkad",BDS,SM,46,mbbs_p1_final.pdf
2025,1,4641,18851,GN,,SGD,"St. Gregorios Dental College, Chelad, Kothamangalam",BDS,AC,51,mbbs_p1_final.pdf
2025,1,4642,18871,EZ,,GMC,"Sree Gokulam Medical College, Venjaramoodu, TVPM",MBBS,NR,3,mbbs_p1_final.pdf
2025,1,4643,18873,MU,,MLD,"Malabar Dental College, Edappal",BDS,SM,9,mbbs_p1_final.pdf
2025,1,4644,18890,GN,,BCM,"Believers Church Medical College Hospital, Thiruvalla",MBBS,NC,28,mbbs_p1_final.pdf
2025,1,4645,18892,EZ,,SGD,"St. Gregorios Dental College, Chelad, Kothamangalam",BDS,EZ,12,mbbs_p1_final.pdf
2025,1,4646,18897,LA,,GMC,"Sree Gokulam Medical College, Venjaramoodu, TVPM",MBBS,NR,40,mbbs_p1_final.pdf
2025,1,4647,18900,GN,,IGD,"Indira Gandhi Institute of Dental Sciences, Kothamangalam",BDS,SM,8,mbbs_p1_final.pdf
2025,1,4648,18903,MU,,AAD,"Al Azhar Dental College, Thodupuzha",BDS,MU,46,mbbs_p1_final.pdf
2025,1,4649,18907,GN,,RDC,"Royal Dental College, Chalisery, Palakkad",BDS,SM,9,mbbs_p1_final.pdf
2025,1,4650,18908,BH,,AZD,"Azeezia College of Dental Science, Meyyannoor, Kollam",BDS,SM,41,mbbs_p1_final.pdf
2025,1,4651,18913,DV,,MED,"MES Dental College, Perinthalmanna",BDS,DV,41,mbbs_p1_final.pdf
2025,1,4652,18917,MU,,PSD,"PSM College of Dental Sciences, Thrissur",BDS,SM,40,mbbs_p1_final.pdf
2025,1,4653,18919,VK,,MED,"MES Dental College, Perinthalmanna",BDS,VK,10,mbbs_p1_final.pdf
2025,1,4654,18920,SC,,ADC,"Annoor Dental College, Puthuppady, Muvattupuzha",BDS,SC,25,mbbs_p1_final.pdf
2025,1,4655,18924,SC,,AZD,"Azeezia College of Dental Science, Meyyannoor, Kollam",BDS,SM,14,mbbs_p1_final.pdf
2025,1,4656,18927,SC,,MBD,"Mar Baselious Dental College, Kothamangalam",BDS,SC,37,mbbs_p1_final.pdf
2025,1,4657,18928,LA,,IGD,"Indira Gandhi Institute of Dental Sciences, Kothamangalam",BDS,SM,50,mbbs_p1_final.pdf
2025,1,4658,18937,BX,,MLD,"Malabar Dental College, Edappal",BDS,SM,41,mbbs_p1_final.pdf
2025,1,4659,18938,BH,,MLD,"Malabar Dental College, Edappal",BDS,SM,16,mbbs_p1_final.pdf
2025,1,4660,18940,BH,,AAD,"Al Azhar Dental College, Thodupuzha",BDS,BH,15,mbbs_p1_final.pdf
2025,1,4661,18945,MU,,IGD,"Indira Gandhi Institute of Dental Sciences, Kothamangalam",BDS,SM,7,mbbs_p1_final.pdf
2025,1,4662,18950,MU,,MLD,"Malabar Dental College, Edappal",BDS,SM,9,mbbs_p1_final.pdf
2025,1,4663,18958,GN,,RDC,"Royal Dental College, Chalisery, Palakkad",BDS,SM,7,mbbs_p1_final.pdf
2025,1,4664,18985,MU,,IGD,"Indira Gandhi Institute of Dental Sciences, Kothamangalam",BDS,SM,5,mbbs_p1_final.pdf
2025,1,4665,19007,GN,,BCM,"Believers Church Medical College Hospital, Thiruvalla",MBBS,NC *,42,mbbs_p1_final.pdf
2025,1,4666,19018,KU,,SIM,"Sree Narayana Institute of Medical Sciences, Chalakka, Ernakulam.",MBBS,KU,7,mbbs_p1_final.pdf
2025,1,4667,19020,MU,,PSD,"PSM College of Dental Sciences, Thrissur",BDS,SM,29,mbbs_p1_final.pdf
2025,1,4668,19037,GN,,IGD,"Indira Gandhi Institute of Dental Sciences, Kothamangalam",BDS,SM,11,mbbs_p1_final.pdf
2025,1,4669,19047,MU,,PSD,"PSM College of Dental Sciences, Thrissur",BDS,SM,49,mbbs_p1_final.pdf
2025,1,4670,19062,GN,,EMC,"MES Medical College, Perinthalmanna, Malappuram",MBBS,NR,14,mbbs_p1_final.pdf
2025,1,4671,19065,SC,,MED,"MES Dental College, Perinthalmanna",BDS,SC,39,mbbs_p1_final.pdf
2025,1,4672,19067,GN,,AZD,"Azeezia College of Dental Science, Meyyannoor, Kollam",BDS,SM,50,mbbs_p1_final.pdf
2025,1,4673,19069,GN,,IGD,"Indira Gandhi Institute of Dental Sciences, Kothamangalam",BDS,SM,18,mbbs_p1_final.pdf
2025,1,4674,19076,GN,,RDC,"Royal Dental College, Chalisery, Palakkad",BDS,SM,12,mbbs_p1_final.pdf
2025,1,4675,19091,BX,,SVD,"Sri Sankara Dental College, Akathumuri, Varkala",BDS,SM,44,mbbs_p1_final.pdf
2025,1,4676,19105,KU,,PTM,"Government Medical College, Konni, Pathanamthitta",MBBS,KU,2,mbbs_p1_final.pdf
2025,1,4677,19108,BH,,AZD,"Azeezia College of Dental Science, Meyyannoor, Kollam",BDS,SM,34,mbbs_p1_final.pdf
2025,1,4678,19122,ST,,ALP,"T D Govt. Medical College, Alappuzha",MBBS,ST,5,mbbs_p1_final.pdf
2025,1,4679,19153,EW,,KMD,"KMCT Dental College, Mambatta, Mukkam, Kozhikode",BDS,EW,50,mbbs_p1_final.pdf
2025,1,4680,19173,SC,,MBD,"Mar Baselious Dental College, Kothamangalam",BDS,SC,40,mbbs_p1_final.pdf
2025,1,4681,19178,GN,,PSD,"PSM College of Dental Sciences, Thrissur",BDS,SM,13,mbbs_p1_final.pdf
2025,1,4682,19187,SC,,KMD,"KMCT Dental College, Mambatta, Mukkam, Kozhikode",BDS,SC,39,mbbs_p1_final.pdf
2025,1,4683,19195,ST,,ALP,"T D Govt. Medical College, Alappuzha",MBBS,ST,3,mbbs_p1_final.pdf
2025,1,4684,19196,EW,,PMS,"PMS College of Dental Sciences, Vattappara, TVPM",BDS,EW,1,mbbs_p1_final.pdf
2025,1,4685,19210,ST,,MMH,"Malabar Medical College Hospital, Kozhikkode",MBBS,ST,5,mbbs_p1_final.pdf
2025,1,4686,19223,BH,,AZD,"Azeezia College of Dental Science, Meyyannoor, Kollam",BDS,SM,42,mbbs_p1_final.pdf
2025,1,4687,19226,VK,,MED,"MES Dental College, Perinthalmanna",BDS,VK,42,mbbs_p1_final.pdf
2025,1,4688,19230,EZ,,SGD,"St. Gregorios Dental College, Chelad, Kothamangalam",BDS,EZ,12,mbbs_p1_final.pdf
2025,1,4689,19234,GN,,EMC,"MES Medical College, Perinthalmanna, Malappuram",MBBS,NR,27,mbbs_p1_final.pdf
2025,1,4690,19249,SC,,AZD,"Azeezia College of Dental Science, Meyyannoor, Kollam",BDS,SM,41,mbbs_p1_final.pdf
2025,1,4691,19250,ST,,MLP,"Govt. Medical College, Manjeri",MBBS,ST,5,mbbs_p1_final.pdf
2025,1,4692,19258,MU,,AAD,"Al Azhar Dental College, Thodupuzha",BDS,MU,36,mbbs_p1_final.pdf
2025,1,4693,19261,EZ,,MED,"MES Dental College, Perinthalmanna",BDS,EZ,13,mbbs_p1_final.pdf
2025,1,4694,19287,LA,,NID,"Noorul Islam College of Dental Science, Neyyattinkara",BDS,SM,46,mbbs_p1_final.pdf
2025,1,4695,19288,BX,,KMD,"KMCT Dental College, Mambatta, Mukkam, Kozhikode",BDS,BX,42,mbbs_p1_final.pdf
2025,1,4696,19289,GN,,RDC,"Royal Dental College, Chalisery, Palakkad",BDS,SM,46,mbbs_p1_final.pdf
2025,1,4697,19294,MU,,EID,"Educare Institute of Dental Sciences, Malappuram",BDS,SM,7,mbbs_p1_final.pdf
2025,1,4698,19298,ST,,CMC,"Govt. Medical College, Ernakulam",MBBS,ST,5,mbbs_p1_final.pdf
2025,1,4699,19301,EW,,PMS,"PMS College of Dental Sciences, Vattappara, TVPM",BDS,EW,27,mbbs_p1_final.pdf
2025,1,4700,19305,EZ,,MED,"MES Dental College, Perinthalmanna",BDS,EZ,44,mbbs_p1_final.pdf
2025,1,4701,19323,MU,,MLD,"Malabar Dental College, Edappal",BDS,SM,14,mbbs_p1_final.pdf
2025,1,4702,19338,MU,,AID,"Sree Anjaneya Institue of Dental Scinces, Atholi, Kozhikode",BDS,SM,47,mbbs_p1_final.pdf
2025,1,4703,19352,SC,,KMD,"KMCT Dental College, Mambatta, Mukkam, Kozhikode",BDS,SC,39,mbbs_p1_final.pdf
2025,1,4704,19356,EZ,,MED,"MES Dental College, Perinthalmanna",BDS,EZ,41,mbbs_p1_final.pdf
2025,1,4705,19358,GN,,PMS,"PMS College of Dental Sciences, Vattappara, TVPM",BDS,MM,19,mbbs_p1_final.pdf
2025,1,4706,19374,EZ,,MED,"MES Dental College, Perinthalmanna",BDS,EZ,33,mbbs_p1_final.pdf
2025,1,4707,19376,SC,,PMS,"PMS College of Dental Sciences, Vattappara, TVPM",BDS,SC,39,mbbs_p1_final.pdf
2025,1,4708,19384,MU,,AZD,"Azeezia College of Dental Science, Meyyannoor, Kollam",BDS,MU,19,mbbs_p1_final.pdf
2025,1,4709,19385,GN,,IGD,"Indira Gandhi Institute of Dental Sciences, Kothamangalam",BDS,SM,14,mbbs_p1_final.pdf
2025,1,4710,19395,EZ,,AAD,"Al Azhar Dental College, Thodupuzha",BDS,EZ,35,mbbs_p1_final.pdf
2025,1,4711,19399,MU,,MLD,"Malabar Dental College, Edappal",BDS,SM,20,mbbs_p1_final.pdf
2025,1,4712,19412,MU,,IGD,"Indira Gandhi Institute of Dental Sciences, Kothamangalam",BDS,SM,1,mbbs_p1_final.pdf
2025,1,4713,19414,EZ,,KKM,"Govt. Medical College, Kozhikkode",MBBS,PD,1,mbbs_p1_final.pdf
2025,1,4714,19415,BH,,PSD,"PSM College of Dental Sciences, Thrissur",BDS,SM,44,mbbs_p1_final.pdf
2025,1,4715,19419,GN,,PSD,"PSM College of Dental Sciences, Thrissur",BDS,SM,40,mbbs_p1_final.pdf
2025,1,4716,19432,GN,,PSD,"PSM College of Dental Sciences, Thrissur",BDS,SM,7,mbbs_p1_final.pdf
2025,1,4717,19438,GN,,IGD,"Indira Gandhi Institute of Dental Sciences, Kothamangalam",BDS,SM,26,mbbs_p1_final.pdf
2025,1,4718,19446,MU,,AAD,"Al Azhar Dental College, Thodupuzha",BDS,MU,25,mbbs_p1_final.pdf
2025,1,4719,19451,MU,,EID,"Educare Institute of Dental Sciences, Malappuram",BDS,SM,7,mbbs_p1_final.pdf
2025,1,4720,19458,EW,,AID,"Sree Anjaneya Institue of Dental Scinces, Atholi, Kozhikode",BDS,SM,19,mbbs_p1_final.pdf
2025,1,4721,19470,MU,,EID,"Educare Institute of Dental Sciences, Malappuram",BDS,SM,7,mbbs_p1_final.pdf
2025,1,4722,19471,SC,,MBD,"Mar Baselious Dental College, Kothamangalam",BDS,SC,39,mbbs_p1_final.pdf
2025,1,4723,19472,EZ,,MED,"MES Dental College, Perinthalmanna",BDS,EZ,13,mbbs_p1_final.pdf
2025,1,4724,19474,GN,,GMC,"Sree Gokulam Medical College, Venjaramoodu, TVPM",MBBS,NR,38,mbbs_p1_final.pdf
2025,1,4725,19490,MU,,PSD,"PSM College of Dental Sciences, Thrissur",BDS,SM,6,mbbs_p1_final.pdf
2025,1,4726,19511,GN,,IGD,"Indira Gandhi Institute of Dental Sciences, Kothamangalam",BDS,SM,11,mbbs_p1_final.pdf
2025,1,4727,19525,SC,,PMS,"PMS College of Dental Sciences, Vattappara, TVPM",BDS,SC,39,mbbs_p1_final.pdf
2025,1,4728,19527,MU,,EID,"Educare Institute of Dental Sciences, Malappuram",BDS,SM,3,mbbs_p1_final.pdf
2025,1,4729,19528,MU,,MLD,"Malabar Dental College, Edappal",BDS,SM,3,mbbs_p1_final.pdf
2025,1,4730,19546,GN,,BCM,"Believers Church Medical College Hospital, Thiruvalla",MBBS,NC,43,mbbs_p1_final.pdf
2025,1,4731,19569,GN,,PSD,"PSM College of Dental Sciences, Thrissur",BDS,SM,7,mbbs_p1_final.pdf
2025,1,4732,19570,EZ,,TRD,"Travancore DentalCollege, Kollam",BDS,EZ,39,mbbs_p1_final.pdf
2025,1,4733,19586,GN,,EMC,"MES Medical College, Perinthalmanna, Malappuram",MBBS,NR,14,mbbs_p1_final.pdf
2025,1,4734,19591,SC,,AID,"Sree Anjaneya Institue of Dental Scinces, Atholi, Kozhikode",BDS,SM,35,mbbs_p1_final.pdf
2025,1,4735,19597,MU,,RDC,"Royal Dental College, Chalisery, Palakkad",BDS,SM,21,mbbs_p1_final.pdf
2025,1,4736,19610,LA,,AZD,"Azeezia College of Dental Science, Meyyannoor, Kollam",BDS,LA,8,mbbs_p1_final.pdf
2025,1,4737,19645,GN,,GMC,"Sree Gokulam Medical College, Venjaramoodu, TVPM",MBBS,NR,10,mbbs_p1_final.pdf
2025,1,4738,19653,MU,,TRD,"Travancore DentalCollege, Kollam",BDS,MM,46,mbbs_p1_final.pdf
2025,1,4739,19664,SC,,AAD,"Al Azhar Dental College, Thodupuzha",BDS,SC,40,mbbs_p1_final.pdf
2025,1,4740,19674,MU,,IGD,"Indira Gandhi Institute of Dental Sciences, Kothamangalam",BDS,SM,47,mbbs_p1_final.pdf
2025,1,4741,19685,KN,,KMD,"KMCT Dental College, Mambatta, Mukkam, Kozhikode",BDS,KN,22,mbbs_p1_final.pdf
2025,1,4742,19693,LA,,AAD,"Al Azhar Dental College, Thodupuzha",BDS,LA,13,mbbs_p1_final.pdf
2025,1,4743,19696,BH,,AAD,"Al Azhar Dental College, Thodupuzha",BDS,BH,46,mbbs_p1_final.pdf
2025,1,4744,19700,GN,,NID,"Noorul Islam College of Dental Science, Neyyattinkara",BDS,SM,42,mbbs_p1_final.pdf
2025,1,4745,19703,LA,,MED,"MES Dental College, Perinthalmanna",BDS,LA,45,mbbs_p1_final.pdf
2025,1,4746,19704,MU,,MLD,"Malabar Dental College, Edappal",BDS,SM,8,mbbs_p1_final.pdf
2025,1,4747,19721,GN,,GMC,"Sree Gokulam Medical College, Venjaramoodu, TVPM",MBBS,NR,34,mbbs_p1_final.pdf
2025,1,4748,19729,GN,,PMC,"Pushpagiri Institute of Medical Science, Thiruvalla",MBBS,NC,12,mbbs_p1_final.pdf
2025,1,4749,19734,GN,,IGD,"Indira Gandhi Institute of Dental Sciences, Kothamangalam",BDS,SM,47,mbbs_p1_final.pdf
2025,1,4750,19749,GN,,RDC,"Royal Dental College, Chalisery, Palakkad",BDS,SM,42,mbbs_p1_final.pdf
2025,1,4751,19754,DV,,AAD,"Al Azhar Dental College, Thodupuzha",BDS,DV,40,mbbs_p1_final.pdf
2025,1,4752,19760,GN,,IGD,"Indira Gandhi Institute of Dental Sciences, Kothamangalam",BDS,SM,22,mbbs_p1_final.pdf
2025,1,4753,19762,GN,,SIM,"Sree Narayana Institute of Medical Sciences, Chalakka, Ernakulam.",MBBS,NR,26,mbbs_p1_final.pdf
2025,1,4754,19778,VK,,TRD,"Travancore DentalCollege, Kollam",BDS,VK,42,mbbs_p1_final.pdf
2025,1,4755,19782,MU,,AAD,"Al Azhar Dental College, Thodupuzha",BDS,MU,40,mbbs_p1_final.pdf
2025,1,4756,19801,GN,,IGD,"Indira Gandhi Institute of Dental Sciences, Kothamangalam",BDS,SM,19,mbbs_p1_final.pdf
2025,1,4757,19806,MU,,RDC,"Royal Dental College, Chalisery, Palakkad",BDS,SM,32,mbbs_p1_final.pdf
2025,1,4758,19810,GN,,IGD,"Indira Gandhi Institute of Dental Sciences, Kothamangalam",BDS,SM,45,mbbs_p1_final.pdf
2025,1,4759,19815,GN,,EID,"Educare Institute of Dental Sciences, Malappuram",BDS,SM,40,mbbs_p1_final.pdf
2025,1,4760,19827,GN,,MLD,"Malabar Dental College, Edappal",BDS,SM,4,mbbs_p1_final.pdf
2025,1,4761,19838,GN,,IGD,"Indira Gandhi Institute of Dental Sciences, Kothamangalam",BDS,SM,18,mbbs_p1_final.pdf
2025,1,4762,19850,MU,,EID,"Educare Institute of Dental Sciences, Malappuram",BDS,SM,8,mbbs_p1_final.pdf
2025,1,4763,19856,MU,,AID,"Sree Anjaneya Institue of Dental Scinces, Atholi, Kozhikode",BDS,SM,46,mbbs_p1_final.pdf
2025,1,4764,19860,GN,,PSD,"PSM College of Dental Sciences, Thrissur",BDS,SM,2,mbbs_p1_final.pdf
2025,1,4765,19864,GN,,PSD,"PSM College of Dental Sciences, Thrissur",BDS,SM,38,mbbs_p1_final.pdf
2025,1,4766,19910,EZ,,IGD,"Indira Gandhi Institute of Dental Sciences, Kothamangalam",BDS,SM,5,mbbs_p1_final.pdf
2025,1,4767,19931,MU,,MLD,"Malabar Dental College, Edappal",BDS,SM,21,mbbs_p1_final.pdf
2025,1,4768,19936,GN,,IGD,"Indira Gandhi Institute of Dental Sciences, Kothamangalam",BDS,SM,20,mbbs_p1_final.pdf
2025,1,4769,19937,LA,,EID,"Educare Institute of Dental Sciences, Malappuram",BDS,SM,32,mbbs_p1_final.pdf
2025,1,4770,19941,GN,,GMC,"Sree Gokulam Medical College, Venjaramoodu, TVPM",MBBS,NR,26,mbbs_p1_final.pdf
2025,1,4771,19951,EZ,,MED,"MES Dental College, Perinthalmanna",BDS,EZ,11,mbbs_p1_final.pdf
2025,1,4772,19952,ST,,KNM,Government Medical College Kannur,MBBS,ST,5,mbbs_p1_final.pdf
2025,1,4773,19955,GN,,IGD,"Indira Gandhi Institute of Dental Sciences, Kothamangalam",BDS,SM,5,mbbs_p1_final.pdf
2025,1,4774,19959,GN,,PSD,"PSM College of Dental Sciences, Thrissur",BDS,SM,7,mbbs_p1_final.pdf
2025,1,4775,19966,EZ,,AAD,"Al Azhar Dental College, Thodupuzha",BDS,EZ,40,mbbs_p1_final.pdf
2025,1,4776,19967,MU,,EID,"Educare Institute of Dental Sciences, Malappuram",BDS,SM,43,mbbs_p1_final.pdf
2025,1,4777,19991,KN,,PSD,"PSM College of Dental Sciences, Thrissur",BDS,SM,38,mbbs_p1_final.pdf
2025,1,4778,19993,BH,,KAD,"Kannur Dental College, Anjarakandy, Kannur",BDS,SM,40,mbbs_p1_final.pdf
2025,1,4779,19996,BH,,RDC,"Royal Dental College, Chalisery, Palakkad",BDS,SM,28,mbbs_p1_final.pdf
2025,1,4780,20020,BX,,AAD,"Al Azhar Dental College, Thodupuzha",BDS,BX,35,mbbs_p1_final.pdf
2025,1,4781,20021,MU,,KAD,"Kannur Dental College, Anjarakandy, Kannur",BDS,SM,16,mbbs_p1_final.pdf
2025,1,4782,20024,GN,,KCM,"KMCT Medical College, Mukkom, Kozikkode",MBBS,NR,29,mbbs_p1_final.pdf
2025,1,4783,20048,BH,,AZD,"Azeezia College of Dental Science, Meyyannoor, Kollam",BDS,BH,33,mbbs_p1_final.pdf
2025,1,4784,20049,EZ,,PSD,"PSM College of Dental Sciences, Thrissur",BDS,SM,44,mbbs_p1_final.pdf
2025,1,4785,20056,MU,,AZD,"Azeezia College of Dental Science, Meyyannoor, Kollam",BDS,MU,29,mbbs_p1_final.pdf
2025,1,4786,20063,GN,,BCM,"Believers Church Medical College Hospital, Thiruvalla",MBBS,NC,31,mbbs_p1_final.pdf
2025,1,4787,20070,SC,,PMS,"PMS College of Dental Sciences, Vattappara, TVPM",BDS,SC,40,mbbs_p1_final.pdf
2025,1,4788,20087,SC,,AZD,"Azeezia College of Dental Science, Meyyannoor, Kollam",BDS,SC,37,mbbs_p1_final.pdf
2025,1,4789,20090,BH,,AID,"Sree Anjaneya Institue of Dental Scinces, Atholi, Kozhikode",BDS,SM,9,mbbs_p1_final.pdf
2025,1,4790,20093,GN,,NID,"Noorul Islam College of Dental Science, Neyyattinkara",BDS,SM,25,mbbs_p1_final.pdf
2025,1,4791,20097,MU,,TRD,"Travancore DentalCollege, Kollam",BDS,MM,46,mbbs_p1_final.pdf
2025,1,4792,20101,BH,,EID,"Educare Institute of Dental Sciences, Malappuram",BDS,SM,39,mbbs_p1_final.pdf
2025,1,4793,20102,BH,,IGD,"Indira Gandhi Institute of Dental Sciences, Kothamangalam",BDS,SM,22,mbbs_p1_final.pdf
2025,1,4794,20110,GN,,IGD,"Indira Gandhi Institute of Dental Sciences, Kothamangalam",BDS,SM,50,mbbs_p1_final.pdf
2025,1,4795,20115,MU,,MLD,"Malabar Dental College, Edappal",BDS,SM,27,mbbs_p1_final.pdf
2025,1,4796,20124,EW,,PMS,"PMS College of Dental Sciences, Vattappara, TVPM",BDS,EW,40,mbbs_p1_final.pdf
2025,1,4797,20125,EW,,KMD,"KMCT Dental College, Mambatta, Mukkam, Kozhikode",BDS,EW,47,mbbs_p1_final.pdf
2025,1,4798,20134,GN,,AID,"Sree Anjaneya Institue of Dental Scinces, Atholi, Kozhikode",BDS,SM,16,mbbs_p1_final.pdf
2025,1,4799,20147,GN,,KAD,"Kannur Dental College, Anjarakandy, Kannur",BDS,SM,19,mbbs_p1_final.pdf
2025,1,4800,20159,MU,,EMC,"MES Medical College, Perinthalmanna, Malappuram",MBBS,NR,41,mbbs_p1_final.pdf
2025,1,4801,20162,DV,,MLD,"Malabar Dental College, Edappal",BDS,SM,31,mbbs_p1_final.pdf
2025,1,4802,20165,GN,,IGD,"Indira Gandhi Institute of Dental Sciences, Kothamangalam",BDS,SM,15,mbbs_p1_final.pdf
2025,1,4803,20168,GN,,GMC,"Sree Gokulam Medical College, Venjaramoodu, TVPM",MBBS,NR,26,mbbs_p1_final.pdf
2025,1,4804,20175,BX,,AID,"Sree Anjaneya Institue of Dental Scinces, Atholi, Kozhikode",BDS,SM,53,mbbs_p1_final.pdf
2025,1,4805,20179,ST,,KLM,"Govt. Medical College, Parippally, Kollam",MBBS,ST,7,mbbs_p1_final.pdf
2025,1,4806,20182,MU,,AZD,"Azeezia College of Dental Science, Meyyannoor, Kollam",BDS,MU,45,mbbs_p1_final.pdf
2025,1,4807,20186,SC,,RDC,"Royal Dental College, Chalisery, Palakkad",BDS,SC,39,mbbs_p1_final.pdf
2025,1,4808,20197,GN,,MLD,"Malabar Dental College, Edappal",BDS,SM,39,mbbs_p1_final.pdf
2025,1,4809,20212,EW,,PMS,"PMS College of Dental Sciences, Vattappara, TVPM",BDS,EW,46,mbbs_p1_final.pdf
2025,1,4810,20214,KU,,IDM,Government Medical College Idukki,MBBS,KU,12,mbbs_p1_final.pdf
2025,1,4811,20238,MU,,PMS,"PMS College of Dental Sciences, Vattappara, TVPM",BDS,MM,22,mbbs_p1_final.pdf
2025,1,4812,20243,MU,,EMC,"MES Medical College, Perinthalmanna, Malappuram",MBBS,NR,30,mbbs_p1_final.pdf
2025,1,4813,20246,KU,,KCM,"KMCT Medical College, Mukkom, Kozikkode",MBBS,KU,21,mbbs_p1_final.pdf
2025,1,4814,20262,BX,,NID,"Noorul Islam College of Dental Science, Neyyattinkara",BDS,SM,47,mbbs_p1_final.pdf
2025,1,4815,20265,MU,,SIM,"Sree Narayana Institute of Medical Sciences, Chalakka, Ernakulam.",MBBS,NR,42,mbbs_p1_final.pdf
2025,1,4816,20273,MU,,PSD,"PSM College of Dental Sciences, Thrissur",BDS,SM,9,mbbs_p1_final.pdf
2025,1,4817,20290,GN,,BCM,"Believers Church Medical College Hospital, Thiruvalla",MBBS,NC,42,mbbs_p1_final.pdf
2025,1,4818,20315,MU,,EID,"Educare Institute of Dental Sciences, Malappuram",BDS,SM,46,mbbs_p1_final.pdf
2025,1,4819,20318,GN,,MLD,"Malabar Dental College, Edappal",BDS,SM,45,mbbs_p1_final.pdf
2025,1,4820,20341,GN,,IGD,"Indira Gandhi Institute of Dental Sciences, Kothamangalam",BDS,SM,20,mbbs_p1_final.pdf
2025,1,4821,20344,MU,,KAD,"Kannur Dental College, Anjarakandy, Kannur",BDS,SM,46,mbbs_p1_final.pdf
2025,1,4822,20350,LA,,KMD,"KMCT Dental College, Mambatta, Mukkam, Kozhikode",BDS,LA,39,mbbs_p1_final.pdf
2025,1,4823,20363,MU,,RDC,"Royal Dental College, Chalisery, Palakkad",BDS,MU,21,mbbs_p1_final.pdf
2025,1,4824,20374,GN,,KAD,"Kannur Dental College, Anjarakandy, Kannur",BDS,SM,7,mbbs_p1_final.pdf
2025,1,4825,20377,EZ,,AZD,"Azeezia College of Dental Science, Meyyannoor, Kollam",BDS,EZ,11,mbbs_p1_final.pdf
2025,1,4826,20405,KU,,MMH,"Malabar Medical College Hospital, Kozhikkode",MBBS,KU,21,mbbs_p1_final.pdf
2025,1,4827,20409,GN,,SUC,"SUT Accademy of Medical Sciences, Thiruvananthapuram",MBBS,NR,8,mbbs_p1_final.pdf
2025,1,4828,20435,MU,,EID,"Educare Institute of Dental Sciences, Malappuram",BDS,SM,7,mbbs_p1_final.pdf
2025,1,4829,20441,GN,,PSD,"PSM College of Dental Sciences, Thrissur",BDS,SM,56,mbbs_p1_final.pdf
2025,1,4830,20467,EZ,,AAD,"Al Azhar Dental College, Thodupuzha",BDS,EZ,28,mbbs_p1_final.pdf
2025,1,4831,20475,MU,,TRD,"Travancore DentalCollege, Kollam",BDS,MM,20,mbbs_p1_final.pdf
2025,1,4832,20479,SC,,KMD,"KMCT Dental College, Mambatta, Mukkam, Kozhikode",BDS,SC,36,mbbs_p1_final.pdf
2025,1,4833,20503,BH,,IGD,"Indira Gandhi Institute of Dental Sciences, Kothamangalam",BDS,SM,45,mbbs_p1_final.pdf
2025,1,4834,20512,ST,,IDM,Government Medical College Idukki,MBBS,ST,2,mbbs_p1_final.pdf
2025,1,4835,20521,GN,,PSD,"PSM College of Dental Sciences, Thrissur",BDS,SM,21,mbbs_p1_final.pdf
2025,1,4836,20522,LA,,MED,"MES Dental College, Perinthalmanna",BDS,LA,36,mbbs_p1_final.pdf
2025,1,4837,20564,GN,,SIM,"Sree Narayana Institute of Medical Sciences, Chalakka, Ernakulam.",MBBS,NR,25,mbbs_p1_final.pdf
2025,1,4838,20570,SC,,KMD,"KMCT Dental College, Mambatta, Mukkam, Kozhikode",BDS,SC #,39,mbbs_p1_final.pdf
2025,1,4839,20571,MU,,PSD,"PSM College of Dental Sciences, Thrissur",BDS,SM,49,mbbs_p1_final.pdf
2025,1,4840,20572,EW,,PMS,"PMS College of Dental Sciences, Vattappara, TVPM",BDS,EW,23,mbbs_p1_final.pdf
2025,1,4841,20573,EZ,,AAD,"Al Azhar Dental College, Thodupuzha",BDS,EZ,18,mbbs_p1_final.pdf
2025,1,4842,20578,SC,,MED,"MES Dental College, Perinthalmanna",BDS,SC,39,mbbs_p1_final.pdf
2025,1,4843,20589,GN,,AID,"Sree Anjaneya Institue of Dental Scinces, Atholi, Kozhikode",BDS,SM,7,mbbs_p1_final.pdf
2025,1,4844,20590,MU,,IGD,"Indira Gandhi Institute of Dental Sciences, Kothamangalam",BDS,SM,46,mbbs_p1_final.pdf
2025,1,4845,20604,BH,,RDC,"Royal Dental College, Chalisery, Palakkad",BDS,BH,45,mbbs_p1_final.pdf
2025,1,4846,20613,MU,,MLD,"Malabar Dental College, Edappal",BDS,SM,28,mbbs_p1_final.pdf
2025,1,4847,20615,KN,,IGD,"Indira Gandhi Institute of Dental Sciences, Kothamangalam",BDS,SM,43,mbbs_p1_final.pdf
2025,1,4848,20626,BH,,IGD,"Indira Gandhi Institute of Dental Sciences, Kothamangalam",BDS,SM,44,mbbs_p1_final.pdf
2025,1,4849,20627,SC,,PMS,"PMS College of Dental Sciences, Vattappara, TVPM",BDS,SC,41,mbbs_p1_final.pdf
2025,1,4850,20637,MU,,KAD,"Kannur Dental College, Anjarakandy, Kannur",BDS,SM,27,mbbs_p1_final.pdf
2025,1,4851,20641,GN,,SUC,"SUT Accademy of Medical Sciences, Thiruvananthapuram",MBBS,NR,34,mbbs_p1_final.pdf
2025,1,4852,20656,EZ,,AZD,"Azeezia College of Dental Science, Meyyannoor, Kollam",BDS,EZ,44,mbbs_p1_final.pdf
2025,1,4853,20660,MU,,EID,"Educare Institute of Dental Sciences, Malappuram",BDS,SM,1,mbbs_p1_final.pdf
2025,1,4854,20662,BH,,MLD,"Malabar Dental College, Edappal",BDS,SM,20,mbbs_p1_final.pdf
2025,1,4855,20668,GN,,EMC,"MES Medical College, Perinthalmanna, Malappuram",MBBS,NR,41,mbbs_p1_final.pdf
2025,1,4856,20671,GN,,AID,"Sree Anjaneya Institue of Dental Scinces, Atholi, Kozhikode",BDS,SM,2,mbbs_p1_final.pdf
2025,1,4857,20681,MU,,AAD,"Al Azhar Dental College, Thodupuzha",BDS,MU,53,mbbs_p1_final.pdf
2025,1,4858,20687,GN,,PSD,"PSM College of Dental Sciences, Thrissur",BDS,SM,8,mbbs_p1_final.pdf
2025,1,4859,20695,GN,,TRM,"Travancore Medical College, Umayanalloor, Kollam",MBBS,NR,13,mbbs_p1_final.pdf
2025,1,4860,20696,MU,,AID,"Sree Anjaneya Institue of Dental Scinces, Atholi, Kozhikode",BDS,SM,8,mbbs_p1_final.pdf
2025,1,4861,20723,ST,,KNM,Government Medical College Kannur,MBBS,ST,6,mbbs_p1_final.pdf
2025,1,4862,20747,GN,,IGD,"Indira Gandhi Institute of Dental Sciences, Kothamangalam",BDS,SM,44,mbbs_p1_final.pdf
2025,1,4863,20749,GN,,PMC,"Pushpagiri Institute of Medical Science, Thiruvalla",MBBS,NC,24,mbbs_p1_final.pdf
2025,1,4864,20754,GN,,EMC,"MES Medical College, Perinthalmanna, Malappuram",MBBS,NR,27,mbbs_p1_final.pdf
2025,1,4865,20772,EZ,,AAD,"Al Azhar Dental College, Thodupuzha",BDS,EZ,24,mbbs_p1_final.pdf
2025,1,4866,20784,MU,,RDC,"Royal Dental College, Chalisery, Palakkad",BDS,MU,54,mbbs_p1_final.pdf
2025,1,4867,20787,GN,,AID,"Sree Anjaneya Institue of Dental Scinces, Atholi, Kozhikode",BDS,SM,17,mbbs_p1_final.pdf
2025,1,4868,20790,GN,,PMC,"Pushpagiri Institute of Medical Science, Thiruvalla",MBBS,NC,33,mbbs_p1_final.pdf
2025,1,4869,20796,MU,,IGD,"Indira Gandhi Institute of Dental Sciences, Kothamangalam",BDS,SM,31,mbbs_p1_final.pdf
2025,1,4870,20800,MU,,RDC,"Royal Dental College, Chalisery, Palakkad",BDS,MU,3,mbbs_p1_final.pdf
2025,1,4871,20802,EZ,,AAD,"Al Azhar Dental College, Thodupuzha",BDS,EZ,18,mbbs_p1_final.pdf
2025,1,4872,20831,GN,,IDM,Government Medical College Idukki,MBBS,PT,5,mbbs_p1_final.pdf
2025,1,4873,20834,SC,,MED,"MES Dental College, Perinthalmanna",BDS,SC,41,mbbs_p1_final.pdf
2025,1,4874,20850,KU,,SUC,"SUT Accademy of Medical Sciences, Thiruvananthapuram",MBBS,KU,13,mbbs_p1_final.pdf
2025,1,4875,20857,SC,,AAD,"Al Azhar Dental College, Thodupuzha",BDS,SC,32,mbbs_p1_final.pdf
2025,1,4876,20858,GN,,MMH,"Malabar Medical College Hospital, Kozhikkode",MBBS,NR *,39,mbbs_p1_final.pdf
2025,1,4877,20861,SC,,KMD,"KMCT Dental College, Mambatta, Mukkam, Kozhikode",BDS,SC,39,mbbs_p1_final.pdf
2025,1,4878,20866,GN,,PSD,"PSM College of Dental Sciences, Thrissur",BDS,SM,46,mbbs_p1_final.pdf
2025,1,4879,20875,MU,,EID,"Educare Institute of Dental Sciences, Malappuram",BDS,SM,9,mbbs_p1_final.pdf
2025,1,4880,20882,GN,,BCM,"Believers Church Medical College Hospital, Thiruvalla",MBBS,NC,14,mbbs_p1_final.pdf
2025,1,4881,20883,MU,,RDC,"Royal Dental College, Chalisery, Palakkad",BDS,MU,24,mbbs_p1_final.pdf
2025,1,4882,20887,BX,,MED,"MES Dental College, Perinthalmanna",BDS,BX,33,mbbs_p1_final.pdf
2025,1,4883,20903,KU,,SMC,"Dr. Somervell Memorial CSI Medical College, Karakonam",MBBS,KU,24,mbbs_p1_final.pdf
2025,1,4884,20918,MU,,KAD,"Kannur Dental College, Anjarakandy, Kannur",BDS,SM,42,mbbs_p1_final.pdf
2025,1,4885,20933,MU,,EMC,"MES Medical College, Perinthalmanna, Malappuram",MBBS,NR *,29,mbbs_p1_final.pdf
2025,1,4886,20938,ST,,IDM,Government Medical College Idukki,MBBS,ST,2,mbbs_p1_final.pdf
2025,1,4887,20946,MU,,AAD,"Al Azhar Dental College, Thodupuzha",BDS,MU,42,mbbs_p1_final.pdf
2025,1,4888,20948,SC,,KMD,"KMCT Dental College, Mambatta, Mukkam, Kozhikode",BDS,SC,41,mbbs_p1_final.pdf
2025,1,4889,20954,BX,,NID,"Noorul Islam College of Dental Science, Neyyattinkara",BDS,SM,46,mbbs_p1_final.pdf
2025,1,4890,20956,EZ,,AAD,"Al Azhar Dental College, Thodupuzha",BDS,EZ,15,mbbs_p1_final.pdf
2025,1,4891,20967,GN,,MZM,"Mount Zion Medical College, Pathanamthitta",MBBS,NR,40,mbbs_p1_final.pdf
2025,1,4892,20969,EW,,AAD,"Al Azhar Dental College, Thodupuzha",BDS,EW,39,mbbs_p1_final.pdf
2025,1,4893,20984,BH,,IGD,"Indira Gandhi Institute of Dental Sciences, Kothamangalam",BDS,SM,23,mbbs_p1_final.pdf
2025,1,4894,20993,MU,,MLD,"Malabar Dental College, Edappal",BDS,SM,46,mbbs_p1_final.pdf
2025,1,4895,20997,SC,,SVD,"Sri Sankara Dental College, Akathumuri, Varkala",BDS,SM,39,mbbs_p1_final.pdf
2025,1,4896,21002,MU,,PSD,"PSM College of Dental Sciences, Thrissur",BDS,SM,9,mbbs_p1_final.pdf
2025,1,4897,21014,SC,,PMS,"PMS College of Dental Sciences, Vattappara, TVPM",BDS,SC,42,mbbs_p1_final.pdf
2025,1,4898,21022,BX,,IGD,"Indira Gandhi Institute of Dental Sciences, Kothamangalam",BDS,SM,51,mbbs_p1_final.pdf
2025,1,4899,21032,GN,,PSD,"PSM College of Dental Sciences, Thrissur",BDS,SM,47,mbbs_p1_final.pdf
2025,1,4900,21038,BX,,EID,"Educare Institute of Dental Sciences, Malappuram",BDS,SM,7,mbbs_p1_final.pdf
2025,1,4901,21051,MU,,MLD,"Malabar Dental College, Edappal",BDS,SM,47,mbbs_p1_final.pdf
2025,1,4902,21057,EW,,PMS,"PMS College of Dental Sciences, Vattappara, TVPM",BDS,EW,41,mbbs_p1_final.pdf
2025,1,4903,21061,MU,,SVD,"Sri Sankara Dental College, Akathumuri, Varkala",BDS,SM,6,mbbs_p1_final.pdf
2025,1,4904,21081,MU,,AAD,"Al Azhar Dental College, Thodupuzha",BDS,MU,49,mbbs_p1_final.pdf
2025,1,4905,21096,EW,,PSD,"PSM College of Dental Sciences, Thrissur",BDS,EW,16,mbbs_p1_final.pdf
2025,1,4906,21099,MU,,EID,"Educare Institute of Dental Sciences, Malappuram",BDS,SM,9,mbbs_p1_final.pdf
2025,1,4907,21102,SC,,AAD,"Al Azhar Dental College, Thodupuzha",BDS,SC,39,mbbs_p1_final.pdf
2025,1,4908,21114,SC,,AZD,"Azeezia College of Dental Science, Meyyannoor, Kollam",BDS,SC,41,mbbs_p1_final.pdf
2025,1,4909,21115,EZ,,RDC,"Royal Dental College, Chalisery, Palakkad",BDS,EZ,40,mbbs_p1_final.pdf
2025,1,4910,21124,EZ,,AAD,"Al Azhar Dental College, Thodupuzha",BDS,EZ,47,mbbs_p1_final.pdf
2025,1,4911,21131,MU,,PSD,"PSM College of Dental Sciences, Thrissur",BDS,MU,26,mbbs_p1_final.pdf
2025,1,4912,21143,GN,,NID,"Noorul Islam College of Dental Science, Neyyattinkara",BDS,SM,42,mbbs_p1_final.pdf
2025,1,4913,21149,GN,,IGD,"Indira Gandhi Institute of Dental Sciences, Kothamangalam",BDS,SM,56,mbbs_p1_final.pdf
2025,1,4914,21150,GN,,IGD,"Indira Gandhi Institute of Dental Sciences, Kothamangalam",BDS,SM,6,mbbs_p1_final.pdf
2025,1,4915,21152,EZ,,AZD,"Azeezia College of Dental Science, Meyyannoor, Kollam",BDS,EZ,44,mbbs_p1_final.pdf
2025,1,4916,21164,MU,,MLD,"Malabar Dental College, Edappal",BDS,SM,9,mbbs_p1_final.pdf
2025,1,4917,21188,BX,,SMC,"Dr. Somervell Memorial CSI Medical College, Karakonam",MBBS,NR,40,mbbs_p1_final.pdf
2025,1,4918,21189,EZ,,AZD,"Azeezia College of Dental Science, Meyyannoor, Kollam",BDS,EZ,28,mbbs_p1_final.pdf
2025,1,4919,21197,SC,,PMS,"PMS College of Dental Sciences, Vattappara, TVPM",BDS,SC,41,mbbs_p1_final.pdf
2025,1,4920,21199,MU,,EID,"Educare Institute of Dental Sciences, Malappuram",BDS,SM,19,mbbs_p1_final.pdf
2025,1,4921,21202,GN,,MZM,"Mount Zion Medical College, Pathanamthitta",MBBS,NR,33,mbbs_p1_final.pdf
2025,1,4922,21204,MU,,AZD,"Azeezia College of Dental Science, Meyyannoor, Kollam",BDS,MU,47,mbbs_p1_final.pdf
2025,1,4923,21206,MU,,EID,"Educare Institute of Dental Sciences, Malappuram",BDS,SM,50,mbbs_p1_final.pdf
2025,1,4924,21238,LA,,IGD,"Indira Gandhi Institute of Dental Sciences, Kothamangalam",BDS,LA,20,mbbs_p1_final.pdf
2025,1,4925,21248,MU,,TRM,"Travancore Medical College, Umayanalloor, Kollam",MBBS,NR,25,mbbs_p1_final.pdf
2025,1,4926,21249,EZ,,PSD,"PSM College of Dental Sciences, Thrissur",BDS,EZ,7,mbbs_p1_final.pdf
2025,1,4927,21253,GN,,MLD,"Malabar Dental College, Edappal",BDS,SM,6,mbbs_p1_final.pdf
2025,1,4928,21258,MU,,KKM,"Govt. Medical College, Kozhikkode",MBBS,PD,1,mbbs_p1_final.pdf
2025,1,4929,21264,GN,,PMC,"Pushpagiri Institute of Medical Science, Thiruvalla",MBBS,NC,40,mbbs_p1_final.pdf
2025,1,4930,21270,SC,,SGD,"St. Gregorios Dental College, Chelad, Kothamangalam",BDS,SC,44,mbbs_p1_final.pdf
2025,1,4931,21273,SC,,AID,"Sree Anjaneya Institue of Dental Scinces, Atholi, Kozhikode",BDS,SM,40,mbbs_p1_final.pdf
2025,1,4932,21305,SC,,SGD,"St. Gregorios Dental College, Chelad, Kothamangalam",BDS,SC,44,mbbs_p1_final.pdf
2025,1,4933,21309,GN,,KDM,"P K Das Institute of Medical Sciences, Ottapalam",MBBS,NR,25,mbbs_p1_final.pdf
2025,1,4934,21311,VK,,MLD,"Malabar Dental College, Edappal",BDS,SM,43,mbbs_p1_final.pdf
2025,1,4935,21315,EW,,KTM,"Govt. Medical College, Kottayam",MBBS,PD,1,mbbs_p1_final.pdf
2025,1,4936,21317,DV,,PSD,"PSM College of Dental Sciences, Thrissur",BDS,DV,28,mbbs_p1_final.pdf
2025,1,4937,21326,MU,,KCM,"KMCT Medical College, Mukkom, Kozikkode",MBBS,NR,24,mbbs_p1_final.pdf
2025,1,4938,21327,GN,,MLD,"Malabar Dental College, Edappal",BDS,SM,47,mbbs_p1_final.pdf
2025,1,4939,21333,GN,,SUC,"SUT Accademy of Medical Sciences, Thiruvananthapuram",MBBS,NR,14,mbbs_p1_final.pdf
2025,1,4940,21336,SC,,AAD,"Al Azhar Dental College, Thodupuzha",BDS,SC,39,mbbs_p1_final.pdf
2025,1,4941,21338,GN,,NID,"Noorul Islam College of Dental Science, Neyyattinkara",BDS,SM,12,mbbs_p1_final.pdf
2025,1,4942,21343,MU,,IGD,"Indira Gandhi Institute of Dental Sciences, Kothamangalam",BDS,MU,48,mbbs_p1_final.pdf
2025,1,4943,21352,GN,,EID,"Educare Institute of Dental Sciences, Malappuram",BDS,SM,45,mbbs_p1_final.pdf
2025,1,4944,21363,MU,,EID,"Educare Institute of Dental Sciences, Malappuram",BDS,SM,4,mbbs_p1_final.pdf
2025,1,4945,21369,MU,,TRM,"Travancore Medical College, Umayanalloor, Kollam",MBBS,NR,45,mbbs_p1_final.pdf
2025,1,4946,21371,GN,,AID,"Sree Anjaneya Institue of Dental Scinces, Atholi, Kozhikode",BDS,SM,20,mbbs_p1_final.pdf
2025,1,4947,21380,GN,,BCM,"Believers Church Medical College Hospital, Thiruvalla",MBBS,NC *,27,mbbs_p1_final.pdf
2025,1,4948,21389,MU,,MLD,"Malabar Dental College, Edappal",BDS,SM,25,mbbs_p1_final.pdf
2025,1,4949,21401,SC,,MED,"MES Dental College, Perinthalmanna",BDS,SC,40,mbbs_p1_final.pdf
2025,1,4950,21405,EZ,,AZD,"Azeezia College of Dental Science, Meyyannoor, Kollam",BDS,EZ,14,mbbs_p1_final.pdf
2025,1,4951,21411,ST,,MLP,"Govt. Medical College, Manjeri",MBBS,ST,3,mbbs_p1_final.pdf
2025,1,4952,21412,SC,,MED,"MES Dental College, Perinthalmanna",BDS,SC,38,mbbs_p1_final.pdf
2025,1,4953,21419,GN,,MMH,"Malabar Medical College Hospital, Kozhikkode",MBBS,NR,14,mbbs_p1_final.pdf
2025,1,4954,21421,BH,,KCM,"KMCT Medical College, Mukkom, Kozikkode",MBBS,NR,37,mbbs_p1_final.pdf
2025,1,4955,21422,MU,,PSD,"PSM College of Dental Sciences, Thrissur",BDS,MU,8,mbbs_p1_final.pdf
2025,1,4956,21426,MU,,PTM,"Government Medical College, Konni, Pathanamthitta",MBBS,PT,11,mbbs_p1_final.pdf
2025,1,4957,21429,MU,,RDC,"Royal Dental College, Chalisery, Palakkad",BDS,MM,54,mbbs_p1_final.pdf
2025,1,4958,21433,MU,,PSD,"PSM College of Dental Sciences, Thrissur",BDS,MU,3,mbbs_p1_final.pdf
2025,1,4959,21439,LA,,NID,"Noorul Islam College of Dental Science, Neyyattinkara",BDS,SM,37,mbbs_p1_final.pdf
2025,1,4960,21445,MU,,PSD,"PSM College of Dental Sciences, Thrissur",BDS,MU,3,mbbs_p1_final.pdf
2025,1,4961,21467,KN,,EID,"Educare Institute of Dental Sciences, Malappuram",BDS,SM,8,mbbs_p1_final.pdf
2025,1,4962,21469,GN,,TRM,"Travancore Medical College, Umayanalloor, Kollam",MBBS,NR,2,mbbs_p1_final.pdf
2025,1,4963,21474,BX,,NID,"Noorul Islam College of Dental Science, Neyyattinkara",BDS,SM,49,mbbs_p1_final.pdf
2025,1,4964,21479,SC,,AAD,"Al Azhar Dental College, Thodupuzha",BDS,SC,40,mbbs_p1_final.pdf
2025,1,4965,21484,GN,,EID,"Educare Institute of Dental Sciences, Malappuram",BDS,SM,3,mbbs_p1_final.pdf
2025,1,4966,21489,MU,,KCM,"KMCT Medical College, Mukkom, Kozikkode",MBBS,NR,15,mbbs_p1_final.pdf
2025,1,4967,21494,GN,,BCM,"Believers Church Medical College Hospital, Thiruvalla",MBBS,NC,15,mbbs_p1_final.pdf
2025,1,4968,21496,BH,,IGD,"Indira Gandhi Institute of Dental Sciences, Kothamangalam",BDS,BH,21,mbbs_p1_final.pdf
2025,1,4969,21502,MU,,EID,"Educare Institute of Dental Sciences, Malappuram",BDS,SM,8,mbbs_p1_final.pdf
2025,1,4970,21532,MU,,AZD,"Azeezia College of Dental Science, Meyyannoor, Kollam",BDS,MU,19,mbbs_p1_final.pdf
2025,1,4971,21542,SC,,IGD,"Indira Gandhi Institute of Dental Sciences, Kothamangalam",BDS,SC,42,mbbs_p1_final.pdf
2025,1,4972,21555,GN,,SUC,"SUT Accademy of Medical Sciences, Thiruvananthapuram",MBBS,NR,44,mbbs_p1_final.pdf
2025,1,4973,21571,GN,,MZM,"Mount Zion Medical College, Pathanamthitta",MBBS,NR,45,mbbs_p1_final.pdf
2025,1,4974,21577,MU,,MLD,"Malabar Dental College, Edappal",BDS,SM,47,mbbs_p1_final.pdf
2025,1,4975,21591,MU,,AZD,"Azeezia College of Dental Science, Meyyannoor, Kollam",BDS,MM,20,mbbs_p1_final.pdf
2025,1,4976,21609,GN,,SVD,"Sri Sankara Dental College, Akathumuri, Varkala",BDS,SM,57,mbbs_p1_final.pdf
2025,1,4977,21611,SC,,AAD,"Al Azhar Dental College, Thodupuzha",BDS,SC,39,mbbs_p1_final.pdf
2025,1,4978,21615,SC,,AID,"Sree Anjaneya Institue of Dental Scinces, Atholi, Kozhikode",BDS,SM,37,mbbs_p1_final.pdf
2025,1,4979,21624,MU,,IGD,"Indira Gandhi Institute of Dental Sciences, Kothamangalam",BDS,MU,2,mbbs_p1_final.pdf
2025,1,4980,21632,MU,,AID,"Sree Anjaneya Institue of Dental Scinces, Atholi, Kozhikode",BDS,SM,21,mbbs_p1_final.pdf
2025,1,4981,21633,GN,,KCM,"KMCT Medical College, Mukkom, Kozikkode",MBBS,NR,10,mbbs_p1_final.pdf
2025,1,4982,21645,EZ,,PSD,"PSM College of Dental Sciences, Thrissur",BDS,EZ,19,mbbs_p1_final.pdf
2025,1,4983,21651,GN,,AID,"Sree Anjaneya Institue of Dental Scinces, Atholi, Kozhikode",BDS,SM,29,mbbs_p1_final.pdf
2025,1,4984,21670,MU,,TRM,"Travancore Medical College, Umayanalloor, Kollam",MBBS,NR,22,mbbs_p1_final.pdf
2025,1,4985,21680,MU,,AZD,"Azeezia College of Dental Science, Meyyannoor, Kollam",BDS,MM,36,mbbs_p1_final.pdf
2025,1,4986,21696,GN,,KAD,"Kannur Dental College, Anjarakandy, Kannur",BDS,SM,14,mbbs_p1_final.pdf
2025,1,4987,21699,GN,,KCM,"KMCT Medical College, Mukkom, Kozikkode",MBBS,NR,35,mbbs_p1_final.pdf
2025,1,4988,21703,GN,,SVD,"Sri Sankara Dental College, Akathumuri, Varkala",BDS,SM,26,mbbs_p1_final.pdf
2025,1,4989,21716,MU,,AZD,"Azeezia College of Dental Science, Meyyannoor, Kollam",BDS,MM,26,mbbs_p1_final.pdf
2025,1,4990,21749,GN,,AID,"Sree Anjaneya Institue of Dental Scinces, Atholi, Kozhikode",BDS,SM,41,mbbs_p1_final.pdf
2025,1,4991,21769,MU,,MLD,"Malabar Dental College, Edappal",BDS,SM,41,mbbs_p1_final.pdf
2025,1,4992,21774,MU,,PSD,"PSM College of Dental Sciences, Thrissur",BDS,MU,7,mbbs_p1_final.pdf
2025,1,4993,21782,MU,,MLD,"Malabar Dental College, Edappal",BDS,SM,11,mbbs_p1_final.pdf
2025,1,4994,21796,GN,,AID,"Sree Anjaneya Institue of Dental Scinces, Atholi, Kozhikode",BDS,SM,50,mbbs_p1_final.pdf
2025,1,4995,21797,GN,,EID,"Educare Institute of Dental Sciences, Malappuram",BDS,SM,47,mbbs_p1_final.pdf
2025,1,4996,21802,GN,,TRM,"Travancore Medical College, Umayanalloor, Kollam",MBBS,NR,27,mbbs_p1_final.pdf
2025,1,4997,21808,MU,,AZD,"Azeezia College of Dental Science, Meyyannoor, Kollam",BDS,MM,55,mbbs_p1_final.pdf
2025,1,4998,21828,GN,,EID,"Educare Institute of Dental Sciences, Malappuram",BDS,SM,50,mbbs_p1_final.pdf
2025,1,4999,21834,EZ,,AZD,"Azeezia College of Dental Science, Meyyannoor, Kollam",BDS,EZ,10,mbbs_p1_final.pdf
2025,1,5000,21839,GN,,MLD,"Malabar Dental College, Edappal",BDS,SM,25,mbbs_p1_final.pdf
2025,1,5001,21842,MU,,AID,"Sree Anjaneya Institue of Dental Scinces, Atholi, Kozhikode",BDS,SM,47,mbbs_p1_final.pdf
2025,1,5002,21843,GN,,MMH,"Malabar Medical College Hospital, Kozhikkode",MBBS,NR,34,mbbs_p1_final.pdf
2025,1,5003,21845,SC,,AZD,"Azeezia College of Dental Science, Meyyannoor, Kollam",BDS,SC,44,mbbs_p1_final.pdf
2025,1,5004,21855,BX,,NID,"Noorul Islam College of Dental Science, Neyyattinkara",BDS,BX,40,mbbs_p1_final.pdf
2025,1,5005,21860,SC,,NID,"Noorul Islam College of Dental Science, Neyyattinkara",BDS,SC,38,mbbs_p1_final.pdf
2025,1,5006,21861,EZ,,PSD,"PSM College of Dental Sciences, Thrissur",BDS,EZ,4,mbbs_p1_final.pdf
2025,1,5007,21886,EZ,,EID,"Educare Institute of Dental Sciences, Malappuram",BDS,SM,33,mbbs_p1_final.pdf
2025,1,5008,21897,EZ,,PSD,"PSM College of Dental Sciences, Thrissur",BDS,EZ,33,mbbs_p1_final.pdf
2025,1,5009,21916,SC,,AZD,"Azeezia College of Dental Science, Meyyannoor, Kollam",BDS,SC,40,mbbs_p1_final.pdf
2025,1,5010,21923,MU,,TRD,"Travancore DentalCollege, Kollam",BDS,MM,46,mbbs_p1_final.pdf
2025,1,5011,21926,GN,,SUC,"SUT Accademy of Medical Sciences, Thiruvananthapuram",MBBS,NR,4,mbbs_p1_final.pdf
2025,1,5012,21928,BH,,AZD,"Azeezia College of Dental Science, Meyyannoor, Kollam",BDS,BH,6,mbbs_p1_final.pdf
2025,1,5013,21934,GN,,SIM,"Sree Narayana Institute of Medical Sciences, Chalakka, Ernakulam.",MBBS,NR,27,mbbs_p1_final.pdf
2025,1,5014,21949,GN,,TRM,"Travancore Medical College, Umayanalloor, Kollam",MBBS,NR,46,mbbs_p1_final.pdf
2025,1,5015,21951,MU,,PSD,"PSM College of Dental Sciences, Thrissur",BDS,MU,25,mbbs_p1_final.pdf
2025,1,5016,21960,GN,,TRM,"Travancore Medical College, Umayanalloor, Kollam",MBBS,NR,35,mbbs_p1_final.pdf
2025,1,5017,21965,EZ,,PSD,"PSM College of Dental Sciences, Thrissur",BDS,EZ,39,mbbs_p1_final.pdf
2025,1,5018,21971,EZ,,IGD,"Indira Gandhi Institute of Dental Sciences, Kothamangalam",BDS,EZ,27,mbbs_p1_final.pdf
2025,1,5019,21974,GN,,SUC,"SUT Accademy of Medical Sciences, Thiruvananthapuram",MBBS,NR,46,mbbs_p1_final.pdf
2025,1,5020,21975,MU,,AZD,"Azeezia College of Dental Science, Meyyannoor, Kollam",BDS,MM,8,mbbs_p1_final.pdf
2025,1,5021,21977,KU,,AAM,"Al Azhar Medical college, Thodupuzha",MBBS,KU,8,mbbs_p1_final.pdf
2025,1,5022,21982,SC,,AZD,"Azeezia College of Dental Science, Meyyannoor, Kollam",BDS,SC,41,mbbs_p1_final.pdf
2025,1,5023,21983,SC,,AAD,"Al Azhar Dental College, Thodupuzha",BDS,SC,41,mbbs_p1_final.pdf
2025,1,5024,21986,MU,,KAD,"Kannur Dental College, Anjarakandy, Kannur",BDS,SM,20,mbbs_p1_final.pdf
2025,1,5025,21987,SC,,RDC,"Royal Dental College, Chalisery, Palakkad",BDS,SC,39,mbbs_p1_final.pdf
2025,1,5026,22003,MU,,EID,"Educare Institute of Dental Sciences, Malappuram",BDS,SM,19,mbbs_p1_final.pdf
2025,1,5027,22009,EZ,,IGD,"Indira Gandhi Institute of Dental Sciences, Kothamangalam",BDS,EZ,9,mbbs_p1_final.pdf
2025,1,5028,22017,GN,,TRM,"Travancore Medical College, Umayanalloor, Kollam",MBBS,NR,35,mbbs_p1_final.pdf
2025,1,5029,22019,GN,,AID,"Sree Anjaneya Institue of Dental Scinces, Atholi, Kozhikode",BDS,SM,26,mbbs_p1_final.pdf
2025,1,5030,22030,KU,,MZM,"Mount Zion Medical College, Pathanamthitta",MBBS,KU,17,mbbs_p1_final.pdf
2025,1,5031,22045,EW,,PMS,"PMS College of Dental Sciences, Vattappara, TVPM",BDS,EW,26,mbbs_p1_final.pdf
2025,1,5032,22048,MU,,NID,"Noorul Islam College of Dental Science, Neyyattinkara",BDS,MU,15,mbbs_p1_final.pdf
2025,1,5033,22058,GN,,TRM,"Travancore Medical College, Umayanalloor, Kollam",MBBS,NR,19,mbbs_p1_final.pdf
2025,1,5034,22069,SC,,PSD,"PSM College of Dental Sciences, Thrissur",BDS,SC,44,mbbs_p1_final.pdf
2025,1,5035,22078,EZ,,IGD,"Indira Gandhi Institute of Dental Sciences, Kothamangalam",BDS,EZ,19,mbbs_p1_final.pdf
2025,1,5036,22083,EW,,KMD,"KMCT Dental College, Mambatta, Mukkam, Kozhikode",BDS,EW,50,mbbs_p1_final.pdf
2025,1,5037,22088,KU,,KDM,"P K Das Institute of Medical Sciences, Ottapalam",MBBS,KU,24,mbbs_p1_final.pdf
2025,1,5038,22104,SC,,MED,"MES Dental College, Perinthalmanna",BDS,SC,39,mbbs_p1_final.pdf
2025,1,5039,22110,DV,,PTM,"Government Medical College, Konni, Pathanamthitta",MBBS,DM,1,mbbs_p1_final.pdf
2025,1,5040,22113,EZ,,KCM,"KMCT Medical College, Mukkom, Kozikkode",MBBS,NR,29,mbbs_p1_final.pdf
2025,1,5041,22118,SC,,MED,"MES Dental College, Perinthalmanna",BDS,SC,43,mbbs_p1_final.pdf
2025,1,5042,22120,GN,,MZM,"Mount Zion Medical College, Pathanamthitta",MBBS,NR,45,mbbs_p1_final.pdf
2025,1,5043,22133,GN,,TRM,"Travancore Medical College, Umayanalloor, Kollam",MBBS,NM,3,mbbs_p1_final.pdf
2025,1,5044,22134,MU,,TRD,"Travancore DentalCollege, Kollam",BDS,MM,25,mbbs_p1_final.pdf
2025,1,5045,22178,MU,,EID,"Educare Institute of Dental Sciences, Malappuram",BDS,MU,44,mbbs_p1_final.pdf
2025,1,5046,22193,GN,,KCM,"KMCT Medical College, Mukkom, Kozikkode",MBBS,NR,17,mbbs_p1_final.pdf
2025,1,5047,22195,GN,,AID,"Sree Anjaneya Institue of Dental Scinces, Atholi, Kozhikode",BDS,SM,63,mbbs_p1_final.pdf
2025,1,5048,22210,BH,,NID,"Noorul Islam College of Dental Science, Neyyattinkara",BDS,BH,47,mbbs_p1_final.pdf
2025,1,5049,22213,KU,,DMM,"Dr. Moopens Medical College, Meppadi, Wayanad",MBBS,KU,29,mbbs_p1_final.pdf
2025,1,5050,22214,MU,,PSD,"PSM College of Dental Sciences, Thrissur",BDS,MU,7,mbbs_p1_final.pdf
2025,1,5051,22218,BH,,AID,"Sree Anjaneya Institue of Dental Scinces, Atholi, Kozhikode",BDS,SM,12,mbbs_p1_final.pdf
2025,1,5052,22221,EZ,,RDC,"Royal Dental College, Chalisery, Palakkad",BDS,EZ,26,mbbs_p1_final.pdf
2025,1,5053,22223,MU,,TVM,"Govt. Medical College, Thiruvananthapuram",MBBS,NQ,1,mbbs_p1_final.pdf
2025,1,5054,22225,MU,,MLD,"Malabar Dental College, Edappal",BDS,MU,28,mbbs_p1_final.pdf
2025,1,5055,22227,BX,,SVD,"Sri Sankara Dental College, Akathumuri, Varkala",BDS,SM,2,mbbs_p1_final.pdf
2025,1,5056,22230,GN,,SMC,"Dr. Somervell Memorial CSI Medical College, Karakonam",MBBS,NR,18,mbbs_p1_final.pdf
2025,1,5057,22231,SC,,IGD,"Indira Gandhi Institute of Dental Sciences, Kothamangalam",BDS,SC,27,mbbs_p1_final.pdf
2025,1,5058,22234,SC,,MLD,"Malabar Dental College, Edappal",BDS,SC,40,mbbs_p1_final.pdf
2025,1,5059,22252,EZ,,SVD,"Sri Sankara Dental College, Akathumuri, Varkala",BDS,SM,40,mbbs_p1_final.pdf
2025,1,5060,22260,BH,,PSD,"PSM College of Dental Sciences, Thrissur",BDS,BH,34,mbbs_p1_final.pdf
2025,1,5061,22261,KN,,MED,"MES Dental College, Perinthalmanna",BDS,KN,39,mbbs_p1_final.pdf
2025,1,5062,22265,SC,,PSD,"PSM College of Dental Sciences, Thrissur",BDS,SC,39,mbbs_p1_final.pdf
2025,1,5063,22268,GN,,PMD,"Pushpagiri College of Dental Science, Thiruvalla",BDS,NR,48,mbbs_p1_final.pdf
2025,1,5064,22270,MU,,EID,"Educare Institute of Dental Sciences, Malappuram",BDS,MU,53,mbbs_p1_final.pdf
2025,1,5065,22299,BX,,PSD,"PSM College of Dental Sciences, Thrissur",BDS,BX,44,mbbs_p1_final.pdf
2025,1,5066,22302,SC,,AID,"Sree Anjaneya Institue of Dental Scinces, Atholi, Kozhikode",BDS,SM,41,mbbs_p1_final.pdf
2025,1,5067,22325,SC,,IGD,"Indira Gandhi Institute of Dental Sciences, Kothamangalam",BDS,SC #,44,mbbs_p1_final.pdf
2025,1,5068,22332,MU,,KCM,"KMCT Medical College, Mukkom, Kozikkode",MBBS,NR *,39,mbbs_p1_final.pdf
2025,1,5069,22333,GN,,EID,"Educare Institute of Dental Sciences, Malappuram",BDS,MM,8,mbbs_p1_final.pdf
2025,1,5070,22336,KN,,MLD,"Malabar Dental College, Edappal",BDS,KN,43,mbbs_p1_final.pdf
2025,1,5071,22338,GN,,MMH,"Malabar Medical College Hospital, Kozhikkode",MBBS,NR,27,mbbs_p1_final.pdf
2025,1,5072,22343,EW,,SGD,"St. Gregorios Dental College, Chelad, Kothamangalam",BDS,EW,23,mbbs_p1_final.pdf
2025,1,5073,22349,BH,,PSD,"PSM College of Dental Sciences, Thrissur",BDS,BH,29,mbbs_p1_final.pdf
2025,1,5074,22351,DV,,AAD,"Al Azhar Dental College, Thodupuzha",BDS,DV,45,mbbs_p1_final.pdf
2025,1,5075,22356,MU,,AZD,"Azeezia College of Dental Science, Meyyannoor, Kollam",BDS,MM,27,mbbs_p1_final.pdf
2025,1,5076,22377,VK,,AZD,"Azeezia College of Dental Science, Meyyannoor, Kollam",BDS,VK,46,mbbs_p1_final.pdf
2025,1,5077,22388,BH,,PSD,"PSM College of Dental Sciences, Thrissur",BDS,BH,47,mbbs_p1_final.pdf
2025,1,5078,22403,MU,,MLD,"Malabar Dental College, Edappal",BDS,MU,21,mbbs_p1_final.pdf
2025,1,5079,22404,GN,,AID,"Sree Anjaneya Institue of Dental Scinces, Atholi, Kozhikode",BDS,SM,23,mbbs_p1_final.pdf
2025,1,5080,22405,MU,,NID,"Noorul Islam College of Dental Science, Neyyattinkara",BDS,MU,11,mbbs_p1_final.pdf
2025,1,5081,22416,MU,,KKM,"Govt. Medical College, Kozhikkode",MBBS,PD,1,mbbs_p1_final.pdf
2025,1,5082,22426,MU,,MLD,"Malabar Dental College, Edappal",BDS,MU,3,mbbs_p1_final.pdf
2025,1,5083,22433,GN,,AID,"Sree Anjaneya Institue of Dental Scinces, Atholi, Kozhikode",BDS,SM,14,mbbs_p1_final.pdf
2025,1,5084,22436,DV,,MMH,"Malabar Medical College Hospital, Kozhikkode",MBBS,NR,35,mbbs_p1_final.pdf
2025,1,5085,22458,EZ,,KCM,"KMCT Medical College, Mukkom, Kozikkode",MBBS,NR,10,mbbs_p1_final.pdf
2025,1,5086,22459,BH,,MLD,"Malabar Dental College, Edappal",BDS,BH,3,mbbs_p1_final.pdf
2025,1,5087,22466,MU,,EID,"Educare Institute of Dental Sciences, Malappuram",BDS,MU,46,mbbs_p1_final.pdf
2025,1,5088,22481,EZ,,SVD,"Sri Sankara Dental College, Akathumuri, Varkala",BDS,SM,40,mbbs_p1_final.pdf
2025,1,5089,22490,MU,,NID,"Noorul Islam College of Dental Science, Neyyattinkara",BDS,MU,1,mbbs_p1_final.pdf
2025,1,5090,22493,LA,,RDC,"Royal Dental College, Chalisery, Palakkad",BDS,LA,32,mbbs_p1_final.pdf
2025,1,5091,22515,GN,,SMC,"Dr. Somervell Memorial CSI Medical College, Karakonam",MBBS,NR,37,mbbs_p1_final.pdf
2025,1,5092,22516,MU,,IGD,"Indira Gandhi Institute of Dental Sciences, Kothamangalam",BDS,MU,8,mbbs_p1_final.pdf
2025,1,5093,22517,MU,,AZD,"Azeezia College of Dental Science, Meyyannoor, Kollam",BDS,MM,29,mbbs_p1_final.pdf
2025,1,5094,22524,EW,,KMD,"KMCT Dental College, Mambatta, Mukkam, Kozhikode",BDS,EW,30,mbbs_p1_final.pdf
2025,1,5095,22536,MU,,TRM,"Travancore Medical College, Umayanalloor, Kollam",MBBS,NM,3,mbbs_p1_final.pdf
2025,1,5096,22542,BX,,SMC,"Dr. Somervell Memorial CSI Medical College, Karakonam",MBBS,NR,15,mbbs_p1_final.pdf
2025,1,5097,22550,GN,,TRD,"Travancore DentalCollege, Kollam",BDS,MM,19,mbbs_p1_final.pdf
2025,1,5098,22554,GN,,MMH,"Malabar Medical College Hospital, Kozhikkode",MBBS,NR,41,mbbs_p1_final.pdf
2025,1,5099,22561,SC,,NID,"Noorul Islam College of Dental Science, Neyyattinkara",BDS,SC #,42,mbbs_p1_final.pdf
2025,1,5100,22571,MU,,IGD,"Indira Gandhi Institute of Dental Sciences, Kothamangalam",BDS,MU,7,mbbs_p1_final.pdf
2025,1,5101,22573,LA,,AAD,"Al Azhar Dental College, Thodupuzha",BDS,LA,43,mbbs_p1_final.pdf
2025,1,5102,22582,GN,,SIM,"Sree Narayana Institute of Medical Sciences, Chalakka, Ernakulam.",MBBS,NR,17,mbbs_p1_final.pdf
2025,1,5103,22594,EZ,,MMH,"Malabar Medical College Hospital, Kozhikkode",MBBS,NR,40,mbbs_p1_final.pdf
2025,1,5104,22603,LA,,AZD,"Azeezia College of Dental Science, Meyyannoor, Kollam",BDS,LA,36,mbbs_p1_final.pdf
2025,1,5105,22619,MU,,EID,"Educare Institute of Dental Sciences, Malappuram",BDS,MU,13,mbbs_p1_final.pdf
2025,1,5106,22638,KN,,ADC,"Annoor Dental College, Puthuppady, Muvattupuzha",BDS,KN,41,mbbs_p1_final.pdf
2025,1,5107,22639,DV,,IGD,"Indira Gandhi Institute of Dental Sciences, Kothamangalam",BDS,DV,40,mbbs_p1_final.pdf
2025,1,5108,22643,MU,,KCM,"KMCT Medical College, Mukkom, Kozikkode",MBBS,NR,6,mbbs_p1_final.pdf
2025,1,5109,22644,EZ,,SMC,"Dr. Somervell Memorial CSI Medical College, Karakonam",MBBS,NR,34,mbbs_p1_final.pdf
2025,1,5110,22645,KU,,PIM,"Palakkad Institute of Medical Sciences, Walayar",MBBS,KU,14,mbbs_p1_final.pdf
2025,1,5111,22653,MU,,IGD,"Indira Gandhi Institute of Dental Sciences, Kothamangalam",BDS,MU,50,mbbs_p1_final.pdf
2025,1,5112,22656,GN,,SMC,"Dr. Somervell Memorial CSI Medical College, Karakonam",MBBS,NR,29,mbbs_p1_final.pdf
2025,1,5113,22666,EW,,SGD,"St. Gregorios Dental College, Chelad, Kothamangalam",BDS,EW,23,mbbs_p1_final.pdf
2025,1,5114,22668,GN,,KCM,"KMCT Medical College, Mukkom, Kozikkode",MBBS,NR,18,mbbs_p1_final.pdf
2025,1,5115,22669,KN,,AID,"Sree Anjaneya Institue of Dental Scinces, Atholi, Kozhikode",BDS,SM,34,mbbs_p1_final.pdf
2025,1,5116,22675,MU,,EID,"Educare Institute of Dental Sciences, Malappuram",BDS,MU,19,mbbs_p1_final.pdf
2025,1,5117,22680,MU,,KCM,"KMCT Medical College, Mukkom, Kozikkode",MBBS,NR,39,mbbs_p1_final.pdf
2025,1,5118,22681,DV,,TRD,"Travancore DentalCollege, Kollam",BDS,DV,36,mbbs_p1_final.pdf
2025,1,5119,22685,MU,,EID,"Educare Institute of Dental Sciences, Malappuram",BDS,MU,47,mbbs_p1_final.pdf
2025,1,5120,22698,EZ,,TVD,"Govt. Dental College, Thiruvananthapuram",BDS,PT,37,mbbs_p1_final.pdf
2025,1,5121,22721,DV,,PSD,"PSM College of Dental Sciences, Thrissur",BDS,DV,39,mbbs_p1_final.pdf
2025,1,5122,22722,MU,,AID,"Sree Anjaneya Institue of Dental Scinces, Atholi, Kozhikode",BDS,SM,9,mbbs_p1_final.pdf
2025,1,5123,22723,MU,,MLD,"Malabar Dental College, Edappal",BDS,MU,33,mbbs_p1_final.pdf
2025,1,5124,22749,ST,,PKM,"Government Medical College, Palakkad",MBBS,ST,10,mbbs_p1_final.pdf
2025,1,5125,22753,ST,,PKM,"Government Medical College, Palakkad",MBBS,ST,10,mbbs_p1_final.pdf
2025,1,5126,22756,GN,,SMC,"Dr. Somervell Memorial CSI Medical College, Karakonam",MBBS,NR *,20,mbbs_p1_final.pdf
2025,1,5127,22759,SC,,SGD,"St. Gregorios Dental College, Chelad, Kothamangalam",BDS,SC,44,mbbs_p1_final.pdf
2025,1,5128,22761,GN,,KCM,"KMCT Medical College, Mukkom, Kozikkode",MBBS,NR,28,mbbs_p1_final.pdf
2025,1,5129,22779,EZ,,IGD,"Indira Gandhi Institute of Dental Sciences, Kothamangalam",BDS,EZ,5,mbbs_p1_final.pdf
2025,1,5130,22781,GN,,KAD,"Kannur Dental College, Anjarakandy, Kannur",BDS,SM,42,mbbs_p1_final.pdf
2025,1,5131,22783,MU,,AID,"Sree Anjaneya Institue of Dental Scinces, Atholi, Kozhikode",BDS,MU,20,mbbs_p1_final.pdf
2025,1,5132,22789,SC,,MED,"MES Dental College, Perinthalmanna",BDS,SC,45,mbbs_p1_final.pdf
2025,1,5133,22819,SC,,RDC,"Royal Dental College, Chalisery, Palakkad",BDS,SC,39,mbbs_p1_final.pdf
2025,1,5134,22822,MU,,KAD,"Kannur Dental College, Anjarakandy, Kannur",BDS,SM,23,mbbs_p1_final.pdf
2025,1,5135,22840,GN,,AZD,"Azeezia College of Dental Science, Meyyannoor, Kollam",BDS,MM,34,mbbs_p1_final.pdf
2025,1,5136,22865,GN,,DMM,"Dr. Moopens Medical College, Meppadi, Wayanad",MBBS,NR *,16,mbbs_p1_final.pdf
2025,1,5137,22871,MU,,RDC,"Royal Dental College, Chalisery, Palakkad",BDS,MM,2,mbbs_p1_final.pdf
2025,1,5138,22881,EZ,,PSD,"PSM College of Dental Sciences, Thrissur",BDS,EZ,11,mbbs_p1_final.pdf
2025,1,5139,22898,EZ,,IGD,"Indira Gandhi Institute of Dental Sciences, Kothamangalam",BDS,EZ,14,mbbs_p1_final.pdf
2025,1,5140,22899,BH,,EID,"Educare Institute of Dental Sciences, Malappuram",BDS,BH,12,mbbs_p1_final.pdf
2025,1,5141,22900,BH,,MLD,"Malabar Dental College, Edappal",BDS,BH,47,mbbs_p1_final.pdf
2025,1,5142,22905,GN,,SVD,"Sri Sankara Dental College, Akathumuri, Varkala",BDS,SM,39,mbbs_p1_final.pdf
2025,1,5143,22909,MU,,RDC,"Royal Dental College, Chalisery, Palakkad",BDS,MM,54,mbbs_p1_final.pdf
2025,1,5144,22920,ST,,PTM,"Government Medical College, Konni, Pathanamthitta",MBBS,ST,11,mbbs_p1_final.pdf
2025,1,5145,22959,MU,,EID,"Educare Institute of Dental Sciences, Malappuram",BDS,MU,29,mbbs_p1_final.pdf
2025,1,5146,22960,MU,,MLD,"Malabar Dental College, Edappal",BDS,MU,9,mbbs_p1_final.pdf
2025,1,5147,22967,SC,,EID,"Educare Institute of Dental Sciences, Malappuram",BDS,SC,39,mbbs_p1_final.pdf
2025,1,5148,22969,BX,,IGD,"Indira Gandhi Institute of Dental Sciences, Kothamangalam",BDS,BX,58,mbbs_p1_final.pdf
2025,1,5149,22971,GN,,SUC,"SUT Accademy of Medical Sciences, Thiruvananthapuram",MBBS,NR,33,mbbs_p1_final.pdf
2025,1,5150,22985,DV,,RDC,"Royal Dental College, Chalisery, Palakkad",BDS,DV,38,mbbs_p1_final.pdf
2025,1,5151,22988,GN,,SVD,"Sri Sankara Dental College, Akathumuri, Varkala",BDS,SM,2,mbbs_p1_final.pdf
2025,1,5152,22992,DV,,IGD,"Indira Gandhi Institute of Dental Sciences, Kothamangalam",BDS,DV,42,mbbs_p1_final.pdf
2025,1,5153,22998,SC,,PSD,"PSM College of Dental Sciences, Thrissur",BDS,SC,25,mbbs_p1_final.pdf
2025,1,5154,23000,EW,,SGD,"St. Gregorios Dental College, Chelad, Kothamangalam",BDS,EW,44,mbbs_p1_final.pdf
2025,1,5155,23013,MU,,KAD,"Kannur Dental College, Anjarakandy, Kannur",BDS,SM,10,mbbs_p1_final.pdf
2025,1,5156,23027,EZ,,KKM,"Govt. Medical College, Kozhikkode",MBBS,PD,1,mbbs_p1_final.pdf
2025,1,5157,23028,GN,,MMH,"Malabar Medical College Hospital, Kozhikkode",MBBS,NR,10,mbbs_p1_final.pdf
2025,1,5158,23029,MU,,AZD,"Azeezia College of Dental Science, Meyyannoor, Kollam",BDS,MM,56,mbbs_p1_final.pdf
2025,1,5159,23033,VK,,RDC,"Royal Dental College, Chalisery, Palakkad",BDS,VK,26,mbbs_p1_final.pdf
2025,1,5160,23052,EW,,RDC,"Royal Dental College, Chalisery, Palakkad",BDS,EW,20,mbbs_p1_final.pdf
2025,1,5161,23059,LA,,PSD,"PSM College of Dental Sciences, Thrissur",BDS,LA,43,mbbs_p1_final.pdf
2025,1,5162,23071,GN,,MMH,"Malabar Medical College Hospital, Kozhikkode",MBBS,NR,46,mbbs_p1_final.pdf
2025,1,5163,23076,EZ,,AID,"Sree Anjaneya Institue of Dental Scinces, Atholi, Kozhikode",BDS,EZ,20,mbbs_p1_final.pdf
2025,1,5164,23094,EW,,KMD,"KMCT Dental College, Mambatta, Mukkam, Kozhikode",BDS,EW,21,mbbs_p1_final.pdf
2025,1,5165,23125,GN,,SVD,"Sri Sankara Dental College, Akathumuri, Varkala",BDS,SM,39,mbbs_p1_final.pdf
2025,1,5166,23126,EZ,,NID,"Noorul Islam College of Dental Science, Neyyattinkara",BDS,EZ,25,mbbs_p1_final.pdf
2025,1,5167,23129,EZ,,NID,"Noorul Islam College of Dental Science, Neyyattinkara",BDS,EZ,33,mbbs_p1_final.pdf
2025,1,5168,23138,EZ,,SVD,"Sri Sankara Dental College, Akathumuri, Varkala",BDS,SM,23,mbbs_p1_final.pdf
2025,1,5169,23151,MU,,KCM,"KMCT Medical College, Mukkom, Kozikkode",MBBS,NR,40,mbbs_p1_final.pdf
2025,1,5170,23160,GN,,KAD,"Kannur Dental College, Anjarakandy, Kannur",BDS,SM,19,mbbs_p1_final.pdf
2025,1,5171,23170,EZ,,PSD,"PSM College of Dental Sciences, Thrissur",BDS,EZ,44,mbbs_p1_final.pdf
2025,1,5172,23190,LA,,SVD,"Sri Sankara Dental College, Akathumuri, Varkala",BDS,SM,14,mbbs_p1_final.pdf
2025,1,5173,23191,GN,,KAD,"Kannur Dental College, Anjarakandy, Kannur",BDS,SM,17,mbbs_p1_final.pdf
2025,1,5174,23192,ST,,JMC,"Jubilee Mission Medical College, Thrisur",MBBS,ST,11,mbbs_p1_final.pdf
2025,1,5175,23193,SC,,IGD,"Indira Gandhi Institute of Dental Sciences, Kothamangalam",BDS,SC,37,mbbs_p1_final.pdf
2025,1,5176,23195,GN,,SVD,"Sri Sankara Dental College, Akathumuri, Varkala",BDS,SM,2,mbbs_p1_final.pdf
2025,1,5177,23196,EZ,,PSD,"PSM College of Dental Sciences, Thrissur",BDS,EZ,16,mbbs_p1_final.pdf
2025,1,5178,23204,GN,,KTM,"Govt. Medical College, Kottayam",MBBS,DK,1,mbbs_p1_final.pdf
2025,1,5179,23209,LA,,NID,"Noorul Islam College of Dental Science, Neyyattinkara",BDS,LA,46,mbbs_p1_final.pdf
2025,1,5180,23213,GN,,SVD,"Sri Sankara Dental College, Akathumuri, Varkala",BDS,SM,49,mbbs_p1_final.pdf
2025,1,5181,23219,SC,,PSD,"PSM College of Dental Sciences, Thrissur",BDS,SC,39,mbbs_p1_final.pdf
2025,1,5182,23227,BH,,MLD,"Malabar Dental College, Edappal",BDS,BH,42,mbbs_p1_final.pdf
2025,1,5183,23233,MU,,IGD,"Indira Gandhi Institute of Dental Sciences, Kothamangalam",BDS,MU,2,mbbs_p1_final.pdf
2025,1,5184,23237,SC,,AID,"Sree Anjaneya Institue of Dental Scinces, Atholi, Kozhikode",BDS,SC,27,mbbs_p1_final.pdf
2025,1,5185,23243,GN,,AZD,"Azeezia College of Dental Science, Meyyannoor, Kollam",BDS,MM,45,mbbs_p1_final.pdf
2025,1,5186,23258,BH,,IGD,"Indira Gandhi Institute of Dental Sciences, Kothamangalam",BDS,BH,16,mbbs_p1_final.pdf
2025,1,5187,23264,SC,,SVD,"Sri Sankara Dental College, Akathumuri, Varkala",BDS,SM,40,mbbs_p1_final.pdf
2025,1,5188,23271,MU,,IGD,"Indira Gandhi Institute of Dental Sciences, Kothamangalam",BDS,MU,44,mbbs_p1_final.pdf
2025,1,5189,23277,MU,,AID,"Sree Anjaneya Institue of Dental Scinces, Atholi, Kozhikode",BDS,MU,8,mbbs_p1_final.pdf
2025,1,5190,23291,KN,,PSD,"PSM College of Dental Sciences, Thrissur",BDS,KN,40,mbbs_p1_final.pdf
2025,1,5191,23299,EZ,,SIM,"Sree Narayana Institute of Medical Sciences, Chalakka, Ernakulam.",MBBS,NR,8,mbbs_p1_final.pdf
2025,1,5192,23300,MU,,MLD,"Malabar Dental College, Edappal",BDS,MU,7,mbbs_p1_final.pdf
2025,1,5193,23309,BH,,IGD,"Indira Gandhi Institute of Dental Sciences, Kothamangalam",BDS,BH,31,mbbs_p1_final.pdf
2025,1,5194,23315,BX,,SVD,"Sri Sankara Dental College, Akathumuri, Varkala",BDS,SM,44,mbbs_p1_final.pdf
2025,1,5195,23325,GN,,AZD,"Azeezia College of Dental Science, Meyyannoor, Kollam",BDS,MM,31,mbbs_p1_final.pdf
2025,1,5196,23330,MU,,AZD,"Azeezia College of Dental Science, Meyyannoor, Kollam",BDS,MM,53,mbbs_p1_final.pdf
2025,1,5197,23342,MU,,AID,"Sree Anjaneya Institue of Dental Scinces, Atholi, Kozhikode",BDS,MU,48,mbbs_p1_final.pdf
2025,1,5198,23345,GN,,SVD,"Sri Sankara Dental College, Akathumuri, Varkala",BDS,SM,56,mbbs_p1_final.pdf
2025,1,5199,23368,BH,,AID,"Sree Anjaneya Institue of Dental Scinces, Atholi, Kozhikode",BDS,BH,40,mbbs_p1_final.pdf
2025,1,5200,23372,EZ,,IGD,"Indira Gandhi Institute of Dental Sciences, Kothamangalam",BDS,EZ,46,mbbs_p1_final.pdf
2025,1,5201,23383,DV,,AZD,"Azeezia College of Dental Science, Meyyannoor, Kollam",BDS,DV,16,mbbs_p1_final.pdf
2025,1,5202,23388,LA,,PSD,"PSM College of Dental Sciences, Thrissur",BDS,LA,9,mbbs_p1_final.pdf
2025,1,5203,23390,MU,,EID,"Educare Institute of Dental Sciences, Malappuram",BDS,MM,25,mbbs_p1_final.pdf
2025,1,5204,23392,BH,,SVD,"Sri Sankara Dental College, Akathumuri, Varkala",BDS,SM,40,mbbs_p1_final.pdf
2025,1,5205,23406,GN,,KAD,"Kannur Dental College, Anjarakandy, Kannur",BDS,SM,65,mbbs_p1_final.pdf
2025,1,5206,23414,ST,,MMH,"Malabar Medical College Hospital, Kozhikkode",MBBS,ST,12,mbbs_p1_final.pdf
2025,1,5207,23417,DV,,MLD,"Malabar Dental College, Edappal",BDS,DV,46,mbbs_p1_final.pdf
2025,1,5208,23452,EZ,,SIM,"Sree Narayana Institute of Medical Sciences, Chalakka, Ernakulam.",MBBS,NR,28,mbbs_p1_final.pdf
2025,1,5209,23455,SC,,RDC,"Royal Dental College, Chalisery, Palakkad",BDS,SC,43,mbbs_p1_final.pdf
2025,1,5210,23457,MU,,TRD,"Travancore DentalCollege, Kollam",BDS,MM,48,mbbs_p1_final.pdf
2025,1,5211,23462,GN,,KAD,"Kannur Dental College, Anjarakandy, Kannur",BDS,SM,13,mbbs_p1_final.pdf
2025,1,5212,23463,GN,,SVD,"Sri Sankara Dental College, Akathumuri, Varkala",BDS,SM,51,mbbs_p1_final.pdf
2025,1,5213,23491,MU,,AZD,"Azeezia College of Dental Science, Meyyannoor, Kollam",BDS,MM,47,mbbs_p1_final.pdf
2025,1,5214,23503,MU,,EID,"Educare Institute of Dental Sciences, Malappuram",BDS,MM,9,mbbs_p1_final.pdf
2025,1,5215,23506,SC,,PSD,"PSM College of Dental Sciences, Thrissur",BDS,SC,41,mbbs_p1_final.pdf
2025,1,5216,23511,GN,,SVD,"Sri Sankara Dental College, Akathumuri, Varkala",BDS,SM,56,mbbs_p1_final.pdf
2025,1,5217,23520,SC,,EID,"Educare Institute of Dental Sciences, Malappuram",BDS,SC,41,mbbs_p1_final.pdf
2025,1,5218,23528,EZ,,RDC,"Royal Dental College, Chalisery, Palakkad",BDS,EZ,18,mbbs_p1_final.pdf
2025,1,5219,23533,SC,,IGD,"Indira Gandhi Institute of Dental Sciences, Kothamangalam",BDS,SC,45,mbbs_p1_final.pdf
2025,1,5220,23543,BX,,MLD,"Malabar Dental College, Edappal",BDS,BX,42,mbbs_p1_final.pdf
2025,1,5221,23568,MU,,MLD,"Malabar Dental College, Edappal",BDS,MU,3,mbbs_p1_final.pdf
2025,1,5222,23569,EZ,,KNM,Government Medical College Kannur,MBBS,PI,8,mbbs_p1_final.pdf
2025,1,5223,23574,MU,,RDC,"Royal Dental College, Chalisery, Palakkad",BDS,MM,55,mbbs_p1_final.pdf
2025,1,5224,23593,MU,,KKM,"Govt. Medical College, Kozhikkode",MBBS,PD,1,mbbs_p1_final.pdf
2025,1,5225,23598,LA,,SVD,"Sri Sankara Dental College, Akathumuri, Varkala",BDS,SM,48,mbbs_p1_final.pdf
2025,1,5226,23617,MU,,RDC,"Royal Dental College, Chalisery, Palakkad",BDS,MM,50,mbbs_p1_final.pdf
2025,1,5227,23633,GN,,KAD,"Kannur Dental College, Anjarakandy, Kannur",BDS,SM,47,mbbs_p1_final.pdf
2025,1,5228,23644,BH,,EID,"Educare Institute of Dental Sciences, Malappuram",BDS,BH,22,mbbs_p1_final.pdf
2025,1,5229,23655,GN,,KCM,"KMCT Medical College, Mukkom, Kozikkode",MBBS,NR,39,mbbs_p1_final.pdf
2025,1,5230,23688,SC,,NID,"Noorul Islam College of Dental Science, Neyyattinkara",BDS,SC,41,mbbs_p1_final.pdf
2025,1,5231,23690,EZ,,EID,"Educare Institute of Dental Sciences, Malappuram",BDS,EZ,28,mbbs_p1_final.pdf
2025,1,5232,23694,GN,,SVD,"Sri Sankara Dental College, Akathumuri, Varkala",BDS,SM,57,mbbs_p1_final.pdf
2025,1,5233,23695,GN,,SVD,"Sri Sankara Dental College, Akathumuri, Varkala",BDS,SM,57,mbbs_p1_final.pdf
2025,1,5234,23710,MU,,TRD,"Travancore DentalCollege, Kollam",BDS,MM,24,mbbs_p1_final.pdf
2025,1,5235,23711,BH,,KAD,"Kannur Dental College, Anjarakandy, Kannur",BDS,SM,37,mbbs_p1_final.pdf
2025,1,5236,23718,EZ,,AID,"Sree Anjaneya Institue of Dental Scinces, Atholi, Kozhikode",BDS,EZ,43,mbbs_p1_final.pdf
2025,1,5237,23719,SC,,MLD,"Malabar Dental College, Edappal",BDS,SC,41,mbbs_p1_final.pdf
2025,1,5238,23724,GN,,SVD,"Sri Sankara Dental College, Akathumuri, Varkala",BDS,SM,36,mbbs_p1_final.pdf
2025,1,5239,23725,MU,,TRD,"Travancore DentalCollege, Kollam",BDS,MM,49,mbbs_p1_final.pdf
2025,1,5240,23733,EZ,,RDC,"Royal Dental College, Chalisery, Palakkad",BDS,EZ,25,mbbs_p1_final.pdf
2025,1,5241,23735,SC,,IGD,"Indira Gandhi Institute of Dental Sciences, Kothamangalam",BDS,SC,41,mbbs_p1_final.pdf
2025,1,5242,23740,MU,,KCM,"KMCT Medical College, Mukkom, Kozikkode",MBBS,NR,3,mbbs_p1_final.pdf
2025,1,5243,23744,MU,,AID,"Sree Anjaneya Institue of Dental Scinces, Atholi, Kozhikode",BDS,MU,16,mbbs_p1_final.pdf
2025,1,5244,23749,EZ,,IGD,"Indira Gandhi Institute of Dental Sciences, Kothamangalam",BDS,EZ,20,mbbs_p1_final.pdf
2025,1,5245,23752,EZ,,EID,"Educare Institute of Dental Sciences, Malappuram",BDS,EZ,20,mbbs_p1_final.pdf
2025,1,5246,23753,GN,,SVD,"Sri Sankara Dental College, Akathumuri, Varkala",BDS,SM,24,mbbs_p1_final.pdf
2025,1,5247,23769,GN,,SMC,"Dr. Somervell Memorial CSI Medical College, Karakonam",MBBS,NR,18,mbbs_p1_final.pdf
2025,1,5248,23779,GN,,SVD,"Sri Sankara Dental College, Akathumuri, Varkala",BDS,SM,37,mbbs_p1_final.pdf
2025,1,5249,23786,MU,,TRD,"Travancore DentalCollege, Kollam",BDS,MM,10,mbbs_p1_final.pdf
2025,1,5250,23789,EZ,,KAD,"Kannur Dental College, Anjarakandy, Kannur",BDS,SM,28,mbbs_p1_final.pdf
2025,1,5251,23804,SC,,AID,"Sree Anjaneya Institue of Dental Scinces, Atholi, Kozhikode",BDS,SC,40,mbbs_p1_final.pdf
2025,1,5252,23806,SC,,IGD,"Indira Gandhi Institute of Dental Sciences, Kothamangalam",BDS,SC,24,mbbs_p1_final.pdf
2025,1,5253,23810,MU,,AZD,"Azeezia College of Dental Science, Meyyannoor, Kollam",BDS,MM,15,mbbs_p1_final.pdf
2025,1,5254,23824,GN,,SUC,"SUT Accademy of Medical Sciences, Thiruvananthapuram",MBBS,NR,24,mbbs_p1_final.pdf
2025,1,5255,23837,GN,,SUC,"SUT Accademy of Medical Sciences, Thiruvananthapuram",MBBS,NR,11,mbbs_p1_final.pdf
2025,1,5256,23839,SC,,IGD,"Indira Gandhi Institute of Dental Sciences, Kothamangalam",BDS,SC,40,mbbs_p1_final.pdf
2025,1,5257,23844,GN,,SVD,"Sri Sankara Dental College, Akathumuri, Varkala",BDS,SM,20,mbbs_p1_final.pdf
2025,1,5258,23845,SC,,EID,"Educare Institute of Dental Sciences, Malappuram",BDS,SC,42,mbbs_p1_final.pdf
2025,1,5259,23863,KN,,AAD,"Al Azhar Dental College, Thodupuzha",BDS,KN,45,mbbs_p1_final.pdf
2025,1,5260,23872,GN,,MMH,"Malabar Medical College Hospital, Kozhikkode",MBBS,NR,36,mbbs_p1_final.pdf
2025,1,5261,23875,EZ,,SUC,"SUT Accademy of Medical Sciences, Thiruvananthapuram",MBBS,NR *,20,mbbs_p1_final.pdf
2025,1,5262,23880,SC,,AID,"Sree Anjaneya Institue of Dental Scinces, Atholi, Kozhikode",BDS,SC,3,mbbs_p1_final.pdf
2025,1,5263,23890,KU,,KTD,"Govt. Dental College, Kottayam",BDS,KU,14,mbbs_p1_final.pdf
2025,1,5264,23892,MU,,TRD,"Travancore DentalCollege, Kollam",BDS,MM,36,mbbs_p1_final.pdf
2025,1,5265,23897,KN,,AID,"Sree Anjaneya Institue of Dental Scinces, Atholi, Kozhikode",BDS,KN,48,mbbs_p1_final.pdf
2025,1,5266,23899,GN,,SVD,"Sri Sankara Dental College, Akathumuri, Varkala",BDS,SM,48,mbbs_p1_final.pdf
2025,1,5267,23919,EZ,,EID,"Educare Institute of Dental Sciences, Malappuram",BDS,EZ,41,mbbs_p1_final.pdf
2025,1,5268,23929,MU,,MLD,"Malabar Dental College, Edappal",BDS,MU,3,mbbs_p1_final.pdf
2025,1,5269,23933,MU,,AID,"Sree Anjaneya Institue of Dental Scinces, Atholi, Kozhikode",BDS,MU,50,mbbs_p1_final.pdf
2025,1,5270,23950,GN,,SVD,"Sri Sankara Dental College, Akathumuri, Varkala",BDS,SM,56,mbbs_p1_final.pdf
2025,1,5271,23966,GN,,KAD,"Kannur Dental College, Anjarakandy, Kannur",BDS,SM,26,mbbs_p1_final.pdf
2025,1,5272,23993,GN,,KAD,"Kannur Dental College, Anjarakandy, Kannur",BDS,SM,11,mbbs_p1_final.pdf
2025,1,5273,24002,ST,,KCM,"KMCT Medical College, Mukkom, Kozikkode",MBBS,ST,6,mbbs_p1_final.pdf
2025,1,5274,24003,MU,,TRM,"Travancore Medical College, Umayanalloor, Kollam",MBBS,NM *,3,mbbs_p1_final.pdf
2025,1,5275,24012,GN,,TRM,"Travancore Medical College, Umayanalloor, Kollam",MBBS,NM,34,mbbs_p1_final.pdf
2025,1,5276,24034,BH,,TVM,"Govt. Medical College, Thiruvananthapuram",MBBS,PD,2,mbbs_p1_final.pdf
2025,1,5277,24043,GN,,MMH,"Malabar Medical College Hospital, Kozhikkode",MBBS,NR,22,mbbs_p1_final.pdf
2025,1,5278,24046,SC,,EID,"Educare Institute of Dental Sciences, Malappuram",BDS,SC,41,mbbs_p1_final.pdf
2025,1,5279,24049,DV,,AID,"Sree Anjaneya Institue of Dental Scinces, Atholi, Kozhikode",BDS,DV,40,mbbs_p1_final.pdf
2025,1,5280,24067,SC,,PSD,"PSM College of Dental Sciences, Thrissur",BDS,SC,51,mbbs_p1_final.pdf
2025,1,5281,24069,SC,,PSD,"PSM College of Dental Sciences, Thrissur",BDS,SC,40,mbbs_p1_final.pdf
2025,1,5282,24077,MU,,TRM,"Travancore Medical College, Umayanalloor, Kollam",MBBS,NM *,16,mbbs_p1_final.pdf
2025,1,5283,24078,GN,,SVD,"Sri Sankara Dental College, Akathumuri, Varkala",BDS,SM,44,mbbs_p1_final.pdf
2025,1,5284,24088,GN,,SVD,"Sri Sankara Dental College, Akathumuri, Varkala",BDS,SM,39,mbbs_p1_final.pdf
2025,1,5285,24093,GN,,MMH,"Malabar Medical College Hospital, Kozhikkode",MBBS,NR,19,mbbs_p1_final.pdf
2025,1,5286,24094,SC,,EID,"Educare Institute of Dental Sciences, Malappuram",BDS,SC,41,mbbs_p1_final.pdf
2025,1,5287,24102,LA,,MED,"MES Dental College, Perinthalmanna",BDS,LA,46,mbbs_p1_final.pdf
2025,1,5288,24116,EZ,,MLD,"Malabar Dental College, Edappal",BDS,EZ,25,mbbs_p1_final.pdf
2025,1,5289,24122,EZ,,NID,"Noorul Islam College of Dental Science, Neyyattinkara",BDS,EZ,8,mbbs_p1_final.pdf
2025,1,5290,24132,GN,,MMH,"Malabar Medical College Hospital, Kozhikkode",MBBS,NR,39,mbbs_p1_final.pdf
2025,1,5291,24135,MU,,TRD,"Travancore DentalCollege, Kollam",BDS,MM,48,mbbs_p1_final.pdf
2025,1,5292,24153,GN,,KAD,"Kannur Dental College, Anjarakandy, Kannur",BDS,SM,39,mbbs_p1_final.pdf
2025,1,5293,24159,EZ,,MLD,"Malabar Dental College, Edappal",BDS,EZ,48,mbbs_p1_final.pdf
2025,1,5294,24161,EZ,,IGD,"Indira Gandhi Institute of Dental Sciences, Kothamangalam",BDS,EZ,50,mbbs_p1_final.pdf
2025,1,5295,24179,GN,,SMC,"Dr. Somervell Memorial CSI Medical College, Karakonam",MBBS,NR,46,mbbs_p1_final.pdf
2025,1,5296,24188,ST,,PTM,"Government Medical College, Konni, Pathanamthitta",MBBS,ST,3,mbbs_p1_final.pdf
2025,1,5297,24189,MU,,AID,"Sree Anjaneya Institue of Dental Scinces, Atholi, Kozhikode",BDS,MU,47,mbbs_p1_final.pdf
2025,1,5298,24193,EW,,PSD,"PSM College of Dental Sciences, Thrissur",BDS,EW,39,mbbs_p1_final.pdf
2025,1,5299,24197,VK,,AAD,"Al Azhar Dental College, Thodupuzha",BDS,VK,11,mbbs_p1_final.pdf
2025,1,5300,24206,GN,,SMC,"Dr. Somervell Memorial CSI Medical College, Karakonam",MBBS,NR,16,mbbs_p1_final.pdf
2025,1,5301,24209,DV,,AID,"Sree Anjaneya Institue of Dental Scinces, Atholi, Kozhikode",BDS,DV,44,mbbs_p1_final.pdf
2025,1,5302,24217,MU,,RDC,"Royal Dental College, Chalisery, Palakkad",BDS,MM,9,mbbs_p1_final.pdf
2025,1,5303,24218,MU,,RDC,"Royal Dental College, Chalisery, Palakkad",BDS,MM,20,mbbs_p1_final.pdf
2025,1,5304,24220,BX,,AID,"Sree Anjaneya Institue of Dental Scinces, Atholi, Kozhikode",BDS,BX,26,mbbs_p1_final.pdf
2025,1,5305,24233,EZ,,NID,"Noorul Islam College of Dental Science, Neyyattinkara",BDS,EZ,41,mbbs_p1_final.pdf
2025,1,5306,24246,KN,,IGD,"Indira Gandhi Institute of Dental Sciences, Kothamangalam",BDS,KN,44,mbbs_p1_final.pdf
2025,1,5307,24253,SC,,EID,"Educare Institute of Dental Sciences, Malappuram",BDS,SC,42,mbbs_p1_final.pdf
2025,1,5308,24280,MU,,KAD,"Kannur Dental College, Anjarakandy, Kannur",BDS,SM,4,mbbs_p1_final.pdf
2025,1,5309,24290,MU,,KCM,"KMCT Medical College, Mukkom, Kozikkode",MBBS,NR,3,mbbs_p1_final.pdf
2025,1,5310,24308,KU,,KDM,"P K Das Institute of Medical Sciences, Ottapalam",MBBS,KU,25,mbbs_p1_final.pdf
2025,1,5311,24312,SC,,MLD,"Malabar Dental College, Edappal",BDS,SC,32,mbbs_p1_final.pdf
2025,1,5312,24333,SC,,SVD,"Sri Sankara Dental College, Akathumuri, Varkala",BDS,SM,46,mbbs_p1_final.pdf
2025,1,5313,24337,GN,,SVD,"Sri Sankara Dental College, Akathumuri, Varkala",BDS,SM,20,mbbs_p1_final.pdf
2025,1,5314,24338,MU,,SVD,"Sri Sankara Dental College, Akathumuri, Varkala",BDS,SM,19,mbbs_p1_final.pdf
2025,1,5315,24350,GN,,KAD,"Kannur Dental College, Anjarakandy, Kannur",BDS,SM,23,mbbs_p1_final.pdf
2025,1,5316,24362,GN,,KAD,"Kannur Dental College, Anjarakandy, Kannur",BDS,SM,39,mbbs_p1_final.pdf
2025,1,5317,24372,BH,,SVD,"Sri Sankara Dental College, Akathumuri, Varkala",BDS,SM,41,mbbs_p1_final.pdf
2025,1,5318,24375,GN,,SVD,"Sri Sankara Dental College, Akathumuri, Varkala",BDS,SM,63,mbbs_p1_final.pdf
2025,1,5319,24376,SC,,MLD,"Malabar Dental College, Edappal",BDS,SC,50,mbbs_p1_final.pdf
2025,1,5320,24379,EZ,,MLD,"Malabar Dental College, Edappal",BDS,EZ,27,mbbs_p1_final.pdf
2025,1,5321,24386,GN,,KCM,"KMCT Medical College, Mukkom, Kozikkode",MBBS,NR,18,mbbs_p1_final.pdf
2025,1,5322,24416,GN,,SVD,"Sri Sankara Dental College, Akathumuri, Varkala",BDS,SM,40,mbbs_p1_final.pdf
2025,1,5323,24424,BH,,AID,"Sree Anjaneya Institue of Dental Scinces, Atholi, Kozhikode",BDS,BH,53,mbbs_p1_final.pdf
2025,1,5324,24427,GN,,KAD,"Kannur Dental College, Anjarakandy, Kannur",BDS,SM,26,mbbs_p1_final.pdf
2025,1,5325,24438,SC,,MLD,"Malabar Dental College, Edappal",BDS,SC,19,mbbs_p1_final.pdf
2025,1,5326,24453,BH,,AID,"Sree Anjaneya Institue of Dental Scinces, Atholi, Kozhikode",BDS,BH,39,mbbs_p1_final.pdf
2025,1,5327,24459,LA,,KAD,"Kannur Dental College, Anjarakandy, Kannur",BDS,SM,20,mbbs_p1_final.pdf
2025,1,5328,24463,MU,,KCM,"KMCT Medical College, Mukkom, Kozikkode",MBBS,NR,39,mbbs_p1_final.pdf
2025,1,5329,24468,SC,,MLD,"Malabar Dental College, Edappal",BDS,SC,50,mbbs_p1_final.pdf
2025,1,5330,24471,EZ,,MLD,"Malabar Dental College, Edappal",BDS,EZ,23,mbbs_p1_final.pdf
2025,1,5331,24479,ST,,PMC,"Pushpagiri Institute of Medical Science, Thiruvalla",MBBS,ST,15,mbbs_p1_final.pdf
2025,1,5332,24488,GN,,KAD,"Kannur Dental College, Anjarakandy, Kannur",BDS,SM,67,mbbs_p1_final.pdf
2025,1,5333,24497,BX,,SVD,"Sri Sankara Dental College, Akathumuri, Varkala",BDS,BX,47,mbbs_p1_final.pdf
2025,1,5334,24505,MU,,EID,"Educare Institute of Dental Sciences, Malappuram",BDS,MM,21,mbbs_p1_final.pdf
2025,1,5335,24517,MU,,AID,"Sree Anjaneya Institue of Dental Scinces, Atholi, Kozhikode",BDS,MU,21,mbbs_p1_final.pdf
2025,1,5336,24520,GN,,DMM,"Dr. Moopens Medical College, Meppadi, Wayanad",MBBS,NR,15,mbbs_p1_final.pdf
2025,1,5337,24531,MU,,TRD,"Travancore DentalCollege, Kollam",BDS,MM,50,mbbs_p1_final.pdf
2025,1,5338,24546,MU,,AID,"Sree Anjaneya Institue of Dental Scinces, Atholi, Kozhikode",BDS,MU,15,mbbs_p1_final.pdf
2025,1,5339,24552,SC,,KAD,"Kannur Dental College, Anjarakandy, Kannur",BDS,SM,35,mbbs_p1_final.pdf
2025,1,5340,24554,LA,,SMC,"Dr. Somervell Memorial CSI Medical College, Karakonam",MBBS,NR,20,mbbs_p1_final.pdf
2025,1,5341,24594,DV,,MLD,"Malabar Dental College, Edappal",BDS,DV,41,mbbs_p1_final.pdf
2025,1,5342,24603,GN,,KAD,"Kannur Dental College, Anjarakandy, Kannur",BDS,SM,38,mbbs_p1_final.pdf
2025,1,5343,24627,BH,,SVD,"Sri Sankara Dental College, Akathumuri, Varkala",BDS,BH,52,mbbs_p1_final.pdf
2025,1,5344,24643,GN,,MZM,"Mount Zion Medical College, Pathanamthitta",MBBS,NR *,33,mbbs_p1_final.pdf
2025,1,5345,24666,MU,,AZD,"Azeezia College of Dental Science, Meyyannoor, Kollam",BDS,MM,22,mbbs_p1_final.pdf
2025,1,5346,24683,BH,,KAD,"Kannur Dental College, Anjarakandy, Kannur",BDS,SM,56,mbbs_p1_final.pdf
2025,1,5347,24690,SC,,MLD,"Malabar Dental College, Edappal",BDS,SC,45,mbbs_p1_final.pdf
2025,1,5348,24705,VK,,IGD,"Indira Gandhi Institute of Dental Sciences, Kothamangalam",BDS,VK,19,mbbs_p1_final.pdf
2025,1,5349,24712,VK,,PSD,"PSM College of Dental Sciences, Thrissur",BDS,VK,26,mbbs_p1_final.pdf
2025,1,5350,24715,MU,,EID,"Educare Institute of Dental Sciences, Malappuram",BDS,MM,28,mbbs_p1_final.pdf
2025,1,5351,24716,LA,,AID,"Sree Anjaneya Institue of Dental Scinces, Atholi, Kozhikode",BDS,LA,10,mbbs_p1_final.pdf
2025,1,5352,24718,BH,,KAD,"Kannur Dental College, Anjarakandy, Kannur",BDS,SM,19,mbbs_p1_final.pdf
2025,1,5353,24721,BH,,SVD,"Sri Sankara Dental College, Akathumuri, Varkala",BDS,BH,43,mbbs_p1_final.pdf
2025,1,5354,24738,SC,,EID,"Educare Institute of Dental Sciences, Malappuram",BDS,SC,43,mbbs_p1_final.pdf
2025,1,5355,24751,GN,,MBD,"Mar Baselious Dental College, Kothamangalam",BDS,NR,7,mbbs_p1_final.pdf
2025,1,5356,24761,SC,,MLD,"Malabar Dental College, Edappal",BDS,SC,44,mbbs_p1_final.pdf
2025,1,5357,24791,MU,,AZD,"Azeezia College of Dental Science, Meyyannoor, Kollam",BDS,MM,34,mbbs_p1_final.pdf
2025,1,5358,24796,EW,,TVM,"Govt. Medical College, Thiruvananthapuram",MBBS,PD,2,mbbs_p1_final.pdf
2025,1,5359,24798,MU,,EID,"Educare Institute of Dental Sciences, Malappuram",BDS,MM,11,mbbs_p1_final.pdf
2025,1,5360,24800,GN,,SMC,"Dr. Somervell Memorial CSI Medical College, Karakonam",MBBS,NR,45,mbbs_p1_final.pdf
2025,1,5361,24802,VK,,AAD,"Al Azhar Dental College, Thodupuzha",BDS,VK,47,mbbs_p1_final.pdf
2025,1,5362,24817,EW,,MED,"MES Dental College, Perinthalmanna",BDS,EW,37,mbbs_p1_final.pdf
2025,1,5363,24850,BH,,SVD,"Sri Sankara Dental College, Akathumuri, Varkala",BDS,BH,43,mbbs_p1_final.pdf
2025,1,5364,24862,BH,,KAD,"Kannur Dental College, Anjarakandy, Kannur",BDS,SM,55,mbbs_p1_final.pdf
2025,1,5365,24870,SC,,AID,"Sree Anjaneya Institue of Dental Scinces, Atholi, Kozhikode",BDS,SC,47,mbbs_p1_final.pdf
2025,1,5366,24871,ST,,KCM,"KMCT Medical College, Mukkom, Kozikkode",MBBS,ST,18,mbbs_p1_final.pdf
2025,1,5367,24884,SC,,AID,"Sree Anjaneya Institue of Dental Scinces, Atholi, Kozhikode",BDS,SC,40,mbbs_p1_final.pdf
2025,1,5368,24891,DV,,EID,"Educare Institute of Dental Sciences, Malappuram",BDS,DV,50,mbbs_p1_final.pdf
2025,1,5369,24895,EW,,SGD,"St. Gregorios Dental College, Chelad, Kothamangalam",BDS,EW,5,mbbs_p1_final.pdf
2025,1,5370,24904,ST,,DMM,"Dr. Moopens Medical College, Meppadi, Wayanad",MBBS,ST,13,mbbs_p1_final.pdf
2025,1,5371,24905,BH,,KAD,"Kannur Dental College, Anjarakandy, Kannur",BDS,SM,42,mbbs_p1_final.pdf
2025,1,5372,24906,SC,,AID,"Sree Anjaneya Institue of Dental Scinces, Atholi, Kozhikode",BDS,SC,47,mbbs_p1_final.pdf
2025,1,5373,24927,MU,,TCM,"Govt. Medical College, Thrissur",MBBS,PD,2,mbbs_p1_final.pdf
2025,1,5374,24931,GN,,MMH,"Malabar Medical College Hospital, Kozhikkode",MBBS,NR,27,mbbs_p1_final.pdf
2025,1,5375,24936,BX,,KAD,"Kannur Dental College, Anjarakandy, Kannur",BDS,SM,21,mbbs_p1_final.pdf
2025,1,5376,24937,LA,,IGD,"Indira Gandhi Institute of Dental Sciences, Kothamangalam",BDS,LA,49,mbbs_p1_final.pdf
2025,1,5377,24961,BX,,EID,"Educare Institute of Dental Sciences, Malappuram",BDS,BX,47,mbbs_p1_final.pdf
2025,1,5378,24975,LA,,PSD,"PSM College of Dental Sciences, Thrissur",BDS,LA,41,mbbs_p1_final.pdf
2025,1,5379,24977,MU,,AZD,"Azeezia College of Dental Science, Meyyannoor, Kollam",BDS,MM,57,mbbs_p1_final.pdf
2025,1,5380,24980,SC,,KAD,"Kannur Dental College, Anjarakandy, Kannur",BDS,SM,54,mbbs_p1_final.pdf
2025,1,5381,24999,GN,,MZM,"Mount Zion Medical College, Pathanamthitta",MBBS,NR,28,mbbs_p1_final.pdf
2025,1,5382,25008,DV,,EID,"Educare Institute of Dental Sciences, Malappuram",BDS,DV,47,mbbs_p1_final.pdf
2025,1,5383,25032,BH,,KAD,"Kannur Dental College, Anjarakandy, Kannur",BDS,SM,57,mbbs_p1_final.pdf
2025,1,5384,25095,SC,,KAD,"Kannur Dental College, Anjarakandy, Kannur",BDS,SC,48,mbbs_p1_final.pdf
2025,1,5385,25103,SC,,AID,"Sree Anjaneya Institue of Dental Scinces, Atholi, Kozhikode",BDS,SC,42,mbbs_p1_final.pdf
2025,1,5386,25110,ST,,DMM,"Dr. Moopens Medical College, Meppadi, Wayanad",MBBS,ST,3,mbbs_p1_final.pdf
2025,1,5387,25120,GN,,SIM,"Sree Narayana Institute of Medical Sciences, Chalakka, Ernakulam.",MBBS,NR,30,mbbs_p1_final.pdf
2025,1,5388,25133,SC,,AID,"Sree Anjaneya Institue of Dental Scinces, Atholi, Kozhikode",BDS,SC,55,mbbs_p1_final.pdf
2025,1,5389,25144,MU,,AZD,"Azeezia College of Dental Science, Meyyannoor, Kollam",BDS,MM,24,mbbs_p1_final.pdf
2025,1,5390,25147,MU,,SUC,"SUT Accademy of Medical Sciences, Thiruvananthapuram",MBBS,NR,39,mbbs_p1_final.pdf
2025,1,5391,25183,GN,,MMH,"Malabar Medical College Hospital, Kozhikkode",MBBS,NR,14,mbbs_p1_final.pdf
2025,1,5392,25185,MU,,SVD,"Sri Sankara Dental College, Akathumuri, Varkala",BDS,MU,22,mbbs_p1_final.pdf
2025,1,5393,25214,SC,,KAD,"Kannur Dental College, Anjarakandy, Kannur",BDS,SC,47,mbbs_p1_final.pdf
2025,1,5394,25223,GN,,SMC,"Dr. Somervell Memorial CSI Medical College, Karakonam",MBBS,NC,45,mbbs_p1_final.pdf
2025,1,5395,25225,GN,,KCM,"KMCT Medical College, Mukkom, Kozikkode",MBBS,NR,27,mbbs_p1_final.pdf
2025,1,5396,25235,MU,,KAD,"Kannur Dental College, Anjarakandy, Kannur",BDS,MU,28,mbbs_p1_final.pdf
2025,1,5397,25246,BX,,SMC,"Dr. Somervell Memorial CSI Medical College, Karakonam",MBBS,NC,40,mbbs_p1_final.pdf
2025,1,5398,25251,MU,,TVM,"Govt. Medical College, Thiruvananthapuram",MBBS,PD,2,mbbs_p1_final.pdf
2025,1,5399,25266,MU,,EID,"Educare Institute of Dental Sciences, Malappuram",BDS,MM,42,mbbs_p1_final.pdf
2025,1,5400,25269,BX,,KAD,"Kannur Dental College, Anjarakandy, Kannur",BDS,BX,67,mbbs_p1_final.pdf
2025,1,5401,25273,LA,,SVD,"Sri Sankara Dental College, Akathumuri, Varkala",BDS,LA,44,mbbs_p1_final.pdf
2025,1,5402,25284,GN,,MZM,"Mount Zion Medical College, Pathanamthitta",MBBS,NR,34,mbbs_p1_final.pdf
2025,1,5403,25300,MU,,AZD,"Azeezia College of Dental Science, Meyyannoor, Kollam",BDS,MM,7,mbbs_p1_final.pdf
2025,1,5404,25310,BH,,KAD,"Kannur Dental College, Anjarakandy, Kannur",BDS,BH,36,mbbs_p1_final.pdf
2025,1,5405,25327,SC,,SVD,"Sri Sankara Dental College, Akathumuri, Varkala",BDS,SC,55,mbbs_p1_final.pdf
2025,1,5406,25332,SC,,SVD,"Sri Sankara Dental College, Akathumuri, Varkala",BDS,SC,52,mbbs_p1_final.pdf
2025,1,5407,25338,GN,,SUC,"SUT Accademy of Medical Sciences, Thiruvananthapuram",MBBS,NR,39,mbbs_p1_final.pdf
2025,1,5408,25347,SC,,SVD,"Sri Sankara Dental College, Akathumuri, Varkala",BDS,SC,52,mbbs_p1_final.pdf
2025,1,5409,25371,BH,,KAD,"Kannur Dental College, Anjarakandy, Kannur",BDS,BH,57,mbbs_p1_final.pdf
2025,1,5410,25380,VK,,PSD,"PSM College of Dental Sciences, Thrissur",BDS,VK,3,mbbs_p1_final.pdf
2025,1,5411,25392,SC,,SVD,"Sri Sankara Dental College, Akathumuri, Varkala",BDS,SC,1,mbbs_p1_final.pdf
2025,1,5412,25409,EZ,,EID,"Educare Institute of Dental Sciences, Malappuram",BDS,EZ,12,mbbs_p1_final.pdf
2025,1,5413,25414,MU,,TRD,"Travancore DentalCollege, Kollam",BDS,MM,24,mbbs_p1_final.pdf
2025,1,5414,25429,MU,,KAD,"Kannur Dental College, Anjarakandy, Kannur",BDS,MU,9,mbbs_p1_final.pdf
2025,1,5415,25448,SC,,SVD,"Sri Sankara Dental College, Akathumuri, Varkala",BDS,SC,54,mbbs_p1_final.pdf
2025,1,5416,25458,MU,,AZD,"Azeezia College of Dental Science, Meyyannoor, Kollam",BDS,MM,49,mbbs_p1_final.pdf
2025,1,5417,25472,MU,,TRD,"Travancore DentalCollege, Kollam",BDS,MM,4,mbbs_p1_final.pdf
2025,1,5418,25477,SC,,SVD,"Sri Sankara Dental College, Akathumuri, Varkala",BDS,SC,54,mbbs_p1_final.pdf
2025,1,5419,25482,EZ,,MLD,"Malabar Dental College, Edappal",BDS,EZ,48,mbbs_p1_final.pdf
2025,1,5420,25507,KN,,EID,"Educare Institute of Dental Sciences, Malappuram",BDS,KN,41,mbbs_p1_final.pdf
2025,1,5421,25509,BX,,SMC,"Dr. Somervell Memorial CSI Medical College, Karakonam",MBBS,NC,40,mbbs_p1_final.pdf
2025,1,5422,25514,GN,,MMH,"Malabar Medical College Hospital, Kozhikkode",MBBS,NR *,28,mbbs_p1_final.pdf
2025,1,5423,25517,GN,,SUC,"SUT Accademy of Medical Sciences, Thiruvananthapuram",MBBS,NR,40,mbbs_p1_final.pdf
2025,1,5424,25522,SC,,KAD,"Kannur Dental College, Anjarakandy, Kannur",BDS,SC,48,mbbs_p1_final.pdf
2025,1,5425,25523,GN,,PMD,"Pushpagiri College of Dental Science, Thiruvalla",BDS,NR,36,mbbs_p1_final.pdf
2025,1,5426,25535,MU,,MLP,"Govt. Medical College, Manjeri",MBBS,PD,2,mbbs_p1_final.pdf
2025,1,5427,25541,SC,,SVD,"Sri Sankara Dental College, Akathumuri, Varkala",BDS,SC,13,mbbs_p1_final.pdf
2025,1,5428,25543,KU,,KND,"Government Dental College, Kannur",BDS,KU,38,mbbs_p1_final.pdf
2025,1,5429,25552,DV,,SVD,"Sri Sankara Dental College, Akathumuri, Varkala",BDS,DV,42,mbbs_p1_final.pdf
2025,1,5430,25557,LA,,SVD,"Sri Sankara Dental College, Akathumuri, Varkala",BDS,LA,51,mbbs_p1_final.pdf
2025,1,5431,25558,LA,,KAD,"Kannur Dental College, Anjarakandy, Kannur",BDS,LA,5,mbbs_p1_final.pdf
2025,1,5432,25561,SC,,KAD,"Kannur Dental College, Anjarakandy, Kannur",BDS,SC,43,mbbs_p1_final.pdf
2025,1,5433,25574,LA,,IGD,"Indira Gandhi Institute of Dental Sciences, Kothamangalam",BDS,LA,38,mbbs_p1_final.pdf
2025,1,5434,25600,EZ,,MLD,"Malabar Dental College, Edappal",BDS,EZ,15,mbbs_p1_final.pdf
2025,1,5435,25601,ST,,EMC,"MES Medical College, Perinthalmanna, Malappuram",MBBS,ST,17,mbbs_p1_final.pdf
2025,1,5436,25620,SC,,KAD,"Kannur Dental College, Anjarakandy, Kannur",BDS,SC,41,mbbs_p1_final.pdf
2025,1,5437,25626,EW,,AAD,"Al Azhar Dental College, Thodupuzha",BDS,EW,26,mbbs_p1_final.pdf
2025,1,5438,25658,GN,,KCM,"KMCT Medical College, Mukkom, Kozikkode",MBBS,NR,17,mbbs_p1_final.pdf
2025,1,5439,25662,LA,,SMC,"Dr. Somervell Memorial CSI Medical College, Karakonam",MBBS,NC,45,mbbs_p1_final.pdf
2025,1,5440,25683,VK,,NID,"Noorul Islam College of Dental Science, Neyyattinkara",BDS,VK,39,mbbs_p1_final.pdf
2025,1,5441,25695,SC,,KAD,"Kannur Dental College, Anjarakandy, Kannur",BDS,SC,20,mbbs_p1_final.pdf
2025,1,5442,25717,EZ,,EID,"Educare Institute of Dental Sciences, Malappuram",BDS,EZ,10,mbbs_p1_final.pdf
2025,1,5443,25719,MU,,EID,"Educare Institute of Dental Sciences, Malappuram",BDS,MM,52,mbbs_p1_final.pdf
2025,1,5444,25795,GN,,KCM,"KMCT Medical College, Mukkom, Kozikkode",MBBS,NR,23,mbbs_p1_final.pdf
2025,1,5445,25814,VK,,IGD,"Indira Gandhi Institute of Dental Sciences, Kothamangalam",BDS,VK,44,mbbs_p1_final.pdf
2025,1,5446,25827,GN,,MMH,"Malabar Medical College Hospital, Kozhikkode",MBBS,NR,2,mbbs_p1_final.pdf
2025,1,5447,25833,ST,,AAM,"Al Azhar Medical college, Thodupuzha",MBBS,ST,11,mbbs_p1_final.pdf
2025,1,5448,25835,MU,,TRD,"Travancore DentalCollege, Kollam",BDS,MM,20,mbbs_p1_final.pdf
2025,1,5449,25839,ST,,GMC,"Sree Gokulam Medical College, Venjaramoodu, TVPM",MBBS,ST,16,mbbs_p1_final.pdf
2025,1,5450,25856,SC,,TVM,"Govt. Medical College, Thiruvananthapuram",MBBS,PD,2,mbbs_p1_final.pdf
2025,1,5451,25870,GN,,KCM,"KMCT Medical College, Mukkom, Kozikkode",MBBS,NR,40,mbbs_p1_final.pdf
2025,1,5452,25871,GN,,KTM,"Govt. Medical College, Kottayam",MBBS,PD,1,mbbs_p1_final.pdf
2025,1,5453,25903,GN,,SUC,"SUT Accademy of Medical Sciences, Thiruvananthapuram",MBBS,NR,23,mbbs_p1_final.pdf
2025,1,5454,25907,EW,,NID,"Noorul Islam College of Dental Science, Neyyattinkara",BDS,EW,6,mbbs_p1_final.pdf
2025,1,5455,25954,MU,,TRD,"Travancore DentalCollege, Kollam",BDS,MM,23,mbbs_p1_final.pdf
2025,1,5456,25958,MU,,TRM,"Travancore Medical College, Umayanalloor, Kollam",MBBS,NM,3,mbbs_p1_final.pdf
2025,1,5457,25990,DV,,NID,"Noorul Islam College of Dental Science, Neyyattinkara",BDS,DV,52,mbbs_p1_final.pdf
2025,1,5458,26000,EZ,,SVD,"Sri Sankara Dental College, Akathumuri, Varkala",BDS,EZ,40,mbbs_p1_final.pdf
2025,1,5459,26041,GN,,SMC,"Dr. Somervell Memorial CSI Medical College, Karakonam",MBBS,NC,45,mbbs_p1_final.pdf
2025,1,5460,26042,ST,,GMC,"Sree Gokulam Medical College, Venjaramoodu, TVPM",MBBS,ST,15,mbbs_p1_final.pdf
2025,1,5461,26062,MU,,EID,"Educare Institute of Dental Sciences, Malappuram",BDS,MM,43,mbbs_p1_final.pdf
2025,1,5462,26076,MU,,EID,"Educare Institute of Dental Sciences, Malappuram",BDS,MM,4,mbbs_p1_final.pdf
2025,1,5463,26090,EW,,KMD,"KMCT Dental College, Mambatta, Mukkam, Kozhikode",BDS,EW,39,mbbs_p1_final.pdf
2025,1,5464,26092,MU,,EID,"Educare Institute of Dental Sciences, Malappuram",BDS,MM,48,mbbs_p1_final.pdf
2025,1,5465,26136,MU,,EID,"Educare Institute of Dental Sciences, Malappuram",BDS,MM,10,mbbs_p1_final.pdf
2025,1,5466,26169,ST,,SUC,"SUT Accademy of Medical Sciences, Thiruvananthapuram",MBBS,ST,14,mbbs_p1_final.pdf
2025,1,5467,26186,MU,,EID,"Educare Institute of Dental Sciences, Malappuram",BDS,MM,15,mbbs_p1_final.pdf
2025,1,5468,26187,ST,,TRM,"Travancore Medical College, Umayanalloor, Kollam",MBBS,ST,20,mbbs_p1_final.pdf
2025,1,5469,26191,EZ,,SVD,"Sri Sankara Dental College, Akathumuri, Varkala",BDS,EZ,46,mbbs_p1_final.pdf
2025,1,5470,26200,MU,,KCM,"KMCT Medical College, Mukkom, Kozikkode",MBBS,NR,6,mbbs_p1_final.pdf
2025,1,5471,26223,MU,,TRD,"Travancore DentalCollege, Kollam",BDS,MM,25,mbbs_p1_final.pdf
2025,1,5472,26271,VK,,MLD,"Malabar Dental College, Edappal",BDS,VK,36,mbbs_p1_final.pdf
2025,1,5473,26274,ST,,MMH,"Malabar Medical College Hospital, Kozhikkode",MBBS,ST,10,mbbs_p1_final.pdf
2025,1,5474,26290,GN,,AZC,"Azeezia Institute of Medi Science, Meyyannoor, Kollam",MBBS,NR,6,mbbs_p1_final.pdf
2025,1,5475,26296,MU,,SVD,"Sri Sankara Dental College, Akathumuri, Varkala",BDS,MU,25,mbbs_p1_final.pdf
2025,1,5476,26320,VK,,MLD,"Malabar Dental College, Edappal",BDS,VK,43,mbbs_p1_final.pdf
2025,1,5477,26331,MU,,KDM,"P K Das Institute of Medical Sciences, Ottapalam",MBBS,NR,39,mbbs_p1_final.pdf
2025,1,5478,26340,MU,,KCM,"KMCT Medical College, Mukkom, Kozikkode",MBBS,NR,31,mbbs_p1_final.pdf
2025,1,5479,26352,EZ,,MLD,"Malabar Dental College, Edappal",BDS,EZ,21,mbbs_p1_final.pdf
2025,1,5480,26354,GN,,KAD,"Kannur Dental College, Anjarakandy, Kannur",BDS,MM,42,mbbs_p1_final.pdf
2025,1,5481,26365,GN,,MMH,"Malabar Medical College Hospital, Kozhikkode",MBBS,NR,25,mbbs_p1_final.pdf
2025,1,5482,26370,LA,,AID,"Sree Anjaneya Institue of Dental Scinces, Atholi, Kozhikode",BDS,LA,26,mbbs_p1_final.pdf
2025,1,5483,26388,GN,,SUC,"SUT Accademy of Medical Sciences, Thiruvananthapuram",MBBS,NR *,29,mbbs_p1_final.pdf
2025,1,5484,26391,MU,,TRD,"Travancore DentalCollege, Kollam",BDS,MM,51,mbbs_p1_final.pdf
2025,1,5485,26397,KN,,KAD,"Kannur Dental College, Anjarakandy, Kannur",BDS,KN,50,mbbs_p1_final.pdf
2025,1,5486,26402,DV,,KAD,"Kannur Dental College, Anjarakandy, Kannur",BDS,DV,57,mbbs_p1_final.pdf
2025,1,5487,26410,MU,,KAD,"Kannur Dental College, Anjarakandy, Kannur",BDS,MU,34,mbbs_p1_final.pdf
2025,1,5488,26419,EZ,,AID,"Sree Anjaneya Institue of Dental Scinces, Atholi, Kozhikode",BDS,EZ,8,mbbs_p1_final.pdf
2025,1,5489,26458,MU,,SVD,"Sri Sankara Dental College, Akathumuri, Varkala",BDS,MU,21,mbbs_p1_final.pdf
2025,1,5490,26464,LA,,TCM,"Govt. Medical College, Thrissur",MBBS,PD,1,mbbs_p1_final.pdf
2025,1,5491,26470,GN,,DMM,"Dr. Moopens Medical College, Meppadi, Wayanad",MBBS,NR,28,mbbs_p1_final.pdf
2025,1,5492,26474,GN,,KTM,"Govt. Medical College, Kottayam",MBBS,PD,3,mbbs_p1_final.pdf
2025,1,5493,26489,MU,,TRD,"Travancore DentalCollege, Kollam",BDS,MM,28,mbbs_p1_final.pdf
2025,1,5494,26495,EW,,PSD,"PSM College of Dental Sciences, Thrissur",BDS,EW,1,mbbs_p1_final.pdf
2025,1,5495,26501,EZ,,SUC,"SUT Accademy of Medical Sciences, Thiruvananthapuram",MBBS,NR,40,mbbs_p1_final.pdf
2025,1,5496,26512,GN,,KDM,"P K Das Institute of Medical Sciences, Ottapalam",MBBS,NR,23,mbbs_p1_final.pdf
2025,1,5497,26530,KU,,IGD,"Indira Gandhi Institute of Dental Sciences, Kothamangalam",BDS,KU,39,mbbs_p1_final.pdf
2025,1,5498,26535,GN,,KCM,"KMCT Medical College, Mukkom, Kozikkode",MBBS,NR,16,mbbs_p1_final.pdf
2025,1,5499,26538,EZ,,MLD,"Malabar Dental College, Edappal",BDS,EZ,22,mbbs_p1_final.pdf
2025,1,5500,26606,VK,,EID,"Educare Institute of Dental Sciences, Malappuram",BDS,VK,29,mbbs_p1_final.pdf
2025,1,5501,26629,MU,,MMH,"Malabar Medical College Hospital, Kozhikkode",MBBS,NR,22,mbbs_p1_final.pdf
2025,1,5502,26632,MU,,SVD,"Sri Sankara Dental College, Akathumuri, Varkala",BDS,MU,27,mbbs_p1_final.pdf
2025,1,5503,26645,MU,,TRD,"Travancore DentalCollege, Kollam",BDS,MM,15,mbbs_p1_final.pdf
2025,1,5504,26657,EZ,,AID,"Sree Anjaneya Institue of Dental Scinces, Atholi, Kozhikode",BDS,EZ,25,mbbs_p1_final.pdf
2025,1,5505,26678,ST,,SMC,"Dr. Somervell Memorial CSI Medical College, Karakonam",MBBS,ST,16,mbbs_p1_final.pdf
2025,1,5506,26680,MU,,TRD,"Travancore DentalCollege, Kollam",BDS,MM,13,mbbs_p1_final.pdf
2025,1,5507,26687,MU,,EID,"Educare Institute of Dental Sciences, Malappuram",BDS,MM,29,mbbs_p1_final.pdf
2025,1,5508,26717,EZ,,EID,"Educare Institute of Dental Sciences, Malappuram",BDS,EZ,39,mbbs_p1_final.pdf
2025,1,5509,26757,EZ,,KAD,"Kannur Dental College, Anjarakandy, Kannur",BDS,EZ,41,mbbs_p1_final.pdf
2025,1,5510,26763,MU,,EID,"Educare Institute of Dental Sciences, Malappuram",BDS,MM,11,mbbs_p1_final.pdf
2025,1,5511,26857,ST,,SIM,"Sree Narayana Institute of Medical Sciences, Chalakka, Ernakulam.",MBBS,ST,23,mbbs_p1_final.pdf
2025,1,5512,26878,EZ,,MLD,"Malabar Dental College, Edappal",BDS,EZ,20,mbbs_p1_final.pdf
2025,1,5513,26891,MU,,TRD,"Travancore DentalCollege, Kollam",BDS,MM,42,mbbs_p1_final.pdf
2025,1,5514,26912,MU,,TRD,"Travancore DentalCollege, Kollam",BDS,MM,25,mbbs_p1_final.pdf
2025,1,5515,26919,KN,,AZD,"Azeezia College of Dental Science, Meyyannoor, Kollam",BDS,KN,43,mbbs_p1_final.pdf
2025,1,5516,26921,MU,,KCM,"KMCT Medical College, Mukkom, Kozikkode",MBBS,NR *,46,mbbs_p1_final.pdf
2025,1,5517,26944,MU,,KCM,"KMCT Medical College, Mukkom, Kozikkode",MBBS,NR,43,mbbs_p1_final.pdf
2025,1,5518,27021,MU,,SVD,"Sri Sankara Dental College, Akathumuri, Varkala",BDS,MU,42,mbbs_p1_final.pdf
2025,1,5519,27058,KN,,SVD,"Sri Sankara Dental College, Akathumuri, Varkala",BDS,KN,57,mbbs_p1_final.pdf
2025,1,5520,27062,GN,,KCM,"KMCT Medical College, Mukkom, Kozikkode",MBBS,NR,2,mbbs_p1_final.pdf
2025,1,5521,27064,MU,,KAD,"Kannur Dental College, Anjarakandy, Kannur",BDS,MU,58,mbbs_p1_final.pdf
2025,1,5522,27070,MU,,SVD,"Sri Sankara Dental College, Akathumuri, Varkala",BDS,MU,61,mbbs_p1_final.pdf
2025,1,5523,27074,MU,,KCM,"KMCT Medical College, Mukkom, Kozikkode",MBBS,NR,41,mbbs_p1_final.pdf
2025,1,5524,27092,MU,,SVD,"Sri Sankara Dental College, Akathumuri, Varkala",BDS,MU,12,mbbs_p1_final.pdf
2025,1,5525,27104,EZ,,EID,"Educare Institute of Dental Sciences, Malappuram",BDS,EZ,1,mbbs_p1_final.pdf
2025,1,5526,27106,VK,,SVD,"Sri Sankara Dental College, Akathumuri, Varkala",BDS,VK,44,mbbs_p1_final.pdf
2025,1,5527,27114,EZ,,SVD,"Sri Sankara Dental College, Akathumuri, Varkala",BDS,EZ,10,mbbs_p1_final.pdf
2025,1,5528,27131,VK,,EID,"Educare Institute of Dental Sciences, Malappuram",BDS,VK,31,mbbs_p1_final.pdf
2025,1,5529,27132,GN,,MMH,"Malabar Medical College Hospital, Kozhikkode",MBBS,NR,4,mbbs_p1_final.pdf
2025,1,5530,27136,GN,,KDM,"P K Das Institute of Medical Sciences, Ottapalam",MBBS,NR,45,mbbs_p1_final.pdf
2025,1,5531,27142,GN,,TRD,"Travancore DentalCollege, Kollam",BDS,NR,44,mbbs_p1_final.pdf
2025,1,5532,27143,LA,,MLD,"Malabar Dental College, Edappal",BDS,LA,47,mbbs_p1_final.pdf
2025,1,5533,27180,MU,,KCM,"KMCT Medical College, Mukkom, Kozikkode",MBBS,NR,35,mbbs_p1_final.pdf
2025,1,5534,27208,LA,,SVD,"Sri Sankara Dental College, Akathumuri, Varkala",BDS,LA,44,mbbs_p1_final.pdf
2025,1,5535,27236,GN,,MMH,"Malabar Medical College Hospital, Kozhikkode",MBBS,NR,41,mbbs_p1_final.pdf
2025,1,5536,27237,KU,,PSD,"PSM College of Dental Sciences, Thrissur",BDS,KU,43,mbbs_p1_final.pdf
2025,1,5537,27239,MU,,AZC,"Azeezia Institute of Medi Science, Meyyannoor, Kollam",MBBS,NR,40,mbbs_p1_final.pdf
2025,1,5538,27240,MU,,KCM,"KMCT Medical College, Mukkom, Kozikkode",MBBS,NR,41,mbbs_p1_final.pdf
2025,1,5539,27251,GN,,SMC,"Dr. Somervell Memorial CSI Medical College, Karakonam",MBBS,NC,18,mbbs_p1_final.pdf
2025,1,5540,27260,LA,,MLD,"Malabar Dental College, Edappal",BDS,LA,45,mbbs_p1_final.pdf
2025,1,5541,27294,MU,,KAD,"Kannur Dental College, Anjarakandy, Kannur",BDS,MU,24,mbbs_p1_final.pdf
2025,1,5542,27319,MU,,KAD,"Kannur Dental College, Anjarakandy, Kannur",BDS,MU,23,mbbs_p1_final.pdf
2025,1,5543,27341,ST,,SUC,"SUT Accademy of Medical Sciences, Thiruvananthapuram",MBBS,ST,13,mbbs_p1_final.pdf
2025,1,5544,27375,GN,,MMH,"Malabar Medical College Hospital, Kozhikkode",MBBS,NR,32,mbbs_p1_final.pdf
2025,1,5545,27405,ST,,KDM,"P K Das Institute of Medical Sciences, Ottapalam",MBBS,ST,24,mbbs_p1_final.pdf
2025,1,5546,27410,LA,,EID,"Educare Institute of Dental Sciences, Malappuram",BDS,LA,49,mbbs_p1_final.pdf
2025,1,5547,27419,EZ,,SIM,"Sree Narayana Institute of Medical Sciences, Chalakka, Ernakulam.",MBBS,NR,6,mbbs_p1_final.pdf
2025,1,5548,27421,GN,,KCM,"KMCT Medical College, Mukkom, Kozikkode",MBBS,NR *,19,mbbs_p1_final.pdf
2025,1,5549,27431,LA,,SMC,"Dr. Somervell Memorial CSI Medical College, Karakonam",MBBS,NC *,3,mbbs_p1_final.pdf
2025,1,5550,27432,GN,,SMC,"Dr. Somervell Memorial CSI Medical College, Karakonam",MBBS,NC,21,mbbs_p1_final.pdf
2025,1,5551,27434,GN,,KDM,"P K Das Institute of Medical Sciences, Ottapalam",MBBS,NR,6,mbbs_p1_final.pdf
2025,1,5552,27462,LA,,MLD,"Malabar Dental College, Edappal",BDS,LA,39,mbbs_p1_final.pdf
2025,1,5553,27465,EW,,KMD,"KMCT Dental College, Mambatta, Mukkam, Kozhikode",BDS,EW,9,mbbs_p1_final.pdf
2025,1,5554,27474,KU,,AZD,"Azeezia College of Dental Science, Meyyannoor, Kollam",BDS,KU,40,mbbs_p1_final.pdf
2025,1,5555,27477,MU,,KCM,"KMCT Medical College, Mukkom, Kozikkode",MBBS,NR,6,mbbs_p1_final.pdf
2025,1,5556,27494,EZ,,KAD,"Kannur Dental College, Anjarakandy, Kannur",BDS,EZ,46,mbbs_p1_final.pdf
2025,1,5557,27496,MU,,KAD,"Kannur Dental College, Anjarakandy, Kannur",BDS,MM,49,mbbs_p1_final.pdf
2025,1,5558,27510,BH,,SIM,"Sree Narayana Institute of Medical Sciences, Chalakka, Ernakulam.",MBBS,NR,14,mbbs_p1_final.pdf
2025,1,5559,27583,GN,,SIM,"Sree Narayana Institute of Medical Sciences, Chalakka, Ernakulam.",MBBS,NR,12,mbbs_p1_final.pdf
2025,1,5560,27585,GN,,SIM,"Sree Narayana Institute of Medical Sciences, Chalakka, Ernakulam.",MBBS,NR,19,mbbs_p1_final.pdf
2025,1,5561,27603,LA,,EID,"Educare Institute of Dental Sciences, Malappuram",BDS,LA,64,mbbs_p1_final.pdf
2025,1,5562,27605,KU,,PMS,"PMS College of Dental Sciences, Vattappara, TVPM",BDS,KU,41,mbbs_p1_final.pdf
2025,1,5563,27608,GN,,MMH,"Malabar Medical College Hospital, Kozhikkode",MBBS,NR,33,mbbs_p1_final.pdf
2025,1,5564,27616,VK,,SVD,"Sri Sankara Dental College, Akathumuri, Varkala",BDS,VK,22,mbbs_p1_final.pdf
2025,1,5565,27621,EZ,,SVD,"Sri Sankara Dental College, Akathumuri, Varkala",BDS,EZ,16,mbbs_p1_final.pdf
2025,1,5566,27648,GN,,SIM,"Sree Narayana Institute of Medical Sciences, Chalakka, Ernakulam.",MBBS,NR,14,mbbs_p1_final.pdf
2025,1,5567,27698,KU,,MLD,"Malabar Dental College, Edappal",BDS,KU,42,mbbs_p1_final.pdf
2025,1,5568,27766,EZ,,SVD,"Sri Sankara Dental College, Akathumuri, Varkala",BDS,EZ,24,mbbs_p1_final.pdf
2025,1,5569,27767,MU,,KAD,"Kannur Dental College, Anjarakandy, Kannur",BDS,MM,64,mbbs_p1_final.pdf
2025,1,5570,27795,EZ,,SVD,"Sri Sankara Dental College, Akathumuri, Varkala",BDS,EZ,36,mbbs_p1_final.pdf
2025,1,5571,27801,ST,,SIM,"Sree Narayana Institute of Medical Sciences, Chalakka, Ernakulam.",MBBS,ST,16,mbbs_p1_final.pdf
2025,1,5572,27802,LA,,SIM,"Sree Narayana Institute of Medical Sciences, Chalakka, Ernakulam.",MBBS,NR,19,mbbs_p1_final.pdf
2025,1,5573,27807,GN,,PMD,"Pushpagiri College of Dental Science, Thiruvalla",BDS,NR,14,mbbs_p1_final.pdf
2025,1,5574,27823,GN,,SMC,"Dr. Somervell Memorial CSI Medical College, Karakonam",MBBS,NC,33,mbbs_p1_final.pdf
2025,1,5575,27827,MU,,MMH,"Malabar Medical College Hospital, Kozhikkode",MBBS,NR,31,mbbs_p1_final.pdf
2025,1,5576,27829,EW,,ADC,"Annoor Dental College, Puthuppady, Muvattupuzha",BDS,EW,41,mbbs_p1_final.pdf
2025,1,5577,27865,MU,,MMH,"Malabar Medical College Hospital, Kozhikkode",MBBS,NR,2,mbbs_p1_final.pdf
2025,1,5578,27868,VK,,AID,"Sree Anjaneya Institue of Dental Scinces, Atholi, Kozhikode",BDS,VK,13,mbbs_p1_final.pdf
2025,1,5579,27947,GN,,SMC,"Dr. Somervell Memorial CSI Medical College, Karakonam",MBBS,NC,18,mbbs_p1_final.pdf
2025,1,5580,27966,LA,,EID,"Educare Institute of Dental Sciences, Malappuram",BDS,LA,16,mbbs_p1_final.pdf
2025,1,5581,28045,EW,,MZM,"Mount Zion Medical College, Pathanamthitta",MBBS,NR,40,mbbs_p1_final.pdf
2025,1,5582,28046,MU,,MMH,"Malabar Medical College Hospital, Kozhikkode",MBBS,NR,41,mbbs_p1_final.pdf
2025,1,5583,28082,ST,,KDM,"P K Das Institute of Medical Sciences, Ottapalam",MBBS,ST,23,mbbs_p1_final.pdf
2025,1,5584,28111,GN,,MBD,"Mar Baselious Dental College, Kothamangalam",BDS,NR,6,mbbs_p1_final.pdf
2025,1,5585,28152,MU,,MMH,"Malabar Medical College Hospital, Kozhikkode",MBBS,NR,8,mbbs_p1_final.pdf
2025,1,5586,28188,ST,,KDM,"P K Das Institute of Medical Sciences, Ottapalam",MBBS,ST,19,mbbs_p1_final.pdf
2025,1,5587,28201,EZ,,AID,"Sree Anjaneya Institue of Dental Scinces, Atholi, Kozhikode",BDS,EZ,54,mbbs_p1_final.pdf
2025,1,5588,28293,LA,,AID,"Sree Anjaneya Institue of Dental Scinces, Atholi, Kozhikode",BDS,LA,33,mbbs_p1_final.pdf
2025,1,5589,28300,MU,,AZC,"Azeezia Institute of Medi Science, Meyyannoor, Kollam",MBBS,NR,48,mbbs_p1_final.pdf
2025,1,5590,28329,MU,,KAD,"Kannur Dental College, Anjarakandy, Kannur",BDS,MM,16,mbbs_p1_final.pdf
2025,1,5591,28330,EZ,,AID,"Sree Anjaneya Institue of Dental Scinces, Atholi, Kozhikode",BDS,EZ,50,mbbs_p1_final.pdf
2025,1,5592,28378,GN,,MMH,"Malabar Medical College Hospital, Kozhikkode",MBBS,NR,47,mbbs_p1_final.pdf
2025,1,5593,28415,GN,,SUC,"SUT Accademy of Medical Sciences, Thiruvananthapuram",MBBS,NR,34,mbbs_p1_final.pdf
2025,1,5594,28497,GN,,SIM,"Sree Narayana Institute of Medical Sciences, Chalakka, Ernakulam.",MBBS,NR,29,mbbs_p1_final.pdf
2025,1,5595,28517,ST,,PIM,"Palakkad Institute of Medical Sciences, Walayar",MBBS,ST,31,mbbs_p1_final.pdf
2025,1,5596,28529,GN,,SUC,"SUT Accademy of Medical Sciences, Thiruvananthapuram",MBBS,NR,9,mbbs_p1_final.pdf
2025,1,5597,28560,EZ,,AID,"Sree Anjaneya Institue of Dental Scinces, Atholi, Kozhikode",BDS,EZ,23,mbbs_p1_final.pdf
2025,1,5598,28565,GN,,SIM,"Sree Narayana Institute of Medical Sciences, Chalakka, Ernakulam.",MBBS,NR,10,mbbs_p1_final.pdf
2025,1,5599,28608,MU,,DMM,"Dr. Moopens Medical College, Meppadi, Wayanad",MBBS,NR,49,mbbs_p1_final.pdf
2025,1,5600,28642,EZ,,AID,"Sree Anjaneya Institue of Dental Scinces, Atholi, Kozhikode",BDS,EZ,52,mbbs_p1_final.pdf
2025,1,5601,28647,EW,,MED,"MES Dental College, Perinthalmanna",BDS,EW,7,mbbs_p1_final.pdf
2025,1,5602,28699,EW,,SMC,"Dr. Somervell Memorial CSI Medical College, Karakonam",MBBS,NC,15,mbbs_p1_final.pdf
2025,1,5603,28708,MU,,DMM,"Dr. Moopens Medical College, Meppadi, Wayanad",MBBS,NR,7,mbbs_p1_final.pdf
2025,1,5604,28740,LA,,KAD,"Kannur Dental College, Anjarakandy, Kannur",BDS,LA,57,mbbs_p1_final.pdf
2025,1,5605,28760,GN,,SIM,"Sree Narayana Institute of Medical Sciences, Chalakka, Ernakulam.",MBBS,NR,31,mbbs_p1_final.pdf
2025,1,5606,28764,GN,,DMM,"Dr. Moopens Medical College, Meppadi, Wayanad",MBBS,NR *,23,mbbs_p1_final.pdf
2025,1,5607,28783,GN,,SUC,"SUT Accademy of Medical Sciences, Thiruvananthapuram",MBBS,NR,44,mbbs_p1_final.pdf
2025,1,5608,28880,EW,,MED,"MES Dental College, Perinthalmanna",BDS,EW,42,mbbs_p1_final.pdf
2025,1,5609,28882,VK,,AID,"Sree Anjaneya Institue of Dental Scinces, Atholi, Kozhikode",BDS,VK,54,mbbs_p1_final.pdf
2025,1,5610,28889,BH,,SUC,"SUT Accademy of Medical Sciences, Thiruvananthapuram",MBBS,NR,2,mbbs_p1_final.pdf
2025,1,5611,28912,MU,,AZC,"Azeezia Institute of Medi Science, Meyyannoor, Kollam",MBBS,NM,8,mbbs_p1_final.pdf
2025,1,5612,28924,MU,,KAD,"Kannur Dental College, Anjarakandy, Kannur",BDS,MM,26,mbbs_p1_final.pdf
2025,1,5613,28938,EZ,,AID,"Sree Anjaneya Institue of Dental Scinces, Atholi, Kozhikode",BDS,EZ,7,mbbs_p1_final.pdf
2025,1,5614,29020,LA,,SUC,"SUT Accademy of Medical Sciences, Thiruvananthapuram",MBBS,NR,46,mbbs_p1_final.pdf
2025,1,5615,29022,GN,,SUC,"SUT Accademy of Medical Sciences, Thiruvananthapuram",MBBS,NR,34,mbbs_p1_final.pdf
2025,1,5616,29059,MU,,KAD,"Kannur Dental College, Anjarakandy, Kannur",BDS,MM,17,mbbs_p1_final.pdf
2025,1,5617,29073,GN,,KAD,"Kannur Dental College, Anjarakandy, Kannur",BDS,MM,70,mbbs_p1_final.pdf
2025,1,5618,29092,MU,,KAD,"Kannur Dental College, Anjarakandy, Kannur",BDS,MM,70,mbbs_p1_final.pdf
2025,1,5619,29111,MU,,KAD,"Kannur Dental College, Anjarakandy, Kannur",BDS,MM,5,mbbs_p1_final.pdf
2025,1,5620,29115,GN,,SIM,"Sree Narayana Institute of Medical Sciences, Chalakka, Ernakulam.",MBBS,NR,37,mbbs_p1_final.pdf
2025,1,5621,29124,GN,,KDM,"P K Das Institute of Medical Sciences, Ottapalam",MBBS,NR,10,mbbs_p1_final.pdf
2025,1,5622,29146,SC,,SIM,"Sree Narayana Institute of Medical Sciences, Chalakka, Ernakulam.",MBBS,NR,24,mbbs_p1_final.pdf
2025,1,5623,29153,GN,,SUC,"SUT Accademy of Medical Sciences, Thiruvananthapuram",MBBS,NR,22,mbbs_p1_final.pdf
2025,1,5624,29265,GN,,SIM,"Sree Narayana Institute of Medical Sciences, Chalakka, Ernakulam.",MBBS,NR,42,mbbs_p1_final.pdf
2025,1,5625,29270,MU,,KAD,"Kannur Dental College, Anjarakandy, Kannur",BDS,MM,32,mbbs_p1_final.pdf
2025,1,5626,29302,MU,,KAD,"Kannur Dental College, Anjarakandy, Kannur",BDS,MM,14,mbbs_p1_final.pdf
2025,1,5627,29320,MU,,KAD,"Kannur Dental College, Anjarakandy, Kannur",BDS,MM,26,mbbs_p1_final.pdf
2025,1,5628,29366,EW,,KMD,"KMCT Dental College, Mambatta, Mukkam, Kozhikode",BDS,EW,50,mbbs_p1_final.pdf
2025,1,5629,29397,GN,,SIM,"Sree Narayana Institute of Medical Sciences, Chalakka, Ernakulam.",MBBS,NR,3,mbbs_p1_final.pdf
2025,1,5630,29404,GN,,PMD,"Pushpagiri College of Dental Science, Thiruvalla",BDS,NR,48,mbbs_p1_final.pdf
2025,1,5631,29405,EW,,KMD,"KMCT Dental College, Mambatta, Mukkam, Kozhikode",BDS,EW,23,mbbs_p1_final.pdf
2025,1,5632,29429,VK,,KAD,"Kannur Dental College, Anjarakandy, Kannur",BDS,VK,56,mbbs_p1_final.pdf
2025,1,5633,29431,MU,,TCM,"Govt. Medical College, Thrissur",MBBS,PD,2,mbbs_p1_final.pdf
2025,1,5634,29447,MU,,KAD,"Kannur Dental College, Anjarakandy, Kannur",BDS,MM,23,mbbs_p1_final.pdf
2025,1,5635,29459,EZ,,DMM,"Dr. Moopens Medical College, Meppadi, Wayanad",MBBS,NR,21,mbbs_p1_final.pdf
2025,1,5636,29490,ST,,KKD,"Govt. Dental College, Kozhikkode",BDS,ST,33,mbbs_p1_final.pdf
2025,1,5637,29558,GN,,KMM,"Karuna Medical College, Vilayodi, Palakkad",MBBS,NR,52,mbbs_p1_final.pdf
2025,1,5638,29563,GN,,KAD,"Kannur Dental College, Anjarakandy, Kannur",BDS,MM,27,mbbs_p1_final.pdf
2025,1,5639,29572,EW,,ADC,"Annoor Dental College, Puthuppady, Muvattupuzha",BDS,EW,6,mbbs_p1_final.pdf
2025,1,5640,29616,ST,,TCD,"Govt. Dental College, Thrissur",BDS,ST,13,mbbs_p1_final.pdf
2025,1,5641,29627,SC,,MZM,"Mount Zion Medical College, Pathanamthitta",MBBS,NR,33,mbbs_p1_final.pdf
2025,1,5642,29633,SC,,DMM,"Dr. Moopens Medical College, Meppadi, Wayanad",MBBS,NR,22,mbbs_p1_final.pdf
2025,1,5643,29653,GN,,SIM,"Sree Narayana Institute of Medical Sciences, Chalakka, Ernakulam.",MBBS,NR,28,mbbs_p1_final.pdf
2025,1,5644,29682,GN,,DMM,"Dr. Moopens Medical College, Meppadi, Wayanad",MBBS,NR,44,mbbs_p1_final.pdf
2025,1,5645,29688,GN,,KDM,"P K Das Institute of Medical Sciences, Ottapalam",MBBS,NR,32,mbbs_p1_final.pdf
2025,1,5646,29701,EZ,,SVD,"Sri Sankara Dental College, Akathumuri, Varkala",BDS,EZ,12,mbbs_p1_final.pdf
2025,1,5647,29724,GN,,KDM,"P K Das Institute of Medical Sciences, Ottapalam",MBBS,NR,45,mbbs_p1_final.pdf
2025,1,5648,29735,MU,,AZC,"Azeezia Institute of Medi Science, Meyyannoor, Kollam",MBBS,NM *,12,mbbs_p1_final.pdf
2025,1,5649,29748,EW,,NID,"Noorul Islam College of Dental Science, Neyyattinkara",BDS,EW,7,mbbs_p1_final.pdf
2025,1,5650,29791,MU,,KAD,"Kannur Dental College, Anjarakandy, Kannur",BDS,MM,42,mbbs_p1_final.pdf
2025,1,5651,29793,GN,,DMM,"Dr. Moopens Medical College, Meppadi, Wayanad",MBBS,NR,46,mbbs_p1_final.pdf
2025,1,5652,29853,MU,,KAD,"Kannur Dental College, Anjarakandy, Kannur",BDS,MM,33,mbbs_p1_final.pdf
2025,1,5653,29858,MU,,KAD,"Kannur Dental College, Anjarakandy, Kannur",BDS,MM,32,mbbs_p1_final.pdf
2025,1,5654,29863,MU,,KDM,"P K Das Institute of Medical Sciences, Ottapalam",MBBS,NR,42,mbbs_p1_final.pdf
2025,1,5655,29875,LA,,KTM,"Govt. Medical College, Kottayam",MBBS,PD,3,mbbs_p1_final.pdf
2025,1,5656,29887,MU,,DMM,"Dr. Moopens Medical College, Meppadi, Wayanad",MBBS,NR,35,mbbs_p1_final.pdf
2025,1,5657,29904,GN,,DMM,"Dr. Moopens Medical College, Meppadi, Wayanad",MBBS,NR,15,mbbs_p1_final.pdf
2025,1,5658,29969,GN,,KDM,"P K Das Institute of Medical Sciences, Ottapalam",MBBS,NR,31,mbbs_p1_final.pdf
2025,1,5659,29988,GN,,AZC,"Azeezia Institute of Medi Science, Meyyannoor, Kollam",MBBS,NM,49,mbbs_p1_final.pdf
2025,1,5660,29993,GN,,KDM,"P K Das Institute of Medical Sciences, Ottapalam",MBBS,NR,29,mbbs_p1_final.pdf
2025,1,5661,30017,MU,,KAD,"Kannur Dental College, Anjarakandy, Kannur",BDS,MM,70,mbbs_p1_final.pdf
2025,1,5662,30040,GN,,KDM,"P K Das Institute of Medical Sciences, Ottapalam",MBBS,NR,46,mbbs_p1_final.pdf
2025,1,5663,30071,KU,,NID,"Noorul Islam College of Dental Science, Neyyattinkara",BDS,KU,41,mbbs_p1_final.pdf
2025,1,5664,30074,GN,,KDM,"P K Das Institute of Medical Sciences, Ottapalam",MBBS,NR,40,mbbs_p1_final.pdf
2025,1,5665,30203,EZ,,KAD,"Kannur Dental College, Anjarakandy, Kannur",BDS,EZ,19,mbbs_p1_final.pdf
2025,1,5666,30226,MU,,KAD,"Kannur Dental College, Anjarakandy, Kannur",BDS,MM,69,mbbs_p1_final.pdf
2025,1,5667,30251,MU,,KAD,"Kannur Dental College, Anjarakandy, Kannur",BDS,MM,70,mbbs_p1_final.pdf
2025,1,5668,30330,GN,,KDM,"P K Das Institute of Medical Sciences, Ottapalam",MBBS,NR,32,mbbs_p1_final.pdf
2025,1,5669,30335,EZ,,KDM,"P K Das Institute of Medical Sciences, Ottapalam",MBBS,NR,2,mbbs_p1_final.pdf
2025,1,5670,30342,MU,,KAD,"Kannur Dental College, Anjarakandy, Kannur",BDS,MM,70,mbbs_p1_final.pdf
2025,1,5671,30366,GN,,KDM,"P K Das Institute of Medical Sciences, Ottapalam",MBBS,NR,25,mbbs_p1_final.pdf
2025,1,5672,30398,GN,,KMM,"Karuna Medical College, Vilayodi, Palakkad",MBBS,NR,19,mbbs_p1_final.pdf
2025,1,5673,30451,GN,,KDM,"P K Das Institute of Medical Sciences, Ottapalam",MBBS,NR,10,mbbs_p1_final.pdf
2025,1,5674,30455,GN,,MZM,"Mount Zion Medical College, Pathanamthitta",MBBS,NR,40,mbbs_p1_final.pdf
2025,1,5675,30485,MU,,KTM,"Govt. Medical College, Kottayam",MBBS,PD,3,mbbs_p1_final.pdf
2025,1,5676,30494,MU,,KAD,"Kannur Dental College, Anjarakandy, Kannur",BDS,MM,24,mbbs_p1_final.pdf
2025,1,5677,30503,KU,,KMD,"KMCT Dental College, Mambatta, Mukkam, Kozhikode",BDS,KU,40,mbbs_p1_final.pdf
2025,1,5678,30513,LA,,MZM,"Mount Zion Medical College, Pathanamthitta",MBBS,NR,21,mbbs_p1_final.pdf
2025,1,5679,30515,MU,,DMM,"Dr. Moopens Medical College, Meppadi, Wayanad",MBBS,NR,5,mbbs_p1_final.pdf
2025,1,5680,30530,GN,,KDM,"P K Das Institute of Medical Sciences, Ottapalam",MBBS,NR,41,mbbs_p1_final.pdf
2025,1,5681,30571,EZ,,KDM,"P K Das Institute of Medical Sciences, Ottapalam",MBBS,NR,46,mbbs_p1_final.pdf
2025,1,5682,30627,EZ,,KAD,"Kannur Dental College, Anjarakandy, Kannur",BDS,EZ,19,mbbs_p1_final.pdf
2025,1,5683,30651,GN,,PMD,"Pushpagiri College of Dental Science, Thiruvalla",BDS,NR,68,mbbs_p1_final.pdf
2025,1,5684,30669,EW,,AID,"Sree Anjaneya Institue of Dental Scinces, Atholi, Kozhikode",BDS,EW,39,mbbs_p1_final.pdf
2025,1,5685,30700,GN,,KMM,"Karuna Medical College, Vilayodi, Palakkad",MBBS,NR,42,mbbs_p1_final.pdf
2025,1,5686,30741,MU,,KAD,"Kannur Dental College, Anjarakandy, Kannur",BDS,MM,21,mbbs_p1_final.pdf
2025,1,5687,30759,MU,,KAD,"Kannur Dental College, Anjarakandy, Kannur",BDS,MM,58,mbbs_p1_final.pdf
2025,1,5688,30821,GN,,KTM,"Govt. Medical College, Kottayam",MBBS,PD,3,mbbs_p1_final.pdf
2025,1,5689,30822,KU,,MED,"MES Dental College, Perinthalmanna",BDS,KU,43,mbbs_p1_final.pdf
2025,1,5690,30834,MU,,DMM,"Dr. Moopens Medical College, Meppadi, Wayanad",MBBS,NR *,28,mbbs_p1_final.pdf
2025,1,5691,30850,GN,,TCM,"Govt. Medical College, Thrissur",MBBS,PD,4,mbbs_p1_final.pdf
2025,1,5692,30866,GN,,DMM,"Dr. Moopens Medical College, Meppadi, Wayanad",MBBS,NR *,46,mbbs_p1_final.pdf
2025,1,5693,30881,GN,,DMM,"Dr. Moopens Medical College, Meppadi, Wayanad",MBBS,NR,14,mbbs_p1_final.pdf
2025,1,5694,30895,EZ,,KAD,"Kannur Dental College, Anjarakandy, Kannur",BDS,EZ,29,mbbs_p1_final.pdf
2025,1,5695,30941,GN,,KDM,"P K Das Institute of Medical Sciences, Ottapalam",MBBS,NR,41,mbbs_p1_final.pdf
2025,1,5696,30949,EZ,,KAD,"Kannur Dental College, Anjarakandy, Kannur",BDS,EZ,26,mbbs_p1_final.pdf
2025,1,5697,30950,GN,,DMM,"Dr. Moopens Medical College, Meppadi, Wayanad",MBBS,NR,40,mbbs_p1_final.pdf
2025,1,5698,30985,GN,,KDM,"P K Das Institute of Medical Sciences, Ottapalam",MBBS,NR,33,mbbs_p1_final.pdf
2025,1,5699,30993,GN,,KDM,"P K Das Institute of Medical Sciences, Ottapalam",MBBS,NR,36,mbbs_p1_final.pdf
2025,1,5700,30994,MU,,DMM,"Dr. Moopens Medical College, Meppadi, Wayanad",MBBS,NR,22,mbbs_p1_final.pdf
2025,1,5701,31012,EW,,EID,"Educare Institute of Dental Sciences, Malappuram",BDS,EW,1,mbbs_p1_final.pdf
2025,1,5702,31016,MU,,KDM,"P K Das Institute of Medical Sciences, Ottapalam",MBBS,NR,40,mbbs_p1_final.pdf
2025,1,5703,31025,GN,,DMM,"Dr. Moopens Medical College, Meppadi, Wayanad",MBBS,NR,44,mbbs_p1_final.pdf
2025,1,5704,31043,MU,,DMM,"Dr. Moopens Medical College, Meppadi, Wayanad",MBBS,NR,5,mbbs_p1_final.pdf
2025,1,5705,31053,ST,,TVD,"Govt. Dental College, Thiruvananthapuram",BDS,ST,35,mbbs_p1_final.pdf
2025,1,5706,31054,GN,,MZM,"Mount Zion Medical College, Pathanamthitta",MBBS,NR *,34,mbbs_p1_final.pdf
2025,1,5707,31070,MU,,AAM,"Al Azhar Medical college, Thodupuzha",MBBS,NR,41,mbbs_p1_final.pdf
2025,1,5708,31113,EZ,,KAD,"Kannur Dental College, Anjarakandy, Kannur",BDS,EZ,29,mbbs_p1_final.pdf
2025,1,5709,31174,MU,,KAD,"Kannur Dental College, Anjarakandy, Kannur",BDS,MM,24,mbbs_p1_final.pdf
2025,1,5710,31204,GN,,KDM,"P K Das Institute of Medical Sciences, Ottapalam",MBBS,NR,12,mbbs_p1_final.pdf
2025,1,5711,31251,EW,,KMD,"KMCT Dental College, Mambatta, Mukkam, Kozhikode",BDS,EW,15,mbbs_p1_final.pdf
2025,1,5712,31289,EW,,NID,"Noorul Islam College of Dental Science, Neyyattinkara",BDS,EW,21,mbbs_p1_final.pdf
2025,1,5713,31325,EZ,,TCM,"Govt. Medical College, Thrissur",MBBS,PD,1,mbbs_p1_final.pdf
2025,1,5714,31338,GN,,DMM,"Dr. Moopens Medical College, Meppadi, Wayanad",MBBS,NR,21,mbbs_p1_final.pdf
2025,1,5715,31343,MU,,AZC,"Azeezia Institute of Medi Science, Meyyannoor, Kollam",MBBS,NM,19,mbbs_p1_final.pdf
2025,1,5716,31350,MU,,PMD,"Pushpagiri College of Dental Science, Thiruvalla",BDS,NR *,25,mbbs_p1_final.pdf
2025,1,5717,31363,GN,,MLP,"Govt. Medical College, Manjeri",MBBS,PD,2,mbbs_p1_final.pdf
2025,1,5718,31374,ST,,ALD,"Government Dental College, Alappuzha",BDS,ST,35,mbbs_p1_final.pdf
2025,1,5719,31384,MU,,MBD,"Mar Baselious Dental College, Kothamangalam",BDS,NR,8,mbbs_p1_final.pdf
2025,1,5720,31386,EZ,,KDM,"P K Das Institute of Medical Sciences, Ottapalam",MBBS,NR,33,mbbs_p1_final.pdf
2025,1,5721,31395,EW,,AID,"Sree Anjaneya Institue of Dental Scinces, Atholi, Kozhikode",BDS,EW,7,mbbs_p1_final.pdf
2025,1,5722,31439,MU,,DMM,"Dr. Moopens Medical College, Meppadi, Wayanad",MBBS,NR,12,mbbs_p1_final.pdf
2025,1,5723,31484,GN,,MZM,"Mount Zion Medical College, Pathanamthitta",MBBS,NR,31,mbbs_p1_final.pdf
2025,1,5724,31503,GN,,AAM,"Al Azhar Medical college, Thodupuzha",MBBS,NR *,24,mbbs_p1_final.pdf
2025,1,5725,31552,GN,,KDM,"P K Das Institute of Medical Sciences, Ottapalam",MBBS,NR,27,mbbs_p1_final.pdf
2025,1,5726,31594,GN,,KDM,"P K Das Institute of Medical Sciences, Ottapalam",MBBS,NR,43,mbbs_p1_final.pdf
2025,1,5727,31647,GN,,KMM,"Karuna Medical College, Vilayodi, Palakkad",MBBS,NR,40,mbbs_p1_final.pdf
2025,1,5728,31731,ST,,KND,"Government Dental College, Kannur",BDS,ST,34,mbbs_p1_final.pdf
2025,1,5729,31732,MU,,MZM,"Mount Zion Medical College, Pathanamthitta",MBBS,NR *,23,mbbs_p1_final.pdf
2025,1,5730,31776,EZ,,MZM,"Mount Zion Medical College, Pathanamthitta",MBBS,NR,44,mbbs_p1_final.pdf
2025,1,5731,31790,EW,,MED,"MES Dental College, Perinthalmanna",BDS,EW,34,mbbs_p1_final.pdf
2025,1,5732,31835,GN,,PMD,"Pushpagiri College of Dental Science, Thiruvalla",BDS,NR,57,mbbs_p1_final.pdf
2025,1,5733,31875,GN,,AZC,"Azeezia Institute of Medi Science, Meyyannoor, Kollam",MBBS,NM *,51,mbbs_p1_final.pdf
2025,1,5734,31886,GN,,PIM,"Palakkad Institute of Medical Sciences, Walayar",MBBS,NR,8,mbbs_p1_final.pdf
2025,1,5735,31889,EW,,NID,"Noorul Islam College of Dental Science, Neyyattinkara",BDS,EW,7,mbbs_p1_final.pdf
2025,1,5736,31937,BH,,TCM,"Govt. Medical College, Thrissur",MBBS,PD,2,mbbs_p1_final.pdf
2025,1,5737,32034,GN,,AZC,"Azeezia Institute of Medi Science, Meyyannoor, Kollam",MBBS,NM,38,mbbs_p1_final.pdf
2025,1,5738,32084,ST,,PMS,"PMS College of Dental Sciences, Vattappara, TVPM",BDS,ST,36,mbbs_p1_final.pdf
2025,1,5739,32089,GN,,MZM,"Mount Zion Medical College, Pathanamthitta",MBBS,NR,7,mbbs_p1_final.pdf
2025,1,5740,32101,GN,,MZM,"Mount Zion Medical College, Pathanamthitta",MBBS,NR,49,mbbs_p1_final.pdf
2025,1,5741,32223,GN,,AAM,"Al Azhar Medical college, Thodupuzha",MBBS,NR,44,mbbs_p1_final.pdf
2025,1,5742,32275,BH,,AAM,"Al Azhar Medical college, Thodupuzha",MBBS,NR *,45,mbbs_p1_final.pdf
2025,1,5743,32401,GN,,AZC,"Azeezia Institute of Medi Science, Meyyannoor, Kollam",MBBS,NM,21,mbbs_p1_final.pdf
2025,1,5744,32406,GN,,AAM,"Al Azhar Medical college, Thodupuzha",MBBS,NR,26,mbbs_p1_final.pdf
2025,1,5745,32416,GN,,MZM,"Mount Zion Medical College, Pathanamthitta",MBBS,NR,49,mbbs_p1_final.pdf
2025,1,5746,32423,GN,,AAM,"Al Azhar Medical college, Thodupuzha",MBBS,NR,30,mbbs_p1_final.pdf
2025,1,5747,32451,SC,,KMM,"Karuna Medical College, Vilayodi, Palakkad",MBBS,NR,41,mbbs_p1_final.pdf
2025,1,5748,32465,GN,,KMM,"Karuna Medical College, Vilayodi, Palakkad",MBBS,NR,54,mbbs_p1_final.pdf
2025,1,5749,32515,MU,,AZC,"Azeezia Institute of Medi Science, Meyyannoor, Kollam",MBBS,NM,13,mbbs_p1_final.pdf
2025,1,5750,32519,GN,,MZM,"Mount Zion Medical College, Pathanamthitta",MBBS,NR,25,mbbs_p1_final.pdf
2025,1,5751,32539,GN,,KMM,"Karuna Medical College, Vilayodi, Palakkad",MBBS,NR,44,mbbs_p1_final.pdf
2025,1,5752,32567,ST,,AAD,"Al Azhar Dental College, Thodupuzha",BDS,ST,39,mbbs_p1_final.pdf
2025,1,5753,32656,KU,,KAD,"Kannur Dental College, Anjarakandy, Kannur",BDS,KU,39,mbbs_p1_final.pdf
2025,1,5754,32708,GN,,MZM,"Mount Zion Medical College, Pathanamthitta",MBBS,NR,30,mbbs_p1_final.pdf
2025,1,5755,32725,MU,,AZC,"Azeezia Institute of Medi Science, Meyyannoor, Kollam",MBBS,NM,37,mbbs_p1_final.pdf
2025,1,5756,32759,GN,,MBD,"Mar Baselious Dental College, Kothamangalam",BDS,NR,12,mbbs_p1_final.pdf
2025,1,5757,32771,EW,,MLD,"Malabar Dental College, Edappal",BDS,EW,19,mbbs_p1_final.pdf
2025,1,5758,32799,GN,,MZM,"Mount Zion Medical College, Pathanamthitta",MBBS,NR,39,mbbs_p1_final.pdf
2025,1,5759,32817,GN,,MZM,"Mount Zion Medical College, Pathanamthitta",MBBS,NR *,44,mbbs_p1_final.pdf
2025,1,5760,32857,GN,,PIM,"Palakkad Institute of Medical Sciences, Walayar",MBBS,NR,20,mbbs_p1_final.pdf
2025,1,5761,32860,MU,,KMM,"Karuna Medical College, Vilayodi, Palakkad",MBBS,NR,22,mbbs_p1_final.pdf
2025,1,5762,32884,GN,,TCM,"Govt. Medical College, Thrissur",MBBS,PD,3,mbbs_p1_final.pdf
2025,1,5763,32920,EW,,AID,"Sree Anjaneya Institue of Dental Scinces, Atholi, Kozhikode",BDS,EW,2,mbbs_p1_final.pdf
2025,1,5764,32923,GN,,MZM,"Mount Zion Medical College, Pathanamthitta",MBBS,NR,27,mbbs_p1_final.pdf
2025,1,5765,32925,GN,,KMM,"Karuna Medical College, Vilayodi, Palakkad",MBBS,NR,42,mbbs_p1_final.pdf
2025,1,5766,32993,MU,,KMM,"Karuna Medical College, Vilayodi, Palakkad",MBBS,NR,59,mbbs_p1_final.pdf
2025,1,5767,33012,KU,,AAD,"Al Azhar Dental College, Thodupuzha",BDS,KU,45,mbbs_p1_final.pdf
2025,1,5768,33020,GN,,KMM,"Karuna Medical College, Vilayodi, Palakkad",MBBS,NR,45,mbbs_p1_final.pdf
2025,1,5769,33062,GN,,KMM,"Karuna Medical College, Vilayodi, Palakkad",MBBS,NR,45,mbbs_p1_final.pdf
2025,1,5770,33074,GN,,KMM,"Karuna Medical College, Vilayodi, Palakkad",MBBS,NR,6,mbbs_p1_final.pdf
2025,1,5771,33139,LA,,AAM,"Al Azhar Medical college, Thodupuzha",MBBS,NR *,17,mbbs_p1_final.pdf
2025,1,5772,33166,EZ,,PIM,"Palakkad Institute of Medical Sciences, Walayar",MBBS,NR,49,mbbs_p1_final.pdf
2025,1,5773,33229,EW,,PIM,"Palakkad Institute of Medical Sciences, Walayar",MBBS,NR,32,mbbs_p1_final.pdf
2025,1,5774,33232,GN,,AAM,"Al Azhar Medical college, Thodupuzha",MBBS,NR,35,mbbs_p1_final.pdf
2025,1,5775,33234,ST,,KMD,"KMCT Dental College, Mambatta, Mukkam, Kozhikode",BDS,ST,23,mbbs_p1_final.pdf
2025,1,5776,33243,EZ,,KMM,"Karuna Medical College, Vilayodi, Palakkad",MBBS,NR,14,mbbs_p1_final.pdf
2025,1,5777,33348,GN,,KMM,"Karuna Medical College, Vilayodi, Palakkad",MBBS,NR,36,mbbs_p1_final.pdf
2025,1,5778,33369,GN,,AAM,"Al Azhar Medical college, Thodupuzha",MBBS,NR,24,mbbs_p1_final.pdf
2025,1,5779,33371,GN,,AAM,"Al Azhar Medical college, Thodupuzha",MBBS,NR,41,mbbs_p1_final.pdf
2025,1,5780,33515,GN,,MBD,"Mar Baselious Dental College, Kothamangalam",BDS,NR,12,mbbs_p1_final.pdf
2025,1,5781,33521,GN,,AAM,"Al Azhar Medical college, Thodupuzha",MBBS,NR,40,mbbs_p1_final.pdf
2025,1,5782,33589,GN,,PIM,"Palakkad Institute of Medical Sciences, Walayar",MBBS,NR,42,mbbs_p1_final.pdf
2025,1,5783,33655,MU,,AZC,"Azeezia Institute of Medi Science, Meyyannoor, Kollam",MBBS,NM,39,mbbs_p1_final.pdf
2025,1,5784,33665,MU,,AZC,"Azeezia Institute of Medi Science, Meyyannoor, Kollam",MBBS,NM,41,mbbs_p1_final.pdf
2025,1,5785,33711,LA,,PIM,"Palakkad Institute of Medical Sciences, Walayar",MBBS,NR,38,mbbs_p1_final.pdf
2025,1,5786,33727,MU,,AZC,"Azeezia Institute of Medi Science, Meyyannoor, Kollam",MBBS,NM,35,mbbs_p1_final.pdf
2025,1,5787,33802,EZ,,PIM,"Palakkad Institute of Medical Sciences, Walayar",MBBS,NR,2,mbbs_p1_final.pdf
2025,1,5788,33830,MU,,AAM,"Al Azhar Medical college, Thodupuzha",MBBS,NR,42,mbbs_p1_final.pdf
2025,1,5789,33955,MU,,AAD,"Al Azhar Dental College, Thodupuzha",BDS,NR *,2,mbbs_p1_final.pdf
2025,1,5790,33974,EW,,RDC,"Royal Dental College, Chalisery, Palakkad",BDS,EW,9,mbbs_p1_final.pdf
2025,1,5791,34011,ST,,MBD,"Mar Baselious Dental College, Kothamangalam",BDS,ST,40,mbbs_p1_final.pdf
2025,1,5792,34021,MU,,AAM,"Al Azhar Medical college, Thodupuzha",MBBS,NR,36,mbbs_p1_final.pdf
2025,1,5793,34042,EW,,AAD,"Al Azhar Dental College, Thodupuzha",BDS,EW,27,mbbs_p1_final.pdf
2025,1,5794,34125,ST,,KMD,"KMCT Dental College, Mambatta, Mukkam, Kozhikode",BDS,ST,12,mbbs_p1_final.pdf
2025,1,5795,34134,MU,,CMC,"Govt. Medical College, Ernakulam",MBBS,PD,5,mbbs_p1_final.pdf
2025,1,5796,34139,GN,,PIM,"Palakkad Institute of Medical Sciences, Walayar",MBBS,NR,30,mbbs_p1_final.pdf
2025,1,5797,34242,GN,,PIM,"Palakkad Institute of Medical Sciences, Walayar",MBBS,NR,32,mbbs_p1_final.pdf
2025,1,5798,34393,GN,,AAM,"Al Azhar Medical college, Thodupuzha",MBBS,NR,32,mbbs_p1_final.pdf
2025,1,5799,34434,EZ,,PIM,"Palakkad Institute of Medical Sciences, Walayar",MBBS,NR,47,mbbs_p1_final.pdf
2025,1,5800,34446,GN,,AAM,"Al Azhar Medical college, Thodupuzha",MBBS,NR,22,mbbs_p1_final.pdf
2025,1,5801,34454,GN,,MBD,"Mar Baselious Dental College, Kothamangalam",BDS,NR,54,mbbs_p1_final.pdf
2025,1,5802,34464,GN,,AAM,"Al Azhar Medical college, Thodupuzha",MBBS,NR,48,mbbs_p1_final.pdf
2025,1,5803,34507,GN,,AAM,"Al Azhar Medical college, Thodupuzha",MBBS,NR *,53,mbbs_p1_final.pdf
2025,1,5804,34509,GN,,AAM,"Al Azhar Medical college, Thodupuzha",MBBS,NR,58,mbbs_p1_final.pdf
2025,1,5805,34628,GN,,PIM,"Palakkad Institute of Medical Sciences, Walayar",MBBS,NR,78,mbbs_p1_final.pdf
2025,1,5806,34655,GN,,MBD,"Mar Baselious Dental College, Kothamangalam",BDS,NR,3,mbbs_p1_final.pdf
2025,1,5807,34661,GN,,KLM,"Govt. Medical College, Parippally, Kollam",MBBS,PD,1,mbbs_p1_final.pdf
2025,1,5808,34670,GN,,MBD,"Mar Baselious Dental College, Kothamangalam",BDS,NR,16,mbbs_p1_final.pdf
2025,1,5809,34704,MU,,AAM,"Al Azhar Medical college, Thodupuzha",MBBS,NR,55,mbbs_p1_final.pdf
2025,1,5810,34752,MU,,AAM,"Al Azhar Medical college, Thodupuzha",MBBS,NR,27,mbbs_p1_final.pdf
2025,1,5811,34753,MU,,AAM,"Al Azhar Medical college, Thodupuzha",MBBS,NR *,52,mbbs_p1_final.pdf
2025,1,5812,34781,GN,,AAM,"Al Azhar Medical college, Thodupuzha",MBBS,NR,50,mbbs_p1_final.pdf
2025,1,5813,34791,GN,,AAM,"Al Azhar Medical college, Thodupuzha",MBBS,NR *,50,mbbs_p1_final.pdf
2025,1,5814,34821,MU,,MLP,"Govt. Medical College, Manjeri",MBBS,PD,2,mbbs_p1_final.pdf
2025,1,5815,34833,EZ,,PIM,"Palakkad Institute of Medical Sciences, Walayar",MBBS,NR,37,mbbs_p1_final.pdf
2025,1,5816,34918,MU,,PIM,"Palakkad Institute of Medical Sciences, Walayar",MBBS,NR,56,mbbs_p1_final.pdf
2025,1,5817,34962,GN,,PIM,"Palakkad Institute of Medical Sciences, Walayar",MBBS,NR,52,mbbs_p1_final.pdf
2025,1,5818,35067,MU,,PIM,"Palakkad Institute of Medical Sciences, Walayar",MBBS,NR,46,mbbs_p1_final.pdf
2025,1,5819,35193,MU,,AZD,"Azeezia College of Dental Science, Meyyannoor, Kollam",BDS,NR,13,mbbs_p1_final.pdf
2025,1,5820,35375,GN,,CMC,"Govt. Medical College, Ernakulam",MBBS,PD,2,mbbs_p1_final.pdf
2025,1,5821,35392,EW,,ADC,"Annoor Dental College, Puthuppady, Muvattupuzha",BDS,EW,26,mbbs_p1_final.pdf
2025,1,5822,35448,ST,,ADC,"Annoor Dental College, Puthuppady, Muvattupuzha",BDS,ST,48,mbbs_p1_final.pdf
2025,1,5823,35646,ST,,MLD,"Malabar Dental College, Edappal",BDS,ST,40,mbbs_p1_final.pdf
2025,1,5824,35697,MU,,CMC,"Govt. Medical College, Ernakulam",MBBS,PD,1,mbbs_p1_final.pdf
2025,1,5825,35774,MU,,PSD,"PSM College of Dental Sciences, Thrissur",BDS,NR,66,mbbs_p1_final.pdf
2025,1,5826,35920,ST,,IGD,"Indira Gandhi Institute of Dental Sciences, Kothamangalam",BDS,ST,40,mbbs_p1_final.pdf
2025,1,5827,36159,MU,,ALP,"T D Govt. Medical College, Alappuzha",MBBS,PD,5,mbbs_p1_final.pdf
2025,1,5828,36474,ST,,IGD,"Indira Gandhi Institute of Dental Sciences, Kothamangalam",BDS,ST,14,mbbs_p1_final.pdf
2025,1,5829,36490,GN,,MBD,"Mar Baselious Dental College, Kothamangalam",BDS,NR,53,mbbs_p1_final.pdf
2025,1,5830,36554,EW,,RDC,"Royal Dental College, Chalisery, Palakkad",BDS,EW,7,mbbs_p1_final.pdf
2025,1,5831,36626,EW,,MLD,"Malabar Dental College, Edappal",BDS,EW,8,mbbs_p1_final.pdf
2025,1,5832,36644,GN,,MLP,"Govt. Medical College, Manjeri",MBBS,PD,4,mbbs_p1_final.pdf
2025,1,5833,36670,EW,,PSD,"PSM College of Dental Sciences, Thrissur",BDS,EW,46,mbbs_p1_final.pdf
2025,1,5834,36693,ST,,MED,"MES Dental College, Perinthalmanna",BDS,ST,40,mbbs_p1_final.pdf
2025,1,5835,36778,EW,,RDC,"Royal Dental College, Chalisery, Palakkad",BDS,EW,7,mbbs_p1_final.pdf
2025,1,5836,36870,GN,,PMS,"PMS College of Dental Sciences, Vattappara, TVPM",BDS,NR *,4,mbbs_p1_final.pdf
2025,1,5837,36880,EW,,SVD,"Sri Sankara Dental College, Akathumuri, Varkala",BDS,EW,21,mbbs_p1_final.pdf
2025,1,5838,36990,GN,,PMS,"PMS College of Dental Sciences, Vattappara, TVPM",BDS,NR *,64,mbbs_p1_final.pdf
2025,1,5839,37001,GN,,TRD,"Travancore DentalCollege, Kollam",BDS,NR,15,mbbs_p1_final.pdf
2025,1,5840,37009,GN,,PSD,"PSM College of Dental Sciences, Thrissur",BDS,NR,3,mbbs_p1_final.pdf
2025,1,5841,37011,GN,,PMS,"PMS College of Dental Sciences, Vattappara, TVPM",BDS,NR,64,mbbs_p1_final.pdf
2025,1,5842,37157,GN,,PMS,"PMS College of Dental Sciences, Vattappara, TVPM",BDS,NR,5,mbbs_p1_final.pdf
2025,1,5843,37194,GN,,ALP,"T D Govt. Medical College, Alappuzha",MBBS,PD,4,mbbs_p1_final.pdf
2025,1,5844,37287,MU,,KLM,"Govt. Medical College, Parippally, Kollam",MBBS,PD,1,mbbs_p1_final.pdf
2025,1,5845,37360,KU,,AID,"Sree Anjaneya Institue of Dental Scinces, Atholi, Kozhikode",BDS,KU,10,mbbs_p1_final.pdf
2025,1,5846,37391,EZ,,MLP,"Govt. Medical College, Manjeri",MBBS,PD,5,mbbs_p1_final.pdf
2025,1,5847,37397,ST,,SGD,"St. Gregorios Dental College, Chelad, Kothamangalam",BDS,ST,45,mbbs_p1_final.pdf
2025,1,5848,37442,EW,,ADC,"Annoor Dental College, Puthuppady, Muvattupuzha",BDS,EW,48,mbbs_p1_final.pdf
2025,1,5849,37564,GN,,PMS,"PMS College of Dental Sciences, Vattappara, TVPM",BDS,NR,59,mbbs_p1_final.pdf
2025,1,5850,37584,ST,,PSD,"PSM College of Dental Sciences, Thrissur",BDS,ST,41,mbbs_p1_final.pdf
2025,1,5851,37708,KU,,SVD,"Sri Sankara Dental College, Akathumuri, Varkala",BDS,KU,50,mbbs_p1_final.pdf
2025,1,5852,37746,MU,,ALP,"T D Govt. Medical College, Alappuzha",MBBS,PD,4,mbbs_p1_final.pdf
2025,1,5853,37966,KU,,EID,"Educare Institute of Dental Sciences, Malappuram",BDS,KU,20,mbbs_p1_final.pdf
2025,1,5854,38057,ST,,AZD,"Azeezia College of Dental Science, Meyyannoor, Kollam",BDS,ST,45,mbbs_p1_final.pdf
2025,1,5855,38086,GN,,TRD,"Travancore DentalCollege, Kollam",BDS,NR,2,mbbs_p1_final.pdf
2025,1,5856,38103,GN,,SVD,"Sri Sankara Dental College, Akathumuri, Varkala",BDS,NR,2,mbbs_p1_final.pdf
2025,1,5857,38117,GN,,SGD,"St. Gregorios Dental College, Chelad, Kothamangalam",BDS,NR,56,mbbs_p1_final.pdf
2025,1,5858,38183,EW,,SVD,"Sri Sankara Dental College, Akathumuri, Varkala",BDS,EW,7,mbbs_p1_final.pdf
2025,1,5859,38295,EW,,SVD,"Sri Sankara Dental College, Akathumuri, Varkala",BDS,EW,20,mbbs_p1_final.pdf
2025,1,5860,38304,GN,,PMS,"PMS College of Dental Sciences, Vattappara, TVPM",BDS,NR,13,mbbs_p1_final.pdf
2025,1,5861,38350,EW,,AZD,"Azeezia College of Dental Science, Meyyannoor, Kollam",BDS,EW,14,mbbs_p1_final.pdf
2025,1,5862,38373,MU,,TRD,"Travancore DentalCollege, Kollam",BDS,NR,38,mbbs_p1_final.pdf
2025,1,5863,38396,EW,,AAD,"Al Azhar Dental College, Thodupuzha",BDS,EW,46,mbbs_p1_final.pdf
2025,1,5864,38465,GN,,AZD,"Azeezia College of Dental Science, Meyyannoor, Kollam",BDS,NR,56,mbbs_p1_final.pdf
2025,1,5865,38502,GN,,ALP,"T D Govt. Medical College, Alappuzha",MBBS,PD,2,mbbs_p1_final.pdf
2025,1,5866,38579,EW,,RDC,"Royal Dental College, Chalisery, Palakkad",BDS,EW,13,mbbs_p1_final.pdf
2025,1,5867,38904,ST,,AID,"Sree Anjaneya Institue of Dental Scinces, Atholi, Kozhikode",BDS,ST,40,mbbs_p1_final.pdf
2025,1,5868,38941,GN,,SGD,"St. Gregorios Dental College, Chelad, Kothamangalam",BDS,NR *,41,mbbs_p1_final.pdf
2025,1,5869,39025,VK,,ALP,"T D Govt. Medical College, Alappuzha",MBBS,PD,4,mbbs_p1_final.pdf
2025,1,5870,39207,ST,,PSD,"PSM College of Dental Sciences, Thrissur",BDS,ST,23,mbbs_p1_final.pdf
2025,1,5871,39220,EW,,PSD,"PSM College of Dental Sciences, Thrissur",BDS,EW,22,mbbs_p1_final.pdf
2025,1,5872,39253,EW,,ALP,"T D Govt. Medical College, Alappuzha",MBBS,PD,5,mbbs_p1_final.pdf
2025,1,5873,39263,EW,,AZD,"Azeezia College of Dental Science, Meyyannoor, Kollam",BDS,EW,21,mbbs_p1_final.pdf
2025,1,5874,39276,ST,,MED,"MES Dental College, Perinthalmanna",BDS,ST,40,mbbs_p1_final.pdf
2025,1,5875,39281,EW,,CMC,"Govt. Medical College, Ernakulam",MBBS,PD,5,mbbs_p1_final.pdf
2025,1,5876,39318,EW,,AZD,"Azeezia College of Dental Science, Meyyannoor, Kollam",BDS,EW,1,mbbs_p1_final.pdf
2025,1,5877,39400,GN,,PMS,"PMS College of Dental Sciences, Vattappara, TVPM",BDS,NR,51,mbbs_p1_final.pdf
2025,1,5878,39421,MU,,RDC,"Royal Dental College, Chalisery, Palakkad",BDS,NR,12,mbbs_p1_final.pdf
2025,1,5879,39437,GN,,ALP,"T D Govt. Medical College, Alappuzha",MBBS,PD,2,mbbs_p1_final.pdf
2025,1,5880,39447,GN,,IGD,"Indira Gandhi Institute of Dental Sciences, Kothamangalam",BDS,NR,29,mbbs_p1_final.pdf
2025,1,5881,39643,GN,,CMC,"Govt. Medical College, Ernakulam",MBBS,PD,1,mbbs_p1_final.pdf
2025,1,5882,39698,EW,,SVD,"Sri Sankara Dental College, Akathumuri, Varkala",BDS,EW,2,mbbs_p1_final.pdf
2025,1,5883,39701,MU,,AZD,"Azeezia College of Dental Science, Meyyannoor, Kollam",BDS,NR,7,mbbs_p1_final.pdf
2025,1,5884,39727,BH,,KNM,Government Medical College Kannur,MBBS,PD,6,mbbs_p1_final.pdf
2025,1,5885,39845,GN,,ADC,"Annoor Dental College, Puthuppady, Muvattupuzha",BDS,NR *,8,mbbs_p1_final.pdf
2025,1,5886,39940,GN,,PTM,"Government Medical College, Konni, Pathanamthitta",MBBS,PD,5,mbbs_p1_final.pdf
2025,1,5887,40037,ST,,EID,"Educare Institute of Dental Sciences, Malappuram",BDS,ST,41,mbbs_p1_final.pdf
2025,1,5888,40133,ST,,AID,"Sree Anjaneya Institue of Dental Scinces, Atholi, Kozhikode",BDS,ST,8,mbbs_p1_final.pdf
2025,1,5889,40160,EW,,MED,"MES Dental College, Perinthalmanna",BDS,EW,39,mbbs_p1_final.pdf
2025,1,5890,40190,ST,,NID,"Noorul Islam College of Dental Science, Neyyattinkara",BDS,ST #,25,mbbs_p1_final.pdf
2025,1,5891,40278,EW,,SVD,"Sri Sankara Dental College, Akathumuri, Varkala",BDS,EW,41,mbbs_p1_final.pdf
2025,1,5892,40358,ST,,EID,"Educare Institute of Dental Sciences, Malappuram",BDS,ST,35,mbbs_p1_final.pdf
2025,1,5893,40373,EW,,AZD,"Azeezia College of Dental Science, Meyyannoor, Kollam",BDS,EW,23,mbbs_p1_final.pdf
2025,1,5894,40459,EW,,KNM,Government Medical College Kannur,MBBS,PD,4,mbbs_p1_final.pdf
2025,1,5895,40492,EZ,,PMS,"PMS College of Dental Sciences, Vattappara, TVPM",BDS,NR,20,mbbs_p1_final.pdf
2025,1,5896,40533,ST,,SVD,"Sri Sankara Dental College, Akathumuri, Varkala",BDS,ST,25,mbbs_p1_final.pdf
2025,1,5897,40571,EZ,,PMS,"PMS College of Dental Sciences, Vattappara, TVPM",BDS,NR,47,mbbs_p1_final.pdf
2025,1,5898,40683,ST,,SVD,"Sri Sankara Dental College, Akathumuri, Varkala",BDS,ST,24,mbbs_p1_final.pdf
2025,1,5899,40785,GN,,PMS,"PMS College of Dental Sciences, Vattappara, TVPM",BDS,NR,2,mbbs_p1_final.pdf
2025,1,5900,40831,ST,,MLD,"Malabar Dental College, Edappal",BDS,ST,49,mbbs_p1_final.pdf
2025,1,5901,40844,MU,,TRD,"Travancore DentalCollege, Kollam",BDS,NM,57,mbbs_p1_final.pdf
2025,1,5902,40866,GN,,RDC,"Royal Dental College, Chalisery, Palakkad",BDS,NR,26,mbbs_p1_final.pdf
2025,1,5903,40883,MU,,TRD,"Travancore DentalCollege, Kollam",BDS,NM,49,mbbs_p1_final.pdf
2025,1,5904,40957,EZ,,RDC,"Royal Dental College, Chalisery, Palakkad",BDS,NR,24,mbbs_p1_final.pdf
2025,1,5905,41008,EW,,MLD,"Malabar Dental College, Edappal",BDS,EW,35,mbbs_p1_final.pdf
2025,1,5906,41059,GN,,KLM,"Govt. Medical College, Parippally, Kollam",MBBS,PD,1,mbbs_p1_final.pdf
2025,1,5907,41106,GN,,PSD,"PSM College of Dental Sciences, Thrissur",BDS,NR,2,mbbs_p1_final.pdf
2025,1,5908,41217,GN,,PSD,"PSM College of Dental Sciences, Thrissur",BDS,NR,57,mbbs_p1_final.pdf
2025,1,5909,41385,EW,,MED,"MES Dental College, Perinthalmanna",BDS,EW,15,mbbs_p1_final.pdf
2025,1,5910,41418,GN,,SVD,"Sri Sankara Dental College, Akathumuri, Varkala",BDS,NR,4,mbbs_p1_final.pdf
2025,1,5911,41575,MU,,KNM,Government Medical College Kannur,MBBS,PD,6,mbbs_p1_final.pdf
2025,1,5912,41577,GN,,IGD,"Indira Gandhi Institute of Dental Sciences, Kothamangalam",BDS,NR,14,mbbs_p1_final.pdf
2025,1,5913,41698,MU,,KNM,Government Medical College Kannur,MBBS,PD,7,mbbs_p1_final.pdf
2025,1,5914,41767,GN,,ADC,"Annoor Dental College, Puthuppady, Muvattupuzha",BDS,NR,2,mbbs_p1_final.pdf
2025,1,5915,41933,ST,,RDC,"Royal Dental College, Chalisery, Palakkad",BDS,ST,40,mbbs_p1_final.pdf
2025,1,5916,41988,MU,,RDC,"Royal Dental College, Chalisery, Palakkad",BDS,NR,27,mbbs_p1_final.pdf
2025,1,5917,42151,GN,,SGD,"St. Gregorios Dental College, Chelad, Kothamangalam",BDS,NR,49,mbbs_p1_final.pdf
2025,1,5918,42163,BH,,NID,"Noorul Islam College of Dental Science, Neyyattinkara",BDS,NR,4,mbbs_p1_final.pdf
2025,1,5919,42215,GN,,IGD,"Indira Gandhi Institute of Dental Sciences, Kothamangalam",BDS,NR,8,mbbs_p1_final.pdf
2025,1,5920,42258,GN,,IGD,"Indira Gandhi Institute of Dental Sciences, Kothamangalam",BDS,NR,11,mbbs_p1_final.pdf
2025,1,5921,42273,EW,,AZD,"Azeezia College of Dental Science, Meyyannoor, Kollam",BDS,EW,22,mbbs_p1_final.pdf
2025,1,5922,42306,GN,,RDC,"Royal Dental College, Chalisery, Palakkad",BDS,NR,2,mbbs_p1_final.pdf
2025,1,5923,42359,GN,,IGD,"Indira Gandhi Institute of Dental Sciences, Kothamangalam",BDS,NR,29,mbbs_p1_final.pdf
2025,1,5924,42370,EW,,AAD,"Al Azhar Dental College, Thodupuzha",BDS,EW,16,mbbs_p1_final.pdf
2025,1,5925,42478,GN,,RDC,"Royal Dental College, Chalisery, Palakkad",BDS,NR,3,mbbs_p1_final.pdf
2025,1,5926,42669,ST,,KAD,"Kannur Dental College, Anjarakandy, Kannur",BDS,ST,44,mbbs_p1_final.pdf
2025,1,5927,42761,MU,,AAD,"Al Azhar Dental College, Thodupuzha",BDS,NR *,48,mbbs_p1_final.pdf
2025,1,5928,42863,SC,,ALD,"Government Dental College, Alappuzha",BDS,CC,13,mbbs_p1_final.pdf
2025,1,5929,42886,MU,,PTM,"Government Medical College, Konni, Pathanamthitta",MBBS,PD,10,mbbs_p1_final.pdf
2025,1,5930,42969,MU,,PTM,"Government Medical College, Konni, Pathanamthitta",MBBS,PD,11,mbbs_p1_final.pdf
2025,1,5931,43000,MU,,AAD,"Al Azhar Dental College, Thodupuzha",BDS,NR,83,mbbs_p1_final.pdf
2025,1,5932,43026,MU,,TRD,"Travancore DentalCollege, Kollam",BDS,NM *,3,mbbs_p1_final.pdf
2025,1,5933,43351,MU,,IDM,Government Medical College Idukki,MBBS,PD,8,mbbs_p1_final.pdf
2025,1,5934,43397,MU,,TRD,"Travancore DentalCollege, Kollam",BDS,NM *,3,mbbs_p1_final.pdf
2025,1,5935,43449,ST,,KAD,"Kannur Dental College, Anjarakandy, Kannur",BDS,ST,55,mbbs_p1_final.pdf
2025,1,5936,43596,MU,,ADC,"Annoor Dental College, Puthuppady, Muvattupuzha",BDS,NR,63,mbbs_p1_final.pdf
2025,1,5937,43642,EZ,,IDM,Government Medical College Idukki,MBBS,PD,9,mbbs_p1_final.pdf
2025,1,5938,43690,EW,,SVD,"Sri Sankara Dental College, Akathumuri, Varkala",BDS,EW,48,mbbs_p1_final.pdf
2025,1,5939,43712,GN,,PTM,"Government Medical College, Konni, Pathanamthitta",MBBS,PD,4,mbbs_p1_final.pdf
2025,1,5940,43735,BH,,IDM,Government Medical College Idukki,MBBS,PD,12,mbbs_p1_final.pdf
2025,1,5941,43775,EW,,IDM,Government Medical College Idukki,MBBS,PD,11,mbbs_p1_final.pdf
2025,1,5942,43987,MU,,AZD,"Azeezia College of Dental Science, Meyyannoor, Kollam",BDS,NR,6,mbbs_p1_final.pdf
2025,1,5943,44014,MU,,AZD,"Azeezia College of Dental Science, Meyyannoor, Kollam",BDS,NR,12,mbbs_p1_final.pdf
2025,1,5944,44017,MU,,AAD,"Al Azhar Dental College, Thodupuzha",BDS,NR *,28,mbbs_p1_final.pdf
2025,1,5945,44350,MU,,AZD,"Azeezia College of Dental Science, Meyyannoor, Kollam",BDS,NR,75,mbbs_p1_final.pdf
2025,1,5946,44825,MU,,ADC,"Annoor Dental College, Puthuppady, Muvattupuzha",BDS,NR,3,mbbs_p1_final.pdf
