year,phase,serial_no,state_rank,candidate_category,allotted_category,college_code,college_name,course,seat_type,option_no,source_file
2025,2,1,4,General,SM,KKM,"Govt. Medical College, Kozhikkode",MBBS,SM,1,mbbs_p2_final.pdf
2025,2,2,5,General,SM,KKM,"Govt. Medical College, Kozhikkode",MBBS,SM,1,mbbs_p2_final.pdf
2025,2,3,37,MU,SM,KKM,"Govt. Medical College, Kozhikkode",MBBS,SM,1,mbbs_p2_final.pdf
2025,2,4,55,General,SM,TVM,"Govt. Medical College, Thiruvananthapuram",MBBS,SM,1,mbbs_p2_final.pdf
2025,2,5,63,MU,SM,KKM,"Govt. Medical College, Kozhikkode",MBBS,SM,1,mbbs_p2_final.pdf
2025,2,6,67,MU,SM,KKM,"Govt. Medical College, Kozhikkode",MBBS,SM,1,mbbs_p2_final.pdf
2025,2,7,70,EW,SM,KKM,"Govt. Medical College, Kozhikkode",MBBS,SM,1,mbbs_p2_final.pdf
2025,2,8,72,MU,SM,KKM,"Govt. Medical College, Kozhikkode",MBBS,SM,1,mbbs_p2_final.pdf
2025,2,9,75,General,SM,KKM,"Govt. Medical College, Kozhikkode",MBBS,SM,1,mbbs_p2_final.pdf
2025,2,10,81,MU,SM,KKM,"Govt. Medical College, Kozhikkode",MBBS,SM,1,mbbs_p2_final.pdf
2025,2,11,83,EZ,SM,KKM,"Govt. Medical College, Kozhikkode",MBBS,SM,1,mbbs_p2_final.pdf
2025,2,12,84,MU,SM,KKM,"Govt. Medical College, Kozhikkode",MBBS,SM,1,mbbs_p2_final.pdf
2025,2,13,85,EZ,SM,KKM,"Govt. Medical College, Kozhikkode",MBBS,SM,1,mbbs_p2_final.pdf
2025,2,14,86,General,SM,KKM,"Govt. Medical College, Kozhikkode",MBBS,SM,1,mbbs_p2_final.pdf
2025,2,15,87,EZ,SM,KKM,"Govt. Medical College, Kozhikkode",MBBS,SM,1,mbbs_p2_final.pdf
2025,2,16,89,MU,SM,KKM,"Govt. Medical College, Kozhikkode",MBBS,SM,1,mbbs_p2_final.pdf
2025,2,17,90,General,SM,KKM,"Govt. Medical College, Kozhikkode",MBBS,SM,1,mbbs_p2_final.pdf
2025,2,18,91,General,SM,TVM,"Govt. Medical College, Thiruvananthapuram",MBBS,SM,1,mbbs_p2_final.pdf
2025,2,19,92,MU,SM,KKM,"Govt. Medical College, Kozhikkode",MBBS,SM,1,mbbs_p2_final.pdf
2025,2,20,97,General,SM,TVM,"Govt. Medical College, Thiruvananthapuram",MBBS,SM,1,mbbs_p2_final.pdf
2025,2,21,99,General,SM,KKM,"Govt. Medical College, Kozhikkode",MBBS,SM,1,mbbs_p2_final.pdf
2025,2,22,100,General,SM,ALP,"T D Govt. Medical College, Alappuzha",MBBS,SM,1,mbbs_p2_final.pdf
2025,2,23,101,MU,SM,KKM,"Govt. Medical College, Kozhikkode",MBBS,SM,1,mbbs_p2_final.pdf
2025,2,24,104,General,SM,TVM,"Govt. Medical College, Thiruvananthapuram",MBBS,SM,1,mbbs_p2_final.pdf
2025,2,25,105,EW,SM,TVM,"Govt. Medical College, Thiruvananthapuram",MBBS,SM,1,mbbs_p2_final.pdf
2025,2,26,106,General,SM,TVM,"Govt. Medical College, Thiruvananthapuram",MBBS,SM,1,mbbs_p2_final.pdf
2025,2,27,107,MU,SM,TVM,"Govt. Medical College, Thiruvananthapuram",MBBS,SM,1,mbbs_p2_final.pdf
2025,2,28,112,MU,SM,KKM,"Govt. Medical College, Kozhikkode",MBBS,SM,1,mbbs_p2_final.pdf
2025,2,29,114,VK,SM,KKM,"Govt. Medical College, Kozhikkode",MBBS,SM,1,mbbs_p2_final.pdf
2025,2,30,115,MU,SM,KKM,"Govt. Medical College, Kozhikkode",MBBS,SM,1,mbbs_p2_final.pdf
2025,2,31,117,MU,SM,KKM,"Govt. Medical College, Kozhikkode",MBBS,SM,1,mbbs_p2_final.pdf
2025,2,32,118,General,SM,TVM,"Govt. Medical College, Thiruvananthapuram",MBBS,SM,1,mbbs_p2_final.pdf
2025,2,33,120,MU,SM,TVM,"Govt. Medical College, Thiruvananthapuram",MBBS,SM,1,mbbs_p2_final.pdf
2025,2,34,121,MU,SM,KKM,"Govt. Medical College, Kozhikkode",MBBS,SM,1,mbbs_p2_final.pdf
2025,2,35,122,EW,SM,TVM,"Govt. Medical College, Thiruvananthapuram",MBBS,SM,1,mbbs_p2_final.pdf
2025,2,36,123,General,SM,TCM,"Govt. Medical College, Thrissur",MBBS,SM,1,mbbs_p2_final.pdf
2025,2,37,124,MU,SM,KKM,"Govt. Medical College, Kozhikkode",MBBS,SM,1,mbbs_p2_final.pdf
2025,2,38,125,MU,SM,KKM,"Govt. Medical College, Kozhikkode",MBBS,SM,1,mbbs_p2_final.pdf
2025,2,39,126,EZ,SM,TCM,"Govt. Medical College, Thrissur",MBBS,SM,1,mbbs_p2_final.pdf
2025,2,40,128,MU,SM,KKM,"Govt. Medical College, Kozhikkode",MBBS,SM,1,mbbs_p2_final.pdf
2025,2,41,129,MU,SM,KKM,"Govt. Medical College, Kozhikkode",MBBS,SM,1,mbbs_p2_final.pdf
2025,2,42,130,General,SM,TVM,"Govt. Medical College, Thiruvananthapuram",MBBS,SM,1,mbbs_p2_final.pdf
2025,2,43,131,General,SM,KTM,"Govt. Medical College, Kottayam",MBBS,SM,1,mbbs_p2_final.pdf
2025,2,44,132,MU,SM,KKM,"Govt. Medical College, Kozhikkode",MBBS,SM,1,mbbs_p2_final.pdf
2025,2,45,133,EZ,SM,KKM,"Govt. Medical College, Kozhikkode",MBBS,SM,1,mbbs_p2_final.pdf
2025,2,46,134,MU,SM,KKM,"Govt. Medical College, Kozhikkode",MBBS,SM,1,mbbs_p2_final.pdf
2025,2,47,135,MU,SM,KKM,"Govt. Medical College, Kozhikkode",MBBS,SM,1,mbbs_p2_final.pdf
2025,2,48,136,EZ,SM,TVM,"Govt. Medical College, Thiruvananthapuram",MBBS,SM,1,mbbs_p2_final.pdf
2025,2,49,138,MU,SM,KKM,"Govt. Medical College, Kozhikkode",MBBS,SM,1,mbbs_p2_final.pdf
2025,2,50,139,BH,SM,KKM,"Govt. Medical College, Kozhikkode",MBBS,SM,1,mbbs_p2_final.pdf
2025,2,51,142,MU,SM,TVM,"Govt. Medical College, Thiruvananthapuram",MBBS,SM,1,mbbs_p2_final.pdf
2025,2,52,143,General,SM,KKM,"Govt. Medical College, Kozhikkode",MBBS,SM,1,mbbs_p2_final.pdf
2025,2,53,145,LA,SM,TVM,"Govt. Medical College, Thiruvananthapuram",MBBS,SM,1,mbbs_p2_final.pdf
2025,2,54,146,EZ,SM,KKM,"Govt. Medical College, Kozhikkode",MBBS,SM,1,mbbs_p2_final.pdf
2025,2,55,147,MU,SM,KKM,"Govt. Medical College, Kozhikkode",MBBS,SM,1,mbbs_p2_final.pdf
2025,2,56,148,MU,SM,KKM,"Govt. Medical College, Kozhikkode",MBBS,SM,1,mbbs_p2_final.pdf
2025,2,57,150,EZ,SM,KKM,"Govt. Medical College, Kozhikkode",MBBS,SM,1,mbbs_p2_final.pdf
2025,2,58,151,VK,SM,KKM,"Govt. Medical College, Kozhikkode",MBBS,SM,1,mbbs_p2_final.pdf
2025,2,59,152,MU,SM,KKM,"Govt. Medical College, Kozhikkode",MBBS,SM,1,mbbs_p2_final.pdf
2025,2,60,153,MU,SM,KKM,"Govt. Medical College, Kozhikkode",MBBS,SM,1,mbbs_p2_final.pdf
2025,2,61,154,MU,SM,KKM,"Govt. Medical College, Kozhikkode",MBBS,SM,1,mbbs_p2_final.pdf
2025,2,62,156,General,SM,KKM,"Govt. Medical College, Kozhikkode",MBBS,SM,1,mbbs_p2_final.pdf
2025,2,63,157,General,SM,TVM,"Govt. Medical College, Thiruvananthapuram",MBBS,SM,1,mbbs_p2_final.pdf
2025,2,64,158,MU,SM,KKM,"Govt. Medical College, Kozhikkode",MBBS,SM,1,mbbs_p2_final.pdf
2025,2,65,159,General,SM,TCM,"Govt. Medical College, Thrissur",MBBS,SM,1,mbbs_p2_final.pdf
2025,2,66,160,EZ,SM,KKM,"Govt. Medical College, Kozhikkode",MBBS,SM,1,mbbs_p2_final.pdf
2025,2,67,161,General,SM,TVM,"Govt. Medical College, Thiruvananthapuram",MBBS,SM,1,mbbs_p2_final.pdf
2025,2,68,162,VK,SM,KKM,"Govt. Medical College, Kozhikkode",MBBS,SM,1,mbbs_p2_final.pdf
2025,2,69,164,MU,SM,KKM,"Govt. Medical College, Kozhikkode",MBBS,SM,1,mbbs_p2_final.pdf
2025,2,70,165,MU,SM,KKM,"Govt. Medical College, Kozhikkode",MBBS,SM,1,mbbs_p2_final.pdf
2025,2,71,166,BX,SM,KKM,"Govt. Medical College, Kozhikkode",MBBS,SM,1,mbbs_p2_final.pdf
2025,2,72,167,EW,SM,KKM,"Govt. Medical College, Kozhikkode",MBBS,SM,1,mbbs_p2_final.pdf
2025,2,73,169,MU,SM,KKM,"Govt. Medical College, Kozhikkode",MBBS,SM,1,mbbs_p2_final.pdf
2025,2,74,170,General,SM,KTM,"Govt. Medical College, Kottayam",MBBS,SM,1,mbbs_p2_final.pdf
2025,2,75,171,MU,SM,KKM,"Govt. Medical College, Kozhikkode",MBBS,SM,1,mbbs_p2_final.pdf
2025,2,76,173,General,SM,KKM,"Govt. Medical College, Kozhikkode",MBBS,SM,1,mbbs_p2_final.pdf
2025,2,77,174,MU,SM,KTM,"Govt. Medical College, Kottayam",MBBS,SM,1,mbbs_p2_final.pdf
2025,2,78,175,General,SM,KKM,"Govt. Medical College, Kozhikkode",MBBS,SM,1,mbbs_p2_final.pdf
2025,2,79,176,EZ,SM,KKM,"Govt. Medical College, Kozhikkode",MBBS,SM,1,mbbs_p2_final.pdf
2025,2,80,177,MU,SM,KKM,"Govt. Medical College, Kozhikkode",MBBS,SM,1,mbbs_p2_final.pdf
2025,2,81,178,General,SM,KKM,"Govt. Medical College, Kozhikkode",MBBS,SM,1,mbbs_p2_final.pdf
2025,2,82,180,BH,SM,TVM,"Govt. Medical College, Thiruvananthapuram",MBBS,SM,1,mbbs_p2_final.pdf
2025,2,83,181,EZ,SM,KKM,"Govt. Medical College, Kozhikkode",MBBS,SM,1,mbbs_p2_final.pdf
2025,2,84,182,General,SM,KKM,"Govt. Medical College, Kozhikkode",MBBS,SM,1,mbbs_p2_final.pdf
2025,2,85,183,General,SM,KKM,"Govt. Medical College, Kozhikkode",MBBS,SM,1,mbbs_p2_final.pdf
2025,2,86,184,EZ,SM,KKM,"Govt. Medical College, Kozhikkode",MBBS,SM,1,mbbs_p2_final.pdf
2025,2,87,185,BH,SM,KKM,"Govt. Medical College, Kozhikkode",MBBS,SM,1,mbbs_p2_final.pdf
2025,2,88,186,MU,SM,KKM,"Govt. Medical College, Kozhikkode",MBBS,SM,1,mbbs_p2_final.pdf
2025,2,89,187,EW,SM,KKM,"Govt. Medical College, Kozhikkode",MBBS,SM,1,mbbs_p2_final.pdf
2025,2,90,188,EZ,SM,KKM,"Govt. Medical College, Kozhikkode",MBBS,SM,1,mbbs_p2_final.pdf
2025,2,91,189,MU,SM,KKM,"Govt. Medical College, Kozhikkode",MBBS,SM,1,mbbs_p2_final.pdf
2025,2,92,191,MU,SM,KKM,"Govt. Medical College, Kozhikkode",MBBS,SM,1,mbbs_p2_final.pdf
2025,2,93,192,EW,SM,TVM,"Govt. Medical College, Thiruvananthapuram",MBBS,SM,1,mbbs_p2_final.pdf
2025,2,94,193,General,SM,TVM,"Govt. Medical College, Thiruvananthapuram",MBBS,SM,1,mbbs_p2_final.pdf
2025,2,95,195,General,SM,KTM,"Govt. Medical College, Kottayam",MBBS,SM,1,mbbs_p2_final.pdf
2025,2,96,196,EW,SM,TVM,"Govt. Medical College, Thiruvananthapuram",MBBS,SM,1,mbbs_p2_final.pdf
2025,2,97,197,General,SM,KKM,"Govt. Medical College, Kozhikkode",MBBS,SM,1,mbbs_p2_final.pdf
2025,2,98,198,General,SM,KKM,"Govt. Medical College, Kozhikkode",MBBS,SM,1,mbbs_p2_final.pdf
2025,2,99,199,MU,SM,KKM,"Govt. Medical College, Kozhikkode",MBBS,SM,1,mbbs_p2_final.pdf
2025,2,100,200,General,SM,TVM,"Govt. Medical College, Thiruvananthapuram",MBBS,SM,1,mbbs_p2_final.pdf
2025,2,101,201,General,SM,KKM,"Govt. Medical College, Kozhikkode",MBBS,SM,1,mbbs_p2_final.pdf
2025,2,102,203,MU,SM,KKM,"Govt. Medical College, Kozhikkode",MBBS,SM,1,mbbs_p2_final.pdf
2025,2,103,204,MU,SM,KKM,"Govt. Medical College, Kozhikkode",MBBS,SM,1,mbbs_p2_final.pdf
2025,2,104,205,MU,SM,KKM,"Govt. Medical College, Kozhikkode",MBBS,SM,1,mbbs_p2_final.pdf
2025,2,105,206,General,SM,KKM,"Govt. Medical College, Kozhikkode",MBBS,SM,1,mbbs_p2_final.pdf
2025,2,106,207,General,SM,KKM,"Govt. Medical College, Kozhikkode",MBBS,SM,1,mbbs_p2_final.pdf
2025,2,107,208,EZ,SM,TVM,"Govt. Medical College, Thiruvananthapuram",MBBS,SM,1,mbbs_p2_final.pdf
2025,2,108,209,EZ,SM,TVM,"Govt. Medical College, Thiruvananthapuram",MBBS,SM,1,mbbs_p2_final.pdf
2025,2,109,210,General,SM,TVM,"Govt. Medical College, Thiruvananthapuram",MBBS,SM,1,mbbs_p2_final.pdf
2025,2,110,211,General,SM,KKM,"Govt. Medical College, Kozhikkode",MBBS,SM,1,mbbs_p2_final.pdf
2025,2,111,212,MU,SM,TVM,"Govt. Medical College, Thiruvananthapuram",MBBS,SM,1,mbbs_p2_final.pdf
2025,2,112,213,EZ,SM,TVM,"Govt. Medical College, Thiruvananthapuram",MBBS,SM,1,mbbs_p2_final.pdf
2025,2,113,215,EZ,SM,KKM,"Govt. Medical College, Kozhikkode",MBBS,SM,1,mbbs_p2_final.pdf
2025,2,114,216,General,SM,KKM,"Govt. Medical College, Kozhikkode",MBBS,SM,1,mbbs_p2_final.pdf
2025,2,115,218,MU,SM,KKM,"Govt. Medical College, Kozhikkode",MBBS,SM,1,mbbs_p2_final.pdf
2025,2,116,219,MU,SM,KKM,"Govt. Medical College, Kozhikkode",MBBS,SM,1,mbbs_p2_final.pdf
2025,2,117,220,MU,SM,KKM,"Govt. Medical College, Kozhikkode",MBBS,SM,1,mbbs_p2_final.pdf
2025,2,118,221,MU,SM,KKM,"Govt. Medical College, Kozhikkode",MBBS,SM,1,mbbs_p2_final.pdf
2025,2,119,222,General,SM,KKM,"Govt. Medical College, Kozhikkode",MBBS,SM,1,mbbs_p2_final.pdf
2025,2,120,223,General,SM,TVM,"Govt. Medical College, Thiruvananthapuram",MBBS,SM,1,mbbs_p2_final.pdf
2025,2,121,224,LA,SM,TVM,"Govt. Medical College, Thiruvananthapuram",MBBS,SM,1,mbbs_p2_final.pdf
2025,2,122,225,EZ,SM,TVM,"Govt. Medical College, Thiruvananthapuram",MBBS,SM,1,mbbs_p2_final.pdf
2025,2,123,226,EZ,SM,KKM,"Govt. Medical College, Kozhikkode",MBBS,SM,1,mbbs_p2_final.pdf
2025,2,124,227,MU,SM,KKM,"Govt. Medical College, Kozhikkode",MBBS,SM,1,mbbs_p2_final.pdf
2025,2,125,228,General,SM,KKM,"Govt. Medical College, Kozhikkode",MBBS,SM,1,mbbs_p2_final.pdf
2025,2,126,229,General,SM,KKM,"Govt. Medical College, Kozhikkode",MBBS,SM,1,mbbs_p2_final.pdf
2025,2,127,230,General,SM,KKM,"Govt. Medical College, Kozhikkode",MBBS,SM,1,mbbs_p2_final.pdf
2025,2,128,231,MU,SM,KKM,"Govt. Medical College, Kozhikkode",MBBS,SM,1,mbbs_p2_final.pdf
2025,2,129,232,EZ,SM,KKM,"Govt. Medical College, Kozhikkode",MBBS,SM,1,mbbs_p2_final.pdf
2025,2,130,233,MU,SM,KKM,"Govt. Medical College, Kozhikkode",MBBS,SM,1,mbbs_p2_final.pdf
2025,2,131,234,EZ,SM,KKM,"Govt. Medical College, Kozhikkode",MBBS,SM,1,mbbs_p2_final.pdf
2025,2,132,235,General,SM,TVM,"Govt. Medical College, Thiruvananthapuram",MBBS,SM,1,mbbs_p2_final.pdf
2025,2,133,236,General,SM,TVM,"Govt. Medical College, Thiruvananthapuram",MBBS,SM,2,mbbs_p2_final.pdf
2025,2,134,238,General,SM,KTM,"Govt. Medical College, Kottayam",MBBS,SM,1,mbbs_p2_final.pdf
2025,2,135,239,MU,SM-MU,KKM,"Govt. Medical College, Kozhikkode",MBBS,SM-MU,1,mbbs_p2_final.pdf
2025,2,136,240,MU,SM,TVM,"Govt. Medical College, Thiruvananthapuram",MBBS,SM,1,mbbs_p2_final.pdf
2025,2,137,241,General,SM,KTM,"Govt. Medical College, Kottayam",MBBS,SM,1,mbbs_p2_final.pdf
2025,2,138,242,BH,SM-BH,KKM,"Govt. Medical College, Kozhikkode",MBBS,SM-BH,1,mbbs_p2_final.pdf
2025,2,139,243,MU,SM-MU,KKM,"Govt. Medical College, Kozhikkode",MBBS,SM-MU,1,mbbs_p2_final.pdf
2025,2,140,244,General,SM,TVM,"Govt. Medical College, Thiruvananthapuram",MBBS,SM,1,mbbs_p2_final.pdf
2025,2,141,246,MU,SM-MU,KKM,"Govt. Medical College, Kozhikkode",MBBS,SM-MU,1,mbbs_p2_final.pdf
2025,2,142,247,MU,SM-MU,KKM,"Govt. Medical College, Kozhikkode",MBBS,SM-MU,1,mbbs_p2_final.pdf
2025,2,143,248,General,SM,TCM,"Govt. Medical College, Thrissur",MBBS,SM,1,mbbs_p2_final.pdf
2025,2,144,249,MU,SM-MU,KKM,"Govt. Medical College, Kozhikkode",MBBS,SM-MU,1,mbbs_p2_final.pdf
2025,2,145,250,MU,SM,TVM,"Govt. Medical College, Thiruvananthapuram",MBBS,SM,1,mbbs_p2_final.pdf
2025,2,146,251,General,SM,TVM,"Govt. Medical College, Thiruvananthapuram",MBBS,SM,1,mbbs_p2_final.pdf
2025,2,147,252,MU,SM-MU,KKM,"Govt. Medical College, Kozhikkode",MBBS,SM-MU,1,mbbs_p2_final.pdf
2025,2,148,253,EZ,SM,TVM,"Govt. Medical College, Thiruvananthapuram",MBBS,SM,1,mbbs_p2_final.pdf
2025,2,149,254,MU,SM-MU,KKM,"Govt. Medical College, Kozhikkode",MBBS,SM-MU,1,mbbs_p2_final.pdf
2025,2,150,255,MU,SM-MU,KKM,"Govt. Medical College, Kozhikkode",MBBS,SM-MU,1,mbbs_p2_final.pdf
2025,2,151,256,MU,SM,TVM,"Govt. Medical College, Thiruvananthapuram",MBBS,SM,1,mbbs_p2_final.pdf
2025,2,152,257,General,SM,TCM,"Govt. Medical College, Thrissur",MBBS,SM,1,mbbs_p2_final.pdf
2025,2,153,258,EZ,SM-EZ,KKM,"Govt. Medical College, Kozhikkode",MBBS,SM-EZ,1,mbbs_p2_final.pdf
2025,2,154,259,MU,SM-MU,KKM,"Govt. Medical College, Kozhikkode",MBBS,SM-MU,1,mbbs_p2_final.pdf
2025,2,155,260,MU,SM-MU,KKM,"Govt. Medical College, Kozhikkode",MBBS,SM-MU,1,mbbs_p2_final.pdf
2025,2,156,261,MU,SM-MU,KKM,"Govt. Medical College, Kozhikkode",MBBS,SM-MU,1,mbbs_p2_final.pdf
2025,2,157,262,EZ,SM-EZ,KKM,"Govt. Medical College, Kozhikkode",MBBS,SM-EZ,1,mbbs_p2_final.pdf
2025,2,158,263,MU,SM-MU,KKM,"Govt. Medical College, Kozhikkode",MBBS,SM-MU,1,mbbs_p2_final.pdf
2025,2,159,264,General,SM,TVM,"Govt. Medical College, Thiruvananthapuram",MBBS,SM,2,mbbs_p2_final.pdf
2025,2,160,265,EZ,SM,TVM,"Govt. Medical College, Thiruvananthapuram",MBBS,SM,1,mbbs_p2_final.pdf
2025,2,161,266,General,SM,TVM,"Govt. Medical College, Thiruvananthapuram",MBBS,SM,2,mbbs_p2_final.pdf
2025,2,162,267,EZ,SM,TVM,"Govt. Medical College, Thiruvananthapuram",MBBS,SM,1,mbbs_p2_final.pdf
2025,2,163,268,MU,SM-MU,KKM,"Govt. Medical College, Kozhikkode",MBBS,SM-MU,1,mbbs_p2_final.pdf
2025,2,164,269,General,SM,TVM,"Govt. Medical College, Thiruvananthapuram",MBBS,SM,1,mbbs_p2_final.pdf
2025,2,165,270,MU,SM,TVM,"Govt. Medical College, Thiruvananthapuram",MBBS,SM,1,mbbs_p2_final.pdf
2025,2,166,271,EZ,SM-EZ,KKM,"Govt. Medical College, Kozhikkode",MBBS,SM-EZ,1,mbbs_p2_final.pdf
2025,2,167,272,EW,SM-EW,KKM,"Govt. Medical College, Kozhikkode",MBBS,SM-EW,1,mbbs_p2_final.pdf
2025,2,168,273,BX,SM,TVM,"Govt. Medical College, Thiruvananthapuram",MBBS,SM,1,mbbs_p2_final.pdf
2025,2,169,274,General,SM,TVM,"Govt. Medical College, Thiruvananthapuram",MBBS,SM,1,mbbs_p2_final.pdf
2025,2,170,275,MU,SM,TVM,"Govt. Medical College, Thiruvananthapuram",MBBS,SM,1,mbbs_p2_final.pdf
2025,2,171,276,MU,SM-MU,KKM,"Govt. Medical College, Kozhikkode",MBBS,SM-MU,1,mbbs_p2_final.pdf
2025,2,172,277,General,SM,TCM,"Govt. Medical College, Thrissur",MBBS,SM,1,mbbs_p2_final.pdf
2025,2,173,278,General,SM,TVM,"Govt. Medical College, Thiruvananthapuram",MBBS,SM,1,mbbs_p2_final.pdf
2025,2,174,279,EW,SM,TVM,"Govt. Medical College, Thiruvananthapuram",MBBS,SM,1,mbbs_p2_final.pdf
2025,2,175,280,MU,SM-MU,KKM,"Govt. Medical College, Kozhikkode",MBBS,SM-MU,1,mbbs_p2_final.pdf
2025,2,176,281,MU,SM,TCM,"Govt. Medical College, Thrissur",MBBS,SM,2,mbbs_p2_final.pdf
2025,2,177,282,General,SM,TVM,"Govt. Medical College, Thiruvananthapuram",MBBS,SM,1,mbbs_p2_final.pdf
2025,2,178,283,EW,SM-EW,KKM,"Govt. Medical College, Kozhikkode",MBBS,SM-EW,1,mbbs_p2_final.pdf
2025,2,179,284,MU,SM,TCM,"Govt. Medical College, Thrissur",MBBS,SM,2,mbbs_p2_final.pdf
2025,2,180,286,General,SM,TVM,"Govt. Medical College, Thiruvananthapuram",MBBS,SM,2,mbbs_p2_final.pdf
2025,2,181,288,VK,SM,TVM,"Govt. Medical College, Thiruvananthapuram",MBBS,SM,1,mbbs_p2_final.pdf
2025,2,182,289,MU,SM,TVM,"Govt. Medical College, Thiruvananthapuram",MBBS,SM,2,mbbs_p2_final.pdf
2025,2,183,290,EZ,SM-EZ,KKM,"Govt. Medical College, Kozhikkode",MBBS,SM-EZ,1,mbbs_p2_final.pdf
2025,2,184,291,VK,SM-VK,KKM,"Govt. Medical College, Kozhikkode",MBBS,SM-VK,1,mbbs_p2_final.pdf
2025,2,185,293,MU,SM,TVM,"Govt. Medical College, Thiruvananthapuram",MBBS,SM,1,mbbs_p2_final.pdf
2025,2,186,294,MU,SM,TVM,"Govt. Medical College, Thiruvananthapuram",MBBS,SM,2,mbbs_p2_final.pdf
2025,2,187,295,General,SM,TCM,"Govt. Medical College, Thrissur",MBBS,SM,2,mbbs_p2_final.pdf
2025,2,188,296,General,SM,TVM,"Govt. Medical College, Thiruvananthapuram",MBBS,SM,1,mbbs_p2_final.pdf
2025,2,189,297,MU,SM,TVM,"Govt. Medical College, Thiruvananthapuram",MBBS,SM,1,mbbs_p2_final.pdf
2025,2,190,299,General,SM,KTM,"Govt. Medical College, Kottayam",MBBS,SM,1,mbbs_p2_final.pdf
2025,2,191,300,EZ,SM,TVM,"Govt. Medical College, Thiruvananthapuram",MBBS,SM,1,mbbs_p2_final.pdf
2025,2,192,301,MU,SM,TVM,"Govt. Medical College, Thiruvananthapuram",MBBS,SM,2,mbbs_p2_final.pdf
2025,2,193,302,General,SM,TCM,"Govt. Medical College, Thrissur",MBBS,SM,1,mbbs_p2_final.pdf
2025,2,194,303,EW,SM,TVM,"Govt. Medical College, Thiruvananthapuram",MBBS,SM,1,mbbs_p2_final.pdf
2025,2,195,305,MU,SM,TVM,"Govt. Medical College, Thiruvananthapuram",MBBS,SM,2,mbbs_p2_final.pdf
2025,2,196,306,MU,SM,TVM,"Govt. Medical College, Thiruvananthapuram",MBBS,SM,2,mbbs_p2_final.pdf
2025,2,197,307,MU,SM,TVM,"Govt. Medical College, Thiruvananthapuram",MBBS,SM,2,mbbs_p2_final.pdf
2025,2,198,309,EZ,SM,TVM,"Govt. Medical College, Thiruvananthapuram",MBBS,SM,1,mbbs_p2_final.pdf
2025,2,199,310,EZ,SM,TVM,"Govt. Medical College, Thiruvananthapuram",MBBS,SM,1,mbbs_p2_final.pdf
2025,2,200,311,MU,SM,TVM,"Govt. Medical College, Thiruvananthapuram",MBBS,SM,2,mbbs_p2_final.pdf
2025,2,201,312,MU,SM,TVM,"Govt. Medical College, Thiruvananthapuram",MBBS,SM,2,mbbs_p2_final.pdf
2025,2,202,313,MU,SM,TVM,"Govt. Medical College, Thiruvananthapuram",MBBS,SM,2,mbbs_p2_final.pdf
2025,2,203,314,MU,SM,TVM,"Govt. Medical College, Thiruvananthapuram",MBBS,SM,1,mbbs_p2_final.pdf
2025,2,204,315,EZ,SM,TVM,"Govt. Medical College, Thiruvananthapuram",MBBS,SM,1,mbbs_p2_final.pdf
2025,2,205,316,MU,SM,TVM,"Govt. Medical College, Thiruvananthapuram",MBBS,SM,2,mbbs_p2_final.pdf
2025,2,206,318,EZ,SM,TVM,"Govt. Medical College, Thiruvananthapuram",MBBS,SM,1,mbbs_p2_final.pdf
2025,2,207,319,MU,SM,TVM,"Govt. Medical College, Thiruvananthapuram",MBBS,SM,2,mbbs_p2_final.pdf
2025,2,208,320,General,SM,TCM,"Govt. Medical College, Thrissur",MBBS,SM,1,mbbs_p2_final.pdf
2025,2,209,321,MU,SM,TCM,"Govt. Medical College, Thrissur",MBBS,SM,1,mbbs_p2_final.pdf
2025,2,210,323,EW,SM,KTM,"Govt. Medical College, Kottayam",MBBS,SM,1,mbbs_p2_final.pdf
2025,2,211,324,MU,SM,TVM,"Govt. Medical College, Thiruvananthapuram",MBBS,SM,1,mbbs_p2_final.pdf
2025,2,212,325,General,SM,KTM,"Govt. Medical College, Kottayam",MBBS,SM,1,mbbs_p2_final.pdf
2025,2,213,326,MU,SM,TVM,"Govt. Medical College, Thiruvananthapuram",MBBS,SM,2,mbbs_p2_final.pdf
2025,2,214,327,EZ,SM-EZ,KKM,"Govt. Medical College, Kozhikkode",MBBS,SM-EZ,1,mbbs_p2_final.pdf
2025,2,215,328,EW,SM-EW,KKM,"Govt. Medical College, Kozhikkode",MBBS,SM-EW,1,mbbs_p2_final.pdf
2025,2,216,329,MU,SM,TCM,"Govt. Medical College, Thrissur",MBBS,SM,2,mbbs_p2_final.pdf
2025,2,217,330,MU,SM,TVM,"Govt. Medical College, Thiruvananthapuram",MBBS,SM,2,mbbs_p2_final.pdf
2025,2,218,331,MU,SM,TVM,"Govt. Medical College, Thiruvananthapuram",MBBS,SM,2,mbbs_p2_final.pdf
2025,2,219,332,General,SM,KTM,"Govt. Medical College, Kottayam",MBBS,SM,1,mbbs_p2_final.pdf
2025,2,220,333,MU,SM,TCM,"Govt. Medical College, Thrissur",MBBS,SM,2,mbbs_p2_final.pdf
2025,2,221,334,General,SM,TCM,"Govt. Medical College, Thrissur",MBBS,SM,1,mbbs_p2_final.pdf
2025,2,222,335,EZ,SM-EZ,KKM,"Govt. Medical College, Kozhikkode",MBBS,SM-EZ,1,mbbs_p2_final.pdf
2025,2,223,336,MU,SM,TVM,"Govt. Medical College, Thiruvananthapuram",MBBS,SM,2,mbbs_p2_final.pdf
2025,2,224,337,MU,SM,TCM,"Govt. Medical College, Thrissur",MBBS,SM,2,mbbs_p2_final.pdf
2025,2,225,338,General,SM,TVM,"Govt. Medical College, Thiruvananthapuram",MBBS,SM,1,mbbs_p2_final.pdf
2025,2,226,339,EZ,SM-EZ,KKM,"Govt. Medical College, Kozhikkode",MBBS,SM-EZ,1,mbbs_p2_final.pdf
2025,2,227,340,General,SM,KTM,"Govt. Medical College, Kottayam",MBBS,SM,1,mbbs_p2_final.pdf
2025,2,228,341,MU,SM,TVM,"Govt. Medical College, Thiruvananthapuram",MBBS,SM,2,mbbs_p2_final.pdf
2025,2,229,342,MU,SM,TCM,"Govt. Medical College, Thrissur",MBBS,SM,2,mbbs_p2_final.pdf
2025,2,230,343,MU,SM,TVM,"Govt. Medical College, Thiruvananthapuram",MBBS,SM,2,mbbs_p2_final.pdf
2025,2,231,344,EZ,SM-EZ,KKM,"Govt. Medical College, Kozhikkode",MBBS,SM-EZ,1,mbbs_p2_final.pdf
2025,2,232,345,MU,SM,TVM,"Govt. Medical College, Thiruvananthapuram",MBBS,SM,2,mbbs_p2_final.pdf
2025,2,233,346,EZ,SM-EZ,KKM,"Govt. Medical College, Kozhikkode",MBBS,SM-EZ,1,mbbs_p2_final.pdf
2025,2,234,347,MU,SM,TVM,"Govt. Medical College, Thiruvananthapuram",MBBS,SM,2,mbbs_p2_final.pdf
2025,2,235,348,General,SM,TVM,"Govt. Medical College, Thiruvananthapuram",MBBS,SM,2,mbbs_p2_final.pdf
2025,2,236,349,MU,SM,TVM,"Govt. Medical College, Thiruvananthapuram",MBBS,SM,2,mbbs_p2_final.pdf
2025,2,237,350,MU,SM,TVM,"Govt. Medical College, Thiruvananthapuram",MBBS,SM,2,mbbs_p2_final.pdf
2025,2,238,351,MU,SM,TCM,"Govt. Medical College, Thrissur",MBBS,SM,2,mbbs_p2_final.pdf
2025,2,239,352,General,SM,TVM,"Govt. Medical College, Thiruvananthapuram",MBBS,SM,2,mbbs_p2_final.pdf
2025,2,240,353,MU,SM,TVM,"Govt. Medical College, Thiruvananthapuram",MBBS,SM,2,mbbs_p2_final.pdf
2025,2,241,354,General,SM,TVM,"Govt. Medical College, Thiruvananthapuram",MBBS,SM,1,mbbs_p2_final.pdf
2025,2,242,356,General,SM,TVM,"Govt. Medical College, Thiruvananthapuram",MBBS,SM,1,mbbs_p2_final.pdf
2025,2,243,357,General,SM,TVM,"Govt. Medical College, Thiruvananthapuram",MBBS,SM,1,mbbs_p2_final.pdf
2025,2,244,358,MU,SM,TCM,"Govt. Medical College, Thrissur",MBBS,SM,2,mbbs_p2_final.pdf
2025,2,245,359,LA,SM-LA,KKM,"Govt. Medical College, Kozhikkode",MBBS,SM-LA,1,mbbs_p2_final.pdf
2025,2,246,361,MU,SM,TVM,"Govt. Medical College, Thiruvananthapuram",MBBS,SM,2,mbbs_p2_final.pdf
2025,2,247,362,General,XS,KKM,"Govt. Medical College, Kozhikkode",MBBS,XS,1,mbbs_p2_final.pdf
2025,2,248,363,EZ,SM-EZ,KKM,"Govt. Medical College, Kozhikkode",MBBS,SM-EZ,1,mbbs_p2_final.pdf
2025,2,249,364,MU,SM,TCM,"Govt. Medical College, Thrissur",MBBS,SM,2,mbbs_p2_final.pdf
2025,2,250,365,General,SM,TVM,"Govt. Medical College, Thiruvananthapuram",MBBS,SM,1,mbbs_p2_final.pdf
2025,2,251,366,EZ,SM,ALP,"T D Govt. Medical College, Alappuzha",MBBS,SM,1,mbbs_p2_final.pdf
2025,2,252,367,General,SM,TVM,"Govt. Medical College, Thiruvananthapuram",MBBS,SM,2,mbbs_p2_final.pdf
2025,2,253,369,MU,SM,TVM,"Govt. Medical College, Thiruvananthapuram",MBBS,SM,2,mbbs_p2_final.pdf
2025,2,254,370,MU,SM,TVM,"Govt. Medical College, Thiruvananthapuram",MBBS,SM,2,mbbs_p2_final.pdf
2025,2,255,371,EZ,SM-EZ,KKM,"Govt. Medical College, Kozhikkode",MBBS,SM-EZ,1,mbbs_p2_final.pdf
2025,2,256,372,General,SM,KTM,"Govt. Medical College, Kottayam",MBBS,SM,1,mbbs_p2_final.pdf
2025,2,257,373,MU,SM-MU,TVM,"Govt. Medical College, Thiruvananthapuram",MBBS,SM-MU,2,mbbs_p2_final.pdf
2025,2,258,374,MU,SM-MU,TVM,"Govt. Medical College, Thiruvananthapuram",MBBS,SM-MU,2,mbbs_p2_final.pdf
2025,2,259,375,General,SM,KTM,"Govt. Medical College, Kottayam",MBBS,SM,3,mbbs_p2_final.pdf
2025,2,260,376,General,SM,ALP,"T D Govt. Medical College, Alappuzha",MBBS,SM,2,mbbs_p2_final.pdf
2025,2,261,377,MU,SM,KNM,Government Medical College Kannur,MBBS,SM,2,mbbs_p2_final.pdf
2025,2,262,378,General,SM,KTM,"Govt. Medical College, Kottayam",MBBS,SM,2,mbbs_p2_final.pdf
2025,2,263,379,MU,SM,TCM,"Govt. Medical College, Thrissur",MBBS,SM,2,mbbs_p2_final.pdf
2025,2,264,380,MU,SM-MU,TVM,"Govt. Medical College, Thiruvananthapuram",MBBS,SM-MU,2,mbbs_p2_final.pdf
2025,2,265,381,MU,SM,TCM,"Govt. Medical College, Thrissur",MBBS,SM,2,mbbs_p2_final.pdf
2025,2,266,382,EZ,SM-EZ,TVM,"Govt. Medical College, Thiruvananthapuram",MBBS,SM-EZ,1,mbbs_p2_final.pdf
2025,2,267,383,General,SM,TCM,"Govt. Medical College, Thrissur",MBBS,SM,1,mbbs_p2_final.pdf
2025,2,268,384,MU,SM,TCM,"Govt. Medical College, Thrissur",MBBS,SM,2,mbbs_p2_final.pdf
2025,2,269,385,MU,SM-MU,TVM,"Govt. Medical College, Thiruvananthapuram",MBBS,SM-MU,2,mbbs_p2_final.pdf
2025,2,270,386,MU,SM,TCM,"Govt. Medical College, Thrissur",MBBS,SM,2,mbbs_p2_final.pdf
2025,2,271,387,EZ,SM-EZ,TVM,"Govt. Medical College, Thiruvananthapuram",MBBS,SM-EZ,1,mbbs_p2_final.pdf
2025,2,272,388,MU,SM-MU,TVM,"Govt. Medical College, Thiruvananthapuram",MBBS,SM-MU,1,mbbs_p2_final.pdf
2025,2,273,389,MU,SM,TCM,"Govt. Medical College, Thrissur",MBBS,SM,2,mbbs_p2_final.pdf
2025,2,274,390,MU,SM,TCM,"Govt. Medical College, Thrissur",MBBS,SM,2,mbbs_p2_final.pdf
2025,2,275,391,EW,SM-EW,TVM,"Govt. Medical College, Thiruvananthapuram",MBBS,SM-EW,1,mbbs_p2_final.pdf
2025,2,276,392,EZ,SM-EZ,KKM,"Govt. Medical College, Kozhikkode",MBBS,SM-EZ,1,mbbs_p2_final.pdf
2025,2,277,393,MU,SM,TCM,"Govt. Medical College, Thrissur",MBBS,SM,2,mbbs_p2_final.pdf
2025,2,278,394,General,SM,KTM,"Govt. Medical College, Kottayam",MBBS,SM,2,mbbs_p2_final.pdf
2025,2,279,395,MU,SM-MU,TVM,"Govt. Medical College, Thiruvananthapuram",MBBS,SM-MU,2,mbbs_p2_final.pdf
2025,2,280,396,General,SM,KTM,"Govt. Medical College, Kottayam",MBBS,SM,2,mbbs_p2_final.pdf
2025,2,281,397,MU,SM-MU,TVM,"Govt. Medical College, Thiruvananthapuram",MBBS,SM-MU,2,mbbs_p2_final.pdf
2025,2,282,398,MU,SM-MU,TVM,"Govt. Medical College, Thiruvananthapuram",MBBS,SM-MU,1,mbbs_p2_final.pdf
2025,2,283,399,MU,SM,MLP,"Govt. Medical College, Manjeri",MBBS,SM,1,mbbs_p2_final.pdf
2025,2,284,400,MU,SM-MU,TVM,"Govt. Medical College, Thiruvananthapuram",MBBS,SM-MU,2,mbbs_p2_final.pdf
2025,2,285,401,LA,SM-LA,TVM,"Govt. Medical College, Thiruvananthapuram",MBBS,SM-LA,1,mbbs_p2_final.pdf
2025,2,286,402,EZ,SM-EZ,KKM,"Govt. Medical College, Kozhikkode",MBBS,SM-EZ,1,mbbs_p2_final.pdf
2025,2,287,403,General,SM,TCM,"Govt. Medical College, Thrissur",MBBS,SM,2,mbbs_p2_final.pdf
2025,2,288,404,MU,SM-MU,TVM,"Govt. Medical College, Thiruvananthapuram",MBBS,SM-MU,2,mbbs_p2_final.pdf
2025,2,289,406,General,SM,KTM,"Govt. Medical College, Kottayam",MBBS,SM,1,mbbs_p2_final.pdf
2025,2,290,407,BH,SM-BH,KKM,"Govt. Medical College, Kozhikkode",MBBS,SM-BH,1,mbbs_p2_final.pdf
2025,2,291,408,General,SM,KTM,"Govt. Medical College, Kottayam",MBBS,SM,3,mbbs_p2_final.pdf
2025,2,292,409,BH,SM-BH,TVM,"Govt. Medical College, Thiruvananthapuram",MBBS,SM-BH,1,mbbs_p2_final.pdf
2025,2,293,411,MU,SM-MU,TVM,"Govt. Medical College, Thiruvananthapuram",MBBS,SM-MU,1,mbbs_p2_final.pdf
2025,2,294,412,BH,SM-BH,KKM,"Govt. Medical College, Kozhikkode",MBBS,SM-BH,1,mbbs_p2_final.pdf
2025,2,295,413,General,SM,KTM,"Govt. Medical College, Kottayam",MBBS,SM,2,mbbs_p2_final.pdf
2025,2,296,414,MU,SM-MU,TVM,"Govt. Medical College, Thiruvananthapuram",MBBS,SM-MU,2,mbbs_p2_final.pdf
2025,2,297,415,SC,SM-SC,KKM,"Govt. Medical College, Kozhikkode",MBBS,SM-SC,1,mbbs_p2_final.pdf
2025,2,298,416,EZ,SM-EZ,KKM,"Govt. Medical College, Kozhikkode",MBBS,SM-EZ,1,mbbs_p2_final.pdf
2025,2,299,417,General,SM,ALP,"T D Govt. Medical College, Alappuzha",MBBS,SM,2,mbbs_p2_final.pdf
2025,2,300,419,EZ,SM-EZ,KKM,"Govt. Medical College, Kozhikkode",MBBS,SM-EZ,1,mbbs_p2_final.pdf
2025,2,301,421,EZ,SM,KTM,"Govt. Medical College, Kottayam",MBBS,SM,1,mbbs_p2_final.pdf
2025,2,302,422,EZ,SM-EZ,KKM,"Govt. Medical College, Kozhikkode",MBBS,SM-EZ,1,mbbs_p2_final.pdf
2025,2,303,424,General,SM,KTM,"Govt. Medical College, Kottayam",MBBS,SM,1,mbbs_p2_final.pdf
2025,2,304,427,MU,SM,MLP,"Govt. Medical College, Manjeri",MBBS,SM,1,mbbs_p2_final.pdf
2025,2,305,428,MU,SM,TCM,"Govt. Medical College, Thrissur",MBBS,SM,2,mbbs_p2_final.pdf
2025,2,306,429,EW,SM-EW,TVM,"Govt. Medical College, Thiruvananthapuram",MBBS,SM-EW,1,mbbs_p2_final.pdf
2025,2,307,430,General,SM,KTM,"Govt. Medical College, Kottayam",MBBS,SM,3,mbbs_p2_final.pdf
2025,2,308,431,MU,SM-MU,TVM,"Govt. Medical College, Thiruvananthapuram",MBBS,SM-MU,2,mbbs_p2_final.pdf
2025,2,309,432,EW,SM-EW,KKM,"Govt. Medical College, Kozhikkode",MBBS,SM-EW,1,mbbs_p2_final.pdf
2025,2,310,433,General,SM,KTM,"Govt. Medical College, Kottayam",MBBS,SM,1,mbbs_p2_final.pdf
2025,2,311,435,General,SM,KTM,"Govt. Medical College, Kottayam",MBBS,SM,1,mbbs_p2_final.pdf
2025,2,312,436,General,SM,TCM,"Govt. Medical College, Thrissur",MBBS,SM,2,mbbs_p2_final.pdf
2025,2,313,437,MU,SM,TCM,"Govt. Medical College, Thrissur",MBBS,SM,1,mbbs_p2_final.pdf
2025,2,314,438,General,SD,KKM,"Govt. Medical College, Kozhikkode",MBBS,SD,1,mbbs_p2_final.pdf
2025,2,315,439,General,SM,KTM,"Govt. Medical College, Kottayam",MBBS,SM,1,mbbs_p2_final.pdf
2025,2,316,440,General,SM,KTM,"Govt. Medical College, Kottayam",MBBS,SM,3,mbbs_p2_final.pdf
2025,2,317,441,General,XS,TVM,"Govt. Medical College, Thiruvananthapuram",MBBS,XS,2,mbbs_p2_final.pdf
2025,2,318,442,General,SM,KTM,"Govt. Medical College, Kottayam",MBBS,SM,2,mbbs_p2_final.pdf
2025,2,319,443,LA,SM-LA,TVM,"Govt. Medical College, Thiruvananthapuram",MBBS,SM-LA,1,mbbs_p2_final.pdf
2025,2,320,444,General,SM,KTM,"Govt. Medical College, Kottayam",MBBS,SM,3,mbbs_p2_final.pdf
2025,2,321,447,EZ,SM-EZ,TVM,"Govt. Medical College, Thiruvananthapuram",MBBS,SM-EZ,1,mbbs_p2_final.pdf
2025,2,322,448,MU,SM,TCM,"Govt. Medical College, Thrissur",MBBS,SM,2,mbbs_p2_final.pdf
2025,2,323,449,MU,SM-MU,TVM,"Govt. Medical College, Thiruvananthapuram",MBBS,SM-MU,2,mbbs_p2_final.pdf
2025,2,324,450,MU,SM-MU,TVM,"Govt. Medical College, Thiruvananthapuram",MBBS,SM-MU,2,mbbs_p2_final.pdf
2025,2,325,451,General,SM,KTM,"Govt. Medical College, Kottayam",MBBS,SM,1,mbbs_p2_final.pdf
2025,2,326,453,General,SM,KTM,"Govt. Medical College, Kottayam",MBBS,SM,1,mbbs_p2_final.pdf
2025,2,327,454,BH,SM,TCM,"Govt. Medical College, Thrissur",MBBS,SM,1,mbbs_p2_final.pdf
2025,2,328,455,MU,SM,TCM,"Govt. Medical College, Thrissur",MBBS,SM,2,mbbs_p2_final.pdf
2025,2,329,456,General,SM,KTM,"Govt. Medical College, Kottayam",MBBS,SM,3,mbbs_p2_final.pdf
2025,2,330,457,MU,SM,TCM,"Govt. Medical College, Thrissur",MBBS,SM,3,mbbs_p2_final.pdf
2025,2,331,458,BX,SM-BX,TVM,"Govt. Medical College, Thiruvananthapuram",MBBS,SM-BX,1,mbbs_p2_final.pdf
2025,2,332,461,EZ,SM,ALP,"T D Govt. Medical College, Alappuzha",MBBS,SM,1,mbbs_p2_final.pdf
2025,2,333,462,EW,SM-EW,KKM,"Govt. Medical College, Kozhikkode",MBBS,SM-EW,1,mbbs_p2_final.pdf
2025,2,334,463,EZ,SM-EZ,TVM,"Govt. Medical College, Thiruvananthapuram",MBBS,SM-EZ,1,mbbs_p2_final.pdf
2025,2,335,464,General,SM,KTM,"Govt. Medical College, Kottayam",MBBS,SM,3,mbbs_p2_final.pdf
2025,2,336,465,MU,SM,KTM,"Govt. Medical College, Kottayam",MBBS,SM,3,mbbs_p2_final.pdf
2025,2,337,466,MU,SM,KTM,"Govt. Medical College, Kottayam",MBBS,SM,3,mbbs_p2_final.pdf
2025,2,338,467,MU,SM,KTM,"Govt. Medical College, Kottayam",MBBS,SM,3,mbbs_p2_final.pdf
2025,2,339,468,General,SM,KTM,"Govt. Medical College, Kottayam",MBBS,SM,2,mbbs_p2_final.pdf
2025,2,340,469,MU,SM,TCM,"Govt. Medical College, Thrissur",MBBS,SM,2,mbbs_p2_final.pdf
2025,2,341,470,General,SM,TCM,"Govt. Medical College, Thrissur",MBBS,SM,3,mbbs_p2_final.pdf
2025,2,342,471,EZ,SM,TCM,"Govt. Medical College, Thrissur",MBBS,SM,1,mbbs_p2_final.pdf
2025,2,343,472,General,SM,KTM,"Govt. Medical College, Kottayam",MBBS,SM,1,mbbs_p2_final.pdf
2025,2,344,473,MU,SM,KTM,"Govt. Medical College, Kottayam",MBBS,SM,3,mbbs_p2_final.pdf
2025,2,345,474,EZ,SM-EZ,TVM,"Govt. Medical College, Thiruvananthapuram",MBBS,SM-EZ,1,mbbs_p2_final.pdf
2025,2,346,475,EZ,SM-EZ,KKM,"Govt. Medical College, Kozhikkode",MBBS,SM-EZ,1,mbbs_p2_final.pdf
2025,2,347,476,BH,SM-BH,TVM,"Govt. Medical College, Thiruvananthapuram",MBBS,SM-BH,1,mbbs_p2_final.pdf
2025,2,348,477,BH,SM-BH,TVM,"Govt. Medical College, Thiruvananthapuram",MBBS,SM-BH,1,mbbs_p2_final.pdf
2025,2,349,478,MU,SM,TCM,"Govt. Medical College, Thrissur",MBBS,SM,2,mbbs_p2_final.pdf
2025,2,350,479,MU,SM,TCM,"Govt. Medical College, Thrissur",MBBS,SM,2,mbbs_p2_final.pdf
2025,2,351,480,MU,SM,KTM,"Govt. Medical College, Kottayam",MBBS,SM,3,mbbs_p2_final.pdf
2025,2,352,481,MU,SM,TCM,"Govt. Medical College, Thrissur",MBBS,SM,1,mbbs_p2_final.pdf
2025,2,353,482,MU,SM,TCM,"Govt. Medical College, Thrissur",MBBS,SM,2,mbbs_p2_final.pdf
2025,2,354,483,MU,SM,TCM,"Govt. Medical College, Thrissur",MBBS,SM,3,mbbs_p2_final.pdf
2025,2,355,484,MU,SM,KTM,"Govt. Medical College, Kottayam",MBBS,SM,3,mbbs_p2_final.pdf
2025,2,356,485,MU,SM,TCM,"Govt. Medical College, Thrissur",MBBS,SM,3,mbbs_p2_final.pdf
2025,2,357,486,EZ,SM-EZ,TVM,"Govt. Medical College, Thiruvananthapuram",MBBS,SM-EZ,2,mbbs_p2_final.pdf
2025,2,358,487,MU,SM,TCM,"Govt. Medical College, Thrissur",MBBS,SM,2,mbbs_p2_final.pdf
2025,2,359,488,MU,SM,TCM,"Govt. Medical College, Thrissur",MBBS,SM,3,mbbs_p2_final.pdf
2025,2,360,489,EZ,SM,TCM,"Govt. Medical College, Thrissur",MBBS,SM,2,mbbs_p2_final.pdf
2025,2,361,490,MU,SM,KTM,"Govt. Medical College, Kottayam",MBBS,SM,3,mbbs_p2_final.pdf
2025,2,362,491,EW,SM-EW,KKM,"Govt. Medical College, Kozhikkode",MBBS,SM-EW,1,mbbs_p2_final.pdf
2025,2,363,492,MU,SM,TCM,"Govt. Medical College, Thrissur",MBBS,SM,1,mbbs_p2_final.pdf
2025,2,364,493,VK,SM-VK,KKM,"Govt. Medical College, Kozhikkode",MBBS,SM-VK,1,mbbs_p2_final.pdf
2025,2,365,494,General,SM,KTM,"Govt. Medical College, Kottayam",MBBS,SM,3,mbbs_p2_final.pdf
2025,2,366,495,EW,SM-EW,KKM,"Govt. Medical College, Kozhikkode",MBBS,SM-EW,1,mbbs_p2_final.pdf
2025,2,367,496,MU,SM,TCM,"Govt. Medical College, Thrissur",MBBS,SM,3,mbbs_p2_final.pdf
2025,2,368,498,MU,SM,TCM,"Govt. Medical College, Thrissur",MBBS,SM,2,mbbs_p2_final.pdf
2025,2,369,500,General,SM,KTM,"Govt. Medical College, Kottayam",MBBS,SM,1,mbbs_p2_final.pdf
2025,2,370,501,MU,SM,CMC,"Govt. Medical College, Ernakulam",MBBS,SM,1,mbbs_p2_final.pdf
2025,2,371,502,BX,SM-BX,TVM,"Govt. Medical College, Thiruvananthapuram",MBBS,SM-BX,1,mbbs_p2_final.pdf
2025,2,372,504,BH,SM-BH,KKM,"Govt. Medical College, Kozhikkode",MBBS,SM-BH,1,mbbs_p2_final.pdf
2025,2,373,505,LA,SM-LA,TVM,"Govt. Medical College, Thiruvananthapuram",MBBS,SM-LA,1,mbbs_p2_final.pdf
2025,2,374,507,MU,SM,TCM,"Govt. Medical College, Thrissur",MBBS,SM,3,mbbs_p2_final.pdf
2025,2,375,508,EZ,SM-EZ,TVM,"Govt. Medical College, Thiruvananthapuram",MBBS,SM-EZ,1,mbbs_p2_final.pdf
2025,2,376,510,MU,SM,TCM,"Govt. Medical College, Thrissur",MBBS,SM,2,mbbs_p2_final.pdf
2025,2,377,511,BH,SM-BH,KKM,"Govt. Medical College, Kozhikkode",MBBS,SM-BH,1,mbbs_p2_final.pdf
2025,2,378,512,EZ,SM,TCM,"Govt. Medical College, Thrissur",MBBS,SM,1,mbbs_p2_final.pdf
2025,2,379,513,General,SM,KTM,"Govt. Medical College, Kottayam",MBBS,SM,3,mbbs_p2_final.pdf
2025,2,380,514,MU,SM,KTM,"Govt. Medical College, Kottayam",MBBS,SM,2,mbbs_p2_final.pdf
2025,2,381,515,EZ,SM-EZ,TVM,"Govt. Medical College, Thiruvananthapuram",MBBS,SM-EZ,2,mbbs_p2_final.pdf
2025,2,382,517,MU,SM,TCM,"Govt. Medical College, Thrissur",MBBS,SM,2,mbbs_p2_final.pdf
2025,2,383,520,General,SM,KTM,"Govt. Medical College, Kottayam",MBBS,SM,1,mbbs_p2_final.pdf
2025,2,384,522,General,SM,KTM,"Govt. Medical College, Kottayam",MBBS,SM,3,mbbs_p2_final.pdf
2025,2,385,523,General,SM,TCM,"Govt. Medical College, Thrissur",MBBS,SM,1,mbbs_p2_final.pdf
2025,2,386,524,General,SM,KTM,"Govt. Medical College, Kottayam",MBBS,SM,3,mbbs_p2_final.pdf
2025,2,387,526,EW,SM-EW,KKM,"Govt. Medical College, Kozhikkode",MBBS,SM-EW,1,mbbs_p2_final.pdf
2025,2,388,527,MU,SM,KTM,"Govt. Medical College, Kottayam",MBBS,SM,3,mbbs_p2_final.pdf
2025,2,389,528,MU,SM,TCM,"Govt. Medical College, Thrissur",MBBS,SM,3,mbbs_p2_final.pdf
2025,2,390,529,BH,SM-BH,KKM,"Govt. Medical College, Kozhikkode",MBBS,SM-BH,1,mbbs_p2_final.pdf
2025,2,391,530,MU,SM,KTM,"Govt. Medical College, Kottayam",MBBS,SM,1,mbbs_p2_final.pdf
2025,2,392,532,MU,SM,TCM,"Govt. Medical College, Thrissur",MBBS,SM,3,mbbs_p2_final.pdf
2025,2,393,533,MU,SM,MLP,"Govt. Medical College, Manjeri",MBBS,SM,2,mbbs_p2_final.pdf
2025,2,394,534,VK,SM-VK,KKM,"Govt. Medical College, Kozhikkode",MBBS,SM-VK,1,mbbs_p2_final.pdf
2025,2,395,535,MU,SM,TCM,"Govt. Medical College, Thrissur",MBBS,SM,3,mbbs_p2_final.pdf
2025,2,396,538,MU,SM,TCM,"Govt. Medical College, Thrissur",MBBS,SM,3,mbbs_p2_final.pdf
2025,2,397,539,EZ,SM-EZ,TVM,"Govt. Medical College, Thiruvananthapuram",MBBS,SM-EZ,2,mbbs_p2_final.pdf
2025,2,398,540,MU,SM,TCM,"Govt. Medical College, Thrissur",MBBS,SM,2,mbbs_p2_final.pdf
2025,2,399,541,EZ,SM,TCM,"Govt. Medical College, Thrissur",MBBS,SM,1,mbbs_p2_final.pdf
2025,2,400,542,General,SM,KTM,"Govt. Medical College, Kottayam",MBBS,SM,3,mbbs_p2_final.pdf
2025,2,401,544,MU,SM,TCM,"Govt. Medical College, Thrissur",MBBS,SM,2,mbbs_p2_final.pdf
2025,2,402,545,General,SM,KTM,"Govt. Medical College, Kottayam",MBBS,SM,3,mbbs_p2_final.pdf
2025,2,403,546,General,SM,KTM,"Govt. Medical College, Kottayam",MBBS,SM,3,mbbs_p2_final.pdf
2025,2,404,547,BH,SM-BH,TVM,"Govt. Medical College, Thiruvananthapuram",MBBS,SM-BH,1,mbbs_p2_final.pdf
2025,2,405,548,MU,SM,TCM,"Govt. Medical College, Thrissur",MBBS,SM,2,mbbs_p2_final.pdf
2025,2,406,549,MU,SM,TCM,"Govt. Medical College, Thrissur",MBBS,SM,2,mbbs_p2_final.pdf
2025,2,407,550,EZ,SM-EZ,TVM,"Govt. Medical College, Thiruvananthapuram",MBBS,SM-EZ,1,mbbs_p2_final.pdf
2025,2,408,551,KN,SM-KN,KKM,"Govt. Medical College, Kozhikkode",MBBS,SM-KN,1,mbbs_p2_final.pdf
2025,2,409,552,EZ,SM-EZ,TVM,"Govt. Medical College, Thiruvananthapuram",MBBS,SM-EZ,2,mbbs_p2_final.pdf
2025,2,410,553,MU,SM,TCM,"Govt. Medical College, Thrissur",MBBS,SM,3,mbbs_p2_final.pdf
2025,2,411,554,General,SM,KTM,"Govt. Medical College, Kottayam",MBBS,SM,4,mbbs_p2_final.pdf
2025,2,412,555,EZ,SM-EZ,TVM,"Govt. Medical College, Thiruvananthapuram",MBBS,SM-EZ,2,mbbs_p2_final.pdf
2025,2,413,556,General,SM,KTM,"Govt. Medical College, Kottayam",MBBS,SM,3,mbbs_p2_final.pdf
2025,2,414,557,EZ,SM,KTM,"Govt. Medical College, Kottayam",MBBS,SM,1,mbbs_p2_final.pdf
2025,2,415,558,MU,SM-MU,TCM,"Govt. Medical College, Thrissur",MBBS,SM-MU,3,mbbs_p2_final.pdf
2025,2,416,559,General,SM,KLM,"Govt. Medical College, Parippally, Kollam",MBBS,SM,2,mbbs_p2_final.pdf
2025,2,417,560,MU,SM,MLP,"Govt. Medical College, Manjeri",MBBS,SM,2,mbbs_p2_final.pdf
2025,2,418,561,EZ,SM-EZ,TCM,"Govt. Medical College, Thrissur",MBBS,SM-EZ,2,mbbs_p2_final.pdf
2025,2,419,562,General,SM,KTM,"Govt. Medical College, Kottayam",MBBS,SM,4,mbbs_p2_final.pdf
2025,2,420,565,General,SM,KTM,"Govt. Medical College, Kottayam",MBBS,SM,3,mbbs_p2_final.pdf
2025,2,421,566,General,SM,KTM,"Govt. Medical College, Kottayam",MBBS,SM,3,mbbs_p2_final.pdf
2025,2,422,567,MU,SM-MU,TCM,"Govt. Medical College, Thrissur",MBBS,SM-MU,3,mbbs_p2_final.pdf
2025,2,423,568,EZ,SM-EZ,TVM,"Govt. Medical College, Thiruvananthapuram",MBBS,SM-EZ,1,mbbs_p2_final.pdf
2025,2,424,569,EW,SM-EW,KKM,"Govt. Medical College, Kozhikkode",MBBS,SM-EW,1,mbbs_p2_final.pdf
2025,2,425,570,General,SM,KTM,"Govt. Medical College, Kottayam",MBBS,SM,2,mbbs_p2_final.pdf
2025,2,426,571,MU,SM-MU,TCM,"Govt. Medical College, Thrissur",MBBS,SM-MU,3,mbbs_p2_final.pdf
2025,2,427,573,LA,SM,KTM,"Govt. Medical College, Kottayam",MBBS,SM,1,mbbs_p2_final.pdf
2025,2,428,574,EZ,SM-EZ,TVM,"Govt. Medical College, Thiruvananthapuram",MBBS,SM-EZ,2,mbbs_p2_final.pdf
2025,2,429,576,MU,SM,KTM,"Govt. Medical College, Kottayam",MBBS,SM,3,mbbs_p2_final.pdf
2025,2,430,577,MU,SM-MU,TCM,"Govt. Medical College, Thrissur",MBBS,SM-MU,3,mbbs_p2_final.pdf
2025,2,431,578,MU,SM-MU,TCM,"Govt. Medical College, Thrissur",MBBS,SM-MU,2,mbbs_p2_final.pdf
2025,2,432,579,MU,SM-MU,TCM,"Govt. Medical College, Thrissur",MBBS,SM-MU,2,mbbs_p2_final.pdf
2025,2,433,580,MU,SM,KTM,"Govt. Medical College, Kottayam",MBBS,SM,3,mbbs_p2_final.pdf
2025,2,434,581,EZ,SM,KTM,"Govt. Medical College, Kottayam",MBBS,SM,2,mbbs_p2_final.pdf
2025,2,435,582,MU,SM-MU,TCM,"Govt. Medical College, Thrissur",MBBS,SM-MU,3,mbbs_p2_final.pdf
2025,2,436,583,VK,SM-VK,KKM,"Govt. Medical College, Kozhikkode",MBBS,SM-VK,1,mbbs_p2_final.pdf
2025,2,437,584,MU,SM-MU,TCM,"Govt. Medical College, Thrissur",MBBS,SM-MU,1,mbbs_p2_final.pdf
2025,2,438,585,General,SM,KTM,"Govt. Medical College, Kottayam",MBBS,SM,4,mbbs_p2_final.pdf
2025,2,439,586,MU,SM-MU,TCM,"Govt. Medical College, Thrissur",MBBS,SM-MU,2,mbbs_p2_final.pdf
2025,2,440,587,MU,SM,MLP,"Govt. Medical College, Manjeri",MBBS,SM,2,mbbs_p2_final.pdf
2025,2,441,589,BH,SM-BH,TVM,"Govt. Medical College, Thiruvananthapuram",MBBS,SM-BH,1,mbbs_p2_final.pdf
2025,2,442,590,EW,SM-EW,TVM,"Govt. Medical College, Thiruvananthapuram",MBBS,SM-EW,1,mbbs_p2_final.pdf
2025,2,443,591,VK,SM-VK,TVM,"Govt. Medical College, Thiruvananthapuram",MBBS,SM-VK,2,mbbs_p2_final.pdf
2025,2,444,592,General,SM,ALP,"T D Govt. Medical College, Alappuzha",MBBS,SM,1,mbbs_p2_final.pdf
2025,2,445,593,General,SM,KTM,"Govt. Medical College, Kottayam",MBBS,SM,3,mbbs_p2_final.pdf
2025,2,446,594,MU,SM-MU,KTM,"Govt. Medical College, Kottayam",MBBS,SM-MU,3,mbbs_p2_final.pdf
2025,2,447,595,MU,SM-MU,TCM,"Govt. Medical College, Thrissur",MBBS,SM-MU,3,mbbs_p2_final.pdf
2025,2,448,596,EZ,SM-EZ,KTM,"Govt. Medical College, Kottayam",MBBS,SM-EZ,1,mbbs_p2_final.pdf
2025,2,449,597,EZ,SM,ALP,"T D Govt. Medical College, Alappuzha",MBBS,SM,1,mbbs_p2_final.pdf
2025,2,450,598,General,SM,ALP,"T D Govt. Medical College, Alappuzha",MBBS,SM,5,mbbs_p2_final.pdf
2025,2,451,599,General,SM,ALP,"T D Govt. Medical College, Alappuzha",MBBS,SM,4,mbbs_p2_final.pdf
2025,2,452,600,EZ,SM-EZ,TVM,"Govt. Medical College, Thiruvananthapuram",MBBS,SM-EZ,2,mbbs_p2_final.pdf
2025,2,453,601,EW,SM-EW,KKM,"Govt. Medical College, Kozhikkode",MBBS,SM-EW,1,mbbs_p2_final.pdf
2025,2,454,602,General,SM,ALP,"T D Govt. Medical College, Alappuzha",MBBS,SM,5,mbbs_p2_final.pdf
2025,2,455,603,MU,SM-MU,TCM,"Govt. Medical College, Thrissur",MBBS,SM-MU,3,mbbs_p2_final.pdf
2025,2,456,604,General,XS,KTM,"Govt. Medical College, Kottayam",MBBS,XS,2,mbbs_p2_final.pdf
2025,2,457,605,EZ,SM-EZ,TCM,"Govt. Medical College, Thrissur",MBBS,SM-EZ,1,mbbs_p2_final.pdf
2025,2,458,606,MU,SM,MLP,"Govt. Medical College, Manjeri",MBBS,SM,3,mbbs_p2_final.pdf
2025,2,459,607,EZ,SM-EZ,TVM,"Govt. Medical College, Thiruvananthapuram",MBBS,SM-EZ,1,mbbs_p2_final.pdf
2025,2,460,608,General,SM,ALP,"T D Govt. Medical College, Alappuzha",MBBS,SM,2,mbbs_p2_final.pdf
2025,2,461,609,EZ,SM-EZ,KTM,"Govt. Medical College, Kottayam",MBBS,SM-EZ,1,mbbs_p2_final.pdf
2025,2,462,610,MU,SM-MU,KTM,"Govt. Medical College, Kottayam",MBBS,SM-MU,4,mbbs_p2_final.pdf
2025,2,463,611,EZ,SM-EZ,TVM,"Govt. Medical College, Thiruvananthapuram",MBBS,SM-EZ,2,mbbs_p2_final.pdf
2025,2,464,612,MU,SM,ALP,"T D Govt. Medical College, Alappuzha",MBBS,SM,4,mbbs_p2_final.pdf
2025,2,465,613,MU,SM,MLP,"Govt. Medical College, Manjeri",MBBS,SM,4,mbbs_p2_final.pdf
2025,2,466,615,MU,SM-MU,KTM,"Govt. Medical College, Kottayam",MBBS,SM-MU,3,mbbs_p2_final.pdf
2025,2,467,616,MU,SM-MU,KTM,"Govt. Medical College, Kottayam",MBBS,SM-MU,4,mbbs_p2_final.pdf
2025,2,468,617,VK,SM-VK,TVM,"Govt. Medical College, Thiruvananthapuram",MBBS,SM-VK,2,mbbs_p2_final.pdf
2025,2,469,620,EZ,SM-EZ,KTM,"Govt. Medical College, Kottayam",MBBS,SM-EZ,3,mbbs_p2_final.pdf
2025,2,470,621,MU,SM,MLP,"Govt. Medical College, Manjeri",MBBS,SM,3,mbbs_p2_final.pdf
2025,2,471,622,EZ,SM-EZ,KTM,"Govt. Medical College, Kottayam",MBBS,SM-EZ,3,mbbs_p2_final.pdf
2025,2,472,623,MU,SM,ALP,"T D Govt. Medical College, Alappuzha",MBBS,SM,4,mbbs_p2_final.pdf
2025,2,473,624,MU,SM-MU,KTM,"Govt. Medical College, Kottayam",MBBS,SM-MU,3,mbbs_p2_final.pdf
2025,2,474,628,EW,SM-EW,KTM,"Govt. Medical College, Kottayam",MBBS,SM-EW,1,mbbs_p2_final.pdf
2025,2,475,629,MU,SM,MLP,"Govt. Medical College, Manjeri",MBBS,SM,2,mbbs_p2_final.pdf
2025,2,476,630,General,SM,ALP,"T D Govt. Medical College, Alappuzha",MBBS,SM,3,mbbs_p2_final.pdf
2025,2,477,631,MU,SM-MU,KTM,"Govt. Medical College, Kottayam",MBBS,SM-MU,3,mbbs_p2_final.pdf
2025,2,478,632,MU,SM-MU,KTM,"Govt. Medical College, Kottayam",MBBS,SM-MU,3,mbbs_p2_final.pdf
2025,2,479,634,General,SM,KNM,Government Medical College Kannur,MBBS,SM,3,mbbs_p2_final.pdf
2025,2,480,635,MU,SM-MU,KTM,"Govt. Medical College, Kottayam",MBBS,SM-MU,4,mbbs_p2_final.pdf
2025,2,481,636,EZ,SM-EZ,TCM,"Govt. Medical College, Thrissur",MBBS,SM-EZ,2,mbbs_p2_final.pdf
2025,2,482,638,General,SM,ALP,"T D Govt. Medical College, Alappuzha",MBBS,SM,3,mbbs_p2_final.pdf
2025,2,483,640,MU,SM-MU,KTM,"Govt. Medical College, Kottayam",MBBS,SM-MU,4,mbbs_p2_final.pdf
2025,2,484,641,MU,SM-MU,KTM,"Govt. Medical College, Kottayam",MBBS,SM-MU,3,mbbs_p2_final.pdf
2025,2,485,642,LA,SM-LA,TVM,"Govt. Medical College, Thiruvananthapuram",MBBS,SM-LA,1,mbbs_p2_final.pdf
2025,2,486,643,EZ,SM-EZ,KTM,"Govt. Medical College, Kottayam",MBBS,SM-EZ,2,mbbs_p2_final.pdf
2025,2,487,644,MU,SM-MU,KTM,"Govt. Medical College, Kottayam",MBBS,SM-MU,1,mbbs_p2_final.pdf
2025,2,488,645,MU,SM,ALP,"T D Govt. Medical College, Alappuzha",MBBS,SM,4,mbbs_p2_final.pdf
2025,2,489,647,EZ,SM-EZ,TCM,"Govt. Medical College, Thrissur",MBBS,SM-EZ,3,mbbs_p2_final.pdf
2025,2,490,649,EW,SM-EW,TVM,"Govt. Medical College, Thiruvananthapuram",MBBS,SM-EW,1,mbbs_p2_final.pdf
2025,2,491,650,MU,SM,MLP,"Govt. Medical College, Manjeri",MBBS,SM,4,mbbs_p2_final.pdf
2025,2,492,651,General,SM,MLP,"Govt. Medical College, Manjeri",MBBS,SM,3,mbbs_p2_final.pdf
2025,2,493,652,General,SM,CMC,"Govt. Medical College, Ernakulam",MBBS,SM,2,mbbs_p2_final.pdf
2025,2,494,653,EZ,SM-EZ,KTM,"Govt. Medical College, Kottayam",MBBS,SM-EZ,3,mbbs_p2_final.pdf
2025,2,495,658,General,SM,ALP,"T D Govt. Medical College, Alappuzha",MBBS,SM,3,mbbs_p2_final.pdf
2025,2,496,659,General,SM,ALP,"T D Govt. Medical College, Alappuzha",MBBS,SM,5,mbbs_p2_final.pdf
2025,2,497,660,EZ,SM,ALP,"T D Govt. Medical College, Alappuzha",MBBS,SM,1,mbbs_p2_final.pdf
2025,2,498,661,VK,SM-VK,TVM,"Govt. Medical College, Thiruvananthapuram",MBBS,SM-VK,1,mbbs_p2_final.pdf
2025,2,499,662,EZ,SM-EZ,KTM,"Govt. Medical College, Kottayam",MBBS,SM-EZ,1,mbbs_p2_final.pdf
2025,2,500,663,EZ,SM-EZ,TCM,"Govt. Medical College, Thrissur",MBBS,SM-EZ,3,mbbs_p2_final.pdf
2025,2,501,664,MU,SM,MLP,"Govt. Medical College, Manjeri",MBBS,SM,2,mbbs_p2_final.pdf
2025,2,502,666,MU,SM,MLP,"Govt. Medical College, Manjeri",MBBS,SM,2,mbbs_p2_final.pdf
2025,2,503,667,General,SM,ALP,"T D Govt. Medical College, Alappuzha",MBBS,SM,3,mbbs_p2_final.pdf
2025,2,504,668,MU,SM,ALP,"T D Govt. Medical College, Alappuzha",MBBS,SM,3,mbbs_p2_final.pdf
2025,2,505,670,General,SM,ALP,"T D Govt. Medical College, Alappuzha",MBBS,SM,5,mbbs_p2_final.pdf
2025,2,506,671,MU,SM,ALP,"T D Govt. Medical College, Alappuzha",MBBS,SM,4,mbbs_p2_final.pdf
2025,2,507,672,LA,SM-LA,KKM,"Govt. Medical College, Kozhikkode",MBBS,SM-LA,1,mbbs_p2_final.pdf
2025,2,508,673,MU,SM,ALP,"T D Govt. Medical College, Alappuzha",MBBS,SM,5,mbbs_p2_final.pdf
2025,2,509,674,MU,SM,MLP,"Govt. Medical College, Manjeri",MBBS,SM,5,mbbs_p2_final.pdf
2025,2,510,675,General,SM,KNM,Government Medical College Kannur,MBBS,SM,5,mbbs_p2_final.pdf
2025,2,511,676,MU,SM,MLP,"Govt. Medical College, Manjeri",MBBS,SM,1,mbbs_p2_final.pdf
2025,2,512,677,EZ,SM-EZ,KTM,"Govt. Medical College, Kottayam",MBBS,SM-EZ,3,mbbs_p2_final.pdf
2025,2,513,678,General,SM,ALP,"T D Govt. Medical College, Alappuzha",MBBS,SM,5,mbbs_p2_final.pdf
2025,2,514,679,EZ,SM-EZ,TCM,"Govt. Medical College, Thrissur",MBBS,SM-EZ,3,mbbs_p2_final.pdf
2025,2,515,680,General,SM,KNM,Government Medical College Kannur,MBBS,SM,5,mbbs_p2_final.pdf
2025,2,516,681,MU,SM,ALP,"T D Govt. Medical College, Alappuzha",MBBS,SM,5,mbbs_p2_final.pdf
2025,2,517,682,MU,SM,ALP,"T D Govt. Medical College, Alappuzha",MBBS,SM,2,mbbs_p2_final.pdf
2025,2,518,683,MU,SM,MLP,"Govt. Medical College, Manjeri",MBBS,SM,2,mbbs_p2_final.pdf
2025,2,519,684,General,SM,ALP,"T D Govt. Medical College, Alappuzha",MBBS,SM,3,mbbs_p2_final.pdf
2025,2,520,685,MU,SM,ALP,"T D Govt. Medical College, Alappuzha",MBBS,SM,5,mbbs_p2_final.pdf
2025,2,521,686,MU,SM,MLP,"Govt. Medical College, Manjeri",MBBS,SM,1,mbbs_p2_final.pdf
2025,2,522,687,General,SM,ALP,"T D Govt. Medical College, Alappuzha",MBBS,SM,5,mbbs_p2_final.pdf
2025,2,523,688,MU,SM,ALP,"T D Govt. Medical College, Alappuzha",MBBS,SM,3,mbbs_p2_final.pdf
2025,2,524,689,General,SM,ALP,"T D Govt. Medical College, Alappuzha",MBBS,SM,4,mbbs_p2_final.pdf
2025,2,525,690,BH,SM-BH,TVM,"Govt. Medical College, Thiruvananthapuram",MBBS,SM-BH,1,mbbs_p2_final.pdf
2025,2,526,691,MU,SM,KNM,Government Medical College Kannur,MBBS,SM,4,mbbs_p2_final.pdf
2025,2,527,693,MU,SM,MLP,"Govt. Medical College, Manjeri",MBBS,SM,4,mbbs_p2_final.pdf
2025,2,528,694,MU,SM,MLP,"Govt. Medical College, Manjeri",MBBS,SM,3,mbbs_p2_final.pdf
2025,2,529,695,MU,SM,ALP,"T D Govt. Medical College, Alappuzha",MBBS,SM,5,mbbs_p2_final.pdf
2025,2,530,696,General,SM,CMC,"Govt. Medical College, Ernakulam",MBBS,SM,5,mbbs_p2_final.pdf
2025,2,531,697,General,SM,ALP,"T D Govt. Medical College, Alappuzha",MBBS,SM,4,mbbs_p2_final.pdf
2025,2,532,699,MU,SM,ALP,"T D Govt. Medical College, Alappuzha",MBBS,SM,5,mbbs_p2_final.pdf
2025,2,533,700,MU,SM,MLP,"Govt. Medical College, Manjeri",MBBS,SM,4,mbbs_p2_final.pdf
2025,2,534,701,MU,SM,MLP,"Govt. Medical College, Manjeri",MBBS,SM,4,mbbs_p2_final.pdf
2025,2,535,702,MU,SM,ALP,"T D Govt. Medical College, Alappuzha",MBBS,SM,5,mbbs_p2_final.pdf
2025,2,536,703,EZ,SM-EZ,TCM,"Govt. Medical College, Thrissur",MBBS,SM-EZ,3,mbbs_p2_final.pdf
2025,2,537,704,MU,SM,MLP,"Govt. Medical College, Manjeri",MBBS,SM,5,mbbs_p2_final.pdf
2025,2,538,705,General,SM,ALP,"T D Govt. Medical College, Alappuzha",MBBS,SM,4,mbbs_p2_final.pdf
2025,2,539,706,EW,SM-EW,KKM,"Govt. Medical College, Kozhikkode",MBBS,SM-EW,1,mbbs_p2_final.pdf
2025,2,540,707,MU,SM,MLP,"Govt. Medical College, Manjeri",MBBS,SM,5,mbbs_p2_final.pdf
2025,2,541,709,General,XS,TCM,"Govt. Medical College, Thrissur",MBBS,XS,4,mbbs_p2_final.pdf
2025,2,542,710,EW,SM-EW,KKM,"Govt. Medical College, Kozhikkode",MBBS,SM-EW,1,mbbs_p2_final.pdf
2025,2,543,711,General,SM,ALP,"T D Govt. Medical College, Alappuzha",MBBS,SM,5,mbbs_p2_final.pdf
2025,2,544,712,EZ,SM-EZ,KTM,"Govt. Medical College, Kottayam",MBBS,SM-EZ,3,mbbs_p2_final.pdf
2025,2,545,713,General,SM,ALP,"T D Govt. Medical College, Alappuzha",MBBS,SM,5,mbbs_p2_final.pdf
2025,2,546,714,EZ,SM-EZ,KTM,"Govt. Medical College, Kottayam",MBBS,SM-EZ,3,mbbs_p2_final.pdf
2025,2,547,715,General,SM,ALP,"T D Govt. Medical College, Alappuzha",MBBS,SM,5,mbbs_p2_final.pdf
2025,2,548,716,MU,SM,MLP,"Govt. Medical College, Manjeri",MBBS,SM,1,mbbs_p2_final.pdf
2025,2,549,718,MU,SM,CMC,"Govt. Medical College, Ernakulam",MBBS,SM,1,mbbs_p2_final.pdf
2025,2,550,719,MU,SM,KNM,Government Medical College Kannur,MBBS,SM,4,mbbs_p2_final.pdf
2025,2,551,720,EZ,SM-EZ,KTM,"Govt. Medical College, Kottayam",MBBS,SM-EZ,1,mbbs_p2_final.pdf
2025,2,552,721,General,SM,ALP,"T D Govt. Medical College, Alappuzha",MBBS,SM,5,mbbs_p2_final.pdf
2025,2,553,722,EZ,SM-EZ,TCM,"Govt. Medical College, Thrissur",MBBS,SM-EZ,2,mbbs_p2_final.pdf
2025,2,554,723,General,SM,CMC,"Govt. Medical College, Ernakulam",MBBS,SM,4,mbbs_p2_final.pdf
2025,2,555,724,General,SM,ALP,"T D Govt. Medical College, Alappuzha",MBBS,SM,5,mbbs_p2_final.pdf
2025,2,556,725,MU,SM,MLP,"Govt. Medical College, Manjeri",MBBS,SM,4,mbbs_p2_final.pdf
2025,2,557,726,MU,SM,MLP,"Govt. Medical College, Manjeri",MBBS,SM,1,mbbs_p2_final.pdf
2025,2,558,727,General,SM,ALP,"T D Govt. Medical College, Alappuzha",MBBS,SM,2,mbbs_p2_final.pdf
2025,2,559,728,General,SM,ALP,"T D Govt. Medical College, Alappuzha",MBBS,SM,5,mbbs_p2_final.pdf
2025,2,560,730,MU,SM,MLP,"Govt. Medical College, Manjeri",MBBS,SM,1,mbbs_p2_final.pdf
2025,2,561,731,General,SM,ALP,"T D Govt. Medical College, Alappuzha",MBBS,SM,4,mbbs_p2_final.pdf
2025,2,562,732,BH,SM-BH,TCM,"Govt. Medical College, Thrissur",MBBS,SM-BH,3,mbbs_p2_final.pdf
2025,2,563,733,EZ,SM-EZ,KTM,"Govt. Medical College, Kottayam",MBBS,SM-EZ,3,mbbs_p2_final.pdf
2025,2,564,734,MU,SM,MLP,"Govt. Medical College, Manjeri",MBBS,SM,5,mbbs_p2_final.pdf
2025,2,565,735,General,SM,ALP,"T D Govt. Medical College, Alappuzha",MBBS,SM,5,mbbs_p2_final.pdf
2025,2,566,736,General,SM,ALP,"T D Govt. Medical College, Alappuzha",MBBS,SM,5,mbbs_p2_final.pdf
2025,2,567,737,General,SM,ALP,"T D Govt. Medical College, Alappuzha",MBBS,SM,3,mbbs_p2_final.pdf
2025,2,568,738,General,SM,ALP,"T D Govt. Medical College, Alappuzha",MBBS,SM,5,mbbs_p2_final.pdf
2025,2,569,739,MU,SM,CMC,"Govt. Medical College, Ernakulam",MBBS,SM,5,mbbs_p2_final.pdf
2025,2,570,740,MU,SM,ALP,"T D Govt. Medical College, Alappuzha",MBBS,SM,4,mbbs_p2_final.pdf
2025,2,571,741,General,SM,ALP,"T D Govt. Medical College, Alappuzha",MBBS,SM,4,mbbs_p2_final.pdf
2025,2,572,742,BH,SM-BH,KTM,"Govt. Medical College, Kottayam",MBBS,SM-BH,2,mbbs_p2_final.pdf
2025,2,573,743,MU,SM,ALP,"T D Govt. Medical College, Alappuzha",MBBS,SM,5,mbbs_p2_final.pdf
2025,2,574,744,General,SM,ALP,"T D Govt. Medical College, Alappuzha",MBBS,SM,5,mbbs_p2_final.pdf
2025,2,575,745,EZ,SM-EZ,TCM,"Govt. Medical College, Thrissur",MBBS,SM-EZ,2,mbbs_p2_final.pdf
2025,2,576,746,MU,SM,ALP,"T D Govt. Medical College, Alappuzha",MBBS,SM,5,mbbs_p2_final.pdf
2025,2,577,747,MU,SM,ALP,"T D Govt. Medical College, Alappuzha",MBBS,SM,5,mbbs_p2_final.pdf
2025,2,578,748,MU,SM,ALP,"T D Govt. Medical College, Alappuzha",MBBS,SM,3,mbbs_p2_final.pdf
2025,2,579,749,General,SM,MLP,"Govt. Medical College, Manjeri",MBBS,SM,4,mbbs_p2_final.pdf
2025,2,580,751,General,SM,MLP,"Govt. Medical College, Manjeri",MBBS,SM,5,mbbs_p2_final.pdf
2025,2,581,752,BH,SM-BH,KTM,"Govt. Medical College, Kottayam",MBBS,SM-BH,2,mbbs_p2_final.pdf
2025,2,582,753,MU,SM,MLP,"Govt. Medical College, Manjeri",MBBS,SM,3,mbbs_p2_final.pdf
2025,2,583,754,MU,SM,CMC,"Govt. Medical College, Ernakulam",MBBS,SM,4,mbbs_p2_final.pdf
2025,2,584,755,EW,SM-EW,KKM,"Govt. Medical College, Kozhikkode",MBBS,SM-EW,1,mbbs_p2_final.pdf
2025,2,585,756,LA,SM-LA,TVM,"Govt. Medical College, Thiruvananthapuram",MBBS,SM-LA,1,mbbs_p2_final.pdf
2025,2,586,757,MU,SM,ALP,"T D Govt. Medical College, Alappuzha",MBBS,SM,3,mbbs_p2_final.pdf
2025,2,587,758,General,SM,ALP,"T D Govt. Medical College, Alappuzha",MBBS,SM,5,mbbs_p2_final.pdf
2025,2,588,759,MU,SM,MLP,"Govt. Medical College, Manjeri",MBBS,SM,4,mbbs_p2_final.pdf
2025,2,589,760,VK,SM-VK,TVM,"Govt. Medical College, Thiruvananthapuram",MBBS,SM-VK,1,mbbs_p2_final.pdf
2025,2,590,764,VK,SM-VK,KTM,"Govt. Medical College, Kottayam",MBBS,SM-VK,1,mbbs_p2_final.pdf
2025,2,591,765,General,SM,ALP,"T D Govt. Medical College, Alappuzha",MBBS,SM,5,mbbs_p2_final.pdf
2025,2,592,766,BH,SM-BH,TCM,"Govt. Medical College, Thrissur",MBBS,SM-BH,3,mbbs_p2_final.pdf
2025,2,593,767,MU,SM,ALP,"T D Govt. Medical College, Alappuzha",MBBS,SM,5,mbbs_p2_final.pdf
2025,2,594,768,MU,SM,ALP,"T D Govt. Medical College, Alappuzha",MBBS,SM,5,mbbs_p2_final.pdf
2025,2,595,769,EZ,SM-EZ,TCM,"Govt. Medical College, Thrissur",MBBS,SM-EZ,4,mbbs_p2_final.pdf
2025,2,596,771,EZ,SM,ALP,"T D Govt. Medical College, Alappuzha",MBBS,SM,3,mbbs_p2_final.pdf
2025,2,597,772,EW,SM-EW,KTM,"Govt. Medical College, Kottayam",MBBS,SM-EW,1,mbbs_p2_final.pdf
2025,2,598,773,BH,SM-BH,KTM,"Govt. Medical College, Kottayam",MBBS,SM-BH,3,mbbs_p2_final.pdf
2025,2,599,774,MU,SM,MLP,"Govt. Medical College, Manjeri",MBBS,SM,3,mbbs_p2_final.pdf
2025,2,600,775,General,SM,ALP,"T D Govt. Medical College, Alappuzha",MBBS,SM,5,mbbs_p2_final.pdf
2025,2,601,776,EZ,SM,MLP,"Govt. Medical College, Manjeri",MBBS,SM,3,mbbs_p2_final.pdf
2025,2,602,778,General,SM,ALP,"T D Govt. Medical College, Alappuzha",MBBS,SM,4,mbbs_p2_final.pdf
2025,2,603,779,MU,SM,KNM,Government Medical College Kannur,MBBS,SM,5,mbbs_p2_final.pdf
2025,2,604,780,MU,SM,ALP,"T D Govt. Medical College, Alappuzha",MBBS,SM,5,mbbs_p2_final.pdf
2025,2,605,781,EW,SM-EW,KKM,"Govt. Medical College, Kozhikkode",MBBS,SM-EW,1,mbbs_p2_final.pdf
2025,2,606,782,MU,SM,KNM,Government Medical College Kannur,MBBS,SM,3,mbbs_p2_final.pdf
2025,2,607,783,MU,SM,MLP,"Govt. Medical College, Manjeri",MBBS,SM,1,mbbs_p2_final.pdf
2025,2,608,784,MU,SM,MLP,"Govt. Medical College, Manjeri",MBBS,SM,1,mbbs_p2_final.pdf
2025,2,609,786,MU,SM,ALP,"T D Govt. Medical College, Alappuzha",MBBS,SM,5,mbbs_p2_final.pdf
2025,2,610,787,General,SM,ALP,"T D Govt. Medical College, Alappuzha",MBBS,SM,5,mbbs_p2_final.pdf
2025,2,611,788,General,SM,CMC,"Govt. Medical College, Ernakulam",MBBS,SM,6,mbbs_p2_final.pdf
2025,2,612,789,LA,SM-LA,TVM,"Govt. Medical College, Thiruvananthapuram",MBBS,SM-LA,1,mbbs_p2_final.pdf
2025,2,613,791,EZ,SM-EZ,TCM,"Govt. Medical College, Thrissur",MBBS,SM-EZ,3,mbbs_p2_final.pdf
2025,2,614,793,EZ,SM-EZ,ALP,"T D Govt. Medical College, Alappuzha",MBBS,SM-EZ,4,mbbs_p2_final.pdf
2025,2,615,794,EZ,SM-EZ,TCM,"Govt. Medical College, Thrissur",MBBS,SM-EZ,3,mbbs_p2_final.pdf
2025,2,616,795,LA,SM-LA,KKM,"Govt. Medical College, Kozhikkode",MBBS,SM-LA,1,mbbs_p2_final.pdf
2025,2,617,796,MU,SM,MLP,"Govt. Medical College, Manjeri",MBBS,SM,5,mbbs_p2_final.pdf
2025,2,618,797,BH,SM-BH,TCM,"Govt. Medical College, Thrissur",MBBS,SM-BH,2,mbbs_p2_final.pdf
2025,2,619,798,MU,SM,CMC,"Govt. Medical College, Ernakulam",MBBS,SM,1,mbbs_p2_final.pdf
2025,2,620,799,BH,SM-BH,KTM,"Govt. Medical College, Kottayam",MBBS,SM-BH,3,mbbs_p2_final.pdf
2025,2,621,801,General,SM,MLP,"Govt. Medical College, Manjeri",MBBS,SM,6,mbbs_p2_final.pdf
2025,2,622,802,MU,SM-MU,ALP,"T D Govt. Medical College, Alappuzha",MBBS,SM-MU,5,mbbs_p2_final.pdf
2025,2,623,804,General,SM,CMC,"Govt. Medical College, Ernakulam",MBBS,SM,5,mbbs_p2_final.pdf
2025,2,624,805,MU,SM-MU,ALP,"T D Govt. Medical College, Alappuzha",MBBS,SM-MU,5,mbbs_p2_final.pdf
2025,2,625,807,General,SM,MLP,"Govt. Medical College, Manjeri",MBBS,SM,6,mbbs_p2_final.pdf
2025,2,626,809,General,SM,CMC,"Govt. Medical College, Ernakulam",MBBS,SM,4,mbbs_p2_final.pdf
2025,2,627,811,EW,SM-EW,TVM,"Govt. Medical College, Thiruvananthapuram",MBBS,SM-EW,1,mbbs_p2_final.pdf
2025,2,628,812,MU,SM-MU,ALP,"T D Govt. Medical College, Alappuzha",MBBS,SM-MU,5,mbbs_p2_final.pdf
2025,2,629,813,MU,SM-MU,ALP,"T D Govt. Medical College, Alappuzha",MBBS,SM-MU,5,mbbs_p2_final.pdf
2025,2,630,814,MU,SM,KNM,Government Medical College Kannur,MBBS,SM,3,mbbs_p2_final.pdf
2025,2,631,815,EZ,SM-EZ,ALP,"T D Govt. Medical College, Alappuzha",MBBS,SM-EZ,4,mbbs_p2_final.pdf
2025,2,632,816,MU,SM,KNM,Government Medical College Kannur,MBBS,SM,1,mbbs_p2_final.pdf
2025,2,633,817,MU,SM-MU,ALP,"T D Govt. Medical College, Alappuzha",MBBS,SM-MU,5,mbbs_p2_final.pdf
2025,2,634,818,EW,SM-EW,KKM,"Govt. Medical College, Kozhikkode",MBBS,SM-EW,1,mbbs_p2_final.pdf
2025,2,635,819,EZ,SM,MLP,"Govt. Medical College, Manjeri",MBBS,SM,5,mbbs_p2_final.pdf
2025,2,636,820,VK,SM-VK,KTM,"Govt. Medical College, Kottayam",MBBS,SM-VK,3,mbbs_p2_final.pdf
2025,2,637,821,MU,SM-MU,ALP,"T D Govt. Medical College, Alappuzha",MBBS,SM-MU,5,mbbs_p2_final.pdf
2025,2,638,822,MU,SM-MU,ALP,"T D Govt. Medical College, Alappuzha",MBBS,SM-MU,4,mbbs_p2_final.pdf
2025,2,639,823,MU,SM-MU,ALP,"T D Govt. Medical College, Alappuzha",MBBS,SM-MU,5,mbbs_p2_final.pdf
2025,2,640,824,MU,SM-MU,ALP,"T D Govt. Medical College, Alappuzha",MBBS,SM-MU,5,mbbs_p2_final.pdf
2025,2,641,825,MU,SM-MU,ALP,"T D Govt. Medical College, Alappuzha",MBBS,SM-MU,5,mbbs_p2_final.pdf
2025,2,642,826,MU,SM-MU,ALP,"T D Govt. Medical College, Alappuzha",MBBS,SM-MU,5,mbbs_p2_final.pdf
2025,2,643,828,MU,SM,CMC,"Govt. Medical College, Ernakulam",MBBS,SM,6,mbbs_p2_final.pdf
2025,2,644,829,MU,SM,MLP,"Govt. Medical College, Manjeri",MBBS,SM,4,mbbs_p2_final.pdf
2025,2,645,830,MU,SM,MLP,"Govt. Medical College, Manjeri",MBBS,SM,6,mbbs_p2_final.pdf
2025,2,646,831,EW,SM-EW,KKM,"Govt. Medical College, Kozhikkode",MBBS,SM-EW,1,mbbs_p2_final.pdf
2025,2,647,832,MU,SM,KNM,Government Medical College Kannur,MBBS,SM,6,mbbs_p2_final.pdf
2025,2,648,833,MU,SM,KNM,Government Medical College Kannur,MBBS,SM,5,mbbs_p2_final.pdf
2025,2,649,834,MU,SD,ALP,"T D Govt. Medical College, Alappuzha",MBBS,SD,5,mbbs_p2_final.pdf
2025,2,650,838,MU,SM-MU,MLP,"Govt. Medical College, Manjeri",MBBS,SM-MU,4,mbbs_p2_final.pdf
2025,2,651,839,MU,SM-MU,MLP,"Govt. Medical College, Manjeri",MBBS,SM-MU,3,mbbs_p2_final.pdf
2025,2,652,840,General,SM,KNM,Government Medical College Kannur,MBBS,SM,6,mbbs_p2_final.pdf
2025,2,653,841,General,SM,CMC,"Govt. Medical College, Ernakulam",MBBS,SM,6,mbbs_p2_final.pdf
2025,2,654,842,MU,SM-MU,MLP,"Govt. Medical College, Manjeri",MBBS,SM-MU,5,mbbs_p2_final.pdf
2025,2,655,843,General,SM,KLM,"Govt. Medical College, Parippally, Kollam",MBBS,SM,6,mbbs_p2_final.pdf
2025,2,656,844,BX,SM-BX,KKM,"Govt. Medical College, Kozhikkode",MBBS,SM-BX,2,mbbs_p2_final.pdf
2025,2,657,846,MU,SM,CMC,"Govt. Medical College, Ernakulam",MBBS,SM,4,mbbs_p2_final.pdf
2025,2,658,847,MU,SM,CMC,"Govt. Medical College, Ernakulam",MBBS,SM,6,mbbs_p2_final.pdf
2025,2,659,848,General,SM,CMC,"Govt. Medical College, Ernakulam",MBBS,SM,6,mbbs_p2_final.pdf
2025,2,660,849,BH,SM-BH,TCM,"Govt. Medical College, Thrissur",MBBS,SM-BH,2,mbbs_p2_final.pdf
2025,2,661,850,General,SM,CMC,"Govt. Medical College, Ernakulam",MBBS,SM,6,mbbs_p2_final.pdf
2025,2,662,851,MU,SM-MU,MLP,"Govt. Medical College, Manjeri",MBBS,SM-MU,5,mbbs_p2_final.pdf
2025,2,663,852,General,SM,KLM,"Govt. Medical College, Parippally, Kollam",MBBS,SM,5,mbbs_p2_final.pdf
2025,2,664,853,MU,SM,CMC,"Govt. Medical College, Ernakulam",MBBS,SM,6,mbbs_p2_final.pdf
2025,2,665,854,MU,SM-MU,MLP,"Govt. Medical College, Manjeri",MBBS,SM-MU,2,mbbs_p2_final.pdf
2025,2,666,856,MU,SM,CMC,"Govt. Medical College, Ernakulam",MBBS,SM,3,mbbs_p2_final.pdf
2025,2,667,857,EZ,SM-EZ,ALP,"T D Govt. Medical College, Alappuzha",MBBS,SM-EZ,5,mbbs_p2_final.pdf
2025,2,668,858,General,SM,KNM,Government Medical College Kannur,MBBS,SM,6,mbbs_p2_final.pdf
2025,2,669,859,MU,SM,CMC,"Govt. Medical College, Ernakulam",MBBS,SM,6,mbbs_p2_final.pdf
2025,2,670,860,General,SM,KNM,Government Medical College Kannur,MBBS,SM,6,mbbs_p2_final.pdf
2025,2,671,861,MU,SM,KNM,Government Medical College Kannur,MBBS,SM,4,mbbs_p2_final.pdf
2025,2,672,862,MU,MU,KNM,Government Medical College Kannur,MBBS,MU,5,mbbs_p2_final.pdf
2025,2,673,863,MU,MU,KNM,Government Medical College Kannur,MBBS,MU,1,mbbs_p2_final.pdf
2025,2,674,865,MU,MU,CMC,"Govt. Medical College, Ernakulam",MBBS,MU,6,mbbs_p2_final.pdf
2025,2,675,866,EZ,EZ,ALP,"T D Govt. Medical College, Alappuzha",MBBS,EZ,4,mbbs_p2_final.pdf
2025,2,676,868,MU,MU,CMC,"Govt. Medical College, Ernakulam",MBBS,MU,6,mbbs_p2_final.pdf
2025,2,677,869,MU,MU,MLP,"Govt. Medical College, Manjeri",MBBS,MU,6,mbbs_p2_final.pdf
2025,2,678,870,MU,MU,KNM,Government Medical College Kannur,MBBS,MU,5,mbbs_p2_final.pdf
2025,2,679,871,MU,MU,MLP,"Govt. Medical College, Manjeri",MBBS,MU,2,mbbs_p2_final.pdf
2025,2,680,872,MU,MU,CMC,"Govt. Medical College, Ernakulam",MBBS,MU,6,mbbs_p2_final.pdf
2025,2,681,874,MU,MU,KNM,Government Medical College Kannur,MBBS,MU,6,mbbs_p2_final.pdf
2025,2,682,875,MU,MU,KNM,Government Medical College Kannur,MBBS,MU,1,mbbs_p2_final.pdf
2025,2,683,878,MU,MU,CMC,"Govt. Medical College, Ernakulam",MBBS,MU,6,mbbs_p2_final.pdf
2025,2,684,880,EZ,EZ,ALP,"T D Govt. Medical College, Alappuzha",MBBS,EZ,5,mbbs_p2_final.pdf
2025,2,685,881,MU,MU,KNM,Government Medical College Kannur,MBBS,MU,5,mbbs_p2_final.pdf
2025,2,686,883,EZ,EZ,ALP,"T D Govt. Medical College, Alappuzha",MBBS,EZ,4,mbbs_p2_final.pdf
2025,2,687,884,MU,MU,CMC,"Govt. Medical College, Ernakulam",MBBS,MU,6,mbbs_p2_final.pdf
2025,2,688,886,MU,FL-MU,KNM,Government Medical College Kannur,MBBS,FL-MU,5,mbbs_p2_final.pdf
2025,2,689,887,MU,FL-MU,KNM,Government Medical College Kannur,MBBS,FL-MU,6,mbbs_p2_final.pdf
2025,2,690,888,MU,FL-MU,KNM,Government Medical College Kannur,MBBS,FL-MU,6,mbbs_p2_final.pdf
2025,2,691,889,BH,BH,ALP,"T D Govt. Medical College, Alappuzha",MBBS,BH,3,mbbs_p2_final.pdf
2025,2,692,891,MU,MU,CMC,"Govt. Medical College, Ernakulam",MBBS,MU,7,mbbs_p2_final.pdf
2025,2,693,892,MU,FL-MU,KNM,Government Medical College Kannur,MBBS,FL-MU,6,mbbs_p2_final.pdf
2025,2,694,894,BH,BH,CMC,"Govt. Medical College, Ernakulam",MBBS,BH,3,mbbs_p2_final.pdf
2025,2,695,895,MU,MU,CMC,"Govt. Medical College, Ernakulam",MBBS,MU,7,mbbs_p2_final.pdf
2025,2,696,897,EW,EW,KTM,"Govt. Medical College, Kottayam",MBBS,EW,1,mbbs_p2_final.pdf
2025,2,697,898,MU,FL-MU,KNM,Government Medical College Kannur,MBBS,FL-MU,3,mbbs_p2_final.pdf
2025,2,698,899,MU,FL-MU,KNM,Government Medical College Kannur,MBBS,FL-MU,6,mbbs_p2_final.pdf
2025,2,699,901,MU,FL-MU,CMC,"Govt. Medical College, Ernakulam",MBBS,FL-MU,6,mbbs_p2_final.pdf
2025,2,700,902,MU,FL-MU,KNM,Government Medical College Kannur,MBBS,FL-MU,7,mbbs_p2_final.pdf
2025,2,701,904,MU,FL-MU,CMC,"Govt. Medical College, Ernakulam",MBBS,FL-MU,7,mbbs_p2_final.pdf
2025,2,702,905,EZ,EZ,ALP,"T D Govt. Medical College, Alappuzha",MBBS,EZ,4,mbbs_p2_final.pdf
2025,2,703,907,MU,FL-MU,CMC,"Govt. Medical College, Ernakulam",MBBS,FL-MU,7,mbbs_p2_final.pdf
2025,2,704,908,MU,FL-MU,KNM,Government Medical College Kannur,MBBS,FL-MU,7,mbbs_p2_final.pdf
2025,2,705,909,MU,FL-MU,KNM,Government Medical College Kannur,MBBS,FL-MU,5,mbbs_p2_final.pdf
2025,2,706,910,DV,DV,KKM,"Govt. Medical College, Kozhikkode",MBBS,DV,1,mbbs_p2_final.pdf
2025,2,707,911,MU,FL-MU,KNM,Government Medical College Kannur,MBBS,FL-MU,6,mbbs_p2_final.pdf
2025,2,708,912,EZ,EZ,ALP,"T D Govt. Medical College, Alappuzha",MBBS,EZ,5,mbbs_p2_final.pdf
2025,2,709,915,MU,FL-MU,KNM,Government Medical College Kannur,MBBS,FL-MU,7,mbbs_p2_final.pdf
2025,2,710,918,MU,FL-MU,KNM,Government Medical College Kannur,MBBS,FL-MU,6,mbbs_p2_final.pdf
2025,2,711,919,MU,FL-MU,KNM,Government Medical College Kannur,MBBS,FL-MU,7,mbbs_p2_final.pdf
2025,2,712,920,MU,FL-MU,KNM,Government Medical College Kannur,MBBS,FL-MU,6,mbbs_p2_final.pdf
2025,2,713,921,MU,FL-MU,CMC,"Govt. Medical College, Ernakulam",MBBS,FL-MU,7,mbbs_p2_final.pdf
2025,2,714,922,VK,VK,TCM,"Govt. Medical College, Thrissur",MBBS,VK,2,mbbs_p2_final.pdf
2025,2,715,923,EW,EW,TVM,"Govt. Medical College, Thiruvananthapuram",MBBS,EW,1,mbbs_p2_final.pdf
2025,2,716,924,MU,FL-MU,CMC,"Govt. Medical College, Ernakulam",MBBS,FL-MU,7,mbbs_p2_final.pdf
2025,2,717,925,MU,FL-MU,KNM,Government Medical College Kannur,MBBS,FL-MU,6,mbbs_p2_final.pdf
2025,2,718,926,MU,FL-MU,CMC,"Govt. Medical College, Ernakulam",MBBS,FL-MU,1,mbbs_p2_final.pdf
2025,2,719,928,MU,FL-MU,CMC,"Govt. Medical College, Ernakulam",MBBS,FL-MU,6,mbbs_p2_final.pdf
2025,2,720,930,MU,FL-MU,KNM,Government Medical College Kannur,MBBS,FL-MU,5,mbbs_p2_final.pdf
2025,2,721,933,MU,FL-MU,CMC,"Govt. Medical College, Ernakulam",MBBS,FL-MU,6,mbbs_p2_final.pdf
2025,2,722,934,MU,FL-MU,CMC,"Govt. Medical College, Ernakulam",MBBS,FL-MU,6,mbbs_p2_final.pdf
2025,2,723,936,BH,BH,ALP,"T D Govt. Medical College, Alappuzha",MBBS,BH,3,mbbs_p2_final.pdf
2025,2,724,937,MU,FL-MU,KNM,Government Medical College Kannur,MBBS,FL-MU,5,mbbs_p2_final.pdf
2025,2,725,939,MU,FL-MU,CMC,"Govt. Medical College, Ernakulam",MBBS,FL-MU,7,mbbs_p2_final.pdf
2025,2,726,940,MU,FL-MU,CMC,"Govt. Medical College, Ernakulam",MBBS,FL-MU,7,mbbs_p2_final.pdf
2025,2,727,941,LA,LA,KKM,"Govt. Medical College, Kozhikkode",MBBS,LA,1,mbbs_p2_final.pdf
2025,2,728,943,MU,FL-MU,CMC,"Govt. Medical College, Ernakulam",MBBS,FL-MU,6,mbbs_p2_final.pdf
2025,2,729,944,MU,FL-MU,CMC,"Govt. Medical College, Ernakulam",MBBS,FL-MU,6,mbbs_p2_final.pdf
2025,2,730,945,MU,FL-MU,KNM,Government Medical College Kannur,MBBS,FL-MU,7,mbbs_p2_final.pdf
2025,2,731,946,General,AM,JMC,"Jubilee Mission Medical College, Thrisur",MBBS,AM,8,mbbs_p2_final.pdf
2025,2,732,947,LA,LA,KKM,"Govt. Medical College, Kozhikkode",MBBS,LA,1,mbbs_p2_final.pdf
2025,2,733,948,MU,FL-MU,KNM,Government Medical College Kannur,MBBS,FL-MU,6,mbbs_p2_final.pdf
2025,2,734,950,MU,FL-MU,CMC,"Govt. Medical College, Ernakulam",MBBS,FL-MU,6,mbbs_p2_final.pdf
2025,2,735,951,MU,FL-MU,KNM,Government Medical College Kannur,MBBS,FL-MU,7,mbbs_p2_final.pdf
2025,2,736,952,EZ,EZ,MLP,"Govt. Medical College, Manjeri",MBBS,EZ,4,mbbs_p2_final.pdf
2025,2,737,954,MU,FL-MU,KNM,Government Medical College Kannur,MBBS,FL-MU,6,mbbs_p2_final.pdf
2025,2,738,955,MU,FL-MU,CMC,"Govt. Medical College, Ernakulam",MBBS,FL-MU,6,mbbs_p2_final.pdf
2025,2,739,956,EW,EW,TVM,"Govt. Medical College, Thiruvananthapuram",MBBS,EW,1,mbbs_p2_final.pdf
2025,2,740,957,EZ,EZ,KNM,Government Medical College Kannur,MBBS,EZ,1,mbbs_p2_final.pdf
2025,2,741,958,DV,DV,TVM,"Govt. Medical College, Thiruvananthapuram",MBBS,DV,1,mbbs_p2_final.pdf
2025,2,742,959,EZ,EZ,ALP,"T D Govt. Medical College, Alappuzha",MBBS,EZ,4,mbbs_p2_final.pdf
2025,2,743,960,MU,FL-MU,KNM,Government Medical College Kannur,MBBS,FL-MU,5,mbbs_p2_final.pdf
2025,2,744,962,MU,FL-MU,KNM,Government Medical College Kannur,MBBS,FL-MU,5,mbbs_p2_final.pdf
2025,2,745,963,MU,FL-MU,KNM,Government Medical College Kannur,MBBS,FL-MU,7,mbbs_p2_final.pdf
2025,2,746,964,MU,FL-MU,CMC,"Govt. Medical College, Ernakulam",MBBS,FL-MU,8,mbbs_p2_final.pdf
2025,2,747,966,MU,FL-MU,CMC,"Govt. Medical College, Ernakulam",MBBS,FL-MU,8,mbbs_p2_final.pdf
2025,2,748,967,BH,BH,ALP,"T D Govt. Medical College, Alappuzha",MBBS,BH,2,mbbs_p2_final.pdf
2025,2,749,968,MU,FL-MU,CMC,"Govt. Medical College, Ernakulam",MBBS,FL-MU,8,mbbs_p2_final.pdf
2025,2,750,969,MU,FL-MU,CMC,"Govt. Medical College, Ernakulam",MBBS,FL-MU,8,mbbs_p2_final.pdf
2025,2,751,972,MU,FL-MU,CMC,"Govt. Medical College, Ernakulam",MBBS,FL-MU,7,mbbs_p2_final.pdf
2025,2,752,973,EW,EW,KKM,"Govt. Medical College, Kozhikkode",MBBS,EW,1,mbbs_p2_final.pdf
2025,2,753,974,MU,FL-MU,CMC,"Govt. Medical College, Ernakulam",MBBS,FL-MU,8,mbbs_p2_final.pdf
2025,2,754,975,MU,FL-MU,CMC,"Govt. Medical College, Ernakulam",MBBS,FL-MU,8,mbbs_p2_final.pdf
2025,2,755,976,EZ,EZ,ALP,"T D Govt. Medical College, Alappuzha",MBBS,EZ,5,mbbs_p2_final.pdf
2025,2,756,977,EZ,EZ,ALP,"T D Govt. Medical College, Alappuzha",MBBS,EZ,2,mbbs_p2_final.pdf
2025,2,757,978,MU,MU,KLM,"Govt. Medical College, Parippally, Kollam",MBBS,MU,8,mbbs_p2_final.pdf
2025,2,758,981,BH,BH,MLP,"Govt. Medical College, Manjeri",MBBS,BH,2,mbbs_p2_final.pdf
2025,2,759,982,MU,MU,KLM,"Govt. Medical College, Parippally, Kollam",MBBS,MU,8,mbbs_p2_final.pdf
2025,2,760,984,MU,MU,KLM,"Govt. Medical College, Parippally, Kollam",MBBS,MU,6,mbbs_p2_final.pdf
2025,2,761,985,MU,MU,KLM,"Govt. Medical College, Parippally, Kollam",MBBS,MU,9,mbbs_p2_final.pdf
2025,2,762,990,LA,LA,KTM,"Govt. Medical College, Kottayam",MBBS,LA,1,mbbs_p2_final.pdf
2025,2,763,996,EZ,EZ,ALP,"T D Govt. Medical College, Alappuzha",MBBS,EZ,5,mbbs_p2_final.pdf
2025,2,764,997,MU,FL-MU,KLM,"Govt. Medical College, Parippally, Kollam",MBBS,FL-MU,9,mbbs_p2_final.pdf
2025,2,765,998,MU,FL-MU,KLM,"Govt. Medical College, Parippally, Kollam",MBBS,FL-MU,9,mbbs_p2_final.pdf
2025,2,766,999,EZ,EZ,KNM,Government Medical College Kannur,MBBS,EZ,5,mbbs_p2_final.pdf
2025,2,767,1000,MU,FL-MU,KLM,"Govt. Medical College, Parippally, Kollam",MBBS,FL-MU,6,mbbs_p2_final.pdf
2025,2,768,1002,MU,FL-MU,KLM,"Govt. Medical College, Parippally, Kollam",MBBS,FL-MU,9,mbbs_p2_final.pdf
2025,2,769,1003,MU,FL-MU,KLM,"Govt. Medical College, Parippally, Kollam",MBBS,FL-MU,9,mbbs_p2_final.pdf
2025,2,770,1004,MU,FL-MU,KLM,"Govt. Medical College, Parippally, Kollam",MBBS,FL-MU,9,mbbs_p2_final.pdf
2025,2,771,1006,MU,FL-MU,KLM,"Govt. Medical College, Parippally, Kollam",MBBS,FL-MU,9,mbbs_p2_final.pdf
2025,2,772,1007,MU,FL-MU,KLM,"Govt. Medical College, Parippally, Kollam",MBBS,FL-MU,9,mbbs_p2_final.pdf
2025,2,773,1009,EZ,EZ,CMC,"Govt. Medical College, Ernakulam",MBBS,EZ,6,mbbs_p2_final.pdf
2025,2,774,1010,MU,FL-MU,KLM,"Govt. Medical College, Parippally, Kollam",MBBS,FL-MU,9,mbbs_p2_final.pdf
2025,2,775,1011,EW,EW,TVM,"Govt. Medical College, Thiruvananthapuram",MBBS,EW,1,mbbs_p2_final.pdf
2025,2,776,1014,EZ,EZ,CMC,"Govt. Medical College, Ernakulam",MBBS,EZ,6,mbbs_p2_final.pdf
2025,2,777,1016,EZ,EZ,CMC,"Govt. Medical College, Ernakulam",MBBS,EZ,6,mbbs_p2_final.pdf
2025,2,778,1018,MU,MU,PTM,"Government Medical College, Konni, Pathanamthitta",MBBS,MU,10,mbbs_p2_final.pdf
2025,2,779,1020,LA,LA,KKM,"Govt. Medical College, Kozhikkode",MBBS,LA,2,mbbs_p2_final.pdf
2025,2,780,1022,EZ,EZ,CMC,"Govt. Medical College, Ernakulam",MBBS,EZ,5,mbbs_p2_final.pdf
2025,2,781,1024,MU,MU,WYM,"Govt. Medical College, Wayanad",MBBS,MU,10,mbbs_p2_final.pdf
2025,2,782,1026,EZ,XS,ALP,"T D Govt. Medical College, Alappuzha",MBBS,XS,5,mbbs_p2_final.pdf
2025,2,783,1027,MU,MU,PTM,"Government Medical College, Konni, Pathanamthitta",MBBS,MU,10,mbbs_p2_final.pdf
2025,2,784,1030,MU,MU,PKM,"Government Medical College, Palakkad",MBBS,MU,10,mbbs_p2_final.pdf
2025,2,785,1031,MU,FL-MU,PKM,"Government Medical College, Palakkad",MBBS,FL-MU,10,mbbs_p2_final.pdf
2025,2,786,1032,EZ,EZ,KNM,Government Medical College Kannur,MBBS,EZ,6,mbbs_p2_final.pdf
2025,2,787,1033,MU,FL-MU,PKM,"Government Medical College, Palakkad",MBBS,FL-MU,10,mbbs_p2_final.pdf
2025,2,788,1034,MU,MU,PTM,"Government Medical College, Konni, Pathanamthitta",MBBS,MU,9,mbbs_p2_final.pdf
2025,2,789,1035,MU,FL-MU,PKM,"Government Medical College, Palakkad",MBBS,FL-MU,10,mbbs_p2_final.pdf
2025,2,790,1036,MU,MU,PTM,"Government Medical College, Konni, Pathanamthitta",MBBS,MU,10,mbbs_p2_final.pdf
2025,2,791,1037,MU,MU,PTM,"Government Medical College, Konni, Pathanamthitta",MBBS,MU,10,mbbs_p2_final.pdf
2025,2,792,1038,MU,MU,PTM,"Government Medical College, Konni, Pathanamthitta",MBBS,MU,10,mbbs_p2_final.pdf
2025,2,793,1039,EW,EW,TVM,"Govt. Medical College, Thiruvananthapuram",MBBS,EW,1,mbbs_p2_final.pdf
2025,2,794,1045,MU,MU,IDM,Government Medical College Idukki,MBBS,MU,10,mbbs_p2_final.pdf
2025,2,795,1046,MU,MU,IDM,Government Medical College Idukki,MBBS,MU,11,mbbs_p2_final.pdf
2025,2,796,1049,MU,FL-MU,PTM,"Government Medical College, Konni, Pathanamthitta",MBBS,FL-MU,9,mbbs_p2_final.pdf
2025,2,797,1051,EZ,EZ,CMC,"Govt. Medical College, Ernakulam",MBBS,EZ,6,mbbs_p2_final.pdf
2025,2,798,1053,EZ,EZ,KLM,"Govt. Medical College, Parippally, Kollam",MBBS,EZ,5,mbbs_p2_final.pdf
2025,2,799,1054,MU,FL-MU,PTM,"Government Medical College, Konni, Pathanamthitta",MBBS,FL-MU,10,mbbs_p2_final.pdf
2025,2,800,1055,MU,FL-MU,PTM,"Government Medical College, Konni, Pathanamthitta",MBBS,FL-MU,10,mbbs_p2_final.pdf
2025,2,801,1057,EZ,EZ,KNM,Government Medical College Kannur,MBBS,EZ,1,mbbs_p2_final.pdf
2025,2,802,1058,MU,MU,IDM,Government Medical College Idukki,MBBS,MU,10,mbbs_p2_final.pdf
2025,2,803,1061,EW,EW,TVM,"Govt. Medical College, Thiruvananthapuram",MBBS,EW,1,mbbs_p2_final.pdf
2025,2,804,1066,MU,MU,IDM,Government Medical College Idukki,MBBS,MU,9,mbbs_p2_final.pdf
2025,2,805,1068,LA,LA,KTM,"Govt. Medical College, Kottayam",MBBS,LA,1,mbbs_p2_final.pdf
2025,2,806,1069,MU,MU,WYM,"Govt. Medical College, Wayanad",MBBS,MU,10,mbbs_p2_final.pdf
2025,2,807,1073,MU,MU,IDM,Government Medical College Idukki,MBBS,MU,11,mbbs_p2_final.pdf
2025,2,808,1074,EZ,EZ,CMC,"Govt. Medical College, Ernakulam",MBBS,EZ,4,mbbs_p2_final.pdf
2025,2,809,1075,MU,MU,IDM,Government Medical College Idukki,MBBS,MU,11,mbbs_p2_final.pdf
2025,2,810,1076,MU,FL-MU,IDM,Government Medical College Idukki,MBBS,FL-MU,12,mbbs_p2_final.pdf
2025,2,811,1078,EZ,EZ,CMC,"Govt. Medical College, Ernakulam",MBBS,EZ,6,mbbs_p2_final.pdf
2025,2,812,1080,MU,FL-MU,IDM,Government Medical College Idukki,MBBS,FL-MU,12,mbbs_p2_final.pdf
2025,2,813,1083,EZ,EZ,KNM,Government Medical College Kannur,MBBS,EZ,6,mbbs_p2_final.pdf
2025,2,814,1085,MU,FL-MU,IDM,Government Medical College Idukki,MBBS,FL-MU,11,mbbs_p2_final.pdf
2025,2,815,1086,EZ,EZ,CMC,"Govt. Medical College, Ernakulam",MBBS,EZ,6,mbbs_p2_final.pdf
2025,2,816,1087,MU,FL-MU,IDM,Government Medical College Idukki,MBBS,FL-MU,11,mbbs_p2_final.pdf
2025,2,817,1089,EZ,EZ,KNM,Government Medical College Kannur,MBBS,EZ,6,mbbs_p2_final.pdf
2025,2,818,1091,BH,BH,KNM,Government Medical College Kannur,MBBS,BH,5,mbbs_p2_final.pdf
2025,2,819,1093,EW,EW,TVM,"Govt. Medical College, Thiruvananthapuram",MBBS,EW,1,mbbs_p2_final.pdf
2025,2,820,1095,MU,FL-MU,IDM,Government Medical College Idukki,MBBS,FL-MU,11,mbbs_p2_final.pdf
2025,2,821,1096,EW,EW,KKM,"Govt. Medical College, Kozhikkode",MBBS,EW,1,mbbs_p2_final.pdf
2025,2,822,1099,EZ,EZ,MLP,"Govt. Medical College, Manjeri",MBBS,EZ,3,mbbs_p2_final.pdf
2025,2,823,1101,MU,FL-MU,IDM,Government Medical College Idukki,MBBS,FL-MU,11,mbbs_p2_final.pdf
2025,2,824,1103,EZ,EZ,MLP,"Govt. Medical College, Manjeri",MBBS,EZ,7,mbbs_p2_final.pdf
2025,2,825,1104,EW,EW,KKM,"Govt. Medical College, Kozhikkode",MBBS,EW,1,mbbs_p2_final.pdf
2025,2,826,1105,MU,FL-MU,IDM,Government Medical College Idukki,MBBS,FL-MU,9,mbbs_p2_final.pdf
2025,2,827,1108,MU,MU,WYM,"Govt. Medical College, Wayanad",MBBS,MU,13,mbbs_p2_final.pdf
2025,2,828,1112,MU,MU,KSM,"Govt. Medical College, Kasaragod",MBBS,MU,14,mbbs_p2_final.pdf
2025,2,829,1115,EZ,EZ,MLP,"Govt. Medical College, Manjeri",MBBS,EZ,5,mbbs_p2_final.pdf
2025,2,830,1116,MU,MU,KSM,"Govt. Medical College, Kasaragod",MBBS,MU,14,mbbs_p2_final.pdf
2025,2,831,1122,EZ,EZ,MLP,"Govt. Medical College, Manjeri",MBBS,EZ,4,mbbs_p2_final.pdf
2025,2,832,1127,EW,EW,TVM,"Govt. Medical College, Thiruvananthapuram",MBBS,EW,1,mbbs_p2_final.pdf
2025,2,833,1134,MU,MU,KSM,"Govt. Medical College, Kasaragod",MBBS,MU,14,mbbs_p2_final.pdf
2025,2,834,1135,EW,EW,TVM,"Govt. Medical College, Thiruvananthapuram",MBBS,EW,1,mbbs_p2_final.pdf
2025,2,835,1139,EZ,EZ,KLM,"Govt. Medical College, Parippally, Kollam",MBBS,EZ,5,mbbs_p2_final.pdf
2025,2,836,1140,EZ,EZ,MLP,"Govt. Medical College, Manjeri",MBBS,EZ,5,mbbs_p2_final.pdf
2025,2,837,1145,EW,EW,TVM,"Govt. Medical College, Thiruvananthapuram",MBBS,EW,1,mbbs_p2_final.pdf
2025,2,838,1149,BX,BX,KKM,"Govt. Medical College, Kozhikkode",MBBS,BX,1,mbbs_p2_final.pdf
2025,2,839,1152,EZ,EZ,KLM,"Govt. Medical College, Parippally, Kollam",MBBS,EZ,6,mbbs_p2_final.pdf
2025,2,840,1154,BH,BH,KNM,Government Medical College Kannur,MBBS,BH,1,mbbs_p2_final.pdf
2025,2,841,1159,General,AM,TRM,"Travancore Medical College, Umayanalloor, Kollam",MBBS,AM,8,mbbs_p2_final.pdf
2025,2,842,1161,EZ,EZ,KLM,"Govt. Medical College, Parippally, Kollam",MBBS,EZ,7,mbbs_p2_final.pdf
2025,2,843,1166,EZ,EZ,MLP,"Govt. Medical College, Manjeri",MBBS,EZ,6,mbbs_p2_final.pdf
2025,2,844,1169,EZ,EZ,KLM,"Govt. Medical College, Parippally, Kollam",MBBS,EZ,8,mbbs_p2_final.pdf
2025,2,845,1172,EZ,EZ,KNM,Government Medical College Kannur,MBBS,EZ,8,mbbs_p2_final.pdf
2025,2,846,1175,EZ,EZ,IDM,Government Medical College Idukki,MBBS,EZ,7,mbbs_p2_final.pdf
2025,2,847,1177,EZ,FL-EZ,KLM,"Govt. Medical College, Parippally, Kollam",MBBS,FL-EZ,9,mbbs_p2_final.pdf
2025,2,848,1179,EW,EW,TVM,"Govt. Medical College, Thiruvananthapuram",MBBS,EW,2,mbbs_p2_final.pdf
2025,2,849,1181,BH,BH,CMC,"Govt. Medical College, Ernakulam",MBBS,BH,5,mbbs_p2_final.pdf
2025,2,850,1183,General,AM,JMC,"Jubilee Mission Medical College, Thrisur",MBBS,AM,9,mbbs_p2_final.pdf
2025,2,851,1194,EZ,FL-EZ,KLM,"Govt. Medical College, Parippally, Kollam",MBBS,FL-EZ,9,mbbs_p2_final.pdf
2025,2,852,1195,LA,LA,KTM,"Govt. Medical College, Kottayam",MBBS,LA,1,mbbs_p2_final.pdf
2025,2,853,1196,EW,EW,MLP,"Govt. Medical College, Manjeri",MBBS,EW,2,mbbs_p2_final.pdf
2025,2,854,1200,LA,LA,KTM,"Govt. Medical College, Kottayam",MBBS,LA,3,mbbs_p2_final.pdf
2025,2,855,1201,DV,DV,KKM,"Govt. Medical College, Kozhikkode",MBBS,DV,1,mbbs_p2_final.pdf
2025,2,856,1204,EW,EW,TVM,"Govt. Medical College, Thiruvananthapuram",MBBS,EW,1,mbbs_p2_final.pdf
2025,2,857,1212,VK,VK,TCM,"Govt. Medical College, Thrissur",MBBS,VK,3,mbbs_p2_final.pdf
2025,2,858,1213,EZ,FL-EZ,KLM,"Govt. Medical College, Parippally, Kollam",MBBS,FL-EZ,9,mbbs_p2_final.pdf
2025,2,859,1216,EZ,FL-EZ,KLM,"Govt. Medical College, Parippally, Kollam",MBBS,FL-EZ,6,mbbs_p2_final.pdf
2025,2,860,1218,EZ,FL-EZ,KLM,"Govt. Medical College, Parippally, Kollam",MBBS,FL-EZ,7,mbbs_p2_final.pdf
2025,2,861,1220,EW,EW,ALP,"T D Govt. Medical College, Alappuzha",MBBS,EW,1,mbbs_p2_final.pdf
2025,2,862,1222,General,AM,JMC,"Jubilee Mission Medical College, Thrisur",MBBS,AM,1,mbbs_p2_final.pdf
2025,2,863,1223,VK,VK,TCM,"Govt. Medical College, Thrissur",MBBS,VK,3,mbbs_p2_final.pdf
2025,2,864,1224,EZ,FL-EZ,KLM,"Govt. Medical College, Parippally, Kollam",MBBS,FL-EZ,7,mbbs_p2_final.pdf
2025,2,865,1230,EZ,FL-EZ,KLM,"Govt. Medical College, Parippally, Kollam",MBBS,FL-EZ,9,mbbs_p2_final.pdf
2025,2,866,1234,VK,VK,ALP,"T D Govt. Medical College, Alappuzha",MBBS,VK,5,mbbs_p2_final.pdf
2025,2,867,1238,EW,EW,TCM,"Govt. Medical College, Thrissur",MBBS,EW,1,mbbs_p2_final.pdf
2025,2,868,1240,EW,EW,KTM,"Govt. Medical College, Kottayam",MBBS,EW,1,mbbs_p2_final.pdf
2025,2,869,1241,EW,EW,TVM,"Govt. Medical College, Thiruvananthapuram",MBBS,EW,2,mbbs_p2_final.pdf
2025,2,870,1242,BH,BH,ALP,"T D Govt. Medical College, Alappuzha",MBBS,BH,5,mbbs_p2_final.pdf
2025,2,871,1250,General,AM,JMC,"Jubilee Mission Medical College, Thrisur",MBBS,AM,5,mbbs_p2_final.pdf
2025,2,872,1251,EZ,FL-EZ,KLM,"Govt. Medical College, Parippally, Kollam",MBBS,FL-EZ,9,mbbs_p2_final.pdf
2025,2,873,1252,EZ,FL-EZ,KLM,"Govt. Medical College, Parippally, Kollam",MBBS,FL-EZ,9,mbbs_p2_final.pdf
2025,2,874,1263,EZ,FL-EZ,KLM,"Govt. Medical College, Parippally, Kollam",MBBS,FL-EZ,7,mbbs_p2_final.pdf
2025,2,875,1264,EZ,FL-EZ,KLM,"Govt. Medical College, Parippally, Kollam",MBBS,FL-EZ,2,mbbs_p2_final.pdf
2025,2,876,1270,EZ,FL-EZ,KLM,"Govt. Medical College, Parippally, Kollam",MBBS,FL-EZ,4,mbbs_p2_final.pdf
2025,2,877,1273,General,XS,MLP,"Govt. Medical College, Manjeri",MBBS,XS,6,mbbs_p2_final.pdf
2025,2,878,1276,EZ,FL-EZ,KLM,"Govt. Medical College, Parippally, Kollam",MBBS,FL-EZ,9,mbbs_p2_final.pdf
2025,2,879,1277,BH,BH,CMC,"Govt. Medical College, Ernakulam",MBBS,BH,4,mbbs_p2_final.pdf
2025,2,880,1278,EZ,EZ,PTM,"Government Medical College, Konni, Pathanamthitta",MBBS,EZ,10,mbbs_p2_final.pdf
2025,2,881,1279,EZ,EZ,PKM,"Government Medical College, Palakkad",MBBS,EZ,10,mbbs_p2_final.pdf
2025,2,882,1280,EZ,EZ,PTM,"Government Medical College, Konni, Pathanamthitta",MBBS,EZ,8,mbbs_p2_final.pdf
2025,2,883,1282,EZ,EZ,PTM,"Government Medical College, Konni, Pathanamthitta",MBBS,EZ,10,mbbs_p2_final.pdf
2025,2,884,1286,EW,EW,KTM,"Govt. Medical College, Kottayam",MBBS,EW,1,mbbs_p2_final.pdf
2025,2,885,1287,EZ,EZ,PTM,"Government Medical College, Konni, Pathanamthitta",MBBS,EZ,10,mbbs_p2_final.pdf
2025,2,886,1290,EZ,EZ,PTM,"Government Medical College, Konni, Pathanamthitta",MBBS,EZ,8,mbbs_p2_final.pdf
2025,2,887,1293,EZ,FL-EZ,PKM,"Government Medical College, Palakkad",MBBS,FL-EZ,10,mbbs_p2_final.pdf
2025,2,888,1294,EW,EW,TVM,"Govt. Medical College, Thiruvananthapuram",MBBS,EW,2,mbbs_p2_final.pdf
2025,2,889,1295,EZ,FL-EZ,PKM,"Government Medical College, Palakkad",MBBS,FL-EZ,9,mbbs_p2_final.pdf
2025,2,890,1297,EZ,FL-EZ,PKM,"Government Medical College, Palakkad",MBBS,FL-EZ,10,mbbs_p2_final.pdf
2025,2,891,1298,EW,EW,KTM,"Govt. Medical College, Kottayam",MBBS,EW,1,mbbs_p2_final.pdf
2025,2,892,1299,VK,VK,MLP,"Govt. Medical College, Manjeri",MBBS,VK,2,mbbs_p2_final.pdf
2025,2,893,1307,EZ,EZ,PTM,"Government Medical College, Konni, Pathanamthitta",MBBS,EZ,10,mbbs_p2_final.pdf
2025,2,894,1310,EW,EW,TCM,"Govt. Medical College, Thrissur",MBBS,EW,2,mbbs_p2_final.pdf
2025,2,895,1317,BH,BH,KLM,"Govt. Medical College, Parippally, Kollam",MBBS,BH,7,mbbs_p2_final.pdf
2025,2,896,1323,EW,EW,KTM,"Govt. Medical College, Kottayam",MBBS,EW,1,mbbs_p2_final.pdf
2025,2,897,1326,EW,EW,KTM,"Govt. Medical College, Kottayam",MBBS,EW,1,mbbs_p2_final.pdf
2025,2,898,1328,EW,EW,TVM,"Govt. Medical College, Thiruvananthapuram",MBBS,EW,2,mbbs_p2_final.pdf
2025,2,899,1330,EZ,EZ,IDM,Government Medical College Idukki,MBBS,EZ,10,mbbs_p2_final.pdf
2025,2,900,1333,EZ,EZ,PTM,"Government Medical College, Konni, Pathanamthitta",MBBS,EZ,8,mbbs_p2_final.pdf
2025,2,901,1334,EZ,FL-EZ,PTM,"Government Medical College, Konni, Pathanamthitta",MBBS,FL-EZ,7,mbbs_p2_final.pdf
2025,2,902,1335,EW,EW,TCM,"Govt. Medical College, Thrissur",MBBS,EW,2,mbbs_p2_final.pdf
2025,2,903,1341,BH,BH,KLM,"Govt. Medical College, Parippally, Kollam",MBBS,BH,6,mbbs_p2_final.pdf
2025,2,904,1345,MU,AM,KCM,"KMCT Medical College, Mukkom, Kozikkode",MBBS,AM,14,mbbs_p2_final.pdf
2025,2,905,1347,EW,EW,KTM,"Govt. Medical College, Kottayam",MBBS,EW,2,mbbs_p2_final.pdf
2025,2,906,1348,EW,EW,KTM,"Govt. Medical College, Kottayam",MBBS,EW,2,mbbs_p2_final.pdf
2025,2,907,1350,General,AM,GMC,"Sree Gokulam Medical College, Venjaramoodu, TVPM",MBBS,AM,10,mbbs_p2_final.pdf
2025,2,908,1351,BX,BX,KTM,"Govt. Medical College, Kottayam",MBBS,BX,2,mbbs_p2_final.pdf
2025,2,909,1356,EW,EW,TCM,"Govt. Medical College, Thrissur",MBBS,EW,3,mbbs_p2_final.pdf
2025,2,910,1358,EW,EW,KTM,"Govt. Medical College, Kottayam",MBBS,EW,1,mbbs_p2_final.pdf
2025,2,911,1359,BH,BH,MLP,"Govt. Medical College, Manjeri",MBBS,BH,9,mbbs_p2_final.pdf
2025,2,912,1361,General,AM,GMC,"Sree Gokulam Medical College, Venjaramoodu, TVPM",MBBS,AM,9,mbbs_p2_final.pdf
2025,2,913,1364,BH,BH,PTM,"Government Medical College, Konni, Pathanamthitta",MBBS,BH,9,mbbs_p2_final.pdf
2025,2,914,1368,EZ,FL-EZ,PTM,"Government Medical College, Konni, Pathanamthitta",MBBS,FL-EZ,10,mbbs_p2_final.pdf
2025,2,915,1370,EZ,AM,JMC,"Jubilee Mission Medical College, Thrisur",MBBS,AM,7,mbbs_p2_final.pdf
2025,2,916,1387,MU,PT,KKM,"Govt. Medical College, Kozhikkode",MBBS,PT,1,mbbs_p2_final.pdf
2025,2,917,1388,EZ,EZ,IDM,Government Medical College Idukki,MBBS,EZ,9,mbbs_p2_final.pdf
2025,2,918,1392,VK,VK,ALP,"T D Govt. Medical College, Alappuzha",MBBS,VK,5,mbbs_p2_final.pdf
2025,2,919,1394,EZ,EZ,IDM,Government Medical College Idukki,MBBS,EZ,10,mbbs_p2_final.pdf
2025,2,920,1396,BH,BH,IDM,Government Medical College Idukki,MBBS,BH,10,mbbs_p2_final.pdf
2025,2,921,1397,EZ,FL-EZ,PTM,"Government Medical College, Konni, Pathanamthitta",MBBS,FL-EZ,10,mbbs_p2_final.pdf
2025,2,922,1400,LA,LA,TCM,"Govt. Medical College, Thrissur",MBBS,LA,3,mbbs_p2_final.pdf
2025,2,923,1403,EZ,FL-EZ,PTM,"Government Medical College, Konni, Pathanamthitta",MBBS,FL-EZ,11,mbbs_p2_final.pdf
2025,2,924,1410,EZ,FL-EZ,PTM,"Government Medical College, Konni, Pathanamthitta",MBBS,FL-EZ,9,mbbs_p2_final.pdf
2025,2,925,1416,EZ,FL-EZ,PTM,"Government Medical College, Konni, Pathanamthitta",MBBS,FL-EZ,11,mbbs_p2_final.pdf
2025,2,926,1417,EZ,EZ,IDM,Government Medical College Idukki,MBBS,EZ,11,mbbs_p2_final.pdf
2025,2,927,1419,BH,BH,PTM,"Government Medical College, Konni, Pathanamthitta",MBBS,BH,10,mbbs_p2_final.pdf
2025,2,928,1421,BX,BX,TCM,"Govt. Medical College, Thrissur",MBBS,BX,4,mbbs_p2_final.pdf
2025,2,929,1430,EZ,FL-EZ,PTM,"Government Medical College, Konni, Pathanamthitta",MBBS,FL-EZ,1,mbbs_p2_final.pdf
2025,2,930,1432,EZ,FL-EZ,PTM,"Government Medical College, Konni, Pathanamthitta",MBBS,FL-EZ,8,mbbs_p2_final.pdf
2025,2,931,1435,EZ,FL-EZ,PTM,"Government Medical College, Konni, Pathanamthitta",MBBS,FL-EZ,8,mbbs_p2_final.pdf
2025,2,932,1438,LA,LA,TCM,"Govt. Medical College, Thrissur",MBBS,LA,3,mbbs_p2_final.pdf
2025,2,933,1439,VK,VK,CMC,"Govt. Medical College, Ernakulam",MBBS,VK,5,mbbs_p2_final.pdf
2025,2,934,1440,EZ,FL-EZ,PTM,"Government Medical College, Konni, Pathanamthitta",MBBS,FL-EZ,10,mbbs_p2_final.pdf
2025,2,935,1445,EW,EW,KTM,"Govt. Medical College, Kottayam",MBBS,EW,3,mbbs_p2_final.pdf
2025,2,936,1447,EZ,FL-EZ,PTM,"Government Medical College, Konni, Pathanamthitta",MBBS,FL-EZ,7,mbbs_p2_final.pdf
2025,2,937,1450,EW,EW,TCM,"Govt. Medical College, Thrissur",MBBS,EW,1,mbbs_p2_final.pdf
2025,2,938,1457,EW,EW,TCM,"Govt. Medical College, Thrissur",MBBS,EW,1,mbbs_p2_final.pdf
2025,2,939,1459,EZ,FL-EZ,PTM,"Government Medical College, Konni, Pathanamthitta",MBBS,FL-EZ,3,mbbs_p2_final.pdf
2025,2,940,1480,BH,FL-BH,PTM,"Government Medical College, Konni, Pathanamthitta",MBBS,FL-BH,9,mbbs_p2_final.pdf
2025,2,941,1485,VK,VK,KNM,Government Medical College Kannur,MBBS,VK,5,mbbs_p2_final.pdf
2025,2,942,1486,MU,AM,AMC,"Amala Institute of Medical Sciences, Thrissur",MBBS,AM,15,mbbs_p2_final.pdf
2025,2,943,1487,EZ,FL-EZ,PTM,"Government Medical College, Konni, Pathanamthitta",MBBS,FL-EZ,11,mbbs_p2_final.pdf
2025,2,944,1495,BX,BX,ALP,"T D Govt. Medical College, Alappuzha",MBBS,BX,4,mbbs_p2_final.pdf
2025,2,945,1496,EW,EW,KTM,"Govt. Medical College, Kottayam",MBBS,EW,2,mbbs_p2_final.pdf
2025,2,946,1497,EZ,FL-EZ,PTM,"Government Medical College, Konni, Pathanamthitta",MBBS,FL-EZ,10,mbbs_p2_final.pdf
2025,2,947,1498,EW,EW,TCM,"Govt. Medical College, Thrissur",MBBS,EW,2,mbbs_p2_final.pdf
2025,2,948,1502,EZ,FL-EZ,PTM,"Government Medical College, Konni, Pathanamthitta",MBBS,FL-EZ,11,mbbs_p2_final.pdf
2025,2,949,1504,EW,EW,TCM,"Govt. Medical College, Thrissur",MBBS,EW,4,mbbs_p2_final.pdf
2025,2,950,1508,MU,AM,TRM,"Travancore Medical College, Umayanalloor, Kollam",MBBS,AM,15,mbbs_p2_final.pdf
2025,2,951,1520,EW,EW,ALP,"T D Govt. Medical College, Alappuzha",MBBS,EW,1,mbbs_p2_final.pdf
2025,2,952,1524,EZ,FL-EZ,PTM,"Government Medical College, Konni, Pathanamthitta",MBBS,FL-EZ,10,mbbs_p2_final.pdf
2025,2,953,1527,General,AM,JMC,"Jubilee Mission Medical College, Thrisur",MBBS,AM,12,mbbs_p2_final.pdf
2025,2,954,1528,General,AM,GMC,"Sree Gokulam Medical College, Venjaramoodu, TVPM",MBBS,AM,8,mbbs_p2_final.pdf
2025,2,955,1531,BH,FL-BH,PTM,"Government Medical College, Konni, Pathanamthitta",MBBS,FL-BH,10,mbbs_p2_final.pdf
2025,2,956,1535,BH,FL-BH,PTM,"Government Medical College, Konni, Pathanamthitta",MBBS,FL-BH,10,mbbs_p2_final.pdf
2025,2,957,1536,VK,VK,KNM,Government Medical College Kannur,MBBS,VK,7,mbbs_p2_final.pdf
2025,2,958,1537,EZ,FL-EZ,PTM,"Government Medical College, Konni, Pathanamthitta",MBBS,FL-EZ,9,mbbs_p2_final.pdf
2025,2,959,1545,BH,FL-BH,PTM,"Government Medical College, Konni, Pathanamthitta",MBBS,FL-BH,10,mbbs_p2_final.pdf
2025,2,960,1548,LA,LA,TCM,"Govt. Medical College, Thrissur",MBBS,LA,3,mbbs_p2_final.pdf
2025,2,961,1549,BH,FL-BH,PTM,"Government Medical College, Konni, Pathanamthitta",MBBS,FL-BH,10,mbbs_p2_final.pdf
2025,2,962,1550,SC,SC,KKM,"Govt. Medical College, Kozhikkode",MBBS,SC,1,mbbs_p2_final.pdf
2025,2,963,1558,EZ,FL-EZ,PTM,"Government Medical College, Konni, Pathanamthitta",MBBS,FL-EZ,7,mbbs_p2_final.pdf
2025,2,964,1564,EW,EW,TCM,"Govt. Medical College, Thrissur",MBBS,EW,2,mbbs_p2_final.pdf
2025,2,965,1565,EZ,FL-EZ,PTM,"Government Medical College, Konni, Pathanamthitta",MBBS,FL-EZ,8,mbbs_p2_final.pdf
2025,2,966,1568,EW,EW,ALP,"T D Govt. Medical College, Alappuzha",MBBS,EW,4,mbbs_p2_final.pdf
2025,2,967,1572,BH,AM,AMC,"Amala Institute of Medical Sciences, Thrissur",MBBS,AM,9,mbbs_p2_final.pdf
2025,2,968,1574,EZ,FL-EZ,PTM,"Government Medical College, Konni, Pathanamthitta",MBBS,FL-EZ,4,mbbs_p2_final.pdf
2025,2,969,1579,EZ,FL-EZ,PTM,"Government Medical College, Konni, Pathanamthitta",MBBS,FL-EZ,8,mbbs_p2_final.pdf
2025,2,970,1588,EZ,FL-EZ,PTM,"Government Medical College, Konni, Pathanamthitta",MBBS,FL-EZ,10,mbbs_p2_final.pdf
2025,2,971,1597,BH,AM,JMC,"Jubilee Mission Medical College, Thrisur",MBBS,AM,6,mbbs_p2_final.pdf
2025,2,972,1599,EZ,FL-EZ,PTM,"Government Medical College, Konni, Pathanamthitta",MBBS,FL-EZ,10,mbbs_p2_final.pdf
2025,2,973,1600,LA,LA,ALP,"T D Govt. Medical College, Alappuzha",MBBS,LA,3,mbbs_p2_final.pdf
2025,2,974,1602,BX,BX,CMC,"Govt. Medical College, Ernakulam",MBBS,BX,1,mbbs_p2_final.pdf
2025,2,975,1604,BH,FL-BH,PTM,"Government Medical College, Konni, Pathanamthitta",MBBS,FL-BH,10,mbbs_p2_final.pdf
2025,2,976,1605,EZ,FL-EZ,PTM,"Government Medical College, Konni, Pathanamthitta",MBBS,FL-EZ,7,mbbs_p2_final.pdf
2025,2,977,1611,General,PI,KTM,"Govt. Medical College, Kottayam",MBBS,PI,1,mbbs_p2_final.pdf
2025,2,978,1617,EZ,FL-EZ,PTM,"Government Medical College, Konni, Pathanamthitta",MBBS,FL-EZ,1,mbbs_p2_final.pdf
2025,2,979,1622,EZ,FL-EZ,PTM,"Government Medical College, Konni, Pathanamthitta",MBBS,FL-EZ,9,mbbs_p2_final.pdf
2025,2,980,1625,MU,AM,JMC,"Jubilee Mission Medical College, Thrisur",MBBS,AM,15,mbbs_p2_final.pdf
2025,2,981,1626,EW,EW,ALP,"T D Govt. Medical College, Alappuzha",MBBS,EW,3,mbbs_p2_final.pdf
2025,2,982,1627,EZ,EZ,IDM,Government Medical College Idukki,MBBS,EZ,10,mbbs_p2_final.pdf
2025,2,983,1628,EW,EW,ALP,"T D Govt. Medical College, Alappuzha",MBBS,EW,4,mbbs_p2_final.pdf
2025,2,984,1630,EZ,EZ,IDM,Government Medical College Idukki,MBBS,EZ,12,mbbs_p2_final.pdf
2025,2,985,1635,EZ,FL-EZ,IDM,Government Medical College Idukki,MBBS,FL-EZ,12,mbbs_p2_final.pdf
2025,2,986,1642,EZ,FL-EZ,IDM,Government Medical College Idukki,MBBS,FL-EZ,10,mbbs_p2_final.pdf
2025,2,987,1645,EZ,FL-EZ,IDM,Government Medical College Idukki,MBBS,FL-EZ,12,mbbs_p2_final.pdf
2025,2,988,1649,EZ,FL-EZ,IDM,Government Medical College Idukki,MBBS,FL-EZ,12,mbbs_p2_final.pdf
2025,2,989,1656,BH,BH,IDM,Government Medical College Idukki,MBBS,BH,11,mbbs_p2_final.pdf
2025,2,990,1659,MU,AM,JMC,"Jubilee Mission Medical College, Thrisur",MBBS,AM,13,mbbs_p2_final.pdf
2025,2,991,1660,EW,EW,KLM,"Govt. Medical College, Parippally, Kollam",MBBS,EW,1,mbbs_p2_final.pdf
2025,2,992,1661,EZ,FL-EZ,IDM,Government Medical College Idukki,MBBS,FL-EZ,9,mbbs_p2_final.pdf
2025,2,993,1662,EW,EW,ALP,"T D Govt. Medical College, Alappuzha",MBBS,EW,4,mbbs_p2_final.pdf
2025,2,994,1665,EW,EW,ALP,"T D Govt. Medical College, Alappuzha",MBBS,EW,4,mbbs_p2_final.pdf
2025,2,995,1666,EW,EW,TCM,"Govt. Medical College, Thrissur",MBBS,EW,3,mbbs_p2_final.pdf
2025,2,996,1669,EZ,FL-EZ,IDM,Government Medical College Idukki,MBBS,FL-EZ,12,mbbs_p2_final.pdf
2025,2,997,1672,EW,EW,ALP,"T D Govt. Medical College, Alappuzha",MBBS,EW,1,mbbs_p2_final.pdf
2025,2,998,1676,EW,EW,ALP,"T D Govt. Medical College, Alappuzha",MBBS,EW,3,mbbs_p2_final.pdf
2025,2,999,1679,BH,FL-BH,PTM,"Government Medical College, Konni, Pathanamthitta",MBBS,FL-BH,10,mbbs_p2_final.pdf
2025,2,1000,1680,EZ,FL-EZ,IDM,Government Medical College Idukki,MBBS,FL-EZ,11,mbbs_p2_final.pdf
2025,2,1001,1686,EZ,FL-EZ,IDM,Government Medical College Idukki,MBBS,FL-EZ,12,mbbs_p2_final.pdf
2025,2,1002,1688,EW,EW,TCM,"Govt. Medical College, Thrissur",MBBS,EW,4,mbbs_p2_final.pdf
2025,2,1003,1696,EW,EW,ALP,"T D Govt. Medical College, Alappuzha",MBBS,EW,4,mbbs_p2_final.pdf
2025,2,1004,1701,General,AM,JMC,"Jubilee Mission Medical College, Thrisur",MBBS,AM,14,mbbs_p2_final.pdf
2025,2,1005,1706,VK,VK,PTM,"Government Medical College, Konni, Pathanamthitta",MBBS,VK,6,mbbs_p2_final.pdf
2025,2,1006,1717,EW,EW,TCM,"Govt. Medical College, Thrissur",MBBS,EW,3,mbbs_p2_final.pdf
2025,2,1007,1721,EZ,FL-EZ,IDM,Government Medical College Idukki,MBBS,FL-EZ,10,mbbs_p2_final.pdf
2025,2,1008,1722,General,AM,JMC,"Jubilee Mission Medical College, Thrisur",MBBS,AM,1,mbbs_p2_final.pdf
2025,2,1009,1724,BX,BX,KNM,Government Medical College Kannur,MBBS,BX,7,mbbs_p2_final.pdf
2025,2,1010,1725,EZ,EZ,WYM,"Govt. Medical College, Wayanad",MBBS,EZ,13,mbbs_p2_final.pdf
2025,2,1011,1732,EZ,EZ,WYM,"Govt. Medical College, Wayanad",MBBS,EZ,12,mbbs_p2_final.pdf
2025,2,1012,1733,LA,LA,ALP,"T D Govt. Medical College, Alappuzha",MBBS,LA,3,mbbs_p2_final.pdf
2025,2,1013,1736,EZ,AM,JMC,"Jubilee Mission Medical College, Thrisur",MBBS,AM,12,mbbs_p2_final.pdf
2025,2,1014,1738,General,AM,JMC,"Jubilee Mission Medical College, Thrisur",MBBS,AM,1,mbbs_p2_final.pdf
2025,2,1015,1741,EZ,EZ,KSM,"Govt. Medical College, Kasaragod",MBBS,EZ,13,mbbs_p2_final.pdf
2025,2,1016,1743,BH,FL-BH,PTM,"Government Medical College, Konni, Pathanamthitta",MBBS,FL-BH,11,mbbs_p2_final.pdf
2025,2,1017,1744,EZ,EZ,WYM,"Govt. Medical College, Wayanad",MBBS,EZ,13,mbbs_p2_final.pdf
2025,2,1018,1746,EW,EW,TCM,"Govt. Medical College, Thrissur",MBBS,EW,2,mbbs_p2_final.pdf
2025,2,1019,1747,EW,EW,ALP,"T D Govt. Medical College, Alappuzha",MBBS,EW,5,mbbs_p2_final.pdf
2025,2,1020,1752,EW,EW,ALP,"T D Govt. Medical College, Alappuzha",MBBS,EW,5,mbbs_p2_final.pdf
2025,2,1021,1753,EW,EW,ALP,"T D Govt. Medical College, Alappuzha",MBBS,EW,2,mbbs_p2_final.pdf
2025,2,1022,1754,EW,EW,CMC,"Govt. Medical College, Ernakulam",MBBS,EW,6,mbbs_p2_final.pdf
2025,2,1023,1755,EZ,EZ,WYM,"Govt. Medical College, Wayanad",MBBS,EZ,13,mbbs_p2_final.pdf
2025,2,1024,1757,EZ,EZ,KSM,"Govt. Medical College, Kasaragod",MBBS,EZ,13,mbbs_p2_final.pdf
2025,2,1025,1759,General,AM,JMC,"Jubilee Mission Medical College, Thrisur",MBBS,AM,13,mbbs_p2_final.pdf
2025,2,1026,1769,EW,EW,CMC,"Govt. Medical College, Ernakulam",MBBS,EW,6,mbbs_p2_final.pdf
2025,2,1027,1779,BH,FL-BH,PTM,"Government Medical College, Konni, Pathanamthitta",MBBS,FL-BH,10,mbbs_p2_final.pdf
2025,2,1028,1780,DV,DV,KTM,"Govt. Medical College, Kottayam",MBBS,DV,1,mbbs_p2_final.pdf
2025,2,1029,1781,EZ,FL-EZ,WYM,"Govt. Medical College, Wayanad",MBBS,FL-EZ,13,mbbs_p2_final.pdf
2025,2,1030,1785,EZ,FL-EZ,WYM,"Govt. Medical College, Wayanad",MBBS,FL-EZ,13,mbbs_p2_final.pdf
2025,2,1031,1788,EZ,FL-EZ,WYM,"Govt. Medical College, Wayanad",MBBS,FL-EZ,13,mbbs_p2_final.pdf
2025,2,1032,1794,BX,BX,MLP,"Govt. Medical College, Manjeri",MBBS,BX,7,mbbs_p2_final.pdf
2025,2,1033,1795,EW,EW,CMC,"Govt. Medical College, Ernakulam",MBBS,EW,3,mbbs_p2_final.pdf
2025,2,1034,1797,EZ,FL-EZ,WYM,"Govt. Medical College, Wayanad",MBBS,FL-EZ,13,mbbs_p2_final.pdf
2025,2,1035,1801,General,AM,GMC,"Sree Gokulam Medical College, Venjaramoodu, TVPM",MBBS,AM,9,mbbs_p2_final.pdf
2025,2,1036,1811,BH,AM,AMC,"Amala Institute of Medical Sciences, Thrissur",MBBS,AM,1,mbbs_p2_final.pdf
2025,2,1037,1815,EZ,EZ,KSM,"Govt. Medical College, Kasaragod",MBBS,EZ,13,mbbs_p2_final.pdf
2025,2,1038,1818,EW,EW,CMC,"Govt. Medical College, Ernakulam",MBBS,EW,5,mbbs_p2_final.pdf
2025,2,1039,1819,VK,VK,KLM,"Govt. Medical College, Parippally, Kollam",MBBS,VK,6,mbbs_p2_final.pdf
2025,2,1040,1825,General,AM,JMC,"Jubilee Mission Medical College, Thrisur",MBBS,AM,10,mbbs_p2_final.pdf
2025,2,1041,1826,EZ,EZ,KSM,"Govt. Medical College, Kasaragod",MBBS,EZ,13,mbbs_p2_final.pdf
2025,2,1042,1827,EW,EW,CMC,"Govt. Medical College, Ernakulam",MBBS,EW,4,mbbs_p2_final.pdf
2025,2,1043,1838,MU,AM,JMC,"Jubilee Mission Medical College, Thrisur",MBBS,AM,12,mbbs_p2_final.pdf
2025,2,1044,1839,EZ,FL-EZ,KSM,"Govt. Medical College, Kasaragod",MBBS,FL-EZ,13,mbbs_p2_final.pdf
2025,2,1045,1852,EZ,FL-EZ,WYM,"Govt. Medical College, Wayanad",MBBS,FL-EZ,13,mbbs_p2_final.pdf
2025,2,1046,1853,EW,EW,KNM,Government Medical College Kannur,MBBS,EW,1,mbbs_p2_final.pdf
2025,2,1047,1857,EZ,FL-EZ,WYM,"Govt. Medical College, Wayanad",MBBS,FL-EZ,13,mbbs_p2_final.pdf
2025,2,1048,1872,EW,EW,CMC,"Govt. Medical College, Ernakulam",MBBS,EW,6,mbbs_p2_final.pdf
2025,2,1049,1881,EW,EW,MLP,"Govt. Medical College, Manjeri",MBBS,EW,2,mbbs_p2_final.pdf
2025,2,1050,1883,BH,FL-BH,PTM,"Government Medical College, Konni, Pathanamthitta",MBBS,FL-BH,11,mbbs_p2_final.pdf
2025,2,1051,1887,EZ,FL-EZ,WYM,"Govt. Medical College, Wayanad",MBBS,FL-EZ,13,mbbs_p2_final.pdf
2025,2,1052,1888,General,SM,KTD,"Govt. Dental College, Kottayam",BDS,SM,1,mbbs_p2_final.pdf
2025,2,1053,1891,DV,DV,TVM,"Govt. Medical College, Thiruvananthapuram",MBBS,DV,1,mbbs_p2_final.pdf
2025,2,1054,1892,BH,FL-BH,PTM,"Government Medical College, Konni, Pathanamthitta",MBBS,FL-BH,10,mbbs_p2_final.pdf
2025,2,1055,1894,EZ,FL-EZ,WYM,"Govt. Medical College, Wayanad",MBBS,FL-EZ,13,mbbs_p2_final.pdf
2025,2,1056,1897,EW,EW,KNM,Government Medical College Kannur,MBBS,EW,6,mbbs_p2_final.pdf
2025,2,1057,1899,EZ,FL-EZ,WYM,"Govt. Medical College, Wayanad",MBBS,FL-EZ,13,mbbs_p2_final.pdf
2025,2,1058,1901,EZ,AM,JMC,"Jubilee Mission Medical College, Thrisur",MBBS,AM,7,mbbs_p2_final.pdf
2025,2,1059,1902,BH,FL-BH,IDM,Government Medical College Idukki,MBBS,FL-BH,11,mbbs_p2_final.pdf
2025,2,1060,1904,EW,EW,MLP,"Govt. Medical College, Manjeri",MBBS,EW,3,mbbs_p2_final.pdf
2025,2,1061,1908,VK,VK,MLP,"Govt. Medical College, Manjeri",MBBS,VK,8,mbbs_p2_final.pdf
2025,2,1062,1911,EW,EW,CMC,"Govt. Medical College, Ernakulam",MBBS,EW,6,mbbs_p2_final.pdf
2025,2,1063,1932,EW,EW,MLP,"Govt. Medical College, Manjeri",MBBS,EW,6,mbbs_p2_final.pdf
2025,2,1064,1934,LA,LA,TCM,"Govt. Medical College, Thrissur",MBBS,LA,1,mbbs_p2_final.pdf
2025,2,1065,1935,BH,AM,JMC,"Jubilee Mission Medical College, Thrisur",MBBS,AM,10,mbbs_p2_final.pdf
2025,2,1066,1937,EW,EW,CMC,"Govt. Medical College, Ernakulam",MBBS,EW,5,mbbs_p2_final.pdf
2025,2,1067,1938,LA,LA,ALP,"T D Govt. Medical College, Alappuzha",MBBS,LA,3,mbbs_p2_final.pdf
2025,2,1068,1943,EW,EW,CMC,"Govt. Medical College, Ernakulam",MBBS,EW,6,mbbs_p2_final.pdf
2025,2,1069,1946,General,AM,PMC,"Pushpagiri Institute of Medical Science, Thiruvalla",MBBS,AM,9,mbbs_p2_final.pdf
2025,2,1070,1954,EW,EW,KLM,"Govt. Medical College, Parippally, Kollam",MBBS,EW,6,mbbs_p2_final.pdf
2025,2,1071,1973,General,AM,AMC,"Amala Institute of Medical Sciences, Thrissur",MBBS,AM,15,mbbs_p2_final.pdf
2025,2,1072,1980,MU,AM,KCM,"KMCT Medical College, Mukkom, Kozikkode",MBBS,AM,11,mbbs_p2_final.pdf
2025,2,1073,1981,BH,AM,JMC,"Jubilee Mission Medical College, Thrisur",MBBS,AM,11,mbbs_p2_final.pdf
2025,2,1074,1985,MU,AM,JMC,"Jubilee Mission Medical College, Thrisur",MBBS,AM,11,mbbs_p2_final.pdf
2025,2,1075,1990,General,AM,AMC,"Amala Institute of Medical Sciences, Thrissur",MBBS,AM,10,mbbs_p2_final.pdf
2025,2,1076,2002,EW,EW,KNM,Government Medical College Kannur,MBBS,EW,7,mbbs_p2_final.pdf
2025,2,1077,2006,EZ,AM,JMC,"Jubilee Mission Medical College, Thrisur",MBBS,AM,14,mbbs_p2_final.pdf
2025,2,1078,2007,General,AM,JMC,"Jubilee Mission Medical College, Thrisur",MBBS,AM,10,mbbs_p2_final.pdf
2025,2,1079,2014,EW,EW,KNM,Government Medical College Kannur,MBBS,EW,6,mbbs_p2_final.pdf
2025,2,1080,2032,MU,SM,JMC,"Jubilee Mission Medical College, Thrisur",MBBS,SM,11,mbbs_p2_final.pdf
2025,2,1081,2038,General,SM,JMC,"Jubilee Mission Medical College, Thrisur",MBBS,SM,15,mbbs_p2_final.pdf
2025,2,1082,2039,BX,BX,KLM,"Govt. Medical College, Parippally, Kollam",MBBS,BX,9,mbbs_p2_final.pdf
2025,2,1083,2048,EW,EW,KNM,Government Medical College Kannur,MBBS,EW,4,mbbs_p2_final.pdf
2025,2,1084,2049,EW,EW,MLP,"Govt. Medical College, Manjeri",MBBS,EW,7,mbbs_p2_final.pdf
2025,2,1085,2060,MU,AM,EMC,"MES Medical College, Perinthalmanna, Malappuram",MBBS,AM,10,mbbs_p2_final.pdf
2025,2,1086,2063,BH,BH,WYM,"Govt. Medical College, Wayanad",MBBS,BH,13,mbbs_p2_final.pdf
2025,2,1087,2064,VK,VK,IDM,Government Medical College Idukki,MBBS,VK,10,mbbs_p2_final.pdf
2025,2,1088,2065,General,AM,SUC,"SUT Accademy of Medical Sciences, Thiruvananthapuram",MBBS,AM,2,mbbs_p2_final.pdf
2025,2,1089,2072,General,AM,AMC,"Amala Institute of Medical Sciences, Thrissur",MBBS,AM,4,mbbs_p2_final.pdf
2025,2,1090,2084,BH,BH,KSM,"Govt. Medical College, Kasaragod",MBBS,BH,13,mbbs_p2_final.pdf
2025,2,1091,2090,EW,EW,KNM,Government Medical College Kannur,MBBS,EW,6,mbbs_p2_final.pdf
2025,2,1092,2091,EW,EW,MLP,"Govt. Medical College, Manjeri",MBBS,EW,7,mbbs_p2_final.pdf
2025,2,1093,2092,EW,EW,MLP,"Govt. Medical College, Manjeri",MBBS,EW,7,mbbs_p2_final.pdf
2025,2,1094,2103,LA,LA,ALP,"T D Govt. Medical College, Alappuzha",MBBS,LA,5,mbbs_p2_final.pdf
2025,2,1095,2107,VK,VK,WYM,"Govt. Medical College, Wayanad",MBBS,VK,10,mbbs_p2_final.pdf
2025,2,1096,2109,EW,EW,MLP,"Govt. Medical College, Manjeri",MBBS,EW,6,mbbs_p2_final.pdf
2025,2,1097,2118,EW,EW,KNM,Government Medical College Kannur,MBBS,EW,6,mbbs_p2_final.pdf
2025,2,1098,2124,BH,FL-BH,KSM,"Govt. Medical College, Kasaragod",MBBS,FL-BH,13,mbbs_p2_final.pdf
2025,2,1099,2141,EW,EW,PTM,"Government Medical College, Konni, Pathanamthitta",MBBS,EW,7,mbbs_p2_final.pdf
2025,2,1100,2151,LA,LA,CMC,"Govt. Medical College, Ernakulam",MBBS,LA,5,mbbs_p2_final.pdf
2025,2,1101,2153,EW,EW,KNM,Government Medical College Kannur,MBBS,EW,6,mbbs_p2_final.pdf
2025,2,1102,2154,General,SM,JMC,"Jubilee Mission Medical College, Thrisur",MBBS,SM,13,mbbs_p2_final.pdf
2025,2,1103,2159,BH,SM,JMC,"Jubilee Mission Medical College, Thrisur",MBBS,SM,11,mbbs_p2_final.pdf
2025,2,1104,2168,SC,SC,KKM,"Govt. Medical College, Kozhikkode",MBBS,SC,1,mbbs_p2_final.pdf
2025,2,1105,2184,General,SM,JMC,"Jubilee Mission Medical College, Thrisur",MBBS,SM,13,mbbs_p2_final.pdf
2025,2,1106,2185,LA,LA,CMC,"Govt. Medical College, Ernakulam",MBBS,LA,1,mbbs_p2_final.pdf
2025,2,1107,2186,EW,EW,IDM,Government Medical College Idukki,MBBS,EW,9,mbbs_p2_final.pdf
2025,2,1108,2189,LA,LA,CMC,"Govt. Medical College, Ernakulam",MBBS,LA,6,mbbs_p2_final.pdf
2025,2,1109,2197,EZ,AM,AMC,"Amala Institute of Medical Sciences, Thrissur",MBBS,AM,12,mbbs_p2_final.pdf
2025,2,1110,2198,EW,EW,KLM,"Govt. Medical College, Parippally, Kollam",MBBS,EW,9,mbbs_p2_final.pdf
2025,2,1111,2209,General,AC,JMC,"Jubilee Mission Medical College, Thrisur",MBBS,AC,15,mbbs_p2_final.pdf
2025,2,1112,2211,MU,AM,DMM,"Dr. Moopens Medical College, Meppadi, Wayanad",MBBS,AM,1,mbbs_p2_final.pdf
2025,2,1113,2224,EZ,AM,AMC,"Amala Institute of Medical Sciences, Thrissur",MBBS,AM,15,mbbs_p2_final.pdf
2025,2,1114,2227,BH,SM,JMC,"Jubilee Mission Medical College, Thrisur",MBBS,SM,11,mbbs_p2_final.pdf
2025,2,1115,2229,EZ,SM,JMC,"Jubilee Mission Medical College, Thrisur",MBBS,SM,13,mbbs_p2_final.pdf
2025,2,1116,2230,EW,EW,KLM,"Govt. Medical College, Parippally, Kollam",MBBS,EW,8,mbbs_p2_final.pdf
2025,2,1117,2233,LA,LA,PTM,"Government Medical College, Konni, Pathanamthitta",MBBS,LA,2,mbbs_p2_final.pdf
2025,2,1118,2234,General,AM,GMC,"Sree Gokulam Medical College, Venjaramoodu, TVPM",MBBS,AM,15,mbbs_p2_final.pdf
2025,2,1119,2238,General,AC,JMC,"Jubilee Mission Medical College, Thrisur",MBBS,AC,1,mbbs_p2_final.pdf
2025,2,1120,2244,BH,SM,JMC,"Jubilee Mission Medical College, Thrisur",MBBS,SM,6,mbbs_p2_final.pdf
2025,2,1121,2246,EW,EW,KLM,"Govt. Medical College, Parippally, Kollam",MBBS,EW,9,mbbs_p2_final.pdf
2025,2,1122,2247,MU,AM,AMC,"Amala Institute of Medical Sciences, Thrissur",MBBS,AM,12,mbbs_p2_final.pdf
2025,2,1123,2253,General,SM,JMC,"Jubilee Mission Medical College, Thrisur",MBBS,SM,12,mbbs_p2_final.pdf
2025,2,1124,2267,MU,SM,JMC,"Jubilee Mission Medical College, Thrisur",MBBS,SM,15,mbbs_p2_final.pdf
2025,2,1125,2268,MU,SM,KKD,"Govt. Dental College, Kozhikkode",BDS,SM,13,mbbs_p2_final.pdf
2025,2,1126,2271,EZ,SM,TVD,"Govt. Dental College, Thiruvananthapuram",BDS,SM,15,mbbs_p2_final.pdf
2025,2,1127,2273,General,SM,JMC,"Jubilee Mission Medical College, Thrisur",MBBS,SM,15,mbbs_p2_final.pdf
2025,2,1128,2277,BH,SM,JMC,"Jubilee Mission Medical College, Thrisur",MBBS,SM,12,mbbs_p2_final.pdf
2025,2,1129,2278,General,AM,MMC,"Malankara Orthodox Syrian Church MediCollege, Kolenchery",MBBS,AM,1,mbbs_p2_final.pdf
2025,2,1130,2279,General,SM,KKD,"Govt. Dental College, Kozhikkode",BDS,SM,15,mbbs_p2_final.pdf
2025,2,1131,2284,BH,BH,WYM,"Govt. Medical College, Wayanad",MBBS,BH,13,mbbs_p2_final.pdf
2025,2,1132,2290,LA,LA,KNM,Government Medical College Kannur,MBBS,LA,6,mbbs_p2_final.pdf
2025,2,1133,2291,EW,EW,PKM,"Government Medical College, Palakkad",MBBS,EW,10,mbbs_p2_final.pdf
2025,2,1134,2293,General,AM,PMC,"Pushpagiri Institute of Medical Science, Thiruvalla",MBBS,AM,13,mbbs_p2_final.pdf
2025,2,1135,2298,EZ,SM,JMC,"Jubilee Mission Medical College, Thrisur",MBBS,SM,11,mbbs_p2_final.pdf
2025,2,1136,2300,General,SM,JMC,"Jubilee Mission Medical College, Thrisur",MBBS,SM,11,mbbs_p2_final.pdf
2025,2,1137,2302,BH,AM,GMC,"Sree Gokulam Medical College, Venjaramoodu, TVPM",MBBS,AM,1,mbbs_p2_final.pdf
2025,2,1138,2304,General,SM,JMC,"Jubilee Mission Medical College, Thrisur",MBBS,SM,11,mbbs_p2_final.pdf
2025,2,1139,2305,EZ,SM,JMC,"Jubilee Mission Medical College, Thrisur",MBBS,SM,15,mbbs_p2_final.pdf
2025,2,1140,2314,General,AM,MMC,"Malankara Orthodox Syrian Church MediCollege, Kolenchery",MBBS,AM,12,mbbs_p2_final.pdf
2025,2,1141,2315,General,AM,GMC,"Sree Gokulam Medical College, Venjaramoodu, TVPM",MBBS,AM,15,mbbs_p2_final.pdf
2025,2,1142,2316,VK,VK,IDM,Government Medical College Idukki,MBBS,VK,9,mbbs_p2_final.pdf
2025,2,1143,2318,General,SM,JMC,"Jubilee Mission Medical College, Thrisur",MBBS,SM,15,mbbs_p2_final.pdf
2025,2,1144,2320,General,SM,JMC,"Jubilee Mission Medical College, Thrisur",MBBS,SM,10,mbbs_p2_final.pdf
2025,2,1145,2324,General,SM,JMC,"Jubilee Mission Medical College, Thrisur",MBBS,SM,13,mbbs_p2_final.pdf
2025,2,1146,2328,BH,FL-BH,WYM,"Govt. Medical College, Wayanad",MBBS,FL-BH,13,mbbs_p2_final.pdf
2025,2,1147,2330,VK,FL-VK,IDM,Government Medical College Idukki,MBBS,FL-VK,11,mbbs_p2_final.pdf
2025,2,1148,2332,VK,VK,PTM,"Government Medical College, Konni, Pathanamthitta",MBBS,VK,9,mbbs_p2_final.pdf
2025,2,1149,2333,VK,FL-VK,IDM,Government Medical College Idukki,MBBS,FL-VK,8,mbbs_p2_final.pdf
2025,2,1150,2337,BH,AM,AMC,"Amala Institute of Medical Sciences, Thrissur",MBBS,AM,10,mbbs_p2_final.pdf
2025,2,1151,2338,MU,SM,KKD,"Govt. Dental College, Kozhikkode",BDS,SM,1,mbbs_p2_final.pdf
2025,2,1152,2339,General,AM,BCM,"Believers Church Medical College Hospital, Thiruvalla",MBBS,AM,10,mbbs_p2_final.pdf
2025,2,1153,2340,MU,AM,EMC,"MES Medical College, Perinthalmanna, Malappuram",MBBS,AM,15,mbbs_p2_final.pdf
2025,2,1154,2348,VK,FL-VK,IDM,Government Medical College Idukki,MBBS,FL-VK,10,mbbs_p2_final.pdf
2025,2,1155,2351,General,AC,JMC,"Jubilee Mission Medical College, Thrisur",MBBS,AC,15,mbbs_p2_final.pdf
2025,2,1156,2354,MU,AM,EMC,"MES Medical College, Perinthalmanna, Malappuram",MBBS,AM,15,mbbs_p2_final.pdf
2025,2,1157,2358,General,AM,AMC,"Amala Institute of Medical Sciences, Thrissur",MBBS,AM,14,mbbs_p2_final.pdf
2025,2,1158,2361,VK,FL-VK,IDM,Government Medical College Idukki,MBBS,FL-VK,5,mbbs_p2_final.pdf
2025,2,1159,2365,General,AC,JMC,"Jubilee Mission Medical College, Thrisur",MBBS,AC,16,mbbs_p2_final.pdf
2025,2,1160,2369,EW,EW,PTM,"Government Medical College, Konni, Pathanamthitta",MBBS,EW,8,mbbs_p2_final.pdf
2025,2,1161,2370,General,AM,AMC,"Amala Institute of Medical Sciences, Thrissur",MBBS,AM,9,mbbs_p2_final.pdf
2025,2,1162,2377,LA,LA,MLP,"Govt. Medical College, Manjeri",MBBS,LA,5,mbbs_p2_final.pdf
2025,2,1163,2382,General,AM,AMC,"Amala Institute of Medical Sciences, Thrissur",MBBS,AM,14,mbbs_p2_final.pdf
2025,2,1164,2384,EW,EW,PTM,"Government Medical College, Konni, Pathanamthitta",MBBS,EW,10,mbbs_p2_final.pdf
2025,2,1165,2392,General,AC,JMC,"Jubilee Mission Medical College, Thrisur",MBBS,AC,2,mbbs_p2_final.pdf
2025,2,1166,2396,BX,BX,PTM,"Government Medical College, Konni, Pathanamthitta",MBBS,BX,4,mbbs_p2_final.pdf
2025,2,1167,2399,BH,AM,AMC,"Amala Institute of Medical Sciences, Thrissur",MBBS,AM,12,mbbs_p2_final.pdf
2025,2,1168,2401,MU,MU,JMC,"Jubilee Mission Medical College, Thrisur",MBBS,MU,15,mbbs_p2_final.pdf
2025,2,1169,2408,MU,AM,TRM,"Travancore Medical College, Umayanalloor, Kollam",MBBS,AM,15,mbbs_p2_final.pdf
2025,2,1170,2412,EZ,EZ,JMC,"Jubilee Mission Medical College, Thrisur",MBBS,EZ,15,mbbs_p2_final.pdf
2025,2,1171,2414,General,AM,BCM,"Believers Church Medical College Hospital, Thiruvalla",MBBS,AM,1,mbbs_p2_final.pdf
2025,2,1172,2415,EZ,AM,GMC,"Sree Gokulam Medical College, Venjaramoodu, TVPM",MBBS,AM,13,mbbs_p2_final.pdf
2025,2,1173,2416,MU,AM,AMC,"Amala Institute of Medical Sciences, Thrissur",MBBS,AM,16,mbbs_p2_final.pdf
2025,2,1174,2419,MU,SM,KKD,"Govt. Dental College, Kozhikkode",BDS,SM,15,mbbs_p2_final.pdf
2025,2,1175,2420,LA,LA,MLP,"Govt. Medical College, Manjeri",MBBS,LA,7,mbbs_p2_final.pdf
2025,2,1176,2422,MU,SM,AMC,"Amala Institute of Medical Sciences, Thrissur",MBBS,SM,16,mbbs_p2_final.pdf
2025,2,1177,2427,MU,SM,KKD,"Govt. Dental College, Kozhikkode",BDS,SM,15,mbbs_p2_final.pdf
2025,2,1178,2432,EZ,EZ,JMC,"Jubilee Mission Medical College, Thrisur",MBBS,EZ,15,mbbs_p2_final.pdf
2025,2,1179,2436,General,SM,KKD,"Govt. Dental College, Kozhikkode",BDS,SM,14,mbbs_p2_final.pdf
2025,2,1180,2438,General,AM,MMC,"Malankara Orthodox Syrian Church MediCollege, Kolenchery",MBBS,AM,14,mbbs_p2_final.pdf
2025,2,1181,2441,MU,SM,AMC,"Amala Institute of Medical Sciences, Thrissur",MBBS,SM,15,mbbs_p2_final.pdf
2025,2,1182,2442,MU,AM,EMC,"MES Medical College, Perinthalmanna, Malappuram",MBBS,AM,16,mbbs_p2_final.pdf
2025,2,1183,2443,General,SM,KKD,"Govt. Dental College, Kozhikkode",BDS,SM,1,mbbs_p2_final.pdf
2025,2,1184,2444,MU,SM,KKD,"Govt. Dental College, Kozhikkode",BDS,SM,15,mbbs_p2_final.pdf
2025,2,1185,2448,EW,EW,PTM,"Government Medical College, Konni, Pathanamthitta",MBBS,EW,5,mbbs_p2_final.pdf
2025,2,1186,2450,General,SM,TVD,"Govt. Dental College, Thiruvananthapuram",BDS,SM,1,mbbs_p2_final.pdf
2025,2,1187,2455,MU,SM,AMC,"Amala Institute of Medical Sciences, Thrissur",MBBS,SM,16,mbbs_p2_final.pdf
2025,2,1188,2457,General,AC,JMC,"Jubilee Mission Medical College, Thrisur",MBBS,AC,10,mbbs_p2_final.pdf
2025,2,1189,2458,General,SM,KKD,"Govt. Dental College, Kozhikkode",BDS,SM,15,mbbs_p2_final.pdf
2025,2,1190,2461,BH,SM,AMC,"Amala Institute of Medical Sciences, Thrissur",MBBS,SM,6,mbbs_p2_final.pdf
2025,2,1191,2464,EZ,AM,TRM,"Travancore Medical College, Umayanalloor, Kollam",MBBS,AM,14,mbbs_p2_final.pdf
2025,2,1192,2466,General,AC,JMC,"Jubilee Mission Medical College, Thrisur",MBBS,AC,16,mbbs_p2_final.pdf
2025,2,1193,2470,General,SM,KKD,"Govt. Dental College, Kozhikkode",BDS,SM,15,mbbs_p2_final.pdf
2025,2,1194,2471,BH,SM,AMC,"Amala Institute of Medical Sciences, Thrissur",MBBS,SM,11,mbbs_p2_final.pdf
2025,2,1195,2474,BX,BX,IDM,Government Medical College Idukki,MBBS,BX,7,mbbs_p2_final.pdf
2025,2,1196,2476,General,AM,GMC,"Sree Gokulam Medical College, Venjaramoodu, TVPM",MBBS,AM,1,mbbs_p2_final.pdf
2025,2,1197,2479,General,SM,KKD,"Govt. Dental College, Kozhikkode",BDS,SM,15,mbbs_p2_final.pdf
2025,2,1198,2482,EW,EW,PTM,"Government Medical College, Konni, Pathanamthitta",MBBS,EW,9,mbbs_p2_final.pdf
2025,2,1199,2485,LA,LA,KNM,Government Medical College Kannur,MBBS,LA,8,mbbs_p2_final.pdf
2025,2,1200,2487,EZ,AM,GMC,"Sree Gokulam Medical College, Venjaramoodu, TVPM",MBBS,AM,15,mbbs_p2_final.pdf
2025,2,1201,2495,General,AM,PMC,"Pushpagiri Institute of Medical Science, Thiruvalla",MBBS,AM,15,mbbs_p2_final.pdf
2025,2,1202,2496,LA,LA,KLM,"Govt. Medical College, Parippally, Kollam",MBBS,LA,8,mbbs_p2_final.pdf
2025,2,1203,2497,General,AM,GMC,"Sree Gokulam Medical College, Venjaramoodu, TVPM",MBBS,AM,15,mbbs_p2_final.pdf
2025,2,1204,2499,EW,EW,PTM,"Government Medical College, Konni, Pathanamthitta",MBBS,EW,9,mbbs_p2_final.pdf
2025,2,1205,2500,EZ,SM,AMC,"Amala Institute of Medical Sciences, Thrissur",MBBS,SM,16,mbbs_p2_final.pdf
2025,2,1206,2503,BH,FL-BH,WYM,"Govt. Medical College, Wayanad",MBBS,FL-BH,13,mbbs_p2_final.pdf
2025,2,1207,2504,General,SM,AMC,"Amala Institute of Medical Sciences, Thrissur",MBBS,SM,16,mbbs_p2_final.pdf
2025,2,1208,2505,General,AC,JMC,"Jubilee Mission Medical College, Thrisur",MBBS,AC,15,mbbs_p2_final.pdf
2025,2,1209,2507,BH,FL-BH,WYM,"Govt. Medical College, Wayanad",MBBS,FL-BH,13,mbbs_p2_final.pdf
2025,2,1210,2513,MU,AM,EMC,"MES Medical College, Perinthalmanna, Malappuram",MBBS,AM,15,mbbs_p2_final.pdf
2025,2,1211,2517,EW,EW,IDM,Government Medical College Idukki,MBBS,EW,1,mbbs_p2_final.pdf
2025,2,1212,2520,BH,FL-BH,KSM,"Govt. Medical College, Kasaragod",MBBS,FL-BH,13,mbbs_p2_final.pdf
2025,2,1213,2522,General,SM,AMC,"Amala Institute of Medical Sciences, Thrissur",MBBS,SM,16,mbbs_p2_final.pdf
2025,2,1214,2525,BH,FL-BH,WYM,"Govt. Medical College, Wayanad",MBBS,FL-BH,13,mbbs_p2_final.pdf
2025,2,1215,2529,MU,AM,EMC,"MES Medical College, Perinthalmanna, Malappuram",MBBS,AM,13,mbbs_p2_final.pdf
2025,2,1216,2532,General,SM,AMC,"Amala Institute of Medical Sciences, Thrissur",MBBS,SM,16,mbbs_p2_final.pdf
2025,2,1217,2540,MU,SM,AMC,"Amala Institute of Medical Sciences, Thrissur",MBBS,SM,16,mbbs_p2_final.pdf
2025,2,1218,2542,MU,AM,DMM,"Dr. Moopens Medical College, Meppadi, Wayanad",MBBS,AM,1,mbbs_p2_final.pdf
2025,2,1219,2546,MU,SM,AMC,"Amala Institute of Medical Sciences, Thrissur",MBBS,SM,16,mbbs_p2_final.pdf
2025,2,1220,2551,EZ,SM,KKD,"Govt. Dental College, Kozhikkode",BDS,SM,14,mbbs_p2_final.pdf
2025,2,1221,2552,General,AM,PMC,"Pushpagiri Institute of Medical Science, Thiruvalla",MBBS,AM,15,mbbs_p2_final.pdf
2025,2,1222,2555,MU,SM,KKD,"Govt. Dental College, Kozhikkode",BDS,SM,15,mbbs_p2_final.pdf
2025,2,1223,2556,VK,FL-VK,IDM,Government Medical College Idukki,MBBS,FL-VK,11,mbbs_p2_final.pdf
2025,2,1224,2560,EZ,SM,KKD,"Govt. Dental College, Kozhikkode",BDS,SM,15,mbbs_p2_final.pdf
2025,2,1225,2562,BH,FL-BH,WYM,"Govt. Medical College, Wayanad",MBBS,FL-BH,13,mbbs_p2_final.pdf
2025,2,1226,2565,MU,SM,KKD,"Govt. Dental College, Kozhikkode",BDS,SM,10,mbbs_p2_final.pdf
2025,2,1227,2566,General,AM,BCM,"Believers Church Medical College Hospital, Thiruvalla",MBBS,AM,1,mbbs_p2_final.pdf
2025,2,1228,2567,General,SM,AMC,"Amala Institute of Medical Sciences, Thrissur",MBBS,SM,15,mbbs_p2_final.pdf
2025,2,1229,2568,MU,MU,AMC,"Amala Institute of Medical Sciences, Thrissur",MBBS,MU,15,mbbs_p2_final.pdf
2025,2,1230,2571,EW,EW,PTM,"Government Medical College, Konni, Pathanamthitta",MBBS,EW,10,mbbs_p2_final.pdf
2025,2,1231,2572,MU,AM,MMH,"Malabar Medical College Hospital, Kozhikkode",MBBS,AM,15,mbbs_p2_final.pdf
2025,2,1232,2573,LA,LA,PKM,"Government Medical College, Palakkad",MBBS,LA,10,mbbs_p2_final.pdf
2025,2,1233,2577,MU,SM,KKD,"Govt. Dental College, Kozhikkode",BDS,SM,15,mbbs_p2_final.pdf
2025,2,1234,2580,MU,MU,AMC,"Amala Institute of Medical Sciences, Thrissur",MBBS,MU,7,mbbs_p2_final.pdf
2025,2,1235,2582,General,AM,MMH,"Malabar Medical College Hospital, Kozhikkode",MBBS,AM,15,mbbs_p2_final.pdf
2025,2,1236,2590,MU,SM,KKD,"Govt. Dental College, Kozhikkode",BDS,SM,15,mbbs_p2_final.pdf
2025,2,1237,2591,MU,AM,DMM,"Dr. Moopens Medical College, Meppadi, Wayanad",MBBS,AM,13,mbbs_p2_final.pdf
2025,2,1238,2594,MU,AM,PMC,"Pushpagiri Institute of Medical Science, Thiruvalla",MBBS,AM,17,mbbs_p2_final.pdf
2025,2,1239,2596,BH,AM,GMC,"Sree Gokulam Medical College, Venjaramoodu, TVPM",MBBS,AM,11,mbbs_p2_final.pdf
2025,2,1240,2599,General,AM,MMH,"Malabar Medical College Hospital, Kozhikkode",MBBS,AM,15,mbbs_p2_final.pdf
2025,2,1241,2600,EZ,EZ,AMC,"Amala Institute of Medical Sciences, Thrissur",MBBS,EZ,15,mbbs_p2_final.pdf
2025,2,1242,2602,General,AM,PMC,"Pushpagiri Institute of Medical Science, Thiruvalla",MBBS,AM,1,mbbs_p2_final.pdf
2025,2,1243,2603,MU,SM,KKD,"Govt. Dental College, Kozhikkode",BDS,SM,15,mbbs_p2_final.pdf
2025,2,1244,2604,LA,LA,PTM,"Government Medical College, Konni, Pathanamthitta",MBBS,LA,10,mbbs_p2_final.pdf
2025,2,1245,2605,MU,AM,MMC,"Malankara Orthodox Syrian Church MediCollege, Kolenchery",MBBS,AM,17,mbbs_p2_final.pdf
2025,2,1246,2607,EW,EW,IDM,Government Medical College Idukki,MBBS,EW,10,mbbs_p2_final.pdf
2025,2,1247,2610,General,AM,MMC,"Malankara Orthodox Syrian Church MediCollege, Kolenchery",MBBS,AM,15,mbbs_p2_final.pdf
2025,2,1248,2612,EZ,SM,TVD,"Govt. Dental College, Thiruvananthapuram",BDS,SM,15,mbbs_p2_final.pdf
2025,2,1249,2613,General,AM,PMC,"Pushpagiri Institute of Medical Science, Thiruvalla",MBBS,AM,17,mbbs_p2_final.pdf
2025,2,1250,2614,General,AM,MMC,"Malankara Orthodox Syrian Church MediCollege, Kolenchery",MBBS,AM,17,mbbs_p2_final.pdf
2025,2,1251,2617,General,AM,PMC,"Pushpagiri Institute of Medical Science, Thiruvalla",MBBS,AM,1,mbbs_p2_final.pdf
2025,2,1252,2619,General,AM,MMC,"Malankara Orthodox Syrian Church MediCollege, Kolenchery",MBBS,AM,3,mbbs_p2_final.pdf
2025,2,1253,2621,General,AM,PMC,"Pushpagiri Institute of Medical Science, Thiruvalla",MBBS,AM,17,mbbs_p2_final.pdf
2025,2,1254,2624,MU,AM,EMC,"MES Medical College, Perinthalmanna, Malappuram",MBBS,AM,15,mbbs_p2_final.pdf
2025,2,1255,2625,General,SM,TVD,"Govt. Dental College, Thiruvananthapuram",BDS,SM,15,mbbs_p2_final.pdf
2025,2,1256,2628,General,AM,MMC,"Malankara Orthodox Syrian Church MediCollege, Kolenchery",MBBS,AM,3,mbbs_p2_final.pdf
2025,2,1257,2629,General,AC,JMC,"Jubilee Mission Medical College, Thrisur",MBBS,AC,16,mbbs_p2_final.pdf
2025,2,1258,2632,EW,EW,IDM,Government Medical College Idukki,MBBS,EW,9,mbbs_p2_final.pdf
2025,2,1259,2634,General,AC,JMC,"Jubilee Mission Medical College, Thrisur",MBBS,AC,15,mbbs_p2_final.pdf
2025,2,1260,2638,LA,LA,IDM,Government Medical College Idukki,MBBS,LA,11,mbbs_p2_final.pdf
2025,2,1261,2640,MU,AM,EMC,"MES Medical College, Perinthalmanna, Malappuram",MBBS,AM,17,mbbs_p2_final.pdf
2025,2,1262,2647,BX,FL-BX,IDM,Government Medical College Idukki,MBBS,FL-BX,12,mbbs_p2_final.pdf
2025,2,1263,2651,General,AM,PMC,"Pushpagiri Institute of Medical Science, Thiruvalla",MBBS,AM,15,mbbs_p2_final.pdf
2025,2,1264,2655,EZ,SM,TVD,"Govt. Dental College, Thiruvananthapuram",BDS,SM,3,mbbs_p2_final.pdf
2025,2,1265,2656,EW,EW,PKM,"Government Medical College, Palakkad",MBBS,EW,9,mbbs_p2_final.pdf
2025,2,1266,2659,MU,AM,MMC,"Malankara Orthodox Syrian Church MediCollege, Kolenchery",MBBS,AM,17,mbbs_p2_final.pdf
2025,2,1267,2661,General,SM,TVD,"Govt. Dental College, Thiruvananthapuram",BDS,SM,13,mbbs_p2_final.pdf
2025,2,1268,2663,LA,LA,IDM,Government Medical College Idukki,MBBS,LA,10,mbbs_p2_final.pdf
2025,2,1269,2665,EW,EW,IDM,Government Medical College Idukki,MBBS,EW,7,mbbs_p2_final.pdf
2025,2,1270,2670,DV,DV,KKM,"Govt. Medical College, Kozhikkode",MBBS,DV,1,mbbs_p2_final.pdf
2025,2,1271,2672,EZ,EZ,AMC,"Amala Institute of Medical Sciences, Thrissur",MBBS,EZ,15,mbbs_p2_final.pdf
2025,2,1272,2674,BX,FL-BX,IDM,Government Medical College Idukki,MBBS,FL-BX,10,mbbs_p2_final.pdf
2025,2,1273,2675,VK,FL-VK,WYM,"Govt. Medical College, Wayanad",MBBS,FL-VK,13,mbbs_p2_final.pdf
2025,2,1274,2678,MU,AM,EMC,"MES Medical College, Perinthalmanna, Malappuram",MBBS,AM,17,mbbs_p2_final.pdf
2025,2,1275,2679,EZ,AM,PMC,"Pushpagiri Institute of Medical Science, Thiruvalla",MBBS,AM,17,mbbs_p2_final.pdf
2025,2,1276,2680,General,AM,BCM,"Believers Church Medical College Hospital, Thiruvalla",MBBS,AM,15,mbbs_p2_final.pdf
2025,2,1277,2682,General,AM,BCM,"Believers Church Medical College Hospital, Thiruvalla",MBBS,AM,1,mbbs_p2_final.pdf
2025,2,1278,2685,MU,AM,PMC,"Pushpagiri Institute of Medical Science, Thiruvalla",MBBS,AM,17,mbbs_p2_final.pdf
2025,2,1279,2686,EW,EW,PTM,"Government Medical College, Konni, Pathanamthitta",MBBS,EW,10,mbbs_p2_final.pdf
2025,2,1280,2687,General,AM,PMC,"Pushpagiri Institute of Medical Science, Thiruvalla",MBBS,AM,16,mbbs_p2_final.pdf
2025,2,1281,2688,EZ,SM-EZ,KKD,"Govt. Dental College, Kozhikkode",BDS,SM-EZ,15,mbbs_p2_final.pdf
2025,2,1282,2691,EW,EW,IDM,Government Medical College Idukki,MBBS,EW,12,mbbs_p2_final.pdf
2025,2,1283,2693,EZ,AM,MMH,"Malabar Medical College Hospital, Kozhikkode",MBBS,AM,15,mbbs_p2_final.pdf
2025,2,1284,2695,General,AM,PMC,"Pushpagiri Institute of Medical Science, Thiruvalla",MBBS,AM,12,mbbs_p2_final.pdf
2025,2,1285,2696,EZ,DK,TVM,"Govt. Medical College, Thiruvananthapuram",MBBS,DK,2,mbbs_p2_final.pdf
2025,2,1286,2698,EW,EW,IDM,Government Medical College Idukki,MBBS,EW,11,mbbs_p2_final.pdf
2025,2,1287,2699,MU,SM,TCD,"Govt. Dental College, Thrissur",BDS,SM,15,mbbs_p2_final.pdf
2025,2,1288,2707,MU,AM,MMC,"Malankara Orthodox Syrian Church MediCollege, Kolenchery",MBBS,AM,16,mbbs_p2_final.pdf
2025,2,1289,2708,EZ,SM-EZ,KKD,"Govt. Dental College, Kozhikkode",BDS,SM-EZ,12,mbbs_p2_final.pdf
2025,2,1290,2709,EW,EW,IDM,Government Medical College Idukki,MBBS,EW,10,mbbs_p2_final.pdf
2025,2,1291,2711,General,AM,MMC,"Malankara Orthodox Syrian Church MediCollege, Kolenchery",MBBS,AM,17,mbbs_p2_final.pdf
2025,2,1292,2716,BH,AM,PMC,"Pushpagiri Institute of Medical Science, Thiruvalla",MBBS,AM,9,mbbs_p2_final.pdf
2025,2,1293,2722,EZ,SM,PMC,"Pushpagiri Institute of Medical Science, Thiruvalla",MBBS,SM,15,mbbs_p2_final.pdf
2025,2,1294,2723,EW,FL-EW,IDM,Government Medical College Idukki,MBBS,FL-EW,11,mbbs_p2_final.pdf
2025,2,1295,2724,EW,FL-EW,IDM,Government Medical College Idukki,MBBS,FL-EW,9,mbbs_p2_final.pdf
2025,2,1296,2726,EW,FL-EW,IDM,Government Medical College Idukki,MBBS,FL-EW,10,mbbs_p2_final.pdf
2025,2,1297,2727,MU,SM-MU,KKD,"Govt. Dental College, Kozhikkode",BDS,SM-MU,15,mbbs_p2_final.pdf
2025,2,1298,2729,EW,FL-EW,IDM,Government Medical College Idukki,MBBS,FL-EW,11,mbbs_p2_final.pdf
2025,2,1299,2730,EW,EW,WYM,"Govt. Medical College, Wayanad",MBBS,EW,7,mbbs_p2_final.pdf
2025,2,1300,2733,LA,FL-LA,IDM,Government Medical College Idukki,MBBS,FL-LA,10,mbbs_p2_final.pdf
2025,2,1301,2734,General,AC,AMC,"Amala Institute of Medical Sciences, Thrissur",MBBS,AC,14,mbbs_p2_final.pdf
2025,2,1302,2736,EZ,SM,ALD,"Government Dental College, Alappuzha",BDS,SM,15,mbbs_p2_final.pdf
2025,2,1303,2738,EZ,AM,MMC,"Malankara Orthodox Syrian Church MediCollege, Kolenchery",MBBS,AM,17,mbbs_p2_final.pdf
2025,2,1304,2743,MU,AM,GMC,"Sree Gokulam Medical College, Venjaramoodu, TVPM",MBBS,AM,15,mbbs_p2_final.pdf
2025,2,1305,2746,MU,SM-MU,KKD,"Govt. Dental College, Kozhikkode",BDS,SM-MU,15,mbbs_p2_final.pdf
2025,2,1306,2747,MU,SM,PMC,"Pushpagiri Institute of Medical Science, Thiruvalla",MBBS,SM,17,mbbs_p2_final.pdf
2025,2,1307,2748,BH,FL-BH,WYM,"Govt. Medical College, Wayanad",MBBS,FL-BH,13,mbbs_p2_final.pdf
2025,2,1308,2749,General,AM,MMC,"Malankara Orthodox Syrian Church MediCollege, Kolenchery",MBBS,AM,17,mbbs_p2_final.pdf
2025,2,1309,2752,EW,AC,JMC,"Jubilee Mission Medical College, Thrisur",MBBS,AC,10,mbbs_p2_final.pdf
2025,2,1310,2753,General,SM,PMC,"Pushpagiri Institute of Medical Science, Thiruvalla",MBBS,SM,17,mbbs_p2_final.pdf
2025,2,1311,2755,General,AM,SUC,"SUT Accademy of Medical Sciences, Thiruvananthapuram",MBBS,AM,15,mbbs_p2_final.pdf
2025,2,1312,2756,General,AM,GMC,"Sree Gokulam Medical College, Venjaramoodu, TVPM",MBBS,AM,13,mbbs_p2_final.pdf
2025,2,1313,2758,MU,AM,EMC,"MES Medical College, Perinthalmanna, Malappuram",MBBS,AM,1,mbbs_p2_final.pdf
2025,2,1314,2759,MU,SM-MU,KKD,"Govt. Dental College, Kozhikkode",BDS,SM-MU,14,mbbs_p2_final.pdf
2025,2,1315,2760,EZ,SM,PMC,"Pushpagiri Institute of Medical Science, Thiruvalla",MBBS,SM,17,mbbs_p2_final.pdf
2025,2,1316,2764,EW,FL-EW,IDM,Government Medical College Idukki,MBBS,FL-EW,12,mbbs_p2_final.pdf
2025,2,1317,2765,EZ,AM,MMC,"Malankara Orthodox Syrian Church MediCollege, Kolenchery",MBBS,AM,16,mbbs_p2_final.pdf
2025,2,1318,2772,EZ,SM,PMC,"Pushpagiri Institute of Medical Science, Thiruvalla",MBBS,SM,17,mbbs_p2_final.pdf
2025,2,1319,2773,MU,AM,KCM,"KMCT Medical College, Mukkom, Kozikkode",MBBS,AM,1,mbbs_p2_final.pdf
2025,2,1320,2776,EZ,SM-EZ,KKD,"Govt. Dental College, Kozhikkode",BDS,SM-EZ,15,mbbs_p2_final.pdf
2025,2,1321,2777,General,AC,JMC,"Jubilee Mission Medical College, Thrisur",MBBS,AC,1,mbbs_p2_final.pdf
2025,2,1322,2778,MU,SM,TCD,"Govt. Dental College, Thrissur",BDS,SM,16,mbbs_p2_final.pdf
2025,2,1323,2782,EZ,SM-EZ,KKD,"Govt. Dental College, Kozhikkode",BDS,SM-EZ,15,mbbs_p2_final.pdf
2025,2,1324,2783,EW,FL-EW,IDM,Government Medical College Idukki,MBBS,FL-EW,6,mbbs_p2_final.pdf
2025,2,1325,2785,General,AC,JMC,"Jubilee Mission Medical College, Thrisur",MBBS,AC,16,mbbs_p2_final.pdf
2025,2,1326,2787,General,AC,JMC,"Jubilee Mission Medical College, Thrisur",MBBS,AC,16,mbbs_p2_final.pdf
2025,2,1327,2791,General,AC,MMC,"Malankara Orthodox Syrian Church MediCollege, Kolenchery",MBBS,AC,2,mbbs_p2_final.pdf
2025,2,1328,2798,MU,AM,MMC,"Malankara Orthodox Syrian Church MediCollege, Kolenchery",MBBS,AM,15,mbbs_p2_final.pdf
2025,2,1329,2800,EZ,SM,MMC,"Malankara Orthodox Syrian Church MediCollege, Kolenchery",MBBS,SM,16,mbbs_p2_final.pdf
2025,2,1330,2801,MU,AM,BCM,"Believers Church Medical College Hospital, Thiruvalla",MBBS,AM,15,mbbs_p2_final.pdf
2025,2,1331,2806,MU,AM,BCM,"Believers Church Medical College Hospital, Thiruvalla",MBBS,AM,15,mbbs_p2_final.pdf
2025,2,1332,2808,General,AM,TRM,"Travancore Medical College, Umayanalloor, Kollam",MBBS,AM,1,mbbs_p2_final.pdf
2025,2,1333,2812,General,AM,BCM,"Believers Church Medical College Hospital, Thiruvalla",MBBS,AM,1,mbbs_p2_final.pdf
2025,2,1334,2813,MU,AM,EMC,"MES Medical College, Perinthalmanna, Malappuram",MBBS,AM,17,mbbs_p2_final.pdf
2025,2,1335,2818,General,SM,TVD,"Govt. Dental College, Thiruvananthapuram",BDS,SM,15,mbbs_p2_final.pdf
2025,2,1336,2819,General,SM,MMC,"Malankara Orthodox Syrian Church MediCollege, Kolenchery",MBBS,SM,17,mbbs_p2_final.pdf
2025,2,1337,2820,MU,SM,TCD,"Govt. Dental College, Thrissur",BDS,SM,8,mbbs_p2_final.pdf
2025,2,1338,2824,MU,AM,BCM,"Believers Church Medical College Hospital, Thiruvalla",MBBS,AM,1,mbbs_p2_final.pdf
2025,2,1339,2825,DV,DV,TVM,"Govt. Medical College, Thiruvananthapuram",MBBS,DV,1,mbbs_p2_final.pdf
2025,2,1340,2826,General,AC,JMC,"Jubilee Mission Medical College, Thrisur",MBBS,AC,1,mbbs_p2_final.pdf
2025,2,1341,2827,EW,FL-EW,IDM,Government Medical College Idukki,MBBS,FL-EW,11,mbbs_p2_final.pdf
2025,2,1342,2831,MU,SM,PMC,"Pushpagiri Institute of Medical Science, Thiruvalla",MBBS,SM,14,mbbs_p2_final.pdf
2025,2,1343,2832,BH,AM,EMC,"MES Medical College, Perinthalmanna, Malappuram",MBBS,AM,1,mbbs_p2_final.pdf
2025,2,1344,2835,General,SM,PMC,"Pushpagiri Institute of Medical Science, Thiruvalla",MBBS,SM,15,mbbs_p2_final.pdf
2025,2,1345,2839,EW,FL-EW,IDM,Government Medical College Idukki,MBBS,FL-EW,11,mbbs_p2_final.pdf
2025,2,1346,2840,General,AC,JMC,"Jubilee Mission Medical College, Thrisur",MBBS,AC,13,mbbs_p2_final.pdf
2025,2,1347,2842,EW,FL-EW,IDM,Government Medical College Idukki,MBBS,FL-EW,11,mbbs_p2_final.pdf
2025,2,1348,2844,MU,AM,DMM,"Dr. Moopens Medical College, Meppadi, Wayanad",MBBS,AM,1,mbbs_p2_final.pdf
2025,2,1349,2846,General,SM,PMC,"Pushpagiri Institute of Medical Science, Thiruvalla",MBBS,SM,17,mbbs_p2_final.pdf
2025,2,1350,2849,BX,FL-BX,WYM,"Govt. Medical College, Wayanad",MBBS,FL-BX,13,mbbs_p2_final.pdf
2025,2,1351,2853,General,SM,MMC,"Malankara Orthodox Syrian Church MediCollege, Kolenchery",MBBS,SM,17,mbbs_p2_final.pdf
2025,2,1352,2854,EW,EW,WYM,"Govt. Medical College, Wayanad",MBBS,EW,10,mbbs_p2_final.pdf
2025,2,1353,2856,MU,SM,MMC,"Malankara Orthodox Syrian Church MediCollege, Kolenchery",MBBS,SM,17,mbbs_p2_final.pdf
2025,2,1354,2858,General,AM,DMM,"Dr. Moopens Medical College, Meppadi, Wayanad",MBBS,AM,1,mbbs_p2_final.pdf
2025,2,1355,2860,MU,AM,EMC,"MES Medical College, Perinthalmanna, Malappuram",MBBS,AM,16,mbbs_p2_final.pdf
2025,2,1356,2861,MU,SM,TCD,"Govt. Dental College, Thrissur",BDS,SM,16,mbbs_p2_final.pdf
2025,2,1357,2863,MU,AM,EMC,"MES Medical College, Perinthalmanna, Malappuram",MBBS,AM,14,mbbs_p2_final.pdf
2025,2,1358,2865,General,AM,GMC,"Sree Gokulam Medical College, Venjaramoodu, TVPM",MBBS,AM,1,mbbs_p2_final.pdf
2025,2,1359,2867,General,AM,GMC,"Sree Gokulam Medical College, Venjaramoodu, TVPM",MBBS,AM,1,mbbs_p2_final.pdf
2025,2,1360,2869,EZ,SM,TVD,"Govt. Dental College, Thiruvananthapuram",BDS,SM,16,mbbs_p2_final.pdf
2025,2,1361,2872,General,SM,MMC,"Malankara Orthodox Syrian Church MediCollege, Kolenchery",MBBS,SM,12,mbbs_p2_final.pdf
2025,2,1362,2875,MU,SM,TVD,"Govt. Dental College, Thiruvananthapuram",BDS,SM,16,mbbs_p2_final.pdf
2025,2,1363,2876,VK,FL-VK,WYM,"Govt. Medical College, Wayanad",MBBS,FL-VK,13,mbbs_p2_final.pdf
2025,2,1364,2883,General,AM,GMC,"Sree Gokulam Medical College, Venjaramoodu, TVPM",MBBS,AM,1,mbbs_p2_final.pdf
2025,2,1365,2886,BH,SM,MMC,"Malankara Orthodox Syrian Church MediCollege, Kolenchery",MBBS,SM,17,mbbs_p2_final.pdf
2025,2,1366,2887,General,SM,PMC,"Pushpagiri Institute of Medical Science, Thiruvalla",MBBS,SM,2,mbbs_p2_final.pdf
2025,2,1367,2889,MU,SM,TVD,"Govt. Dental College, Thiruvananthapuram",BDS,SM,16,mbbs_p2_final.pdf
2025,2,1368,2897,MU,SM,TVD,"Govt. Dental College, Thiruvananthapuram",BDS,SM,16,mbbs_p2_final.pdf
2025,2,1369,2902,General,AM,GMC,"Sree Gokulam Medical College, Venjaramoodu, TVPM",MBBS,AM,15,mbbs_p2_final.pdf
2025,2,1370,2903,MU,AM,EMC,"MES Medical College, Perinthalmanna, Malappuram",MBBS,AM,15,mbbs_p2_final.pdf
2025,2,1371,2906,MU,SM,TVD,"Govt. Dental College, Thiruvananthapuram",BDS,SM,15,mbbs_p2_final.pdf
2025,2,1372,2907,BX,AM,GMC,"Sree Gokulam Medical College, Venjaramoodu, TVPM",MBBS,AM,2,mbbs_p2_final.pdf
2025,2,1373,2908,MU,AM,EMC,"MES Medical College, Perinthalmanna, Malappuram",MBBS,AM,15,mbbs_p2_final.pdf
2025,2,1374,2910,General,AM,GMC,"Sree Gokulam Medical College, Venjaramoodu, TVPM",MBBS,AM,13,mbbs_p2_final.pdf
2025,2,1375,2913,General,AM,GMC,"Sree Gokulam Medical College, Venjaramoodu, TVPM",MBBS,AM,17,mbbs_p2_final.pdf
2025,2,1376,2917,EW,EW,WYM,"Govt. Medical College, Wayanad",MBBS,EW,13,mbbs_p2_final.pdf
2025,2,1377,2919,MU,PD,KKM,"Govt. Medical College, Kozhikkode",MBBS,PD,1,mbbs_p2_final.pdf
2025,2,1378,2921,BH,AM,GMC,"Sree Gokulam Medical College, Venjaramoodu, TVPM",MBBS,AM,15,mbbs_p2_final.pdf
2025,2,1379,2923,MU,AM,EMC,"MES Medical College, Perinthalmanna, Malappuram",MBBS,AM,12,mbbs_p2_final.pdf
2025,2,1380,2924,EZ,SM,MMC,"Malankara Orthodox Syrian Church MediCollege, Kolenchery",MBBS,SM,14,mbbs_p2_final.pdf
2025,2,1381,2926,General,SM,MMC,"Malankara Orthodox Syrian Church MediCollege, Kolenchery",MBBS,SM,15,mbbs_p2_final.pdf
2025,2,1382,2928,MU,SM,TVD,"Govt. Dental College, Thiruvananthapuram",BDS,SM,16,mbbs_p2_final.pdf
2025,2,1383,2929,EZ,SM,MMC,"Malankara Orthodox Syrian Church MediCollege, Kolenchery",MBBS,SM,17,mbbs_p2_final.pdf
2025,2,1384,2930,MU,AM,GMC,"Sree Gokulam Medical College, Venjaramoodu, TVPM",MBBS,AM,15,mbbs_p2_final.pdf
2025,2,1385,2935,EZ,SM,TVD,"Govt. Dental College, Thiruvananthapuram",BDS,SM,15,mbbs_p2_final.pdf
2025,2,1386,2936,General,SM,MMC,"Malankara Orthodox Syrian Church MediCollege, Kolenchery",MBBS,SM,12,mbbs_p2_final.pdf
2025,2,1387,2939,General,SM,MMC,"Malankara Orthodox Syrian Church MediCollege, Kolenchery",MBBS,SM,17,mbbs_p2_final.pdf
2025,2,1388,2940,General,AC,JMC,"Jubilee Mission Medical College, Thrisur",MBBS,AC,14,mbbs_p2_final.pdf
2025,2,1389,2942,General,AC,JMC,"Jubilee Mission Medical College, Thrisur",MBBS,AC,1,mbbs_p2_final.pdf
2025,2,1390,2948,General,AM,BCM,"Believers Church Medical College Hospital, Thiruvalla",MBBS,AM,6,mbbs_p2_final.pdf
2025,2,1391,2953,LA,LA,JMC,"Jubilee Mission Medical College, Thrisur",MBBS,LA,8,mbbs_p2_final.pdf
2025,2,1392,2954,EW,EW,KSM,"Govt. Medical College, Kasaragod",MBBS,EW,8,mbbs_p2_final.pdf
2025,2,1393,2955,LA,FL-LA,IDM,Government Medical College Idukki,MBBS,FL-LA,10,mbbs_p2_final.pdf
2025,2,1394,2957,MU,AM,EMC,"MES Medical College, Perinthalmanna, Malappuram",MBBS,AM,17,mbbs_p2_final.pdf
2025,2,1395,2959,MU,SM,TCD,"Govt. Dental College, Thrissur",BDS,SM,16,mbbs_p2_final.pdf
2025,2,1396,2961,General,SM,MMC,"Malankara Orthodox Syrian Church MediCollege, Kolenchery",MBBS,SM,16,mbbs_p2_final.pdf
2025,2,1397,2965,General,AM,BCM,"Believers Church Medical College Hospital, Thiruvalla",MBBS,AM,3,mbbs_p2_final.pdf
2025,2,1398,2971,MU,SM,PMC,"Pushpagiri Institute of Medical Science, Thiruvalla",MBBS,SM,17,mbbs_p2_final.pdf
2025,2,1399,2973,VK,FL-VK,WYM,"Govt. Medical College, Wayanad",MBBS,FL-VK,13,mbbs_p2_final.pdf
2025,2,1400,2974,MU,SM,KTD,"Govt. Dental College, Kottayam",BDS,SM,16,mbbs_p2_final.pdf
2025,2,1401,2976,MU,MU,MMC,"Malankara Orthodox Syrian Church MediCollege, Kolenchery",MBBS,MU,14,mbbs_p2_final.pdf
2025,2,1402,2978,General,AC,JMC,"Jubilee Mission Medical College, Thrisur",MBBS,AC,12,mbbs_p2_final.pdf
2025,2,1403,2979,MU,SM,TCD,"Govt. Dental College, Thrissur",BDS,SM,16,mbbs_p2_final.pdf
2025,2,1404,2980,BX,AM,SUC,"SUT Accademy of Medical Sciences, Thiruvananthapuram",MBBS,AM,2,mbbs_p2_final.pdf
2025,2,1405,2984,EW,EW,WYM,"Govt. Medical College, Wayanad",MBBS,EW,13,mbbs_p2_final.pdf
2025,2,1406,2986,MU,SM,TCD,"Govt. Dental College, Thrissur",BDS,SM,3,mbbs_p2_final.pdf
2025,2,1407,2991,EW,EW,KSM,"Govt. Medical College, Kasaragod",MBBS,EW,13,mbbs_p2_final.pdf
2025,2,1408,2993,General,AM,BCM,"Believers Church Medical College Hospital, Thiruvalla",MBBS,AM,13,mbbs_p2_final.pdf
2025,2,1409,2994,General,AM,BCM,"Believers Church Medical College Hospital, Thiruvalla",MBBS,AM,5,mbbs_p2_final.pdf
2025,2,1410,2995,EZ,SM,GMC,"Sree Gokulam Medical College, Venjaramoodu, TVPM",MBBS,SM,17,mbbs_p2_final.pdf
2025,2,1411,2998,General,SM,GMC,"Sree Gokulam Medical College, Venjaramoodu, TVPM",MBBS,SM,10,mbbs_p2_final.pdf
2025,2,1412,3000,General,AM,SUC,"SUT Accademy of Medical Sciences, Thiruvananthapuram",MBBS,AM,1,mbbs_p2_final.pdf
2025,2,1413,3001,LA,FL-LA,IDM,Government Medical College Idukki,MBBS,FL-LA,10,mbbs_p2_final.pdf
2025,2,1414,3003,BH,SM,PMC,"Pushpagiri Institute of Medical Science, Thiruvalla",MBBS,SM,11,mbbs_p2_final.pdf
2025,2,1415,3004,EW,EW,KSM,"Govt. Medical College, Kasaragod",MBBS,EW,13,mbbs_p2_final.pdf
2025,2,1416,3005,EW,FL-EW,WYM,"Govt. Medical College, Wayanad",MBBS,FL-EW,13,mbbs_p2_final.pdf
2025,2,1417,3006,General,AM,MMH,"Malabar Medical College Hospital, Kozhikkode",MBBS,AM,1,mbbs_p2_final.pdf
2025,2,1418,3008,LA,FL-LA,IDM,Government Medical College Idukki,MBBS,FL-LA,5,mbbs_p2_final.pdf
2025,2,1419,3009,MU,SM,TVD,"Govt. Dental College, Thiruvananthapuram",BDS,SM,16,mbbs_p2_final.pdf
2025,2,1420,3011,General,AC,JMC,"Jubilee Mission Medical College, Thrisur",MBBS,AC,14,mbbs_p2_final.pdf
2025,2,1421,3014,General,AM,KCM,"KMCT Medical College, Mukkom, Kozikkode",MBBS,AM,1,mbbs_p2_final.pdf
2025,2,1422,3016,VK,VK,KSM,"Govt. Medical College, Kasaragod",MBBS,VK,14,mbbs_p2_final.pdf
2025,2,1423,3018,General,SM,GMC,"Sree Gokulam Medical College, Venjaramoodu, TVPM",MBBS,SM,10,mbbs_p2_final.pdf
2025,2,1424,3020,MU,SM,KND,"Government Dental College, Kannur",BDS,SM,2,mbbs_p2_final.pdf
2025,2,1425,3023,EZ,SM,KND,"Government Dental College, Kannur",BDS,SM,16,mbbs_p2_final.pdf
2025,2,1426,3025,General,AC,JMC,"Jubilee Mission Medical College, Thrisur",MBBS,AC,14,mbbs_p2_final.pdf
2025,2,1427,3028,MU,SM,TCD,"Govt. Dental College, Thrissur",BDS,SM,16,mbbs_p2_final.pdf
2025,2,1428,3037,General,AM,KCM,"KMCT Medical College, Mukkom, Kozikkode",MBBS,AM,15,mbbs_p2_final.pdf
2025,2,1429,3042,EZ,AM,EMC,"MES Medical College, Perinthalmanna, Malappuram",MBBS,AM,17,mbbs_p2_final.pdf
2025,2,1430,3043,EW,EW,KSM,"Govt. Medical College, Kasaragod",MBBS,EW,14,mbbs_p2_final.pdf
2025,2,1431,3050,MU,SM,TCD,"Govt. Dental College, Thrissur",BDS,SM,16,mbbs_p2_final.pdf
2025,2,1432,3051,MU,SM,TCD,"Govt. Dental College, Thrissur",BDS,SM,16,mbbs_p2_final.pdf
2025,2,1433,3057,MU,SM,TVD,"Govt. Dental College, Thiruvananthapuram",BDS,SM,16,mbbs_p2_final.pdf
2025,2,1434,3058,General,AM,BCM,"Believers Church Medical College Hospital, Thiruvalla",MBBS,AM,17,mbbs_p2_final.pdf
2025,2,1435,3065,EW,FL-EW,KSM,"Govt. Medical College, Kasaragod",MBBS,FL-EW,6,mbbs_p2_final.pdf
2025,2,1436,3068,MU,AM,KCM,"KMCT Medical College, Mukkom, Kozikkode",MBBS,AM,1,mbbs_p2_final.pdf
2025,2,1437,3075,General,SM,TVD,"Govt. Dental College, Thiruvananthapuram",BDS,SM,16,mbbs_p2_final.pdf
2025,2,1438,3077,General,AM,KDM,"P K Das Institute of Medical Sciences, Ottapalam",MBBS,AM,15,mbbs_p2_final.pdf
2025,2,1439,3079,MU,AM,EMC,"MES Medical College, Perinthalmanna, Malappuram",MBBS,AM,17,mbbs_p2_final.pdf
2025,2,1440,3080,EZ,SM,ALD,"Government Dental College, Alappuzha",BDS,SM,15,mbbs_p2_final.pdf
2025,2,1441,3083,General,AM,BCM,"Believers Church Medical College Hospital, Thiruvalla",MBBS,AM,1,mbbs_p2_final.pdf
2025,2,1442,3086,General,AC,JMC,"Jubilee Mission Medical College, Thrisur",MBBS,AC,14,mbbs_p2_final.pdf
2025,2,1443,3087,General,AM,TRM,"Travancore Medical College, Umayanalloor, Kollam",MBBS,AM,7,mbbs_p2_final.pdf
2025,2,1444,3091,EZ,SM,TVD,"Govt. Dental College, Thiruvananthapuram",BDS,SM,15,mbbs_p2_final.pdf
2025,2,1445,3094,EW,FL-EW,KSM,"Govt. Medical College, Kasaragod",MBBS,FL-EW,14,mbbs_p2_final.pdf
2025,2,1446,3095,EZ,SM,PMC,"Pushpagiri Institute of Medical Science, Thiruvalla",MBBS,SM,13,mbbs_p2_final.pdf
2025,2,1447,3096,MU,SM,TVD,"Govt. Dental College, Thiruvananthapuram",BDS,SM,16,mbbs_p2_final.pdf
2025,2,1448,3097,EZ,SM,TCD,"Govt. Dental College, Thrissur",BDS,SM,15,mbbs_p2_final.pdf
2025,2,1449,3098,DV,DV,KKM,"Govt. Medical College, Kozhikkode",MBBS,DV,1,mbbs_p2_final.pdf
2025,2,1450,3099,EZ,EZ,MMC,"Malankara Orthodox Syrian Church MediCollege, Kolenchery",MBBS,EZ,17,mbbs_p2_final.pdf
2025,2,1451,3104,VK,FL-VK,KSM,"Govt. Medical College, Kasaragod",MBBS,FL-VK,14,mbbs_p2_final.pdf
2025,2,1452,3107,EZ,SM,GMC,"Sree Gokulam Medical College, Venjaramoodu, TVPM",MBBS,SM,15,mbbs_p2_final.pdf
2025,2,1453,3108,MU,AM,EMC,"MES Medical College, Perinthalmanna, Malappuram",MBBS,AM,15,mbbs_p2_final.pdf
2025,2,1454,3112,MU,AM,EMC,"MES Medical College, Perinthalmanna, Malappuram",MBBS,AM,17,mbbs_p2_final.pdf
2025,2,1455,3118,General,AM,MMH,"Malabar Medical College Hospital, Kozhikkode",MBBS,AM,7,mbbs_p2_final.pdf
2025,2,1456,3119,VK,FL-VK,KSM,"Govt. Medical College, Kasaragod",MBBS,FL-VK,3,mbbs_p2_final.pdf
2025,2,1457,3120,EZ,SM,BCM,"Believers Church Medical College Hospital, Thiruvalla",MBBS,SM,17,mbbs_p2_final.pdf
2025,2,1458,3121,MU,MU,MMC,"Malankara Orthodox Syrian Church MediCollege, Kolenchery",MBBS,MU,17,mbbs_p2_final.pdf
2025,2,1459,3124,MU,SM,EMC,"MES Medical College, Perinthalmanna, Malappuram",MBBS,SM,17,mbbs_p2_final.pdf
2025,2,1460,3125,MU,SM,KTD,"Govt. Dental College, Kottayam",BDS,SM,7,mbbs_p2_final.pdf
2025,2,1461,3127,MU,SM,KTD,"Govt. Dental College, Kottayam",BDS,SM,16,mbbs_p2_final.pdf
2025,2,1462,3128,EZ,EZ,MMC,"Malankara Orthodox Syrian Church MediCollege, Kolenchery",MBBS,EZ,17,mbbs_p2_final.pdf
2025,2,1463,3129,General,SM,EMC,"MES Medical College, Perinthalmanna, Malappuram",MBBS,SM,15,mbbs_p2_final.pdf
2025,2,1464,3132,MU,SM,EMC,"MES Medical College, Perinthalmanna, Malappuram",MBBS,SM,12,mbbs_p2_final.pdf
2025,2,1465,3136,MU,MM,EMC,"MES Medical College, Perinthalmanna, Malappuram",MBBS,MM,1,mbbs_p2_final.pdf
2025,2,1466,3137,MU,SM,EMC,"MES Medical College, Perinthalmanna, Malappuram",MBBS,SM,15,mbbs_p2_final.pdf
2025,2,1467,3139,EW,FL-EW,KSM,"Govt. Medical College, Kasaragod",MBBS,FL-EW,14,mbbs_p2_final.pdf
2025,2,1468,3141,BX,AC,PMC,"Pushpagiri Institute of Medical Science, Thiruvalla",MBBS,AC,16,mbbs_p2_final.pdf
2025,2,1469,3142,LA,FL-LA,IDM,Government Medical College Idukki,MBBS,FL-LA,12,mbbs_p2_final.pdf
2025,2,1470,3143,General,SM,TCD,"Govt. Dental College, Thrissur",BDS,SM,16,mbbs_p2_final.pdf
2025,2,1471,3144,MU,SM,KTD,"Govt. Dental College, Kottayam",BDS,SM,16,mbbs_p2_final.pdf
2025,2,1472,3145,EW,FL-EW,KSM,"Govt. Medical College, Kasaragod",MBBS,FL-EW,13,mbbs_p2_final.pdf
2025,2,1473,3147,MU,AM,TRM,"Travancore Medical College, Umayanalloor, Kollam",MBBS,AM,15,mbbs_p2_final.pdf
2025,2,1474,3148,EW,FL-EW,KSM,"Govt. Medical College, Kasaragod",MBBS,FL-EW,14,mbbs_p2_final.pdf
2025,2,1475,3151,General,AC,JMC,"Jubilee Mission Medical College, Thrisur",MBBS,AC,1,mbbs_p2_final.pdf
2025,2,1476,3153,MU,SM,TCD,"Govt. Dental College, Thrissur",BDS,SM,16,mbbs_p2_final.pdf
2025,2,1477,3155,BH,BH,PMC,"Pushpagiri Institute of Medical Science, Thiruvalla",MBBS,BH,17,mbbs_p2_final.pdf
2025,2,1478,3156,General,SM,BCM,"Believers Church Medical College Hospital, Thiruvalla",MBBS,SM,15,mbbs_p2_final.pdf
2025,2,1479,3157,MU,SM,EMC,"MES Medical College, Perinthalmanna, Malappuram",MBBS,SM,18,mbbs_p2_final.pdf
2025,2,1480,3164,General,SM,GMC,"Sree Gokulam Medical College, Venjaramoodu, TVPM",MBBS,SM,15,mbbs_p2_final.pdf
2025,2,1481,3172,BH,SM,BCM,"Believers Church Medical College Hospital, Thiruvalla",MBBS,SM,18,mbbs_p2_final.pdf
2025,2,1482,3176,MU,MU,PMC,"Pushpagiri Institute of Medical Science, Thiruvalla",MBBS,MU,17,mbbs_p2_final.pdf
2025,2,1483,3177,General,SM,BCM,"Believers Church Medical College Hospital, Thiruvalla",MBBS,SM,15,mbbs_p2_final.pdf
2025,2,1484,3178,General,SM,BCM,"Believers Church Medical College Hospital, Thiruvalla",MBBS,SM,19,mbbs_p2_final.pdf
2025,2,1485,3180,General,SM,GMC,"Sree Gokulam Medical College, Venjaramoodu, TVPM",MBBS,SM,17,mbbs_p2_final.pdf
2025,2,1486,3182,EZ,SM,KTD,"Govt. Dental College, Kottayam",BDS,SM,16,mbbs_p2_final.pdf
2025,2,1487,3183,BH,SM,GMC,"Sree Gokulam Medical College, Venjaramoodu, TVPM",MBBS,SM,13,mbbs_p2_final.pdf
2025,2,1488,3184,MU,SM,BCM,"Believers Church Medical College Hospital, Thiruvalla",MBBS,SM,17,mbbs_p2_final.pdf
2025,2,1489,3185,General,SM,BCM,"Believers Church Medical College Hospital, Thiruvalla",MBBS,SM,19,mbbs_p2_final.pdf
2025,2,1490,3186,EW,FL-EW,KSM,"Govt. Medical College, Kasaragod",MBBS,FL-EW,14,mbbs_p2_final.pdf
2025,2,1491,3187,BH,SM,GMC,"Sree Gokulam Medical College, Venjaramoodu, TVPM",MBBS,SM,15,mbbs_p2_final.pdf
2025,2,1492,3189,MU,SM,TCD,"Govt. Dental College, Thrissur",BDS,SM,2,mbbs_p2_final.pdf
2025,2,1493,3190,EW,FL-EW,KSM,"Govt. Medical College, Kasaragod",MBBS,FL-EW,13,mbbs_p2_final.pdf
2025,2,1494,3192,MU,SM,EMC,"MES Medical College, Perinthalmanna, Malappuram",MBBS,SM,16,mbbs_p2_final.pdf
2025,2,1495,3193,BH,AM,SIM,"Sree Narayana Institute of Medical Sciences, Chalakka, Ernakulam.",MBBS,AM,9,mbbs_p2_final.pdf
2025,2,1496,3198,EZ,EZ,PMC,"Pushpagiri Institute of Medical Science, Thiruvalla",MBBS,EZ,18,mbbs_p2_final.pdf
2025,2,1497,3199,BH,SM,GMC,"Sree Gokulam Medical College, Venjaramoodu, TVPM",MBBS,SM,17,mbbs_p2_final.pdf
2025,2,1498,3203,EW,FL-EW,KSM,"Govt. Medical College, Kasaragod",MBBS,FL-EW,1,mbbs_p2_final.pdf
2025,2,1499,3204,General,AM,SMC,"Dr. Somervell Memorial CSI Medical College, Karakonam",MBBS,AM,3,mbbs_p2_final.pdf
2025,2,1500,3205,General,AM,MMH,"Malabar Medical College Hospital, Kozhikkode",MBBS,AM,17,mbbs_p2_final.pdf
2025,2,1501,3208,EZ,SM,EMC,"MES Medical College, Perinthalmanna, Malappuram",MBBS,SM,18,mbbs_p2_final.pdf
2025,2,1502,3216,MU,SM,TCD,"Govt. Dental College, Thrissur",BDS,SM,16,mbbs_p2_final.pdf
2025,2,1503,3220,EW,FL-EW,KSM,"Govt. Medical College, Kasaragod",MBBS,FL-EW,13,mbbs_p2_final.pdf
2025,2,1504,3221,EW,FL-EW,KSM,"Govt. Medical College, Kasaragod",MBBS,FL-EW,12,mbbs_p2_final.pdf
2025,2,1505,3223,MU,SM,TCD,"Govt. Dental College, Thrissur",BDS,SM,15,mbbs_p2_final.pdf
2025,2,1506,3224,MU,SM,EMC,"MES Medical College, Perinthalmanna, Malappuram",MBBS,SM,17,mbbs_p2_final.pdf
2025,2,1507,3228,MU,SM,EMC,"MES Medical College, Perinthalmanna, Malappuram",MBBS,SM,13,mbbs_p2_final.pdf
2025,2,1508,3229,EW,FL-EW,KSM,"Govt. Medical College, Kasaragod",MBBS,FL-EW,14,mbbs_p2_final.pdf
2025,2,1509,3232,BX,SM,BCM,"Believers Church Medical College Hospital, Thiruvalla",MBBS,SM,9,mbbs_p2_final.pdf
2025,2,1510,3237,MU,SM,TCD,"Govt. Dental College, Thrissur",BDS,SM,13,mbbs_p2_final.pdf
2025,2,1511,3238,General,AM,KCM,"KMCT Medical College, Mukkom, Kozikkode",MBBS,AM,1,mbbs_p2_final.pdf
2025,2,1512,3240,MU,SM,TCD,"Govt. Dental College, Thrissur",BDS,SM,16,mbbs_p2_final.pdf
2025,2,1513,3241,EZ,SM-EZ,TVD,"Govt. Dental College, Thiruvananthapuram",BDS,SM-EZ,1,mbbs_p2_final.pdf
2025,2,1514,3242,VK,SM-VK,TVD,"Govt. Dental College, Thiruvananthapuram",BDS,SM-VK,5,mbbs_p2_final.pdf
2025,2,1515,3244,EZ,EZ,PMC,"Pushpagiri Institute of Medical Science, Thiruvalla",MBBS,EZ,18,mbbs_p2_final.pdf
2025,2,1516,3249,MU,SM,BCM,"Believers Church Medical College Hospital, Thiruvalla",MBBS,SM,18,mbbs_p2_final.pdf
2025,2,1517,3250,General,AC,JMC,"Jubilee Mission Medical College, Thrisur",MBBS,AC,14,mbbs_p2_final.pdf
2025,2,1518,3251,General,SM,GMC,"Sree Gokulam Medical College, Venjaramoodu, TVPM",MBBS,SM,15,mbbs_p2_final.pdf
2025,2,1519,3253,EW,FL-EW,KSM,"Govt. Medical College, Kasaragod",MBBS,FL-EW,14,mbbs_p2_final.pdf
2025,2,1520,3254,General,SM,GMC,"Sree Gokulam Medical College, Venjaramoodu, TVPM",MBBS,SM,19,mbbs_p2_final.pdf
2025,2,1521,3258,EW,FL-EW,KSM,"Govt. Medical College, Kasaragod",MBBS,FL-EW,13,mbbs_p2_final.pdf
2025,2,1522,3259,General,SM,GMC,"Sree Gokulam Medical College, Venjaramoodu, TVPM",MBBS,SM,15,mbbs_p2_final.pdf
2025,2,1523,3261,BH,SM,EMC,"MES Medical College, Perinthalmanna, Malappuram",MBBS,SM,16,mbbs_p2_final.pdf
2025,2,1524,3263,EZ,SM,TCD,"Govt. Dental College, Thrissur",BDS,SM,16,mbbs_p2_final.pdf
2025,2,1525,3265,General,AC,JMC,"Jubilee Mission Medical College, Thrisur",MBBS,AC,16,mbbs_p2_final.pdf
2025,2,1526,3266,MU,SM,EMC,"MES Medical College, Perinthalmanna, Malappuram",MBBS,SM,15,mbbs_p2_final.pdf
2025,2,1527,3267,EW,SM-EW,TVD,"Govt. Dental College, Thiruvananthapuram",BDS,SM-EW,15,mbbs_p2_final.pdf
2025,2,1528,3273,EW,SM,KTD,"Govt. Dental College, Kottayam",BDS,SM,15,mbbs_p2_final.pdf
2025,2,1529,3274,MU,SM,TCD,"Govt. Dental College, Thrissur",BDS,SM,16,mbbs_p2_final.pdf
2025,2,1530,3275,General,AM,KCM,"KMCT Medical College, Mukkom, Kozikkode",MBBS,AM,1,mbbs_p2_final.pdf
2025,2,1531,3279,MU,SM,KND,"Government Dental College, Kannur",BDS,SM,16,mbbs_p2_final.pdf
2025,2,1532,3286,EZ,AM,SMC,"Dr. Somervell Memorial CSI Medical College, Karakonam",MBBS,AM,15,mbbs_p2_final.pdf
2025,2,1533,3288,MU,MM,EMC,"MES Medical College, Perinthalmanna, Malappuram",MBBS,MM,1,mbbs_p2_final.pdf
2025,2,1534,3289,General,SM,EMC,"MES Medical College, Perinthalmanna, Malappuram",MBBS,SM,13,mbbs_p2_final.pdf
2025,2,1535,3292,General,AM,DMM,"Dr. Moopens Medical College, Meppadi, Wayanad",MBBS,AM,1,mbbs_p2_final.pdf
2025,2,1536,3293,MU,MM,EMC,"MES Medical College, Perinthalmanna, Malappuram",MBBS,MM,13,mbbs_p2_final.pdf
2025,2,1537,3295,VK,SM-VK,KKD,"Govt. Dental College, Kozhikkode",BDS,SM-VK,15,mbbs_p2_final.pdf
2025,2,1538,3296,LA,FL-LA,IDM,Government Medical College Idukki,MBBS,FL-LA,10,mbbs_p2_final.pdf
2025,2,1539,3297,DV,DV,TVM,"Govt. Medical College, Thiruvananthapuram",MBBS,DV,2,mbbs_p2_final.pdf
2025,2,1540,3298,General,SM,GMC,"Sree Gokulam Medical College, Venjaramoodu, TVPM",MBBS,SM,15,mbbs_p2_final.pdf
2025,2,1541,3299,General,AC,JMC,"Jubilee Mission Medical College, Thrisur",MBBS,AC,12,mbbs_p2_final.pdf
2025,2,1542,3303,MU,SM-MU,TCD,"Govt. Dental College, Thrissur",BDS,SM-MU,15,mbbs_p2_final.pdf
2025,2,1543,3308,General,AM,MMH,"Malabar Medical College Hospital, Kozhikkode",MBBS,AM,1,mbbs_p2_final.pdf
2025,2,1544,3313,BH,SM,EMC,"MES Medical College, Perinthalmanna, Malappuram",MBBS,SM,13,mbbs_p2_final.pdf
2025,2,1545,3316,EZ,SM,GMC,"Sree Gokulam Medical College, Venjaramoodu, TVPM",MBBS,SM,14,mbbs_p2_final.pdf
2025,2,1546,3321,BH,SM,BCM,"Believers Church Medical College Hospital, Thiruvalla",MBBS,SM,13,mbbs_p2_final.pdf
2025,2,1547,3323,MU,AM,MMH,"Malabar Medical College Hospital, Kozhikkode",MBBS,AM,15,mbbs_p2_final.pdf
2025,2,1548,3324,MU,SM,EMC,"MES Medical College, Perinthalmanna, Malappuram",MBBS,SM,17,mbbs_p2_final.pdf
2025,2,1549,3327,BH,AM,MMH,"Malabar Medical College Hospital, Kozhikkode",MBBS,AM,14,mbbs_p2_final.pdf
2025,2,1550,3331,MU,MM,EMC,"MES Medical College, Perinthalmanna, Malappuram",MBBS,MM,17,mbbs_p2_final.pdf
2025,2,1551,3334,MU,MM,EMC,"MES Medical College, Perinthalmanna, Malappuram",MBBS,MM,3,mbbs_p2_final.pdf
2025,2,1552,3335,MU,SM-MU,TVD,"Govt. Dental College, Thiruvananthapuram",BDS,SM-MU,16,mbbs_p2_final.pdf
2025,2,1553,3337,MU,SM,EMC,"MES Medical College, Perinthalmanna, Malappuram",MBBS,SM,17,mbbs_p2_final.pdf
2025,2,1554,3339,EZ,SM,GMC,"Sree Gokulam Medical College, Venjaramoodu, TVPM",MBBS,SM,17,mbbs_p2_final.pdf
2025,2,1555,3342,MU,SM,EMC,"MES Medical College, Perinthalmanna, Malappuram",MBBS,SM,15,mbbs_p2_final.pdf
2025,2,1556,3343,General,AM,MMH,"Malabar Medical College Hospital, Kozhikkode",MBBS,AM,11,mbbs_p2_final.pdf
2025,2,1557,3346,General,AM,MMH,"Malabar Medical College Hospital, Kozhikkode",MBBS,AM,1,mbbs_p2_final.pdf
2025,2,1558,3349,MU,SM,KTD,"Govt. Dental College, Kottayam",BDS,SM,16,mbbs_p2_final.pdf
2025,2,1559,3352,BH,SM,GMC,"Sree Gokulam Medical College, Venjaramoodu, TVPM",MBBS,SM,12,mbbs_p2_final.pdf
2025,2,1560,3354,General,AM,MMH,"Malabar Medical College Hospital, Kozhikkode",MBBS,AM,1,mbbs_p2_final.pdf
2025,2,1561,3355,MU,SM,GMC,"Sree Gokulam Medical College, Venjaramoodu, TVPM",MBBS,SM,15,mbbs_p2_final.pdf
2025,2,1562,3356,BH,SM,GMC,"Sree Gokulam Medical College, Venjaramoodu, TVPM",MBBS,SM,15,mbbs_p2_final.pdf
2025,2,1563,3358,MU,MM,EMC,"MES Medical College, Perinthalmanna, Malappuram",MBBS,MM,15,mbbs_p2_final.pdf
2025,2,1564,3359,General,AM,SMC,"Dr. Somervell Memorial CSI Medical College, Karakonam",MBBS,AM,7,mbbs_p2_final.pdf
2025,2,1565,3362,EZ,SM-EZ,TCD,"Govt. Dental College, Thrissur",BDS,SM-EZ,16,mbbs_p2_final.pdf
2025,2,1566,3365,General,SM,GMC,"Sree Gokulam Medical College, Venjaramoodu, TVPM",MBBS,SM,12,mbbs_p2_final.pdf
2025,2,1567,3367,LA,LA,KSM,"Govt. Medical College, Kasaragod",MBBS,LA,13,mbbs_p2_final.pdf
2025,2,1568,3370,MU,AM,MMH,"Malabar Medical College Hospital, Kozhikkode",MBBS,AM,15,mbbs_p2_final.pdf
2025,2,1569,3371,MU,MM,EMC,"MES Medical College, Perinthalmanna, Malappuram",MBBS,MM,17,mbbs_p2_final.pdf
2025,2,1570,3372,General,SM,GMC,"Sree Gokulam Medical College, Venjaramoodu, TVPM",MBBS,SM,15,mbbs_p2_final.pdf
2025,2,1571,3373,MU,SM,KTD,"Govt. Dental College, Kottayam",BDS,SM,15,mbbs_p2_final.pdf
2025,2,1572,3376,General,AM,KCM,"KMCT Medical College, Mukkom, Kozikkode",MBBS,AM,1,mbbs_p2_final.pdf
2025,2,1573,3377,General,AM,SUC,"SUT Accademy of Medical Sciences, Thiruvananthapuram",MBBS,AM,1,mbbs_p2_final.pdf
2025,2,1574,3378,General,AM,MMH,"Malabar Medical College Hospital, Kozhikkode",MBBS,AM,1,mbbs_p2_final.pdf
2025,2,1575,3381,MU,SM-MU,TVD,"Govt. Dental College, Thiruvananthapuram",BDS,SM-MU,14,mbbs_p2_final.pdf
2025,2,1576,3382,General,AM,MMH,"Malabar Medical College Hospital, Kozhikkode",MBBS,AM,5,mbbs_p2_final.pdf
2025,2,1577,3395,EZ,SM-EZ,TVD,"Govt. Dental College, Thiruvananthapuram",BDS,SM-EZ,12,mbbs_p2_final.pdf
2025,2,1578,3396,MU,SM,EMC,"MES Medical College, Perinthalmanna, Malappuram",MBBS,SM,12,mbbs_p2_final.pdf
2025,2,1579,3397,EZ,SM,BCM,"Believers Church Medical College Hospital, Thiruvalla",MBBS,SM,17,mbbs_p2_final.pdf
2025,2,1580,3399,MU,SM-MU,TCD,"Govt. Dental College, Thrissur",BDS,SM-MU,16,mbbs_p2_final.pdf
2025,2,1581,3400,General,MM,EMC,"MES Medical College, Perinthalmanna, Malappuram",MBBS,MM,1,mbbs_p2_final.pdf
2025,2,1582,3406,MU,SM,KTD,"Govt. Dental College, Kottayam",BDS,SM,4,mbbs_p2_final.pdf
2025,2,1583,3407,General,SM,GMC,"Sree Gokulam Medical College, Venjaramoodu, TVPM",MBBS,SM,16,mbbs_p2_final.pdf
2025,2,1584,3408,General,SM,GMC,"Sree Gokulam Medical College, Venjaramoodu, TVPM",MBBS,SM,13,mbbs_p2_final.pdf
2025,2,1585,3410,General,AC,JMC,"Jubilee Mission Medical College, Thrisur",MBBS,AC,14,mbbs_p2_final.pdf
2025,2,1586,3413,EZ,SM,GMC,"Sree Gokulam Medical College, Venjaramoodu, TVPM",MBBS,SM,16,mbbs_p2_final.pdf
2025,2,1587,3417,EZ,SM,GMC,"Sree Gokulam Medical College, Venjaramoodu, TVPM",MBBS,SM,19,mbbs_p2_final.pdf
2025,2,1588,3418,MU,SM-MU,TCD,"Govt. Dental College, Thrissur",BDS,SM-MU,16,mbbs_p2_final.pdf
2025,2,1589,3419,MU,SM-MU,TVD,"Govt. Dental College, Thiruvananthapuram",BDS,SM-MU,16,mbbs_p2_final.pdf
2025,2,1590,3423,MU,SM,EMC,"MES Medical College, Perinthalmanna, Malappuram",MBBS,SM,18,mbbs_p2_final.pdf
2025,2,1591,3424,General,AM,KCM,"KMCT Medical College, Mukkom, Kozikkode",MBBS,AM,1,mbbs_p2_final.pdf
2025,2,1592,3427,BH,SM,GMC,"Sree Gokulam Medical College, Venjaramoodu, TVPM",MBBS,SM,15,mbbs_p2_final.pdf
2025,2,1593,3431,General,AM,MMH,"Malabar Medical College Hospital, Kozhikkode",MBBS,AM,2,mbbs_p2_final.pdf
2025,2,1594,3433,General,AM,KCM,"KMCT Medical College, Mukkom, Kozikkode",MBBS,AM,18,mbbs_p2_final.pdf
2025,2,1595,3434,MU,SM,KTD,"Govt. Dental College, Kottayam",BDS,SM,9,mbbs_p2_final.pdf
2025,2,1596,3439,BH,SM,GMC,"Sree Gokulam Medical College, Venjaramoodu, TVPM",MBBS,SM,18,mbbs_p2_final.pdf
2025,2,1597,3440,General,SM,GMC,"Sree Gokulam Medical College, Venjaramoodu, TVPM",MBBS,SM,13,mbbs_p2_final.pdf
2025,2,1598,3453,MU,SM,KND,"Government Dental College, Kannur",BDS,SM,1,mbbs_p2_final.pdf
2025,2,1599,3455,General,AM,TRM,"Travancore Medical College, Umayanalloor, Kollam",MBBS,AM,3,mbbs_p2_final.pdf
2025,2,1600,3456,MU,SM,KND,"Government Dental College, Kannur",BDS,SM,17,mbbs_p2_final.pdf
2025,2,1601,3457,LA,LA,WYM,"Govt. Medical College, Wayanad",MBBS,LA,13,mbbs_p2_final.pdf
2025,2,1602,3458,General,AC,JMC,"Jubilee Mission Medical College, Thrisur",MBBS,AC,1,mbbs_p2_final.pdf
2025,2,1603,3461,MU,SM,KND,"Government Dental College, Kannur",BDS,SM,17,mbbs_p2_final.pdf
2025,2,1604,3463,General,SM,EMC,"MES Medical College, Perinthalmanna, Malappuram",MBBS,SM,15,mbbs_p2_final.pdf
2025,2,1605,3464,MU,SM,KTD,"Govt. Dental College, Kottayam",BDS,SM,2,mbbs_p2_final.pdf
2025,2,1606,3468,LA,LA,KSM,"Govt. Medical College, Kasaragod",MBBS,LA,14,mbbs_p2_final.pdf
2025,2,1607,3469,EW,AC,MMC,"Malankara Orthodox Syrian Church MediCollege, Kolenchery",MBBS,AC,1,mbbs_p2_final.pdf
2025,2,1608,3473,MU,SM,ALD,"Government Dental College, Alappuzha",BDS,SM,16,mbbs_p2_final.pdf
2025,2,1609,3482,LA,AC,JMC,"Jubilee Mission Medical College, Thrisur",MBBS,AC,10,mbbs_p2_final.pdf
2025,2,1610,3485,EZ,SM,KTD,"Govt. Dental College, Kottayam",BDS,SM,1,mbbs_p2_final.pdf
2025,2,1611,3486,EW,SM-EW,KKD,"Govt. Dental College, Kozhikkode",BDS,SM-EW,15,mbbs_p2_final.pdf
2025,2,1612,3488,EZ,SM-EZ,TCD,"Govt. Dental College, Thrissur",BDS,SM-EZ,16,mbbs_p2_final.pdf
2025,2,1613,3492,General,AC,JMC,"Jubilee Mission Medical College, Thrisur",MBBS,AC,16,mbbs_p2_final.pdf
2025,2,1614,3495,General,AC,JMC,"Jubilee Mission Medical College, Thrisur",MBBS,AC,15,mbbs_p2_final.pdf
2025,2,1615,3497,General,SM,BCM,"Believers Church Medical College Hospital, Thiruvalla",MBBS,SM,19,mbbs_p2_final.pdf
2025,2,1616,3503,BX,AC,JMC,"Jubilee Mission Medical College, Thrisur",MBBS,AC,14,mbbs_p2_final.pdf
2025,2,1617,3507,EZ,SM,KTD,"Govt. Dental College, Kottayam",BDS,SM,9,mbbs_p2_final.pdf
2025,2,1618,3509,MU,SM,KTD,"Govt. Dental College, Kottayam",BDS,SM,17,mbbs_p2_final.pdf
2025,2,1619,3511,MU,MU,EMC,"MES Medical College, Perinthalmanna, Malappuram",MBBS,MU,16,mbbs_p2_final.pdf
2025,2,1620,3512,General,AM,KCM,"KMCT Medical College, Mukkom, Kozikkode",MBBS,AM,1,mbbs_p2_final.pdf
2025,2,1621,3514,MU,SM,KND,"Government Dental College, Kannur",BDS,SM,1,mbbs_p2_final.pdf
2025,2,1622,3518,General,AC,JMC,"Jubilee Mission Medical College, Thrisur",MBBS,AC,8,mbbs_p2_final.pdf
2025,2,1623,3521,General,AM,SMC,"Dr. Somervell Memorial CSI Medical College, Karakonam",MBBS,AM,1,mbbs_p2_final.pdf
2025,2,1624,3522,General,SM,GMC,"Sree Gokulam Medical College, Venjaramoodu, TVPM",MBBS,SM,17,mbbs_p2_final.pdf
2025,2,1625,3523,LA,FL-LA,KSM,"Govt. Medical College, Kasaragod",MBBS,FL-LA,13,mbbs_p2_final.pdf
2025,2,1626,3524,General,AM,SUC,"SUT Accademy of Medical Sciences, Thiruvananthapuram",MBBS,AM,7,mbbs_p2_final.pdf
2025,2,1627,3525,MU,SM,KTD,"Govt. Dental College, Kottayam",BDS,SM,5,mbbs_p2_final.pdf
2025,2,1628,3528,MU,MU,EMC,"MES Medical College, Perinthalmanna, Malappuram",MBBS,MU,15,mbbs_p2_final.pdf
2025,2,1629,3530,MU,SM,GMC,"Sree Gokulam Medical College, Venjaramoodu, TVPM",MBBS,SM,14,mbbs_p2_final.pdf
2025,2,1630,3532,MU,SM,ALD,"Government Dental College, Alappuzha",BDS,SM,17,mbbs_p2_final.pdf
2025,2,1631,3533,MU,MM,EMC,"MES Medical College, Perinthalmanna, Malappuram",MBBS,MM,17,mbbs_p2_final.pdf
2025,2,1632,3536,General,AM,SUC,"SUT Accademy of Medical Sciences, Thiruvananthapuram",MBBS,AM,1,mbbs_p2_final.pdf
2025,2,1633,3539,General,AM,KCM,"KMCT Medical College, Mukkom, Kozikkode",MBBS,AM,17,mbbs_p2_final.pdf
2025,2,1634,3542,EW,SM-EW,TVD,"Govt. Dental College, Thiruvananthapuram",BDS,SM-EW,15,mbbs_p2_final.pdf
2025,2,1635,3544,General,AM,KCM,"KMCT Medical College, Mukkom, Kozikkode",MBBS,AM,1,mbbs_p2_final.pdf
2025,2,1636,3545,General,SM,GMC,"Sree Gokulam Medical College, Venjaramoodu, TVPM",MBBS,SM,15,mbbs_p2_final.pdf
2025,2,1637,3549,General,AM,KCM,"KMCT Medical College, Mukkom, Kozikkode",MBBS,AM,1,mbbs_p2_final.pdf
2025,2,1638,3552,EZ,SM,GMC,"Sree Gokulam Medical College, Venjaramoodu, TVPM",MBBS,SM,15,mbbs_p2_final.pdf
2025,2,1639,3555,MU,MM,EMC,"MES Medical College, Perinthalmanna, Malappuram",MBBS,MM,10,mbbs_p2_final.pdf
2025,2,1640,3556,MU,MU,EMC,"MES Medical College, Perinthalmanna, Malappuram",MBBS,MU,15,mbbs_p2_final.pdf
2025,2,1641,3562,General,AC,JMC,"Jubilee Mission Medical College, Thrisur",MBBS,AC,15,mbbs_p2_final.pdf
2025,2,1642,3564,General,AM,SMC,"Dr. Somervell Memorial CSI Medical College, Karakonam",MBBS,AM,5,mbbs_p2_final.pdf
2025,2,1643,3565,General,AM,SUC,"SUT Accademy of Medical Sciences, Thiruvananthapuram",MBBS,AM,1,mbbs_p2_final.pdf
2025,2,1644,3567,MU,MM,EMC,"MES Medical College, Perinthalmanna, Malappuram",MBBS,MM,1,mbbs_p2_final.pdf
2025,2,1645,3568,DV,DV,KTM,"Govt. Medical College, Kottayam",MBBS,DV,3,mbbs_p2_final.pdf
2025,2,1646,3570,MU,SM,GMC,"Sree Gokulam Medical College, Venjaramoodu, TVPM",MBBS,SM,15,mbbs_p2_final.pdf
2025,2,1647,3574,General,SM,GMC,"Sree Gokulam Medical College, Venjaramoodu, TVPM",MBBS,SM,19,mbbs_p2_final.pdf
2025,2,1648,3576,LA,FL-LA,KSM,"Govt. Medical College, Kasaragod",MBBS,FL-LA,13,mbbs_p2_final.pdf
2025,2,1649,3577,MU,MM,EMC,"MES Medical College, Perinthalmanna, Malappuram",MBBS,MM,1,mbbs_p2_final.pdf
2025,2,1650,3579,BH,BH,BCM,"Believers Church Medical College Hospital, Thiruvalla",MBBS,BH,16,mbbs_p2_final.pdf
2025,2,1651,3582,General,AM,MMH,"Malabar Medical College Hospital, Kozhikkode",MBBS,AM,6,mbbs_p2_final.pdf
2025,2,1652,3585,MU,SM,ALD,"Government Dental College, Alappuzha",BDS,SM,17,mbbs_p2_final.pdf
2025,2,1653,3586,EZ,EZ,BCM,"Believers Church Medical College Hospital, Thiruvalla",MBBS,EZ,19,mbbs_p2_final.pdf
2025,2,1654,3593,General,AC,JMC,"Jubilee Mission Medical College, Thrisur",MBBS,AC,1,mbbs_p2_final.pdf
2025,2,1655,3594,MU,SM-MU,KTD,"Govt. Dental College, Kottayam",BDS,SM-MU,16,mbbs_p2_final.pdf
2025,2,1656,3595,General,AC,JMC,"Jubilee Mission Medical College, Thrisur",MBBS,AC,1,mbbs_p2_final.pdf
2025,2,1657,3599,BX,SM,GMC,"Sree Gokulam Medical College, Venjaramoodu, TVPM",MBBS,SM,7,mbbs_p2_final.pdf
2025,2,1658,3602,MU,SM,KND,"Government Dental College, Kannur",BDS,SM,17,mbbs_p2_final.pdf
2025,2,1659,3605,MU,SM-MU,KTD,"Govt. Dental College, Kottayam",BDS,SM-MU,17,mbbs_p2_final.pdf
2025,2,1660,3606,MU,SM,KND,"Government Dental College, Kannur",BDS,SM,19,mbbs_p2_final.pdf
2025,2,1661,3610,General,AM,KCM,"KMCT Medical College, Mukkom, Kozikkode",MBBS,AM,6,mbbs_p2_final.pdf
2025,2,1662,3614,MU,SM,ALD,"Government Dental College, Alappuzha",BDS,SM,18,mbbs_p2_final.pdf
2025,2,1663,3616,MU,SM,ALD,"Government Dental College, Alappuzha",BDS,SM,16,mbbs_p2_final.pdf
2025,2,1664,3617,General,AM,MMH,"Malabar Medical College Hospital, Kozhikkode",MBBS,AM,7,mbbs_p2_final.pdf
2025,2,1665,3618,MU,AM,MMH,"Malabar Medical College Hospital, Kozhikkode",MBBS,AM,1,mbbs_p2_final.pdf
2025,2,1666,3619,MU,MM,EMC,"MES Medical College, Perinthalmanna, Malappuram",MBBS,MM,20,mbbs_p2_final.pdf
2025,2,1667,3621,MU,MM,EMC,"MES Medical College, Perinthalmanna, Malappuram",MBBS,MM,16,mbbs_p2_final.pdf
2025,2,1668,3633,MU,MM,EMC,"MES Medical College, Perinthalmanna, Malappuram",MBBS,MM,14,mbbs_p2_final.pdf
2025,2,1669,3635,General,SM,GMC,"Sree Gokulam Medical College, Venjaramoodu, TVPM",MBBS,SM,15,mbbs_p2_final.pdf
2025,2,1670,3638,BH,SM,GMC,"Sree Gokulam Medical College, Venjaramoodu, TVPM",MBBS,SM,15,mbbs_p2_final.pdf
2025,2,1671,3640,General,MM,EMC,"MES Medical College, Perinthalmanna, Malappuram",MBBS,MM,16,mbbs_p2_final.pdf
2025,2,1672,3641,VK,SM-VK,TCD,"Govt. Dental College, Thrissur",BDS,SM-VK,4,mbbs_p2_final.pdf
2025,2,1673,3644,MU,SM,KND,"Government Dental College, Kannur",BDS,SM,17,mbbs_p2_final.pdf
2025,2,1674,3645,General,AC,JMC,"Jubilee Mission Medical College, Thrisur",MBBS,AC,14,mbbs_p2_final.pdf
2025,2,1675,3647,General,AC,JMC,"Jubilee Mission Medical College, Thrisur",MBBS,AC,15,mbbs_p2_final.pdf
2025,2,1676,3648,MU,SM,ALD,"Government Dental College, Alappuzha",BDS,SM,16,mbbs_p2_final.pdf
2025,2,1677,3652,General,AM,MMH,"Malabar Medical College Hospital, Kozhikkode",MBBS,AM,8,mbbs_p2_final.pdf
2025,2,1678,3654,MU,SM,GMC,"Sree Gokulam Medical College, Venjaramoodu, TVPM",MBBS,SM,16,mbbs_p2_final.pdf
2025,2,1679,3655,BH,AM,MMH,"Malabar Medical College Hospital, Kozhikkode",MBBS,AM,1,mbbs_p2_final.pdf
2025,2,1680,3656,General,SM,GMC,"Sree Gokulam Medical College, Venjaramoodu, TVPM",MBBS,SM,18,mbbs_p2_final.pdf
2025,2,1681,3660,General,XS,ALD,"Government Dental College, Alappuzha",BDS,XS,18,mbbs_p2_final.pdf
2025,2,1682,3664,MU,MU,ALD,"Government Dental College, Alappuzha",BDS,MU,19,mbbs_p2_final.pdf
2025,2,1683,3667,General,AM,MMH,"Malabar Medical College Hospital, Kozhikkode",MBBS,AM,21,mbbs_p2_final.pdf
2025,2,1684,3670,EZ,SM,GMC,"Sree Gokulam Medical College, Venjaramoodu, TVPM",MBBS,SM,18,mbbs_p2_final.pdf
2025,2,1685,3673,MU,MM,EMC,"MES Medical College, Perinthalmanna, Malappuram",MBBS,MM,15,mbbs_p2_final.pdf
2025,2,1686,3675,General,AC,JMC,"Jubilee Mission Medical College, Thrisur",MBBS,AC,15,mbbs_p2_final.pdf
2025,2,1687,3676,EW,AC,JMC,"Jubilee Mission Medical College, Thrisur",MBBS,AC,15,mbbs_p2_final.pdf
2025,2,1688,3680,LA,FL-LA,KSM,"Govt. Medical College, Kasaragod",MBBS,FL-LA,14,mbbs_p2_final.pdf
2025,2,1689,3682,VK,VK,ALD,"Government Dental College, Alappuzha",BDS,VK,16,mbbs_p2_final.pdf
2025,2,1690,3683,MU,MM,EMC,"MES Medical College, Perinthalmanna, Malappuram",MBBS,MM,16,mbbs_p2_final.pdf
2025,2,1691,3684,EW,SM,GMC,"Sree Gokulam Medical College, Venjaramoodu, TVPM",MBBS,SM,1,mbbs_p2_final.pdf
2025,2,1692,3691,General,AM,MMH,"Malabar Medical College Hospital, Kozhikkode",MBBS,AM,8,mbbs_p2_final.pdf
2025,2,1693,3695,General,SM,GMC,"Sree Gokulam Medical College, Venjaramoodu, TVPM",MBBS,SM,20,mbbs_p2_final.pdf
2025,2,1694,3696,General,AM,KCM,"KMCT Medical College, Mukkom, Kozikkode",MBBS,AM,1,mbbs_p2_final.pdf
2025,2,1695,3697,BH,SM,GMC,"Sree Gokulam Medical College, Venjaramoodu, TVPM",MBBS,SM,2,mbbs_p2_final.pdf
2025,2,1696,3701,General,AC,JMC,"Jubilee Mission Medical College, Thrisur",MBBS,AC,12,mbbs_p2_final.pdf
2025,2,1697,3702,MU,MU,KND,"Government Dental College, Kannur",BDS,MU,18,mbbs_p2_final.pdf
2025,2,1698,3704,EZ,EZ,BCM,"Believers Church Medical College Hospital, Thiruvalla",MBBS,EZ,12,mbbs_p2_final.pdf
2025,2,1699,3709,MU,MM,EMC,"MES Medical College, Perinthalmanna, Malappuram",MBBS,MM,14,mbbs_p2_final.pdf
2025,2,1700,3714,EW,EW,KKD,"Govt. Dental College, Kozhikkode",BDS,EW,15,mbbs_p2_final.pdf
2025,2,1701,3717,MU,MM,EMC,"MES Medical College, Perinthalmanna, Malappuram",MBBS,MM,18,mbbs_p2_final.pdf
2025,2,1702,3720,MU,MU,ALD,"Government Dental College, Alappuzha",BDS,MU,5,mbbs_p2_final.pdf
2025,2,1703,3721,MU,MM,EMC,"MES Medical College, Perinthalmanna, Malappuram",MBBS,MM,16,mbbs_p2_final.pdf
2025,2,1704,3726,MU,MU,KND,"Government Dental College, Kannur",BDS,MU,17,mbbs_p2_final.pdf
2025,2,1705,3728,BH,SM,GMC,"Sree Gokulam Medical College, Venjaramoodu, TVPM",MBBS,SM,18,mbbs_p2_final.pdf
2025,2,1706,3732,General,AM,KCM,"KMCT Medical College, Mukkom, Kozikkode",MBBS,AM,1,mbbs_p2_final.pdf
2025,2,1707,3733,EZ,EZ,KTD,"Govt. Dental College, Kottayam",BDS,EZ,15,mbbs_p2_final.pdf
2025,2,1708,3734,MU,MM,EMC,"MES Medical College, Perinthalmanna, Malappuram",MBBS,MM,18,mbbs_p2_final.pdf
2025,2,1709,3735,General,AM,SUC,"SUT Accademy of Medical Sciences, Thiruvananthapuram",MBBS,AM,1,mbbs_p2_final.pdf
2025,2,1710,3739,General,SM,GMC,"Sree Gokulam Medical College, Venjaramoodu, TVPM",MBBS,SM,20,mbbs_p2_final.pdf
2025,2,1711,3742,EZ,SM,GMC,"Sree Gokulam Medical College, Venjaramoodu, TVPM",MBBS,SM,15,mbbs_p2_final.pdf
2025,2,1712,3743,EZ,EZ,TCD,"Govt. Dental College, Thrissur",BDS,EZ,16,mbbs_p2_final.pdf
2025,2,1713,3744,General,SM,GMC,"Sree Gokulam Medical College, Venjaramoodu, TVPM",MBBS,SM,15,mbbs_p2_final.pdf
2025,2,1714,3747,MU,AM,TRM,"Travancore Medical College, Umayanalloor, Kollam",MBBS,AM,15,mbbs_p2_final.pdf
2025,2,1715,3751,EZ,EZ,TVD,"Govt. Dental College, Thiruvananthapuram",BDS,EZ,15,mbbs_p2_final.pdf
2025,2,1716,3752,EW,EW,TVD,"Govt. Dental College, Thiruvananthapuram",BDS,EW,15,mbbs_p2_final.pdf
2025,2,1717,3753,General,AC,AMC,"Amala Institute of Medical Sciences, Thrissur",MBBS,AC,16,mbbs_p2_final.pdf
2025,2,1718,3758,EZ,SM,GMC,"Sree Gokulam Medical College, Venjaramoodu, TVPM",MBBS,SM,19,mbbs_p2_final.pdf
2025,2,1719,3761,General,MM,EMC,"MES Medical College, Perinthalmanna, Malappuram",MBBS,MM,16,mbbs_p2_final.pdf
2025,2,1720,3763,MU,MM,EMC,"MES Medical College, Perinthalmanna, Malappuram",MBBS,MM,17,mbbs_p2_final.pdf
2025,2,1721,3765,MU,MU,ALD,"Government Dental College, Alappuzha",BDS,MU,5,mbbs_p2_final.pdf
2025,2,1722,3767,General,SM,GMC,"Sree Gokulam Medical College, Venjaramoodu, TVPM",MBBS,SM,18,mbbs_p2_final.pdf
2025,2,1723,3771,MU,MU,KND,"Government Dental College, Kannur",BDS,MU,18,mbbs_p2_final.pdf
2025,2,1724,3772,MU,MM,EMC,"MES Medical College, Perinthalmanna, Malappuram",MBBS,MM,18,mbbs_p2_final.pdf
2025,2,1725,3774,MU,FL-MU,ALD,"Government Dental College, Alappuzha",BDS,FL-MU,18,mbbs_p2_final.pdf
2025,2,1726,3778,EZ,EZ,TCD,"Govt. Dental College, Thrissur",BDS,EZ,15,mbbs_p2_final.pdf
2025,2,1727,3779,EW,EW,KTD,"Govt. Dental College, Kottayam",BDS,EW,15,mbbs_p2_final.pdf
2025,2,1728,3780,General,AC,JMC,"Jubilee Mission Medical College, Thrisur",MBBS,AC,7,mbbs_p2_final.pdf
2025,2,1729,3781,General,SM,GMC,"Sree Gokulam Medical College, Venjaramoodu, TVPM",MBBS,SM,17,mbbs_p2_final.pdf
2025,2,1730,3783,BX,AC,JMC,"Jubilee Mission Medical College, Thrisur",MBBS,AC,16,mbbs_p2_final.pdf
2025,2,1731,3785,General,AC,MMC,"Malankara Orthodox Syrian Church MediCollege, Kolenchery",MBBS,AC,1,mbbs_p2_final.pdf
2025,2,1732,3786,General,AM,KCM,"KMCT Medical College, Mukkom, Kozikkode",MBBS,AM,7,mbbs_p2_final.pdf
2025,2,1733,3787,MU,MU,KND,"Government Dental College, Kannur",BDS,MU,4,mbbs_p2_final.pdf
2025,2,1734,3791,MU,MM,EMC,"MES Medical College, Perinthalmanna, Malappuram",MBBS,MM,18,mbbs_p2_final.pdf
2025,2,1735,3793,General,AC,JMC,"Jubilee Mission Medical College, Thrisur",MBBS,AC,16,mbbs_p2_final.pdf
2025,2,1736,3794,EW,AM,SUC,"SUT Accademy of Medical Sciences, Thiruvananthapuram",MBBS,AM,15,mbbs_p2_final.pdf
2025,2,1737,3795,MU,MU,BCM,"Believers Church Medical College Hospital, Thiruvalla",MBBS,MU,19,mbbs_p2_final.pdf
2025,2,1738,3796,MU,MM,EMC,"MES Medical College, Perinthalmanna, Malappuram",MBBS,MM,19,mbbs_p2_final.pdf
2025,2,1739,3801,MU,FL-MU,KND,"Government Dental College, Kannur",BDS,FL-MU,17,mbbs_p2_final.pdf
2025,2,1740,3802,EZ,EZ,KTD,"Govt. Dental College, Kottayam",BDS,EZ,15,mbbs_p2_final.pdf
2025,2,1741,3808,EZ,EZ,KTD,"Govt. Dental College, Kottayam",BDS,EZ,16,mbbs_p2_final.pdf
2025,2,1742,3809,MU,MM,EMC,"MES Medical College, Perinthalmanna, Malappuram",MBBS,MM,16,mbbs_p2_final.pdf
2025,2,1743,3811,General,AM,TRM,"Travancore Medical College, Umayanalloor, Kollam",MBBS,AM,21,mbbs_p2_final.pdf
2025,2,1744,3814,MU,AM,MMH,"Malabar Medical College Hospital, Kozhikkode",MBBS,AM,15,mbbs_p2_final.pdf
2025,2,1745,3817,MU,FL-MU,ALD,"Government Dental College, Alappuzha",BDS,FL-MU,19,mbbs_p2_final.pdf
2025,2,1746,3818,General,AC,JMC,"Jubilee Mission Medical College, Thrisur",MBBS,AC,16,mbbs_p2_final.pdf
2025,2,1747,3821,EZ,SM,GMC,"Sree Gokulam Medical College, Venjaramoodu, TVPM",MBBS,SM,16,mbbs_p2_final.pdf
2025,2,1748,3822,BH,BH,EMC,"MES Medical College, Perinthalmanna, Malappuram",MBBS,BH,16,mbbs_p2_final.pdf
2025,2,1749,3823,General,AC,JMC,"Jubilee Mission Medical College, Thrisur",MBBS,AC,2,mbbs_p2_final.pdf
2025,2,1750,3824,MU,MM,EMC,"MES Medical College, Perinthalmanna, Malappuram",MBBS,MM,19,mbbs_p2_final.pdf
2025,2,1751,3826,General,SM,GMC,"Sree Gokulam Medical College, Venjaramoodu, TVPM",MBBS,SM,20,mbbs_p2_final.pdf
2025,2,1752,3827,General,AM,SMC,"Dr. Somervell Memorial CSI Medical College, Karakonam",MBBS,AM,7,mbbs_p2_final.pdf
2025,2,1753,3828,MU,FL-MU,ALD,"Government Dental College, Alappuzha",BDS,FL-MU,19,mbbs_p2_final.pdf
2025,2,1754,3829,LA,AM,SUC,"SUT Accademy of Medical Sciences, Thiruvananthapuram",MBBS,AM,9,mbbs_p2_final.pdf
2025,2,1755,3830,MU,AM,KCM,"KMCT Medical College, Mukkom, Kozikkode",MBBS,AM,15,mbbs_p2_final.pdf
2025,2,1756,3836,General,SM,GMC,"Sree Gokulam Medical College, Venjaramoodu, TVPM",MBBS,SM,13,mbbs_p2_final.pdf
2025,2,1757,3841,General,AM,KCM,"KMCT Medical College, Mukkom, Kozikkode",MBBS,AM,1,mbbs_p2_final.pdf
2025,2,1758,3842,General,AC,JMC,"Jubilee Mission Medical College, Thrisur",MBBS,AC,16,mbbs_p2_final.pdf
2025,2,1759,3843,General,MM,EMC,"MES Medical College, Perinthalmanna, Malappuram",MBBS,MM,16,mbbs_p2_final.pdf
2025,2,1760,3845,General,AM,KCM,"KMCT Medical College, Mukkom, Kozikkode",MBBS,AM,1,mbbs_p2_final.pdf
2025,2,1761,3847,BH,BH,GMC,"Sree Gokulam Medical College, Venjaramoodu, TVPM",MBBS,BH,15,mbbs_p2_final.pdf
2025,2,1762,3848,General,AC,MMC,"Malankara Orthodox Syrian Church MediCollege, Kolenchery",MBBS,AC,1,mbbs_p2_final.pdf
2025,2,1763,3854,General,NR,JMC,"Jubilee Mission Medical College, Thrisur",MBBS,NR,10,mbbs_p2_final.pdf
2025,2,1764,3859,MU,FL-MU,ALD,"Government Dental College, Alappuzha",BDS,FL-MU,17,mbbs_p2_final.pdf
2025,2,1765,3862,General,AM,KCM,"KMCT Medical College, Mukkom, Kozikkode",MBBS,AM,1,mbbs_p2_final.pdf
2025,2,1766,3863,VK,FL-VK,ALD,"Government Dental College, Alappuzha",BDS,FL-VK,19,mbbs_p2_final.pdf
2025,2,1767,3864,EZ,EZ,GMC,"Sree Gokulam Medical College, Venjaramoodu, TVPM",MBBS,EZ,15,mbbs_p2_final.pdf
2025,2,1768,3866,MU,FL-MU,KND,"Government Dental College, Kannur",BDS,FL-MU,19,mbbs_p2_final.pdf
2025,2,1769,3870,MU,AM,MMH,"Malabar Medical College Hospital, Kozhikkode",MBBS,AM,1,mbbs_p2_final.pdf
2025,2,1770,3871,MU,AM,KCM,"KMCT Medical College, Mukkom, Kozikkode",MBBS,AM,1,mbbs_p2_final.pdf
2025,2,1771,3874,MU,FL-MU,ALD,"Government Dental College, Alappuzha",BDS,FL-MU,19,mbbs_p2_final.pdf
2025,2,1772,3884,SC,SC,KKM,"Govt. Medical College, Kozhikkode",MBBS,SC,1,mbbs_p2_final.pdf
2025,2,1773,3887,DV,DV,KTM,"Govt. Medical College, Kottayam",MBBS,DV,2,mbbs_p2_final.pdf
2025,2,1774,3892,General,AM,MMH,"Malabar Medical College Hospital, Kozhikkode",MBBS,AM,11,mbbs_p2_final.pdf
2025,2,1775,3893,General,AM,SUC,"SUT Accademy of Medical Sciences, Thiruvananthapuram",MBBS,AM,19,mbbs_p2_final.pdf
2025,2,1776,3895,MU,AM,MMH,"Malabar Medical College Hospital, Kozhikkode",MBBS,AM,14,mbbs_p2_final.pdf
2025,2,1777,3899,ST,ST,KKM,"Govt. Medical College, Kozhikkode",MBBS,ST,1,mbbs_p2_final.pdf
2025,2,1778,3900,General,AM,SMC,"Dr. Somervell Memorial CSI Medical College, Karakonam",MBBS,AM,16,mbbs_p2_final.pdf
2025,2,1779,3901,VK,VK,KND,"Government Dental College, Kannur",BDS,VK,19,mbbs_p2_final.pdf
2025,2,1780,3902,MU,FL-MU,ALD,"Government Dental College, Alappuzha",BDS,FL-MU,19,mbbs_p2_final.pdf
2025,2,1781,3904,General,AC,AMC,"Amala Institute of Medical Sciences, Thrissur",MBBS,AC,15,mbbs_p2_final.pdf
2025,2,1782,3908,MU,FL-MU,ALD,"Government Dental College, Alappuzha",BDS,FL-MU,19,mbbs_p2_final.pdf
2025,2,1783,3909,EW,EW,GMC,"Sree Gokulam Medical College, Venjaramoodu, TVPM",MBBS,EW,17,mbbs_p2_final.pdf
2025,2,1784,3910,MU,MU,GMC,"Sree Gokulam Medical College, Venjaramoodu, TVPM",MBBS,MU,18,mbbs_p2_final.pdf
2025,2,1785,3911,General,AC,JMC,"Jubilee Mission Medical College, Thrisur",MBBS,AC,6,mbbs_p2_final.pdf
2025,2,1786,3912,MU,FL-MU,KND,"Government Dental College, Kannur",BDS,FL-MU,5,mbbs_p2_final.pdf
2025,2,1787,3914,MU,FL-MU,ALD,"Government Dental College, Alappuzha",BDS,FL-MU,19,mbbs_p2_final.pdf
2025,2,1788,3917,EZ,AM,SIM,"Sree Narayana Institute of Medical Sciences, Chalakka, Ernakulam.",MBBS,AM,16,mbbs_p2_final.pdf
2025,2,1789,3919,MU,MM,EMC,"MES Medical College, Perinthalmanna, Malappuram",MBBS,MM,1,mbbs_p2_final.pdf
2025,2,1790,3920,General,AM,MMH,"Malabar Medical College Hospital, Kozhikkode",MBBS,AM,16,mbbs_p2_final.pdf
2025,2,1791,3923,EZ,EZ,GMC,"Sree Gokulam Medical College, Venjaramoodu, TVPM",MBBS,EZ,15,mbbs_p2_final.pdf
2025,2,1792,3929,VK,FL-VK,KND,"Government Dental College, Kannur",BDS,FL-VK,16,mbbs_p2_final.pdf
2025,2,1793,3930,EZ,EZ,GMC,"Sree Gokulam Medical College, Venjaramoodu, TVPM",MBBS,EZ,13,mbbs_p2_final.pdf
2025,2,1794,3932,EZ,EZ,KND,"Government Dental College, Kannur",BDS,EZ,19,mbbs_p2_final.pdf
2025,2,1795,3933,General,AM,TRM,"Travancore Medical College, Umayanalloor, Kollam",MBBS,AM,19,mbbs_p2_final.pdf
2025,2,1796,3941,MU,MU,GMC,"Sree Gokulam Medical College, Venjaramoodu, TVPM",MBBS,MU,13,mbbs_p2_final.pdf
2025,2,1797,3943,LA,LA,GMC,"Sree Gokulam Medical College, Venjaramoodu, TVPM",MBBS,LA,15,mbbs_p2_final.pdf
2025,2,1798,3948,General,AC,AMC,"Amala Institute of Medical Sciences, Thrissur",MBBS,AC,16,mbbs_p2_final.pdf
2025,2,1799,3950,EZ,AM,SUC,"SUT Accademy of Medical Sciences, Thiruvananthapuram",MBBS,AM,19,mbbs_p2_final.pdf
2025,2,1800,3951,General,AM,SUC,"SUT Accademy of Medical Sciences, Thiruvananthapuram",MBBS,AM,20,mbbs_p2_final.pdf
2025,2,1801,3954,General,AM,TRM,"Travancore Medical College, Umayanalloor, Kollam",MBBS,AM,21,mbbs_p2_final.pdf
2025,2,1802,3955,KU,KU,KKM,"Govt. Medical College, Kozhikkode",MBBS,KU,1,mbbs_p2_final.pdf
2025,2,1803,3957,EZ,EZ,EMC,"MES Medical College, Perinthalmanna, Malappuram",MBBS,EZ,20,mbbs_p2_final.pdf
2025,2,1804,3958,EZ,EZ,ALD,"Government Dental College, Alappuzha",BDS,EZ,17,mbbs_p2_final.pdf
2025,2,1805,3960,General,AM,SUC,"SUT Accademy of Medical Sciences, Thiruvananthapuram",MBBS,AM,16,mbbs_p2_final.pdf
2025,2,1806,3964,General,AC,AMC,"Amala Institute of Medical Sciences, Thrissur",MBBS,AC,1,mbbs_p2_final.pdf
2025,2,1807,3965,BH,BH,GMC,"Sree Gokulam Medical College, Venjaramoodu, TVPM",MBBS,BH,15,mbbs_p2_final.pdf
2025,2,1808,3977,BH,AM,MMH,"Malabar Medical College Hospital, Kozhikkode",MBBS,AM,11,mbbs_p2_final.pdf
2025,2,1809,3978,General,AM,MMH,"Malabar Medical College Hospital, Kozhikkode",MBBS,AM,1,mbbs_p2_final.pdf
2025,2,1810,3980,General,AC,AMC,"Amala Institute of Medical Sciences, Thrissur",MBBS,AC,2,mbbs_p2_final.pdf
2025,2,1811,3981,General,AM,KCM,"KMCT Medical College, Mukkom, Kozikkode",MBBS,AM,18,mbbs_p2_final.pdf
2025,2,1812,3991,DV,DV,TCM,"Govt. Medical College, Thrissur",MBBS,DV,1,mbbs_p2_final.pdf
2025,2,1813,3994,General,AC,JMC,"Jubilee Mission Medical College, Thrisur",MBBS,AC,13,mbbs_p2_final.pdf
2025,2,1814,3997,MU,MM,EMC,"MES Medical College, Perinthalmanna, Malappuram",MBBS,MM,18,mbbs_p2_final.pdf
2025,2,1815,4009,BH,BH,TVD,"Govt. Dental College, Thiruvananthapuram",BDS,BH,15,mbbs_p2_final.pdf
2025,2,1816,4013,MU,AM,KCM,"KMCT Medical College, Mukkom, Kozikkode",MBBS,AM,15,mbbs_p2_final.pdf
2025,2,1817,4014,MU,MU,GMC,"Sree Gokulam Medical College, Venjaramoodu, TVPM",MBBS,MU,1,mbbs_p2_final.pdf
2025,2,1818,4018,EZ,EZ,ALD,"Government Dental College, Alappuzha",BDS,EZ,17,mbbs_p2_final.pdf
2025,2,1819,4022,BH,AM,DMM,"Dr. Moopens Medical College, Meppadi, Wayanad",MBBS,AM,1,mbbs_p2_final.pdf
2025,2,1820,4023,General,AC,AMC,"Amala Institute of Medical Sciences, Thrissur",MBBS,AC,15,mbbs_p2_final.pdf
2025,2,1821,4026,MU,MM,EMC,"MES Medical College, Perinthalmanna, Malappuram",MBBS,MM,1,mbbs_p2_final.pdf
2025,2,1822,4032,General,AM,MMH,"Malabar Medical College Hospital, Kozhikkode",MBBS,AM,21,mbbs_p2_final.pdf
2025,2,1823,4034,VK,FL-VK,ALD,"Government Dental College, Alappuzha",BDS,FL-VK,19,mbbs_p2_final.pdf
2025,2,1824,4035,General,AM,KMM,"Karuna Medical College, Vilayodi, Palakkad",MBBS,AM,1,mbbs_p2_final.pdf
2025,2,1825,4038,General,AM,SUC,"SUT Accademy of Medical Sciences, Thiruvananthapuram",MBBS,AM,10,mbbs_p2_final.pdf
2025,2,1826,4041,MU,MM,EMC,"MES Medical College, Perinthalmanna, Malappuram",MBBS,MM,1,mbbs_p2_final.pdf
2025,2,1827,4042,EZ,EZ,EMC,"MES Medical College, Perinthalmanna, Malappuram",MBBS,EZ,14,mbbs_p2_final.pdf
2025,2,1828,4049,MU,MM,EMC,"MES Medical College, Perinthalmanna, Malappuram",MBBS,MM,16,mbbs_p2_final.pdf
2025,2,1829,4053,MU,MM,EMC,"MES Medical College, Perinthalmanna, Malappuram",MBBS,MM,18,mbbs_p2_final.pdf
2025,2,1830,4055,EW,EW,GMC,"Sree Gokulam Medical College, Venjaramoodu, TVPM",MBBS,EW,15,mbbs_p2_final.pdf
2025,2,1831,4056,MU,MM,EMC,"MES Medical College, Perinthalmanna, Malappuram",MBBS,MM,18,mbbs_p2_final.pdf
2025,2,1832,4057,EZ,EZ,GMC,"Sree Gokulam Medical College, Venjaramoodu, TVPM",MBBS,EZ,20,mbbs_p2_final.pdf
2025,2,1833,4062,General,AM,KCM,"KMCT Medical College, Mukkom, Kozikkode",MBBS,AM,8,mbbs_p2_final.pdf
2025,2,1834,4069,MU,AM,KCM,"KMCT Medical College, Mukkom, Kozikkode",MBBS,AM,15,mbbs_p2_final.pdf
2025,2,1835,4070,MU,MM,EMC,"MES Medical College, Perinthalmanna, Malappuram",MBBS,MM,14,mbbs_p2_final.pdf
2025,2,1836,4072,KN,KN,TVM,"Govt. Medical College, Thiruvananthapuram",MBBS,KN,1,mbbs_p2_final.pdf
2025,2,1837,4073,EZ,EZ,KND,"Government Dental College, Kannur",BDS,EZ,7,mbbs_p2_final.pdf
2025,2,1838,4076,General,AM,SMC,"Dr. Somervell Memorial CSI Medical College, Karakonam",MBBS,AM,9,mbbs_p2_final.pdf
2025,2,1839,4080,MU,MM,EMC,"MES Medical College, Perinthalmanna, Malappuram",MBBS,MM,1,mbbs_p2_final.pdf
2025,2,1840,4081,General,AC,JMC,"Jubilee Mission Medical College, Thrisur",MBBS,AC,16,mbbs_p2_final.pdf
2025,2,1841,4084,MU,AM,TRM,"Travancore Medical College, Umayanalloor, Kollam",MBBS,AM,15,mbbs_p2_final.pdf
2025,2,1842,4090,MU,MM,EMC,"MES Medical College, Perinthalmanna, Malappuram",MBBS,MM,1,mbbs_p2_final.pdf
2025,2,1843,4091,General,AM,MMH,"Malabar Medical College Hospital, Kozhikkode",MBBS,AM,3,mbbs_p2_final.pdf
2025,2,1844,4098,General,AC,AMC,"Amala Institute of Medical Sciences, Thrissur",MBBS,AC,15,mbbs_p2_final.pdf
2025,2,1845,4099,General,AM,KCM,"KMCT Medical College, Mukkom, Kozikkode",MBBS,AM,4,mbbs_p2_final.pdf
2025,2,1846,4103,MU,MM,EMC,"MES Medical College, Perinthalmanna, Malappuram",MBBS,MM,16,mbbs_p2_final.pdf
2025,2,1847,4104,General,AM,SUC,"SUT Accademy of Medical Sciences, Thiruvananthapuram",MBBS,AM,7,mbbs_p2_final.pdf
2025,2,1848,4113,EZ,EZ,GMC,"Sree Gokulam Medical College, Venjaramoodu, TVPM",MBBS,EZ,12,mbbs_p2_final.pdf
2025,2,1849,4114,MU,MM,EMC,"MES Medical College, Perinthalmanna, Malappuram",MBBS,MM,16,mbbs_p2_final.pdf
2025,2,1850,4119,MU,AM,KCM,"KMCT Medical College, Mukkom, Kozikkode",MBBS,AM,18,mbbs_p2_final.pdf
2025,2,1851,4120,MU,MM,EMC,"MES Medical College, Perinthalmanna, Malappuram",MBBS,MM,18,mbbs_p2_final.pdf
2025,2,1852,4130,EW,AC,AMC,"Amala Institute of Medical Sciences, Thrissur",MBBS,AC,15,mbbs_p2_final.pdf
2025,2,1853,4133,General,AC,JMC,"Jubilee Mission Medical College, Thrisur",MBBS,AC,16,mbbs_p2_final.pdf
2025,2,1854,4134,MU,MU,BCM,"Believers Church Medical College Hospital, Thiruvalla",MBBS,MU,15,mbbs_p2_final.pdf
2025,2,1855,4135,EZ,AM,MMH,"Malabar Medical College Hospital, Kozhikkode",MBBS,AM,1,mbbs_p2_final.pdf
2025,2,1856,4138,EZ,EZ,KND,"Government Dental College, Kannur",BDS,EZ,16,mbbs_p2_final.pdf
2025,2,1857,4141,General,AM,MMH,"Malabar Medical College Hospital, Kozhikkode",MBBS,AM,20,mbbs_p2_final.pdf
2025,2,1858,4143,EZ,AM,KCM,"KMCT Medical College, Mukkom, Kozikkode",MBBS,AM,17,mbbs_p2_final.pdf
2025,2,1859,4149,General,AM,KDM,"P K Das Institute of Medical Sciences, Ottapalam",MBBS,AM,1,mbbs_p2_final.pdf
2025,2,1860,4151,General,AC,JMC,"Jubilee Mission Medical College, Thrisur",MBBS,AC,16,mbbs_p2_final.pdf
2025,2,1861,4152,MU,MM,EMC,"MES Medical College, Perinthalmanna, Malappuram",MBBS,MM,18,mbbs_p2_final.pdf
2025,2,1862,4154,EZ,EZ,GMC,"Sree Gokulam Medical College, Venjaramoodu, TVPM",MBBS,EZ,13,mbbs_p2_final.pdf
2025,2,1863,4159,LA,AC,AMC,"Amala Institute of Medical Sciences, Thrissur",MBBS,AC,15,mbbs_p2_final.pdf
2025,2,1864,4160,EZ,EZ,GMC,"Sree Gokulam Medical College, Venjaramoodu, TVPM",MBBS,EZ,20,mbbs_p2_final.pdf
2025,2,1865,4162,MU,MM,EMC,"MES Medical College, Perinthalmanna, Malappuram",MBBS,MM,18,mbbs_p2_final.pdf
2025,2,1866,4163,General,AM,MMH,"Malabar Medical College Hospital, Kozhikkode",MBBS,AM,20,mbbs_p2_final.pdf
2025,2,1867,4168,General,AM,SIM,"Sree Narayana Institute of Medical Sciences, Chalakka, Ernakulam.",MBBS,AM,1,mbbs_p2_final.pdf
2025,2,1868,4169,MU,MU,GMC,"Sree Gokulam Medical College, Venjaramoodu, TVPM",MBBS,MU,15,mbbs_p2_final.pdf
2025,2,1869,4170,BH,AM,KCM,"KMCT Medical College, Mukkom, Kozikkode",MBBS,AM,1,mbbs_p2_final.pdf
2025,2,1870,4174,General,AM,MMH,"Malabar Medical College Hospital, Kozhikkode",MBBS,AM,8,mbbs_p2_final.pdf
2025,2,1871,4177,BH,AM,KCM,"KMCT Medical College, Mukkom, Kozikkode",MBBS,AM,20,mbbs_p2_final.pdf
2025,2,1872,4178,EZ,SM,MMH,"Malabar Medical College Hospital, Kozhikkode",MBBS,SM,1,mbbs_p2_final.pdf
2025,2,1873,4179,LA,LA,BCM,"Believers Church Medical College Hospital, Thiruvalla",MBBS,LA,9,mbbs_p2_final.pdf
2025,2,1874,4185,General,AM,KCM,"KMCT Medical College, Mukkom, Kozikkode",MBBS,AM,7,mbbs_p2_final.pdf
2025,2,1875,4189,MU,MM,EMC,"MES Medical College, Perinthalmanna, Malappuram",MBBS,MM,17,mbbs_p2_final.pdf
2025,2,1876,4191,General,AM,SIM,"Sree Narayana Institute of Medical Sciences, Chalakka, Ernakulam.",MBBS,AM,1,mbbs_p2_final.pdf
2025,2,1877,4197,MU,MM,EMC,"MES Medical College, Perinthalmanna, Malappuram",MBBS,MM,1,mbbs_p2_final.pdf
2025,2,1878,4198,MU,MM,EMC,"MES Medical College, Perinthalmanna, Malappuram",MBBS,MM,18,mbbs_p2_final.pdf
2025,2,1879,4199,BH,BH,GMC,"Sree Gokulam Medical College, Venjaramoodu, TVPM",MBBS,BH,15,mbbs_p2_final.pdf
2025,2,1880,4202,General,AM,SIM,"Sree Narayana Institute of Medical Sciences, Chalakka, Ernakulam.",MBBS,AM,1,mbbs_p2_final.pdf
2025,2,1881,4205,MU,MM,EMC,"MES Medical College, Perinthalmanna, Malappuram",MBBS,MM,1,mbbs_p2_final.pdf
2025,2,1882,4208,VK,VK,PMC,"Pushpagiri Institute of Medical Science, Thiruvalla",MBBS,VK,15,mbbs_p2_final.pdf
2025,2,1883,4210,MU,SM,MED,"MES Dental College, Perinthalmanna",BDS,SM,21,mbbs_p2_final.pdf
2025,2,1884,4214,SC,SC,KKM,"Govt. Medical College, Kozhikkode",MBBS,SC,1,mbbs_p2_final.pdf
2025,2,1885,4215,MU,MU,GMC,"Sree Gokulam Medical College, Venjaramoodu, TVPM",MBBS,MU,15,mbbs_p2_final.pdf
2025,2,1886,4218,MU,MU,GMC,"Sree Gokulam Medical College, Venjaramoodu, TVPM",MBBS,MU,15,mbbs_p2_final.pdf
2025,2,1887,4223,EZ,EZ,GMC,"Sree Gokulam Medical College, Venjaramoodu, TVPM",MBBS,EZ,12,mbbs_p2_final.pdf
2025,2,1888,4224,EZ,EZ,ALD,"Government Dental College, Alappuzha",BDS,EZ,18,mbbs_p2_final.pdf
2025,2,1889,4225,KN,KN,KKM,"Govt. Medical College, Kozhikkode",MBBS,KN,1,mbbs_p2_final.pdf
2025,2,1890,4226,EZ,EZ,GMC,"Sree Gokulam Medical College, Venjaramoodu, TVPM",MBBS,EZ,13,mbbs_p2_final.pdf
2025,2,1891,4227,MU,MM,EMC,"MES Medical College, Perinthalmanna, Malappuram",MBBS,MM,10,mbbs_p2_final.pdf
2025,2,1892,4232,EW,AC,JMC,"Jubilee Mission Medical College, Thrisur",MBBS,AC,16,mbbs_p2_final.pdf
2025,2,1893,4233,General,AM,SIM,"Sree Narayana Institute of Medical Sciences, Chalakka, Ernakulam.",MBBS,AM,1,mbbs_p2_final.pdf
2025,2,1894,4236,General,AM,KDM,"P K Das Institute of Medical Sciences, Ottapalam",MBBS,AM,1,mbbs_p2_final.pdf
2025,2,1895,4239,MU,MM,EMC,"MES Medical College, Perinthalmanna, Malappuram",MBBS,MM,1,mbbs_p2_final.pdf
2025,2,1896,4241,EZ,FL-EZ,ALD,"Government Dental College, Alappuzha",BDS,FL-EZ,18,mbbs_p2_final.pdf
2025,2,1897,4248,MU,MM,EMC,"MES Medical College, Perinthalmanna, Malappuram",MBBS,MM,17,mbbs_p2_final.pdf
2025,2,1898,4249,MU,MM,EMC,"MES Medical College, Perinthalmanna, Malappuram",MBBS,MM,1,mbbs_p2_final.pdf
2025,2,1899,4250,EZ,AM,KCM,"KMCT Medical College, Mukkom, Kozikkode",MBBS,AM,21,mbbs_p2_final.pdf
2025,2,1900,4252,EW,EW,KKD,"Govt. Dental College, Kozhikkode",BDS,EW,1,mbbs_p2_final.pdf
2025,2,1901,4256,MU,MU,GMC,"Sree Gokulam Medical College, Venjaramoodu, TVPM",MBBS,MU,1,mbbs_p2_final.pdf
2025,2,1902,4257,EZ,AM,TRM,"Travancore Medical College, Umayanalloor, Kollam",MBBS,AM,19,mbbs_p2_final.pdf
2025,2,1903,4262,General,AM,TRM,"Travancore Medical College, Umayanalloor, Kollam",MBBS,AM,8,mbbs_p2_final.pdf
2025,2,1904,4263,EZ,AM,AAM,"Al Azhar Medical college, Thodupuzha",MBBS,AM,21,mbbs_p2_final.pdf
2025,2,1905,4264,General,AM,KCM,"KMCT Medical College, Mukkom, Kozikkode",MBBS,AM,2,mbbs_p2_final.pdf
2025,2,1906,4267,General,AM,SIM,"Sree Narayana Institute of Medical Sciences, Chalakka, Ernakulam.",MBBS,AM,3,mbbs_p2_final.pdf
2025,2,1907,4268,EZ,AM,KCM,"KMCT Medical College, Mukkom, Kozikkode",MBBS,AM,22,mbbs_p2_final.pdf
2025,2,1908,4270,MU,MU,GMC,"Sree Gokulam Medical College, Venjaramoodu, TVPM",MBBS,MU,18,mbbs_p2_final.pdf
2025,2,1909,4274,MU,AM,KCM,"KMCT Medical College, Mukkom, Kozikkode",MBBS,AM,1,mbbs_p2_final.pdf
2025,2,1910,4275,General,AM,KMM,"Karuna Medical College, Vilayodi, Palakkad",MBBS,AM,1,mbbs_p2_final.pdf
2025,2,1911,4276,EZ,SM,KCM,"KMCT Medical College, Mukkom, Kozikkode",MBBS,SM,13,mbbs_p2_final.pdf
2025,2,1912,4280,EZ,EZ,KND,"Government Dental College, Kannur",BDS,EZ,19,mbbs_p2_final.pdf
2025,2,1913,4287,General,AC,JMC,"Jubilee Mission Medical College, Thrisur",MBBS,AC,15,mbbs_p2_final.pdf
2025,2,1914,4292,General,AC,AMC,"Amala Institute of Medical Sciences, Thrissur",MBBS,AC,4,mbbs_p2_final.pdf
2025,2,1915,4296,EW,AC,JMC,"Jubilee Mission Medical College, Thrisur",MBBS,AC,16,mbbs_p2_final.pdf
2025,2,1916,4297,General,AM,SMC,"Dr. Somervell Memorial CSI Medical College, Karakonam",MBBS,AM,7,mbbs_p2_final.pdf
2025,2,1917,4299,MU,AM,TRM,"Travancore Medical College, Umayanalloor, Kollam",MBBS,AM,15,mbbs_p2_final.pdf
2025,2,1918,4301,EZ,AM,TRM,"Travancore Medical College, Umayanalloor, Kollam",MBBS,AM,16,mbbs_p2_final.pdf
2025,2,1919,4306,General,AM,TRM,"Travancore Medical College, Umayanalloor, Kollam",MBBS,AM,3,mbbs_p2_final.pdf
2025,2,1920,4312,BH,AM,TRM,"Travancore Medical College, Umayanalloor, Kollam",MBBS,AM,18,mbbs_p2_final.pdf
2025,2,1921,4313,BH,SM,KCM,"KMCT Medical College, Mukkom, Kozikkode",MBBS,SM,1,mbbs_p2_final.pdf
2025,2,1922,4314,MU,MM,EMC,"MES Medical College, Perinthalmanna, Malappuram",MBBS,MM,16,mbbs_p2_final.pdf
2025,2,1923,4318,MU,MM,EMC,"MES Medical College, Perinthalmanna, Malappuram",MBBS,MM,20,mbbs_p2_final.pdf
2025,2,1924,4319,MU,MM,EMC,"MES Medical College, Perinthalmanna, Malappuram",MBBS,MM,14,mbbs_p2_final.pdf
2025,2,1925,4323,General,MM,EMC,"MES Medical College, Perinthalmanna, Malappuram",MBBS,MM,8,mbbs_p2_final.pdf
2025,2,1926,4326,General,AM,SUC,"SUT Accademy of Medical Sciences, Thiruvananthapuram",MBBS,AM,8,mbbs_p2_final.pdf
2025,2,1927,4329,LA,AC,JMC,"Jubilee Mission Medical College, Thrisur",MBBS,AC,16,mbbs_p2_final.pdf
2025,2,1928,4330,DV,DV,TCM,"Govt. Medical College, Thrissur",MBBS,DV,3,mbbs_p2_final.pdf
2025,2,1929,4334,MU,MU,GMC,"Sree Gokulam Medical College, Venjaramoodu, TVPM",MBBS,MU,15,mbbs_p2_final.pdf
2025,2,1930,4337,MU,MM,EMC,"MES Medical College, Perinthalmanna, Malappuram",MBBS,MM,19,mbbs_p2_final.pdf
2025,2,1931,4349,General,AC,AMC,"Amala Institute of Medical Sciences, Thrissur",MBBS,AC,1,mbbs_p2_final.pdf
2025,2,1932,4350,General,AM,TRM,"Travancore Medical College, Umayanalloor, Kollam",MBBS,AM,19,mbbs_p2_final.pdf
2025,2,1933,4356,MU,MM,EMC,"MES Medical College, Perinthalmanna, Malappuram",MBBS,MM,13,mbbs_p2_final.pdf
2025,2,1934,4360,General,AM,TRM,"Travancore Medical College, Umayanalloor, Kollam",MBBS,AM,9,mbbs_p2_final.pdf
2025,2,1935,4368,General,AM,KMM,"Karuna Medical College, Vilayodi, Palakkad",MBBS,AM,1,mbbs_p2_final.pdf
2025,2,1936,4371,MU,MM,EMC,"MES Medical College, Perinthalmanna, Malappuram",MBBS,MM,20,mbbs_p2_final.pdf
2025,2,1937,4372,General,AC,JMC,"Jubilee Mission Medical College, Thrisur",MBBS,AC,11,mbbs_p2_final.pdf
2025,2,1938,4376,MU,SM,AZD,"Azeezia College of Dental Science, Meyyannoor, Kollam",BDS,SM,21,mbbs_p2_final.pdf
2025,2,1939,4383,General,AC,MMC,"Malankara Orthodox Syrian Church MediCollege, Kolenchery",MBBS,AC,1,mbbs_p2_final.pdf
2025,2,1940,4385,General,SM,KCM,"KMCT Medical College, Mukkom, Kozikkode",MBBS,SM,1,mbbs_p2_final.pdf
2025,2,1941,4387,BH,SM,MMH,"Malabar Medical College Hospital, Kozhikkode",MBBS,SM,16,mbbs_p2_final.pdf
2025,2,1942,4390,General,AM,TRM,"Travancore Medical College, Umayanalloor, Kollam",MBBS,AM,20,mbbs_p2_final.pdf
2025,2,1943,4400,General,AM,SIM,"Sree Narayana Institute of Medical Sciences, Chalakka, Ernakulam.",MBBS,AM,8,mbbs_p2_final.pdf
2025,2,1944,4403,MU,MM,EMC,"MES Medical College, Perinthalmanna, Malappuram",MBBS,MM,16,mbbs_p2_final.pdf
2025,2,1945,4405,LA,AC,PMC,"Pushpagiri Institute of Medical Science, Thiruvalla",MBBS,AC,16,mbbs_p2_final.pdf
2025,2,1946,4407,MU,AM,KMM,"Karuna Medical College, Vilayodi, Palakkad",MBBS,AM,15,mbbs_p2_final.pdf
2025,2,1947,4410,SC,SC,KKM,"Govt. Medical College, Kozhikkode",MBBS,SC,1,mbbs_p2_final.pdf
2025,2,1948,4412,MU,MM,EMC,"MES Medical College, Perinthalmanna, Malappuram",MBBS,MM,16,mbbs_p2_final.pdf
2025,2,1949,4413,ST,ST,KKM,"Govt. Medical College, Kozhikkode",MBBS,ST,1,mbbs_p2_final.pdf
2025,2,1950,4417,EW,AC,AMC,"Amala Institute of Medical Sciences, Thrissur",MBBS,AC,13,mbbs_p2_final.pdf
2025,2,1951,4418,MU,SM,KCM,"KMCT Medical College, Mukkom, Kozikkode",MBBS,SM,1,mbbs_p2_final.pdf
2025,2,1952,4420,General,AM,KDM,"P K Das Institute of Medical Sciences, Ottapalam",MBBS,AM,8,mbbs_p2_final.pdf
2025,2,1953,4422,General,AM,TRM,"Travancore Medical College, Umayanalloor, Kollam",MBBS,AM,9,mbbs_p2_final.pdf
2025,2,1954,4424,MU,MM,EMC,"MES Medical College, Perinthalmanna, Malappuram",MBBS,MM,15,mbbs_p2_final.pdf
2025,2,1955,4425,General,AC,MMC,"Malankara Orthodox Syrian Church MediCollege, Kolenchery",MBBS,AC,1,mbbs_p2_final.pdf
2025,2,1956,4426,General,SM,KCM,"KMCT Medical College, Mukkom, Kozikkode",MBBS,SM,20,mbbs_p2_final.pdf
2025,2,1957,4427,BH,AM,TRM,"Travancore Medical College, Umayanalloor, Kollam",MBBS,AM,1,mbbs_p2_final.pdf
2025,2,1958,4428,General,AM,SUC,"SUT Accademy of Medical Sciences, Thiruvananthapuram",MBBS,AM,8,mbbs_p2_final.pdf
2025,2,1959,4434,MU,AM,TRM,"Travancore Medical College, Umayanalloor, Kollam",MBBS,AM,1,mbbs_p2_final.pdf
2025,2,1960,4440,EZ,AM,TRM,"Travancore Medical College, Umayanalloor, Kollam",MBBS,AM,20,mbbs_p2_final.pdf
2025,2,1961,4441,BH,AM,TRM,"Travancore Medical College, Umayanalloor, Kollam",MBBS,AM,20,mbbs_p2_final.pdf
2025,2,1962,4446,MU,SM,KCM,"KMCT Medical College, Mukkom, Kozikkode",MBBS,SM,1,mbbs_p2_final.pdf
2025,2,1963,4447,BH,AM,SMC,"Dr. Somervell Memorial CSI Medical College, Karakonam",MBBS,AM,14,mbbs_p2_final.pdf
2025,2,1964,4449,MU,AM,TRM,"Travancore Medical College, Umayanalloor, Kollam",MBBS,AM,16,mbbs_p2_final.pdf
2025,2,1965,4451,MU,SM,KCM,"KMCT Medical College, Mukkom, Kozikkode",MBBS,SM,1,mbbs_p2_final.pdf
2025,2,1966,4452,BH,SM,MMH,"Malabar Medical College Hospital, Kozhikkode",MBBS,SM,15,mbbs_p2_final.pdf
2025,2,1967,4457,EW,AC,JMC,"Jubilee Mission Medical College, Thrisur",MBBS,AC,16,mbbs_p2_final.pdf
2025,2,1968,4458,EW,EW,GMC,"Sree Gokulam Medical College, Venjaramoodu, TVPM",MBBS,EW,15,mbbs_p2_final.pdf
2025,2,1969,4460,EW,EW,KTD,"Govt. Dental College, Kottayam",BDS,EW,15,mbbs_p2_final.pdf
2025,2,1970,4463,General,AM,SUC,"SUT Accademy of Medical Sciences, Thiruvananthapuram",MBBS,AM,1,mbbs_p2_final.pdf
2025,2,1971,4464,General,AM,KMM,"Karuna Medical College, Vilayodi, Palakkad",MBBS,AM,1,mbbs_p2_final.pdf
2025,2,1972,4465,General,SM,MMH,"Malabar Medical College Hospital, Kozhikkode",MBBS,SM,7,mbbs_p2_final.pdf
2025,2,1973,4472,General,AM,SIM,"Sree Narayana Institute of Medical Sciences, Chalakka, Ernakulam.",MBBS,AM,1,mbbs_p2_final.pdf
2025,2,1974,4473,General,AM,SMC,"Dr. Somervell Memorial CSI Medical College, Karakonam",MBBS,AM,9,mbbs_p2_final.pdf
2025,2,1975,4475,BH,SM,MMH,"Malabar Medical College Hospital, Kozhikkode",MBBS,SM,1,mbbs_p2_final.pdf
2025,2,1976,4476,General,AM,SMC,"Dr. Somervell Memorial CSI Medical College, Karakonam",MBBS,AM,4,mbbs_p2_final.pdf
2025,2,1977,4479,BH,AM,SMC,"Dr. Somervell Memorial CSI Medical College, Karakonam",MBBS,AM,18,mbbs_p2_final.pdf
2025,2,1978,4480,EZ,SM,MMH,"Malabar Medical College Hospital, Kozhikkode",MBBS,SM,1,mbbs_p2_final.pdf
2025,2,1979,4485,VK,VK,AMC,"Amala Institute of Medical Sciences, Thrissur",MBBS,VK,16,mbbs_p2_final.pdf
2025,2,1980,4486,EW,EW,KKD,"Govt. Dental College, Kozhikkode",BDS,EW,15,mbbs_p2_final.pdf
2025,2,1981,4491,General,SM,KCM,"KMCT Medical College, Mukkom, Kozikkode",MBBS,SM,17,mbbs_p2_final.pdf
2025,2,1982,4494,BH,SM,MMH,"Malabar Medical College Hospital, Kozhikkode",MBBS,SM,17,mbbs_p2_final.pdf
2025,2,1983,4496,EZ,AM,TRM,"Travancore Medical College, Umayanalloor, Kollam",MBBS,AM,18,mbbs_p2_final.pdf
2025,2,1984,4497,EZ,SM,MMH,"Malabar Medical College Hospital, Kozhikkode",MBBS,SM,21,mbbs_p2_final.pdf
2025,2,1985,4501,General,AM,SIM,"Sree Narayana Institute of Medical Sciences, Chalakka, Ernakulam.",MBBS,AM,7,mbbs_p2_final.pdf
2025,2,1986,4504,General,AM,KDM,"P K Das Institute of Medical Sciences, Ottapalam",MBBS,AM,10,mbbs_p2_final.pdf
2025,2,1987,4511,EZ,AM,TRM,"Travancore Medical College, Umayanalloor, Kollam",MBBS,AM,21,mbbs_p2_final.pdf
2025,2,1988,4515,MU,MM,EMC,"MES Medical College, Perinthalmanna, Malappuram",MBBS,MM,17,mbbs_p2_final.pdf
2025,2,1989,4516,General,AC,MMC,"Malankara Orthodox Syrian Church MediCollege, Kolenchery",MBBS,AC,1,mbbs_p2_final.pdf
2025,2,1990,4527,EZ,SM,MMH,"Malabar Medical College Hospital, Kozhikkode",MBBS,SM,15,mbbs_p2_final.pdf
2025,2,1991,4529,LA,AC,AMC,"Amala Institute of Medical Sciences, Thrissur",MBBS,AC,16,mbbs_p2_final.pdf
2025,2,1992,4530,EZ,SM,TRM,"Travancore Medical College, Umayanalloor, Kollam",MBBS,SM,22,mbbs_p2_final.pdf
2025,2,1993,4531,DV,DV,TCM,"Govt. Medical College, Thrissur",MBBS,DV,1,mbbs_p2_final.pdf
2025,2,1994,4533,BH,SM,MMH,"Malabar Medical College Hospital, Kozhikkode",MBBS,SM,20,mbbs_p2_final.pdf
2025,2,1995,4537,General,AM,SUC,"SUT Accademy of Medical Sciences, Thiruvananthapuram",MBBS,AM,20,mbbs_p2_final.pdf
2025,2,1996,4541,General,AM,SUC,"SUT Accademy of Medical Sciences, Thiruvananthapuram",MBBS,AM,18,mbbs_p2_final.pdf
2025,2,1997,4542,MU,SM,KCM,"KMCT Medical College, Mukkom, Kozikkode",MBBS,SM,1,mbbs_p2_final.pdf
2025,2,1998,4545,EW,EW,TCD,"Govt. Dental College, Thrissur",BDS,EW,16,mbbs_p2_final.pdf
2025,2,1999,4546,BH,SM,KCM,"KMCT Medical College, Mukkom, Kozikkode",MBBS,SM,16,mbbs_p2_final.pdf
2025,2,2000,4548,MU,MM,EMC,"MES Medical College, Perinthalmanna, Malappuram",MBBS,MM,6,mbbs_p2_final.pdf
2025,2,2001,4550,General,AC,JMC,"Jubilee Mission Medical College, Thrisur",MBBS,AC,16,mbbs_p2_final.pdf
2025,2,2002,4552,EZ,FL-EZ,KND,"Government Dental College, Kannur",BDS,FL-EZ,20,mbbs_p2_final.pdf
2025,2,2003,4553,MU,MM,EMC,"MES Medical College, Perinthalmanna, Malappuram",MBBS,MM,15,mbbs_p2_final.pdf
2025,2,2004,4554,DV,DV,ALP,"T D Govt. Medical College, Alappuzha",MBBS,DV,5,mbbs_p2_final.pdf
2025,2,2005,4563,VK,VK,MMC,"Malankara Orthodox Syrian Church MediCollege, Kolenchery",MBBS,VK,15,mbbs_p2_final.pdf
2025,2,2006,4567,SC,SC,KKM,"Govt. Medical College, Kozhikkode",MBBS,SC,1,mbbs_p2_final.pdf
2025,2,2007,4577,LA,AC,JMC,"Jubilee Mission Medical College, Thrisur",MBBS,AC,16,mbbs_p2_final.pdf
2025,2,2008,4578,MU,SM,TRM,"Travancore Medical College, Umayanalloor, Kollam",MBBS,SM,1,mbbs_p2_final.pdf
2025,2,2009,4579,EW,AC,JMC,"Jubilee Mission Medical College, Thrisur",MBBS,AC,16,mbbs_p2_final.pdf
2025,2,2010,4581,MU,MM,EMC,"MES Medical College, Perinthalmanna, Malappuram",MBBS,MM,18,mbbs_p2_final.pdf
2025,2,2011,4584,General,SM,MMH,"Malabar Medical College Hospital, Kozhikkode",MBBS,SM,20,mbbs_p2_final.pdf
2025,2,2012,4586,EZ,SM,TRM,"Travancore Medical College, Umayanalloor, Kollam",MBBS,SM,21,mbbs_p2_final.pdf
2025,2,2013,4588,MU,MM,EMC,"MES Medical College, Perinthalmanna, Malappuram",MBBS,MM,18,mbbs_p2_final.pdf
2025,2,2014,4592,MU,MM,TRM,"Travancore Medical College, Umayanalloor, Kollam",MBBS,MM,10,mbbs_p2_final.pdf
2025,2,2015,4595,BH,SM,MMH,"Malabar Medical College Hospital, Kozhikkode",MBBS,SM,17,mbbs_p2_final.pdf
2025,2,2016,4597,General,AM,SMC,"Dr. Somervell Memorial CSI Medical College, Karakonam",MBBS,AM,21,mbbs_p2_final.pdf
2025,2,2017,4600,General,AM,SMC,"Dr. Somervell Memorial CSI Medical College, Karakonam",MBBS,AM,11,mbbs_p2_final.pdf
2025,2,2018,4610,MU,AM,SUC,"SUT Accademy of Medical Sciences, Thiruvananthapuram",MBBS,AM,5,mbbs_p2_final.pdf
2025,2,2019,4611,General,AM,SMC,"Dr. Somervell Memorial CSI Medical College, Karakonam",MBBS,AM,14,mbbs_p2_final.pdf
2025,2,2020,4623,EZ,SM,MMH,"Malabar Medical College Hospital, Kozhikkode",MBBS,SM,18,mbbs_p2_final.pdf
2025,2,2021,4624,General,AM,SUC,"SUT Accademy of Medical Sciences, Thiruvananthapuram",MBBS,AM,4,mbbs_p2_final.pdf
2025,2,2022,4629,BX,AM,SUC,"SUT Accademy of Medical Sciences, Thiruvananthapuram",MBBS,AM,15,mbbs_p2_final.pdf
2025,2,2023,4633,General,SM,MMH,"Malabar Medical College Hospital, Kozhikkode",MBBS,SM,15,mbbs_p2_final.pdf
2025,2,2024,4635,EW,EW,TVD,"Govt. Dental College, Thiruvananthapuram",BDS,EW,15,mbbs_p2_final.pdf
2025,2,2025,4640,General,AC,AMC,"Amala Institute of Medical Sciences, Thrissur",MBBS,AC,1,mbbs_p2_final.pdf
2025,2,2026,4643,BH,SM,MMH,"Malabar Medical College Hospital, Kozhikkode",MBBS,SM,12,mbbs_p2_final.pdf
2025,2,2027,4644,BH,SM,KCM,"KMCT Medical College, Mukkom, Kozikkode",MBBS,SM,18,mbbs_p2_final.pdf
2025,2,2028,4652,General,AM,DMM,"Dr. Moopens Medical College, Meppadi, Wayanad",MBBS,AM,1,mbbs_p2_final.pdf
2025,2,2029,4653,General,AC,PMC,"Pushpagiri Institute of Medical Science, Thiruvalla",MBBS,AC,15,mbbs_p2_final.pdf
2025,2,2030,4656,BH,SM,MMH,"Malabar Medical College Hospital, Kozhikkode",MBBS,SM,17,mbbs_p2_final.pdf
2025,2,2031,4660,General,AC,AMC,"Amala Institute of Medical Sciences, Thrissur",MBBS,AC,16,mbbs_p2_final.pdf
2025,2,2032,4662,BH,SM,MMH,"Malabar Medical College Hospital, Kozhikkode",MBBS,SM,1,mbbs_p2_final.pdf
2025,2,2033,4663,EZ,SM,MMH,"Malabar Medical College Hospital, Kozhikkode",MBBS,SM,15,mbbs_p2_final.pdf
2025,2,2034,4664,MU,SM,KCM,"KMCT Medical College, Mukkom, Kozikkode",MBBS,SM,15,mbbs_p2_final.pdf
2025,2,2035,4666,General,AC,MMC,"Malankara Orthodox Syrian Church MediCollege, Kolenchery",MBBS,AC,16,mbbs_p2_final.pdf
2025,2,2036,4667,MU,MM,EMC,"MES Medical College, Perinthalmanna, Malappuram",MBBS,MM,20,mbbs_p2_final.pdf
2025,2,2037,4671,MU,SM,TRM,"Travancore Medical College, Umayanalloor, Kollam",MBBS,SM,15,mbbs_p2_final.pdf
2025,2,2038,4672,General,AM,SMC,"Dr. Somervell Memorial CSI Medical College, Karakonam",MBBS,AM,15,mbbs_p2_final.pdf
2025,2,2039,4675,EZ,FL-EZ,KND,"Government Dental College, Kannur",BDS,FL-EZ,1,mbbs_p2_final.pdf
2025,2,2040,4677,MU,MM,EMC,"MES Medical College, Perinthalmanna, Malappuram",MBBS,MM,18,mbbs_p2_final.pdf
2025,2,2041,4681,General,SM,KCM,"KMCT Medical College, Mukkom, Kozikkode",MBBS,SM,17,mbbs_p2_final.pdf
2025,2,2042,4685,BH,AM,SMC,"Dr. Somervell Memorial CSI Medical College, Karakonam",MBBS,AM,19,mbbs_p2_final.pdf
2025,2,2043,4688,General,AC,JMC,"Jubilee Mission Medical College, Thrisur",MBBS,AC,16,mbbs_p2_final.pdf
2025,2,2044,4690,General,AM,SUC,"SUT Accademy of Medical Sciences, Thiruvananthapuram",MBBS,AM,2,mbbs_p2_final.pdf
2025,2,2045,4692,General,AM,SUC,"SUT Accademy of Medical Sciences, Thiruvananthapuram",MBBS,AM,5,mbbs_p2_final.pdf
2025,2,2046,4694,General,AM,SIM,"Sree Narayana Institute of Medical Sciences, Chalakka, Ernakulam.",MBBS,AM,7,mbbs_p2_final.pdf
2025,2,2047,4697,MU,SM,TRM,"Travancore Medical College, Umayanalloor, Kollam",MBBS,SM,20,mbbs_p2_final.pdf
2025,2,2048,4699,General,AC,JMC,"Jubilee Mission Medical College, Thrisur",MBBS,AC,4,mbbs_p2_final.pdf
2025,2,2049,4700,MU,SM,KCM,"KMCT Medical College, Mukkom, Kozikkode",MBBS,SM,16,mbbs_p2_final.pdf
2025,2,2050,4702,General,AM,SIM,"Sree Narayana Institute of Medical Sciences, Chalakka, Ernakulam.",MBBS,AM,1,mbbs_p2_final.pdf
2025,2,2051,4705,General,SM,KCM,"KMCT Medical College, Mukkom, Kozikkode",MBBS,SM,13,mbbs_p2_final.pdf
2025,2,2052,4706,General,AM,SIM,"Sree Narayana Institute of Medical Sciences, Chalakka, Ernakulam.",MBBS,AM,7,mbbs_p2_final.pdf
2025,2,2053,4707,EW,AC,JMC,"Jubilee Mission Medical College, Thrisur",MBBS,AC,9,mbbs_p2_final.pdf
2025,2,2054,4712,General,AM,SIM,"Sree Narayana Institute of Medical Sciences, Chalakka, Ernakulam.",MBBS,AM,21,mbbs_p2_final.pdf
2025,2,2055,4714,EZ,FL-EZ,KND,"Government Dental College, Kannur",BDS,FL-EZ,1,mbbs_p2_final.pdf
2025,2,2056,4716,General,AM,SUC,"SUT Accademy of Medical Sciences, Thiruvananthapuram",MBBS,AM,11,mbbs_p2_final.pdf
2025,2,2057,4717,MU,SM,TRM,"Travancore Medical College, Umayanalloor, Kollam",MBBS,SM,21,mbbs_p2_final.pdf
2025,2,2058,4722,General,AM,SUC,"SUT Accademy of Medical Sciences, Thiruvananthapuram",MBBS,AM,9,mbbs_p2_final.pdf
2025,2,2059,4723,EW,AC,JMC,"Jubilee Mission Medical College, Thrisur",MBBS,AC,16,mbbs_p2_final.pdf
2025,2,2060,4730,EZ,FL-EZ,KND,"Government Dental College, Kannur",BDS,FL-EZ,18,mbbs_p2_final.pdf
2025,2,2061,4731,VK,VK,EMC,"MES Medical College, Perinthalmanna, Malappuram",MBBS,VK,17,mbbs_p2_final.pdf
2025,2,2062,4733,MU,AM,SUC,"SUT Accademy of Medical Sciences, Thiruvananthapuram",MBBS,AM,16,mbbs_p2_final.pdf
2025,2,2063,4735,General,AC,AMC,"Amala Institute of Medical Sciences, Thrissur",MBBS,AC,1,mbbs_p2_final.pdf
2025,2,2064,4736,General,AM,SMC,"Dr. Somervell Memorial CSI Medical College, Karakonam",MBBS,AM,9,mbbs_p2_final.pdf
2025,2,2065,4737,General,AM,SMC,"Dr. Somervell Memorial CSI Medical College, Karakonam",MBBS,AM,12,mbbs_p2_final.pdf
2025,2,2066,4739,MU,SM,KCM,"KMCT Medical College, Mukkom, Kozikkode",MBBS,SM,3,mbbs_p2_final.pdf
2025,2,2067,4745,General,SM,SUC,"SUT Accademy of Medical Sciences, Thiruvananthapuram",MBBS,SM,16,mbbs_p2_final.pdf
2025,2,2068,4750,MU,SM,KCM,"KMCT Medical College, Mukkom, Kozikkode",MBBS,SM,17,mbbs_p2_final.pdf
2025,2,2069,4752,General,AM,SIM,"Sree Narayana Institute of Medical Sciences, Chalakka, Ernakulam.",MBBS,AM,9,mbbs_p2_final.pdf
2025,2,2070,4754,EZ,SM,MMH,"Malabar Medical College Hospital, Kozhikkode",MBBS,SM,15,mbbs_p2_final.pdf
2025,2,2071,4755,General,SM,TRM,"Travancore Medical College, Umayanalloor, Kollam",MBBS,SM,21,mbbs_p2_final.pdf
2025,2,2072,4756,MU,SM,KCM,"KMCT Medical College, Mukkom, Kozikkode",MBBS,SM,20,mbbs_p2_final.pdf
2025,2,2073,4758,General,AC,MMC,"Malankara Orthodox Syrian Church MediCollege, Kolenchery",MBBS,AC,1,mbbs_p2_final.pdf
2025,2,2074,4759,EW,EW,ALD,"Government Dental College, Alappuzha",BDS,EW,15,mbbs_p2_final.pdf
2025,2,2075,4760,MU,MM,EMC,"MES Medical College, Perinthalmanna, Malappuram",MBBS,MM,14,mbbs_p2_final.pdf
2025,2,2076,4763,General,AM,KDM,"P K Das Institute of Medical Sciences, Ottapalam",MBBS,AM,8,mbbs_p2_final.pdf
2025,2,2077,4764,MU,SM,TRM,"Travancore Medical College, Umayanalloor, Kollam",MBBS,SM,13,mbbs_p2_final.pdf
2025,2,2078,4769,General,AM,SMC,"Dr. Somervell Memorial CSI Medical College, Karakonam",MBBS,AM,9,mbbs_p2_final.pdf
2025,2,2079,4770,General,SM,KCM,"KMCT Medical College, Mukkom, Kozikkode",MBBS,SM,1,mbbs_p2_final.pdf
2025,2,2080,4771,MU,SM,MMH,"Malabar Medical College Hospital, Kozhikkode",MBBS,SM,19,mbbs_p2_final.pdf
2025,2,2081,4784,BH,AM,SMC,"Dr. Somervell Memorial CSI Medical College, Karakonam",MBBS,AM,18,mbbs_p2_final.pdf
2025,2,2082,4787,General,SM,KCM,"KMCT Medical College, Mukkom, Kozikkode",MBBS,SM,21,mbbs_p2_final.pdf
2025,2,2083,4797,MU,MM,EMC,"MES Medical College, Perinthalmanna, Malappuram",MBBS,MM,18,mbbs_p2_final.pdf
2025,2,2084,4808,KN,KN,TVM,"Govt. Medical College, Thiruvananthapuram",MBBS,KN,2,mbbs_p2_final.pdf
2025,2,2085,4809,MU,SM,KMD,"KMCT Dental College, Mambatta, Mukkam, Kozhikode",BDS,SM,5,mbbs_p2_final.pdf
2025,2,2086,4810,General,AM,KMM,"Karuna Medical College, Vilayodi, Palakkad",MBBS,AM,10,mbbs_p2_final.pdf
2025,2,2087,4811,General,SM,TRM,"Travancore Medical College, Umayanalloor, Kollam",MBBS,SM,17,mbbs_p2_final.pdf
2025,2,2088,4812,MU,SM,TRM,"Travancore Medical College, Umayanalloor, Kollam",MBBS,SM,15,mbbs_p2_final.pdf
2025,2,2089,4817,DV,DV,CMC,"Govt. Medical College, Ernakulam",MBBS,DV,3,mbbs_p2_final.pdf
2025,2,2090,4820,MU,SM,MMH,"Malabar Medical College Hospital, Kozhikkode",MBBS,SM,1,mbbs_p2_final.pdf
2025,2,2091,4827,MU,SM,KCM,"KMCT Medical College, Mukkom, Kozikkode",MBBS,SM,17,mbbs_p2_final.pdf
2025,2,2092,4828,EZ,FL-EZ,KND,"Government Dental College, Kannur",BDS,FL-EZ,1,mbbs_p2_final.pdf
2025,2,2093,4833,BX,SM,SUC,"SUT Accademy of Medical Sciences, Thiruvananthapuram",MBBS,SM,15,mbbs_p2_final.pdf
2025,2,2094,4838,General,SM,SUC,"SUT Accademy of Medical Sciences, Thiruvananthapuram",MBBS,SM,20,mbbs_p2_final.pdf
2025,2,2095,4843,EZ,SM,MMH,"Malabar Medical College Hospital, Kozhikkode",MBBS,SM,20,mbbs_p2_final.pdf
2025,2,2096,4846,General,SM,MMH,"Malabar Medical College Hospital, Kozhikkode",MBBS,SM,20,mbbs_p2_final.pdf
2025,2,2097,4847,SC,SC,KKM,"Govt. Medical College, Kozhikkode",MBBS,SC,1,mbbs_p2_final.pdf
2025,2,2098,4848,EW,EW,GMC,"Sree Gokulam Medical College, Venjaramoodu, TVPM",MBBS,EW,15,mbbs_p2_final.pdf
2025,2,2099,4849,MU,MM,EMC,"MES Medical College, Perinthalmanna, Malappuram",MBBS,MM,19,mbbs_p2_final.pdf
2025,2,2100,4850,MU,SM,SMC,"Dr. Somervell Memorial CSI Medical College, Karakonam",MBBS,SM,19,mbbs_p2_final.pdf
2025,2,2101,4852,General,SM,SMC,"Dr. Somervell Memorial CSI Medical College, Karakonam",MBBS,SM,21,mbbs_p2_final.pdf
2025,2,2102,4854,MU,MM,EMC,"MES Medical College, Perinthalmanna, Malappuram",MBBS,MM,15,mbbs_p2_final.pdf
2025,2,2103,4856,MU,PI,KKD,"Govt. Dental College, Kozhikkode",BDS,PI,14,mbbs_p2_final.pdf
2025,2,2104,4858,General,AC,BCM,"Believers Church Medical College Hospital, Thiruvalla",MBBS,AC,16,mbbs_p2_final.pdf
2025,2,2105,4860,LA,SM,SMC,"Dr. Somervell Memorial CSI Medical College, Karakonam",MBBS,SM,15,mbbs_p2_final.pdf
2025,2,2106,4862,SC,SC,KTM,"Govt. Medical College, Kottayam",MBBS,SC,1,mbbs_p2_final.pdf
2025,2,2107,4863,General,SM,MMH,"Malabar Medical College Hospital, Kozhikkode",MBBS,SM,17,mbbs_p2_final.pdf
2025,2,2108,4872,SC,SC,KKM,"Govt. Medical College, Kozhikkode",MBBS,SC,1,mbbs_p2_final.pdf
2025,2,2109,4874,MU,SM,TRM,"Travancore Medical College, Umayanalloor, Kollam",MBBS,SM,20,mbbs_p2_final.pdf
2025,2,2110,4875,EZ,SM,MMH,"Malabar Medical College Hospital, Kozhikkode",MBBS,SM,21,mbbs_p2_final.pdf
2025,2,2111,4876,MU,SM,MMH,"Malabar Medical College Hospital, Kozhikkode",MBBS,SM,18,mbbs_p2_final.pdf
2025,2,2112,4877,MU,SM,MMH,"Malabar Medical College Hospital, Kozhikkode",MBBS,SM,7,mbbs_p2_final.pdf
2025,2,2113,4883,General,SM,MMH,"Malabar Medical College Hospital, Kozhikkode",MBBS,SM,19,mbbs_p2_final.pdf
2025,2,2114,4884,MU,MM,EMC,"MES Medical College, Perinthalmanna, Malappuram",MBBS,MM,17,mbbs_p2_final.pdf
2025,2,2115,4885,MU,SM,KCM,"KMCT Medical College, Mukkom, Kozikkode",MBBS,SM,19,mbbs_p2_final.pdf
2025,2,2116,4893,General,SM,MMH,"Malabar Medical College Hospital, Kozhikkode",MBBS,SM,4,mbbs_p2_final.pdf
2025,2,2117,4894,MU,SM,KCM,"KMCT Medical College, Mukkom, Kozikkode",MBBS,SM,1,mbbs_p2_final.pdf
2025,2,2118,4898,SC,SC,KKM,"Govt. Medical College, Kozhikkode",MBBS,SC,1,mbbs_p2_final.pdf
2025,2,2119,4906,LA,AC,AMC,"Amala Institute of Medical Sciences, Thrissur",MBBS,AC,13,mbbs_p2_final.pdf
2025,2,2120,4907,General,AM,SIM,"Sree Narayana Institute of Medical Sciences, Chalakka, Ernakulam.",MBBS,AM,4,mbbs_p2_final.pdf
2025,2,2121,4908,MU,SM,TRM,"Travancore Medical College, Umayanalloor, Kollam",MBBS,SM,10,mbbs_p2_final.pdf
2025,2,2122,4909,DV,DV,ALP,"T D Govt. Medical College, Alappuzha",MBBS,DV,1,mbbs_p2_final.pdf
2025,2,2123,4911,EZ,SM,MMH,"Malabar Medical College Hospital, Kozhikkode",MBBS,SM,20,mbbs_p2_final.pdf
2025,2,2124,4918,EZ,AM,SIM,"Sree Narayana Institute of Medical Sciences, Chalakka, Ernakulam.",MBBS,AM,20,mbbs_p2_final.pdf
2025,2,2125,4919,BH,SM,TRM,"Travancore Medical College, Umayanalloor, Kollam",MBBS,SM,4,mbbs_p2_final.pdf
2025,2,2126,4926,EW,EW,TCD,"Govt. Dental College, Thrissur",BDS,EW,17,mbbs_p2_final.pdf
2025,2,2127,4928,SC,SC,KKM,"Govt. Medical College, Kozhikkode",MBBS,SC,1,mbbs_p2_final.pdf
2025,2,2128,4930,MU,SM,KCM,"KMCT Medical College, Mukkom, Kozikkode",MBBS,SM,15,mbbs_p2_final.pdf
2025,2,2129,4933,General,AM,KDM,"P K Das Institute of Medical Sciences, Ottapalam",MBBS,AM,7,mbbs_p2_final.pdf
2025,2,2130,4936,General,AM,KDM,"P K Das Institute of Medical Sciences, Ottapalam",MBBS,AM,12,mbbs_p2_final.pdf
2025,2,2131,4937,General,AC,JMC,"Jubilee Mission Medical College, Thrisur",MBBS,AC,16,mbbs_p2_final.pdf
2025,2,2132,4939,MU,SM,MMH,"Malabar Medical College Hospital, Kozhikkode",MBBS,SM,21,mbbs_p2_final.pdf
2025,2,2133,4941,BH,SM,MMH,"Malabar Medical College Hospital, Kozhikkode",MBBS,SM,15,mbbs_p2_final.pdf
2025,2,2134,4957,General,SM,MMH,"Malabar Medical College Hospital, Kozhikkode",MBBS,SM,13,mbbs_p2_final.pdf
2025,2,2135,4959,MU,SM,KCM,"KMCT Medical College, Mukkom, Kozikkode",MBBS,SM,19,mbbs_p2_final.pdf
2025,2,2136,4961,LA,AC,AMC,"Amala Institute of Medical Sciences, Thrissur",MBBS,AC,14,mbbs_p2_final.pdf
2025,2,2137,4966,EZ,SM,MMH,"Malabar Medical College Hospital, Kozhikkode",MBBS,SM,15,mbbs_p2_final.pdf
2025,2,2138,4967,General,AM,SIM,"Sree Narayana Institute of Medical Sciences, Chalakka, Ernakulam.",MBBS,AM,8,mbbs_p2_final.pdf
2025,2,2139,4968,BH,SM,TRM,"Travancore Medical College, Umayanalloor, Kollam",MBBS,SM,15,mbbs_p2_final.pdf
2025,2,2140,4971,EZ,FL-EZ,KND,"Government Dental College, Kannur",BDS,FL-EZ,13,mbbs_p2_final.pdf
2025,2,2141,4973,DV,DV,KNM,Government Medical College Kannur,MBBS,DV,6,mbbs_p2_final.pdf
2025,2,2142,4977,General,SM,KCM,"KMCT Medical College, Mukkom, Kozikkode",MBBS,SM,20,mbbs_p2_final.pdf
2025,2,2143,4978,General,SM,MMH,"Malabar Medical College Hospital, Kozhikkode",MBBS,SM,1,mbbs_p2_final.pdf
2025,2,2144,4981,General,AM,SIM,"Sree Narayana Institute of Medical Sciences, Chalakka, Ernakulam.",MBBS,AM,8,mbbs_p2_final.pdf
2025,2,2145,4988,General,SM,TRM,"Travancore Medical College, Umayanalloor, Kollam",MBBS,SM,16,mbbs_p2_final.pdf
2025,2,2146,4995,MU,SM,KCM,"KMCT Medical College, Mukkom, Kozikkode",MBBS,SM,1,mbbs_p2_final.pdf
2025,2,2147,4999,EZ,FL-EZ,KND,"Government Dental College, Kannur",BDS,FL-EZ,17,mbbs_p2_final.pdf
2025,2,2148,5000,EZ,SM,TRM,"Travancore Medical College, Umayanalloor, Kollam",MBBS,SM,21,mbbs_p2_final.pdf
2025,2,2149,5001,EZ,SM,TRM,"Travancore Medical College, Umayanalloor, Kollam",MBBS,SM,16,mbbs_p2_final.pdf
2025,2,2150,5002,SC,SC,TVM,"Govt. Medical College, Thiruvananthapuram",MBBS,SC,1,mbbs_p2_final.pdf
2025,2,2151,5007,EW,EW,GMC,"Sree Gokulam Medical College, Venjaramoodu, TVPM",MBBS,EW,17,mbbs_p2_final.pdf
2025,2,2152,5011,MU,SM,KCM,"KMCT Medical College, Mukkom, Kozikkode",MBBS,SM,1,mbbs_p2_final.pdf
2025,2,2153,5014,EZ,SM,SMC,"Dr. Somervell Memorial CSI Medical College, Karakonam",MBBS,SM,17,mbbs_p2_final.pdf
2025,2,2154,5016,General,AC,JMC,"Jubilee Mission Medical College, Thrisur",MBBS,AC,4,mbbs_p2_final.pdf
2025,2,2155,5017,General,AC,JMC,"Jubilee Mission Medical College, Thrisur",MBBS,AC,16,mbbs_p2_final.pdf
2025,2,2156,5018,MU,SM,TRM,"Travancore Medical College, Umayanalloor, Kollam",MBBS,SM,19,mbbs_p2_final.pdf
2025,2,2157,5019,General,AM,SIM,"Sree Narayana Institute of Medical Sciences, Chalakka, Ernakulam.",MBBS,AM,9,mbbs_p2_final.pdf
2025,2,2158,5029,General,AM,SIM,"Sree Narayana Institute of Medical Sciences, Chalakka, Ernakulam.",MBBS,AM,12,mbbs_p2_final.pdf
2025,2,2159,5034,General,SM,SMC,"Dr. Somervell Memorial CSI Medical College, Karakonam",MBBS,SM,14,mbbs_p2_final.pdf
2025,2,2160,5037,MU,SM,TRM,"Travancore Medical College, Umayanalloor, Kollam",MBBS,SM,20,mbbs_p2_final.pdf
2025,2,2161,5042,General,SM,TRM,"Travancore Medical College, Umayanalloor, Kollam",MBBS,SM,18,mbbs_p2_final.pdf
2025,2,2162,5044,BH,SM,KCM,"KMCT Medical College, Mukkom, Kozikkode",MBBS,SM,1,mbbs_p2_final.pdf
2025,2,2163,5048,BH,SM,MMH,"Malabar Medical College Hospital, Kozhikkode",MBBS,SM,18,mbbs_p2_final.pdf
2025,2,2164,5052,General,SM,MMH,"Malabar Medical College Hospital, Kozhikkode",MBBS,SM,1,mbbs_p2_final.pdf
2025,2,2165,5055,SC,SC,KKM,"Govt. Medical College, Kozhikkode",MBBS,SC,1,mbbs_p2_final.pdf
2025,2,2166,5059,BH,SM,MMH,"Malabar Medical College Hospital, Kozhikkode",MBBS,SM,17,mbbs_p2_final.pdf
2025,2,2167,5060,General,AC,JMC,"Jubilee Mission Medical College, Thrisur",MBBS,AC,2,mbbs_p2_final.pdf
2025,2,2168,5062,DV,DV,ALP,"T D Govt. Medical College, Alappuzha",MBBS,DV,5,mbbs_p2_final.pdf
2025,2,2169,5063,MU,AM,DMM,"Dr. Moopens Medical College, Meppadi, Wayanad",MBBS,AM,15,mbbs_p2_final.pdf
2025,2,2170,5066,MU,SM,KCM,"KMCT Medical College, Mukkom, Kozikkode",MBBS,SM,17,mbbs_p2_final.pdf
2025,2,2171,5068,General,AM,AZC,"Azeezia Institute of Medi Science, Meyyannoor, Kollam",MBBS,AM,4,mbbs_p2_final.pdf
2025,2,2172,5070,General,SM,TRM,"Travancore Medical College, Umayanalloor, Kollam",MBBS,SM,1,mbbs_p2_final.pdf
2025,2,2173,5076,General,SM,MMH,"Malabar Medical College Hospital, Kozhikkode",MBBS,SM,21,mbbs_p2_final.pdf
2025,2,2174,5078,General,AC,JMC,"Jubilee Mission Medical College, Thrisur",MBBS,AC,16,mbbs_p2_final.pdf
2025,2,2175,5081,EZ,SM,KCM,"KMCT Medical College, Mukkom, Kozikkode",MBBS,SM,19,mbbs_p2_final.pdf
2025,2,2176,5084,MU,SM,MMH,"Malabar Medical College Hospital, Kozhikkode",MBBS,SM,17,mbbs_p2_final.pdf
2025,2,2177,5085,MU,SM,KCM,"KMCT Medical College, Mukkom, Kozikkode",MBBS,SM,1,mbbs_p2_final.pdf
2025,2,2178,5086,EZ,SM,MMH,"Malabar Medical College Hospital, Kozhikkode",MBBS,SM,21,mbbs_p2_final.pdf
2025,2,2179,5094,BH,SM,TRM,"Travancore Medical College, Umayanalloor, Kollam",MBBS,SM,12,mbbs_p2_final.pdf
2025,2,2180,5096,MU,MM,TRM,"Travancore Medical College, Umayanalloor, Kollam",MBBS,MM,1,mbbs_p2_final.pdf
2025,2,2181,5099,EZ,SM,MMH,"Malabar Medical College Hospital, Kozhikkode",MBBS,SM,13,mbbs_p2_final.pdf
2025,2,2182,5104,MU,AM,DMM,"Dr. Moopens Medical College, Meppadi, Wayanad",MBBS,AM,15,mbbs_p2_final.pdf
2025,2,2183,5108,General,AM,SIM,"Sree Narayana Institute of Medical Sciences, Chalakka, Ernakulam.",MBBS,AM,11,mbbs_p2_final.pdf
2025,2,2184,5119,MU,SM,KCM,"KMCT Medical College, Mukkom, Kozikkode",MBBS,SM,3,mbbs_p2_final.pdf
2025,2,2185,5122,EW,AC,PMC,"Pushpagiri Institute of Medical Science, Thiruvalla",MBBS,AC,12,mbbs_p2_final.pdf
2025,2,2186,5127,General,AM,KDM,"P K Das Institute of Medical Sciences, Ottapalam",MBBS,AM,10,mbbs_p2_final.pdf
2025,2,2187,5129,BH,SM,MMH,"Malabar Medical College Hospital, Kozhikkode",MBBS,SM,17,mbbs_p2_final.pdf
2025,2,2188,5134,General,AM,SIM,"Sree Narayana Institute of Medical Sciences, Chalakka, Ernakulam.",MBBS,AM,2,mbbs_p2_final.pdf
2025,2,2189,5135,General,AM,KMM,"Karuna Medical College, Vilayodi, Palakkad",MBBS,AM,1,mbbs_p2_final.pdf
2025,2,2190,5140,General,AM,KDM,"P K Das Institute of Medical Sciences, Ottapalam",MBBS,AM,7,mbbs_p2_final.pdf
2025,2,2191,5142,General,AM,KDM,"P K Das Institute of Medical Sciences, Ottapalam",MBBS,AM,14,mbbs_p2_final.pdf
2025,2,2192,5145,General,AC,JMC,"Jubilee Mission Medical College, Thrisur",MBBS,AC,16,mbbs_p2_final.pdf
2025,2,2193,5148,MU,SM,KCM,"KMCT Medical College, Mukkom, Kozikkode",MBBS,SM,1,mbbs_p2_final.pdf
2025,2,2194,5163,General,AM,AZC,"Azeezia Institute of Medi Science, Meyyannoor, Kollam",MBBS,AM,12,mbbs_p2_final.pdf
2025,2,2195,5167,MU,SM,KCM,"KMCT Medical College, Mukkom, Kozikkode",MBBS,SM,20,mbbs_p2_final.pdf
2025,2,2196,5171,MU,SM,KCM,"KMCT Medical College, Mukkom, Kozikkode",MBBS,SM,18,mbbs_p2_final.pdf
2025,2,2197,5172,General,AM,DMM,"Dr. Moopens Medical College, Meppadi, Wayanad",MBBS,AM,14,mbbs_p2_final.pdf
2025,2,2198,5174,MU,SM,MMH,"Malabar Medical College Hospital, Kozhikkode",MBBS,SM,19,mbbs_p2_final.pdf
2025,2,2199,5175,General,AM,AZC,"Azeezia Institute of Medi Science, Meyyannoor, Kollam",MBBS,AM,8,mbbs_p2_final.pdf
2025,2,2200,5178,EZ,SM,MMH,"Malabar Medical College Hospital, Kozhikkode",MBBS,SM,1,mbbs_p2_final.pdf
2025,2,2201,5179,LA,AC,AMC,"Amala Institute of Medical Sciences, Thrissur",MBBS,AC,16,mbbs_p2_final.pdf
2025,2,2202,5181,General,AM,DMM,"Dr. Moopens Medical College, Meppadi, Wayanad",MBBS,AM,11,mbbs_p2_final.pdf
2025,2,2203,5184,MU,SM,KCM,"KMCT Medical College, Mukkom, Kozikkode",MBBS,SM,1,mbbs_p2_final.pdf
2025,2,2204,5186,EZ,SM,KCM,"KMCT Medical College, Mukkom, Kozikkode",MBBS,SM,1,mbbs_p2_final.pdf
2025,2,2205,5191,General,SM,KCM,"KMCT Medical College, Mukkom, Kozikkode",MBBS,SM,17,mbbs_p2_final.pdf
2025,2,2206,5192,General,AC,JMC,"Jubilee Mission Medical College, Thrisur",MBBS,AC,16,mbbs_p2_final.pdf
2025,2,2207,5193,General,SM,MMH,"Malabar Medical College Hospital, Kozhikkode",MBBS,SM,18,mbbs_p2_final.pdf
2025,2,2208,5196,MU,SM,KCM,"KMCT Medical College, Mukkom, Kozikkode",MBBS,SM,23,mbbs_p2_final.pdf
2025,2,2209,5201,General,AM,AZC,"Azeezia Institute of Medi Science, Meyyannoor, Kollam",MBBS,AM,6,mbbs_p2_final.pdf
2025,2,2210,5206,BH,SM,MMH,"Malabar Medical College Hospital, Kozhikkode",MBBS,SM,18,mbbs_p2_final.pdf
2025,2,2211,5209,BH,SM,SUC,"SUT Accademy of Medical Sciences, Thiruvananthapuram",MBBS,SM,18,mbbs_p2_final.pdf
2025,2,2212,5213,General,AM,MZM,"Mount Zion Medical College, Pathanamthitta",MBBS,AM,6,mbbs_p2_final.pdf
2025,2,2213,5216,General,AM,KMM,"Karuna Medical College, Vilayodi, Palakkad",MBBS,AM,4,mbbs_p2_final.pdf
2025,2,2214,5218,EZ,SM,SMC,"Dr. Somervell Memorial CSI Medical College, Karakonam",MBBS,SM,18,mbbs_p2_final.pdf
2025,2,2215,5219,MU,SM,KCM,"KMCT Medical College, Mukkom, Kozikkode",MBBS,SM,18,mbbs_p2_final.pdf
2025,2,2216,5220,General,AC,JMC,"Jubilee Mission Medical College, Thrisur",MBBS,AC,13,mbbs_p2_final.pdf
2025,2,2217,5221,EZ,SM,MMH,"Malabar Medical College Hospital, Kozhikkode",MBBS,SM,15,mbbs_p2_final.pdf
2025,2,2218,5222,General,AM,DMM,"Dr. Moopens Medical College, Meppadi, Wayanad",MBBS,AM,1,mbbs_p2_final.pdf
2025,2,2219,5225,SC,SC,TVM,"Govt. Medical College, Thiruvananthapuram",MBBS,SC,1,mbbs_p2_final.pdf
2025,2,2220,5234,General,SM,SIM,"Sree Narayana Institute of Medical Sciences, Chalakka, Ernakulam.",MBBS,SM,1,mbbs_p2_final.pdf
2025,2,2221,5235,EZ,SM,SUC,"SUT Accademy of Medical Sciences, Thiruvananthapuram",MBBS,SM,1,mbbs_p2_final.pdf
2025,2,2222,5236,MU,SM,KCM,"KMCT Medical College, Mukkom, Kozikkode",MBBS,SM,17,mbbs_p2_final.pdf
2025,2,2223,5237,LA,LA,MMC,"Malankara Orthodox Syrian Church MediCollege, Kolenchery",MBBS,LA,18,mbbs_p2_final.pdf
2025,2,2224,5239,BH,SM,MMH,"Malabar Medical College Hospital, Kozhikkode",MBBS,SM,16,mbbs_p2_final.pdf
2025,2,2225,5241,General,AC,JMC,"Jubilee Mission Medical College, Thrisur",MBBS,AC,7,mbbs_p2_final.pdf
2025,2,2226,5243,General,AC,JMC,"Jubilee Mission Medical College, Thrisur",MBBS,AC,8,mbbs_p2_final.pdf
2025,2,2227,5244,VK,SD,KKD,"Govt. Dental College, Kozhikkode",BDS,SD,17,mbbs_p2_final.pdf
2025,2,2228,5246,EZ,SM,KCM,"KMCT Medical College, Mukkom, Kozikkode",MBBS,SM,21,mbbs_p2_final.pdf
2025,2,2229,5251,MU,SM,KCM,"KMCT Medical College, Mukkom, Kozikkode",MBBS,SM,14,mbbs_p2_final.pdf
2025,2,2230,5255,EZ,SM,SUC,"SUT Accademy of Medical Sciences, Thiruvananthapuram",MBBS,SM,20,mbbs_p2_final.pdf
2025,2,2231,5258,MU,SM,MMH,"Malabar Medical College Hospital, Kozhikkode",MBBS,SM,17,mbbs_p2_final.pdf
2025,2,2232,5270,General,AC,AMC,"Amala Institute of Medical Sciences, Thrissur",MBBS,AC,18,mbbs_p2_final.pdf
2025,2,2233,5273,EW,AC,AMC,"Amala Institute of Medical Sciences, Thrissur",MBBS,AC,16,mbbs_p2_final.pdf
2025,2,2234,5275,General,AM,KDM,"P K Das Institute of Medical Sciences, Ottapalam",MBBS,AM,10,mbbs_p2_final.pdf
2025,2,2235,5277,General,AM,DMM,"Dr. Moopens Medical College, Meppadi, Wayanad",MBBS,AM,1,mbbs_p2_final.pdf
2025,2,2236,5279,General,SM,TRM,"Travancore Medical College, Umayanalloor, Kollam",MBBS,SM,22,mbbs_p2_final.pdf
2025,2,2237,5281,MU,AM,AZC,"Azeezia Institute of Medi Science, Meyyannoor, Kollam",MBBS,AM,1,mbbs_p2_final.pdf
2025,2,2238,5282,General,AC,AMC,"Amala Institute of Medical Sciences, Thrissur",MBBS,AC,2,mbbs_p2_final.pdf
2025,2,2239,5287,LA,LA,KKD,"Govt. Dental College, Kozhikkode",BDS,LA,15,mbbs_p2_final.pdf
2025,2,2240,5288,VK,SM,MMH,"Malabar Medical College Hospital, Kozhikkode",MBBS,SM,15,mbbs_p2_final.pdf
2025,2,2241,5290,MU,SM,MMH,"Malabar Medical College Hospital, Kozhikkode",MBBS,SM,1,mbbs_p2_final.pdf
2025,2,2242,5292,General,AC,MMC,"Malankara Orthodox Syrian Church MediCollege, Kolenchery",MBBS,AC,1,mbbs_p2_final.pdf
2025,2,2243,5293,General,SM,MMH,"Malabar Medical College Hospital, Kozhikkode",MBBS,SM,15,mbbs_p2_final.pdf
2025,2,2244,5295,MU,MM,KCM,"KMCT Medical College, Mukkom, Kozikkode",MBBS,MM,1,mbbs_p2_final.pdf
2025,2,2245,5296,MU,MM,KCM,"KMCT Medical College, Mukkom, Kozikkode",MBBS,MM,1,mbbs_p2_final.pdf
2025,2,2246,5297,MU,SM,SMC,"Dr. Somervell Memorial CSI Medical College, Karakonam",MBBS,SM,22,mbbs_p2_final.pdf
2025,2,2247,5298,General,SM,TRM,"Travancore Medical College, Umayanalloor, Kollam",MBBS,SM,22,mbbs_p2_final.pdf
2025,2,2248,5299,EW,AC,MMC,"Malankara Orthodox Syrian Church MediCollege, Kolenchery",MBBS,AC,15,mbbs_p2_final.pdf
2025,2,2249,5300,SC,SC,TVM,"Govt. Medical College, Thiruvananthapuram",MBBS,SC,1,mbbs_p2_final.pdf
2025,2,2250,5302,EZ,SM,KCM,"KMCT Medical College, Mukkom, Kozikkode",MBBS,SM,16,mbbs_p2_final.pdf
2025,2,2251,5306,General,SM,KCM,"KMCT Medical College, Mukkom, Kozikkode",MBBS,SM,23,mbbs_p2_final.pdf
2025,2,2252,5308,General,AM,MZM,"Mount Zion Medical College, Pathanamthitta",MBBS,AM,1,mbbs_p2_final.pdf
2025,2,2253,5309,General,AM,DMM,"Dr. Moopens Medical College, Meppadi, Wayanad",MBBS,AM,1,mbbs_p2_final.pdf
2025,2,2254,5315,General,AM,KDM,"P K Das Institute of Medical Sciences, Ottapalam",MBBS,AM,13,mbbs_p2_final.pdf
2025,2,2255,5321,SC,SC,TVM,"Govt. Medical College, Thiruvananthapuram",MBBS,SC,1,mbbs_p2_final.pdf
2025,2,2256,5322,LA,LA,GMC,"Sree Gokulam Medical College, Venjaramoodu, TVPM",MBBS,LA,15,mbbs_p2_final.pdf
2025,2,2257,5326,MU,MU,TRM,"Travancore Medical College, Umayanalloor, Kollam",MBBS,MU,17,mbbs_p2_final.pdf
2025,2,2258,5337,General,NR,JMC,"Jubilee Mission Medical College, Thrisur",MBBS,NR,1,mbbs_p2_final.pdf
2025,2,2259,5339,General,SM,SUC,"SUT Accademy of Medical Sciences, Thiruvananthapuram",MBBS,SM,1,mbbs_p2_final.pdf
2025,2,2260,5340,General,AC,MMC,"Malankara Orthodox Syrian Church MediCollege, Kolenchery",MBBS,AC,5,mbbs_p2_final.pdf
2025,2,2261,5342,EW,SM,MMH,"Malabar Medical College Hospital, Kozhikkode",MBBS,SM,17,mbbs_p2_final.pdf
2025,2,2262,5344,MU,MM,KCM,"KMCT Medical College, Mukkom, Kozikkode",MBBS,MM,14,mbbs_p2_final.pdf
2025,2,2263,5346,General,AM,AZC,"Azeezia Institute of Medi Science, Meyyannoor, Kollam",MBBS,AM,11,mbbs_p2_final.pdf
2025,2,2264,5349,General,AM,AAM,"Al Azhar Medical college, Thodupuzha",MBBS,AM,1,mbbs_p2_final.pdf
2025,2,2265,5350,BH,SM,MMH,"Malabar Medical College Hospital, Kozhikkode",MBBS,SM,17,mbbs_p2_final.pdf
2025,2,2266,5355,General,SM,MMH,"Malabar Medical College Hospital, Kozhikkode",MBBS,SM,22,mbbs_p2_final.pdf
2025,2,2267,5362,EW,EW,GMC,"Sree Gokulam Medical College, Venjaramoodu, TVPM",MBBS,EW,14,mbbs_p2_final.pdf
2025,2,2268,5364,BX,PD,TVM,"Govt. Medical College, Thiruvananthapuram",MBBS,PD,1,mbbs_p2_final.pdf
2025,2,2269,5365,EZ,SM,KCM,"KMCT Medical College, Mukkom, Kozikkode",MBBS,SM,22,mbbs_p2_final.pdf
2025,2,2270,5367,BH,SM,MMH,"Malabar Medical College Hospital, Kozhikkode",MBBS,SM,18,mbbs_p2_final.pdf
2025,2,2271,5372,EW,EW,TCD,"Govt. Dental College, Thrissur",BDS,EW,16,mbbs_p2_final.pdf
2025,2,2272,5373,General,AC,BCM,"Believers Church Medical College Hospital, Thiruvalla",MBBS,AC,12,mbbs_p2_final.pdf
2025,2,2273,5376,EZ,SM,MMH,"Malabar Medical College Hospital, Kozhikkode",MBBS,SM,1,mbbs_p2_final.pdf
2025,2,2274,5377,EZ,SM,KCM,"KMCT Medical College, Mukkom, Kozikkode",MBBS,SM,15,mbbs_p2_final.pdf
2025,2,2275,5385,LA,AC,MMC,"Malankara Orthodox Syrian Church MediCollege, Kolenchery",MBBS,AC,16,mbbs_p2_final.pdf
2025,2,2276,5391,General,SM,SMC,"Dr. Somervell Memorial CSI Medical College, Karakonam",MBBS,SM,19,mbbs_p2_final.pdf
2025,2,2277,5396,EZ,SM,MMH,"Malabar Medical College Hospital, Kozhikkode",MBBS,SM,15,mbbs_p2_final.pdf
2025,2,2278,5397,MU,SM,KCM,"KMCT Medical College, Mukkom, Kozikkode",MBBS,SM,7,mbbs_p2_final.pdf
2025,2,2279,5400,DV,DV,KNM,Government Medical College Kannur,MBBS,DV,6,mbbs_p2_final.pdf
2025,2,2280,5402,General,AM,PIM,"Palakkad Institute of Medical Sciences, Walayar",MBBS,AM,2,mbbs_p2_final.pdf
2025,2,2281,5406,General,AM,DMM,"Dr. Moopens Medical College, Meppadi, Wayanad",MBBS,AM,13,mbbs_p2_final.pdf
2025,2,2282,5408,VK,VK,GMC,"Sree Gokulam Medical College, Venjaramoodu, TVPM",MBBS,VK,1,mbbs_p2_final.pdf
2025,2,2283,5410,EW,EW,KTD,"Govt. Dental College, Kottayam",BDS,EW,15,mbbs_p2_final.pdf
2025,2,2284,5411,General,AM,KDM,"P K Das Institute of Medical Sciences, Ottapalam",MBBS,AM,13,mbbs_p2_final.pdf
2025,2,2285,5413,SC,SC,KKM,"Govt. Medical College, Kozhikkode",MBBS,SC,1,mbbs_p2_final.pdf
2025,2,2286,5414,General,AM,KMM,"Karuna Medical College, Vilayodi, Palakkad",MBBS,AM,13,mbbs_p2_final.pdf
2025,2,2287,5415,General,AM,KMM,"Karuna Medical College, Vilayodi, Palakkad",MBBS,AM,13,mbbs_p2_final.pdf
2025,2,2288,5425,MU,SM,KMD,"KMCT Dental College, Mambatta, Mukkam, Kozhikode",BDS,SM,21,mbbs_p2_final.pdf
2025,2,2289,5427,General,AC,AMC,"Amala Institute of Medical Sciences, Thrissur",MBBS,AC,18,mbbs_p2_final.pdf
2025,2,2290,5428,General,AM,AZC,"Azeezia Institute of Medi Science, Meyyannoor, Kollam",MBBS,AM,14,mbbs_p2_final.pdf
2025,2,2291,5429,MU,SM,KCM,"KMCT Medical College, Mukkom, Kozikkode",MBBS,SM,19,mbbs_p2_final.pdf
2025,2,2292,5431,General,SM,KCM,"KMCT Medical College, Mukkom, Kozikkode",MBBS,SM,11,mbbs_p2_final.pdf
2025,2,2293,5432,General,SM,SUC,"SUT Accademy of Medical Sciences, Thiruvananthapuram",MBBS,SM,1,mbbs_p2_final.pdf
2025,2,2294,5435,SC,SC,TCM,"Govt. Medical College, Thrissur",MBBS,SC,1,mbbs_p2_final.pdf
2025,2,2295,5440,EZ,SM,MMH,"Malabar Medical College Hospital, Kozhikkode",MBBS,SM,21,mbbs_p2_final.pdf
2025,2,2296,5442,General,AM,AAM,"Al Azhar Medical college, Thodupuzha",MBBS,AM,4,mbbs_p2_final.pdf
2025,2,2297,5444,General,AM,KDM,"P K Das Institute of Medical Sciences, Ottapalam",MBBS,AM,12,mbbs_p2_final.pdf
2025,2,2298,5446,BH,SM,KCM,"KMCT Medical College, Mukkom, Kozikkode",MBBS,SM,21,mbbs_p2_final.pdf
2025,2,2299,5447,DV,DV,MLP,"Govt. Medical College, Manjeri",MBBS,DV,6,mbbs_p2_final.pdf
2025,2,2300,5448,General,SM,SIM,"Sree Narayana Institute of Medical Sciences, Chalakka, Ernakulam.",MBBS,SM,1,mbbs_p2_final.pdf
2025,2,2301,5449,MU,SM,MMH,"Malabar Medical College Hospital, Kozhikkode",MBBS,SM,19,mbbs_p2_final.pdf
2025,2,2302,5451,EW,EW,TCD,"Govt. Dental College, Thrissur",BDS,EW,17,mbbs_p2_final.pdf
2025,2,2303,5452,MU,MM,TRM,"Travancore Medical College, Umayanalloor, Kollam",MBBS,MM,16,mbbs_p2_final.pdf
2025,2,2304,5454,DV,DV,KLM,"Govt. Medical College, Parippally, Kollam",MBBS,DV,4,mbbs_p2_final.pdf
2025,2,2305,5456,General,AC,AMC,"Amala Institute of Medical Sciences, Thrissur",MBBS,AC,14,mbbs_p2_final.pdf
2025,2,2306,5460,General,AM,DMM,"Dr. Moopens Medical College, Meppadi, Wayanad",MBBS,AM,20,mbbs_p2_final.pdf
2025,2,2307,5461,General,SM,MMH,"Malabar Medical College Hospital, Kozhikkode",MBBS,SM,18,mbbs_p2_final.pdf
2025,2,2308,5463,MU,MM,KCM,"KMCT Medical College, Mukkom, Kozikkode",MBBS,MM,7,mbbs_p2_final.pdf
2025,2,2309,5466,General,SM,MBD,"Mar Baselious Dental College, Kothamangalam",BDS,SM,21,mbbs_p2_final.pdf
2025,2,2310,5469,General,AM,KDM,"P K Das Institute of Medical Sciences, Ottapalam",MBBS,AM,10,mbbs_p2_final.pdf
2025,2,2311,5473,General,SM,MMH,"Malabar Medical College Hospital, Kozhikkode",MBBS,SM,17,mbbs_p2_final.pdf
2025,2,2312,5476,SC,SC,KKM,"Govt. Medical College, Kozhikkode",MBBS,SC,1,mbbs_p2_final.pdf
2025,2,2313,5477,General,AM,DMM,"Dr. Moopens Medical College, Meppadi, Wayanad",MBBS,AM,13,mbbs_p2_final.pdf
2025,2,2314,5481,EZ,SM,SUC,"SUT Accademy of Medical Sciences, Thiruvananthapuram",MBBS,SM,1,mbbs_p2_final.pdf
2025,2,2315,5482,MU,SM,MMH,"Malabar Medical College Hospital, Kozhikkode",MBBS,SM,22,mbbs_p2_final.pdf
2025,2,2316,5483,VK,VK,GMC,"Sree Gokulam Medical College, Venjaramoodu, TVPM",MBBS,VK,15,mbbs_p2_final.pdf
2025,2,2317,5485,EZ,SM,KCM,"KMCT Medical College, Mukkom, Kozikkode",MBBS,SM,5,mbbs_p2_final.pdf
2025,2,2318,5488,MU,SM,SMC,"Dr. Somervell Memorial CSI Medical College, Karakonam",MBBS,SM,19,mbbs_p2_final.pdf
2025,2,2319,5489,BX,BX,GMC,"Sree Gokulam Medical College, Venjaramoodu, TVPM",MBBS,BX,15,mbbs_p2_final.pdf
2025,2,2320,5490,General,AM,KDM,"P K Das Institute of Medical Sciences, Ottapalam",MBBS,AM,13,mbbs_p2_final.pdf
2025,2,2321,5491,General,AM,MZM,"Mount Zion Medical College, Pathanamthitta",MBBS,AM,2,mbbs_p2_final.pdf
2025,2,2322,5492,EZ,SM,SIM,"Sree Narayana Institute of Medical Sciences, Chalakka, Ernakulam.",MBBS,SM,1,mbbs_p2_final.pdf
2025,2,2323,5494,General,AM,AZC,"Azeezia Institute of Medi Science, Meyyannoor, Kollam",MBBS,AM,5,mbbs_p2_final.pdf
2025,2,2324,5498,General,AM,KDM,"P K Das Institute of Medical Sciences, Ottapalam",MBBS,AM,14,mbbs_p2_final.pdf
2025,2,2325,5502,EZ,SM,MMH,"Malabar Medical College Hospital, Kozhikkode",MBBS,SM,15,mbbs_p2_final.pdf
2025,2,2326,5504,General,SM,SUC,"SUT Accademy of Medical Sciences, Thiruvananthapuram",MBBS,SM,21,mbbs_p2_final.pdf
2025,2,2327,5506,EW,EW,ALD,"Government Dental College, Alappuzha",BDS,EW,18,mbbs_p2_final.pdf
2025,2,2328,5509,MU,MM,TRM,"Travancore Medical College, Umayanalloor, Kollam",MBBS,MM,1,mbbs_p2_final.pdf
2025,2,2329,5512,EW,EW,KND,"Government Dental College, Kannur",BDS,EW,2,mbbs_p2_final.pdf
2025,2,2330,5516,General,AM,PIM,"Palakkad Institute of Medical Sciences, Walayar",MBBS,AM,11,mbbs_p2_final.pdf
2025,2,2331,5518,BX,SM,SMC,"Dr. Somervell Memorial CSI Medical College, Karakonam",MBBS,SM,13,mbbs_p2_final.pdf
2025,2,2332,5522,General,AC,AMC,"Amala Institute of Medical Sciences, Thrissur",MBBS,AC,18,mbbs_p2_final.pdf
2025,2,2333,5524,BH,SM,SIM,"Sree Narayana Institute of Medical Sciences, Chalakka, Ernakulam.",MBBS,SM,1,mbbs_p2_final.pdf
2025,2,2334,5525,BH,SM,MMH,"Malabar Medical College Hospital, Kozhikkode",MBBS,SM,13,mbbs_p2_final.pdf
2025,2,2335,5529,BH,AM,KDM,"P K Das Institute of Medical Sciences, Ottapalam",MBBS,AM,22,mbbs_p2_final.pdf
2025,2,2336,5530,BH,SM,MMH,"Malabar Medical College Hospital, Kozhikkode",MBBS,SM,10,mbbs_p2_final.pdf
2025,2,2337,5532,EZ,SM,SUC,"SUT Accademy of Medical Sciences, Thiruvananthapuram",MBBS,SM,15,mbbs_p2_final.pdf
2025,2,2338,5535,General,SM,MMH,"Malabar Medical College Hospital, Kozhikkode",MBBS,SM,15,mbbs_p2_final.pdf
2025,2,2339,5537,SC,SC,TVM,"Govt. Medical College, Thiruvananthapuram",MBBS,SC,1,mbbs_p2_final.pdf
2025,2,2340,5541,DV,DV,MLP,"Govt. Medical College, Manjeri",MBBS,DV,6,mbbs_p2_final.pdf
2025,2,2341,5542,General,SM,MMH,"Malabar Medical College Hospital, Kozhikkode",MBBS,SM,5,mbbs_p2_final.pdf
2025,2,2342,5543,EZ,SM,SMC,"Dr. Somervell Memorial CSI Medical College, Karakonam",MBBS,SM,17,mbbs_p2_final.pdf
2025,2,2343,5544,General,SM,SUC,"SUT Accademy of Medical Sciences, Thiruvananthapuram",MBBS,SM,22,mbbs_p2_final.pdf
2025,2,2344,5545,General,AC,MMC,"Malankara Orthodox Syrian Church MediCollege, Kolenchery",MBBS,AC,1,mbbs_p2_final.pdf
2025,2,2345,5552,LA,LA,KTD,"Govt. Dental College, Kottayam",BDS,LA,15,mbbs_p2_final.pdf
2025,2,2346,5553,General,AC,MMC,"Malankara Orthodox Syrian Church MediCollege, Kolenchery",MBBS,AC,11,mbbs_p2_final.pdf
2025,2,2347,5569,General,AM,KMM,"Karuna Medical College, Vilayodi, Palakkad",MBBS,AM,13,mbbs_p2_final.pdf
2025,2,2348,5574,General,SM,MMH,"Malabar Medical College Hospital, Kozhikkode",MBBS,SM,21,mbbs_p2_final.pdf
2025,2,2349,5576,General,AM,KDM,"P K Das Institute of Medical Sciences, Ottapalam",MBBS,AM,8,mbbs_p2_final.pdf
2025,2,2350,5577,EZ,SM,MMH,"Malabar Medical College Hospital, Kozhikkode",MBBS,SM,17,mbbs_p2_final.pdf
2025,2,2351,5578,MU,SM,MED,"MES Dental College, Perinthalmanna",BDS,SM,21,mbbs_p2_final.pdf
2025,2,2352,5579,MU,SM,MMH,"Malabar Medical College Hospital, Kozhikkode",MBBS,SM,1,mbbs_p2_final.pdf
2025,2,2353,5580,General,AC,AMC,"Amala Institute of Medical Sciences, Thrissur",MBBS,AC,18,mbbs_p2_final.pdf
2025,2,2354,5582,MU,MU,TRM,"Travancore Medical College, Umayanalloor, Kollam",MBBS,MU,20,mbbs_p2_final.pdf
2025,2,2355,5589,General,AC,MMC,"Malankara Orthodox Syrian Church MediCollege, Kolenchery",MBBS,AC,5,mbbs_p2_final.pdf
2025,2,2356,5599,General,SM,SIM,"Sree Narayana Institute of Medical Sciences, Chalakka, Ernakulam.",MBBS,SM,1,mbbs_p2_final.pdf
2025,2,2357,5600,General,AM,MZM,"Mount Zion Medical College, Pathanamthitta",MBBS,AM,8,mbbs_p2_final.pdf
2025,2,2358,5602,General,AC,AMC,"Amala Institute of Medical Sciences, Thrissur",MBBS,AC,16,mbbs_p2_final.pdf
2025,2,2359,5607,General,AM,AZC,"Azeezia Institute of Medi Science, Meyyannoor, Kollam",MBBS,AM,9,mbbs_p2_final.pdf
2025,2,2360,5613,General,SM,MMH,"Malabar Medical College Hospital, Kozhikkode",MBBS,SM,10,mbbs_p2_final.pdf
2025,2,2361,5615,General,SM,MMH,"Malabar Medical College Hospital, Kozhikkode",MBBS,SM,17,mbbs_p2_final.pdf
2025,2,2362,5619,General,AC,AMC,"Amala Institute of Medical Sciences, Thrissur",MBBS,AC,16,mbbs_p2_final.pdf
2025,2,2363,5622,MU,MM,KCM,"KMCT Medical College, Mukkom, Kozikkode",MBBS,MM,19,mbbs_p2_final.pdf
2025,2,2364,5623,SC,SC,KKM,"Govt. Medical College, Kozhikkode",MBBS,SC,1,mbbs_p2_final.pdf
2025,2,2365,5624,EZ,EZ,TRM,"Travancore Medical College, Umayanalloor, Kollam",MBBS,EZ,19,mbbs_p2_final.pdf
2025,2,2366,5629,General,AM,DMM,"Dr. Moopens Medical College, Meppadi, Wayanad",MBBS,AM,13,mbbs_p2_final.pdf
2025,2,2367,5630,General,AC,AMC,"Amala Institute of Medical Sciences, Thrissur",MBBS,AC,18,mbbs_p2_final.pdf
2025,2,2368,5632,General,AC,MMC,"Malankara Orthodox Syrian Church MediCollege, Kolenchery",MBBS,AC,1,mbbs_p2_final.pdf
2025,2,2369,5640,General,AM,KDM,"P K Das Institute of Medical Sciences, Ottapalam",MBBS,AM,13,mbbs_p2_final.pdf
2025,2,2370,5641,General,AC,PMC,"Pushpagiri Institute of Medical Science, Thiruvalla",MBBS,AC,1,mbbs_p2_final.pdf
2025,2,2371,5642,General,AM,AZC,"Azeezia Institute of Medi Science, Meyyannoor, Kollam",MBBS,AM,13,mbbs_p2_final.pdf
2025,2,2372,5647,General,AC,MMC,"Malankara Orthodox Syrian Church MediCollege, Kolenchery",MBBS,AC,1,mbbs_p2_final.pdf
2025,2,2373,5652,General,AM,DMM,"Dr. Moopens Medical College, Meppadi, Wayanad",MBBS,AM,1,mbbs_p2_final.pdf
2025,2,2374,5657,MU,MM,KCM,"KMCT Medical College, Mukkom, Kozikkode",MBBS,MM,1,mbbs_p2_final.pdf
2025,2,2375,5658,BH,SM,MMH,"Malabar Medical College Hospital, Kozhikkode",MBBS,SM,22,mbbs_p2_final.pdf
2025,2,2376,5660,General,SM,SUC,"SUT Accademy of Medical Sciences, Thiruvananthapuram",MBBS,SM,20,mbbs_p2_final.pdf
2025,2,2377,5661,General,AM,KDM,"P K Das Institute of Medical Sciences, Ottapalam",MBBS,AM,9,mbbs_p2_final.pdf
2025,2,2378,5662,LA,LA,TVD,"Govt. Dental College, Thiruvananthapuram",BDS,LA,15,mbbs_p2_final.pdf
2025,2,2379,5665,BH,SM,SUC,"SUT Accademy of Medical Sciences, Thiruvananthapuram",MBBS,SM,15,mbbs_p2_final.pdf
2025,2,2380,5666,General,AC,MMC,"Malankara Orthodox Syrian Church MediCollege, Kolenchery",MBBS,AC,16,mbbs_p2_final.pdf
2025,2,2381,5669,MU,SM,MMH,"Malabar Medical College Hospital, Kozhikkode",MBBS,SM,18,mbbs_p2_final.pdf
2025,2,2382,5673,General,AM,KMM,"Karuna Medical College, Vilayodi, Palakkad",MBBS,AM,13,mbbs_p2_final.pdf
2025,2,2383,5675,General,AC,PMC,"Pushpagiri Institute of Medical Science, Thiruvalla",MBBS,AC,16,mbbs_p2_final.pdf
2025,2,2384,5681,LA,LA,GMC,"Sree Gokulam Medical College, Venjaramoodu, TVPM",MBBS,LA,15,mbbs_p2_final.pdf
2025,2,2385,5685,General,AC,BCM,"Believers Church Medical College Hospital, Thiruvalla",MBBS,AC,1,mbbs_p2_final.pdf
2025,2,2386,5688,MU,SM,MMH,"Malabar Medical College Hospital, Kozhikkode",MBBS,SM,5,mbbs_p2_final.pdf
2025,2,2387,5696,General,AC,MMC,"Malankara Orthodox Syrian Church MediCollege, Kolenchery",MBBS,AC,16,mbbs_p2_final.pdf
2025,2,2388,5709,General,AM,KDM,"P K Das Institute of Medical Sciences, Ottapalam",MBBS,AM,13,mbbs_p2_final.pdf
2025,2,2389,5710,General,AM,AAM,"Al Azhar Medical college, Thodupuzha",MBBS,AM,1,mbbs_p2_final.pdf
2025,2,2390,5716,MU,SM,SMC,"Dr. Somervell Memorial CSI Medical College, Karakonam",MBBS,SM,20,mbbs_p2_final.pdf
2025,2,2391,5719,General,AC,MMC,"Malankara Orthodox Syrian Church MediCollege, Kolenchery",MBBS,AC,18,mbbs_p2_final.pdf
2025,2,2392,5722,MU,SM,MMH,"Malabar Medical College Hospital, Kozhikkode",MBBS,SM,7,mbbs_p2_final.pdf
2025,2,2393,5723,General,AM,KDM,"P K Das Institute of Medical Sciences, Ottapalam",MBBS,AM,12,mbbs_p2_final.pdf
2025,2,2394,5726,BH,SM,SIM,"Sree Narayana Institute of Medical Sciences, Chalakka, Ernakulam.",MBBS,SM,13,mbbs_p2_final.pdf
2025,2,2395,5728,SC,SC,TVM,"Govt. Medical College, Thiruvananthapuram",MBBS,SC,1,mbbs_p2_final.pdf
2025,2,2396,5736,General,AM,KDM,"P K Das Institute of Medical Sciences, Ottapalam",MBBS,AM,7,mbbs_p2_final.pdf
2025,2,2397,5740,BX,AC,BCM,"Believers Church Medical College Hospital, Thiruvalla",MBBS,AC,16,mbbs_p2_final.pdf
2025,2,2398,5745,General,SM,SUC,"SUT Accademy of Medical Sciences, Thiruvananthapuram",MBBS,SM,14,mbbs_p2_final.pdf
2025,2,2399,5756,General,AM,KDM,"P K Das Institute of Medical Sciences, Ottapalam",MBBS,AM,2,mbbs_p2_final.pdf
2025,2,2400,5757,MU,MM,KCM,"KMCT Medical College, Mukkom, Kozikkode",MBBS,MM,18,mbbs_p2_final.pdf
2025,2,2401,5762,MU,SM,MMH,"Malabar Medical College Hospital, Kozhikkode",MBBS,SM,19,mbbs_p2_final.pdf
2025,2,2402,5764,General,SM,MMH,"Malabar Medical College Hospital, Kozhikkode",MBBS,SM,21,mbbs_p2_final.pdf
2025,2,2403,5765,General,AM,KDM,"P K Das Institute of Medical Sciences, Ottapalam",MBBS,AM,9,mbbs_p2_final.pdf
2025,2,2404,5766,General,AC,AMC,"Amala Institute of Medical Sciences, Thrissur",MBBS,AC,18,mbbs_p2_final.pdf
2025,2,2405,5767,General,AM,KDM,"P K Das Institute of Medical Sciences, Ottapalam",MBBS,AM,12,mbbs_p2_final.pdf
2025,2,2406,5768,General,AM,KDM,"P K Das Institute of Medical Sciences, Ottapalam",MBBS,AM,8,mbbs_p2_final.pdf
2025,2,2407,5770,BH,SM,MMH,"Malabar Medical College Hospital, Kozhikkode",MBBS,SM,18,mbbs_p2_final.pdf
2025,2,2408,5771,General,SM,SUC,"SUT Accademy of Medical Sciences, Thiruvananthapuram",MBBS,SM,21,mbbs_p2_final.pdf
2025,2,2409,5772,EZ,EZ,TRM,"Travancore Medical College, Umayanalloor, Kollam",MBBS,EZ,9,mbbs_p2_final.pdf
2025,2,2410,5773,EZ,SM,MMH,"Malabar Medical College Hospital, Kozhikkode",MBBS,SM,19,mbbs_p2_final.pdf
2025,2,2411,5774,General,SM,SMC,"Dr. Somervell Memorial CSI Medical College, Karakonam",MBBS,SM,22,mbbs_p2_final.pdf
2025,2,2412,5776,EZ,SM,MMH,"Malabar Medical College Hospital, Kozhikkode",MBBS,SM,18,mbbs_p2_final.pdf
2025,2,2413,5779,General,AM,AAM,"Al Azhar Medical college, Thodupuzha",MBBS,AM,1,mbbs_p2_final.pdf
2025,2,2414,5780,General,MM,KCM,"KMCT Medical College, Mukkom, Kozikkode",MBBS,MM,19,mbbs_p2_final.pdf
2025,2,2415,5781,EW,EW,KND,"Government Dental College, Kannur",BDS,EW,19,mbbs_p2_final.pdf
2025,2,2416,5789,General,AC,AMC,"Amala Institute of Medical Sciences, Thrissur",MBBS,AC,18,mbbs_p2_final.pdf
2025,2,2417,5790,LA,AC,AMC,"Amala Institute of Medical Sciences, Thrissur",MBBS,AC,18,mbbs_p2_final.pdf
2025,2,2418,5794,General,SM,MMH,"Malabar Medical College Hospital, Kozhikkode",MBBS,SM,22,mbbs_p2_final.pdf
2025,2,2419,5798,General,AC,PMC,"Pushpagiri Institute of Medical Science, Thiruvalla",MBBS,AC,16,mbbs_p2_final.pdf
2025,2,2420,5799,EZ,EZ,TRM,"Travancore Medical College, Umayanalloor, Kollam",MBBS,EZ,22,mbbs_p2_final.pdf
2025,2,2421,5802,EZ,SM,MMH,"Malabar Medical College Hospital, Kozhikkode",MBBS,SM,19,mbbs_p2_final.pdf
2025,2,2422,5804,General,AM,AAM,"Al Azhar Medical college, Thodupuzha",MBBS,AM,4,mbbs_p2_final.pdf
2025,2,2423,5806,General,AC,MMC,"Malankara Orthodox Syrian Church MediCollege, Kolenchery",MBBS,AC,18,mbbs_p2_final.pdf
2025,2,2424,5807,General,AC,BCM,"Believers Church Medical College Hospital, Thiruvalla",MBBS,AC,1,mbbs_p2_final.pdf
2025,2,2425,5809,MU,MM,TRM,"Travancore Medical College, Umayanalloor, Kollam",MBBS,MM,1,mbbs_p2_final.pdf
2025,2,2426,5812,EZ,SM,PMD,"Pushpagiri College of Dental Science, Thiruvalla",BDS,SM,25,mbbs_p2_final.pdf
2025,2,2427,5815,SC,SC,TVM,"Govt. Medical College, Thiruvananthapuram",MBBS,SC,1,mbbs_p2_final.pdf
2025,2,2428,5818,General,SM,SIM,"Sree Narayana Institute of Medical Sciences, Chalakka, Ernakulam.",MBBS,SM,3,mbbs_p2_final.pdf
2025,2,2429,5820,MU,MM,TRM,"Travancore Medical College, Umayanalloor, Kollam",MBBS,MM,19,mbbs_p2_final.pdf
2025,2,2430,5832,General,AM,KMM,"Karuna Medical College, Vilayodi, Palakkad",MBBS,AM,12,mbbs_p2_final.pdf
2025,2,2431,5833,EZ,SM,MMH,"Malabar Medical College Hospital, Kozhikkode",MBBS,SM,20,mbbs_p2_final.pdf
2025,2,2432,5834,General,AM,KMM,"Karuna Medical College, Vilayodi, Palakkad",MBBS,AM,13,mbbs_p2_final.pdf
2025,2,2433,5837,EZ,EZ,TRM,"Travancore Medical College, Umayanalloor, Kollam",MBBS,EZ,12,mbbs_p2_final.pdf
2025,2,2434,5841,MU,SM,MMH,"Malabar Medical College Hospital, Kozhikkode",MBBS,SM,17,mbbs_p2_final.pdf
2025,2,2435,5842,General,AM,AZC,"Azeezia Institute of Medi Science, Meyyannoor, Kollam",MBBS,AM,12,mbbs_p2_final.pdf
2025,2,2436,5843,BH,SM,SUC,"SUT Accademy of Medical Sciences, Thiruvananthapuram",MBBS,SM,1,mbbs_p2_final.pdf
2025,2,2437,5850,MU,MM,KCM,"KMCT Medical College, Mukkom, Kozikkode",MBBS,MM,1,mbbs_p2_final.pdf
2025,2,2438,5854,EZ,EZ,MMH,"Malabar Medical College Hospital, Kozhikkode",MBBS,EZ,21,mbbs_p2_final.pdf
2025,2,2439,5856,General,AM,DMM,"Dr. Moopens Medical College, Meppadi, Wayanad",MBBS,AM,1,mbbs_p2_final.pdf
2025,2,2440,5859,General,SM,SUC,"SUT Accademy of Medical Sciences, Thiruvananthapuram",MBBS,SM,7,mbbs_p2_final.pdf
2025,2,2441,5863,SC,SC,KNM,Government Medical College Kannur,MBBS,SC,1,mbbs_p2_final.pdf
2025,2,2442,5869,LA,LA,ALD,"Government Dental College, Alappuzha",BDS,LA,18,mbbs_p2_final.pdf
2025,2,2443,5877,MU,MU,KCM,"KMCT Medical College, Mukkom, Kozikkode",MBBS,MU,19,mbbs_p2_final.pdf
2025,2,2444,5881,General,AM,KDM,"P K Das Institute of Medical Sciences, Ottapalam",MBBS,AM,13,mbbs_p2_final.pdf
2025,2,2445,5884,SC,SC,TVM,"Govt. Medical College, Thiruvananthapuram",MBBS,SC,2,mbbs_p2_final.pdf
2025,2,2446,5887,EW,EW,ALD,"Government Dental College, Alappuzha",BDS,EW,18,mbbs_p2_final.pdf
2025,2,2447,5892,General,AM,KDM,"P K Das Institute of Medical Sciences, Ottapalam",MBBS,AM,7,mbbs_p2_final.pdf
2025,2,2448,5895,MU,AM,DMM,"Dr. Moopens Medical College, Meppadi, Wayanad",MBBS,AM,4,mbbs_p2_final.pdf
2025,2,2449,5903,General,SM,SMC,"Dr. Somervell Memorial CSI Medical College, Karakonam",MBBS,SM,20,mbbs_p2_final.pdf
2025,2,2450,5904,MU,MU,MMH,"Malabar Medical College Hospital, Kozhikkode",MBBS,MU,19,mbbs_p2_final.pdf
2025,2,2451,5906,General,AC,AMC,"Amala Institute of Medical Sciences, Thrissur",MBBS,AC,18,mbbs_p2_final.pdf
2025,2,2452,5910,MU,MU,TRM,"Travancore Medical College, Umayanalloor, Kollam",MBBS,MU,19,mbbs_p2_final.pdf
2025,2,2453,5920,EW,EW,MMH,"Malabar Medical College Hospital, Kozhikkode",MBBS,EW,15,mbbs_p2_final.pdf
2025,2,2454,5923,MU,MU,KCM,"KMCT Medical College, Mukkom, Kozikkode",MBBS,MU,10,mbbs_p2_final.pdf
2025,2,2455,5926,General,SM,SUC,"SUT Accademy of Medical Sciences, Thiruvananthapuram",MBBS,SM,19,mbbs_p2_final.pdf
2025,2,2456,5927,General,AM,KDM,"P K Das Institute of Medical Sciences, Ottapalam",MBBS,AM,10,mbbs_p2_final.pdf
2025,2,2457,5928,General,SM,SIM,"Sree Narayana Institute of Medical Sciences, Chalakka, Ernakulam.",MBBS,SM,13,mbbs_p2_final.pdf
2025,2,2458,5930,General,AM,KDM,"P K Das Institute of Medical Sciences, Ottapalam",MBBS,AM,22,mbbs_p2_final.pdf
2025,2,2459,5933,EZ,EZ,KCM,"KMCT Medical College, Mukkom, Kozikkode",MBBS,EZ,19,mbbs_p2_final.pdf
2025,2,2460,5937,General,AM,KMM,"Karuna Medical College, Vilayodi, Palakkad",MBBS,AM,13,mbbs_p2_final.pdf
2025,2,2461,5938,EZ,SM,SUC,"SUT Accademy of Medical Sciences, Thiruvananthapuram",MBBS,SM,15,mbbs_p2_final.pdf
2025,2,2462,5941,MU,MM,KCM,"KMCT Medical College, Mukkom, Kozikkode",MBBS,MM,19,mbbs_p2_final.pdf
2025,2,2463,5944,General,AM,KDM,"P K Das Institute of Medical Sciences, Ottapalam",MBBS,AM,10,mbbs_p2_final.pdf
2025,2,2464,5954,MU,MM,TRM,"Travancore Medical College, Umayanalloor, Kollam",MBBS,MM,1,mbbs_p2_final.pdf
2025,2,2465,5955,General,AM,KDM,"P K Das Institute of Medical Sciences, Ottapalam",MBBS,AM,9,mbbs_p2_final.pdf
2025,2,2466,5956,MU,MU,KCM,"KMCT Medical College, Mukkom, Kozikkode",MBBS,MU,21,mbbs_p2_final.pdf
2025,2,2467,5958,MU,MM,KCM,"KMCT Medical College, Mukkom, Kozikkode",MBBS,MM,1,mbbs_p2_final.pdf
2025,2,2468,5961,MU,MM,KCM,"KMCT Medical College, Mukkom, Kozikkode",MBBS,MM,1,mbbs_p2_final.pdf
2025,2,2469,5962,General,AM,KDM,"P K Das Institute of Medical Sciences, Ottapalam",MBBS,AM,13,mbbs_p2_final.pdf
2025,2,2470,5967,General,AM,KDM,"P K Das Institute of Medical Sciences, Ottapalam",MBBS,AM,16,mbbs_p2_final.pdf
2025,2,2471,5970,SC,SC,TVM,"Govt. Medical College, Thiruvananthapuram",MBBS,SC,2,mbbs_p2_final.pdf
2025,2,2472,5971,General,AM,KDM,"P K Das Institute of Medical Sciences, Ottapalam",MBBS,AM,12,mbbs_p2_final.pdf
2025,2,2473,5972,MU,MM,KCM,"KMCT Medical College, Mukkom, Kozikkode",MBBS,MM,1,mbbs_p2_final.pdf
2025,2,2474,5973,General,AC,AMC,"Amala Institute of Medical Sciences, Thrissur",MBBS,AC,18,mbbs_p2_final.pdf
2025,2,2475,5975,General,AM,AZC,"Azeezia Institute of Medi Science, Meyyannoor, Kollam",MBBS,AM,15,mbbs_p2_final.pdf
2025,2,2476,5977,General,SM,SUC,"SUT Accademy of Medical Sciences, Thiruvananthapuram",MBBS,SM,16,mbbs_p2_final.pdf
2025,2,2477,5979,MU,MU,MMH,"Malabar Medical College Hospital, Kozhikkode",MBBS,MU,19,mbbs_p2_final.pdf
2025,2,2478,5980,BH,BH,TRM,"Travancore Medical College, Umayanalloor, Kollam",MBBS,BH,14,mbbs_p2_final.pdf
2025,2,2479,5983,MU,MU,KCM,"KMCT Medical College, Mukkom, Kozikkode",MBBS,MU,15,mbbs_p2_final.pdf
2025,2,2480,5986,General,AC,MMC,"Malankara Orthodox Syrian Church MediCollege, Kolenchery",MBBS,AC,16,mbbs_p2_final.pdf
2025,2,2481,5988,General,AM,MZM,"Mount Zion Medical College, Pathanamthitta",MBBS,AM,8,mbbs_p2_final.pdf
2025,2,2482,5989,MU,MM,TRM,"Travancore Medical College, Umayanalloor, Kollam",MBBS,MM,7,mbbs_p2_final.pdf
2025,2,2483,5997,General,SM,SUC,"SUT Accademy of Medical Sciences, Thiruvananthapuram",MBBS,SM,22,mbbs_p2_final.pdf
2025,2,2484,6003,General,MM,TRM,"Travancore Medical College, Umayanalloor, Kollam",MBBS,MM,1,mbbs_p2_final.pdf
2025,2,2485,6004,General,AM,AZC,"Azeezia Institute of Medi Science, Meyyannoor, Kollam",MBBS,AM,15,mbbs_p2_final.pdf
2025,2,2486,6006,BH,SM,SUC,"SUT Accademy of Medical Sciences, Thiruvananthapuram",MBBS,SM,1,mbbs_p2_final.pdf
2025,2,2487,6008,MU,MU,KCM,"KMCT Medical College, Mukkom, Kozikkode",MBBS,MU,19,mbbs_p2_final.pdf
2025,2,2488,6011,General,SM,DMM,"Dr. Moopens Medical College, Meppadi, Wayanad",MBBS,SM,1,mbbs_p2_final.pdf
2025,2,2489,6018,General,SM,SUC,"SUT Accademy of Medical Sciences, Thiruvananthapuram",MBBS,SM,3,mbbs_p2_final.pdf
2025,2,2490,6027,General,MM,TRM,"Travancore Medical College, Umayanalloor, Kollam",MBBS,MM,21,mbbs_p2_final.pdf
2025,2,2491,6031,LA,AC,PMC,"Pushpagiri Institute of Medical Science, Thiruvalla",MBBS,AC,16,mbbs_p2_final.pdf
2025,2,2492,6037,MU,MM,KCM,"KMCT Medical College, Mukkom, Kozikkode",MBBS,MM,1,mbbs_p2_final.pdf
2025,2,2493,6039,EZ,SM,SUC,"SUT Accademy of Medical Sciences, Thiruvananthapuram",MBBS,SM,22,mbbs_p2_final.pdf
2025,2,2494,6048,BH,SM,SMC,"Dr. Somervell Memorial CSI Medical College, Karakonam",MBBS,SM,20,mbbs_p2_final.pdf
2025,2,2495,6050,BH,BH,MMH,"Malabar Medical College Hospital, Kozhikkode",MBBS,BH,9,mbbs_p2_final.pdf
2025,2,2496,6056,General,AM,AZC,"Azeezia Institute of Medi Science, Meyyannoor, Kollam",MBBS,AM,14,mbbs_p2_final.pdf
2025,2,2497,6057,MU,MU,KCM,"KMCT Medical College, Mukkom, Kozikkode",MBBS,MU,21,mbbs_p2_final.pdf
2025,2,2498,6062,BH,SM,SIM,"Sree Narayana Institute of Medical Sciences, Chalakka, Ernakulam.",MBBS,SM,1,mbbs_p2_final.pdf
2025,2,2499,6063,BH,BH,MMH,"Malabar Medical College Hospital, Kozhikkode",MBBS,BH,4,mbbs_p2_final.pdf
2025,2,2500,6064,BH,BH,MMH,"Malabar Medical College Hospital, Kozhikkode",MBBS,BH,22,mbbs_p2_final.pdf
2025,2,2501,6067,BH,BH,KCM,"KMCT Medical College, Mukkom, Kozikkode",MBBS,BH,13,mbbs_p2_final.pdf
2025,2,2502,6068,General,SM,SUC,"SUT Accademy of Medical Sciences, Thiruvananthapuram",MBBS,SM,16,mbbs_p2_final.pdf
2025,2,2503,6069,General,AM,PIM,"Palakkad Institute of Medical Sciences, Walayar",MBBS,AM,12,mbbs_p2_final.pdf
2025,2,2504,6070,EZ,SM,SUC,"SUT Accademy of Medical Sciences, Thiruvananthapuram",MBBS,SM,17,mbbs_p2_final.pdf
2025,2,2505,6071,MU,MM,KCM,"KMCT Medical College, Mukkom, Kozikkode",MBBS,MM,1,mbbs_p2_final.pdf
2025,2,2506,6074,MU,MU,KCM,"KMCT Medical College, Mukkom, Kozikkode",MBBS,MU,10,mbbs_p2_final.pdf
2025,2,2507,6075,General,AM,AZC,"Azeezia Institute of Medi Science, Meyyannoor, Kollam",MBBS,AM,7,mbbs_p2_final.pdf
2025,2,2508,6080,BH,SM,SUC,"SUT Accademy of Medical Sciences, Thiruvananthapuram",MBBS,SM,18,mbbs_p2_final.pdf
2025,2,2509,6087,General,AM,MZM,"Mount Zion Medical College, Pathanamthitta",MBBS,AM,5,mbbs_p2_final.pdf
2025,2,2510,6088,DV,DV,JMC,"Jubilee Mission Medical College, Thrisur",MBBS,DV,6,mbbs_p2_final.pdf
2025,2,2511,6089,MU,MM,KCM,"KMCT Medical College, Mukkom, Kozikkode",MBBS,MM,23,mbbs_p2_final.pdf
2025,2,2512,6090,General,AC,AMC,"Amala Institute of Medical Sciences, Thrissur",MBBS,AC,5,mbbs_p2_final.pdf
2025,2,2513,6104,MU,MM,TRM,"Travancore Medical College, Umayanalloor, Kollam",MBBS,MM,30,mbbs_p2_final.pdf
2025,2,2514,6106,General,AM,MZM,"Mount Zion Medical College, Pathanamthitta",MBBS,AM,16,mbbs_p2_final.pdf
2025,2,2515,6107,General,AM,MZM,"Mount Zion Medical College, Pathanamthitta",MBBS,AM,12,mbbs_p2_final.pdf
2025,2,2516,6110,MU,MM,KCM,"KMCT Medical College, Mukkom, Kozikkode",MBBS,MM,19,mbbs_p2_final.pdf
2025,2,2517,6111,General,AM,MZM,"Mount Zion Medical College, Pathanamthitta",MBBS,AM,16,mbbs_p2_final.pdf
2025,2,2518,6112,General,AM,MZM,"Mount Zion Medical College, Pathanamthitta",MBBS,AM,16,mbbs_p2_final.pdf
2025,2,2519,6113,General,AC,AMC,"Amala Institute of Medical Sciences, Thrissur",MBBS,AC,14,mbbs_p2_final.pdf
2025,2,2520,6114,General,SM,SUC,"SUT Accademy of Medical Sciences, Thiruvananthapuram",MBBS,SM,4,mbbs_p2_final.pdf
2025,2,2521,6115,General,AC,AMC,"Amala Institute of Medical Sciences, Thrissur",MBBS,AC,18,mbbs_p2_final.pdf
2025,2,2522,6119,General,SM,SIM,"Sree Narayana Institute of Medical Sciences, Chalakka, Ernakulam.",MBBS,SM,23,mbbs_p2_final.pdf
2025,2,2523,6124,BX,BX,KCM,"KMCT Medical College, Mukkom, Kozikkode",MBBS,BX,19,mbbs_p2_final.pdf
2025,2,2524,6126,BX,BX,KTD,"Govt. Dental College, Kottayam",BDS,BX,19,mbbs_p2_final.pdf
2025,2,2525,6129,EZ,EZ,MMH,"Malabar Medical College Hospital, Kozhikkode",MBBS,EZ,19,mbbs_p2_final.pdf
2025,2,2526,6133,MU,MM,TRM,"Travancore Medical College, Umayanalloor, Kollam",MBBS,MM,1,mbbs_p2_final.pdf
2025,2,2527,6134,General,AC,AMC,"Amala Institute of Medical Sciences, Thrissur",MBBS,AC,18,mbbs_p2_final.pdf
2025,2,2528,6138,VK,VK,MMH,"Malabar Medical College Hospital, Kozhikkode",MBBS,VK,22,mbbs_p2_final.pdf
2025,2,2529,6145,General,AM,MZM,"Mount Zion Medical College, Pathanamthitta",MBBS,AM,18,mbbs_p2_final.pdf
2025,2,2530,6148,General,AM,AAM,"Al Azhar Medical college, Thodupuzha",MBBS,AM,18,mbbs_p2_final.pdf
2025,2,2531,6150,General,AC,PMC,"Pushpagiri Institute of Medical Science, Thiruvalla",MBBS,AC,1,mbbs_p2_final.pdf
2025,2,2532,6151,BH,SM,SIM,"Sree Narayana Institute of Medical Sciences, Chalakka, Ernakulam.",MBBS,SM,18,mbbs_p2_final.pdf
2025,2,2533,6152,MU,MM,KCM,"KMCT Medical College, Mukkom, Kozikkode",MBBS,MM,1,mbbs_p2_final.pdf
2025,2,2534,6158,MU,MM,KCM,"KMCT Medical College, Mukkom, Kozikkode",MBBS,MM,20,mbbs_p2_final.pdf
2025,2,2535,6160,General,AM,AAM,"Al Azhar Medical college, Thodupuzha",MBBS,AM,17,mbbs_p2_final.pdf
2025,2,2536,6162,MU,MM,TRM,"Travancore Medical College, Umayanalloor, Kollam",MBBS,MM,1,mbbs_p2_final.pdf
2025,2,2537,6164,General,SM,KDM,"P K Das Institute of Medical Sciences, Ottapalam",MBBS,SM,23,mbbs_p2_final.pdf
2025,2,2538,6165,General,AM,MZM,"Mount Zion Medical College, Pathanamthitta",MBBS,AM,12,mbbs_p2_final.pdf
2025,2,2539,6171,General,AC,PMC,"Pushpagiri Institute of Medical Science, Thiruvalla",MBBS,AC,14,mbbs_p2_final.pdf
2025,2,2540,6172,BH,BH,MMH,"Malabar Medical College Hospital, Kozhikkode",MBBS,BH,14,mbbs_p2_final.pdf
2025,2,2541,6175,MU,SM,EID,"Educare Institute of Dental Sciences, Malappuram",BDS,SM,21,mbbs_p2_final.pdf
2025,2,2542,6177,EW,AC,PMC,"Pushpagiri Institute of Medical Science, Thiruvalla",MBBS,AC,16,mbbs_p2_final.pdf
2025,2,2543,6182,EZ,SM,SUC,"SUT Accademy of Medical Sciences, Thiruvananthapuram",MBBS,SM,21,mbbs_p2_final.pdf
2025,2,2544,6183,MU,MU,MMH,"Malabar Medical College Hospital, Kozhikkode",MBBS,MU,15,mbbs_p2_final.pdf
2025,2,2545,6187,General,AM,PIM,"Palakkad Institute of Medical Sciences, Walayar",MBBS,AM,18,mbbs_p2_final.pdf
2025,2,2546,6189,BH,BH,KCM,"KMCT Medical College, Mukkom, Kozikkode",MBBS,BH,23,mbbs_p2_final.pdf
2025,2,2547,6193,General,AM,AAM,"Al Azhar Medical college, Thodupuzha",MBBS,AM,18,mbbs_p2_final.pdf
2025,2,2548,6195,General,SM,SUC,"SUT Accademy of Medical Sciences, Thiruvananthapuram",MBBS,SM,4,mbbs_p2_final.pdf
2025,2,2549,6196,MU,MU,MMH,"Malabar Medical College Hospital, Kozhikkode",MBBS,MU,13,mbbs_p2_final.pdf
2025,2,2550,6198,General,SM,DMM,"Dr. Moopens Medical College, Meppadi, Wayanad",MBBS,SM,15,mbbs_p2_final.pdf
2025,2,2551,6199,General,AC,AMC,"Amala Institute of Medical Sciences, Thrissur",MBBS,AC,18,mbbs_p2_final.pdf
2025,2,2552,6201,General,SM,SIM,"Sree Narayana Institute of Medical Sciences, Chalakka, Ernakulam.",MBBS,SM,21,mbbs_p2_final.pdf
2025,2,2553,6204,General,AM,MZM,"Mount Zion Medical College, Pathanamthitta",MBBS,AM,5,mbbs_p2_final.pdf
2025,2,2554,6208,MU,MM,TRM,"Travancore Medical College, Umayanalloor, Kollam",MBBS,MM,16,mbbs_p2_final.pdf
2025,2,2555,6209,MU,MM,KCM,"KMCT Medical College, Mukkom, Kozikkode",MBBS,MM,3,mbbs_p2_final.pdf
2025,2,2556,6215,MU,MM,TRM,"Travancore Medical College, Umayanalloor, Kollam",MBBS,MM,24,mbbs_p2_final.pdf
2025,2,2557,6220,BX,BX,KND,"Government Dental College, Kannur",BDS,BX,20,mbbs_p2_final.pdf
2025,2,2558,6221,General,SM,SUC,"SUT Accademy of Medical Sciences, Thiruvananthapuram",MBBS,SM,12,mbbs_p2_final.pdf
2025,2,2559,6223,General,AM,MZM,"Mount Zion Medical College, Pathanamthitta",MBBS,AM,25,mbbs_p2_final.pdf
2025,2,2560,6225,General,AM,MZM,"Mount Zion Medical College, Pathanamthitta",MBBS,AM,17,mbbs_p2_final.pdf
2025,2,2561,6226,EZ,EZ,KCM,"KMCT Medical College, Mukkom, Kozikkode",MBBS,EZ,23,mbbs_p2_final.pdf
2025,2,2562,6227,MU,MM,TRM,"Travancore Medical College, Umayanalloor, Kollam",MBBS,MM,21,mbbs_p2_final.pdf
2025,2,2563,6228,General,AM,PIM,"Palakkad Institute of Medical Sciences, Walayar",MBBS,AM,18,mbbs_p2_final.pdf
2025,2,2564,6230,EW,EW,ALD,"Government Dental College, Alappuzha",BDS,EW,19,mbbs_p2_final.pdf
2025,2,2565,6231,EW,EW,GMC,"Sree Gokulam Medical College, Venjaramoodu, TVPM",MBBS,EW,15,mbbs_p2_final.pdf
2025,2,2566,6233,General,AC,AMC,"Amala Institute of Medical Sciences, Thrissur",MBBS,AC,18,mbbs_p2_final.pdf
2025,2,2567,6234,MU,MM,KCM,"KMCT Medical College, Mukkom, Kozikkode",MBBS,MM,18,mbbs_p2_final.pdf
2025,2,2568,6235,General,SM,SMC,"Dr. Somervell Memorial CSI Medical College, Karakonam",MBBS,SM,24,mbbs_p2_final.pdf
2025,2,2569,6236,EZ,EZ,MMH,"Malabar Medical College Hospital, Kozhikkode",MBBS,EZ,16,mbbs_p2_final.pdf
2025,2,2570,6238,BH,SM,SMC,"Dr. Somervell Memorial CSI Medical College, Karakonam",MBBS,SM,21,mbbs_p2_final.pdf
2025,2,2571,6245,MU,MM,KCM,"KMCT Medical College, Mukkom, Kozikkode",MBBS,MM,1,mbbs_p2_final.pdf
2025,2,2572,6246,General,AM,AAM,"Al Azhar Medical college, Thodupuzha",MBBS,AM,16,mbbs_p2_final.pdf
2025,2,2573,6247,KN,KN,KTM,"Govt. Medical College, Kottayam",MBBS,KN,1,mbbs_p2_final.pdf
2025,2,2574,6248,General,SM,SUC,"SUT Accademy of Medical Sciences, Thiruvananthapuram",MBBS,SM,19,mbbs_p2_final.pdf
2025,2,2575,6250,General,SM,SUC,"SUT Accademy of Medical Sciences, Thiruvananthapuram",MBBS,SM,25,mbbs_p2_final.pdf
2025,2,2576,6251,General,AC,BCM,"Believers Church Medical College Hospital, Thiruvalla",MBBS,AC,1,mbbs_p2_final.pdf
2025,2,2577,6253,SC,SC,TCM,"Govt. Medical College, Thrissur",MBBS,SC,1,mbbs_p2_final.pdf
2025,2,2578,6254,General,AC,AMC,"Amala Institute of Medical Sciences, Thrissur",MBBS,AC,18,mbbs_p2_final.pdf
2025,2,2579,6257,General,AC,MMC,"Malankara Orthodox Syrian Church MediCollege, Kolenchery",MBBS,AC,10,mbbs_p2_final.pdf
2025,2,2580,6258,EZ,EZ,MMH,"Malabar Medical College Hospital, Kozhikkode",MBBS,EZ,16,mbbs_p2_final.pdf
2025,2,2581,6260,BH,SM,SUC,"SUT Accademy of Medical Sciences, Thiruvananthapuram",MBBS,SM,8,mbbs_p2_final.pdf
2025,2,2582,6266,General,AM,PIM,"Palakkad Institute of Medical Sciences, Walayar",MBBS,AM,17,mbbs_p2_final.pdf
2025,2,2583,6271,General,MM,TRM,"Travancore Medical College, Umayanalloor, Kollam",MBBS,MM,17,mbbs_p2_final.pdf
2025,2,2584,6272,General,SM,SIM,"Sree Narayana Institute of Medical Sciences, Chalakka, Ernakulam.",MBBS,SM,25,mbbs_p2_final.pdf
2025,2,2585,6278,MU,MM,KCM,"KMCT Medical College, Mukkom, Kozikkode",MBBS,MM,8,mbbs_p2_final.pdf
2025,2,2586,6279,LA,AC,PMC,"Pushpagiri Institute of Medical Science, Thiruvalla",MBBS,AC,16,mbbs_p2_final.pdf
2025,2,2587,6281,BH,SM,SIM,"Sree Narayana Institute of Medical Sciences, Chalakka, Ernakulam.",MBBS,SM,21,mbbs_p2_final.pdf
2025,2,2588,6284,MU,SM,KMD,"KMCT Dental College, Mambatta, Mukkam, Kozhikode",BDS,SM,7,mbbs_p2_final.pdf
2025,2,2589,6293,General,AC,AMC,"Amala Institute of Medical Sciences, Thrissur",MBBS,AC,8,mbbs_p2_final.pdf
2025,2,2590,6301,General,SM,DMM,"Dr. Moopens Medical College, Meppadi, Wayanad",MBBS,SM,23,mbbs_p2_final.pdf
2025,2,2591,6303,General,AM,MZM,"Mount Zion Medical College, Pathanamthitta",MBBS,AM,13,mbbs_p2_final.pdf
2025,2,2592,6304,EW,EW,KND,"Government Dental College, Kannur",BDS,EW,12,mbbs_p2_final.pdf
2025,2,2593,6305,General,SM,SUC,"SUT Accademy of Medical Sciences, Thiruvananthapuram",MBBS,SM,15,mbbs_p2_final.pdf
2025,2,2594,6307,DV,DV,IDM,Government Medical College Idukki,MBBS,DV,8,mbbs_p2_final.pdf
2025,2,2595,6312,LA,AC,PMC,"Pushpagiri Institute of Medical Science, Thiruvalla",MBBS,AC,17,mbbs_p2_final.pdf
2025,2,2596,6316,EW,EW,MMH,"Malabar Medical College Hospital, Kozhikkode",MBBS,EW,17,mbbs_p2_final.pdf
2025,2,2597,6318,MU,MM,TRM,"Travancore Medical College, Umayanalloor, Kollam",MBBS,MM,16,mbbs_p2_final.pdf
2025,2,2598,6324,EZ,EZ,MMH,"Malabar Medical College Hospital, Kozhikkode",MBBS,EZ,1,mbbs_p2_final.pdf
2025,2,2599,6327,General,AM,PIM,"Palakkad Institute of Medical Sciences, Walayar",MBBS,AM,7,mbbs_p2_final.pdf
2025,2,2600,6332,General,AC,PMC,"Pushpagiri Institute of Medical Science, Thiruvalla",MBBS,AC,15,mbbs_p2_final.pdf
2025,2,2601,6334,General,AM,MZM,"Mount Zion Medical College, Pathanamthitta",MBBS,AM,4,mbbs_p2_final.pdf
2025,2,2602,6337,MU,MM,KCM,"KMCT Medical College, Mukkom, Kozikkode",MBBS,MM,21,mbbs_p2_final.pdf
2025,2,2603,6338,General,AM,PIM,"Palakkad Institute of Medical Sciences, Walayar",MBBS,AM,17,mbbs_p2_final.pdf
2025,2,2604,6340,MU,MM,TRM,"Travancore Medical College, Umayanalloor, Kollam",MBBS,MM,20,mbbs_p2_final.pdf
2025,2,2605,6342,General,AM,MZM,"Mount Zion Medical College, Pathanamthitta",MBBS,AM,18,mbbs_p2_final.pdf
2025,2,2606,6343,BH,BH,MMH,"Malabar Medical College Hospital, Kozhikkode",MBBS,BH,20,mbbs_p2_final.pdf
2025,2,2607,6347,General,SM,SIM,"Sree Narayana Institute of Medical Sciences, Chalakka, Ernakulam.",MBBS,SM,1,mbbs_p2_final.pdf
2025,2,2608,6350,General,AC,AMC,"Amala Institute of Medical Sciences, Thrissur",MBBS,AC,18,mbbs_p2_final.pdf
2025,2,2609,6351,General,AM,MZM,"Mount Zion Medical College, Pathanamthitta",MBBS,AM,14,mbbs_p2_final.pdf
2025,2,2610,6354,MU,MM,TRM,"Travancore Medical College, Umayanalloor, Kollam",MBBS,MM,16,mbbs_p2_final.pdf
2025,2,2611,6355,General,SM,SUC,"SUT Accademy of Medical Sciences, Thiruvananthapuram",MBBS,SM,25,mbbs_p2_final.pdf
2025,2,2612,6359,General,AM,AAM,"Al Azhar Medical college, Thodupuzha",MBBS,AM,16,mbbs_p2_final.pdf
2025,2,2613,6362,MU,MM,TRM,"Travancore Medical College, Umayanalloor, Kollam",MBBS,MM,8,mbbs_p2_final.pdf
2025,2,2614,6363,General,SM,KDM,"P K Das Institute of Medical Sciences, Ottapalam",MBBS,SM,21,mbbs_p2_final.pdf
2025,2,2615,6365,BH,SM,SUC,"SUT Accademy of Medical Sciences, Thiruvananthapuram",MBBS,SM,16,mbbs_p2_final.pdf
2025,2,2616,6367,General,AM,MZM,"Mount Zion Medical College, Pathanamthitta",MBBS,AM,15,mbbs_p2_final.pdf
2025,2,2617,6370,LA,AC,PMC,"Pushpagiri Institute of Medical Science, Thiruvalla",MBBS,AC,16,mbbs_p2_final.pdf
2025,2,2618,6373,SC,SC,KTM,"Govt. Medical College, Kottayam",MBBS,SC,1,mbbs_p2_final.pdf
2025,2,2619,6377,General,AM,MZM,"Mount Zion Medical College, Pathanamthitta",MBBS,AM,15,mbbs_p2_final.pdf
2025,2,2620,6379,General,AC,AMC,"Amala Institute of Medical Sciences, Thrissur",MBBS,AC,4,mbbs_p2_final.pdf
2025,2,2621,6380,MU,MM,KCM,"KMCT Medical College, Mukkom, Kozikkode",MBBS,MM,15,mbbs_p2_final.pdf
2025,2,2622,6383,General,SM,KDM,"P K Das Institute of Medical Sciences, Ottapalam",MBBS,SM,23,mbbs_p2_final.pdf
2025,2,2623,6384,MU,MM,KCM,"KMCT Medical College, Mukkom, Kozikkode",MBBS,MM,20,mbbs_p2_final.pdf
2025,2,2624,6385,BX,BX,MMH,"Malabar Medical College Hospital, Kozhikkode",MBBS,BX,8,mbbs_p2_final.pdf
2025,2,2625,6386,General,AM,PIM,"Palakkad Institute of Medical Sciences, Walayar",MBBS,AM,15,mbbs_p2_final.pdf
2025,2,2626,6388,SC,SC,KTM,"Govt. Medical College, Kottayam",MBBS,SC,1,mbbs_p2_final.pdf
2025,2,2627,6395,MU,MU,MMH,"Malabar Medical College Hospital, Kozhikkode",MBBS,MU,5,mbbs_p2_final.pdf
2025,2,2628,6397,EZ,EZ,KCM,"KMCT Medical College, Mukkom, Kozikkode",MBBS,EZ,18,mbbs_p2_final.pdf
2025,2,2629,6400,BH,BH,KCM,"KMCT Medical College, Mukkom, Kozikkode",MBBS,BH,17,mbbs_p2_final.pdf
2025,2,2630,6401,General,AM,MZM,"Mount Zion Medical College, Pathanamthitta",MBBS,AM,18,mbbs_p2_final.pdf
2025,2,2631,6402,BH,SM,SUC,"SUT Accademy of Medical Sciences, Thiruvananthapuram",MBBS,SM,20,mbbs_p2_final.pdf
2025,2,2632,6404,MU,MM,KCM,"KMCT Medical College, Mukkom, Kozikkode",MBBS,MM,18,mbbs_p2_final.pdf
2025,2,2633,6408,EZ,SM,SIM,"Sree Narayana Institute of Medical Sciences, Chalakka, Ernakulam.",MBBS,SM,23,mbbs_p2_final.pdf
2025,2,2634,6409,MU,MM,KCM,"KMCT Medical College, Mukkom, Kozikkode",MBBS,MM,18,mbbs_p2_final.pdf
2025,2,2635,6410,General,SM,SMC,"Dr. Somervell Memorial CSI Medical College, Karakonam",MBBS,SM,23,mbbs_p2_final.pdf
2025,2,2636,6412,MU,MM,KCM,"KMCT Medical College, Mukkom, Kozikkode",MBBS,MM,1,mbbs_p2_final.pdf
2025,2,2637,6418,General,SM,SIM,"Sree Narayana Institute of Medical Sciences, Chalakka, Ernakulam.",MBBS,SM,21,mbbs_p2_final.pdf
2025,2,2638,6419,General,AM,PIM,"Palakkad Institute of Medical Sciences, Walayar",MBBS,AM,17,mbbs_p2_final.pdf
2025,2,2639,6427,General,AM,AAM,"Al Azhar Medical college, Thodupuzha",MBBS,AM,13,mbbs_p2_final.pdf
2025,2,2640,6431,MU,MU,MMH,"Malabar Medical College Hospital, Kozhikkode",MBBS,MU,19,mbbs_p2_final.pdf
2025,2,2641,6434,General,SM,KDM,"P K Das Institute of Medical Sciences, Ottapalam",MBBS,SM,22,mbbs_p2_final.pdf
2025,2,2642,6438,EZ,EZ,MMH,"Malabar Medical College Hospital, Kozhikkode",MBBS,EZ,20,mbbs_p2_final.pdf
2025,2,2643,6440,LA,AC,AMC,"Amala Institute of Medical Sciences, Thrissur",MBBS,AC,18,mbbs_p2_final.pdf
2025,2,2644,6443,MU,MM,KCM,"KMCT Medical College, Mukkom, Kozikkode",MBBS,MM,18,mbbs_p2_final.pdf
2025,2,2645,6447,General,AM,PIM,"Palakkad Institute of Medical Sciences, Walayar",MBBS,AM,1,mbbs_p2_final.pdf
2025,2,2646,6450,General,AM,AAM,"Al Azhar Medical college, Thodupuzha",MBBS,AM,17,mbbs_p2_final.pdf
2025,2,2647,6458,General,AC,PMC,"Pushpagiri Institute of Medical Science, Thiruvalla",MBBS,AC,15,mbbs_p2_final.pdf
2025,2,2648,6461,General,AM,AAM,"Al Azhar Medical college, Thodupuzha",MBBS,AM,17,mbbs_p2_final.pdf
2025,2,2649,6463,MU,MM,KCM,"KMCT Medical College, Mukkom, Kozikkode",MBBS,MM,1,mbbs_p2_final.pdf
2025,2,2650,6464,MU,MU,MMH,"Malabar Medical College Hospital, Kozhikkode",MBBS,MU,16,mbbs_p2_final.pdf
2025,2,2651,6466,BH,SM,DMM,"Dr. Moopens Medical College, Meppadi, Wayanad",MBBS,SM,3,mbbs_p2_final.pdf
2025,2,2652,6468,MU,MM,KCM,"KMCT Medical College, Mukkom, Kozikkode",MBBS,MM,9,mbbs_p2_final.pdf
2025,2,2653,6469,General,AM,AAM,"Al Azhar Medical college, Thodupuzha",MBBS,AM,19,mbbs_p2_final.pdf
2025,2,2654,6470,General,AM,AAM,"Al Azhar Medical college, Thodupuzha",MBBS,AM,19,mbbs_p2_final.pdf
2025,2,2655,6474,SC,SC,KTM,"Govt. Medical College, Kottayam",MBBS,SC,1,mbbs_p2_final.pdf
2025,2,2656,6477,MU,MM,KCM,"KMCT Medical College, Mukkom, Kozikkode",MBBS,MM,1,mbbs_p2_final.pdf
2025,2,2657,6479,EZ,EZ,MMH,"Malabar Medical College Hospital, Kozhikkode",MBBS,EZ,18,mbbs_p2_final.pdf
2025,2,2658,6482,General,AC,AMC,"Amala Institute of Medical Sciences, Thrissur",MBBS,AC,18,mbbs_p2_final.pdf
2025,2,2659,6488,MU,MM,TRM,"Travancore Medical College, Umayanalloor, Kollam",MBBS,MM,23,mbbs_p2_final.pdf
2025,2,2660,6491,SC,SC,TCM,"Govt. Medical College, Thrissur",MBBS,SC,1,mbbs_p2_final.pdf
2025,2,2661,6492,EZ,SM,PMD,"Pushpagiri College of Dental Science, Thiruvalla",BDS,SM,21,mbbs_p2_final.pdf
2025,2,2662,6493,MU,MU,MMH,"Malabar Medical College Hospital, Kozhikkode",MBBS,MU,22,mbbs_p2_final.pdf
2025,2,2663,6494,General,SM,SUC,"SUT Accademy of Medical Sciences, Thiruvananthapuram",MBBS,SM,17,mbbs_p2_final.pdf
2025,2,2664,6495,EZ,EZ,KCM,"KMCT Medical College, Mukkom, Kozikkode",MBBS,EZ,18,mbbs_p2_final.pdf
2025,2,2665,6505,MU,MU,MMH,"Malabar Medical College Hospital, Kozhikkode",MBBS,MU,15,mbbs_p2_final.pdf
2025,2,2666,6507,EZ,EZ,MMH,"Malabar Medical College Hospital, Kozhikkode",MBBS,EZ,21,mbbs_p2_final.pdf
2025,2,2667,6508,MU,MM,KCM,"KMCT Medical College, Mukkom, Kozikkode",MBBS,MM,1,mbbs_p2_final.pdf
2025,2,2668,6513,EZ,EZ,KCM,"KMCT Medical College, Mukkom, Kozikkode",MBBS,EZ,20,mbbs_p2_final.pdf
2025,2,2669,6514,DV,DV,PTM,"Government Medical College, Konni, Pathanamthitta",MBBS,DV,8,mbbs_p2_final.pdf
2025,2,2670,6517,BX,AC,BCM,"Believers Church Medical College Hospital, Thiruvalla",MBBS,AC,16,mbbs_p2_final.pdf
2025,2,2671,6518,BH,SM,SIM,"Sree Narayana Institute of Medical Sciences, Chalakka, Ernakulam.",MBBS,SM,17,mbbs_p2_final.pdf
2025,2,2672,6522,EZ,SM,AZC,"Azeezia Institute of Medi Science, Meyyannoor, Kollam",MBBS,SM,23,mbbs_p2_final.pdf
2025,2,2673,6525,MU,MM,KCM,"KMCT Medical College, Mukkom, Kozikkode",MBBS,MM,7,mbbs_p2_final.pdf
2025,2,2674,6527,MU,SM,MBD,"Mar Baselious Dental College, Kothamangalam",BDS,SM,21,mbbs_p2_final.pdf
2025,2,2675,6528,BH,SM,SIM,"Sree Narayana Institute of Medical Sciences, Chalakka, Ernakulam.",MBBS,SM,22,mbbs_p2_final.pdf
2025,2,2676,6529,General,SM,SUC,"SUT Accademy of Medical Sciences, Thiruvananthapuram",MBBS,SM,25,mbbs_p2_final.pdf
2025,2,2677,6530,General,AM,AAM,"Al Azhar Medical college, Thodupuzha",MBBS,AM,15,mbbs_p2_final.pdf
2025,2,2678,6532,General,AC,AMC,"Amala Institute of Medical Sciences, Thrissur",MBBS,AC,18,mbbs_p2_final.pdf
2025,2,2679,6533,General,AC,PMC,"Pushpagiri Institute of Medical Science, Thiruvalla",MBBS,AC,1,mbbs_p2_final.pdf
2025,2,2680,6535,General,AM,AAM,"Al Azhar Medical college, Thodupuzha",MBBS,AM,1,mbbs_p2_final.pdf
2025,2,2681,6537,MU,MM,TRM,"Travancore Medical College, Umayanalloor, Kollam",MBBS,MM,15,mbbs_p2_final.pdf
2025,2,2682,6539,General,SM,SUC,"SUT Accademy of Medical Sciences, Thiruvananthapuram",MBBS,SM,20,mbbs_p2_final.pdf
2025,2,2683,6542,General,SM,KDM,"P K Das Institute of Medical Sciences, Ottapalam",MBBS,SM,22,mbbs_p2_final.pdf
2025,2,2684,6543,General,AM,AAM,"Al Azhar Medical college, Thodupuzha",MBBS,AM,9,mbbs_p2_final.pdf
2025,2,2685,6547,EW,EW,GMC,"Sree Gokulam Medical College, Venjaramoodu, TVPM",MBBS,EW,19,mbbs_p2_final.pdf
2025,2,2686,6548,EZ,SM,SUC,"SUT Accademy of Medical Sciences, Thiruvananthapuram",MBBS,SM,16,mbbs_p2_final.pdf
2025,2,2687,6549,General,AM,AAM,"Al Azhar Medical college, Thodupuzha",MBBS,AM,17,mbbs_p2_final.pdf
2025,2,2688,6551,EW,AC,PMC,"Pushpagiri Institute of Medical Science, Thiruvalla",MBBS,AC,8,mbbs_p2_final.pdf
2025,2,2689,6552,General,AM,AAM,"Al Azhar Medical college, Thodupuzha",MBBS,AM,18,mbbs_p2_final.pdf
2025,2,2690,6555,General,SM,AZC,"Azeezia Institute of Medi Science, Meyyannoor, Kollam",MBBS,SM,16,mbbs_p2_final.pdf
2025,2,2691,6557,General,SM,KDM,"P K Das Institute of Medical Sciences, Ottapalam",MBBS,SM,25,mbbs_p2_final.pdf
2025,2,2692,6559,General,AM,AAM,"Al Azhar Medical college, Thodupuzha",MBBS,AM,19,mbbs_p2_final.pdf
2025,2,2693,6561,EZ,SM,KDM,"P K Das Institute of Medical Sciences, Ottapalam",MBBS,SM,22,mbbs_p2_final.pdf
2025,2,2694,6566,General,AM,AAM,"Al Azhar Medical college, Thodupuzha",MBBS,AM,18,mbbs_p2_final.pdf
2025,2,2695,6571,BH,SM,SIM,"Sree Narayana Institute of Medical Sciences, Chalakka, Ernakulam.",MBBS,SM,19,mbbs_p2_final.pdf
2025,2,2696,6573,MU,MM,KCM,"KMCT Medical College, Mukkom, Kozikkode",MBBS,MM,20,mbbs_p2_final.pdf
2025,2,2697,6576,MU,MM,TRM,"Travancore Medical College, Umayanalloor, Kollam",MBBS,MM,1,mbbs_p2_final.pdf
2025,2,2698,6577,MU,MM,TRM,"Travancore Medical College, Umayanalloor, Kollam",MBBS,MM,24,mbbs_p2_final.pdf
2025,2,2699,6580,General,AC,PMC,"Pushpagiri Institute of Medical Science, Thiruvalla",MBBS,AC,1,mbbs_p2_final.pdf
2025,2,2700,6585,VK,VK,MMH,"Malabar Medical College Hospital, Kozhikkode",MBBS,VK,21,mbbs_p2_final.pdf
2025,2,2701,6592,General,AC,AMC,"Amala Institute of Medical Sciences, Thrissur",MBBS,AC,13,mbbs_p2_final.pdf
2025,2,2702,6594,DV,DV,AMC,"Amala Institute of Medical Sciences, Thrissur",MBBS,DV,13,mbbs_p2_final.pdf
2025,2,2703,6595,KN,KN,TCM,"Govt. Medical College, Thrissur",MBBS,KN,1,mbbs_p2_final.pdf
2025,2,2704,6596,MU,MM,KCM,"KMCT Medical College, Mukkom, Kozikkode",MBBS,MM,20,mbbs_p2_final.pdf
2025,2,2705,6597,MU,MM,KCM,"KMCT Medical College, Mukkom, Kozikkode",MBBS,MM,20,mbbs_p2_final.pdf
2025,2,2706,6599,General,SM,KDM,"P K Das Institute of Medical Sciences, Ottapalam",MBBS,SM,13,mbbs_p2_final.pdf
2025,2,2707,6600,General,AM,AAM,"Al Azhar Medical college, Thodupuzha",MBBS,AM,4,mbbs_p2_final.pdf
2025,2,2708,6601,LA,AC,PMC,"Pushpagiri Institute of Medical Science, Thiruvalla",MBBS,AC,15,mbbs_p2_final.pdf
2025,2,2709,6602,General,AC,MMC,"Malankara Orthodox Syrian Church MediCollege, Kolenchery",MBBS,AC,4,mbbs_p2_final.pdf
2025,2,2710,6604,General,AM,AAM,"Al Azhar Medical college, Thodupuzha",MBBS,AM,15,mbbs_p2_final.pdf
2025,2,2711,6606,General,SM,SUC,"SUT Accademy of Medical Sciences, Thiruvananthapuram",MBBS,SM,4,mbbs_p2_final.pdf
2025,2,2712,6608,General,SM,SUC,"SUT Accademy of Medical Sciences, Thiruvananthapuram",MBBS,SM,23,mbbs_p2_final.pdf
2025,2,2713,6609,BH,BH,SMC,"Dr. Somervell Memorial CSI Medical College, Karakonam",MBBS,BH,19,mbbs_p2_final.pdf
2025,2,2714,6615,BH,SM,SIM,"Sree Narayana Institute of Medical Sciences, Chalakka, Ernakulam.",MBBS,SM,20,mbbs_p2_final.pdf
2025,2,2715,6618,BH,SM,AZC,"Azeezia Institute of Medi Science, Meyyannoor, Kollam",MBBS,SM,21,mbbs_p2_final.pdf
2025,2,2716,6622,General,AM,PIM,"Palakkad Institute of Medical Sciences, Walayar",MBBS,AM,17,mbbs_p2_final.pdf
2025,2,2717,6623,General,AM,AAM,"Al Azhar Medical college, Thodupuzha",MBBS,AM,11,mbbs_p2_final.pdf
2025,2,2718,6627,General,AC,BCM,"Believers Church Medical College Hospital, Thiruvalla",MBBS,AC,1,mbbs_p2_final.pdf
2025,2,2719,6629,General,AM,AAM,"Al Azhar Medical college, Thodupuzha",MBBS,AM,16,mbbs_p2_final.pdf
2025,2,2720,6631,MU,MM,TRM,"Travancore Medical College, Umayanalloor, Kollam",MBBS,MM,23,mbbs_p2_final.pdf
2025,2,2721,6634,MU,MU,MMH,"Malabar Medical College Hospital, Kozhikkode",MBBS,MU,7,mbbs_p2_final.pdf
2025,2,2722,6636,General,AM,AAM,"Al Azhar Medical college, Thodupuzha",MBBS,AM,16,mbbs_p2_final.pdf
2025,2,2723,6640,General,AC,MMC,"Malankara Orthodox Syrian Church MediCollege, Kolenchery",MBBS,AC,8,mbbs_p2_final.pdf
2025,2,2724,6641,General,AC,AMC,"Amala Institute of Medical Sciences, Thrissur",MBBS,AC,18,mbbs_p2_final.pdf
2025,2,2725,6646,BH,SM,KMM,"Karuna Medical College, Vilayodi, Palakkad",MBBS,SM,17,mbbs_p2_final.pdf
2025,2,2726,6648,EZ,EZ,MMH,"Malabar Medical College Hospital, Kozhikkode",MBBS,EZ,20,mbbs_p2_final.pdf
2025,2,2727,6655,BH,SM,KDM,"P K Das Institute of Medical Sciences, Ottapalam",MBBS,SM,19,mbbs_p2_final.pdf
2025,2,2728,6657,General,AM,AAM,"Al Azhar Medical college, Thodupuzha",MBBS,AM,11,mbbs_p2_final.pdf
2025,2,2729,6658,MU,SM,SUC,"SUT Accademy of Medical Sciences, Thiruvananthapuram",MBBS,SM,16,mbbs_p2_final.pdf
2025,2,2730,6659,MU,MM,KCM,"KMCT Medical College, Mukkom, Kozikkode",MBBS,MM,22,mbbs_p2_final.pdf
2025,2,2731,6663,BH,SM,SIM,"Sree Narayana Institute of Medical Sciences, Chalakka, Ernakulam.",MBBS,SM,22,mbbs_p2_final.pdf
2025,2,2732,6665,General,AM,PIM,"Palakkad Institute of Medical Sciences, Walayar",MBBS,AM,7,mbbs_p2_final.pdf
2025,2,2733,6672,General,SM,SUC,"SUT Accademy of Medical Sciences, Thiruvananthapuram",MBBS,SM,17,mbbs_p2_final.pdf
2025,2,2734,6678,General,AM,PIM,"Palakkad Institute of Medical Sciences, Walayar",MBBS,AM,15,mbbs_p2_final.pdf
2025,2,2735,6679,General,NR,JMC,"Jubilee Mission Medical College, Thrisur",MBBS,NR,1,mbbs_p2_final.pdf
2025,2,2736,6682,MU,SM,KMM,"Karuna Medical College, Vilayodi, Palakkad",MBBS,SM,23,mbbs_p2_final.pdf
2025,2,2737,6683,General,AM,AAM,"Al Azhar Medical college, Thodupuzha",MBBS,AM,11,mbbs_p2_final.pdf
2025,2,2738,6687,MU,MM,TRM,"Travancore Medical College, Umayanalloor, Kollam",MBBS,MM,19,mbbs_p2_final.pdf
2025,2,2739,6690,MU,MM,KCM,"KMCT Medical College, Mukkom, Kozikkode",MBBS,MM,20,mbbs_p2_final.pdf
2025,2,2740,6694,MU,MM,KCM,"KMCT Medical College, Mukkom, Kozikkode",MBBS,MM,18,mbbs_p2_final.pdf
2025,2,2741,6695,General,SM,SUC,"SUT Accademy of Medical Sciences, Thiruvananthapuram",MBBS,SM,22,mbbs_p2_final.pdf
2025,2,2742,6698,General,SM,SUC,"SUT Accademy of Medical Sciences, Thiruvananthapuram",MBBS,SM,26,mbbs_p2_final.pdf
2025,2,2743,6702,General,SM,SUC,"SUT Accademy of Medical Sciences, Thiruvananthapuram",MBBS,SM,19,mbbs_p2_final.pdf
2025,2,2744,6706,General,AM,AAM,"Al Azhar Medical college, Thodupuzha",MBBS,AM,7,mbbs_p2_final.pdf
2025,2,2745,6713,EW,AC,PMC,"Pushpagiri Institute of Medical Science, Thiruvalla",MBBS,AC,7,mbbs_p2_final.pdf
2025,2,2746,6716,General,AC,MMC,"Malankara Orthodox Syrian Church MediCollege, Kolenchery",MBBS,AC,15,mbbs_p2_final.pdf
2025,2,2747,6718,MU,SM,SUC,"SUT Accademy of Medical Sciences, Thiruvananthapuram",MBBS,SM,15,mbbs_p2_final.pdf
2025,2,2748,6723,SC,SC,KNM,Government Medical College Kannur,MBBS,SC,1,mbbs_p2_final.pdf
2025,2,2749,6724,MU,MM,KCM,"KMCT Medical College, Mukkom, Kozikkode",MBBS,MM,1,mbbs_p2_final.pdf
2025,2,2750,6730,BH,SM,SUC,"SUT Accademy of Medical Sciences, Thiruvananthapuram",MBBS,SM,26,mbbs_p2_final.pdf
2025,2,2751,6737,EZ,SM,SIM,"Sree Narayana Institute of Medical Sciences, Chalakka, Ernakulam.",MBBS,SM,18,mbbs_p2_final.pdf
2025,2,2752,6739,General,AC,BCM,"Believers Church Medical College Hospital, Thiruvalla",MBBS,AC,20,mbbs_p2_final.pdf
2025,2,2753,6742,MU,MM,KCM,"KMCT Medical College, Mukkom, Kozikkode",MBBS,MM,20,mbbs_p2_final.pdf
2025,2,2754,6752,General,AM,PIM,"Palakkad Institute of Medical Sciences, Walayar",MBBS,AM,11,mbbs_p2_final.pdf
2025,2,2755,6755,General,AM,AAM,"Al Azhar Medical college, Thodupuzha",MBBS,AM,7,mbbs_p2_final.pdf
2025,2,2756,6756,MU,SM,SUC,"SUT Accademy of Medical Sciences, Thiruvananthapuram",MBBS,SM,13,mbbs_p2_final.pdf
2025,2,2757,6757,General,SM,SUC,"SUT Accademy of Medical Sciences, Thiruvananthapuram",MBBS,SM,21,mbbs_p2_final.pdf
2025,2,2758,6759,General,AM,AAM,"Al Azhar Medical college, Thodupuzha",MBBS,AM,19,mbbs_p2_final.pdf
2025,2,2759,6762,MU,MM,KCM,"KMCT Medical College, Mukkom, Kozikkode",MBBS,MM,1,mbbs_p2_final.pdf
2025,2,2760,6763,General,AM,AAM,"Al Azhar Medical college, Thodupuzha",MBBS,AM,15,mbbs_p2_final.pdf
2025,2,2761,6765,General,AM,AAM,"Al Azhar Medical college, Thodupuzha",MBBS,AM,18,mbbs_p2_final.pdf
2025,2,2762,6766,MU,MM,KCM,"KMCT Medical College, Mukkom, Kozikkode",MBBS,MM,1,mbbs_p2_final.pdf
2025,2,2763,6771,General,AM,AAM,"Al Azhar Medical college, Thodupuzha",MBBS,AM,18,mbbs_p2_final.pdf
2025,2,2764,6774,General,AC,MMC,"Malankara Orthodox Syrian Church MediCollege, Kolenchery",MBBS,AC,18,mbbs_p2_final.pdf
2025,2,2765,6778,General,AM,AAM,"Al Azhar Medical college, Thodupuzha",MBBS,AM,4,mbbs_p2_final.pdf
2025,2,2766,6781,General,MM,KCM,"KMCT Medical College, Mukkom, Kozikkode",MBBS,MM,7,mbbs_p2_final.pdf
2025,2,2767,6788,MU,SM,SUC,"SUT Accademy of Medical Sciences, Thiruvananthapuram",MBBS,SM,15,mbbs_p2_final.pdf
2025,2,2768,6790,MU,MM,KCM,"KMCT Medical College, Mukkom, Kozikkode",MBBS,MM,1,mbbs_p2_final.pdf
2025,2,2769,6797,BH,SM,SUC,"SUT Accademy of Medical Sciences, Thiruvananthapuram",MBBS,SM,22,mbbs_p2_final.pdf
2025,2,2770,6799,DV,DV,JMC,"Jubilee Mission Medical College, Thrisur",MBBS,DV,6,mbbs_p2_final.pdf
2025,2,2771,6805,General,SM,DMM,"Dr. Moopens Medical College, Meppadi, Wayanad",MBBS,SM,20,mbbs_p2_final.pdf
2025,2,2772,6808,MU,SM,SUC,"SUT Accademy of Medical Sciences, Thiruvananthapuram",MBBS,SM,15,mbbs_p2_final.pdf
2025,2,2773,6809,MU,SM,PMD,"Pushpagiri College of Dental Science, Thiruvalla",BDS,SM,21,mbbs_p2_final.pdf
2025,2,2774,6812,EZ,EZ,KCM,"KMCT Medical College, Mukkom, Kozikkode",MBBS,EZ,21,mbbs_p2_final.pdf
2025,2,2775,6814,General,SM,SUC,"SUT Accademy of Medical Sciences, Thiruvananthapuram",MBBS,SM,13,mbbs_p2_final.pdf
2025,2,2776,6816,General,SM,SUC,"SUT Accademy of Medical Sciences, Thiruvananthapuram",MBBS,SM,20,mbbs_p2_final.pdf
2025,2,2777,6817,EZ,SM,SUC,"SUT Accademy of Medical Sciences, Thiruvananthapuram",MBBS,SM,16,mbbs_p2_final.pdf
2025,2,2778,6818,BH,SM,DMM,"Dr. Moopens Medical College, Meppadi, Wayanad",MBBS,SM,23,mbbs_p2_final.pdf
2025,2,2779,6819,MU,MM,TRM,"Travancore Medical College, Umayanalloor, Kollam",MBBS,MM,19,mbbs_p2_final.pdf
2025,2,2780,6827,BX,SM,SUC,"SUT Accademy of Medical Sciences, Thiruvananthapuram",MBBS,SM,15,mbbs_p2_final.pdf
2025,2,2781,6831,MU,MM,TRM,"Travancore Medical College, Umayanalloor, Kollam",MBBS,MM,21,mbbs_p2_final.pdf
2025,2,2782,6832,General,AC,PMC,"Pushpagiri Institute of Medical Science, Thiruvalla",MBBS,AC,20,mbbs_p2_final.pdf
2025,2,2783,6835,General,SM,SUC,"SUT Accademy of Medical Sciences, Thiruvananthapuram",MBBS,SM,21,mbbs_p2_final.pdf
2025,2,2784,6836,General,AC,MMC,"Malankara Orthodox Syrian Church MediCollege, Kolenchery",MBBS,AC,14,mbbs_p2_final.pdf
2025,2,2785,6843,General,SM,SUC,"SUT Accademy of Medical Sciences, Thiruvananthapuram",MBBS,SM,18,mbbs_p2_final.pdf
2025,2,2786,6846,General,SM,DMM,"Dr. Moopens Medical College, Meppadi, Wayanad",MBBS,SM,22,mbbs_p2_final.pdf
2025,2,2787,6849,MU,MM,TRM,"Travancore Medical College, Umayanalloor, Kollam",MBBS,MM,1,mbbs_p2_final.pdf
2025,2,2788,6851,General,AC,MMC,"Malankara Orthodox Syrian Church MediCollege, Kolenchery",MBBS,AC,12,mbbs_p2_final.pdf
2025,2,2789,6854,EW,EW,KND,"Government Dental College, Kannur",BDS,EW,20,mbbs_p2_final.pdf
2025,2,2790,6856,General,SM,SUC,"SUT Accademy of Medical Sciences, Thiruvananthapuram",MBBS,SM,26,mbbs_p2_final.pdf
2025,2,2791,6858,MU,MM,TRM,"Travancore Medical College, Umayanalloor, Kollam",MBBS,MM,16,mbbs_p2_final.pdf
2025,2,2792,6860,MU,MM,KCM,"KMCT Medical College, Mukkom, Kozikkode",MBBS,MM,1,mbbs_p2_final.pdf
2025,2,2793,6861,General,SM,SIM,"Sree Narayana Institute of Medical Sciences, Chalakka, Ernakulam.",MBBS,SM,26,mbbs_p2_final.pdf
2025,2,2794,6867,MU,MM,KCM,"KMCT Medical College, Mukkom, Kozikkode",MBBS,MM,20,mbbs_p2_final.pdf
2025,2,2795,6869,BH,SM,SUC,"SUT Accademy of Medical Sciences, Thiruvananthapuram",MBBS,SM,24,mbbs_p2_final.pdf
2025,2,2796,6870,MU,MM,KCM,"KMCT Medical College, Mukkom, Kozikkode",MBBS,MM,1,mbbs_p2_final.pdf
2025,2,2797,6872,General,AC,BCM,"Believers Church Medical College Hospital, Thiruvalla",MBBS,AC,20,mbbs_p2_final.pdf
2025,2,2798,6877,General,SM,KDM,"P K Das Institute of Medical Sciences, Ottapalam",MBBS,SM,21,mbbs_p2_final.pdf
2025,2,2799,6879,General,SM,SUC,"SUT Accademy of Medical Sciences, Thiruvananthapuram",MBBS,SM,8,mbbs_p2_final.pdf
2025,2,2800,6881,EZ,EZ,KCM,"KMCT Medical College, Mukkom, Kozikkode",MBBS,EZ,18,mbbs_p2_final.pdf
2025,2,2801,6882,SC,SC,TCM,"Govt. Medical College, Thrissur",MBBS,SC,1,mbbs_p2_final.pdf
2025,2,2802,6893,BH,SM,KDM,"P K Das Institute of Medical Sciences, Ottapalam",MBBS,SM,1,mbbs_p2_final.pdf
2025,2,2803,6894,General,MM,TRM,"Travancore Medical College, Umayanalloor, Kollam",MBBS,MM,22,mbbs_p2_final.pdf
2025,2,2804,6895,MU,MM,KCM,"KMCT Medical College, Mukkom, Kozikkode",MBBS,MM,20,mbbs_p2_final.pdf
2025,2,2805,6898,MU,MU,MMH,"Malabar Medical College Hospital, Kozhikkode",MBBS,MU,23,mbbs_p2_final.pdf
2025,2,2806,6912,General,SM,DMM,"Dr. Moopens Medical College, Meppadi, Wayanad",MBBS,SM,1,mbbs_p2_final.pdf
2025,2,2807,6913,VK,VK,KCM,"KMCT Medical College, Mukkom, Kozikkode",MBBS,VK,1,mbbs_p2_final.pdf
2025,2,2808,6917,MU,MM,KCM,"KMCT Medical College, Mukkom, Kozikkode",MBBS,MM,19,mbbs_p2_final.pdf
2025,2,2809,6922,General,SM,DMM,"Dr. Moopens Medical College, Meppadi, Wayanad",MBBS,SM,21,mbbs_p2_final.pdf
2025,2,2810,6923,DV,SM,SIM,"Sree Narayana Institute of Medical Sciences, Chalakka, Ernakulam.",MBBS,SM,11,mbbs_p2_final.pdf
2025,2,2811,6925,General,AC,PMC,"Pushpagiri Institute of Medical Science, Thiruvalla",MBBS,AC,20,mbbs_p2_final.pdf
2025,2,2812,6927,MU,MM,TRM,"Travancore Medical College, Umayanalloor, Kollam",MBBS,MM,15,mbbs_p2_final.pdf
2025,2,2813,6931,General,SM,SUC,"SUT Accademy of Medical Sciences, Thiruvananthapuram",MBBS,SM,22,mbbs_p2_final.pdf
2025,2,2814,6932,EZ,EZ,SMC,"Dr. Somervell Memorial CSI Medical College, Karakonam",MBBS,EZ,23,mbbs_p2_final.pdf
2025,2,2815,6933,General,MM,TRM,"Travancore Medical College, Umayanalloor, Kollam",MBBS,MM,22,mbbs_p2_final.pdf
2025,2,2816,6942,General,SM,SUC,"SUT Accademy of Medical Sciences, Thiruvananthapuram",MBBS,SM,22,mbbs_p2_final.pdf
2025,2,2817,6945,General,AC,MMC,"Malankara Orthodox Syrian Church MediCollege, Kolenchery",MBBS,AC,18,mbbs_p2_final.pdf
2025,2,2818,6949,BH,BH,TVD,"Govt. Dental College, Thiruvananthapuram",BDS,BH,1,mbbs_p2_final.pdf
2025,2,2819,6951,EZ,SM,SUC,"SUT Accademy of Medical Sciences, Thiruvananthapuram",MBBS,SM,15,mbbs_p2_final.pdf
2025,2,2820,6953,EW,FL-EW,KND,"Government Dental College, Kannur",BDS,FL-EW,20,mbbs_p2_final.pdf
2025,2,2821,6956,General,SM,SUC,"SUT Accademy of Medical Sciences, Thiruvananthapuram",MBBS,SM,23,mbbs_p2_final.pdf
2025,2,2822,6960,MU,MU,MMH,"Malabar Medical College Hospital, Kozhikkode",MBBS,MU,5,mbbs_p2_final.pdf
2025,2,2823,6962,General,SM,KMM,"Karuna Medical College, Vilayodi, Palakkad",MBBS,SM,15,mbbs_p2_final.pdf
2025,2,2824,6971,MU,MM,KCM,"KMCT Medical College, Mukkom, Kozikkode",MBBS,MM,15,mbbs_p2_final.pdf
2025,2,2825,6973,MU,MM,TRM,"Travancore Medical College, Umayanalloor, Kollam",MBBS,MM,16,mbbs_p2_final.pdf
2025,2,2826,6981,MU,MM,KCM,"KMCT Medical College, Mukkom, Kozikkode",MBBS,MM,18,mbbs_p2_final.pdf
2025,2,2827,6982,MU,MM,KCM,"KMCT Medical College, Mukkom, Kozikkode",MBBS,MM,16,mbbs_p2_final.pdf
2025,2,2828,6989,EZ,SM,AZC,"Azeezia Institute of Medi Science, Meyyannoor, Kollam",MBBS,SM,2,mbbs_p2_final.pdf
2025,2,2829,6996,MU,MM,KCM,"KMCT Medical College, Mukkom, Kozikkode",MBBS,MM,1,mbbs_p2_final.pdf
2025,2,2830,7000,General,AC,BCM,"Believers Church Medical College Hospital, Thiruvalla",MBBS,AC,1,mbbs_p2_final.pdf
2025,2,2831,7003,EZ,EZ,KCM,"KMCT Medical College, Mukkom, Kozikkode",MBBS,EZ,21,mbbs_p2_final.pdf
2025,2,2832,7004,BH,BH,SUC,"SUT Accademy of Medical Sciences, Thiruvananthapuram",MBBS,BH,25,mbbs_p2_final.pdf
2025,2,2833,7007,EZ,EZ,MMH,"Malabar Medical College Hospital, Kozhikkode",MBBS,EZ,18,mbbs_p2_final.pdf
2025,2,2834,7008,General,AC,BCM,"Believers Church Medical College Hospital, Thiruvalla",MBBS,AC,1,mbbs_p2_final.pdf
2025,2,2835,7009,General,SM,DMM,"Dr. Moopens Medical College, Meppadi, Wayanad",MBBS,SM,22,mbbs_p2_final.pdf
2025,2,2836,7012,MU,MM,KCM,"KMCT Medical College, Mukkom, Kozikkode",MBBS,MM,16,mbbs_p2_final.pdf
2025,2,2837,7015,General,AC,MMC,"Malankara Orthodox Syrian Church MediCollege, Kolenchery",MBBS,AC,18,mbbs_p2_final.pdf
2025,2,2838,7027,MU,MM,KCM,"KMCT Medical College, Mukkom, Kozikkode",MBBS,MM,13,mbbs_p2_final.pdf
2025,2,2839,7033,General,AC,MMC,"Malankara Orthodox Syrian Church MediCollege, Kolenchery",MBBS,AC,18,mbbs_p2_final.pdf
2025,2,2840,7044,MU,MM,KCM,"KMCT Medical College, Mukkom, Kozikkode",MBBS,MM,16,mbbs_p2_final.pdf
2025,2,2841,7046,General,SM,AZC,"Azeezia Institute of Medi Science, Meyyannoor, Kollam",MBBS,SM,18,mbbs_p2_final.pdf
2025,2,2842,7049,EW,FL-EW,KND,"Government Dental College, Kannur",BDS,FL-EW,20,mbbs_p2_final.pdf
2025,2,2843,7053,BH,SM,AZC,"Azeezia Institute of Medi Science, Meyyannoor, Kollam",MBBS,SM,16,mbbs_p2_final.pdf
2025,2,2844,7057,BH,SM,KMM,"Karuna Medical College, Vilayodi, Palakkad",MBBS,SM,25,mbbs_p2_final.pdf
2025,2,2845,7059,General,AC,MMC,"Malankara Orthodox Syrian Church MediCollege, Kolenchery",MBBS,AC,26,mbbs_p2_final.pdf
2025,2,2846,7060,General,AC,MMC,"Malankara Orthodox Syrian Church MediCollege, Kolenchery",MBBS,AC,12,mbbs_p2_final.pdf
2025,2,2847,7061,General,SM,KDM,"P K Das Institute of Medical Sciences, Ottapalam",MBBS,SM,11,mbbs_p2_final.pdf
2025,2,2848,7065,General,SM,SIM,"Sree Narayana Institute of Medical Sciences, Chalakka, Ernakulam.",MBBS,SM,22,mbbs_p2_final.pdf
2025,2,2849,7067,SC,SC,TVM,"Govt. Medical College, Thiruvananthapuram",MBBS,SC,2,mbbs_p2_final.pdf
2025,2,2850,7070,EZ,EZ,SMC,"Dr. Somervell Memorial CSI Medical College, Karakonam",MBBS,EZ,21,mbbs_p2_final.pdf
2025,2,2851,7076,MU,MM,TRM,"Travancore Medical College, Umayanalloor, Kollam",MBBS,MM,1,mbbs_p2_final.pdf
2025,2,2852,7079,General,AC,BCM,"Believers Church Medical College Hospital, Thiruvalla",MBBS,AC,16,mbbs_p2_final.pdf
2025,2,2853,7083,EZ,EZ,MMH,"Malabar Medical College Hospital, Kozhikkode",MBBS,EZ,15,mbbs_p2_final.pdf
2025,2,2854,7086,LA,LA,GMC,"Sree Gokulam Medical College, Venjaramoodu, TVPM",MBBS,LA,10,mbbs_p2_final.pdf
2025,2,2855,7092,EZ,SM,SIM,"Sree Narayana Institute of Medical Sciences, Chalakka, Ernakulam.",MBBS,SM,17,mbbs_p2_final.pdf
2025,2,2856,7094,General,SM,DMM,"Dr. Moopens Medical College, Meppadi, Wayanad",MBBS,SM,26,mbbs_p2_final.pdf
2025,2,2857,7096,General,AC,BCM,"Believers Church Medical College Hospital, Thiruvalla",MBBS,AC,1,mbbs_p2_final.pdf
2025,2,2858,7098,EW,FL-EW,KND,"Government Dental College, Kannur",BDS,FL-EW,18,mbbs_p2_final.pdf
2025,2,2859,7099,MU,MM,TRM,"Travancore Medical College, Umayanalloor, Kollam",MBBS,MM,18,mbbs_p2_final.pdf
2025,2,2860,7102,SC,SC,TCM,"Govt. Medical College, Thrissur",MBBS,SC,2,mbbs_p2_final.pdf
2025,2,2861,7104,BX,BX,MMH,"Malabar Medical College Hospital, Kozhikkode",MBBS,BX,19,mbbs_p2_final.pdf
2025,2,2862,7113,General,SM,DMM,"Dr. Moopens Medical College, Meppadi, Wayanad",MBBS,SM,27,mbbs_p2_final.pdf
2025,2,2863,7118,VK,VK,SUC,"SUT Accademy of Medical Sciences, Thiruvananthapuram",MBBS,VK,22,mbbs_p2_final.pdf
2025,2,2864,7124,VK,VK,SUC,"SUT Accademy of Medical Sciences, Thiruvananthapuram",MBBS,VK,19,mbbs_p2_final.pdf
2025,2,2865,7130,EZ,EZ,SUC,"SUT Accademy of Medical Sciences, Thiruvananthapuram",MBBS,EZ,20,mbbs_p2_final.pdf
2025,2,2866,7132,SC,SC,KTM,"Govt. Medical College, Kottayam",MBBS,SC,2,mbbs_p2_final.pdf
2025,2,2867,7135,General,SM,KDM,"P K Das Institute of Medical Sciences, Ottapalam",MBBS,SM,14,mbbs_p2_final.pdf
2025,2,2868,7138,MU,MM,KCM,"KMCT Medical College, Mukkom, Kozikkode",MBBS,MM,1,mbbs_p2_final.pdf
2025,2,2869,7144,MU,MM,KCM,"KMCT Medical College, Mukkom, Kozikkode",MBBS,MM,16,mbbs_p2_final.pdf
2025,2,2870,7159,MU,SM,KMD,"KMCT Dental College, Mambatta, Mukkam, Kozhikode",BDS,SM,18,mbbs_p2_final.pdf
2025,2,2871,7162,EZ,EZ,SUC,"SUT Accademy of Medical Sciences, Thiruvananthapuram",MBBS,EZ,6,mbbs_p2_final.pdf
2025,2,2872,7164,MU,MM,KCM,"KMCT Medical College, Mukkom, Kozikkode",MBBS,MM,6,mbbs_p2_final.pdf
2025,2,2873,7184,MU,MM,KCM,"KMCT Medical College, Mukkom, Kozikkode",MBBS,MM,18,mbbs_p2_final.pdf
2025,2,2874,7185,BH,BH,SUC,"SUT Accademy of Medical Sciences, Thiruvananthapuram",MBBS,BH,26,mbbs_p2_final.pdf
2025,2,2875,7187,General,SM,DMM,"Dr. Moopens Medical College, Meppadi, Wayanad",MBBS,SM,18,mbbs_p2_final.pdf
2025,2,2876,7188,KU,KU,KKM,"Govt. Medical College, Kozhikkode",MBBS,KU,1,mbbs_p2_final.pdf
2025,2,2877,7192,General,SM,KDM,"P K Das Institute of Medical Sciences, Ottapalam",MBBS,SM,19,mbbs_p2_final.pdf
2025,2,2878,7193,MU,MM,KCM,"KMCT Medical College, Mukkom, Kozikkode",MBBS,MM,18,mbbs_p2_final.pdf
2025,2,2879,7195,General,SM,KDM,"P K Das Institute of Medical Sciences, Ottapalam",MBBS,SM,19,mbbs_p2_final.pdf
2025,2,2880,7210,General,PD,TVM,"Govt. Medical College, Thiruvananthapuram",MBBS,PD,1,mbbs_p2_final.pdf
2025,2,2881,7213,EW,DA,KKM,"Govt. Medical College, Kozhikkode",MBBS,DA,1,mbbs_p2_final.pdf
2025,2,2882,7215,LA,DA,KTM,"Govt. Medical College, Kottayam",MBBS,DA,1,mbbs_p2_final.pdf
2025,2,2883,7219,General,SM,DMM,"Dr. Moopens Medical College, Meppadi, Wayanad",MBBS,SM,1,mbbs_p2_final.pdf
2025,2,2884,7221,General,SM,SIM,"Sree Narayana Institute of Medical Sciences, Chalakka, Ernakulam.",MBBS,SM,26,mbbs_p2_final.pdf
2025,2,2885,7222,EZ,EZ,MMH,"Malabar Medical College Hospital, Kozhikkode",MBBS,EZ,23,mbbs_p2_final.pdf
2025,2,2886,7224,EZ,EZ,SUC,"SUT Accademy of Medical Sciences, Thiruvananthapuram",MBBS,EZ,20,mbbs_p2_final.pdf
2025,2,2887,7227,EZ,EZ,MMH,"Malabar Medical College Hospital, Kozhikkode",MBBS,EZ,22,mbbs_p2_final.pdf
2025,2,2888,7235,MU,MM,TRM,"Travancore Medical College, Umayanalloor, Kollam",MBBS,MM,23,mbbs_p2_final.pdf
2025,2,2889,7247,BX,BX,TRM,"Travancore Medical College, Umayanalloor, Kollam",MBBS,BX,14,mbbs_p2_final.pdf
2025,2,2890,7252,MU,MM,TRM,"Travancore Medical College, Umayanalloor, Kollam",MBBS,MM,18,mbbs_p2_final.pdf
2025,2,2891,7255,MU,MM,KCM,"KMCT Medical College, Mukkom, Kozikkode",MBBS,MM,2,mbbs_p2_final.pdf
2025,2,2892,7256,MU,MM,KCM,"KMCT Medical College, Mukkom, Kozikkode",MBBS,MM,20,mbbs_p2_final.pdf
2025,2,2893,7259,VK,VK,MMH,"Malabar Medical College Hospital, Kozhikkode",MBBS,VK,21,mbbs_p2_final.pdf
2025,2,2894,7262,EZ,SM,SIM,"Sree Narayana Institute of Medical Sciences, Chalakka, Ernakulam.",MBBS,SM,22,mbbs_p2_final.pdf
2025,2,2895,7267,EZ,EZ,MMH,"Malabar Medical College Hospital, Kozhikkode",MBBS,EZ,22,mbbs_p2_final.pdf
2025,2,2896,7273,General,DA,KKM,"Govt. Medical College, Kozhikkode",MBBS,DA,1,mbbs_p2_final.pdf
2025,2,2897,7274,General,AC,BCM,"Believers Church Medical College Hospital, Thiruvalla",MBBS,AC,1,mbbs_p2_final.pdf
2025,2,2898,7280,MU,SM,SIM,"Sree Narayana Institute of Medical Sciences, Chalakka, Ernakulam.",MBBS,SM,15,mbbs_p2_final.pdf
2025,2,2899,7284,MU,MM,KCM,"KMCT Medical College, Mukkom, Kozikkode",MBBS,MM,20,mbbs_p2_final.pdf
2025,2,2900,7285,General,AC,MMC,"Malankara Orthodox Syrian Church MediCollege, Kolenchery",MBBS,AC,2,mbbs_p2_final.pdf
2025,2,2901,7291,EW,EW,GMC,"Sree Gokulam Medical College, Venjaramoodu, TVPM",MBBS,EW,15,mbbs_p2_final.pdf
2025,2,2902,7302,MU,MM,TRM,"Travancore Medical College, Umayanalloor, Kollam",MBBS,MM,1,mbbs_p2_final.pdf
2025,2,2903,7305,MU,MM,KCM,"KMCT Medical College, Mukkom, Kozikkode",MBBS,MM,24,mbbs_p2_final.pdf
2025,2,2904,7306,General,MM,KCM,"KMCT Medical College, Mukkom, Kozikkode",MBBS,MM,19,mbbs_p2_final.pdf
2025,2,2905,7307,DV,DV,EMC,"MES Medical College, Perinthalmanna, Malappuram",MBBS,DV,14,mbbs_p2_final.pdf
2025,2,2906,7308,LA,LA,TRM,"Travancore Medical College, Umayanalloor, Kollam",MBBS,LA,11,mbbs_p2_final.pdf
2025,2,2907,7311,MU,SM,SIM,"Sree Narayana Institute of Medical Sciences, Chalakka, Ernakulam.",MBBS,SM,20,mbbs_p2_final.pdf
2025,2,2908,7321,General,AC,BCM,"Believers Church Medical College Hospital, Thiruvalla",MBBS,AC,18,mbbs_p2_final.pdf
2025,2,2909,7327,General,SM,PMD,"Pushpagiri College of Dental Science, Thiruvalla",BDS,SM,21,mbbs_p2_final.pdf
2025,2,2910,7329,SC,SC,KTM,"Govt. Medical College, Kottayam",MBBS,SC,1,mbbs_p2_final.pdf
2025,2,2911,7335,MU,MU,MMH,"Malabar Medical College Hospital, Kozhikkode",MBBS,MU,19,mbbs_p2_final.pdf
2025,2,2912,7338,EZ,SM,KDM,"P K Das Institute of Medical Sciences, Ottapalam",MBBS,SM,1,mbbs_p2_final.pdf
2025,2,2913,7344,EZ,EZ,SUC,"SUT Accademy of Medical Sciences, Thiruvananthapuram",MBBS,EZ,17,mbbs_p2_final.pdf
2025,2,2914,7350,EZ,SM,SIM,"Sree Narayana Institute of Medical Sciences, Chalakka, Ernakulam.",MBBS,SM,22,mbbs_p2_final.pdf
2025,2,2915,7352,General,SM,KDM,"P K Das Institute of Medical Sciences, Ottapalam",MBBS,SM,24,mbbs_p2_final.pdf
2025,2,2916,7353,MU,MM,KCM,"KMCT Medical College, Mukkom, Kozikkode",MBBS,MM,2,mbbs_p2_final.pdf
2025,2,2917,7357,MU,MU,SUC,"SUT Accademy of Medical Sciences, Thiruvananthapuram",MBBS,MU,23,mbbs_p2_final.pdf
2025,2,2918,7360,MU,MU,MMH,"Malabar Medical College Hospital, Kozhikkode",MBBS,MU,19,mbbs_p2_final.pdf
2025,2,2919,7365,General,AC,PMC,"Pushpagiri Institute of Medical Science, Thiruvalla",MBBS,AC,16,mbbs_p2_final.pdf
2025,2,2920,7372,MU,MM,TRM,"Travancore Medical College, Umayanalloor, Kollam",MBBS,MM,15,mbbs_p2_final.pdf
2025,2,2921,7376,General,SM,SIM,"Sree Narayana Institute of Medical Sciences, Chalakka, Ernakulam.",MBBS,SM,19,mbbs_p2_final.pdf
2025,2,2922,7382,General,SM,SIM,"Sree Narayana Institute of Medical Sciences, Chalakka, Ernakulam.",MBBS,SM,33,mbbs_p2_final.pdf
2025,2,2923,7383,General,SM,AAM,"Al Azhar Medical college, Thodupuzha",MBBS,SM,24,mbbs_p2_final.pdf
2025,2,2924,7384,General,AC,MMC,"Malankara Orthodox Syrian Church MediCollege, Kolenchery",MBBS,AC,20,mbbs_p2_final.pdf
2025,2,2925,7386,General,AC,BCM,"Believers Church Medical College Hospital, Thiruvalla",MBBS,AC,1,mbbs_p2_final.pdf
2025,2,2926,7393,General,AC,BCM,"Believers Church Medical College Hospital, Thiruvalla",MBBS,AC,1,mbbs_p2_final.pdf
2025,2,2927,7394,MU,SM,MLD,"Malabar Dental College, Edappal",BDS,SM,21,mbbs_p2_final.pdf
2025,2,2928,7396,MU,MM,KCM,"KMCT Medical College, Mukkom, Kozikkode",MBBS,MM,22,mbbs_p2_final.pdf
2025,2,2929,7399,VK,SM,SIM,"Sree Narayana Institute of Medical Sciences, Chalakka, Ernakulam.",MBBS,SM,20,mbbs_p2_final.pdf
2025,2,2930,7404,General,AC,BCM,"Believers Church Medical College Hospital, Thiruvalla",MBBS,AC,1,mbbs_p2_final.pdf
2025,2,2931,7419,General,SM,SIM,"Sree Narayana Institute of Medical Sciences, Chalakka, Ernakulam.",MBBS,SM,23,mbbs_p2_final.pdf
2025,2,2932,7435,General,SM,DMM,"Dr. Moopens Medical College, Meppadi, Wayanad",MBBS,SM,18,mbbs_p2_final.pdf
2025,2,2933,7437,MU,MM,KCM,"KMCT Medical College, Mukkom, Kozikkode",MBBS,MM,17,mbbs_p2_final.pdf
2025,2,2934,7439,DV,DV,MMH,"Malabar Medical College Hospital, Kozhikkode",MBBS,DV,9,mbbs_p2_final.pdf
2025,2,2935,7445,MU,MM,TRM,"Travancore Medical College, Umayanalloor, Kollam",MBBS,MM,21,mbbs_p2_final.pdf
2025,2,2936,7446,MU,MU,SUC,"SUT Accademy of Medical Sciences, Thiruvananthapuram",MBBS,MU,1,mbbs_p2_final.pdf
2025,2,2937,7448,MU,MM,KCM,"KMCT Medical College, Mukkom, Kozikkode",MBBS,MM,17,mbbs_p2_final.pdf
2025,2,2938,7449,EZ,EZ,SUC,"SUT Accademy of Medical Sciences, Thiruvananthapuram",MBBS,EZ,5,mbbs_p2_final.pdf
2025,2,2939,7450,DV,DV,KSM,"Govt. Medical College, Kasaragod",MBBS,DV,11,mbbs_p2_final.pdf
2025,2,2940,7455,MU,SM,KMM,"Karuna Medical College, Vilayodi, Palakkad",MBBS,SM,1,mbbs_p2_final.pdf
2025,2,2941,7459,General,AC,BCM,"Believers Church Medical College Hospital, Thiruvalla",MBBS,AC,19,mbbs_p2_final.pdf
2025,2,2942,7460,MU,MM,KCM,"KMCT Medical College, Mukkom, Kozikkode",MBBS,MM,21,mbbs_p2_final.pdf
2025,2,2943,7462,EZ,EZ,SUC,"SUT Accademy of Medical Sciences, Thiruvananthapuram",MBBS,EZ,8,mbbs_p2_final.pdf
2025,2,2944,7465,DV,DV,TRM,"Travancore Medical College, Umayanalloor, Kollam",MBBS,DV,16,mbbs_p2_final.pdf
2025,2,2945,7466,EZ,EZ,SMC,"Dr. Somervell Memorial CSI Medical College, Karakonam",MBBS,EZ,23,mbbs_p2_final.pdf
2025,2,2946,7471,MU,MM,TRM,"Travancore Medical College, Umayanalloor, Kollam",MBBS,MM,20,mbbs_p2_final.pdf
2025,2,2947,7476,SC,SC,KTM,"Govt. Medical College, Kottayam",MBBS,SC,1,mbbs_p2_final.pdf
2025,2,2948,7478,MU,MM,KCM,"KMCT Medical College, Mukkom, Kozikkode",MBBS,MM,7,mbbs_p2_final.pdf
2025,2,2949,7479,BH,BH,SUC,"SUT Accademy of Medical Sciences, Thiruvananthapuram",MBBS,BH,17,mbbs_p2_final.pdf
2025,2,2950,7486,MU,MM,KCM,"KMCT Medical College, Mukkom, Kozikkode",MBBS,MM,21,mbbs_p2_final.pdf
2025,2,2951,7487,MU,MM,KCM,"KMCT Medical College, Mukkom, Kozikkode",MBBS,MM,8,mbbs_p2_final.pdf
2025,2,2952,7489,EZ,EZ,MMH,"Malabar Medical College Hospital, Kozhikkode",MBBS,EZ,20,mbbs_p2_final.pdf
2025,2,2953,7490,MU,SM,DMM,"Dr. Moopens Medical College, Meppadi, Wayanad",MBBS,SM,1,mbbs_p2_final.pdf
2025,2,2954,7493,EZ,EZ,SUC,"SUT Accademy of Medical Sciences, Thiruvananthapuram",MBBS,EZ,17,mbbs_p2_final.pdf
2025,2,2955,7496,LA,LA,EMC,"MES Medical College, Perinthalmanna, Malappuram",MBBS,LA,6,mbbs_p2_final.pdf
2025,2,2956,7498,BH,BH,SUC,"SUT Accademy of Medical Sciences, Thiruvananthapuram",MBBS,BH,23,mbbs_p2_final.pdf
2025,2,2957,7500,MU,SM,SIM,"Sree Narayana Institute of Medical Sciences, Chalakka, Ernakulam.",MBBS,SM,13,mbbs_p2_final.pdf
2025,2,2958,7501,MU,SM,MED,"MES Dental College, Perinthalmanna",BDS,SM,7,mbbs_p2_final.pdf
2025,2,2959,7503,General,AC,MMC,"Malankara Orthodox Syrian Church MediCollege, Kolenchery",MBBS,AC,18,mbbs_p2_final.pdf
2025,2,2960,7507,MU,MM,TRM,"Travancore Medical College, Umayanalloor, Kollam",MBBS,MM,16,mbbs_p2_final.pdf
2025,2,2961,7509,MU,MM,KCM,"KMCT Medical College, Mukkom, Kozikkode",MBBS,MM,20,mbbs_p2_final.pdf
2025,2,2962,7514,MU,MM,KCM,"KMCT Medical College, Mukkom, Kozikkode",MBBS,MM,4,mbbs_p2_final.pdf
2025,2,2963,7518,EZ,EZ,SUC,"SUT Accademy of Medical Sciences, Thiruvananthapuram",MBBS,EZ,9,mbbs_p2_final.pdf
2025,2,2964,7521,MU,SM,KMD,"KMCT Dental College, Mambatta, Mukkam, Kozhikode",BDS,SM,21,mbbs_p2_final.pdf
2025,2,2965,7522,MU,PD,KKM,"Govt. Medical College, Kozhikkode",MBBS,PD,1,mbbs_p2_final.pdf
2025,2,2966,7528,EZ,EZ,SUC,"SUT Accademy of Medical Sciences, Thiruvananthapuram",MBBS,EZ,2,mbbs_p2_final.pdf
2025,2,2967,7530,General,AC,BCM,"Believers Church Medical College Hospital, Thiruvalla",MBBS,AC,18,mbbs_p2_final.pdf
2025,2,2968,7537,General,SM,DMM,"Dr. Moopens Medical College, Meppadi, Wayanad",MBBS,SM,21,mbbs_p2_final.pdf
2025,2,2969,7540,General,SM,KDM,"P K Das Institute of Medical Sciences, Ottapalam",MBBS,SM,21,mbbs_p2_final.pdf
2025,2,2970,7541,MU,SM,KMD,"KMCT Dental College, Mambatta, Mukkam, Kozhikode",BDS,SM,21,mbbs_p2_final.pdf
2025,2,2971,7542,BH,SM,DMM,"Dr. Moopens Medical College, Meppadi, Wayanad",MBBS,SM,20,mbbs_p2_final.pdf
2025,2,2972,7543,MU,MM,KCM,"KMCT Medical College, Mukkom, Kozikkode",MBBS,MM,19,mbbs_p2_final.pdf
2025,2,2973,7546,BH,SM,AZC,"Azeezia Institute of Medi Science, Meyyannoor, Kollam",MBBS,SM,27,mbbs_p2_final.pdf
2025,2,2974,7547,DV,DV,SMC,"Dr. Somervell Memorial CSI Medical College, Karakonam",MBBS,DV,18,mbbs_p2_final.pdf
2025,2,2975,7556,General,AC,BCM,"Believers Church Medical College Hospital, Thiruvalla",MBBS,AC,20,mbbs_p2_final.pdf
2025,2,2976,7558,General,SM,SIM,"Sree Narayana Institute of Medical Sciences, Chalakka, Ernakulam.",MBBS,SM,22,mbbs_p2_final.pdf
2025,2,2977,7564,General,SM,SIM,"Sree Narayana Institute of Medical Sciences, Chalakka, Ernakulam.",MBBS,SM,22,mbbs_p2_final.pdf
2025,2,2978,7568,General,AC,MMC,"Malankara Orthodox Syrian Church MediCollege, Kolenchery",MBBS,AC,15,mbbs_p2_final.pdf
2025,2,2979,7570,General,AC,MMC,"Malankara Orthodox Syrian Church MediCollege, Kolenchery",MBBS,AC,20,mbbs_p2_final.pdf
2025,2,2980,7575,General,SM,AZC,"Azeezia Institute of Medi Science, Meyyannoor, Kollam",MBBS,SM,22,mbbs_p2_final.pdf
2025,2,2981,7576,BH,SM,SIM,"Sree Narayana Institute of Medical Sciences, Chalakka, Ernakulam.",MBBS,SM,24,mbbs_p2_final.pdf
2025,2,2982,7578,BX,SM,SIM,"Sree Narayana Institute of Medical Sciences, Chalakka, Ernakulam.",MBBS,SM,19,mbbs_p2_final.pdf
2025,2,2983,7582,General,AC,MMC,"Malankara Orthodox Syrian Church MediCollege, Kolenchery",MBBS,AC,20,mbbs_p2_final.pdf
2025,2,2984,7583,MU,SM,KMM,"Karuna Medical College, Vilayodi, Palakkad",MBBS,SM,17,mbbs_p2_final.pdf
2025,2,2985,7587,MU,MM,KCM,"KMCT Medical College, Mukkom, Kozikkode",MBBS,MM,21,mbbs_p2_final.pdf
2025,2,2986,7589,DV,DV,GMC,"Sree Gokulam Medical College, Venjaramoodu, TVPM",MBBS,DV,1,mbbs_p2_final.pdf
2025,2,2987,7590,General,SM,MZM,"Mount Zion Medical College, Pathanamthitta",MBBS,SM,20,mbbs_p2_final.pdf
2025,2,2988,7592,MU,MM,KCM,"KMCT Medical College, Mukkom, Kozikkode",MBBS,MM,23,mbbs_p2_final.pdf
2025,2,2989,7595,LA,AC,PMC,"Pushpagiri Institute of Medical Science, Thiruvalla",MBBS,AC,20,mbbs_p2_final.pdf
2025,2,2990,7596,MU,MM,KCM,"KMCT Medical College, Mukkom, Kozikkode",MBBS,MM,16,mbbs_p2_final.pdf
2025,2,2991,7597,EZ,EZ,SUC,"SUT Accademy of Medical Sciences, Thiruvananthapuram",MBBS,EZ,12,mbbs_p2_final.pdf
2025,2,2992,7600,BH,SM,DMM,"Dr. Moopens Medical College, Meppadi, Wayanad",MBBS,SM,15,mbbs_p2_final.pdf
2025,2,2993,7622,MU,PD,KKM,"Govt. Medical College, Kozhikkode",MBBS,PD,1,mbbs_p2_final.pdf
2025,2,2994,7634,MU,MM,KCM,"KMCT Medical College, Mukkom, Kozikkode",MBBS,MM,19,mbbs_p2_final.pdf
2025,2,2995,7639,MU,MM,KCM,"KMCT Medical College, Mukkom, Kozikkode",MBBS,MM,17,mbbs_p2_final.pdf
2025,2,2996,7640,General,SM,SIM,"Sree Narayana Institute of Medical Sciences, Chalakka, Ernakulam.",MBBS,SM,11,mbbs_p2_final.pdf
2025,2,2997,7642,General,AC,MMC,"Malankara Orthodox Syrian Church MediCollege, Kolenchery",MBBS,AC,20,mbbs_p2_final.pdf
2025,2,2998,7644,BH,SM,KDM,"P K Das Institute of Medical Sciences, Ottapalam",MBBS,SM,24,mbbs_p2_final.pdf
2025,2,2999,7655,MU,MM,TRM,"Travancore Medical College, Umayanalloor, Kollam",MBBS,MM,1,mbbs_p2_final.pdf
2025,2,3000,7662,General,AC,MMC,"Malankara Orthodox Syrian Church MediCollege, Kolenchery",MBBS,AC,2,mbbs_p2_final.pdf
2025,2,3001,7665,MU,MM,TRM,"Travancore Medical College, Umayanalloor, Kollam",MBBS,MM,22,mbbs_p2_final.pdf
2025,2,3002,7666,General,AC,BCM,"Believers Church Medical College Hospital, Thiruvalla",MBBS,AC,1,mbbs_p2_final.pdf
2025,2,3003,7667,VK,VK,KCM,"KMCT Medical College, Mukkom, Kozikkode",MBBS,VK,12,mbbs_p2_final.pdf
2025,2,3004,7672,MU,MM,TRM,"Travancore Medical College, Umayanalloor, Kollam",MBBS,MM,27,mbbs_p2_final.pdf
2025,2,3005,7673,BH,SM,SIM,"Sree Narayana Institute of Medical Sciences, Chalakka, Ernakulam.",MBBS,SM,20,mbbs_p2_final.pdf
2025,2,3006,7677,MU,MM,TRM,"Travancore Medical College, Umayanalloor, Kollam",MBBS,MM,20,mbbs_p2_final.pdf
2025,2,3007,7680,General,AC,MMC,"Malankara Orthodox Syrian Church MediCollege, Kolenchery",MBBS,AC,16,mbbs_p2_final.pdf
2025,2,3008,7681,General,AC,MMC,"Malankara Orthodox Syrian Church MediCollege, Kolenchery",MBBS,AC,20,mbbs_p2_final.pdf
2025,2,3009,7683,DV,DV,MMH,"Malabar Medical College Hospital, Kozhikkode",MBBS,DV,17,mbbs_p2_final.pdf
2025,2,3010,7686,BX,AC,SMC,"Dr. Somervell Memorial CSI Medical College, Karakonam",MBBS,AC,15,mbbs_p2_final.pdf
2025,2,3011,7691,General,AC,MMC,"Malankara Orthodox Syrian Church MediCollege, Kolenchery",MBBS,AC,18,mbbs_p2_final.pdf
2025,2,3012,7692,MU,SM,KMM,"Karuna Medical College, Vilayodi, Palakkad",MBBS,SM,21,mbbs_p2_final.pdf
2025,2,3013,7694,General,AC,MMC,"Malankara Orthodox Syrian Church MediCollege, Kolenchery",MBBS,AC,18,mbbs_p2_final.pdf
2025,2,3014,7707,EZ,EZ,MMH,"Malabar Medical College Hospital, Kozhikkode",MBBS,EZ,22,mbbs_p2_final.pdf
2025,2,3015,7708,LA,LA,KCM,"KMCT Medical College, Mukkom, Kozikkode",MBBS,LA,19,mbbs_p2_final.pdf
2025,2,3016,7713,BH,SM,SIM,"Sree Narayana Institute of Medical Sciences, Chalakka, Ernakulam.",MBBS,SM,16,mbbs_p2_final.pdf
2025,2,3017,7722,EZ,SM,DMM,"Dr. Moopens Medical College, Meppadi, Wayanad",MBBS,SM,17,mbbs_p2_final.pdf
2025,2,3018,7724,EZ,SM,SIM,"Sree Narayana Institute of Medical Sciences, Chalakka, Ernakulam.",MBBS,SM,5,mbbs_p2_final.pdf
2025,2,3019,7730,DV,SM,SIM,"Sree Narayana Institute of Medical Sciences, Chalakka, Ernakulam.",MBBS,SM,14,mbbs_p2_final.pdf
2025,2,3020,7741,MU,MM,TRM,"Travancore Medical College, Umayanalloor, Kollam",MBBS,MM,18,mbbs_p2_final.pdf
2025,2,3021,7744,General,AC,MMC,"Malankara Orthodox Syrian Church MediCollege, Kolenchery",MBBS,AC,18,mbbs_p2_final.pdf
2025,2,3022,7747,General,SM,SIM,"Sree Narayana Institute of Medical Sciences, Chalakka, Ernakulam.",MBBS,SM,9,mbbs_p2_final.pdf
2025,2,3023,7750,EW,EW,SUC,"SUT Accademy of Medical Sciences, Thiruvananthapuram",MBBS,EW,1,mbbs_p2_final.pdf
2025,2,3024,7754,EZ,EZ,SUC,"SUT Accademy of Medical Sciences, Thiruvananthapuram",MBBS,EZ,22,mbbs_p2_final.pdf
2025,2,3025,7755,SC,SC,TCM,"Govt. Medical College, Thrissur",MBBS,SC,2,mbbs_p2_final.pdf
2025,2,3026,7757,General,SM,KDM,"P K Das Institute of Medical Sciences, Ottapalam",MBBS,SM,23,mbbs_p2_final.pdf
2025,2,3027,7770,EZ,SM,DMM,"Dr. Moopens Medical College, Meppadi, Wayanad",MBBS,SM,23,mbbs_p2_final.pdf
2025,2,3028,7782,General,SM,SIM,"Sree Narayana Institute of Medical Sciences, Chalakka, Ernakulam.",MBBS,SM,19,mbbs_p2_final.pdf
2025,2,3029,7785,General,AC,PMC,"Pushpagiri Institute of Medical Science, Thiruvalla",MBBS,AC,20,mbbs_p2_final.pdf
2025,2,3030,7794,General,AC,MMC,"Malankara Orthodox Syrian Church MediCollege, Kolenchery",MBBS,AC,18,mbbs_p2_final.pdf
2025,2,3031,7798,MU,SM,MBD,"Mar Baselious Dental College, Kothamangalam",BDS,SM,26,mbbs_p2_final.pdf
2025,2,3032,7799,BH,BH,ALD,"Government Dental College, Alappuzha",BDS,BH,3,mbbs_p2_final.pdf
2025,2,3033,7807,MU,MM,TRM,"Travancore Medical College, Umayanalloor, Kollam",MBBS,MM,26,mbbs_p2_final.pdf
2025,2,3034,7808,EZ,SM,KDM,"P K Das Institute of Medical Sciences, Ottapalam",MBBS,SM,20,mbbs_p2_final.pdf
2025,2,3035,7815,MU,SM,KMM,"Karuna Medical College, Vilayodi, Palakkad",MBBS,SM,19,mbbs_p2_final.pdf
2025,2,3036,7817,KN,KN,ALP,"T D Govt. Medical College, Alappuzha",MBBS,KN,1,mbbs_p2_final.pdf
2025,2,3037,7818,MU,SM,KDM,"P K Das Institute of Medical Sciences, Ottapalam",MBBS,SM,1,mbbs_p2_final.pdf
2025,2,3038,7819,MU,SM,DMM,"Dr. Moopens Medical College, Meppadi, Wayanad",MBBS,SM,10,mbbs_p2_final.pdf
2025,2,3039,7824,EZ,SM,SIM,"Sree Narayana Institute of Medical Sciences, Chalakka, Ernakulam.",MBBS,SM,24,mbbs_p2_final.pdf
2025,2,3040,7826,SC,SC,TCM,"Govt. Medical College, Thrissur",MBBS,SC,1,mbbs_p2_final.pdf
2025,2,3041,7827,General,SM,DMM,"Dr. Moopens Medical College, Meppadi, Wayanad",MBBS,SM,27,mbbs_p2_final.pdf
2025,2,3042,7828,DV,DV,SUC,"SUT Accademy of Medical Sciences, Thiruvananthapuram",MBBS,DV,10,mbbs_p2_final.pdf
2025,2,3043,7830,General,AC,MMC,"Malankara Orthodox Syrian Church MediCollege, Kolenchery",MBBS,AC,20,mbbs_p2_final.pdf
2025,2,3044,7831,General,AC,PMC,"Pushpagiri Institute of Medical Science, Thiruvalla",MBBS,AC,22,mbbs_p2_final.pdf
2025,2,3045,7836,General,AC,PMC,"Pushpagiri Institute of Medical Science, Thiruvalla",MBBS,AC,22,mbbs_p2_final.pdf
2025,2,3046,7840,General,DA,TCM,"Govt. Medical College, Thrissur",MBBS,DA,1,mbbs_p2_final.pdf
2025,2,3047,7844,EZ,SM,KMM,"Karuna Medical College, Vilayodi, Palakkad",MBBS,SM,16,mbbs_p2_final.pdf
2025,2,3048,7848,General,SM,SIM,"Sree Narayana Institute of Medical Sciences, Chalakka, Ernakulam.",MBBS,SM,19,mbbs_p2_final.pdf
2025,2,3049,7849,SC,SC,ALP,"T D Govt. Medical College, Alappuzha",MBBS,SC,1,mbbs_p2_final.pdf
2025,2,3050,7852,BH,SM,SIM,"Sree Narayana Institute of Medical Sciences, Chalakka, Ernakulam.",MBBS,SM,24,mbbs_p2_final.pdf
2025,2,3051,7853,EW,AC,PMC,"Pushpagiri Institute of Medical Science, Thiruvalla",MBBS,AC,18,mbbs_p2_final.pdf
2025,2,3052,7856,MU,SM,DMM,"Dr. Moopens Medical College, Meppadi, Wayanad",MBBS,SM,18,mbbs_p2_final.pdf
2025,2,3053,7860,General,SM,DMM,"Dr. Moopens Medical College, Meppadi, Wayanad",MBBS,SM,24,mbbs_p2_final.pdf
2025,2,3054,7862,General,AC,PMC,"Pushpagiri Institute of Medical Science, Thiruvalla",MBBS,AC,20,mbbs_p2_final.pdf
2025,2,3055,7874,EZ,SM,SIM,"Sree Narayana Institute of Medical Sciences, Chalakka, Ernakulam.",MBBS,SM,21,mbbs_p2_final.pdf
2025,2,3056,7882,SC,SC,TCM,"Govt. Medical College, Thrissur",MBBS,SC,2,mbbs_p2_final.pdf
2025,2,3057,7884,MU,SM,KMM,"Karuna Medical College, Vilayodi, Palakkad",MBBS,SM,20,mbbs_p2_final.pdf
2025,2,3058,7886,General,AC,PMC,"Pushpagiri Institute of Medical Science, Thiruvalla",MBBS,AC,22,mbbs_p2_final.pdf
2025,2,3059,7894,General,SM,KDM,"P K Das Institute of Medical Sciences, Ottapalam",MBBS,SM,26,mbbs_p2_final.pdf
2025,2,3060,7897,General,MM,TRM,"Travancore Medical College, Umayanalloor, Kollam",MBBS,MM,22,mbbs_p2_final.pdf
2025,2,3061,7898,General,AC,BCM,"Believers Church Medical College Hospital, Thiruvalla",MBBS,AC,20,mbbs_p2_final.pdf
2025,2,3062,7904,EZ,SM,DMM,"Dr. Moopens Medical College, Meppadi, Wayanad",MBBS,SM,1,mbbs_p2_final.pdf
2025,2,3063,7905,General,MM,TRM,"Travancore Medical College, Umayanalloor, Kollam",MBBS,MM,13,mbbs_p2_final.pdf
2025,2,3064,7907,EW,AC,PMC,"Pushpagiri Institute of Medical Science, Thiruvalla",MBBS,AC,2,mbbs_p2_final.pdf
2025,2,3065,7908,MU,MM,TRM,"Travancore Medical College, Umayanalloor, Kollam",MBBS,MM,25,mbbs_p2_final.pdf
2025,2,3066,7927,BH,SM,PIM,"Palakkad Institute of Medical Sciences, Walayar",MBBS,SM,26,mbbs_p2_final.pdf
2025,2,3067,7929,LA,AC,PMC,"Pushpagiri Institute of Medical Science, Thiruvalla",MBBS,AC,22,mbbs_p2_final.pdf
2025,2,3068,7932,MU,MM,KMM,"Karuna Medical College, Vilayodi, Palakkad",MBBS,MM,22,mbbs_p2_final.pdf
2025,2,3069,7933,General,SM,DMM,"Dr. Moopens Medical College, Meppadi, Wayanad",MBBS,SM,19,mbbs_p2_final.pdf
2025,2,3070,7935,MU,SM,DMM,"Dr. Moopens Medical College, Meppadi, Wayanad",MBBS,SM,13,mbbs_p2_final.pdf
2025,2,3071,7936,General,AC,BCM,"Believers Church Medical College Hospital, Thiruvalla",MBBS,AC,20,mbbs_p2_final.pdf
2025,2,3072,7937,MU,SM,DMM,"Dr. Moopens Medical College, Meppadi, Wayanad",MBBS,SM,22,mbbs_p2_final.pdf
2025,2,3073,7941,MU,MM,TRM,"Travancore Medical College, Umayanalloor, Kollam",MBBS,MM,27,mbbs_p2_final.pdf
2025,2,3074,7942,General,SM,DMM,"Dr. Moopens Medical College, Meppadi, Wayanad",MBBS,SM,24,mbbs_p2_final.pdf
2025,2,3075,7943,LA,AC,PMC,"Pushpagiri Institute of Medical Science, Thiruvalla",MBBS,AC,20,mbbs_p2_final.pdf
2025,2,3076,7955,General,SM,AZC,"Azeezia Institute of Medi Science, Meyyannoor, Kollam",MBBS,SM,25,mbbs_p2_final.pdf
2025,2,3077,7962,MU,MM,TRM,"Travancore Medical College, Umayanalloor, Kollam",MBBS,MM,22,mbbs_p2_final.pdf
2025,2,3078,7965,General,SM,DMM,"Dr. Moopens Medical College, Meppadi, Wayanad",MBBS,SM,22,mbbs_p2_final.pdf
2025,2,3079,7967,MU,SM,AAM,"Al Azhar Medical college, Thodupuzha",MBBS,SM,9,mbbs_p2_final.pdf
2025,2,3080,7970,BH,SM,KDM,"P K Das Institute of Medical Sciences, Ottapalam",MBBS,SM,1,mbbs_p2_final.pdf
2025,2,3081,7972,General,SM,AZC,"Azeezia Institute of Medi Science, Meyyannoor, Kollam",MBBS,SM,25,mbbs_p2_final.pdf
2025,2,3082,7973,EW,AC,BCM,"Believers Church Medical College Hospital, Thiruvalla",MBBS,AC,20,mbbs_p2_final.pdf
2025,2,3083,7978,MU,SM,DMM,"Dr. Moopens Medical College, Meppadi, Wayanad",MBBS,SM,1,mbbs_p2_final.pdf
2025,2,3084,7980,MU,MM,TRM,"Travancore Medical College, Umayanalloor, Kollam",MBBS,MM,9,mbbs_p2_final.pdf
2025,2,3085,7981,EZ,EZ,SUC,"SUT Accademy of Medical Sciences, Thiruvananthapuram",MBBS,EZ,25,mbbs_p2_final.pdf
2025,2,3086,7983,MU,SM,AZC,"Azeezia Institute of Medi Science, Meyyannoor, Kollam",MBBS,SM,6,mbbs_p2_final.pdf
2025,2,3087,7984,EZ,SM,AZC,"Azeezia Institute of Medi Science, Meyyannoor, Kollam",MBBS,SM,18,mbbs_p2_final.pdf
2025,2,3088,7987,MU,MM,TRM,"Travancore Medical College, Umayanalloor, Kollam",MBBS,MM,26,mbbs_p2_final.pdf
2025,2,3089,7989,MU,MU,SMC,"Dr. Somervell Memorial CSI Medical College, Karakonam",MBBS,MU,20,mbbs_p2_final.pdf
2025,2,3090,7990,KN,KN,CMC,"Govt. Medical College, Ernakulam",MBBS,KN,1,mbbs_p2_final.pdf
2025,2,3091,8000,VK,VK,TRM,"Travancore Medical College, Umayanalloor, Kollam",MBBS,VK,22,mbbs_p2_final.pdf
2025,2,3092,8005,MU,SM,KDM,"P K Das Institute of Medical Sciences, Ottapalam",MBBS,SM,21,mbbs_p2_final.pdf
2025,2,3093,8006,EW,AC,PMC,"Pushpagiri Institute of Medical Science, Thiruvalla",MBBS,AC,22,mbbs_p2_final.pdf
2025,2,3094,8009,MU,SM,DMM,"Dr. Moopens Medical College, Meppadi, Wayanad",MBBS,SM,22,mbbs_p2_final.pdf
2025,2,3095,8014,General,SM,KMM,"Karuna Medical College, Vilayodi, Palakkad",MBBS,SM,22,mbbs_p2_final.pdf
2025,2,3096,8016,BH,BH,KTD,"Govt. Dental College, Kottayam",BDS,BH,2,mbbs_p2_final.pdf
2025,2,3097,8019,EZ,EZ,SUC,"SUT Accademy of Medical Sciences, Thiruvananthapuram",MBBS,EZ,25,mbbs_p2_final.pdf
2025,2,3098,8025,MU,MU,SIM,"Sree Narayana Institute of Medical Sciences, Chalakka, Ernakulam.",MBBS,MU,7,mbbs_p2_final.pdf
2025,2,3099,8028,MU,MM,TRM,"Travancore Medical College, Umayanalloor, Kollam",MBBS,MM,23,mbbs_p2_final.pdf
2025,2,3100,8031,EZ,EZ,SIM,"Sree Narayana Institute of Medical Sciences, Chalakka, Ernakulam.",MBBS,EZ,26,mbbs_p2_final.pdf
2025,2,3101,8035,MU,SM,DMM,"Dr. Moopens Medical College, Meppadi, Wayanad",MBBS,SM,5,mbbs_p2_final.pdf
2025,2,3102,8036,MU,SM,DMM,"Dr. Moopens Medical College, Meppadi, Wayanad",MBBS,SM,6,mbbs_p2_final.pdf
2025,2,3103,8037,MU,SM,DMM,"Dr. Moopens Medical College, Meppadi, Wayanad",MBBS,SM,20,mbbs_p2_final.pdf
2025,2,3104,8043,MU,MM,TRM,"Travancore Medical College, Umayanalloor, Kollam",MBBS,MM,24,mbbs_p2_final.pdf
2025,2,3105,8046,BH,SM,KDM,"P K Das Institute of Medical Sciences, Ottapalam",MBBS,SM,18,mbbs_p2_final.pdf
2025,2,3106,8052,General,AC,BCM,"Believers Church Medical College Hospital, Thiruvalla",MBBS,AC,16,mbbs_p2_final.pdf
2025,2,3107,8055,MU,MU,SMC,"Dr. Somervell Memorial CSI Medical College, Karakonam",MBBS,MU,23,mbbs_p2_final.pdf
2025,2,3108,8062,DV,DV,WYM,"Govt. Medical College, Wayanad",MBBS,DV,12,mbbs_p2_final.pdf
2025,2,3109,8066,General,AC,PMC,"Pushpagiri Institute of Medical Science, Thiruvalla",MBBS,AC,22,mbbs_p2_final.pdf
2025,2,3110,8068,General,AC,BCM,"Believers Church Medical College Hospital, Thiruvalla",MBBS,AC,14,mbbs_p2_final.pdf
2025,2,3111,8072,BH,SM,DMM,"Dr. Moopens Medical College, Meppadi, Wayanad",MBBS,SM,24,mbbs_p2_final.pdf
2025,2,3112,8073,General,AC,BCM,"Believers Church Medical College Hospital, Thiruvalla",MBBS,AC,2,mbbs_p2_final.pdf
2025,2,3113,8075,General,SM,DMM,"Dr. Moopens Medical College, Meppadi, Wayanad",MBBS,SM,16,mbbs_p2_final.pdf
2025,2,3114,8082,General,SM,AAM,"Al Azhar Medical college, Thodupuzha",MBBS,SM,29,mbbs_p2_final.pdf
2025,2,3115,8086,MU,MU,SUC,"SUT Accademy of Medical Sciences, Thiruvananthapuram",MBBS,MU,16,mbbs_p2_final.pdf
2025,2,3116,8088,KN,KN,MLP,"Govt. Medical College, Manjeri",MBBS,KN,2,mbbs_p2_final.pdf
2025,2,3117,8093,MU,MU,SUC,"SUT Accademy of Medical Sciences, Thiruvananthapuram",MBBS,MU,15,mbbs_p2_final.pdf
2025,2,3118,8098,MU,SM,KMM,"Karuna Medical College, Vilayodi, Palakkad",MBBS,SM,22,mbbs_p2_final.pdf
2025,2,3119,8100,MU,SM,KMM,"Karuna Medical College, Vilayodi, Palakkad",MBBS,SM,12,mbbs_p2_final.pdf
2025,2,3120,8106,General,AC,BCM,"Believers Church Medical College Hospital, Thiruvalla",MBBS,AC,2,mbbs_p2_final.pdf
2025,2,3121,8108,EW,EW,MMH,"Malabar Medical College Hospital, Kozhikkode",MBBS,EW,15,mbbs_p2_final.pdf
2025,2,3122,8111,General,AC,PMC,"Pushpagiri Institute of Medical Science, Thiruvalla",MBBS,AC,22,mbbs_p2_final.pdf
2025,2,3123,8112,MU,SM,PMD,"Pushpagiri College of Dental Science, Thiruvalla",BDS,SM,21,mbbs_p2_final.pdf
2025,2,3124,8120,General,SM,KMM,"Karuna Medical College, Vilayodi, Palakkad",MBBS,SM,28,mbbs_p2_final.pdf
2025,2,3125,8122,General,AC,PMC,"Pushpagiri Institute of Medical Science, Thiruvalla",MBBS,AC,20,mbbs_p2_final.pdf
2025,2,3126,8125,BX,AC,BCM,"Believers Church Medical College Hospital, Thiruvalla",MBBS,AC,16,mbbs_p2_final.pdf
2025,2,3127,8127,EZ,EZ,SIM,"Sree Narayana Institute of Medical Sciences, Chalakka, Ernakulam.",MBBS,EZ,5,mbbs_p2_final.pdf
2025,2,3128,8128,MU,MM,TRM,"Travancore Medical College, Umayanalloor, Kollam",MBBS,MM,19,mbbs_p2_final.pdf
2025,2,3129,8135,General,SM,DMM,"Dr. Moopens Medical College, Meppadi, Wayanad",MBBS,SM,22,mbbs_p2_final.pdf
2025,2,3130,8139,MU,SM,DMM,"Dr. Moopens Medical College, Meppadi, Wayanad",MBBS,SM,22,mbbs_p2_final.pdf
2025,2,3131,8140,LA,AC,BCM,"Believers Church Medical College Hospital, Thiruvalla",MBBS,AC,16,mbbs_p2_final.pdf
2025,2,3132,8141,BH,BH,TCD,"Govt. Dental College, Thrissur",BDS,BH,17,mbbs_p2_final.pdf
2025,2,3133,8142,General,SM,AAM,"Al Azhar Medical college, Thodupuzha",MBBS,SM,24,mbbs_p2_final.pdf
2025,2,3134,8143,General,SM,DMM,"Dr. Moopens Medical College, Meppadi, Wayanad",MBBS,SM,25,mbbs_p2_final.pdf
2025,2,3135,8146,MU,SM,DMM,"Dr. Moopens Medical College, Meppadi, Wayanad",MBBS,SM,26,mbbs_p2_final.pdf
2025,2,3136,8153,General,MM,TRM,"Travancore Medical College, Umayanalloor, Kollam",MBBS,MM,25,mbbs_p2_final.pdf
2025,2,3137,8158,EZ,EZ,SIM,"Sree Narayana Institute of Medical Sciences, Chalakka, Ernakulam.",MBBS,EZ,24,mbbs_p2_final.pdf
2025,2,3138,8159,General,AC,PMC,"Pushpagiri Institute of Medical Science, Thiruvalla",MBBS,AC,17,mbbs_p2_final.pdf
2025,2,3139,8161,MU,SM,DMM,"Dr. Moopens Medical College, Meppadi, Wayanad",MBBS,SM,15,mbbs_p2_final.pdf
2025,2,3140,8162,General,AC,PMC,"Pushpagiri Institute of Medical Science, Thiruvalla",MBBS,AC,22,mbbs_p2_final.pdf
2025,2,3141,8166,MU,MU,SUC,"SUT Accademy of Medical Sciences, Thiruvananthapuram",MBBS,MU,26,mbbs_p2_final.pdf
2025,2,3142,8167,General,SM,KDM,"P K Das Institute of Medical Sciences, Ottapalam",MBBS,SM,27,mbbs_p2_final.pdf
2025,2,3143,8170,DV,DV,KCM,"KMCT Medical College, Mukkom, Kozikkode",MBBS,DV,14,mbbs_p2_final.pdf
2025,2,3144,8175,BH,BH,SIM,"Sree Narayana Institute of Medical Sciences, Chalakka, Ernakulam.",MBBS,BH,27,mbbs_p2_final.pdf
2025,2,3145,8177,EZ,EZ,SIM,"Sree Narayana Institute of Medical Sciences, Chalakka, Ernakulam.",MBBS,EZ,25,mbbs_p2_final.pdf
2025,2,3146,8186,DV,DV,SIM,"Sree Narayana Institute of Medical Sciences, Chalakka, Ernakulam.",MBBS,DV,19,mbbs_p2_final.pdf
2025,2,3147,8187,LA,AC,PMC,"Pushpagiri Institute of Medical Science, Thiruvalla",MBBS,AC,20,mbbs_p2_final.pdf
2025,2,3148,8189,General,MM,TRM,"Travancore Medical College, Umayanalloor, Kollam",MBBS,MM,24,mbbs_p2_final.pdf
2025,2,3149,8192,General,AC,PMC,"Pushpagiri Institute of Medical Science, Thiruvalla",MBBS,AC,22,mbbs_p2_final.pdf
2025,2,3150,8193,General,AC,BCM,"Believers Church Medical College Hospital, Thiruvalla",MBBS,AC,2,mbbs_p2_final.pdf
2025,2,3151,8200,General,SM,AAM,"Al Azhar Medical college, Thodupuzha",MBBS,SM,28,mbbs_p2_final.pdf
2025,2,3152,8201,General,SM,PIM,"Palakkad Institute of Medical Sciences, Walayar",MBBS,SM,8,mbbs_p2_final.pdf
2025,2,3153,8204,MU,MM,TRM,"Travancore Medical College, Umayanalloor, Kollam",MBBS,MM,24,mbbs_p2_final.pdf
2025,2,3154,8210,EW,EW,GMC,"Sree Gokulam Medical College, Venjaramoodu, TVPM",MBBS,EW,13,mbbs_p2_final.pdf
2025,2,3155,8217,MU,MM,TRM,"Travancore Medical College, Umayanalloor, Kollam",MBBS,MM,24,mbbs_p2_final.pdf
2025,2,3156,8219,General,AC,PMC,"Pushpagiri Institute of Medical Science, Thiruvalla",MBBS,AC,23,mbbs_p2_final.pdf
2025,2,3157,8223,General,SM,DMM,"Dr. Moopens Medical College, Meppadi, Wayanad",MBBS,SM,10,mbbs_p2_final.pdf
2025,2,3158,8227,MU,MM,KMM,"Karuna Medical College, Vilayodi, Palakkad",MBBS,MM,22,mbbs_p2_final.pdf
2025,2,3159,8228,LA,LA,TCD,"Govt. Dental College, Thrissur",BDS,LA,6,mbbs_p2_final.pdf
2025,2,3160,8229,General,MM,TRM,"Travancore Medical College, Umayanalloor, Kollam",MBBS,MM,11,mbbs_p2_final.pdf
2025,2,3161,8236,BH,SM,KDM,"P K Das Institute of Medical Sciences, Ottapalam",MBBS,SM,19,mbbs_p2_final.pdf
2025,2,3162,8239,EZ,SM,DMM,"Dr. Moopens Medical College, Meppadi, Wayanad",MBBS,SM,17,mbbs_p2_final.pdf
2025,2,3163,8241,General,AC,PMC,"Pushpagiri Institute of Medical Science, Thiruvalla",MBBS,AC,18,mbbs_p2_final.pdf
2025,2,3164,8242,General,SM,KDM,"P K Das Institute of Medical Sciences, Ottapalam",MBBS,SM,27,mbbs_p2_final.pdf
2025,2,3165,8243,MU,SM,KMM,"Karuna Medical College, Vilayodi, Palakkad",MBBS,SM,11,mbbs_p2_final.pdf
2025,2,3166,8245,General,SM,DMM,"Dr. Moopens Medical College, Meppadi, Wayanad",MBBS,SM,18,mbbs_p2_final.pdf
2025,2,3167,8246,General,AC,PMC,"Pushpagiri Institute of Medical Science, Thiruvalla",MBBS,AC,20,mbbs_p2_final.pdf
2025,2,3168,8247,General,SM,AAM,"Al Azhar Medical college, Thodupuzha",MBBS,SM,14,mbbs_p2_final.pdf
2025,2,3169,8249,EZ,EZ,AZC,"Azeezia Institute of Medi Science, Meyyannoor, Kollam",MBBS,EZ,23,mbbs_p2_final.pdf
2025,2,3170,8251,EZ,SM,DMM,"Dr. Moopens Medical College, Meppadi, Wayanad",MBBS,SM,21,mbbs_p2_final.pdf
2025,2,3171,8255,EZ,SM,DMM,"Dr. Moopens Medical College, Meppadi, Wayanad",MBBS,SM,1,mbbs_p2_final.pdf
2025,2,3172,8271,EZ,SM,KDM,"P K Das Institute of Medical Sciences, Ottapalam",MBBS,SM,11,mbbs_p2_final.pdf
2025,2,3173,8273,SC,SC,TVM,"Govt. Medical College, Thiruvananthapuram",MBBS,SC,2,mbbs_p2_final.pdf
2025,2,3174,8277,MU,MM,AZC,"Azeezia Institute of Medi Science, Meyyannoor, Kollam",MBBS,MM,22,mbbs_p2_final.pdf
2025,2,3175,8279,BH,BH,SIM,"Sree Narayana Institute of Medical Sciences, Chalakka, Ernakulam.",MBBS,BH,27,mbbs_p2_final.pdf
2025,2,3176,8285,General,SM,DMM,"Dr. Moopens Medical College, Meppadi, Wayanad",MBBS,SM,27,mbbs_p2_final.pdf
2025,2,3177,8292,MU,SM,AAM,"Al Azhar Medical college, Thodupuzha",MBBS,SM,22,mbbs_p2_final.pdf
2025,2,3178,8293,LA,AC,PMC,"Pushpagiri Institute of Medical Science, Thiruvalla",MBBS,AC,22,mbbs_p2_final.pdf
2025,2,3179,8296,General,SM,DMM,"Dr. Moopens Medical College, Meppadi, Wayanad",MBBS,SM,18,mbbs_p2_final.pdf
2025,2,3180,8297,General,AC,PMC,"Pushpagiri Institute of Medical Science, Thiruvalla",MBBS,AC,22,mbbs_p2_final.pdf
2025,2,3181,8298,DV,DV,SIM,"Sree Narayana Institute of Medical Sciences, Chalakka, Ernakulam.",MBBS,DV,13,mbbs_p2_final.pdf
2025,2,3182,8300,EZ,SM,DMM,"Dr. Moopens Medical College, Meppadi, Wayanad",MBBS,SM,20,mbbs_p2_final.pdf
2025,2,3183,8305,BH,SM,DMM,"Dr. Moopens Medical College, Meppadi, Wayanad",MBBS,SM,1,mbbs_p2_final.pdf
2025,2,3184,8307,General,AC,PMC,"Pushpagiri Institute of Medical Science, Thiruvalla",MBBS,AC,18,mbbs_p2_final.pdf
2025,2,3185,8310,General,AC,PMC,"Pushpagiri Institute of Medical Science, Thiruvalla",MBBS,AC,20,mbbs_p2_final.pdf
2025,2,3186,8315,KN,KN,KNM,Government Medical College Kannur,MBBS,KN,5,mbbs_p2_final.pdf
2025,2,3187,8316,BH,BH,SIM,"Sree Narayana Institute of Medical Sciences, Chalakka, Ernakulam.",MBBS,BH,25,mbbs_p2_final.pdf
2025,2,3188,8317,SC,SC,ALP,"T D Govt. Medical College, Alappuzha",MBBS,SC,1,mbbs_p2_final.pdf
2025,2,3189,8319,MU,SM,DMM,"Dr. Moopens Medical College, Meppadi, Wayanad",MBBS,SM,5,mbbs_p2_final.pdf
2025,2,3190,8320,MU,SM,KDM,"P K Das Institute of Medical Sciences, Ottapalam",MBBS,SM,24,mbbs_p2_final.pdf
2025,2,3191,8324,BH,BH,SIM,"Sree Narayana Institute of Medical Sciences, Chalakka, Ernakulam.",MBBS,BH,24,mbbs_p2_final.pdf
2025,2,3192,8325,General,SM,AAM,"Al Azhar Medical college, Thodupuzha",MBBS,SM,21,mbbs_p2_final.pdf
2025,2,3193,8326,MU,MM,TRM,"Travancore Medical College, Umayanalloor, Kollam",MBBS,MM,24,mbbs_p2_final.pdf
2025,2,3194,8333,BX,AC,PMC,"Pushpagiri Institute of Medical Science, Thiruvalla",MBBS,AC,24,mbbs_p2_final.pdf
2025,2,3195,8334,General,SM,KDM,"P K Das Institute of Medical Sciences, Ottapalam",MBBS,SM,28,mbbs_p2_final.pdf
2025,2,3196,8343,General,SM,KDM,"P K Das Institute of Medical Sciences, Ottapalam",MBBS,SM,26,mbbs_p2_final.pdf
2025,2,3197,8346,MU,MU,KMM,"Karuna Medical College, Vilayodi, Palakkad",MBBS,MU,20,mbbs_p2_final.pdf
2025,2,3198,8347,General,AC,BCM,"Believers Church Medical College Hospital, Thiruvalla",MBBS,AC,21,mbbs_p2_final.pdf
2025,2,3199,8348,MU,SM,KDM,"P K Das Institute of Medical Sciences, Ottapalam",MBBS,SM,24,mbbs_p2_final.pdf
2025,2,3200,8349,BX,AC,BCM,"Believers Church Medical College Hospital, Thiruvalla",MBBS,AC,24,mbbs_p2_final.pdf
2025,2,3201,8352,BH,SM,AAM,"Al Azhar Medical college, Thodupuzha",MBBS,SM,1,mbbs_p2_final.pdf
2025,2,3202,8353,DV,DV,MMH,"Malabar Medical College Hospital, Kozhikkode",MBBS,DV,11,mbbs_p2_final.pdf
2025,2,3203,8354,EZ,SM,PSD,"PSM College of Dental Sciences, Thrissur",BDS,SM,9,mbbs_p2_final.pdf
2025,2,3204,8357,MU,MU,SUC,"SUT Accademy of Medical Sciences, Thiruvananthapuram",MBBS,MU,26,mbbs_p2_final.pdf
2025,2,3205,8362,EZ,SM,KDM,"P K Das Institute of Medical Sciences, Ottapalam",MBBS,SM,22,mbbs_p2_final.pdf
2025,2,3206,8366,General,AC,BCM,"Believers Church Medical College Hospital, Thiruvalla",MBBS,AC,18,mbbs_p2_final.pdf
2025,2,3207,8367,MU,MU,SUC,"SUT Accademy of Medical Sciences, Thiruvananthapuram",MBBS,MU,18,mbbs_p2_final.pdf
2025,2,3208,8368,MU,SM,PMD,"Pushpagiri College of Dental Science, Thiruvalla",BDS,SM,21,mbbs_p2_final.pdf
2025,2,3209,8370,LA,LA,SIM,"Sree Narayana Institute of Medical Sciences, Chalakka, Ernakulam.",MBBS,LA,20,mbbs_p2_final.pdf
2025,2,3210,8378,BH,SM,AAM,"Al Azhar Medical college, Thodupuzha",MBBS,SM,9,mbbs_p2_final.pdf
2025,2,3211,8379,MU,MM,TRM,"Travancore Medical College, Umayanalloor, Kollam",MBBS,MM,20,mbbs_p2_final.pdf
2025,2,3212,8387,MU,MM,TRM,"Travancore Medical College, Umayanalloor, Kollam",MBBS,MM,24,mbbs_p2_final.pdf
2025,2,3213,8396,MU,MM,KMM,"Karuna Medical College, Vilayodi, Palakkad",MBBS,MM,1,mbbs_p2_final.pdf
2025,2,3214,8399,General,SM,KDM,"P K Das Institute of Medical Sciences, Ottapalam",MBBS,SM,26,mbbs_p2_final.pdf
2025,2,3215,8402,BH,SM,KDM,"P K Das Institute of Medical Sciences, Ottapalam",MBBS,SM,26,mbbs_p2_final.pdf
2025,2,3216,8405,General,AC,BCM,"Believers Church Medical College Hospital, Thiruvalla",MBBS,AC,24,mbbs_p2_final.pdf
2025,2,3217,8406,MU,MU,KMM,"Karuna Medical College, Vilayodi, Palakkad",MBBS,MU,15,mbbs_p2_final.pdf
2025,2,3218,8409,MU,MU,AZC,"Azeezia Institute of Medi Science, Meyyannoor, Kollam",MBBS,MU,23,mbbs_p2_final.pdf
2025,2,3219,8412,BH,BH,AZC,"Azeezia Institute of Medi Science, Meyyannoor, Kollam",MBBS,BH,26,mbbs_p2_final.pdf
2025,2,3220,8417,MU,SM,KDM,"P K Das Institute of Medical Sciences, Ottapalam",MBBS,SM,6,mbbs_p2_final.pdf
2025,2,3221,8420,MU,MM,TRM,"Travancore Medical College, Umayanalloor, Kollam",MBBS,MM,17,mbbs_p2_final.pdf
2025,2,3222,8421,General,SM,KDM,"P K Das Institute of Medical Sciences, Ottapalam",MBBS,SM,21,mbbs_p2_final.pdf
2025,2,3223,8422,General,AC,BCM,"Believers Church Medical College Hospital, Thiruvalla",MBBS,AC,12,mbbs_p2_final.pdf
2025,2,3224,8423,General,SM,KDM,"P K Das Institute of Medical Sciences, Ottapalam",MBBS,SM,30,mbbs_p2_final.pdf
2025,2,3225,8424,EZ,EZ,SIM,"Sree Narayana Institute of Medical Sciences, Chalakka, Ernakulam.",MBBS,EZ,33,mbbs_p2_final.pdf
2025,2,3226,8427,General,SM,KDM,"P K Das Institute of Medical Sciences, Ottapalam",MBBS,SM,22,mbbs_p2_final.pdf
2025,2,3227,8433,SC,SC,TCM,"Govt. Medical College, Thrissur",MBBS,SC,2,mbbs_p2_final.pdf
2025,2,3228,8434,LA,LA,SMC,"Dr. Somervell Memorial CSI Medical College, Karakonam",MBBS,LA,12,mbbs_p2_final.pdf
2025,2,3229,8436,EW,AC,BCM,"Believers Church Medical College Hospital, Thiruvalla",MBBS,AC,16,mbbs_p2_final.pdf
2025,2,3230,8437,MU,MU,DMM,"Dr. Moopens Medical College, Meppadi, Wayanad",MBBS,MU,5,mbbs_p2_final.pdf
2025,2,3231,8441,EW,EW,MMH,"Malabar Medical College Hospital, Kozhikkode",MBBS,EW,24,mbbs_p2_final.pdf
2025,2,3232,8443,BH,BH,KMM,"Karuna Medical College, Vilayodi, Palakkad",MBBS,BH,14,mbbs_p2_final.pdf
2025,2,3233,8447,MU,MM,AZC,"Azeezia Institute of Medi Science, Meyyannoor, Kollam",MBBS,MM,18,mbbs_p2_final.pdf
2025,2,3234,8449,EZ,EZ,DMM,"Dr. Moopens Medical College, Meppadi, Wayanad",MBBS,EZ,24,mbbs_p2_final.pdf
2025,2,3235,8457,EZ,EZ,SIM,"Sree Narayana Institute of Medical Sciences, Chalakka, Ernakulam.",MBBS,EZ,27,mbbs_p2_final.pdf
2025,2,3236,8461,EZ,EZ,SIM,"Sree Narayana Institute of Medical Sciences, Chalakka, Ernakulam.",MBBS,EZ,20,mbbs_p2_final.pdf
2025,2,3237,8467,General,MM,KMM,"Karuna Medical College, Vilayodi, Palakkad",MBBS,MM,24,mbbs_p2_final.pdf
2025,2,3238,8468,EZ,EZ,SIM,"Sree Narayana Institute of Medical Sciences, Chalakka, Ernakulam.",MBBS,EZ,27,mbbs_p2_final.pdf
2025,2,3239,8473,DV,SM,KDM,"P K Das Institute of Medical Sciences, Ottapalam",MBBS,SM,15,mbbs_p2_final.pdf
2025,2,3240,8475,SC,SC,TVM,"Govt. Medical College, Thiruvananthapuram",MBBS,SC,1,mbbs_p2_final.pdf
2025,2,3241,8483,General,AC,BCM,"Believers Church Medical College Hospital, Thiruvalla",MBBS,AC,24,mbbs_p2_final.pdf
2025,2,3242,8486,General,MM,TRM,"Travancore Medical College, Umayanalloor, Kollam",MBBS,MM,27,mbbs_p2_final.pdf
2025,2,3243,8488,SC,SC,TVM,"Govt. Medical College, Thiruvananthapuram",MBBS,SC,2,mbbs_p2_final.pdf
2025,2,3244,8493,LA,LA,MMH,"Malabar Medical College Hospital, Kozhikkode",MBBS,LA,19,mbbs_p2_final.pdf
2025,2,3245,8495,MU,MU,AZC,"Azeezia Institute of Medi Science, Meyyannoor, Kollam",MBBS,MU,22,mbbs_p2_final.pdf
2025,2,3246,8498,BH,BH,DMM,"Dr. Moopens Medical College, Meppadi, Wayanad",MBBS,BH,26,mbbs_p2_final.pdf
2025,2,3247,8505,General,SM,KDM,"P K Das Institute of Medical Sciences, Ottapalam",MBBS,SM,19,mbbs_p2_final.pdf
2025,2,3248,8508,MU,MU,DMM,"Dr. Moopens Medical College, Meppadi, Wayanad",MBBS,MU,25,mbbs_p2_final.pdf
2025,2,3249,8512,MU,SM,KDM,"P K Das Institute of Medical Sciences, Ottapalam",MBBS,SM,1,mbbs_p2_final.pdf
2025,2,3250,8515,EZ,EZ,SIM,"Sree Narayana Institute of Medical Sciences, Chalakka, Ernakulam.",MBBS,EZ,20,mbbs_p2_final.pdf
2025,2,3251,8523,BX,AC,SMC,"Dr. Somervell Memorial CSI Medical College, Karakonam",MBBS,AC,24,mbbs_p2_final.pdf
2025,2,3252,8524,General,SM,KDM,"P K Das Institute of Medical Sciences, Ottapalam",MBBS,SM,25,mbbs_p2_final.pdf
2025,2,3253,8526,General,AC,BCM,"Believers Church Medical College Hospital, Thiruvalla",MBBS,AC,8,mbbs_p2_final.pdf
2025,2,3254,8527,EZ,SM,KDM,"P K Das Institute of Medical Sciences, Ottapalam",MBBS,SM,22,mbbs_p2_final.pdf
2025,2,3255,8535,General,AC,BCM,"Believers Church Medical College Hospital, Thiruvalla",MBBS,AC,18,mbbs_p2_final.pdf
2025,2,3256,8537,EZ,SM,KDM,"P K Das Institute of Medical Sciences, Ottapalam",MBBS,SM,24,mbbs_p2_final.pdf
2025,2,3257,8540,MU,MU,SIM,"Sree Narayana Institute of Medical Sciences, Chalakka, Ernakulam.",MBBS,MU,6,mbbs_p2_final.pdf
2025,2,3258,8546,MU,MM,TRM,"Travancore Medical College, Umayanalloor, Kollam",MBBS,MM,24,mbbs_p2_final.pdf
2025,2,3259,8552,DV,DV,MMH,"Malabar Medical College Hospital, Kozhikkode",MBBS,DV,11,mbbs_p2_final.pdf
2025,2,3260,8554,General,AC,BCM,"Believers Church Medical College Hospital, Thiruvalla",MBBS,AC,24,mbbs_p2_final.pdf
2025,2,3261,8555,BH,SM,KDM,"P K Das Institute of Medical Sciences, Ottapalam",MBBS,SM,29,mbbs_p2_final.pdf
2025,2,3262,8557,BX,AC,BCM,"Believers Church Medical College Hospital, Thiruvalla",MBBS,AC,7,mbbs_p2_final.pdf
2025,2,3263,8561,EZ,EZ,AZC,"Azeezia Institute of Medi Science, Meyyannoor, Kollam",MBBS,EZ,31,mbbs_p2_final.pdf
2025,2,3264,8563,BH,SM,AAM,"Al Azhar Medical college, Thodupuzha",MBBS,SM,27,mbbs_p2_final.pdf
2025,2,3265,8566,SC,SC,TCM,"Govt. Medical College, Thrissur",MBBS,SC,2,mbbs_p2_final.pdf
2025,2,3266,8573,General,SM,KDM,"P K Das Institute of Medical Sciences, Ottapalam",MBBS,SM,29,mbbs_p2_final.pdf
2025,2,3267,8575,SC,SC,TVM,"Govt. Medical College, Thiruvananthapuram",MBBS,SC,1,mbbs_p2_final.pdf
2025,2,3268,8576,MU,MM,TRM,"Travancore Medical College, Umayanalloor, Kollam",MBBS,MM,16,mbbs_p2_final.pdf
2025,2,3269,8583,General,SM,KDM,"P K Das Institute of Medical Sciences, Ottapalam",MBBS,SM,29,mbbs_p2_final.pdf
2025,2,3270,8584,MU,MM,TRM,"Travancore Medical College, Umayanalloor, Kollam",MBBS,MM,23,mbbs_p2_final.pdf
2025,2,3271,8587,General,AC,BCM,"Believers Church Medical College Hospital, Thiruvalla",MBBS,AC,20,mbbs_p2_final.pdf
2025,2,3272,8593,General,SM,KDM,"P K Das Institute of Medical Sciences, Ottapalam",MBBS,SM,18,mbbs_p2_final.pdf
2025,2,3273,8594,BH,SM,KDM,"P K Das Institute of Medical Sciences, Ottapalam",MBBS,SM,18,mbbs_p2_final.pdf
2025,2,3274,8599,EZ,EZ,DMM,"Dr. Moopens Medical College, Meppadi, Wayanad",MBBS,EZ,13,mbbs_p2_final.pdf
2025,2,3275,8605,MU,MU,DMM,"Dr. Moopens Medical College, Meppadi, Wayanad",MBBS,MU,9,mbbs_p2_final.pdf
2025,2,3276,8606,General,AC,BCM,"Believers Church Medical College Hospital, Thiruvalla",MBBS,AC,24,mbbs_p2_final.pdf
2025,2,3277,8607,SC,SC,ALP,"T D Govt. Medical College, Alappuzha",MBBS,SC,1,mbbs_p2_final.pdf
2025,2,3278,8608,MU,MM,TRM,"Travancore Medical College, Umayanalloor, Kollam",MBBS,MM,24,mbbs_p2_final.pdf
2025,2,3279,8610,General,MM,TRM,"Travancore Medical College, Umayanalloor, Kollam",MBBS,MM,20,mbbs_p2_final.pdf
2025,2,3280,8623,MU,MM,TRM,"Travancore Medical College, Umayanalloor, Kollam",MBBS,MM,28,mbbs_p2_final.pdf
2025,2,3281,8624,BH,BH,DMM,"Dr. Moopens Medical College, Meppadi, Wayanad",MBBS,BH,13,mbbs_p2_final.pdf
2025,2,3282,8627,MU,MM,TRM,"Travancore Medical College, Umayanalloor, Kollam",MBBS,MM,21,mbbs_p2_final.pdf
2025,2,3283,8628,General,SM,KDM,"P K Das Institute of Medical Sciences, Ottapalam",MBBS,SM,30,mbbs_p2_final.pdf
2025,2,3284,8635,General,AC,BCM,"Believers Church Medical College Hospital, Thiruvalla",MBBS,AC,23,mbbs_p2_final.pdf
2025,2,3285,8636,General,AC,BCM,"Believers Church Medical College Hospital, Thiruvalla",MBBS,AC,24,mbbs_p2_final.pdf
2025,2,3286,8639,EW,EW,SUC,"SUT Accademy of Medical Sciences, Thiruvananthapuram",MBBS,EW,16,mbbs_p2_final.pdf
2025,2,3287,8640,DV,DV,DMM,"Dr. Moopens Medical College, Meppadi, Wayanad",MBBS,DV,1,mbbs_p2_final.pdf
2025,2,3288,8646,General,SM,MZM,"Mount Zion Medical College, Pathanamthitta",MBBS,SM,16,mbbs_p2_final.pdf
2025,2,3289,8647,MU,MU,DMM,"Dr. Moopens Medical College, Meppadi, Wayanad",MBBS,MU,24,mbbs_p2_final.pdf
2025,2,3290,8648,General,AC,BCM,"Believers Church Medical College Hospital, Thiruvalla",MBBS,AC,24,mbbs_p2_final.pdf
2025,2,3291,8649,General,SM,MZM,"Mount Zion Medical College, Pathanamthitta",MBBS,SM,25,mbbs_p2_final.pdf
2025,2,3292,8651,EW,EW,MMH,"Malabar Medical College Hospital, Kozhikkode",MBBS,EW,20,mbbs_p2_final.pdf
2025,2,3293,8652,EZ,SM,MZM,"Mount Zion Medical College, Pathanamthitta",MBBS,SM,19,mbbs_p2_final.pdf
2025,2,3294,8661,General,SM,MZM,"Mount Zion Medical College, Pathanamthitta",MBBS,SM,24,mbbs_p2_final.pdf
2025,2,3295,8664,General,AC,BCM,"Believers Church Medical College Hospital, Thiruvalla",MBBS,AC,15,mbbs_p2_final.pdf
2025,2,3296,8665,General,AC,SMC,"Dr. Somervell Memorial CSI Medical College, Karakonam",MBBS,AC,31,mbbs_p2_final.pdf
2025,2,3297,8666,MU,MM,TRM,"Travancore Medical College, Umayanalloor, Kollam",MBBS,MM,23,mbbs_p2_final.pdf
2025,2,3298,8668,General,AC,SMC,"Dr. Somervell Memorial CSI Medical College, Karakonam",MBBS,AC,7,mbbs_p2_final.pdf
2025,2,3299,8673,SC,SC,TCM,"Govt. Medical College, Thrissur",MBBS,SC,1,mbbs_p2_final.pdf
2025,2,3300,8676,EZ,EZ,DMM,"Dr. Moopens Medical College, Meppadi, Wayanad",MBBS,EZ,24,mbbs_p2_final.pdf
2025,2,3301,8686,LA,LA,MMH,"Malabar Medical College Hospital, Kozhikkode",MBBS,LA,21,mbbs_p2_final.pdf
2025,2,3302,8687,DV,DV,GMC,"Sree Gokulam Medical College, Venjaramoodu, TVPM",MBBS,DV,20,mbbs_p2_final.pdf
2025,2,3303,8689,General,SM,MZM,"Mount Zion Medical College, Pathanamthitta",MBBS,SM,28,mbbs_p2_final.pdf
2025,2,3304,8693,SC,SC,CMC,"Govt. Medical College, Ernakulam",MBBS,SC,3,mbbs_p2_final.pdf
2025,2,3305,8694,VK,SM,MZM,"Mount Zion Medical College, Pathanamthitta",MBBS,SM,28,mbbs_p2_final.pdf
2025,2,3306,8696,General,SM,PIM,"Palakkad Institute of Medical Sciences, Walayar",MBBS,SM,25,mbbs_p2_final.pdf
2025,2,3307,8700,MU,SM,KDM,"P K Das Institute of Medical Sciences, Ottapalam",MBBS,SM,20,mbbs_p2_final.pdf
2025,2,3308,8701,SC,SC,TVM,"Govt. Medical College, Thiruvananthapuram",MBBS,SC,2,mbbs_p2_final.pdf
2025,2,3309,8704,General,AC,SMC,"Dr. Somervell Memorial CSI Medical College, Karakonam",MBBS,AC,25,mbbs_p2_final.pdf
2025,2,3310,8708,General,SM,KDM,"P K Das Institute of Medical Sciences, Ottapalam",MBBS,SM,18,mbbs_p2_final.pdf
2025,2,3311,8712,General,SM,MZM,"Mount Zion Medical College, Pathanamthitta",MBBS,SM,16,mbbs_p2_final.pdf
2025,2,3312,8713,EZ,EZ,DMM,"Dr. Moopens Medical College, Meppadi, Wayanad",MBBS,EZ,1,mbbs_p2_final.pdf
2025,2,3313,8714,MU,SM,KDM,"P K Das Institute of Medical Sciences, Ottapalam",MBBS,SM,21,mbbs_p2_final.pdf
2025,2,3314,8718,EZ,SM,AAM,"Al Azhar Medical college, Thodupuzha",MBBS,SM,28,mbbs_p2_final.pdf
2025,2,3315,8731,EZ,SM,MZM,"Mount Zion Medical College, Pathanamthitta",MBBS,SM,29,mbbs_p2_final.pdf
2025,2,3316,8732,BX,AC,SMC,"Dr. Somervell Memorial CSI Medical College, Karakonam",MBBS,AC,16,mbbs_p2_final.pdf
2025,2,3317,8736,EW,SM,KDM,"P K Das Institute of Medical Sciences, Ottapalam",MBBS,SM,1,mbbs_p2_final.pdf
2025,2,3318,8738,MU,MM,KMM,"Karuna Medical College, Vilayodi, Palakkad",MBBS,MM,20,mbbs_p2_final.pdf
2025,2,3319,8739,BH,BH,DMM,"Dr. Moopens Medical College, Meppadi, Wayanad",MBBS,BH,27,mbbs_p2_final.pdf
2025,2,3320,8744,MU,MM,TRM,"Travancore Medical College, Umayanalloor, Kollam",MBBS,MM,6,mbbs_p2_final.pdf
2025,2,3321,8745,BH,SM,PIM,"Palakkad Institute of Medical Sciences, Walayar",MBBS,SM,25,mbbs_p2_final.pdf
2025,2,3322,8747,MU,MM,TRM,"Travancore Medical College, Umayanalloor, Kollam",MBBS,MM,16,mbbs_p2_final.pdf
2025,2,3323,8753,KU,KU,ALP,"T D Govt. Medical College, Alappuzha",MBBS,KU,1,mbbs_p2_final.pdf
2025,2,3324,8754,General,SM,KDM,"P K Das Institute of Medical Sciences, Ottapalam",MBBS,SM,3,mbbs_p2_final.pdf
2025,2,3325,8755,EZ,EZ,DMM,"Dr. Moopens Medical College, Meppadi, Wayanad",MBBS,EZ,10,mbbs_p2_final.pdf
2025,2,3326,8759,EW,EW,MMH,"Malabar Medical College Hospital, Kozhikkode",MBBS,EW,26,mbbs_p2_final.pdf
2025,2,3327,8761,BH,SM,MZM,"Mount Zion Medical College, Pathanamthitta",MBBS,SM,20,mbbs_p2_final.pdf
2025,2,3328,8767,General,SM,AAM,"Al Azhar Medical college, Thodupuzha",MBBS,SM,26,mbbs_p2_final.pdf
2025,2,3329,8783,General,AC,SMC,"Dr. Somervell Memorial CSI Medical College, Karakonam",MBBS,AC,26,mbbs_p2_final.pdf
2025,2,3330,8785,General,AC,SMC,"Dr. Somervell Memorial CSI Medical College, Karakonam",MBBS,AC,27,mbbs_p2_final.pdf
2025,2,3331,8789,EW,EW,SUC,"SUT Accademy of Medical Sciences, Thiruvananthapuram",MBBS,EW,22,mbbs_p2_final.pdf
2025,2,3332,8790,SC,SC,KTM,"Govt. Medical College, Kottayam",MBBS,SC,1,mbbs_p2_final.pdf
2025,2,3333,8796,BH,SM,KDM,"P K Das Institute of Medical Sciences, Ottapalam",MBBS,SM,10,mbbs_p2_final.pdf
2025,2,3334,8807,MU,MU,DMM,"Dr. Moopens Medical College, Meppadi, Wayanad",MBBS,MU,26,mbbs_p2_final.pdf
2025,2,3335,8817,MU,MM,TRM,"Travancore Medical College, Umayanalloor, Kollam",MBBS,MM,14,mbbs_p2_final.pdf
2025,2,3336,8819,General,SM,KDM,"P K Das Institute of Medical Sciences, Ottapalam",MBBS,SM,29,mbbs_p2_final.pdf
2025,2,3337,8821,EZ,SM,MZM,"Mount Zion Medical College, Pathanamthitta",MBBS,SM,20,mbbs_p2_final.pdf
2025,2,3338,8825,General,SM,AAM,"Al Azhar Medical college, Thodupuzha",MBBS,SM,29,mbbs_p2_final.pdf
2025,2,3339,8826,General,SM,AAM,"Al Azhar Medical college, Thodupuzha",MBBS,SM,12,mbbs_p2_final.pdf
2025,2,3340,8827,General,SM,KDM,"P K Das Institute of Medical Sciences, Ottapalam",MBBS,SM,18,mbbs_p2_final.pdf
2025,2,3341,8828,KN,KN,KLM,"Govt. Medical College, Parippally, Kollam",MBBS,KN,1,mbbs_p2_final.pdf
2025,2,3342,8832,MU,SM,PMD,"Pushpagiri College of Dental Science, Thiruvalla",BDS,SM,19,mbbs_p2_final.pdf
2025,2,3343,8836,MU,MM,TRM,"Travancore Medical College, Umayanalloor, Kollam",MBBS,MM,23,mbbs_p2_final.pdf
2025,2,3344,8838,General,AC,SMC,"Dr. Somervell Memorial CSI Medical College, Karakonam",MBBS,AC,20,mbbs_p2_final.pdf
2025,2,3345,8839,MU,MM,KMM,"Karuna Medical College, Vilayodi, Palakkad",MBBS,MM,20,mbbs_p2_final.pdf
2025,2,3346,8846,EZ,SM,AAM,"Al Azhar Medical college, Thodupuzha",MBBS,SM,18,mbbs_p2_final.pdf
2025,2,3347,8850,EW,EW,MMH,"Malabar Medical College Hospital, Kozhikkode",MBBS,EW,17,mbbs_p2_final.pdf
2025,2,3348,8858,MU,MU,DMM,"Dr. Moopens Medical College, Meppadi, Wayanad",MBBS,MU,5,mbbs_p2_final.pdf
2025,2,3349,8859,MU,MU,SUC,"SUT Accademy of Medical Sciences, Thiruvananthapuram",MBBS,MU,4,mbbs_p2_final.pdf
2025,2,3350,8862,MU,MU,DMM,"Dr. Moopens Medical College, Meppadi, Wayanad",MBBS,MU,3,mbbs_p2_final.pdf
2025,2,3351,8869,LA,LA,SIM,"Sree Narayana Institute of Medical Sciences, Chalakka, Ernakulam.",MBBS,LA,18,mbbs_p2_final.pdf
2025,2,3352,8873,KN,KN,PTM,"Government Medical College, Konni, Pathanamthitta",MBBS,KN,3,mbbs_p2_final.pdf
2025,2,3353,8880,BH,SM,KDM,"P K Das Institute of Medical Sciences, Ottapalam",MBBS,SM,27,mbbs_p2_final.pdf
2025,2,3354,8884,MU,MU,SUC,"SUT Accademy of Medical Sciences, Thiruvananthapuram",MBBS,MU,9,mbbs_p2_final.pdf
2025,2,3355,8885,General,AC,SMC,"Dr. Somervell Memorial CSI Medical College, Karakonam",MBBS,AC,24,mbbs_p2_final.pdf
2025,2,3356,8886,General,SM,MZM,"Mount Zion Medical College, Pathanamthitta",MBBS,SM,29,mbbs_p2_final.pdf
2025,2,3357,8887,General,SM,PMD,"Pushpagiri College of Dental Science, Thiruvalla",BDS,SM,11,mbbs_p2_final.pdf
2025,2,3358,8889,General,SM,KDM,"P K Das Institute of Medical Sciences, Ottapalam",MBBS,SM,28,mbbs_p2_final.pdf
2025,2,3359,8890,BH,SM,AAM,"Al Azhar Medical college, Thodupuzha",MBBS,SM,29,mbbs_p2_final.pdf
2025,2,3360,8901,EZ,SM,MZM,"Mount Zion Medical College, Pathanamthitta",MBBS,SM,20,mbbs_p2_final.pdf
2025,2,3361,8907,MU,SM,AAM,"Al Azhar Medical college, Thodupuzha",MBBS,SM,1,mbbs_p2_final.pdf
2025,2,3362,8908,EW,EW,MMH,"Malabar Medical College Hospital, Kozhikkode",MBBS,EW,17,mbbs_p2_final.pdf
2025,2,3363,8913,BH,SM,KDM,"P K Das Institute of Medical Sciences, Ottapalam",MBBS,SM,17,mbbs_p2_final.pdf
2025,2,3364,8914,MU,MM,TRM,"Travancore Medical College, Umayanalloor, Kollam",MBBS,MM,23,mbbs_p2_final.pdf
2025,2,3365,8917,BH,BH,KKD,"Govt. Dental College, Kozhikkode",BDS,BH,15,mbbs_p2_final.pdf
2025,2,3366,8920,LA,AC,MZM,"Mount Zion Medical College, Pathanamthitta",MBBS,AC,28,mbbs_p2_final.pdf
2025,2,3367,8924,BH,SM,MZM,"Mount Zion Medical College, Pathanamthitta",MBBS,SM,27,mbbs_p2_final.pdf
2025,2,3368,8926,SC,SC,CMC,"Govt. Medical College, Ernakulam",MBBS,SC,4,mbbs_p2_final.pdf
2025,2,3369,8930,EW,AC,SMC,"Dr. Somervell Memorial CSI Medical College, Karakonam",MBBS,AC,16,mbbs_p2_final.pdf
2025,2,3370,8940,DV,DV,KCM,"KMCT Medical College, Mukkom, Kozikkode",MBBS,DV,21,mbbs_p2_final.pdf
2025,2,3371,8942,SC,SC,KTM,"Govt. Medical College, Kottayam",MBBS,SC,2,mbbs_p2_final.pdf
2025,2,3372,8946,VK,SM,AAM,"Al Azhar Medical college, Thodupuzha",MBBS,SM,15,mbbs_p2_final.pdf
2025,2,3373,8951,EZ,EZ,DMM,"Dr. Moopens Medical College, Meppadi, Wayanad",MBBS,EZ,4,mbbs_p2_final.pdf
2025,2,3374,8955,KN,KN,GMC,"Sree Gokulam Medical College, Venjaramoodu, TVPM",MBBS,KN,1,mbbs_p2_final.pdf
2025,2,3375,8962,General,SM,MZM,"Mount Zion Medical College, Pathanamthitta",MBBS,SM,31,mbbs_p2_final.pdf
2025,2,3376,8964,General,SM,MZM,"Mount Zion Medical College, Pathanamthitta",MBBS,SM,19,mbbs_p2_final.pdf
2025,2,3377,8967,BH,SM,MZM,"Mount Zion Medical College, Pathanamthitta",MBBS,SM,16,mbbs_p2_final.pdf
2025,2,3378,8971,BH,BH,KND,"Government Dental College, Kannur",BDS,BH,18,mbbs_p2_final.pdf
2025,2,3379,8978,General,SM,KDM,"P K Das Institute of Medical Sciences, Ottapalam",MBBS,SM,11,mbbs_p2_final.pdf
2025,2,3380,8989,General,SM,MZM,"Mount Zion Medical College, Pathanamthitta",MBBS,SM,29,mbbs_p2_final.pdf
2025,2,3381,8990,MU,MM,TRM,"Travancore Medical College, Umayanalloor, Kollam",MBBS,MM,23,mbbs_p2_final.pdf
2025,2,3382,8992,EZ,SM,PMD,"Pushpagiri College of Dental Science, Thiruvalla",BDS,SM,9,mbbs_p2_final.pdf
2025,2,3383,8993,EZ,EZ,MZM,"Mount Zion Medical College, Pathanamthitta",MBBS,EZ,26,mbbs_p2_final.pdf
2025,2,3384,8995,General,AC,SMC,"Dr. Somervell Memorial CSI Medical College, Karakonam",MBBS,AC,27,mbbs_p2_final.pdf
2025,2,3385,8996,LA,LA,SUC,"SUT Accademy of Medical Sciences, Thiruvananthapuram",MBBS,LA,25,mbbs_p2_final.pdf
2025,2,3386,9005,General,AC,MZM,"Mount Zion Medical College, Pathanamthitta",MBBS,AC,26,mbbs_p2_final.pdf
2025,2,3387,9008,General,SM,AAM,"Al Azhar Medical college, Thodupuzha",MBBS,SM,30,mbbs_p2_final.pdf
2025,2,3388,9011,MU,MU,DMM,"Dr. Moopens Medical College, Meppadi, Wayanad",MBBS,MU,20,mbbs_p2_final.pdf
2025,2,3389,9014,General,SM,KDM,"P K Das Institute of Medical Sciences, Ottapalam",MBBS,SM,28,mbbs_p2_final.pdf
2025,2,3390,9016,BH,SM,KDM,"P K Das Institute of Medical Sciences, Ottapalam",MBBS,SM,27,mbbs_p2_final.pdf
2025,2,3391,9017,EZ,SM,KDM,"P K Das Institute of Medical Sciences, Ottapalam",MBBS,SM,24,mbbs_p2_final.pdf
2025,2,3392,9021,EZ,SM,KDM,"P K Das Institute of Medical Sciences, Ottapalam",MBBS,SM,28,mbbs_p2_final.pdf
2025,2,3393,9028,BX,AC,SMC,"Dr. Somervell Memorial CSI Medical College, Karakonam",MBBS,AC,1,mbbs_p2_final.pdf
2025,2,3394,9030,EZ,EZ,DMM,"Dr. Moopens Medical College, Meppadi, Wayanad",MBBS,EZ,28,mbbs_p2_final.pdf
2025,2,3395,9035,SC,SC,KTM,"Govt. Medical College, Kottayam",MBBS,SC,3,mbbs_p2_final.pdf
2025,2,3396,9038,SC,SC,ALP,"T D Govt. Medical College, Alappuzha",MBBS,SC,2,mbbs_p2_final.pdf
2025,2,3397,9041,MU,MM,TRM,"Travancore Medical College, Umayanalloor, Kollam",MBBS,MM,24,mbbs_p2_final.pdf
2025,2,3398,9045,General,SM,AAM,"Al Azhar Medical college, Thodupuzha",MBBS,SM,32,mbbs_p2_final.pdf
2025,2,3399,9047,MU,MM,TRM,"Travancore Medical College, Umayanalloor, Kollam",MBBS,MM,2,mbbs_p2_final.pdf
2025,2,3400,9048,General,AC,SMC,"Dr. Somervell Memorial CSI Medical College, Karakonam",MBBS,AC,28,mbbs_p2_final.pdf
2025,2,3401,9053,MU,SM,PIM,"Palakkad Institute of Medical Sciences, Walayar",MBBS,SM,19,mbbs_p2_final.pdf
2025,2,3402,9055,General,AC,SMC,"Dr. Somervell Memorial CSI Medical College, Karakonam",MBBS,AC,24,mbbs_p2_final.pdf
2025,2,3403,9056,General,SM,KDM,"P K Das Institute of Medical Sciences, Ottapalam",MBBS,SM,29,mbbs_p2_final.pdf
2025,2,3404,9060,EZ,SM,KMD,"KMCT Dental College, Mambatta, Mukkam, Kozhikode",BDS,SM,21,mbbs_p2_final.pdf
2025,2,3405,9063,General,AC,MZM,"Mount Zion Medical College, Pathanamthitta",MBBS,AC,29,mbbs_p2_final.pdf
2025,2,3406,9067,General,SM,KDM,"P K Das Institute of Medical Sciences, Ottapalam",MBBS,SM,25,mbbs_p2_final.pdf
2025,2,3407,9068,MU,SM,PSD,"PSM College of Dental Sciences, Thrissur",BDS,SM,21,mbbs_p2_final.pdf
2025,2,3408,9070,General,SM,KDM,"P K Das Institute of Medical Sciences, Ottapalam",MBBS,SM,24,mbbs_p2_final.pdf
2025,2,3409,9072,EZ,EZ,MZM,"Mount Zion Medical College, Pathanamthitta",MBBS,EZ,23,mbbs_p2_final.pdf
2025,2,3410,9074,MU,MM,TRM,"Travancore Medical College, Umayanalloor, Kollam",MBBS,MM,25,mbbs_p2_final.pdf
2025,2,3411,9078,EW,EW,MMH,"Malabar Medical College Hospital, Kozhikkode",MBBS,EW,18,mbbs_p2_final.pdf
2025,2,3412,9079,LA,LA,TCD,"Govt. Dental College, Thrissur",BDS,LA,15,mbbs_p2_final.pdf
2025,2,3413,9083,EZ,EZ,KMM,"Karuna Medical College, Vilayodi, Palakkad",MBBS,EZ,29,mbbs_p2_final.pdf
2025,2,3414,9090,General,SM,KDM,"P K Das Institute of Medical Sciences, Ottapalam",MBBS,SM,28,mbbs_p2_final.pdf
2025,2,3415,9095,LA,AC,SMC,"Dr. Somervell Memorial CSI Medical College, Karakonam",MBBS,AC,22,mbbs_p2_final.pdf
2025,2,3416,9102,MU,MM,KMM,"Karuna Medical College, Vilayodi, Palakkad",MBBS,MM,23,mbbs_p2_final.pdf
2025,2,3417,9104,General,AC,MZM,"Mount Zion Medical College, Pathanamthitta",MBBS,AC,19,mbbs_p2_final.pdf
2025,2,3418,9105,General,SM,KDM,"P K Das Institute of Medical Sciences, Ottapalam",MBBS,SM,26,mbbs_p2_final.pdf
2025,2,3419,9108,LA,AC,SMC,"Dr. Somervell Memorial CSI Medical College, Karakonam",MBBS,AC,26,mbbs_p2_final.pdf
2025,2,3420,9109,LA,LA,SUC,"SUT Accademy of Medical Sciences, Thiruvananthapuram",MBBS,LA,4,mbbs_p2_final.pdf
2025,2,3421,9114,DV,SM,KDM,"P K Das Institute of Medical Sciences, Ottapalam",MBBS,SM,25,mbbs_p2_final.pdf
2025,2,3422,9115,EZ,EZ,KMM,"Karuna Medical College, Vilayodi, Palakkad",MBBS,EZ,27,mbbs_p2_final.pdf
2025,2,3423,9118,General,MM,TRM,"Travancore Medical College, Umayanalloor, Kollam",MBBS,MM,25,mbbs_p2_final.pdf
2025,2,3424,9120,General,SM,KDM,"P K Das Institute of Medical Sciences, Ottapalam",MBBS,SM,31,mbbs_p2_final.pdf
2025,2,3425,9123,SC,SC,CMC,"Govt. Medical College, Ernakulam",MBBS,SC,4,mbbs_p2_final.pdf
2025,2,3426,9126,General,AC,SMC,"Dr. Somervell Memorial CSI Medical College, Karakonam",MBBS,AC,26,mbbs_p2_final.pdf
2025,2,3427,9137,DV,DV,KKD,"Govt. Dental College, Kozhikkode",BDS,DV,27,mbbs_p2_final.pdf
2025,2,3428,9138,EZ,EZ,MZM,"Mount Zion Medical College, Pathanamthitta",MBBS,EZ,28,mbbs_p2_final.pdf
2025,2,3429,9139,General,AC,MZM,"Mount Zion Medical College, Pathanamthitta",MBBS,AC,20,mbbs_p2_final.pdf
2025,2,3430,9140,LA,LA,KCM,"KMCT Medical College, Mukkom, Kozikkode",MBBS,LA,17,mbbs_p2_final.pdf
2025,2,3431,9151,General,AC,SMC,"Dr. Somervell Memorial CSI Medical College, Karakonam",MBBS,AC,29,mbbs_p2_final.pdf
2025,2,3432,9155,General,AC,SMC,"Dr. Somervell Memorial CSI Medical College, Karakonam",MBBS,AC,26,mbbs_p2_final.pdf
2025,2,3433,9156,General,SM,KDM,"P K Das Institute of Medical Sciences, Ottapalam",MBBS,SM,27,mbbs_p2_final.pdf
2025,2,3434,9158,General,SM,KDM,"P K Das Institute of Medical Sciences, Ottapalam",MBBS,SM,29,mbbs_p2_final.pdf
2025,2,3435,9159,General,SM,KDM,"P K Das Institute of Medical Sciences, Ottapalam",MBBS,SM,25,mbbs_p2_final.pdf
2025,2,3436,9161,MU,MU,SIM,"Sree Narayana Institute of Medical Sciences, Chalakka, Ernakulam.",MBBS,MU,22,mbbs_p2_final.pdf
2025,2,3437,9168,General,AC,SMC,"Dr. Somervell Memorial CSI Medical College, Karakonam",MBBS,AC,12,mbbs_p2_final.pdf
2025,2,3438,9169,EZ,SM,AAM,"Al Azhar Medical college, Thodupuzha",MBBS,SM,31,mbbs_p2_final.pdf
2025,2,3439,9171,General,SM,AAM,"Al Azhar Medical college, Thodupuzha",MBBS,SM,29,mbbs_p2_final.pdf
2025,2,3440,9173,SC,SC,KTM,"Govt. Medical College, Kottayam",MBBS,SC,4,mbbs_p2_final.pdf
2025,2,3441,9174,BX,SM,AAM,"Al Azhar Medical college, Thodupuzha",MBBS,SM,17,mbbs_p2_final.pdf
2025,2,3442,9180,General,SM,KMD,"KMCT Dental College, Mambatta, Mukkam, Kozhikode",BDS,SM,21,mbbs_p2_final.pdf
2025,2,3443,9189,General,SM,KDM,"P K Das Institute of Medical Sciences, Ottapalam",MBBS,SM,27,mbbs_p2_final.pdf
2025,2,3444,9192,General,AC,SMC,"Dr. Somervell Memorial CSI Medical College, Karakonam",MBBS,AC,5,mbbs_p2_final.pdf
2025,2,3445,9196,BH,BH,MZM,"Mount Zion Medical College, Pathanamthitta",MBBS,BH,12,mbbs_p2_final.pdf
2025,2,3446,9205,BX,AC,SMC,"Dr. Somervell Memorial CSI Medical College, Karakonam",MBBS,AC,27,mbbs_p2_final.pdf
2025,2,3447,9207,MU,MM,KMM,"Karuna Medical College, Vilayodi, Palakkad",MBBS,MM,20,mbbs_p2_final.pdf
2025,2,3448,9208,MU,MM,AZC,"Azeezia Institute of Medi Science, Meyyannoor, Kollam",MBBS,MM,10,mbbs_p2_final.pdf
2025,2,3449,9211,General,AC,SMC,"Dr. Somervell Memorial CSI Medical College, Karakonam",MBBS,AC,26,mbbs_p2_final.pdf
2025,2,3450,9214,SC,SC,ALP,"T D Govt. Medical College, Alappuzha",MBBS,SC,1,mbbs_p2_final.pdf
2025,2,3451,9219,General,AC,SMC,"Dr. Somervell Memorial CSI Medical College, Karakonam",MBBS,AC,29,mbbs_p2_final.pdf
2025,2,3452,9220,LA,SM,AAM,"Al Azhar Medical college, Thodupuzha",MBBS,SM,25,mbbs_p2_final.pdf
2025,2,3453,9221,MU,MM,TRM,"Travancore Medical College, Umayanalloor, Kollam",MBBS,MM,16,mbbs_p2_final.pdf
2025,2,3454,9231,General,SM,AAM,"Al Azhar Medical college, Thodupuzha",MBBS,SM,21,mbbs_p2_final.pdf
2025,2,3455,9233,EZ,SM,KDM,"P K Das Institute of Medical Sciences, Ottapalam",MBBS,SM,27,mbbs_p2_final.pdf
2025,2,3456,9234,EW,AC,SMC,"Dr. Somervell Memorial CSI Medical College, Karakonam",MBBS,AC,28,mbbs_p2_final.pdf
2025,2,3457,9235,MU,MM,AZC,"Azeezia Institute of Medi Science, Meyyannoor, Kollam",MBBS,MM,16,mbbs_p2_final.pdf
2025,2,3458,9237,BH,SM,PIM,"Palakkad Institute of Medical Sciences, Walayar",MBBS,SM,2,mbbs_p2_final.pdf
2025,2,3459,9249,General,AC,SMC,"Dr. Somervell Memorial CSI Medical College, Karakonam",MBBS,AC,23,mbbs_p2_final.pdf
2025,2,3460,9255,General,SM,AAM,"Al Azhar Medical college, Thodupuzha",MBBS,SM,13,mbbs_p2_final.pdf
2025,2,3461,9262,General,SM,KDM,"P K Das Institute of Medical Sciences, Ottapalam",MBBS,SM,21,mbbs_p2_final.pdf
2025,2,3462,9263,VK,VK,SUC,"SUT Accademy of Medical Sciences, Thiruvananthapuram",MBBS,VK,26,mbbs_p2_final.pdf
2025,2,3463,9267,MU,MM,TRM,"Travancore Medical College, Umayanalloor, Kollam",MBBS,MM,21,mbbs_p2_final.pdf
2025,2,3464,9271,BH,SM,KDM,"P K Das Institute of Medical Sciences, Ottapalam",MBBS,SM,15,mbbs_p2_final.pdf
2025,2,3465,9280,EZ,EZ,DMM,"Dr. Moopens Medical College, Meppadi, Wayanad",MBBS,EZ,26,mbbs_p2_final.pdf
2025,2,3466,9285,General,AC,SMC,"Dr. Somervell Memorial CSI Medical College, Karakonam",MBBS,AC,9,mbbs_p2_final.pdf
2025,2,3467,9289,MU,MU,SIM,"Sree Narayana Institute of Medical Sciences, Chalakka, Ernakulam.",MBBS,MU,8,mbbs_p2_final.pdf
2025,2,3468,9292,EZ,SM,KDM,"P K Das Institute of Medical Sciences, Ottapalam",MBBS,SM,28,mbbs_p2_final.pdf
2025,2,3469,9293,General,SM,KDM,"P K Das Institute of Medical Sciences, Ottapalam",MBBS,SM,3,mbbs_p2_final.pdf
2025,2,3470,9294,MU,MM,AZC,"Azeezia Institute of Medi Science, Meyyannoor, Kollam",MBBS,MM,10,mbbs_p2_final.pdf
2025,2,3471,9298,General,AC,SMC,"Dr. Somervell Memorial CSI Medical College, Karakonam",MBBS,AC,22,mbbs_p2_final.pdf
2025,2,3472,9309,MU,MM,AZC,"Azeezia Institute of Medi Science, Meyyannoor, Kollam",MBBS,MM,25,mbbs_p2_final.pdf
2025,2,3473,9314,BH,SM,PIM,"Palakkad Institute of Medical Sciences, Walayar",MBBS,SM,20,mbbs_p2_final.pdf
2025,2,3474,9320,General,AC,SMC,"Dr. Somervell Memorial CSI Medical College, Karakonam",MBBS,AC,16,mbbs_p2_final.pdf
2025,2,3475,9323,MU,MM,KMM,"Karuna Medical College, Vilayodi, Palakkad",MBBS,MM,29,mbbs_p2_final.pdf
2025,2,3476,9326,SC,SC,KLM,"Govt. Medical College, Parippally, Kollam",MBBS,SC,2,mbbs_p2_final.pdf
2025,2,3477,9327,EW,EW,MMH,"Malabar Medical College Hospital, Kozhikkode",MBBS,EW,27,mbbs_p2_final.pdf
2025,2,3478,9338,SC,SC,KNM,Government Medical College Kannur,MBBS,SC,1,mbbs_p2_final.pdf
2025,2,3479,9350,MU,MM,TRM,"Travancore Medical College, Umayanalloor, Kollam",MBBS,MM,16,mbbs_p2_final.pdf
2025,2,3480,9351,General,AC,SMC,"Dr. Somervell Memorial CSI Medical College, Karakonam",MBBS,AC,26,mbbs_p2_final.pdf
2025,2,3481,9352,BH,SM,KDM,"P K Das Institute of Medical Sciences, Ottapalam",MBBS,SM,27,mbbs_p2_final.pdf
2025,2,3482,9355,EZ,EZ,DMM,"Dr. Moopens Medical College, Meppadi, Wayanad",MBBS,EZ,28,mbbs_p2_final.pdf
2025,2,3483,9369,EZ,SM,KDM,"P K Das Institute of Medical Sciences, Ottapalam",MBBS,SM,28,mbbs_p2_final.pdf
2025,2,3484,9371,MU,MM,KMM,"Karuna Medical College, Vilayodi, Palakkad",MBBS,MM,25,mbbs_p2_final.pdf
2025,2,3485,9375,MU,MM,TRM,"Travancore Medical College, Umayanalloor, Kollam",MBBS,MM,3,mbbs_p2_final.pdf
2025,2,3486,9382,General,SM,AAM,"Al Azhar Medical college, Thodupuzha",MBBS,SM,29,mbbs_p2_final.pdf
2025,2,3487,9385,General,NR,JMC,"Jubilee Mission Medical College, Thrisur",MBBS,NR,1,mbbs_p2_final.pdf
2025,2,3488,9386,General,SM,AAM,"Al Azhar Medical college, Thodupuzha",MBBS,SM,26,mbbs_p2_final.pdf
2025,2,3489,9390,MU,MM,TRM,"Travancore Medical College, Umayanalloor, Kollam",MBBS,MM,24,mbbs_p2_final.pdf
2025,2,3490,9394,General,SM,AAM,"Al Azhar Medical college, Thodupuzha",MBBS,SM,29,mbbs_p2_final.pdf
2025,2,3491,9398,General,SM,AAM,"Al Azhar Medical college, Thodupuzha",MBBS,SM,32,mbbs_p2_final.pdf
2025,2,3492,9401,MU,SM,KMD,"KMCT Dental College, Mambatta, Mukkam, Kozhikode",BDS,SM,17,mbbs_p2_final.pdf
2025,2,3493,9402,General,SM,AAM,"Al Azhar Medical college, Thodupuzha",MBBS,SM,14,mbbs_p2_final.pdf
2025,2,3494,9404,MU,MM,TRM,"Travancore Medical College, Umayanalloor, Kollam",MBBS,MM,22,mbbs_p2_final.pdf
2025,2,3495,9405,General,SM,AAM,"Al Azhar Medical college, Thodupuzha",MBBS,SM,22,mbbs_p2_final.pdf
2025,2,3496,9412,General,AC,SMC,"Dr. Somervell Memorial CSI Medical College, Karakonam",MBBS,AC,26,mbbs_p2_final.pdf
2025,2,3497,9417,DV,DV,KDM,"P K Das Institute of Medical Sciences, Ottapalam",MBBS,DV,22,mbbs_p2_final.pdf
2025,2,3498,9418,DV,DV,KDM,"P K Das Institute of Medical Sciences, Ottapalam",MBBS,DV,22,mbbs_p2_final.pdf
2025,2,3499,9421,EZ,EZ,KDM,"P K Das Institute of Medical Sciences, Ottapalam",MBBS,EZ,28,mbbs_p2_final.pdf
2025,2,3500,9422,General,SM,AAM,"Al Azhar Medical college, Thodupuzha",MBBS,SM,31,mbbs_p2_final.pdf
2025,2,3501,9423,EZ,EZ,DMM,"Dr. Moopens Medical College, Meppadi, Wayanad",MBBS,EZ,25,mbbs_p2_final.pdf
2025,2,3502,9425,MU,MM,TRM,"Travancore Medical College, Umayanalloor, Kollam",MBBS,MM,16,mbbs_p2_final.pdf
2025,2,3503,9426,MU,MM,TRM,"Travancore Medical College, Umayanalloor, Kollam",MBBS,MM,27,mbbs_p2_final.pdf
2025,2,3504,9427,EW,EW,MMH,"Malabar Medical College Hospital, Kozhikkode",MBBS,EW,21,mbbs_p2_final.pdf
2025,2,3505,9432,General,SM,AAM,"Al Azhar Medical college, Thodupuzha",MBBS,SM,21,mbbs_p2_final.pdf
2025,2,3506,9436,MU,MU,SIM,"Sree Narayana Institute of Medical Sciences, Chalakka, Ernakulam.",MBBS,MU,19,mbbs_p2_final.pdf
2025,2,3507,9439,General,SM,PIM,"Palakkad Institute of Medical Sciences, Walayar",MBBS,SM,32,mbbs_p2_final.pdf
2025,2,3508,9442,MU,MM,TRM,"Travancore Medical College, Umayanalloor, Kollam",MBBS,MM,26,mbbs_p2_final.pdf
2025,2,3509,9443,General,MM,AZC,"Azeezia Institute of Medi Science, Meyyannoor, Kollam",MBBS,MM,20,mbbs_p2_final.pdf
2025,2,3510,9444,General,MM,KMM,"Karuna Medical College, Vilayodi, Palakkad",MBBS,MM,4,mbbs_p2_final.pdf
2025,2,3511,9457,BH,BH,KDM,"P K Das Institute of Medical Sciences, Ottapalam",MBBS,BH,28,mbbs_p2_final.pdf
2025,2,3512,9463,EZ,EZ,KDM,"P K Das Institute of Medical Sciences, Ottapalam",MBBS,EZ,29,mbbs_p2_final.pdf
2025,2,3513,9468,BH,BH,KDM,"P K Das Institute of Medical Sciences, Ottapalam",MBBS,BH,25,mbbs_p2_final.pdf
2025,2,3514,9475,BH,BH,KDM,"P K Das Institute of Medical Sciences, Ottapalam",MBBS,BH,22,mbbs_p2_final.pdf
2025,2,3515,9479,VK,VK,DMM,"Dr. Moopens Medical College, Meppadi, Wayanad",MBBS,VK,1,mbbs_p2_final.pdf
2025,2,3516,9482,General,AC,SMC,"Dr. Somervell Memorial CSI Medical College, Karakonam",MBBS,AC,26,mbbs_p2_final.pdf
2025,2,3517,9493,MU,MU,SUC,"SUT Accademy of Medical Sciences, Thiruvananthapuram",MBBS,MU,25,mbbs_p2_final.pdf
2025,2,3518,9495,MU,MM,KMM,"Karuna Medical College, Vilayodi, Palakkad",MBBS,MM,14,mbbs_p2_final.pdf
2025,2,3519,9497,MU,SM,AAM,"Al Azhar Medical college, Thodupuzha",MBBS,SM,16,mbbs_p2_final.pdf
2025,2,3520,9502,MU,MM,KMM,"Karuna Medical College, Vilayodi, Palakkad",MBBS,MM,13,mbbs_p2_final.pdf
2025,2,3521,9503,LA,LA,SIM,"Sree Narayana Institute of Medical Sciences, Chalakka, Ernakulam.",MBBS,LA,25,mbbs_p2_final.pdf
2025,2,3522,9507,LA,LA,MMH,"Malabar Medical College Hospital, Kozhikkode",MBBS,LA,14,mbbs_p2_final.pdf
2025,2,3523,9508,General,SM,AAM,"Al Azhar Medical college, Thodupuzha",MBBS,SM,18,mbbs_p2_final.pdf
2025,2,3524,9511,General,SM,AAM,"Al Azhar Medical college, Thodupuzha",MBBS,SM,31,mbbs_p2_final.pdf
2025,2,3525,9513,MU,MU,SUC,"SUT Accademy of Medical Sciences, Thiruvananthapuram",MBBS,MU,15,mbbs_p2_final.pdf
2025,2,3526,9515,MU,MM,KMM,"Karuna Medical College, Vilayodi, Palakkad",MBBS,MM,5,mbbs_p2_final.pdf
2025,2,3527,9518,General,SM,AAM,"Al Azhar Medical college, Thodupuzha",MBBS,SM,26,mbbs_p2_final.pdf
2025,2,3528,9525,BH,SM,AAM,"Al Azhar Medical college, Thodupuzha",MBBS,SM,30,mbbs_p2_final.pdf
2025,2,3529,9526,MU,MM,TRM,"Travancore Medical College, Umayanalloor, Kollam",MBBS,MM,28,mbbs_p2_final.pdf
2025,2,3530,9527,LA,LA,KND,"Government Dental College, Kannur",BDS,LA,20,mbbs_p2_final.pdf
2025,2,3531,9530,General,AC,SMC,"Dr. Somervell Memorial CSI Medical College, Karakonam",MBBS,AC,26,mbbs_p2_final.pdf
2025,2,3532,9531,MU,MM,KMM,"Karuna Medical College, Vilayodi, Palakkad",MBBS,MM,21,mbbs_p2_final.pdf
2025,2,3533,9534,General,SM,AAM,"Al Azhar Medical college, Thodupuzha",MBBS,SM,31,mbbs_p2_final.pdf
2025,2,3534,9537,MU,SM,AAD,"Al Azhar Dental College, Thodupuzha",BDS,SM,7,mbbs_p2_final.pdf
2025,2,3535,9544,MU,MM,KMM,"Karuna Medical College, Vilayodi, Palakkad",MBBS,MM,24,mbbs_p2_final.pdf
2025,2,3536,9551,EZ,EZ,KDM,"P K Das Institute of Medical Sciences, Ottapalam",MBBS,EZ,31,mbbs_p2_final.pdf
2025,2,3537,9553,MU,MM,KMM,"Karuna Medical College, Vilayodi, Palakkad",MBBS,MM,22,mbbs_p2_final.pdf
2025,2,3538,9556,General,SM,PIM,"Palakkad Institute of Medical Sciences, Walayar",MBBS,SM,32,mbbs_p2_final.pdf
2025,2,3539,9557,DV,DV,KDM,"P K Das Institute of Medical Sciences, Ottapalam",MBBS,DV,22,mbbs_p2_final.pdf
2025,2,3540,9560,General,SM,AAM,"Al Azhar Medical college, Thodupuzha",MBBS,SM,33,mbbs_p2_final.pdf
2025,2,3541,9562,EZ,SM,AAM,"Al Azhar Medical college, Thodupuzha",MBBS,SM,28,mbbs_p2_final.pdf
2025,2,3542,9569,DV,DV,SUC,"SUT Accademy of Medical Sciences, Thiruvananthapuram",MBBS,DV,26,mbbs_p2_final.pdf
2025,2,3543,9574,General,AC,MZM,"Mount Zion Medical College, Pathanamthitta",MBBS,AC,34,mbbs_p2_final.pdf
2025,2,3544,9575,EZ,SM,AAM,"Al Azhar Medical college, Thodupuzha",MBBS,SM,22,mbbs_p2_final.pdf
2025,2,3545,9577,General,AC,SMC,"Dr. Somervell Memorial CSI Medical College, Karakonam",MBBS,AC,27,mbbs_p2_final.pdf
2025,2,3546,9584,General,AC,SMC,"Dr. Somervell Memorial CSI Medical College, Karakonam",MBBS,AC,19,mbbs_p2_final.pdf
2025,2,3547,9585,KN,KN,IDM,Government Medical College Idukki,MBBS,KN,9,mbbs_p2_final.pdf
2025,2,3548,9587,MU,MM,KMM,"Karuna Medical College, Vilayodi, Palakkad",MBBS,MM,20,mbbs_p2_final.pdf
2025,2,3549,9593,General,AC,SMC,"Dr. Somervell Memorial CSI Medical College, Karakonam",MBBS,AC,25,mbbs_p2_final.pdf
2025,2,3550,9595,General,SM,PIM,"Palakkad Institute of Medical Sciences, Walayar",MBBS,SM,31,mbbs_p2_final.pdf
2025,2,3551,9596,EZ,SM,AAM,"Al Azhar Medical college, Thodupuzha",MBBS,SM,29,mbbs_p2_final.pdf
2025,2,3552,9605,General,NR,GMC,"Sree Gokulam Medical College, Venjaramoodu, TVPM",MBBS,NR,11,mbbs_p2_final.pdf
2025,2,3553,9608,EW,EW,MMH,"Malabar Medical College Hospital, Kozhikkode",MBBS,EW,22,mbbs_p2_final.pdf
2025,2,3554,9611,General,SM,AAM,"Al Azhar Medical college, Thodupuzha",MBBS,SM,29,mbbs_p2_final.pdf
2025,2,3555,9616,BX,AC,SMC,"Dr. Somervell Memorial CSI Medical College, Karakonam",MBBS,AC,22,mbbs_p2_final.pdf
2025,2,3556,9617,EZ,EZ,KDM,"P K Das Institute of Medical Sciences, Ottapalam",MBBS,EZ,15,mbbs_p2_final.pdf
2025,2,3557,9619,MU,MM,TRM,"Travancore Medical College, Umayanalloor, Kollam",MBBS,MM,23,mbbs_p2_final.pdf
2025,2,3558,9620,MU,MM,TRM,"Travancore Medical College, Umayanalloor, Kollam",MBBS,MM,20,mbbs_p2_final.pdf
2025,2,3559,9622,BH,BH,KDM,"P K Das Institute of Medical Sciences, Ottapalam",MBBS,BH,30,mbbs_p2_final.pdf
2025,2,3560,9626,EZ,SM,AAM,"Al Azhar Medical college, Thodupuzha",MBBS,SM,15,mbbs_p2_final.pdf
2025,2,3561,9630,General,SM,AAM,"Al Azhar Medical college, Thodupuzha",MBBS,SM,32,mbbs_p2_final.pdf
2025,2,3562,9633,MU,MU,KDM,"P K Das Institute of Medical Sciences, Ottapalam",MBBS,MU,12,mbbs_p2_final.pdf
2025,2,3563,9634,General,AC,MZM,"Mount Zion Medical College, Pathanamthitta",MBBS,AC,19,mbbs_p2_final.pdf
2025,2,3564,9638,VK,VK,DMM,"Dr. Moopens Medical College, Meppadi, Wayanad",MBBS,VK,25,mbbs_p2_final.pdf
2025,2,3565,9642,EZ,SM,AAM,"Al Azhar Medical college, Thodupuzha",MBBS,SM,1,mbbs_p2_final.pdf
2025,2,3566,9645,BH,BH,KDM,"P K Das Institute of Medical Sciences, Ottapalam",MBBS,BH,28,mbbs_p2_final.pdf
2025,2,3567,9647,General,SM,PIM,"Palakkad Institute of Medical Sciences, Walayar",MBBS,SM,33,mbbs_p2_final.pdf
2025,2,3568,9653,General,SM,AAM,"Al Azhar Medical college, Thodupuzha",MBBS,SM,38,mbbs_p2_final.pdf
2025,2,3569,9655,MU,MU,KDM,"P K Das Institute of Medical Sciences, Ottapalam",MBBS,MU,8,mbbs_p2_final.pdf
2025,2,3570,9658,MU,MM,KMM,"Karuna Medical College, Vilayodi, Palakkad",MBBS,MM,1,mbbs_p2_final.pdf
2025,2,3571,9662,SC,SC,ALP,"T D Govt. Medical College, Alappuzha",MBBS,SC,5,mbbs_p2_final.pdf
2025,2,3572,9667,MU,MM,KMM,"Karuna Medical College, Vilayodi, Palakkad",MBBS,MM,8,mbbs_p2_final.pdf
2025,2,3573,9668,EZ,SM,PSD,"PSM College of Dental Sciences, Thrissur",BDS,SM,21,mbbs_p2_final.pdf
2025,2,3574,9677,SC,SC,ALP,"T D Govt. Medical College, Alappuzha",MBBS,SC,5,mbbs_p2_final.pdf
2025,2,3575,9681,EZ,SM,AAM,"Al Azhar Medical college, Thodupuzha",MBBS,SM,9,mbbs_p2_final.pdf
2025,2,3576,9682,General,SM,AAM,"Al Azhar Medical college, Thodupuzha",MBBS,SM,14,mbbs_p2_final.pdf
2025,2,3577,9685,SC,SC,ALP,"T D Govt. Medical College, Alappuzha",MBBS,SC,5,mbbs_p2_final.pdf
2025,2,3578,9686,General,AC,MZM,"Mount Zion Medical College, Pathanamthitta",MBBS,AC,21,mbbs_p2_final.pdf
2025,2,3579,9688,General,SM,PMS,"PMS College of Dental Sciences, Vattappara, TVPM",BDS,SM,1,mbbs_p2_final.pdf
2025,2,3580,9692,General,SM,AAM,"Al Azhar Medical college, Thodupuzha",MBBS,SM,28,mbbs_p2_final.pdf
2025,2,3581,9693,General,SM,AAM,"Al Azhar Medical college, Thodupuzha",MBBS,SM,33,mbbs_p2_final.pdf
2025,2,3582,9694,MU,MM,AAM,"Al Azhar Medical college, Thodupuzha",MBBS,MM,7,mbbs_p2_final.pdf
2025,2,3583,9705,MU,MM,KMM,"Karuna Medical College, Vilayodi, Palakkad",MBBS,MM,29,mbbs_p2_final.pdf
2025,2,3584,9711,EZ,EZ,KDM,"P K Das Institute of Medical Sciences, Ottapalam",MBBS,EZ,19,mbbs_p2_final.pdf
2025,2,3585,9712,EZ,EZ,KDM,"P K Das Institute of Medical Sciences, Ottapalam",MBBS,EZ,19,mbbs_p2_final.pdf
2025,2,3586,9715,MU,MM,AZC,"Azeezia Institute of Medi Science, Meyyannoor, Kollam",MBBS,MM,7,mbbs_p2_final.pdf
2025,2,3587,9723,MU,SM,AAM,"Al Azhar Medical college, Thodupuzha",MBBS,SM,21,mbbs_p2_final.pdf
2025,2,3588,9725,EW,EW,MMH,"Malabar Medical College Hospital, Kozhikkode",MBBS,EW,28,mbbs_p2_final.pdf
2025,2,3589,9726,General,AC,SMC,"Dr. Somervell Memorial CSI Medical College, Karakonam",MBBS,AC,26,mbbs_p2_final.pdf
2025,2,3590,9731,MU,MM,AZC,"Azeezia Institute of Medi Science, Meyyannoor, Kollam",MBBS,MM,29,mbbs_p2_final.pdf
2025,2,3591,9740,LA,AC,SMC,"Dr. Somervell Memorial CSI Medical College, Karakonam",MBBS,AC,17,mbbs_p2_final.pdf
2025,2,3592,9741,SC,SC,KNM,Government Medical College Kannur,MBBS,SC,5,mbbs_p2_final.pdf
2025,2,3593,9743,EZ,EZ,KDM,"P K Das Institute of Medical Sciences, Ottapalam",MBBS,EZ,29,mbbs_p2_final.pdf
2025,2,3594,9744,EZ,EZ,KDM,"P K Das Institute of Medical Sciences, Ottapalam",MBBS,EZ,27,mbbs_p2_final.pdf
2025,2,3595,9750,BH,SM,PIM,"Palakkad Institute of Medical Sciences, Walayar",MBBS,SM,30,mbbs_p2_final.pdf
2025,2,3596,9754,MU,MU,SIM,"Sree Narayana Institute of Medical Sciences, Chalakka, Ernakulam.",MBBS,MU,29,mbbs_p2_final.pdf
2025,2,3597,9755,MU,MU,SIM,"Sree Narayana Institute of Medical Sciences, Chalakka, Ernakulam.",MBBS,MU,14,mbbs_p2_final.pdf
2025,2,3598,9756,EZ,EZ,KDM,"P K Das Institute of Medical Sciences, Ottapalam",MBBS,EZ,17,mbbs_p2_final.pdf
2025,2,3599,9760,SC,SC,MLP,"Govt. Medical College, Manjeri",MBBS,SC,4,mbbs_p2_final.pdf
2025,2,3600,9761,MU,MU,SIM,"Sree Narayana Institute of Medical Sciences, Chalakka, Ernakulam.",MBBS,MU,30,mbbs_p2_final.pdf
2025,2,3601,9766,General,SM,AAM,"Al Azhar Medical college, Thodupuzha",MBBS,SM,31,mbbs_p2_final.pdf
2025,2,3602,9771,General,SM,AAM,"Al Azhar Medical college, Thodupuzha",MBBS,SM,31,mbbs_p2_final.pdf
2025,2,3603,9772,General,MM,AZC,"Azeezia Institute of Medi Science, Meyyannoor, Kollam",MBBS,MM,28,mbbs_p2_final.pdf
2025,2,3604,9781,General,SM,AAM,"Al Azhar Medical college, Thodupuzha",MBBS,SM,33,mbbs_p2_final.pdf
2025,2,3605,9783,EZ,PD,KTM,"Govt. Medical College, Kottayam",MBBS,PD,1,mbbs_p2_final.pdf
2025,2,3606,9788,LA,LA,MMH,"Malabar Medical College Hospital, Kozhikkode",MBBS,LA,24,mbbs_p2_final.pdf
2025,2,3607,9791,General,SM,AAM,"Al Azhar Medical college, Thodupuzha",MBBS,SM,33,mbbs_p2_final.pdf
2025,2,3608,9793,BH,SM,AAM,"Al Azhar Medical college, Thodupuzha",MBBS,SM,23,mbbs_p2_final.pdf
2025,2,3609,9794,SC,SC,CMC,"Govt. Medical College, Ernakulam",MBBS,SC,3,mbbs_p2_final.pdf
2025,2,3610,9795,EZ,EZ,KDM,"P K Das Institute of Medical Sciences, Ottapalam",MBBS,EZ,8,mbbs_p2_final.pdf
2025,2,3611,9800,General,SM,PIM,"Palakkad Institute of Medical Sciences, Walayar",MBBS,SM,32,mbbs_p2_final.pdf
2025,2,3612,9802,MU,MU,KDM,"P K Das Institute of Medical Sciences, Ottapalam",MBBS,MU,18,mbbs_p2_final.pdf
2025,2,3613,9803,EW,SM,PMD,"Pushpagiri College of Dental Science, Thiruvalla",BDS,SM,21,mbbs_p2_final.pdf
2025,2,3614,9805,General,SM,PIM,"Palakkad Institute of Medical Sciences, Walayar",MBBS,SM,34,mbbs_p2_final.pdf
2025,2,3615,9806,General,SM,PMS,"PMS College of Dental Sciences, Vattappara, TVPM",BDS,SM,7,mbbs_p2_final.pdf
2025,2,3616,9810,LA,LA,MMH,"Malabar Medical College Hospital, Kozhikkode",MBBS,LA,26,mbbs_p2_final.pdf
2025,2,3617,9811,KN,FL-KN,IDM,Government Medical College Idukki,MBBS,FL-KN,7,mbbs_p2_final.pdf
2025,2,3618,9824,SC,SC,KLM,"Govt. Medical College, Parippally, Kollam",MBBS,SC,1,mbbs_p2_final.pdf
2025,2,3619,9825,BX,BX,SUC,"SUT Accademy of Medical Sciences, Thiruvananthapuram",MBBS,BX,13,mbbs_p2_final.pdf
2025,2,3620,9826,EZ,SM,PSD,"PSM College of Dental Sciences, Thrissur",BDS,SM,21,mbbs_p2_final.pdf
2025,2,3621,9830,MU,MM,AZC,"Azeezia Institute of Medi Science, Meyyannoor, Kollam",MBBS,MM,19,mbbs_p2_final.pdf
2025,2,3622,9833,LA,AC,SMC,"Dr. Somervell Memorial CSI Medical College, Karakonam",MBBS,AC,27,mbbs_p2_final.pdf
2025,2,3623,9840,BH,BH,AAM,"Al Azhar Medical college, Thodupuzha",MBBS,BH,33,mbbs_p2_final.pdf
2025,2,3624,9844,General,SM,PIM,"Palakkad Institute of Medical Sciences, Walayar",MBBS,SM,20,mbbs_p2_final.pdf
2025,2,3625,9849,SC,SC,KLM,"Govt. Medical College, Parippally, Kollam",MBBS,SC,3,mbbs_p2_final.pdf
2025,2,3626,9862,BH,BH,AAM,"Al Azhar Medical college, Thodupuzha",MBBS,BH,33,mbbs_p2_final.pdf
2025,2,3627,9869,LA,LA,SUC,"SUT Accademy of Medical Sciences, Thiruvananthapuram",MBBS,LA,26,mbbs_p2_final.pdf
2025,2,3628,9876,MU,MM,AZC,"Azeezia Institute of Medi Science, Meyyannoor, Kollam",MBBS,MM,32,mbbs_p2_final.pdf
2025,2,3629,9880,EZ,EZ,KDM,"P K Das Institute of Medical Sciences, Ottapalam",MBBS,EZ,29,mbbs_p2_final.pdf
2025,2,3630,9881,General,SM,PIM,"Palakkad Institute of Medical Sciences, Walayar",MBBS,SM,33,mbbs_p2_final.pdf
2025,2,3631,9888,BH,SM,PIM,"Palakkad Institute of Medical Sciences, Walayar",MBBS,SM,19,mbbs_p2_final.pdf
2025,2,3632,9893,MU,SM,PMD,"Pushpagiri College of Dental Science, Thiruvalla",BDS,SM,20,mbbs_p2_final.pdf
2025,2,3633,9905,LA,LA,KDM,"P K Das Institute of Medical Sciences, Ottapalam",MBBS,LA,11,mbbs_p2_final.pdf
2025,2,3634,9906,DV,DV,SUC,"SUT Accademy of Medical Sciences, Thiruvananthapuram",MBBS,DV,21,mbbs_p2_final.pdf
2025,2,3635,9912,General,SM,PIM,"Palakkad Institute of Medical Sciences, Walayar",MBBS,SM,31,mbbs_p2_final.pdf
2025,2,3636,9917,SC,SC,CMC,"Govt. Medical College, Ernakulam",MBBS,SC,2,mbbs_p2_final.pdf
2025,2,3637,9920,EZ,EZ,KDM,"P K Das Institute of Medical Sciences, Ottapalam",MBBS,EZ,28,mbbs_p2_final.pdf
2025,2,3638,9923,MU,MU,AAM,"Al Azhar Medical college, Thodupuzha",MBBS,MU,23,mbbs_p2_final.pdf
2025,2,3639,9930,General,AC,SMC,"Dr. Somervell Memorial CSI Medical College, Karakonam",MBBS,AC,32,mbbs_p2_final.pdf
2025,2,3640,9932,BH,BH,AAM,"Al Azhar Medical college, Thodupuzha",MBBS,BH,5,mbbs_p2_final.pdf
2025,2,3641,9936,MU,MM,KMM,"Karuna Medical College, Vilayodi, Palakkad",MBBS,MM,13,mbbs_p2_final.pdf
2025,2,3642,9945,BH,SM,PIM,"Palakkad Institute of Medical Sciences, Walayar",MBBS,SM,30,mbbs_p2_final.pdf
2025,2,3643,9952,General,AC,SMC,"Dr. Somervell Memorial CSI Medical College, Karakonam",MBBS,AC,27,mbbs_p2_final.pdf
2025,2,3644,9961,MU,MU,AAM,"Al Azhar Medical college, Thodupuzha",MBBS,MU,28,mbbs_p2_final.pdf
2025,2,3645,9963,EZ,EZ,AAM,"Al Azhar Medical college, Thodupuzha",MBBS,EZ,28,mbbs_p2_final.pdf
2025,2,3646,9965,EZ,SM,PIM,"Palakkad Institute of Medical Sciences, Walayar",MBBS,SM,15,mbbs_p2_final.pdf
2025,2,3647,9966,General,SM,PIM,"Palakkad Institute of Medical Sciences, Walayar",MBBS,SM,34,mbbs_p2_final.pdf
2025,2,3648,9967,BH,SM,PIM,"Palakkad Institute of Medical Sciences, Walayar",MBBS,SM,26,mbbs_p2_final.pdf
2025,2,3649,9972,EZ,EZ,KDM,"P K Das Institute of Medical Sciences, Ottapalam",MBBS,EZ,19,mbbs_p2_final.pdf
2025,2,3650,9975,MU,MU,KDM,"P K Das Institute of Medical Sciences, Ottapalam",MBBS,MU,23,mbbs_p2_final.pdf
2025,2,3651,9978,General,SM,PIM,"Palakkad Institute of Medical Sciences, Walayar",MBBS,SM,33,mbbs_p2_final.pdf
2025,2,3652,9979,MU,MM,AZC,"Azeezia Institute of Medi Science, Meyyannoor, Kollam",MBBS,MM,6,mbbs_p2_final.pdf
2025,2,3653,9980,General,SM,PIM,"Palakkad Institute of Medical Sciences, Walayar",MBBS,SM,34,mbbs_p2_final.pdf
2025,2,3654,9982,General,SM,PIM,"Palakkad Institute of Medical Sciences, Walayar",MBBS,SM,26,mbbs_p2_final.pdf
2025,2,3655,9984,MU,MU,AAM,"Al Azhar Medical college, Thodupuzha",MBBS,MU,24,mbbs_p2_final.pdf
2025,2,3656,9987,General,MM,AAM,"Al Azhar Medical college, Thodupuzha",MBBS,MM,28,mbbs_p2_final.pdf
2025,2,3657,9990,General,MM,AZC,"Azeezia Institute of Medi Science, Meyyannoor, Kollam",MBBS,MM,29,mbbs_p2_final.pdf
2025,2,3658,9991,BH,SM,PIM,"Palakkad Institute of Medical Sciences, Walayar",MBBS,SM,32,mbbs_p2_final.pdf
2025,2,3659,9994,DV,DV,AAM,"Al Azhar Medical college, Thodupuzha",MBBS,DV,31,mbbs_p2_final.pdf
2025,2,3660,10001,General,AC,SMC,"Dr. Somervell Memorial CSI Medical College, Karakonam",MBBS,AC,25,mbbs_p2_final.pdf
2025,2,3661,10004,MU,MU,AAM,"Al Azhar Medical college, Thodupuzha",MBBS,MU,28,mbbs_p2_final.pdf
2025,2,3662,10010,MU,MM,AZC,"Azeezia Institute of Medi Science, Meyyannoor, Kollam",MBBS,MM,31,mbbs_p2_final.pdf
2025,2,3663,10012,General,AC,SMC,"Dr. Somervell Memorial CSI Medical College, Karakonam",MBBS,AC,16,mbbs_p2_final.pdf
2025,2,3664,10016,General,SM,PIM,"Palakkad Institute of Medical Sciences, Walayar",MBBS,SM,34,mbbs_p2_final.pdf
2025,2,3665,10019,EZ,EZ,AAM,"Al Azhar Medical college, Thodupuzha",MBBS,EZ,28,mbbs_p2_final.pdf
2025,2,3666,10025,General,SM,PIM,"Palakkad Institute of Medical Sciences, Walayar",MBBS,SM,25,mbbs_p2_final.pdf
2025,2,3667,10026,BH,SM,PIM,"Palakkad Institute of Medical Sciences, Walayar",MBBS,SM,33,mbbs_p2_final.pdf
2025,2,3668,10028,General,SM,PIM,"Palakkad Institute of Medical Sciences, Walayar",MBBS,SM,19,mbbs_p2_final.pdf
2025,2,3669,10034,EZ,EZ,KDM,"P K Das Institute of Medical Sciences, Ottapalam",MBBS,EZ,31,mbbs_p2_final.pdf
2025,2,3670,10036,EZ,EZ,AAM,"Al Azhar Medical college, Thodupuzha",MBBS,EZ,29,mbbs_p2_final.pdf
2025,2,3671,10037,General,SM,PIM,"Palakkad Institute of Medical Sciences, Walayar",MBBS,SM,34,mbbs_p2_final.pdf
2025,2,3672,10040,MU,MM,KMM,"Karuna Medical College, Vilayodi, Palakkad",MBBS,MM,19,mbbs_p2_final.pdf
2025,2,3673,10041,EZ,EZ,AAM,"Al Azhar Medical college, Thodupuzha",MBBS,EZ,30,mbbs_p2_final.pdf
2025,2,3674,10043,General,AC,MZM,"Mount Zion Medical College, Pathanamthitta",MBBS,AC,13,mbbs_p2_final.pdf
2025,2,3675,10048,General,SM,PIM,"Palakkad Institute of Medical Sciences, Walayar",MBBS,SM,25,mbbs_p2_final.pdf
2025,2,3676,10059,General,SM,PIM,"Palakkad Institute of Medical Sciences, Walayar",MBBS,SM,34,mbbs_p2_final.pdf
2025,2,3677,10069,SC,SC,ALP,"T D Govt. Medical College, Alappuzha",MBBS,SC,1,mbbs_p2_final.pdf
2025,2,3678,10072,SC,SC,ALP,"T D Govt. Medical College, Alappuzha",MBBS,SC,5,mbbs_p2_final.pdf
2025,2,3679,10073,MU,MM,AAM,"Al Azhar Medical college, Thodupuzha",MBBS,MM,11,mbbs_p2_final.pdf
2025,2,3680,10079,EZ,EZ,KDM,"P K Das Institute of Medical Sciences, Ottapalam",MBBS,EZ,16,mbbs_p2_final.pdf
2025,2,3681,10086,EZ,EZ,AAM,"Al Azhar Medical college, Thodupuzha",MBBS,EZ,32,mbbs_p2_final.pdf
2025,2,3682,10087,EZ,EZ,AAM,"Al Azhar Medical college, Thodupuzha",MBBS,EZ,12,mbbs_p2_final.pdf
2025,2,3683,10088,BX,BX,MZM,"Mount Zion Medical College, Pathanamthitta",MBBS,BX,12,mbbs_p2_final.pdf
2025,2,3684,10092,General,SM,PIM,"Palakkad Institute of Medical Sciences, Walayar",MBBS,SM,34,mbbs_p2_final.pdf
2025,2,3685,10100,General,AC,SMC,"Dr. Somervell Memorial CSI Medical College, Karakonam",MBBS,AC,14,mbbs_p2_final.pdf
2025,2,3686,10103,MU,MU,AAM,"Al Azhar Medical college, Thodupuzha",MBBS,MU,22,mbbs_p2_final.pdf
2025,2,3687,10104,General,AC,SMC,"Dr. Somervell Memorial CSI Medical College, Karakonam",MBBS,AC,28,mbbs_p2_final.pdf
2025,2,3688,10105,MU,MU,AAM,"Al Azhar Medical college, Thodupuzha",MBBS,MU,10,mbbs_p2_final.pdf
2025,2,3689,10108,BH,SM,PIM,"Palakkad Institute of Medical Sciences, Walayar",MBBS,SM,32,mbbs_p2_final.pdf
2025,2,3690,10113,BX,BX,SIM,"Sree Narayana Institute of Medical Sciences, Chalakka, Ernakulam.",MBBS,BX,13,mbbs_p2_final.pdf
2025,2,3691,10129,General,AC,SMC,"Dr. Somervell Memorial CSI Medical College, Karakonam",MBBS,AC,23,mbbs_p2_final.pdf
2025,2,3692,10131,BH,BH,PIM,"Palakkad Institute of Medical Sciences, Walayar",MBBS,BH,31,mbbs_p2_final.pdf
2025,2,3693,10135,General,AC,MZM,"Mount Zion Medical College, Pathanamthitta",MBBS,AC,26,mbbs_p2_final.pdf
2025,2,3694,10145,General,MM,AZC,"Azeezia Institute of Medi Science, Meyyannoor, Kollam",MBBS,MM,5,mbbs_p2_final.pdf
2025,2,3695,10147,KN,KN,KCM,"KMCT Medical College, Mukkom, Kozikkode",MBBS,KN,14,mbbs_p2_final.pdf
2025,2,3696,10157,MU,MU,KDM,"P K Das Institute of Medical Sciences, Ottapalam",MBBS,MU,21,mbbs_p2_final.pdf
2025,2,3697,10160,General,AC,MZM,"Mount Zion Medical College, Pathanamthitta",MBBS,AC,24,mbbs_p2_final.pdf
2025,2,3698,10162,LA,LA,DMM,"Dr. Moopens Medical College, Meppadi, Wayanad",MBBS,LA,1,mbbs_p2_final.pdf
2025,2,3699,10163,SC,SC,ALP,"T D Govt. Medical College, Alappuzha",MBBS,SC,2,mbbs_p2_final.pdf
2025,2,3700,10166,EW,EW,SUC,"SUT Accademy of Medical Sciences, Thiruvananthapuram",MBBS,EW,1,mbbs_p2_final.pdf
2025,2,3701,10169,BX,BX,KDM,"P K Das Institute of Medical Sciences, Ottapalam",MBBS,BX,27,mbbs_p2_final.pdf
2025,2,3702,10172,MU,MM,KMM,"Karuna Medical College, Vilayodi, Palakkad",MBBS,MM,22,mbbs_p2_final.pdf
2025,2,3703,10173,EZ,EZ,KDM,"P K Das Institute of Medical Sciences, Ottapalam",MBBS,EZ,31,mbbs_p2_final.pdf
2025,2,3704,10178,General,AC,PMD,"Pushpagiri College of Dental Science, Thiruvalla",BDS,AC,1,mbbs_p2_final.pdf
2025,2,3705,10189,EW,EW,MMH,"Malabar Medical College Hospital, Kozhikkode",MBBS,EW,17,mbbs_p2_final.pdf
2025,2,3706,10190,LA,LA,AZC,"Azeezia Institute of Medi Science, Meyyannoor, Kollam",MBBS,LA,31,mbbs_p2_final.pdf
2025,2,3707,10195,MU,MU,KDM,"P K Das Institute of Medical Sciences, Ottapalam",MBBS,MU,16,mbbs_p2_final.pdf
2025,2,3708,10200,EZ,EZ,AAM,"Al Azhar Medical college, Thodupuzha",MBBS,EZ,33,mbbs_p2_final.pdf
2025,2,3709,10202,MU,SM,KMD,"KMCT Dental College, Mambatta, Mukkam, Kozhikode",BDS,SM,7,mbbs_p2_final.pdf
2025,2,3710,10213,EZ,EZ,AAM,"Al Azhar Medical college, Thodupuzha",MBBS,EZ,27,mbbs_p2_final.pdf
2025,2,3711,10217,MU,MM,KMM,"Karuna Medical College, Vilayodi, Palakkad",MBBS,MM,27,mbbs_p2_final.pdf
2025,2,3712,10220,General,AC,SMC,"Dr. Somervell Memorial CSI Medical College, Karakonam",MBBS,AC,29,mbbs_p2_final.pdf
2025,2,3713,10222,EZ,EZ,AAM,"Al Azhar Medical college, Thodupuzha",MBBS,EZ,31,mbbs_p2_final.pdf
2025,2,3714,10229,EZ,EZ,PIM,"Palakkad Institute of Medical Sciences, Walayar",MBBS,EZ,34,mbbs_p2_final.pdf
2025,2,3715,10231,SC,SC,KNM,Government Medical College Kannur,MBBS,SC,5,mbbs_p2_final.pdf
2025,2,3716,10239,MU,MU,AAM,"Al Azhar Medical college, Thodupuzha",MBBS,MU,23,mbbs_p2_final.pdf
2025,2,3717,10241,EZ,EZ,PIM,"Palakkad Institute of Medical Sciences, Walayar",MBBS,EZ,10,mbbs_p2_final.pdf
2025,2,3718,10245,General,AC,SMC,"Dr. Somervell Memorial CSI Medical College, Karakonam",MBBS,AC,14,mbbs_p2_final.pdf
2025,2,3719,10251,General,AC,SMC,"Dr. Somervell Memorial CSI Medical College, Karakonam",MBBS,AC,26,mbbs_p2_final.pdf
2025,2,3720,10255,EZ,EZ,PIM,"Palakkad Institute of Medical Sciences, Walayar",MBBS,EZ,34,mbbs_p2_final.pdf
2025,2,3721,10258,General,NR,GMC,"Sree Gokulam Medical College, Venjaramoodu, TVPM",MBBS,NR,11,mbbs_p2_final.pdf
2025,2,3722,10259,MU,MU,KDM,"P K Das Institute of Medical Sciences, Ottapalam",MBBS,MU,18,mbbs_p2_final.pdf
2025,2,3723,10261,General,AC,MZM,"Mount Zion Medical College, Pathanamthitta",MBBS,AC,27,mbbs_p2_final.pdf
2025,2,3724,10271,EZ,EZ,PIM,"Palakkad Institute of Medical Sciences, Walayar",MBBS,EZ,32,mbbs_p2_final.pdf
2025,2,3725,10274,EZ,EZ,PIM,"Palakkad Institute of Medical Sciences, Walayar",MBBS,EZ,21,mbbs_p2_final.pdf
2025,2,3726,10277,EZ,EZ,PIM,"Palakkad Institute of Medical Sciences, Walayar",MBBS,EZ,30,mbbs_p2_final.pdf
2025,2,3727,10279,EW,EW,KDM,"P K Das Institute of Medical Sciences, Ottapalam",MBBS,EW,15,mbbs_p2_final.pdf
2025,2,3728,10280,KN,KN,JMC,"Jubilee Mission Medical College, Thrisur",MBBS,KN,10,mbbs_p2_final.pdf
2025,2,3729,10282,General,AC,SMC,"Dr. Somervell Memorial CSI Medical College, Karakonam",MBBS,AC,12,mbbs_p2_final.pdf
2025,2,3730,10288,BH,BH,PIM,"Palakkad Institute of Medical Sciences, Walayar",MBBS,BH,14,mbbs_p2_final.pdf
2025,2,3731,10298,MU,MU,AAM,"Al Azhar Medical college, Thodupuzha",MBBS,MU,7,mbbs_p2_final.pdf
2025,2,3732,10302,MU,MM,AZC,"Azeezia Institute of Medi Science, Meyyannoor, Kollam",MBBS,MM,26,mbbs_p2_final.pdf
2025,2,3733,10305,EZ,DA,TCM,"Govt. Medical College, Thrissur",MBBS,DA,2,mbbs_p2_final.pdf
2025,2,3734,10312,MU,MM,KMM,"Karuna Medical College, Vilayodi, Palakkad",MBBS,MM,32,mbbs_p2_final.pdf
2025,2,3735,10314,MU,MU,AAM,"Al Azhar Medical college, Thodupuzha",MBBS,MU,23,mbbs_p2_final.pdf
2025,2,3736,10321,SC,SC,KNM,Government Medical College Kannur,MBBS,SC,6,mbbs_p2_final.pdf
2025,2,3737,10328,DV,DV,AAM,"Al Azhar Medical college, Thodupuzha",MBBS,DV,17,mbbs_p2_final.pdf
2025,2,3738,10338,MU,MM,AAM,"Al Azhar Medical college, Thodupuzha",MBBS,MM,30,mbbs_p2_final.pdf
2025,2,3739,10343,MU,MM,KMM,"Karuna Medical College, Vilayodi, Palakkad",MBBS,MM,35,mbbs_p2_final.pdf
2025,2,3740,10352,KN,KN,MMH,"Malabar Medical College Hospital, Kozhikkode",MBBS,KN,14,mbbs_p2_final.pdf
2025,2,3741,10377,SC,SC,MLP,"Govt. Medical College, Manjeri",MBBS,SC,7,mbbs_p2_final.pdf
2025,2,3742,10394,DV,DV,DMM,"Dr. Moopens Medical College, Meppadi, Wayanad",MBBS,DV,28,mbbs_p2_final.pdf
2025,2,3743,10399,MU,MM,AZC,"Azeezia Institute of Medi Science, Meyyannoor, Kollam",MBBS,MM,31,mbbs_p2_final.pdf
2025,2,3744,10401,EZ,SM,MLD,"Malabar Dental College, Edappal",BDS,SM,41,mbbs_p2_final.pdf
2025,2,3745,10411,General,SM,PMS,"PMS College of Dental Sciences, Vattappara, TVPM",BDS,SM,35,mbbs_p2_final.pdf
2025,2,3746,10415,General,AC,MZM,"Mount Zion Medical College, Pathanamthitta",MBBS,AC,30,mbbs_p2_final.pdf
2025,2,3747,10416,MU,MM,AZC,"Azeezia Institute of Medi Science, Meyyannoor, Kollam",MBBS,MM,31,mbbs_p2_final.pdf
2025,2,3748,10430,BX,BX,SUC,"SUT Accademy of Medical Sciences, Thiruvananthapuram",MBBS,BX,21,mbbs_p2_final.pdf
2025,2,3749,10436,General,AC,SMC,"Dr. Somervell Memorial CSI Medical College, Karakonam",MBBS,AC,15,mbbs_p2_final.pdf
2025,2,3750,10438,MU,MM,AZC,"Azeezia Institute of Medi Science, Meyyannoor, Kollam",MBBS,MM,31,mbbs_p2_final.pdf
2025,2,3751,10446,SC,SC,MLP,"Govt. Medical College, Manjeri",MBBS,SC,6,mbbs_p2_final.pdf
2025,2,3752,10449,MU,MM,AAM,"Al Azhar Medical college, Thodupuzha",MBBS,MM,33,mbbs_p2_final.pdf
2025,2,3753,10451,DV,DV,PIM,"Palakkad Institute of Medical Sciences, Walayar",MBBS,DV,32,mbbs_p2_final.pdf
2025,2,3754,10455,BX,AC,SMC,"Dr. Somervell Memorial CSI Medical College, Karakonam",MBBS,AC,27,mbbs_p2_final.pdf
2025,2,3755,10462,MU,MM,AZC,"Azeezia Institute of Medi Science, Meyyannoor, Kollam",MBBS,MM,17,mbbs_p2_final.pdf
2025,2,3756,10486,LA,AC,SMC,"Dr. Somervell Memorial CSI Medical College, Karakonam",MBBS,AC,30,mbbs_p2_final.pdf
2025,2,3757,10487,VK,VK,SIM,"Sree Narayana Institute of Medical Sciences, Chalakka, Ernakulam.",MBBS,VK,22,mbbs_p2_final.pdf
2025,2,3758,10494,MU,MM,KMM,"Karuna Medical College, Vilayodi, Palakkad",MBBS,MM,2,mbbs_p2_final.pdf
2025,2,3759,10504,SC,SC,PKM,"Government Medical College, Palakkad",MBBS,SC,1,mbbs_p2_final.pdf
2025,2,3760,10515,MU,MM,AAM,"Al Azhar Medical college, Thodupuzha",MBBS,MM,21,mbbs_p2_final.pdf
2025,2,3761,10517,General,AC,SMC,"Dr. Somervell Memorial CSI Medical College, Karakonam",MBBS,AC,27,mbbs_p2_final.pdf
2025,2,3762,10524,General,AC,SMC,"Dr. Somervell Memorial CSI Medical College, Karakonam",MBBS,AC,13,mbbs_p2_final.pdf
2025,2,3763,10535,MU,MM,AAM,"Al Azhar Medical college, Thodupuzha",MBBS,MM,4,mbbs_p2_final.pdf
2025,2,3764,10540,SC,SC,MLP,"Govt. Medical College, Manjeri",MBBS,SC,4,mbbs_p2_final.pdf
2025,2,3765,10542,MU,MM,AZC,"Azeezia Institute of Medi Science, Meyyannoor, Kollam",MBBS,MM,23,mbbs_p2_final.pdf
2025,2,3766,10546,BX,BX,AAM,"Al Azhar Medical college, Thodupuzha",MBBS,BX,22,mbbs_p2_final.pdf
2025,2,3767,10552,General,MM,AZC,"Azeezia Institute of Medi Science, Meyyannoor, Kollam",MBBS,MM,19,mbbs_p2_final.pdf
2025,2,3768,10553,MU,MM,AZC,"Azeezia Institute of Medi Science, Meyyannoor, Kollam",MBBS,MM,31,mbbs_p2_final.pdf
2025,2,3769,10556,KU,KU,TCM,"Govt. Medical College, Thrissur",MBBS,KU,1,mbbs_p2_final.pdf
2025,2,3770,10559,SC,SC,CMC,"Govt. Medical College, Ernakulam",MBBS,SC,3,mbbs_p2_final.pdf
2025,2,3771,10565,MU,MM,KMM,"Karuna Medical College, Vilayodi, Palakkad",MBBS,MM,26,mbbs_p2_final.pdf
2025,2,3772,10573,MU,MM,AZC,"Azeezia Institute of Medi Science, Meyyannoor, Kollam",MBBS,MM,2,mbbs_p2_final.pdf
2025,2,3773,10574,LA,LA,DMM,"Dr. Moopens Medical College, Meppadi, Wayanad",MBBS,LA,28,mbbs_p2_final.pdf
2025,2,3774,10575,MU,MM,AZC,"Azeezia Institute of Medi Science, Meyyannoor, Kollam",MBBS,MM,22,mbbs_p2_final.pdf
2025,2,3775,10578,General,AC,MZM,"Mount Zion Medical College, Pathanamthitta",MBBS,AC,24,mbbs_p2_final.pdf
2025,2,3776,10581,General,AC,SMC,"Dr. Somervell Memorial CSI Medical College, Karakonam",MBBS,AC,14,mbbs_p2_final.pdf
2025,2,3777,10583,BX,BX,KMM,"Karuna Medical College, Vilayodi, Palakkad",MBBS,BX,30,mbbs_p2_final.pdf
2025,2,3778,10585,MU,MU,KDM,"P K Das Institute of Medical Sciences, Ottapalam",MBBS,MU,22,mbbs_p2_final.pdf
2025,2,3779,10588,MU,MU,KDM,"P K Das Institute of Medical Sciences, Ottapalam",MBBS,MU,20,mbbs_p2_final.pdf
2025,2,3780,10596,EW,EW,SUC,"SUT Accademy of Medical Sciences, Thiruvananthapuram",MBBS,EW,1,mbbs_p2_final.pdf
2025,2,3781,10600,General,NR,JMC,"Jubilee Mission Medical College, Thrisur",MBBS,NR,10,mbbs_p2_final.pdf
2025,2,3782,10605,MU,MM,AZC,"Azeezia Institute of Medi Science, Meyyannoor, Kollam",MBBS,MM,29,mbbs_p2_final.pdf
2025,2,3783,10613,MU,MM,KMM,"Karuna Medical College, Vilayodi, Palakkad",MBBS,MM,33,mbbs_p2_final.pdf
2025,2,3784,10617,MU,MU,KDM,"P K Das Institute of Medical Sciences, Ottapalam",MBBS,MU,21,mbbs_p2_final.pdf
2025,2,3785,10618,SC,FL-SC,PKM,"Government Medical College, Palakkad",MBBS,FL-SC,2,mbbs_p2_final.pdf
2025,2,3786,10628,MU,MU,MZM,"Mount Zion Medical College, Pathanamthitta",MBBS,MU,24,mbbs_p2_final.pdf
2025,2,3787,10634,MU,MM,AZC,"Azeezia Institute of Medi Science, Meyyannoor, Kollam",MBBS,MM,30,mbbs_p2_final.pdf
2025,2,3788,10636,General,AC,SMC,"Dr. Somervell Memorial CSI Medical College, Karakonam",MBBS,AC,26,mbbs_p2_final.pdf
2025,2,3789,10639,MU,MM,AZC,"Azeezia Institute of Medi Science, Meyyannoor, Kollam",MBBS,MM,27,mbbs_p2_final.pdf
2025,2,3790,10642,BX,AC,SMC,"Dr. Somervell Memorial CSI Medical College, Karakonam",MBBS,AC,30,mbbs_p2_final.pdf
2025,2,3791,10650,EZ,EZ,PMD,"Pushpagiri College of Dental Science, Thiruvalla",BDS,EZ,21,mbbs_p2_final.pdf
2025,2,3792,10651,LA,LA,SUC,"SUT Accademy of Medical Sciences, Thiruvananthapuram",MBBS,LA,21,mbbs_p2_final.pdf
2025,2,3793,10652,General,AC,MZM,"Mount Zion Medical College, Pathanamthitta",MBBS,AC,22,mbbs_p2_final.pdf
2025,2,3794,10661,SC,SC,KLM,"Govt. Medical College, Parippally, Kollam",MBBS,SC,2,mbbs_p2_final.pdf
2025,2,3795,10671,MU,MM,AAM,"Al Azhar Medical college, Thodupuzha",MBBS,MM,19,mbbs_p2_final.pdf
2025,2,3796,10677,MU,MU,KDM,"P K Das Institute of Medical Sciences, Ottapalam",MBBS,MU,14,mbbs_p2_final.pdf
2025,2,3797,10682,MU,MM,KMM,"Karuna Medical College, Vilayodi, Palakkad",MBBS,MM,21,mbbs_p2_final.pdf
2025,2,3798,10689,General,AC,SMC,"Dr. Somervell Memorial CSI Medical College, Karakonam",MBBS,AC,12,mbbs_p2_final.pdf
2025,2,3799,10690,MU,MM,KMM,"Karuna Medical College, Vilayodi, Palakkad",MBBS,MM,31,mbbs_p2_final.pdf
2025,2,3800,10694,General,SM,ADC,"Annoor Dental College, Puthuppady, Muvattupuzha",BDS,SM,1,mbbs_p2_final.pdf
2025,2,3801,10702,EW,EW,SUC,"SUT Accademy of Medical Sciences, Thiruvananthapuram",MBBS,EW,1,mbbs_p2_final.pdf
2025,2,3802,10711,MU,SM,MBD,"Mar Baselious Dental College, Kothamangalam",BDS,SM,21,mbbs_p2_final.pdf
2025,2,3803,10712,MU,MM,AAM,"Al Azhar Medical college, Thodupuzha",MBBS,MM,8,mbbs_p2_final.pdf
2025,2,3804,10713,LA,LA,KDM,"P K Das Institute of Medical Sciences, Ottapalam",MBBS,LA,28,mbbs_p2_final.pdf
2025,2,3805,10715,General,AC,MZM,"Mount Zion Medical College, Pathanamthitta",MBBS,AC,25,mbbs_p2_final.pdf
2025,2,3806,10716,General,AC,SMC,"Dr. Somervell Memorial CSI Medical College, Karakonam",MBBS,AC,23,mbbs_p2_final.pdf
2025,2,3807,10718,General,AC,MZM,"Mount Zion Medical College, Pathanamthitta",MBBS,AC,12,mbbs_p2_final.pdf
2025,2,3808,10728,SC,SC,PKM,"Government Medical College, Palakkad",MBBS,SC,1,mbbs_p2_final.pdf
2025,2,3809,10735,General,AC,SMC,"Dr. Somervell Memorial CSI Medical College, Karakonam",MBBS,AC,26,mbbs_p2_final.pdf
2025,2,3810,10741,MU,MM,KMM,"Karuna Medical College, Vilayodi, Palakkad",MBBS,MM,31,mbbs_p2_final.pdf
2025,2,3811,10744,MU,MM,AZC,"Azeezia Institute of Medi Science, Meyyannoor, Kollam",MBBS,MM,31,mbbs_p2_final.pdf
2025,2,3812,10752,MU,MU,KDM,"P K Das Institute of Medical Sciences, Ottapalam",MBBS,MU,34,mbbs_p2_final.pdf
2025,2,3813,10754,MU,MM,KMM,"Karuna Medical College, Vilayodi, Palakkad",MBBS,MM,19,mbbs_p2_final.pdf
2025,2,3814,10759,KN,KN,MMH,"Malabar Medical College Hospital, Kozhikkode",MBBS,KN,22,mbbs_p2_final.pdf
2025,2,3815,10773,DV,DV,TVD,"Govt. Dental College, Thiruvananthapuram",BDS,DV,36,mbbs_p2_final.pdf
2025,2,3816,10776,MU,MM,AAM,"Al Azhar Medical college, Thodupuzha",MBBS,MM,4,mbbs_p2_final.pdf
2025,2,3817,10790,General,AC,MZM,"Mount Zion Medical College, Pathanamthitta",MBBS,AC,12,mbbs_p2_final.pdf
2025,2,3818,10791,SC,SC,CMC,"Govt. Medical College, Ernakulam",MBBS,SC,6,mbbs_p2_final.pdf
2025,2,3819,10792,MU,MU,KDM,"P K Das Institute of Medical Sciences, Ottapalam",MBBS,MU,31,mbbs_p2_final.pdf
2025,2,3820,10793,LA,AC,SMC,"Dr. Somervell Memorial CSI Medical College, Karakonam",MBBS,AC,25,mbbs_p2_final.pdf
2025,2,3821,10797,MU,MM,AZC,"Azeezia Institute of Medi Science, Meyyannoor, Kollam",MBBS,MM,22,mbbs_p2_final.pdf
2025,2,3822,10803,BH,SM,MBD,"Mar Baselious Dental College, Kothamangalam",BDS,SM,41,mbbs_p2_final.pdf
2025,2,3823,10808,General,SM,PMS,"PMS College of Dental Sciences, Vattappara, TVPM",BDS,SM,25,mbbs_p2_final.pdf
2025,2,3824,10815,MU,MU,KDM,"P K Das Institute of Medical Sciences, Ottapalam",MBBS,MU,29,mbbs_p2_final.pdf
2025,2,3825,10823,MU,MM,KMM,"Karuna Medical College, Vilayodi, Palakkad",MBBS,MM,10,mbbs_p2_final.pdf
2025,2,3826,10825,MU,MM,AZC,"Azeezia Institute of Medi Science, Meyyannoor, Kollam",MBBS,MM,31,mbbs_p2_final.pdf
2025,2,3827,10828,MU,MM,AAM,"Al Azhar Medical college, Thodupuzha",MBBS,MM,29,mbbs_p2_final.pdf
2025,2,3828,10838,General,AC,MZM,"Mount Zion Medical College, Pathanamthitta",MBBS,AC,4,mbbs_p2_final.pdf
2025,2,3829,10839,MU,SM,KMD,"KMCT Dental College, Mambatta, Mukkam, Kozhikode",BDS,SM,1,mbbs_p2_final.pdf
2025,2,3830,10842,MU,MM,AZC,"Azeezia Institute of Medi Science, Meyyannoor, Kollam",MBBS,MM,32,mbbs_p2_final.pdf
2025,2,3831,10854,General,SM,MBD,"Mar Baselious Dental College, Kothamangalam",BDS,SM,7,mbbs_p2_final.pdf
2025,2,3832,10857,MU,MM,KMM,"Karuna Medical College, Vilayodi, Palakkad",MBBS,MM,8,mbbs_p2_final.pdf
2025,2,3833,10861,MU,MM,AAM,"Al Azhar Medical college, Thodupuzha",MBBS,MM,26,mbbs_p2_final.pdf
2025,2,3834,10878,MU,MM,AZC,"Azeezia Institute of Medi Science, Meyyannoor, Kollam",MBBS,MM,29,mbbs_p2_final.pdf
2025,2,3835,10879,MU,MM,AZC,"Azeezia Institute of Medi Science, Meyyannoor, Kollam",MBBS,MM,32,mbbs_p2_final.pdf
2025,2,3836,10880,MU,MU,PIM,"Palakkad Institute of Medical Sciences, Walayar",MBBS,MU,1,mbbs_p2_final.pdf
2025,2,3837,10885,SC,SC,MLP,"Govt. Medical College, Manjeri",MBBS,SC,9,mbbs_p2_final.pdf
2025,2,3838,10889,MU,MM,AZC,"Azeezia Institute of Medi Science, Meyyannoor, Kollam",MBBS,MM,32,mbbs_p2_final.pdf
2025,2,3839,10894,General,AC,MZM,"Mount Zion Medical College, Pathanamthitta",MBBS,AC,12,mbbs_p2_final.pdf
2025,2,3840,10907,MU,MM,KMM,"Karuna Medical College, Vilayodi, Palakkad",MBBS,MM,22,mbbs_p2_final.pdf
2025,2,3841,10913,MU,MM,AZC,"Azeezia Institute of Medi Science, Meyyannoor, Kollam",MBBS,MM,32,mbbs_p2_final.pdf
2025,2,3842,10914,LA,AC,SMC,"Dr. Somervell Memorial CSI Medical College, Karakonam",MBBS,AC,31,mbbs_p2_final.pdf
2025,2,3843,10915,VK,VK,KDM,"P K Das Institute of Medical Sciences, Ottapalam",MBBS,VK,15,mbbs_p2_final.pdf
2025,2,3844,10919,MU,MM,AAM,"Al Azhar Medical college, Thodupuzha",MBBS,MM,9,mbbs_p2_final.pdf
2025,2,3845,10921,VK,VK,SIM,"Sree Narayana Institute of Medical Sciences, Chalakka, Ernakulam.",MBBS,VK,25,mbbs_p2_final.pdf
2025,2,3846,10934,General,AC,SMC,"Dr. Somervell Memorial CSI Medical College, Karakonam",MBBS,AC,26,mbbs_p2_final.pdf
2025,2,3847,10938,MU,MM,KMM,"Karuna Medical College, Vilayodi, Palakkad",MBBS,MM,32,mbbs_p2_final.pdf
2025,2,3848,10941,General,AC,MZM,"Mount Zion Medical College, Pathanamthitta",MBBS,AC,22,mbbs_p2_final.pdf
2025,2,3849,10952,General,AC,SMC,"Dr. Somervell Memorial CSI Medical College, Karakonam",MBBS,AC,40,mbbs_p2_final.pdf
2025,2,3850,10957,KN,KN,SIM,"Sree Narayana Institute of Medical Sciences, Chalakka, Ernakulam.",MBBS,KN,20,mbbs_p2_final.pdf
2025,2,3851,10967,MU,MM,KMM,"Karuna Medical College, Vilayodi, Palakkad",MBBS,MM,7,mbbs_p2_final.pdf
2025,2,3852,10974,General,AC,SMC,"Dr. Somervell Memorial CSI Medical College, Karakonam",MBBS,AC,26,mbbs_p2_final.pdf
2025,2,3853,10985,MU,MM,AZC,"Azeezia Institute of Medi Science, Meyyannoor, Kollam",MBBS,MM,29,mbbs_p2_final.pdf
2025,2,3854,10993,MU,MM,AZC,"Azeezia Institute of Medi Science, Meyyannoor, Kollam",MBBS,MM,26,mbbs_p2_final.pdf
2025,2,3855,10997,BH,SM,IGD,"Indira Gandhi Institute of Dental Sciences, Kothamangalam",BDS,SM,27,mbbs_p2_final.pdf
2025,2,3856,11010,EW,EW,SUC,"SUT Accademy of Medical Sciences, Thiruvananthapuram",MBBS,EW,1,mbbs_p2_final.pdf
2025,2,3857,11026,General,AC,SMC,"Dr. Somervell Memorial CSI Medical College, Karakonam",MBBS,AC,31,mbbs_p2_final.pdf
2025,2,3858,11028,MU,MM,AZC,"Azeezia Institute of Medi Science, Meyyannoor, Kollam",MBBS,MM,32,mbbs_p2_final.pdf
2025,2,3859,11034,General,NR,AMC,"Amala Institute of Medical Sciences, Thrissur",MBBS,NR,22,mbbs_p2_final.pdf
2025,2,3860,11036,General,AC,SMC,"Dr. Somervell Memorial CSI Medical College, Karakonam",MBBS,AC,12,mbbs_p2_final.pdf
2025,2,3861,11038,General,AC,SMC,"Dr. Somervell Memorial CSI Medical College, Karakonam",MBBS,AC,28,mbbs_p2_final.pdf
2025,2,3862,11040,KN,KN,KDM,"P K Das Institute of Medical Sciences, Ottapalam",MBBS,KN,1,mbbs_p2_final.pdf
2025,2,3863,11044,General,AC,SMC,"Dr. Somervell Memorial CSI Medical College, Karakonam",MBBS,AC,12,mbbs_p2_final.pdf
2025,2,3864,11047,MU,MU,MZM,"Mount Zion Medical College, Pathanamthitta",MBBS,MU,11,mbbs_p2_final.pdf
2025,2,3865,11051,LA,LA,KDM,"P K Das Institute of Medical Sciences, Ottapalam",MBBS,LA,29,mbbs_p2_final.pdf
2025,2,3866,11055,General,AC,SMC,"Dr. Somervell Memorial CSI Medical College, Karakonam",MBBS,AC,28,mbbs_p2_final.pdf
2025,2,3867,11058,General,AC,MZM,"Mount Zion Medical College, Pathanamthitta",MBBS,AC,32,mbbs_p2_final.pdf
2025,2,3868,11059,General,NR,EMC,"MES Medical College, Perinthalmanna, Malappuram",MBBS,NR,11,mbbs_p2_final.pdf
2025,2,3869,11077,General,MM,KMM,"Karuna Medical College, Vilayodi, Palakkad",MBBS,MM,11,mbbs_p2_final.pdf
2025,2,3870,11078,KN,KN,KDM,"P K Das Institute of Medical Sciences, Ottapalam",MBBS,KN,19,mbbs_p2_final.pdf
2025,2,3871,11088,MU,MM,AZC,"Azeezia Institute of Medi Science, Meyyannoor, Kollam",MBBS,MM,32,mbbs_p2_final.pdf
2025,2,3872,11098,MU,MM,KMM,"Karuna Medical College, Vilayodi, Palakkad",MBBS,MM,24,mbbs_p2_final.pdf
2025,2,3873,11102,General,AC,SMC,"Dr. Somervell Memorial CSI Medical College, Karakonam",MBBS,AC,28,mbbs_p2_final.pdf
2025,2,3874,11107,General,AC,SMC,"Dr. Somervell Memorial CSI Medical College, Karakonam",MBBS,AC,26,mbbs_p2_final.pdf
2025,2,3875,11110,SC,SC,MLP,"Govt. Medical College, Manjeri",MBBS,SC,7,mbbs_p2_final.pdf
2025,2,3876,11112,KN,KN,KMM,"Karuna Medical College, Vilayodi, Palakkad",MBBS,KN,10,mbbs_p2_final.pdf
2025,2,3877,11127,General,SM,MBD,"Mar Baselious Dental College, Kothamangalam",BDS,SM,22,mbbs_p2_final.pdf
2025,2,3878,11129,General,AC,MZM,"Mount Zion Medical College, Pathanamthitta",MBBS,AC,24,mbbs_p2_final.pdf
2025,2,3879,11136,MU,MM,KMM,"Karuna Medical College, Vilayodi, Palakkad",MBBS,MM,21,mbbs_p2_final.pdf
2025,2,3880,11138,BH,SM,PMS,"PMS College of Dental Sciences, Vattappara, TVPM",BDS,SM,39,mbbs_p2_final.pdf
2025,2,3881,11139,DV,DV,ALD,"Government Dental College, Alappuzha",BDS,DV,36,mbbs_p2_final.pdf
2025,2,3882,11149,SC,SC,PTM,"Government Medical College, Konni, Pathanamthitta",MBBS,SC,7,mbbs_p2_final.pdf
2025,2,3883,11163,SC,SC,MLP,"Govt. Medical College, Manjeri",MBBS,SC,4,mbbs_p2_final.pdf
2025,2,3884,11164,SC,SC,PTM,"Government Medical College, Konni, Pathanamthitta",MBBS,SC,9,mbbs_p2_final.pdf
2025,2,3885,11173,General,AC,MZM,"Mount Zion Medical College, Pathanamthitta",MBBS,AC,20,mbbs_p2_final.pdf
2025,2,3886,11178,General,AC,MZM,"Mount Zion Medical College, Pathanamthitta",MBBS,AC,29,mbbs_p2_final.pdf
2025,2,3887,11198,DV,DV,TCD,"Govt. Dental College, Thrissur",BDS,DV,39,mbbs_p2_final.pdf
2025,2,3888,11204,MU,MM,AZC,"Azeezia Institute of Medi Science, Meyyannoor, Kollam",MBBS,MM,31,mbbs_p2_final.pdf
2025,2,3889,11207,MU,MM,AZC,"Azeezia Institute of Medi Science, Meyyannoor, Kollam",MBBS,MM,22,mbbs_p2_final.pdf
2025,2,3890,11208,EZ,SM,AID,"Sree Anjaneya Institue of Dental Scinces, Atholi, Kozhikode",BDS,SM,41,mbbs_p2_final.pdf
2025,2,3891,11212,MU,SM,KMD,"KMCT Dental College, Mambatta, Mukkam, Kozhikode",BDS,SM,10,mbbs_p2_final.pdf
2025,2,3892,11213,MU,MM,AZC,"Azeezia Institute of Medi Science, Meyyannoor, Kollam",MBBS,MM,35,mbbs_p2_final.pdf
2025,2,3893,11217,MU,MM,KMM,"Karuna Medical College, Vilayodi, Palakkad",MBBS,MM,11,mbbs_p2_final.pdf
2025,2,3894,11223,LA,LA,PIM,"Palakkad Institute of Medical Sciences, Walayar",MBBS,LA,22,mbbs_p2_final.pdf
2025,2,3895,11227,LA,LA,MZM,"Mount Zion Medical College, Pathanamthitta",MBBS,LA,34,mbbs_p2_final.pdf
2025,2,3896,11239,EW,EW,SIM,"Sree Narayana Institute of Medical Sciences, Chalakka, Ernakulam.",MBBS,EW,19,mbbs_p2_final.pdf
2025,2,3897,11264,BH,DA,TVM,"Govt. Medical College, Thiruvananthapuram",MBBS,DA,1,mbbs_p2_final.pdf
2025,2,3898,11276,BH,SM,PMS,"PMS College of Dental Sciences, Vattappara, TVPM",BDS,SM,41,mbbs_p2_final.pdf
2025,2,3899,11279,General,NR,AMC,"Amala Institute of Medical Sciences, Thrissur",MBBS,NR,1,mbbs_p2_final.pdf
2025,2,3900,11305,LA,LA,PIM,"Palakkad Institute of Medical Sciences, Walayar",MBBS,LA,1,mbbs_p2_final.pdf
2025,2,3901,11310,EW,EW,SIM,"Sree Narayana Institute of Medical Sciences, Chalakka, Ernakulam.",MBBS,EW,15,mbbs_p2_final.pdf
2025,2,3902,11324,MU,MM,AZC,"Azeezia Institute of Medi Science, Meyyannoor, Kollam",MBBS,MM,32,mbbs_p2_final.pdf
2025,2,3903,11329,General,AC,MZM,"Mount Zion Medical College, Pathanamthitta",MBBS,AC,28,mbbs_p2_final.pdf
2025,2,3904,11332,MU,MM,KMM,"Karuna Medical College, Vilayodi, Palakkad",MBBS,MM,7,mbbs_p2_final.pdf
2025,2,3905,11337,General,AC,MZM,"Mount Zion Medical College, Pathanamthitta",MBBS,AC,28,mbbs_p2_final.pdf
2025,2,3906,11338,General,AC,MZM,"Mount Zion Medical College, Pathanamthitta",MBBS,AC,14,mbbs_p2_final.pdf
2025,2,3907,11346,General,NR,GMC,"Sree Gokulam Medical College, Venjaramoodu, TVPM",MBBS,NR,31,mbbs_p2_final.pdf
2025,2,3908,11350,MU,MM,AZC,"Azeezia Institute of Medi Science, Meyyannoor, Kollam",MBBS,MM,27,mbbs_p2_final.pdf
2025,2,3909,11351,MU,MM,AZC,"Azeezia Institute of Medi Science, Meyyannoor, Kollam",MBBS,MM,24,mbbs_p2_final.pdf
2025,2,3910,11372,LA,LA,DMM,"Dr. Moopens Medical College, Meppadi, Wayanad",MBBS,LA,11,mbbs_p2_final.pdf
2025,2,3911,11376,SC,SC,AMC,"Amala Institute of Medical Sciences, Thrissur",MBBS,SC,8,mbbs_p2_final.pdf
2025,2,3912,11377,KN,KN,SUC,"SUT Accademy of Medical Sciences, Thiruvananthapuram",MBBS,KN,18,mbbs_p2_final.pdf
2025,2,3913,11385,General,MM,AAM,"Al Azhar Medical college, Thodupuzha",MBBS,MM,2,mbbs_p2_final.pdf
2025,2,3914,11389,MU,MM,KMM,"Karuna Medical College, Vilayodi, Palakkad",MBBS,MM,8,mbbs_p2_final.pdf
2025,2,3915,11391,MU,SM,KMD,"KMCT Dental College, Mambatta, Mukkam, Kozhikode",BDS,SM,1,mbbs_p2_final.pdf
2025,2,3916,11396,General,AC,MZM,"Mount Zion Medical College, Pathanamthitta",MBBS,AC,21,mbbs_p2_final.pdf
2025,2,3917,11397,EZ,SM,KMD,"KMCT Dental College, Mambatta, Mukkam, Kozhikode",BDS,SM,22,mbbs_p2_final.pdf
2025,2,3918,11404,SC,SC,PKM,"Government Medical College, Palakkad",MBBS,SC,10,mbbs_p2_final.pdf
2025,2,3919,11407,KN,KN,MZM,"Mount Zion Medical College, Pathanamthitta",MBBS,KN,1,mbbs_p2_final.pdf
2025,2,3920,11411,MU,MM,AZC,"Azeezia Institute of Medi Science, Meyyannoor, Kollam",MBBS,MM,31,mbbs_p2_final.pdf
2025,2,3921,11419,SC,SC,PKM,"Government Medical College, Palakkad",MBBS,SC,10,mbbs_p2_final.pdf
2025,2,3922,11420,General,SM,PMS,"PMS College of Dental Sciences, Vattappara, TVPM",BDS,SM,16,mbbs_p2_final.pdf
2025,2,3923,11424,MU,MM,AZC,"Azeezia Institute of Medi Science, Meyyannoor, Kollam",MBBS,MM,5,mbbs_p2_final.pdf
2025,2,3924,11425,KN,KN,DMM,"Dr. Moopens Medical College, Meppadi, Wayanad",MBBS,KN,29,mbbs_p2_final.pdf
2025,2,3925,11426,General,AC,MZM,"Mount Zion Medical College, Pathanamthitta",MBBS,AC,34,mbbs_p2_final.pdf
2025,2,3926,11435,MU,SM,AZD,"Azeezia College of Dental Science, Meyyannoor, Kollam",BDS,SM,21,mbbs_p2_final.pdf
2025,2,3927,11438,General,AC,MZM,"Mount Zion Medical College, Pathanamthitta",MBBS,AC,31,mbbs_p2_final.pdf
2025,2,3928,11449,BX,BX,PIM,"Palakkad Institute of Medical Sciences, Walayar",MBBS,BX,33,mbbs_p2_final.pdf
2025,2,3929,11454,General,AC,MZM,"Mount Zion Medical College, Pathanamthitta",MBBS,AC,14,mbbs_p2_final.pdf
2025,2,3930,11465,VK,VK,KDM,"P K Das Institute of Medical Sciences, Ottapalam",MBBS,VK,27,mbbs_p2_final.pdf
2025,2,3931,11468,General,AC,MZM,"Mount Zion Medical College, Pathanamthitta",MBBS,AC,14,mbbs_p2_final.pdf
2025,2,3932,11476,MU,MM,AZC,"Azeezia Institute of Medi Science, Meyyannoor, Kollam",MBBS,MM,33,mbbs_p2_final.pdf
2025,2,3933,11491,General,AC,MZM,"Mount Zion Medical College, Pathanamthitta",MBBS,AC,34,mbbs_p2_final.pdf
2025,2,3934,11493,MU,MM,AAM,"Al Azhar Medical college, Thodupuzha",MBBS,MM,36,mbbs_p2_final.pdf
2025,2,3935,11494,General,SM,PMS,"PMS College of Dental Sciences, Vattappara, TVPM",BDS,SM,9,mbbs_p2_final.pdf
2025,2,3936,11499,MU,MU,PIM,"Palakkad Institute of Medical Sciences, Walayar",MBBS,MU,19,mbbs_p2_final.pdf
2025,2,3937,11514,General,AC,MZM,"Mount Zion Medical College, Pathanamthitta",MBBS,AC,30,mbbs_p2_final.pdf
2025,2,3938,11519,General,AC,MZM,"Mount Zion Medical College, Pathanamthitta",MBBS,AC,26,mbbs_p2_final.pdf
2025,2,3939,11520,SC,SC,JMC,"Jubilee Mission Medical College, Thrisur",MBBS,SC,10,mbbs_p2_final.pdf
2025,2,3940,11522,MU,MM,AAM,"Al Azhar Medical college, Thodupuzha",MBBS,MM,38,mbbs_p2_final.pdf
2025,2,3941,11530,EZ,EZ,PMD,"Pushpagiri College of Dental Science, Thiruvalla",BDS,EZ,40,mbbs_p2_final.pdf
2025,2,3942,11534,General,AC,MZM,"Mount Zion Medical College, Pathanamthitta",MBBS,AC,15,mbbs_p2_final.pdf
2025,2,3943,11537,MU,MM,AAM,"Al Azhar Medical college, Thodupuzha",MBBS,MM,22,mbbs_p2_final.pdf
2025,2,3944,11545,SC,SC,PTM,"Government Medical College, Konni, Pathanamthitta",MBBS,SC,2,mbbs_p2_final.pdf
2025,2,3945,11552,MU,SM,MED,"MES Dental College, Perinthalmanna",BDS,SM,7,mbbs_p2_final.pdf
2025,2,3946,11555,EW,EW,DMM,"Dr. Moopens Medical College, Meppadi, Wayanad",MBBS,EW,1,mbbs_p2_final.pdf
2025,2,3947,11556,MU,MM,AAM,"Al Azhar Medical college, Thodupuzha",MBBS,MM,4,mbbs_p2_final.pdf
2025,2,3948,11557,MU,SM,TRD,"Travancore DentalCollege, Kollam",BDS,SM,21,mbbs_p2_final.pdf
2025,2,3949,11558,EZ,NR,GMC,"Sree Gokulam Medical College, Venjaramoodu, TVPM",MBBS,NR,35,mbbs_p2_final.pdf
2025,2,3950,11562,LA,AC,MZM,"Mount Zion Medical College, Pathanamthitta",MBBS,AC,30,mbbs_p2_final.pdf
2025,2,3951,11564,MU,MM,AAM,"Al Azhar Medical college, Thodupuzha",MBBS,MM,28,mbbs_p2_final.pdf
2025,2,3952,11574,MU,MM,AAM,"Al Azhar Medical college, Thodupuzha",MBBS,MM,32,mbbs_p2_final.pdf
2025,2,3953,11575,General,SM,PMS,"PMS College of Dental Sciences, Vattappara, TVPM",BDS,SM,41,mbbs_p2_final.pdf
2025,2,3954,11581,General,MM,AAM,"Al Azhar Medical college, Thodupuzha",MBBS,MM,39,mbbs_p2_final.pdf
2025,2,3955,11597,MU,MU,PIM,"Palakkad Institute of Medical Sciences, Walayar",MBBS,MU,1,mbbs_p2_final.pdf
2025,2,3956,11599,VK,VK,KDM,"P K Das Institute of Medical Sciences, Ottapalam",MBBS,VK,22,mbbs_p2_final.pdf
2025,2,3957,11609,General,AC,MZM,"Mount Zion Medical College, Pathanamthitta",MBBS,AC,21,mbbs_p2_final.pdf
2025,2,3958,11614,LA,AC,MZM,"Mount Zion Medical College, Pathanamthitta",MBBS,AC,36,mbbs_p2_final.pdf
2025,2,3959,11617,MU,MM,AAM,"Al Azhar Medical college, Thodupuzha",MBBS,MM,6,mbbs_p2_final.pdf
2025,2,3960,11630,MU,MU,PIM,"Palakkad Institute of Medical Sciences, Walayar",MBBS,MU,11,mbbs_p2_final.pdf
2025,2,3961,11636,General,SM,KMD,"KMCT Dental College, Mambatta, Mukkam, Kozhikode",BDS,SM,41,mbbs_p2_final.pdf
2025,2,3962,11638,MU,MM,AAM,"Al Azhar Medical college, Thodupuzha",MBBS,MM,20,mbbs_p2_final.pdf
2025,2,3963,11641,EW,EW,MMH,"Malabar Medical College Hospital, Kozhikkode",MBBS,EW,23,mbbs_p2_final.pdf
2025,2,3964,11643,EW,EW,SUC,"SUT Accademy of Medical Sciences, Thiruvananthapuram",MBBS,EW,10,mbbs_p2_final.pdf
2025,2,3965,11648,MU,SM,KMD,"KMCT Dental College, Mambatta, Mukkam, Kozhikode",BDS,SM,21,mbbs_p2_final.pdf
2025,2,3966,11649,General,AC,MZM,"Mount Zion Medical College, Pathanamthitta",MBBS,AC,26,mbbs_p2_final.pdf
2025,2,3967,11651,MU,MM,AAM,"Al Azhar Medical college, Thodupuzha",MBBS,MM,36,mbbs_p2_final.pdf
2025,2,3968,11655,MU,MM,AAM,"Al Azhar Medical college, Thodupuzha",MBBS,MM,34,mbbs_p2_final.pdf
2025,2,3969,11656,ST,ST,KKM,"Govt. Medical College, Kozhikkode",MBBS,ST,1,mbbs_p2_final.pdf
2025,2,3970,11659,EW,EW,SUC,"SUT Accademy of Medical Sciences, Thiruvananthapuram",MBBS,EW,2,mbbs_p2_final.pdf
2025,2,3971,11672,General,MM,AAM,"Al Azhar Medical college, Thodupuzha",MBBS,MM,32,mbbs_p2_final.pdf
2025,2,3972,11678,General,AC,MZM,"Mount Zion Medical College, Pathanamthitta",MBBS,AC,36,mbbs_p2_final.pdf
2025,2,3973,11679,MU,MM,AAM,"Al Azhar Medical college, Thodupuzha",MBBS,MM,37,mbbs_p2_final.pdf
2025,2,3974,11681,General,AC,MZM,"Mount Zion Medical College, Pathanamthitta",MBBS,AC,10,mbbs_p2_final.pdf
2025,2,3975,11682,MU,MM,AAM,"Al Azhar Medical college, Thodupuzha",MBBS,MM,37,mbbs_p2_final.pdf
2025,2,3976,11688,MU,MM,AAM,"Al Azhar Medical college, Thodupuzha",MBBS,MM,22,mbbs_p2_final.pdf
2025,2,3977,11694,SC,SC #,PTM,"Government Medical College, Konni, Pathanamthitta",MBBS,SC #,4,mbbs_p2_final.pdf
2025,2,3978,11702,MU,MM,AAM,"Al Azhar Medical college, Thodupuzha",MBBS,MM,36,mbbs_p2_final.pdf
2025,2,3979,11707,BX,BX,DMM,"Dr. Moopens Medical College, Meppadi, Wayanad",MBBS,BX,16,mbbs_p2_final.pdf
2025,2,3980,11710,General,AC,MZM,"Mount Zion Medical College, Pathanamthitta",MBBS,AC,41,mbbs_p2_final.pdf
2025,2,3981,11712,MU,MM,AAM,"Al Azhar Medical college, Thodupuzha",MBBS,MM,24,mbbs_p2_final.pdf
2025,2,3982,11715,MU,MU,PIM,"Palakkad Institute of Medical Sciences, Walayar",MBBS,MU,24,mbbs_p2_final.pdf
2025,2,3983,11718,SC,SC,PKM,"Government Medical College, Palakkad",MBBS,SC,9,mbbs_p2_final.pdf
2025,2,3984,11721,EZ,SM,MBD,"Mar Baselious Dental College, Kothamangalam",BDS,SM,42,mbbs_p2_final.pdf
2025,2,3985,11724,MU,MM,AAM,"Al Azhar Medical college, Thodupuzha",MBBS,MM,36,mbbs_p2_final.pdf
2025,2,3986,11725,LA,AC,MZM,"Mount Zion Medical College, Pathanamthitta",MBBS,AC,25,mbbs_p2_final.pdf
2025,2,3987,11737,General,AC,MZM,"Mount Zion Medical College, Pathanamthitta",MBBS,AC,39,mbbs_p2_final.pdf
2025,2,3988,11741,EW,EW,SUC,"SUT Accademy of Medical Sciences, Thiruvananthapuram",MBBS,EW,1,mbbs_p2_final.pdf
2025,2,3989,11744,MU,MM,AAM,"Al Azhar Medical college, Thodupuzha",MBBS,MM,15,mbbs_p2_final.pdf
2025,2,3990,11750,EW,EW,DMM,"Dr. Moopens Medical College, Meppadi, Wayanad",MBBS,EW,5,mbbs_p2_final.pdf
2025,2,3991,11757,DV,DV,KND,"Government Dental College, Kannur",BDS,DV,39,mbbs_p2_final.pdf
2025,2,3992,11758,LA,AC,MZM,"Mount Zion Medical College, Pathanamthitta",MBBS,AC,36,mbbs_p2_final.pdf
2025,2,3993,11761,General,AC,MZM,"Mount Zion Medical College, Pathanamthitta",MBBS,AC,34,mbbs_p2_final.pdf
2025,2,3994,11764,General,AC,MZM,"Mount Zion Medical College, Pathanamthitta",MBBS,AC,33,mbbs_p2_final.pdf
2025,2,3995,11766,General,AC,MZM,"Mount Zion Medical College, Pathanamthitta",MBBS,AC,28,mbbs_p2_final.pdf
2025,2,3996,11767,VK,VK,KDM,"P K Das Institute of Medical Sciences, Ottapalam",MBBS,VK,30,mbbs_p2_final.pdf
2025,2,3997,11768,General,AC,MZM,"Mount Zion Medical College, Pathanamthitta",MBBS,AC,26,mbbs_p2_final.pdf
2025,2,3998,11777,SC,SC,PKM,"Government Medical College, Palakkad",MBBS,SC,10,mbbs_p2_final.pdf
2025,2,3999,11778,LA,AC,MZM,"Mount Zion Medical College, Pathanamthitta",MBBS,AC,31,mbbs_p2_final.pdf
2025,2,4000,11789,MU,MM,AAM,"Al Azhar Medical college, Thodupuzha",MBBS,MM,24,mbbs_p2_final.pdf
2025,2,4001,11790,MU,MM,AAM,"Al Azhar Medical college, Thodupuzha",MBBS,MM,6,mbbs_p2_final.pdf
2025,2,4002,11792,MU,SM,KMD,"KMCT Dental College, Mambatta, Mukkam, Kozhikode",BDS,SM,21,mbbs_p2_final.pdf
2025,2,4003,11806,MU,MM,AAM,"Al Azhar Medical college, Thodupuzha",MBBS,MM,36,mbbs_p2_final.pdf
2025,2,4004,11811,General,AC,MZM,"Mount Zion Medical College, Pathanamthitta",MBBS,AC,28,mbbs_p2_final.pdf
2025,2,4005,11820,LA,LA,KDM,"P K Das Institute of Medical Sciences, Ottapalam",MBBS,LA,24,mbbs_p2_final.pdf
2025,2,4006,11824,General,MM,AAM,"Al Azhar Medical college, Thodupuzha",MBBS,MM,8,mbbs_p2_final.pdf
2025,2,4007,11835,MU,MM,AAM,"Al Azhar Medical college, Thodupuzha",MBBS,MM,33,mbbs_p2_final.pdf
2025,2,4008,11838,General,MM,AAM,"Al Azhar Medical college, Thodupuzha",MBBS,MM,28,mbbs_p2_final.pdf
2025,2,4009,11839,MU,MM,AAM,"Al Azhar Medical college, Thodupuzha",MBBS,MM,26,mbbs_p2_final.pdf
2025,2,4010,11840,SC,SC,IDM,Government Medical College Idukki,MBBS,SC,10,mbbs_p2_final.pdf
2025,2,4011,11843,General,AC,MZM,"Mount Zion Medical College, Pathanamthitta",MBBS,AC,38,mbbs_p2_final.pdf
2025,2,4012,11844,SC,SC,PKM,"Government Medical College, Palakkad",MBBS,SC,9,mbbs_p2_final.pdf
2025,2,4013,11846,General,AC,MZM,"Mount Zion Medical College, Pathanamthitta",MBBS,AC,33,mbbs_p2_final.pdf
2025,2,4014,11847,General,MM,AAM,"Al Azhar Medical college, Thodupuzha",MBBS,MM,22,mbbs_p2_final.pdf
2025,2,4015,11849,SC,SC,PKM,"Government Medical College, Palakkad",MBBS,SC,5,mbbs_p2_final.pdf
2025,2,4016,11855,SC,SC,JMC,"Jubilee Mission Medical College, Thrisur",MBBS,SC,9,mbbs_p2_final.pdf
2025,2,4017,11858,MU,MU,PIM,"Palakkad Institute of Medical Sciences, Walayar",MBBS,MU,30,mbbs_p2_final.pdf
2025,2,4018,11863,EW,EW,MMH,"Malabar Medical College Hospital, Kozhikkode",MBBS,EW,25,mbbs_p2_final.pdf
2025,2,4019,11869,General,AC,MZM,"Mount Zion Medical College, Pathanamthitta",MBBS,AC,29,mbbs_p2_final.pdf
2025,2,4020,11872,General,AC,MZM,"Mount Zion Medical College, Pathanamthitta",MBBS,AC,28,mbbs_p2_final.pdf
2025,2,4021,11875,General,AC,MZM,"Mount Zion Medical College, Pathanamthitta",MBBS,AC,39,mbbs_p2_final.pdf
2025,2,4022,11877,MU,MM,AAM,"Al Azhar Medical college, Thodupuzha",MBBS,MM,36,mbbs_p2_final.pdf
2025,2,4023,11890,General,AC,MZM,"Mount Zion Medical College, Pathanamthitta",MBBS,AC,35,mbbs_p2_final.pdf
2025,2,4024,11895,General,MM,AAM,"Al Azhar Medical college, Thodupuzha",MBBS,MM,34,mbbs_p2_final.pdf
2025,2,4025,11900,MU,MM,AAM,"Al Azhar Medical college, Thodupuzha",MBBS,MM,19,mbbs_p2_final.pdf
2025,2,4026,11909,SC,SC,PKM,"Government Medical College, Palakkad",MBBS,SC,10,mbbs_p2_final.pdf
2025,2,4027,11915,MU,MM,AAM,"Al Azhar Medical college, Thodupuzha",MBBS,MM,19,mbbs_p2_final.pdf
2025,2,4028,11918,General,SM,PMS,"PMS College of Dental Sciences, Vattappara, TVPM",BDS,SM,6,mbbs_p2_final.pdf
2025,2,4029,11920,EZ,SM,MBD,"Mar Baselious Dental College, Kothamangalam",BDS,SM,35,mbbs_p2_final.pdf
2025,2,4030,11921,General,AC,MZM,"Mount Zion Medical College, Pathanamthitta",MBBS,AC,12,mbbs_p2_final.pdf
2025,2,4031,11923,General,AC,MZM,"Mount Zion Medical College, Pathanamthitta",MBBS,AC,26,mbbs_p2_final.pdf
2025,2,4032,11925,MU,MM,AAM,"Al Azhar Medical college, Thodupuzha",MBBS,MM,37,mbbs_p2_final.pdf
2025,2,4033,11926,MU,MM,AAM,"Al Azhar Medical college, Thodupuzha",MBBS,MM,36,mbbs_p2_final.pdf
2025,2,4034,11927,EW,EW,SUC,"SUT Accademy of Medical Sciences, Thiruvananthapuram",MBBS,EW,11,mbbs_p2_final.pdf
2025,2,4035,11930,SC,SC,PKM,"Government Medical College, Palakkad",MBBS,SC,10,mbbs_p2_final.pdf
2025,2,4036,11936,MU,MM,AAM,"Al Azhar Medical college, Thodupuzha",MBBS,MM,18,mbbs_p2_final.pdf
2025,2,4037,11951,MU,SM,AZD,"Azeezia College of Dental Science, Meyyannoor, Kollam",BDS,SM,6,mbbs_p2_final.pdf
2025,2,4038,11955,EW,EW,MMH,"Malabar Medical College Hospital, Kozhikkode",MBBS,EW,3,mbbs_p2_final.pdf
2025,2,4039,11966,MU,MM,AAM,"Al Azhar Medical college, Thodupuzha",MBBS,MM,35,mbbs_p2_final.pdf
2025,2,4040,11967,General,SM,ADC,"Annoor Dental College, Puthuppady, Muvattupuzha",BDS,SM,41,mbbs_p2_final.pdf
2025,2,4041,11968,General,AC,MZM,"Mount Zion Medical College, Pathanamthitta",MBBS,AC,16,mbbs_p2_final.pdf
2025,2,4042,11969,MU,MM,AAM,"Al Azhar Medical college, Thodupuzha",MBBS,MM,26,mbbs_p2_final.pdf
2025,2,4043,11971,EW,EW,SUC,"SUT Accademy of Medical Sciences, Thiruvananthapuram",MBBS,EW,20,mbbs_p2_final.pdf
2025,2,4044,11972,SC,SC,PKM,"Government Medical College, Palakkad",MBBS,SC,10,mbbs_p2_final.pdf
2025,2,4045,11973,ST,ST,TVM,"Govt. Medical College, Thiruvananthapuram",MBBS,ST,1,mbbs_p2_final.pdf
2025,2,4046,11974,MU,MM,AAM,"Al Azhar Medical college, Thodupuzha",MBBS,MM,18,mbbs_p2_final.pdf
2025,2,4047,11977,General,NR,PMC,"Pushpagiri Institute of Medical Science, Thiruvalla",MBBS,NR,16,mbbs_p2_final.pdf
2025,2,4048,11978,General,AC,MZM,"Mount Zion Medical College, Pathanamthitta",MBBS,AC,14,mbbs_p2_final.pdf
2025,2,4049,11981,MU,MM,AAM,"Al Azhar Medical college, Thodupuzha",MBBS,MM,24,mbbs_p2_final.pdf
2025,2,4050,11986,EW,EW,MMH,"Malabar Medical College Hospital, Kozhikkode",MBBS,EW,9,mbbs_p2_final.pdf
2025,2,4051,11987,MU,MM,AAM,"Al Azhar Medical college, Thodupuzha",MBBS,MM,31,mbbs_p2_final.pdf
2025,2,4052,11988,General,AC,MZM,"Mount Zion Medical College, Pathanamthitta",MBBS,AC,20,mbbs_p2_final.pdf
2025,2,4053,11995,SC,SC,PKM,"Government Medical College, Palakkad",MBBS,SC,10,mbbs_p2_final.pdf
2025,2,4054,11998,LA,AC,MZM,"Mount Zion Medical College, Pathanamthitta",MBBS,AC,36,mbbs_p2_final.pdf
2025,2,4055,12008,MU,MM,AAM,"Al Azhar Medical college, Thodupuzha",MBBS,MM,20,mbbs_p2_final.pdf
2025,2,4056,12010,SC,SC,PKM,"Government Medical College, Palakkad",MBBS,SC,10,mbbs_p2_final.pdf
2025,2,4057,12012,General,AC,MZM,"Mount Zion Medical College, Pathanamthitta",MBBS,AC,27,mbbs_p2_final.pdf
2025,2,4058,12026,MU,MM,AAM,"Al Azhar Medical college, Thodupuzha",MBBS,MM,37,mbbs_p2_final.pdf
2025,2,4059,12029,MU,MM,AAM,"Al Azhar Medical college, Thodupuzha",MBBS,MM,30,mbbs_p2_final.pdf
2025,2,4060,12047,EW,EW,SUC,"SUT Accademy of Medical Sciences, Thiruvananthapuram",MBBS,EW,16,mbbs_p2_final.pdf
2025,2,4061,12048,SC,SC,IDM,Government Medical College Idukki,MBBS,SC,8,mbbs_p2_final.pdf
2025,2,4062,12051,MU,MM,AAM,"Al Azhar Medical college, Thodupuzha",MBBS,MM,23,mbbs_p2_final.pdf
2025,2,4063,12062,SC,SC,JMC,"Jubilee Mission Medical College, Thrisur",MBBS,SC,9,mbbs_p2_final.pdf
2025,2,4064,12065,MU,MM,AAM,"Al Azhar Medical college, Thodupuzha",MBBS,MM,40,mbbs_p2_final.pdf
2025,2,4065,12067,SC,SC,PKM,"Government Medical College, Palakkad",MBBS,SC,10,mbbs_p2_final.pdf
2025,2,4066,12070,SC,SC,PKM,"Government Medical College, Palakkad",MBBS,SC,7,mbbs_p2_final.pdf
2025,2,4067,12071,General,AC,MZM,"Mount Zion Medical College, Pathanamthitta",MBBS,AC,14,mbbs_p2_final.pdf
2025,2,4068,12078,MU,SM,PSD,"PSM College of Dental Sciences, Thrissur",BDS,SM,9,mbbs_p2_final.pdf
2025,2,4069,12092,MU,MM,AAM,"Al Azhar Medical college, Thodupuzha",MBBS,MM,34,mbbs_p2_final.pdf
2025,2,4070,12113,General,AC,MZM,"Mount Zion Medical College, Pathanamthitta",MBBS,AC,24,mbbs_p2_final.pdf
2025,2,4071,12115,General,AC,MZM,"Mount Zion Medical College, Pathanamthitta",MBBS,AC,37,mbbs_p2_final.pdf
2025,2,4072,12116,LA,AC,MZM,"Mount Zion Medical College, Pathanamthitta",MBBS,AC,19,mbbs_p2_final.pdf
2025,2,4073,12118,MU,MM,AAM,"Al Azhar Medical college, Thodupuzha",MBBS,MM,2,mbbs_p2_final.pdf
2025,2,4074,12129,General,AC,MZM,"Mount Zion Medical College, Pathanamthitta",MBBS,AC,24,mbbs_p2_final.pdf
2025,2,4075,12134,General,AC,MZM,"Mount Zion Medical College, Pathanamthitta",MBBS,AC,28,mbbs_p2_final.pdf
2025,2,4076,12138,General,AC,MZM,"Mount Zion Medical College, Pathanamthitta",MBBS,AC,38,mbbs_p2_final.pdf
2025,2,4077,12146,General,AC,MZM,"Mount Zion Medical College, Pathanamthitta",MBBS,AC,11,mbbs_p2_final.pdf
2025,2,4078,12150,MU,MM,AAM,"Al Azhar Medical college, Thodupuzha",MBBS,MM,36,mbbs_p2_final.pdf
2025,2,4079,12162,General,NR,AMC,"Amala Institute of Medical Sciences, Thrissur",MBBS,NR,29,mbbs_p2_final.pdf
2025,2,4080,12168,MU,MM,AAM,"Al Azhar Medical college, Thodupuzha",MBBS,MM,28,mbbs_p2_final.pdf
2025,2,4081,12173,MU,MM,AAM,"Al Azhar Medical college, Thodupuzha",MBBS,MM,30,mbbs_p2_final.pdf
2025,2,4082,12188,MU,MM,AAM,"Al Azhar Medical college, Thodupuzha",MBBS,MM,38,mbbs_p2_final.pdf
2025,2,4083,12193,General,AC,MZM,"Mount Zion Medical College, Pathanamthitta",MBBS,AC,14,mbbs_p2_final.pdf
2025,2,4084,12197,MU,MM,AAM,"Al Azhar Medical college, Thodupuzha",MBBS,MM,19,mbbs_p2_final.pdf
2025,2,4085,12201,DV,SM,IGD,"Indira Gandhi Institute of Dental Sciences, Kothamangalam",BDS,SM,42,mbbs_p2_final.pdf
2025,2,4086,12211,General,NR,MMC,"Malankara Orthodox Syrian Church MediCollege, Kolenchery",MBBS,NR,11,mbbs_p2_final.pdf
2025,2,4087,12219,SC,SC,PKM,"Government Medical College, Palakkad",MBBS,SC,1,mbbs_p2_final.pdf
2025,2,4088,12230,General,NR,AMC,"Amala Institute of Medical Sciences, Thrissur",MBBS,NR,1,mbbs_p2_final.pdf
2025,2,4089,12231,VK,VK,PIM,"Palakkad Institute of Medical Sciences, Walayar",MBBS,VK,22,mbbs_p2_final.pdf
2025,2,4090,12232,EW,EW,SUC,"SUT Accademy of Medical Sciences, Thiruvananthapuram",MBBS,EW,16,mbbs_p2_final.pdf
2025,2,4091,12254,MU,MM,AAM,"Al Azhar Medical college, Thodupuzha",MBBS,MM,32,mbbs_p2_final.pdf
2025,2,4092,12256,EW,EW,DMM,"Dr. Moopens Medical College, Meppadi, Wayanad",MBBS,EW,1,mbbs_p2_final.pdf
2025,2,4093,12261,MU,MM,AAM,"Al Azhar Medical college, Thodupuzha",MBBS,MM,34,mbbs_p2_final.pdf
2025,2,4094,12266,MU,MM,AAM,"Al Azhar Medical college, Thodupuzha",MBBS,MM,11,mbbs_p2_final.pdf
2025,2,4095,12274,General,SM,MBD,"Mar Baselious Dental College, Kothamangalam",BDS,SM,1,mbbs_p2_final.pdf
2025,2,4096,12276,VK,VK,AAM,"Al Azhar Medical college, Thodupuzha",MBBS,VK,27,mbbs_p2_final.pdf
2025,2,4097,12316,MU,MM,AAM,"Al Azhar Medical college, Thodupuzha",MBBS,MM,38,mbbs_p2_final.pdf
2025,2,4098,12322,EW,EW,DMM,"Dr. Moopens Medical College, Meppadi, Wayanad",MBBS,EW,9,mbbs_p2_final.pdf
2025,2,4099,12327,BH,SM,AID,"Sree Anjaneya Institue of Dental Scinces, Atholi, Kozhikode",BDS,SM,36,mbbs_p2_final.pdf
2025,2,4100,12329,LA,LA,AAM,"Al Azhar Medical college, Thodupuzha",MBBS,LA,3,mbbs_p2_final.pdf
2025,2,4101,12332,MU,MM,AAM,"Al Azhar Medical college, Thodupuzha",MBBS,MM,39,mbbs_p2_final.pdf
2025,2,4102,12333,MU,MM,AAM,"Al Azhar Medical college, Thodupuzha",MBBS,MM,32,mbbs_p2_final.pdf
2025,2,4103,12336,VK,SM,KMD,"KMCT Dental College, Mambatta, Mukkam, Kozhikode",BDS,SM,21,mbbs_p2_final.pdf
2025,2,4104,12345,MU,MM,AAM,"Al Azhar Medical college, Thodupuzha",MBBS,MM,32,mbbs_p2_final.pdf
2025,2,4105,12360,SC,SC,PKM,"Government Medical College, Palakkad",MBBS,SC,6,mbbs_p2_final.pdf
2025,2,4106,12361,MU,SM,KMD,"KMCT Dental College, Mambatta, Mukkam, Kozhikode",BDS,SM,7,mbbs_p2_final.pdf
2025,2,4107,12366,VK,VK,AAM,"Al Azhar Medical college, Thodupuzha",MBBS,VK,30,mbbs_p2_final.pdf
2025,2,4108,12373,EZ,SM,MBD,"Mar Baselious Dental College, Kothamangalam",BDS,SM,42,mbbs_p2_final.pdf
2025,2,4109,12379,MU,MM,AAM,"Al Azhar Medical college, Thodupuzha",MBBS,MM,22,mbbs_p2_final.pdf
2025,2,4110,12386,General,MM,AAM,"Al Azhar Medical college, Thodupuzha",MBBS,MM,22,mbbs_p2_final.pdf
2025,2,4111,12403,SC,SC,PKM,"Government Medical College, Palakkad",MBBS,SC,8,mbbs_p2_final.pdf
2025,2,4112,12404,MU,MM,AAM,"Al Azhar Medical college, Thodupuzha",MBBS,MM,26,mbbs_p2_final.pdf
2025,2,4113,12407,MU,NR,AMC,"Amala Institute of Medical Sciences, Thrissur",MBBS,NR,29,mbbs_p2_final.pdf
2025,2,4114,12408,MU,SM,EID,"Educare Institute of Dental Sciences, Malappuram",BDS,SM,19,mbbs_p2_final.pdf
2025,2,4115,12428,SC,SC,PKM,"Government Medical College, Palakkad",MBBS,SC,9,mbbs_p2_final.pdf
2025,2,4116,12435,EZ,SM,TRD,"Travancore DentalCollege, Kollam",BDS,SM,42,mbbs_p2_final.pdf
2025,2,4117,12441,SC,SC,PTM,"Government Medical College, Konni, Pathanamthitta",MBBS,SC,10,mbbs_p2_final.pdf
2025,2,4118,12453,SC,SC,PKM,"Government Medical College, Palakkad",MBBS,SC,8,mbbs_p2_final.pdf
2025,2,4119,12456,SC,SC,PKM,"Government Medical College, Palakkad",MBBS,SC,8,mbbs_p2_final.pdf
2025,2,4120,12462,SC,SC,PTM,"Government Medical College, Konni, Pathanamthitta",MBBS,SC,7,mbbs_p2_final.pdf
2025,2,4121,12463,SC,SC,PKM,"Government Medical College, Palakkad",MBBS,SC,11,mbbs_p2_final.pdf
2025,2,4122,12465,General,NR,JMC,"Jubilee Mission Medical College, Thrisur",MBBS,NR,16,mbbs_p2_final.pdf
2025,2,4123,12473,SC,SC,PKM,"Government Medical College, Palakkad",MBBS,SC,10,mbbs_p2_final.pdf
2025,2,4124,12482,MU,SM,MED,"MES Dental College, Perinthalmanna",BDS,SM,47,mbbs_p2_final.pdf
2025,2,4125,12483,General,SM,MBD,"Mar Baselious Dental College, Kothamangalam",BDS,SM,35,mbbs_p2_final.pdf
2025,2,4126,12486,MU,MU,PMD,"Pushpagiri College of Dental Science, Thiruvalla",BDS,MU,47,mbbs_p2_final.pdf
2025,2,4127,12488,LA,LA,KDM,"P K Das Institute of Medical Sciences, Ottapalam",MBBS,LA,31,mbbs_p2_final.pdf
2025,2,4128,12497,General,AC,PMD,"Pushpagiri College of Dental Science, Thiruvalla",BDS,AC,28,mbbs_p2_final.pdf
2025,2,4129,12504,SC,SC,IDM,Government Medical College Idukki,MBBS,SC,11,mbbs_p2_final.pdf
2025,2,4130,12517,MU,NR,GMC,"Sree Gokulam Medical College, Venjaramoodu, TVPM",MBBS,NR,41,mbbs_p2_final.pdf
2025,2,4131,12528,SC,SC,IDM,Government Medical College Idukki,MBBS,SC,11,mbbs_p2_final.pdf
2025,2,4132,12531,General,SM,PMS,"PMS College of Dental Sciences, Vattappara, TVPM",BDS,SM,42,mbbs_p2_final.pdf
2025,2,4133,12538,EW,EW,SIM,"Sree Narayana Institute of Medical Sciences, Chalakka, Ernakulam.",MBBS,EW,16,mbbs_p2_final.pdf
2025,2,4134,12539,SC,SC,PKM,"Government Medical College, Palakkad",MBBS,SC,9,mbbs_p2_final.pdf
2025,2,4135,12542,General,SM,PSD,"PSM College of Dental Sciences, Thrissur",BDS,SM,48,mbbs_p2_final.pdf
2025,2,4136,12544,SC,SC,MMH,"Malabar Medical College Hospital, Kozhikkode",MBBS,SC,9,mbbs_p2_final.pdf
2025,2,4137,12546,MU,SM,MBD,"Mar Baselious Dental College, Kothamangalam",BDS,SM,6,mbbs_p2_final.pdf
2025,2,4138,12549,LA,LA,AAM,"Al Azhar Medical college, Thodupuzha",MBBS,LA,32,mbbs_p2_final.pdf
2025,2,4139,12552,MU,SM,KMD,"KMCT Dental College, Mambatta, Mukkam, Kozhikode",BDS,SM,42,mbbs_p2_final.pdf
2025,2,4140,12554,BX,SM,IGD,"Indira Gandhi Institute of Dental Sciences, Kothamangalam",BDS,SM,47,mbbs_p2_final.pdf
2025,2,4141,12580,General,SM,MBD,"Mar Baselious Dental College, Kothamangalam",BDS,SM,41,mbbs_p2_final.pdf
2025,2,4142,12587,General,NR,MMC,"Malankara Orthodox Syrian Church MediCollege, Kolenchery",MBBS,NR,13,mbbs_p2_final.pdf
2025,2,4143,12590,General,NR,BCM,"Believers Church Medical College Hospital, Thiruvalla",MBBS,NR,30,mbbs_p2_final.pdf
2025,2,4144,12592,EW,SM,TRD,"Travancore DentalCollege, Kollam",BDS,SM,25,mbbs_p2_final.pdf
2025,2,4145,12596,LA,LA,AAM,"Al Azhar Medical college, Thodupuzha",MBBS,LA,8,mbbs_p2_final.pdf
2025,2,4146,12610,MU,SM,MED,"MES Dental College, Perinthalmanna",BDS,SM,41,mbbs_p2_final.pdf
2025,2,4147,12618,SC,SC,PKM,"Government Medical College, Palakkad",MBBS,SC,6,mbbs_p2_final.pdf
2025,2,4148,12620,General,SM,MBD,"Mar Baselious Dental College, Kothamangalam",BDS,SM,21,mbbs_p2_final.pdf
2025,2,4149,12622,General,SM,PMS,"PMS College of Dental Sciences, Vattappara, TVPM",BDS,SM,40,mbbs_p2_final.pdf
2025,2,4150,12629,SC,SC,PKM,"Government Medical College, Palakkad",MBBS,SC,9,mbbs_p2_final.pdf
2025,2,4151,12632,EW,EW,SIM,"Sree Narayana Institute of Medical Sciences, Chalakka, Ernakulam.",MBBS,EW,29,mbbs_p2_final.pdf
2025,2,4152,12633,BH,SM,KMD,"KMCT Dental College, Mambatta, Mukkam, Kozhikode",BDS,SM,41,mbbs_p2_final.pdf
2025,2,4153,12634,EZ,SM,PMS,"PMS College of Dental Sciences, Vattappara, TVPM",BDS,SM,22,mbbs_p2_final.pdf
2025,2,4154,12637,MU,SM,KMD,"KMCT Dental College, Mambatta, Mukkam, Kozhikode",BDS,SM,19,mbbs_p2_final.pdf
2025,2,4155,12638,SC,SC,IDM,Government Medical College Idukki,MBBS,SC,11,mbbs_p2_final.pdf
2025,2,4156,12655,SC,SC,PKM,"Government Medical College, Palakkad",MBBS,SC,9,mbbs_p2_final.pdf
2025,2,4157,12662,General,AC,PMD,"Pushpagiri College of Dental Science, Thiruvalla",BDS,AC,49,mbbs_p2_final.pdf
2025,2,4158,12674,SC,SC,PKM,"Government Medical College, Palakkad",MBBS,SC,10,mbbs_p2_final.pdf
2025,2,4159,12680,General,NR,SIM,"Sree Narayana Institute of Medical Sciences, Chalakka, Ernakulam.",MBBS,NR,2,mbbs_p2_final.pdf
2025,2,4160,12682,EZ,NR,JMC,"Jubilee Mission Medical College, Thrisur",MBBS,NR,35,mbbs_p2_final.pdf
2025,2,4161,12689,MU,SM,KMD,"KMCT Dental College, Mambatta, Mukkam, Kozhikode",BDS,SM,33,mbbs_p2_final.pdf
2025,2,4162,12692,SC,SC,PKM,"Government Medical College, Palakkad",MBBS,SC,7,mbbs_p2_final.pdf
2025,2,4163,12698,SC,SC,PKM,"Government Medical College, Palakkad",MBBS,SC,6,mbbs_p2_final.pdf
2025,2,4164,12702,General,SM,PMS,"PMS College of Dental Sciences, Vattappara, TVPM",BDS,SM,48,mbbs_p2_final.pdf
2025,2,4165,12706,MU,SM,KMD,"KMCT Dental College, Mambatta, Mukkam, Kozhikode",BDS,SM,26,mbbs_p2_final.pdf
2025,2,4166,12713,SC,SC,PKM,"Government Medical College, Palakkad",MBBS,SC,1,mbbs_p2_final.pdf
2025,2,4167,12715,MU,SM,KMD,"KMCT Dental College, Mambatta, Mukkam, Kozhikode",BDS,SM,20,mbbs_p2_final.pdf
2025,2,4168,12718,General,NR,JMC,"Jubilee Mission Medical College, Thrisur",MBBS,NR,4,mbbs_p2_final.pdf
2025,2,4169,12728,MU,NR,EMC,"MES Medical College, Perinthalmanna, Malappuram",MBBS,NR,21,mbbs_p2_final.pdf
2025,2,4170,12749,MU,SM,MED,"MES Dental College, Perinthalmanna",BDS,SM,28,mbbs_p2_final.pdf
2025,2,4171,12794,EZ,SM,MBD,"Mar Baselious Dental College, Kothamangalam",BDS,SM,42,mbbs_p2_final.pdf
2025,2,4172,12807,EZ,SM,KMD,"KMCT Dental College, Mambatta, Mukkam, Kozhikode",BDS,SM,39,mbbs_p2_final.pdf
2025,2,4173,12809,MU,SM,KMD,"KMCT Dental College, Mambatta, Mukkam, Kozhikode",BDS,SM,47,mbbs_p2_final.pdf
2025,2,4174,12858,MU,SM,KMD,"KMCT Dental College, Mambatta, Mukkam, Kozhikode",BDS,SM,27,mbbs_p2_final.pdf
2025,2,4175,12859,SC,SC,PKM,"Government Medical College, Palakkad",MBBS,SC,4,mbbs_p2_final.pdf
2025,2,4176,12876,SC,SC,AMC,"Amala Institute of Medical Sciences, Thrissur",MBBS,SC,7,mbbs_p2_final.pdf
2025,2,4177,12877,MU,SM,MED,"MES Dental College, Perinthalmanna",BDS,SM,37,mbbs_p2_final.pdf
2025,2,4178,12885,SC,SC,PKM,"Government Medical College, Palakkad",MBBS,SC,10,mbbs_p2_final.pdf
2025,2,4179,12896,LA,LA,KMM,"Karuna Medical College, Vilayodi, Palakkad",MBBS,LA,22,mbbs_p2_final.pdf
2025,2,4180,12926,MU,SM,KMD,"KMCT Dental College, Mambatta, Mukkam, Kozhikode",BDS,SM,1,mbbs_p2_final.pdf
2025,2,4181,12932,VK,SM,MED,"MES Dental College, Perinthalmanna",BDS,SM,41,mbbs_p2_final.pdf
2025,2,4182,12940,General,SM,PMS,"PMS College of Dental Sciences, Vattappara, TVPM",BDS,SM,41,mbbs_p2_final.pdf
2025,2,4183,12947,SC,SC #,PKM,"Government Medical College, Palakkad",MBBS,SC #,7,mbbs_p2_final.pdf
2025,2,4184,12953,EW,EW,SIM,"Sree Narayana Institute of Medical Sciences, Chalakka, Ernakulam.",MBBS,EW,6,mbbs_p2_final.pdf
2025,2,4185,12974,General,NR,JMC,"Jubilee Mission Medical College, Thrisur",MBBS,NR,1,mbbs_p2_final.pdf
2025,2,4186,12986,BH,SM,MED,"MES Dental College, Perinthalmanna",BDS,SM,35,mbbs_p2_final.pdf
2025,2,4187,12987,General,SM,PMS,"PMS College of Dental Sciences, Vattappara, TVPM",BDS,SM,36,mbbs_p2_final.pdf
2025,2,4188,12988,MU,NR,JMC,"Jubilee Mission Medical College, Thrisur",MBBS,NR,15,mbbs_p2_final.pdf
2025,2,4189,13014,General,DA,ALP,"T D Govt. Medical College, Alappuzha",MBBS,DA,1,mbbs_p2_final.pdf
2025,2,4190,13017,General,SM,PSD,"PSM College of Dental Sciences, Thrissur",BDS,SM,21,mbbs_p2_final.pdf
2025,2,4191,13023,General,SM,MBD,"Mar Baselious Dental College, Kothamangalam",BDS,SM,24,mbbs_p2_final.pdf
2025,2,4192,13028,SC,SC,PKM,"Government Medical College, Palakkad",MBBS,SC,11,mbbs_p2_final.pdf
2025,2,4193,13056,KU,KU,TVM,"Govt. Medical College, Thiruvananthapuram",MBBS,KU,1,mbbs_p2_final.pdf
2025,2,4194,13062,SC,SC,PKM,"Government Medical College, Palakkad",MBBS,SC,1,mbbs_p2_final.pdf
2025,2,4195,13063,MU,SM,PMS,"PMS College of Dental Sciences, Vattappara, TVPM",BDS,SM,7,mbbs_p2_final.pdf
2025,2,4196,13082,General,NR,JMC,"Jubilee Mission Medical College, Thrisur",MBBS,NR,11,mbbs_p2_final.pdf
2025,2,4197,13083,SC,SC,PKM,"Government Medical College, Palakkad",MBBS,SC,1,mbbs_p2_final.pdf
2025,2,4198,13090,MU,SM,MED,"MES Dental College, Perinthalmanna",BDS,SM,16,mbbs_p2_final.pdf
2025,2,4199,13108,EZ,SM,PMS,"PMS College of Dental Sciences, Vattappara, TVPM",BDS,SM,22,mbbs_p2_final.pdf
2025,2,4200,13114,General,AC,PMD,"Pushpagiri College of Dental Science, Thiruvalla",BDS,AC,43,mbbs_p2_final.pdf
2025,2,4201,13120,General,SM,MBD,"Mar Baselious Dental College, Kothamangalam",BDS,SM,1,mbbs_p2_final.pdf
2025,2,4202,13138,General,SM,MBD,"Mar Baselious Dental College, Kothamangalam",BDS,SM,9,mbbs_p2_final.pdf
2025,2,4203,13163,SC,SC,PKM,"Government Medical College, Palakkad",MBBS,SC,1,mbbs_p2_final.pdf
2025,2,4204,13177,BH,SM,ADC,"Annoor Dental College, Puthuppady, Muvattupuzha",BDS,SM,37,mbbs_p2_final.pdf
2025,2,4205,13185,General,SM,ADC,"Annoor Dental College, Puthuppady, Muvattupuzha",BDS,SM,38,mbbs_p2_final.pdf
2025,2,4206,13203,BX,SM,AZD,"Azeezia College of Dental Science, Meyyannoor, Kollam",BDS,SM,40,mbbs_p2_final.pdf
2025,2,4207,13205,MU,SM,KMD,"KMCT Dental College, Mambatta, Mukkam, Kozhikode",BDS,SM,21,mbbs_p2_final.pdf
2025,2,4208,13207,SC,SC,PMC,"Pushpagiri Institute of Medical Science, Thiruvalla",MBBS,SC,8,mbbs_p2_final.pdf
2025,2,4209,13211,General,SM,KMD,"KMCT Dental College, Mambatta, Mukkam, Kozhikode",BDS,SM,1,mbbs_p2_final.pdf
2025,2,4210,13238,SC,SC,PKM,"Government Medical College, Palakkad",MBBS,SC,8,mbbs_p2_final.pdf
2025,2,4211,13281,MU,SM,KMD,"KMCT Dental College, Mambatta, Mukkam, Kozhikode",BDS,SM,9,mbbs_p2_final.pdf
2025,2,4212,13290,SC,SC,PKM,"Government Medical College, Palakkad",MBBS,SC,1,mbbs_p2_final.pdf
2025,2,4213,13302,MU,SM,KMD,"KMCT Dental College, Mambatta, Mukkam, Kozhikode",BDS,SM,2,mbbs_p2_final.pdf
2025,2,4214,13306,General,DA,TVM,"Govt. Medical College, Thiruvananthapuram",MBBS,DA,1,mbbs_p2_final.pdf
2025,2,4215,13323,General,SM,MBD,"Mar Baselious Dental College, Kothamangalam",BDS,SM,38,mbbs_p2_final.pdf
2025,2,4216,13325,MU,SM,EID,"Educare Institute of Dental Sciences, Malappuram",BDS,SM,1,mbbs_p2_final.pdf
2025,2,4217,13333,MU,SM,MED,"MES Dental College, Perinthalmanna",BDS,SM,17,mbbs_p2_final.pdf
2025,2,4218,13336,BH,SM,AAD,"Al Azhar Dental College, Thodupuzha",BDS,SM,40,mbbs_p2_final.pdf
2025,2,4219,13347,MU,SM,KMD,"KMCT Dental College, Mambatta, Mukkam, Kozhikode",BDS,SM,21,mbbs_p2_final.pdf
2025,2,4220,13367,MU,NR,EMC,"MES Medical College, Perinthalmanna, Malappuram",MBBS,NR,1,mbbs_p2_final.pdf
2025,2,4221,13373,SC,SC,MMC,"Malankara Orthodox Syrian Church MediCollege, Kolenchery",MBBS,SC,1,mbbs_p2_final.pdf
2025,2,4222,13382,BH,SM,MBD,"Mar Baselious Dental College, Kothamangalam",BDS,SM,41,mbbs_p2_final.pdf
2025,2,4223,13393,General,AC,PMD,"Pushpagiri College of Dental Science, Thiruvalla",BDS,AC,15,mbbs_p2_final.pdf
2025,2,4224,13397,SC,SC,PMC,"Pushpagiri Institute of Medical Science, Thiruvalla",MBBS,SC,12,mbbs_p2_final.pdf
2025,2,4225,13415,SC,SC,PKM,"Government Medical College, Palakkad",MBBS,SC,7,mbbs_p2_final.pdf
2025,2,4226,13420,MU,SM,KMD,"KMCT Dental College, Mambatta, Mukkam, Kozhikode",BDS,SM,29,mbbs_p2_final.pdf
2025,2,4227,13430,General,DA,KTM,"Govt. Medical College, Kottayam",MBBS,DA,3,mbbs_p2_final.pdf
2025,2,4228,13434,General,NR,MMC,"Malankara Orthodox Syrian Church MediCollege, Kolenchery",MBBS,NR,23,mbbs_p2_final.pdf
2025,2,4229,13438,MU,PD,KKM,"Govt. Medical College, Kozhikkode",MBBS,PD,1,mbbs_p2_final.pdf
2025,2,4230,13446,MU,SM,NID,"Noorul Islam College of Dental Science, Neyyattinkara",BDS,SM,21,mbbs_p2_final.pdf
2025,2,4231,13448,General,AC,PMD,"Pushpagiri College of Dental Science, Thiruvalla",BDS,AC,47,mbbs_p2_final.pdf
2025,2,4232,13458,MU,SM,MED,"MES Dental College, Perinthalmanna",BDS,SM,47,mbbs_p2_final.pdf
2025,2,4233,13460,MU,SM,PMS,"PMS College of Dental Sciences, Vattappara, TVPM",BDS,SM,7,mbbs_p2_final.pdf
2025,2,4234,13472,MU,SM,KMD,"KMCT Dental College, Mambatta, Mukkam, Kozhikode",BDS,SM,4,mbbs_p2_final.pdf
2025,2,4235,13477,MU,SM,KMD,"KMCT Dental College, Mambatta, Mukkam, Kozhikode",BDS,SM,47,mbbs_p2_final.pdf
2025,2,4236,13494,EZ,SM,MBD,"Mar Baselious Dental College, Kothamangalam",BDS,SM,8,mbbs_p2_final.pdf
2025,2,4237,13512,SC,SC,PKM,"Government Medical College, Palakkad",MBBS,SC,10,mbbs_p2_final.pdf
2025,2,4238,13533,SC,SC,PKM,"Government Medical College, Palakkad",MBBS,SC,2,mbbs_p2_final.pdf
2025,2,4239,13537,VK,SM,KMD,"KMCT Dental College, Mambatta, Mukkam, Kozhikode",BDS,SM,41,mbbs_p2_final.pdf
2025,2,4240,13540,SC,SC,PKM,"Government Medical College, Palakkad",MBBS,SC,10,mbbs_p2_final.pdf
2025,2,4241,13544,SC,SC,PKM,"Government Medical College, Palakkad",MBBS,SC,8,mbbs_p2_final.pdf
2025,2,4242,13548,General,SM,KMD,"KMCT Dental College, Mambatta, Mukkam, Kozhikode",BDS,SM,41,mbbs_p2_final.pdf
2025,2,4243,13550,SC,SC,PKM,"Government Medical College, Palakkad",MBBS,SC,9,mbbs_p2_final.pdf
2025,2,4244,13561,BH,BH,PMD,"Pushpagiri College of Dental Science, Thiruvalla",BDS,BH,41,mbbs_p2_final.pdf
2025,2,4245,13574,BH,SM,KMD,"KMCT Dental College, Mambatta, Mukkam, Kozhikode",BDS,SM,41,mbbs_p2_final.pdf
2025,2,4246,13596,SC,SC,PKM,"Government Medical College, Palakkad",MBBS,SC,5,mbbs_p2_final.pdf
2025,2,4247,13600,SC,SC,PKM,"Government Medical College, Palakkad",MBBS,SC,9,mbbs_p2_final.pdf
2025,2,4248,13601,General,SM,MBD,"Mar Baselious Dental College, Kothamangalam",BDS,SM,47,mbbs_p2_final.pdf
2025,2,4249,13604,EW,EW,SIM,"Sree Narayana Institute of Medical Sciences, Chalakka, Ernakulam.",MBBS,EW,5,mbbs_p2_final.pdf
2025,2,4250,13624,MU,SM,PMS,"PMS College of Dental Sciences, Vattappara, TVPM",BDS,SM,21,mbbs_p2_final.pdf
2025,2,4251,13626,MU,SM,AZD,"Azeezia College of Dental Science, Meyyannoor, Kollam",BDS,SM,19,mbbs_p2_final.pdf
2025,2,4252,13639,SC,SC,KSM,"Govt. Medical College, Kasaragod",MBBS,SC,6,mbbs_p2_final.pdf
2025,2,4253,13646,General,SM,MBD,"Mar Baselious Dental College, Kothamangalam",BDS,SM,42,mbbs_p2_final.pdf
2025,2,4254,13649,General,NR,MMC,"Malankara Orthodox Syrian Church MediCollege, Kolenchery",MBBS,NR,42,mbbs_p2_final.pdf
2025,2,4255,13650,General,AC,MBD,"Mar Baselious Dental College, Kothamangalam",BDS,AC,35,mbbs_p2_final.pdf
2025,2,4256,13657,MU,SM,KMD,"KMCT Dental College, Mambatta, Mukkam, Kozhikode",BDS,SM,47,mbbs_p2_final.pdf
2025,2,4257,13670,SC,SC,PKM,"Government Medical College, Palakkad",MBBS,SC,1,mbbs_p2_final.pdf
2025,2,4258,13683,SC,SC,PKM,"Government Medical College, Palakkad",MBBS,SC,10,mbbs_p2_final.pdf
2025,2,4259,13702,SC,SC,EMC,"MES Medical College, Perinthalmanna, Malappuram",MBBS,SC,11,mbbs_p2_final.pdf
2025,2,4260,13719,SC,SC,GMC,"Sree Gokulam Medical College, Venjaramoodu, TVPM",MBBS,SC,9,mbbs_p2_final.pdf
2025,2,4261,13728,MU,SM,KMD,"KMCT Dental College, Mambatta, Mukkam, Kozhikode",BDS,SM,21,mbbs_p2_final.pdf
2025,2,4262,13734,SC,SC,PKM,"Government Medical College, Palakkad",MBBS,SC,2,mbbs_p2_final.pdf
2025,2,4263,13746,EW,EW,DMM,"Dr. Moopens Medical College, Meppadi, Wayanad",MBBS,EW,3,mbbs_p2_final.pdf
2025,2,4264,13760,EZ,DA,MLP,"Govt. Medical College, Manjeri",MBBS,DA,2,mbbs_p2_final.pdf
2025,2,4265,13769,MU,MU,MBD,"Mar Baselious Dental College, Kothamangalam",BDS,MU,47,mbbs_p2_final.pdf
2025,2,4266,13784,MU,SM,KMD,"KMCT Dental College, Mambatta, Mukkam, Kozhikode",BDS,SM,46,mbbs_p2_final.pdf
2025,2,4267,13796,SC,SC,PKM,"Government Medical College, Palakkad",MBBS,SC,6,mbbs_p2_final.pdf
2025,2,4268,13802,MU,MU,MBD,"Mar Baselious Dental College, Kothamangalam",BDS,MU,43,mbbs_p2_final.pdf
2025,2,4269,13814,General,PI,MLP,"Govt. Medical College, Manjeri",MBBS,PI,1,mbbs_p2_final.pdf
2025,2,4270,13820,General,SM,PMS,"PMS College of Dental Sciences, Vattappara, TVPM",BDS,SM,17,mbbs_p2_final.pdf
2025,2,4271,13845,BH,BH,MBD,"Mar Baselious Dental College, Kothamangalam",BDS,BH,42,mbbs_p2_final.pdf
2025,2,4272,13857,General,AC,PMD,"Pushpagiri College of Dental Science, Thiruvalla",BDS,AC,49,mbbs_p2_final.pdf
2025,2,4273,13874,SC,SC,GMC,"Sree Gokulam Medical College, Venjaramoodu, TVPM",MBBS,SC,1,mbbs_p2_final.pdf
2025,2,4274,13902,EW,PD,TVM,"Govt. Medical College, Thiruvananthapuram",MBBS,PD,1,mbbs_p2_final.pdf
2025,2,4275,13907,SC,SC,PKM,"Government Medical College, Palakkad",MBBS,SC,1,mbbs_p2_final.pdf
2025,2,4276,13911,EW,EW,SIM,"Sree Narayana Institute of Medical Sciences, Chalakka, Ernakulam.",MBBS,EW,22,mbbs_p2_final.pdf
2025,2,4277,13922,KN,KN,AAM,"Al Azhar Medical college, Thodupuzha",MBBS,KN,17,mbbs_p2_final.pdf
2025,2,4278,13932,MU,SM,MED,"MES Dental College, Perinthalmanna",BDS,SM,19,mbbs_p2_final.pdf
2025,2,4279,13937,General,DA,CMC,"Govt. Medical College, Ernakulam",MBBS,DA,1,mbbs_p2_final.pdf
2025,2,4280,13947,General,AC,PMD,"Pushpagiri College of Dental Science, Thiruvalla",BDS,AC,49,mbbs_p2_final.pdf
2025,2,4281,13952,MU,SM,ADC,"Annoor Dental College, Puthuppady, Muvattupuzha",BDS,SM,1,mbbs_p2_final.pdf
2025,2,4282,13968,EZ,SM,KMD,"KMCT Dental College, Mambatta, Mukkam, Kozhikode",BDS,SM,41,mbbs_p2_final.pdf
2025,2,4283,13975,DV,SM,IGD,"Indira Gandhi Institute of Dental Sciences, Kothamangalam",BDS,SM,41,mbbs_p2_final.pdf
2025,2,4284,13978,EZ,SM,KMD,"KMCT Dental College, Mambatta, Mukkam, Kozhikode",BDS,SM,1,mbbs_p2_final.pdf
2025,2,4285,13990,EW,SM,PMS,"PMS College of Dental Sciences, Vattappara, TVPM",BDS,SM,3,mbbs_p2_final.pdf
2025,2,4286,14000,MU,SM,MED,"MES Dental College, Perinthalmanna",BDS,SM,1,mbbs_p2_final.pdf
2025,2,4287,14013,MU,SM,KMD,"KMCT Dental College, Mambatta, Mukkam, Kozhikode",BDS,SM,45,mbbs_p2_final.pdf
2025,2,4288,14027,DV,DV,MBD,"Mar Baselious Dental College, Kothamangalam",BDS,DV,41,mbbs_p2_final.pdf
2025,2,4289,14036,MU,MU,MBD,"Mar Baselious Dental College, Kothamangalam",BDS,MU,9,mbbs_p2_final.pdf
2025,2,4290,14044,General,NR,BCM,"Believers Church Medical College Hospital, Thiruvalla",MBBS,NR,26,mbbs_p2_final.pdf
2025,2,4291,14048,MU,SM,KMD,"KMCT Dental College, Mambatta, Mukkam, Kozhikode",BDS,SM,29,mbbs_p2_final.pdf
2025,2,4292,14049,SC,SC,BCM,"Believers Church Medical College Hospital, Thiruvalla",MBBS,SC,10,mbbs_p2_final.pdf
2025,2,4293,14053,MU,SM,MED,"MES Dental College, Perinthalmanna",BDS,SM,19,mbbs_p2_final.pdf
2025,2,4294,14061,General,AC,PMD,"Pushpagiri College of Dental Science, Thiruvalla",BDS,AC,49,mbbs_p2_final.pdf
2025,2,4295,14063,EW,EW,SIM,"Sree Narayana Institute of Medical Sciences, Chalakka, Ernakulam.",MBBS,EW,34,mbbs_p2_final.pdf
2025,2,4296,14077,MU,SM,ADC,"Annoor Dental College, Puthuppady, Muvattupuzha",BDS,SM,47,mbbs_p2_final.pdf
2025,2,4297,14078,EW,EW,SIM,"Sree Narayana Institute of Medical Sciences, Chalakka, Ernakulam.",MBBS,EW,27,mbbs_p2_final.pdf
2025,2,4298,14101,SC,SC,GMC,"Sree Gokulam Medical College, Venjaramoodu, TVPM",MBBS,SC,7,mbbs_p2_final.pdf
2025,2,4299,14110,DV,SM,PMS,"PMS College of Dental Sciences, Vattappara, TVPM",BDS,SM,43,mbbs_p2_final.pdf
2025,2,4300,14111,EW,EW,PIM,"Palakkad Institute of Medical Sciences, Walayar",MBBS,EW,28,mbbs_p2_final.pdf
2025,2,4301,14124,SC,SC,PKM,"Government Medical College, Palakkad",MBBS,SC,7,mbbs_p2_final.pdf
2025,2,4302,14131,SC,SC,PKM,"Government Medical College, Palakkad",MBBS,SC,10,mbbs_p2_final.pdf
2025,2,4303,14134,SC,SC,PKM,"Government Medical College, Palakkad",MBBS,SC,11,mbbs_p2_final.pdf
2025,2,4304,14151,MU,SM,MED,"MES Dental College, Perinthalmanna",BDS,SM,1,mbbs_p2_final.pdf
2025,2,4305,14154,General,SM,PMS,"PMS College of Dental Sciences, Vattappara, TVPM",BDS,SM,41,mbbs_p2_final.pdf
2025,2,4306,14155,KU,KU,TVM,"Govt. Medical College, Thiruvananthapuram",MBBS,KU,1,mbbs_p2_final.pdf
2025,2,4307,14160,SC,SC,PKM,"Government Medical College, Palakkad",MBBS,SC,6,mbbs_p2_final.pdf
2025,2,4308,14176,General,AC,PMD,"Pushpagiri College of Dental Science, Thiruvalla",BDS,AC,49,mbbs_p2_final.pdf
2025,2,4309,14180,General,AC,PMD,"Pushpagiri College of Dental Science, Thiruvalla",BDS,AC,48,mbbs_p2_final.pdf
2025,2,4310,14181,MU,SM,MED,"MES Dental College, Perinthalmanna",BDS,SM,24,mbbs_p2_final.pdf
2025,2,4311,14188,ST,ST,TVM,"Govt. Medical College, Thiruvananthapuram",MBBS,ST,2,mbbs_p2_final.pdf
2025,2,4312,14217,MU,SM,ADC,"Annoor Dental College, Puthuppady, Muvattupuzha",BDS,SM,8,mbbs_p2_final.pdf
2025,2,4313,14224,MU,NR,JMC,"Jubilee Mission Medical College, Thrisur",MBBS,NR,25,mbbs_p2_final.pdf
2025,2,4314,14242,General,NC,JMC,"Jubilee Mission Medical College, Thrisur",MBBS,NC,30,mbbs_p2_final.pdf
2025,2,4315,14260,General,SM,PMS,"PMS College of Dental Sciences, Vattappara, TVPM",BDS,SM,17,mbbs_p2_final.pdf
2025,2,4316,14268,MU,SM,PMS,"PMS College of Dental Sciences, Vattappara, TVPM",BDS,SM,47,mbbs_p2_final.pdf
2025,2,4317,14269,General,NR,PMC,"Pushpagiri Institute of Medical Science, Thiruvalla",MBBS,NR,42,mbbs_p2_final.pdf
2025,2,4318,14281,General,NR,BCM,"Believers Church Medical College Hospital, Thiruvalla",MBBS,NR,35,mbbs_p2_final.pdf
2025,2,4319,14288,MU,SM,KAD,"Kannur Dental College, Anjarakandy, Kannur",BDS,SM,35,mbbs_p2_final.pdf
2025,2,4320,14298,MU,NR,MMC,"Malankara Orthodox Syrian Church MediCollege, Kolenchery",MBBS,NR,39,mbbs_p2_final.pdf
2025,2,4321,14333,VK,SM,SVD,"Sri Sankara Dental College, Akathumuri, Varkala",BDS,SM,26,mbbs_p2_final.pdf
2025,2,4322,14365,General,SM,SGD,"St. Gregorios Dental College, Chelad, Kothamangalam",BDS,SM,38,mbbs_p2_final.pdf
2025,2,4323,14366,BH,SM,PSD,"PSM College of Dental Sciences, Thrissur",BDS,SM,32,mbbs_p2_final.pdf
2025,2,4324,14373,SC,SC,PKM,"Government Medical College, Palakkad",MBBS,SC,1,mbbs_p2_final.pdf
2025,2,4325,14380,SC,SC,PKM,"Government Medical College, Palakkad",MBBS,SC,10,mbbs_p2_final.pdf
2025,2,4326,14386,MU,SM,MED,"MES Dental College, Perinthalmanna",BDS,SM,21,mbbs_p2_final.pdf
2025,2,4327,14406,General,SM,AZD,"Azeezia College of Dental Science, Meyyannoor, Kollam",BDS,SM,1,mbbs_p2_final.pdf
2025,2,4328,14415,MU,SM,MED,"MES Dental College, Perinthalmanna",BDS,SM,45,mbbs_p2_final.pdf
2025,2,4329,14445,SC,SC,PKM,"Government Medical College, Palakkad",MBBS,SC,10,mbbs_p2_final.pdf
2025,2,4330,14458,SC,SC,IDM,Government Medical College Idukki,MBBS,SC,9,mbbs_p2_final.pdf
2025,2,4331,14468,MU,SM,KMD,"KMCT Dental College, Mambatta, Mukkam, Kozhikode",BDS,SM,7,mbbs_p2_final.pdf
2025,2,4332,14508,General,AC,PMD,"Pushpagiri College of Dental Science, Thiruvalla",BDS,AC,36,mbbs_p2_final.pdf
2025,2,4333,14509,KN,KN,PIM,"Palakkad Institute of Medical Sciences, Walayar",MBBS,KN,23,mbbs_p2_final.pdf
2025,2,4334,14511,BH,SM,PMS,"PMS College of Dental Sciences, Vattappara, TVPM",BDS,SM,21,mbbs_p2_final.pdf
2025,2,4335,14512,BX,BX,MBD,"Mar Baselious Dental College, Kothamangalam",BDS,BX,42,mbbs_p2_final.pdf
2025,2,4336,14522,BH,SM,MED,"MES Dental College, Perinthalmanna",BDS,SM,35,mbbs_p2_final.pdf
2025,2,4337,14549,General,NR,BCM,"Believers Church Medical College Hospital, Thiruvalla",MBBS,NR,19,mbbs_p2_final.pdf
2025,2,4338,14556,SC,SC,PKM,"Government Medical College, Palakkad",MBBS,SC,10,mbbs_p2_final.pdf
2025,2,4339,14558,VK,SM,ADC,"Annoor Dental College, Puthuppady, Muvattupuzha",BDS,SM,41,mbbs_p2_final.pdf
2025,2,4340,14588,MU,SM,KMD,"KMCT Dental College, Mambatta, Mukkam, Kozhikode",BDS,SM,47,mbbs_p2_final.pdf
2025,2,4341,14601,EW,EW,DMM,"Dr. Moopens Medical College, Meppadi, Wayanad",MBBS,EW,1,mbbs_p2_final.pdf
2025,2,4342,14615,MU,SM,AID,"Sree Anjaneya Institue of Dental Scinces, Atholi, Kozhikode",BDS,SM,1,mbbs_p2_final.pdf
2025,2,4343,14634,MU,SM,KMD,"KMCT Dental College, Mambatta, Mukkam, Kozhikode",BDS,SM,21,mbbs_p2_final.pdf
2025,2,4344,14639,MU,SM,MED,"MES Dental College, Perinthalmanna",BDS,SM,34,mbbs_p2_final.pdf
2025,2,4345,14641,SC,SC,GMC,"Sree Gokulam Medical College, Venjaramoodu, TVPM",MBBS,SC,8,mbbs_p2_final.pdf
2025,2,4346,14643,SC,SC,KCM,"KMCT Medical College, Mukkom, Kozikkode",MBBS,SC,1,mbbs_p2_final.pdf
2025,2,4347,14646,SC,SC,PKM,"Government Medical College, Palakkad",MBBS,SC,10,mbbs_p2_final.pdf
2025,2,4348,14648,MU,SM,KMD,"KMCT Dental College, Mambatta, Mukkam, Kozhikode",BDS,SM,47,mbbs_p2_final.pdf
2025,2,4349,14651,General,AC,PMD,"Pushpagiri College of Dental Science, Thiruvalla",BDS,AC,42,mbbs_p2_final.pdf
2025,2,4350,14670,MU,SM,KMD,"KMCT Dental College, Mambatta, Mukkam, Kozhikode",BDS,SM,47,mbbs_p2_final.pdf
2025,2,4351,14690,MU,SM,KMD,"KMCT Dental College, Mambatta, Mukkam, Kozhikode",BDS,SM,47,mbbs_p2_final.pdf
2025,2,4352,14695,General,SM,AID,"Sree Anjaneya Institue of Dental Scinces, Atholi, Kozhikode",BDS,SM,24,mbbs_p2_final.pdf
2025,2,4353,14704,SC,SC,PKM,"Government Medical College, Palakkad",MBBS,SC,11,mbbs_p2_final.pdf
2025,2,4354,14708,SC,SC,PKM,"Government Medical College, Palakkad",MBBS,SC,10,mbbs_p2_final.pdf
2025,2,4355,14723,BX,AC,PMD,"Pushpagiri College of Dental Science, Thiruvalla",BDS,AC,21,mbbs_p2_final.pdf
2025,2,4356,14734,LA,LA,MBD,"Mar Baselious Dental College, Kothamangalam",BDS,LA,23,mbbs_p2_final.pdf
2025,2,4357,14736,SC,SC,PKM,"Government Medical College, Palakkad",MBBS,SC,7,mbbs_p2_final.pdf
2025,2,4358,14754,VK,SM,PMS,"PMS College of Dental Sciences, Vattappara, TVPM",BDS,SM,41,mbbs_p2_final.pdf
2025,2,4359,14764,General,SM,ADC,"Annoor Dental College, Puthuppady, Muvattupuzha",BDS,SM,41,mbbs_p2_final.pdf
2025,2,4360,14770,EW,EW,KDM,"P K Das Institute of Medical Sciences, Ottapalam",MBBS,EW,16,mbbs_p2_final.pdf
2025,2,4361,14772,EW,EW,DMM,"Dr. Moopens Medical College, Meppadi, Wayanad",MBBS,EW,4,mbbs_p2_final.pdf
2025,2,4362,14784,General,SM,SGD,"St. Gregorios Dental College, Chelad, Kothamangalam",BDS,SM,42,mbbs_p2_final.pdf
2025,2,4363,14795,EZ,SM,NID,"Noorul Islam College of Dental Science, Neyyattinkara",BDS,SM,21,mbbs_p2_final.pdf
2025,2,4364,14800,DV,SM,PMS,"PMS College of Dental Sciences, Vattappara, TVPM",BDS,SM,1,mbbs_p2_final.pdf
2025,2,4365,14803,SC,SC,KSM,"Govt. Medical College, Kasaragod",MBBS,SC,1,mbbs_p2_final.pdf
2025,2,4366,14819,General,SM,AAD,"Al Azhar Dental College, Thodupuzha",BDS,SM,41,mbbs_p2_final.pdf
2025,2,4367,14835,SC,SC,PKM,"Government Medical College, Palakkad",MBBS,SC,2,mbbs_p2_final.pdf
2025,2,4368,14837,SC,SC,GMC,"Sree Gokulam Medical College, Venjaramoodu, TVPM",MBBS,SC,12,mbbs_p2_final.pdf
2025,2,4369,14842,SC,SC,MMH,"Malabar Medical College Hospital, Kozhikkode",MBBS,SC,4,mbbs_p2_final.pdf
2025,2,4370,14850,MU,MU,PMD,"Pushpagiri College of Dental Science, Thiruvalla",BDS,MU,41,mbbs_p2_final.pdf
2025,2,4371,14851,LA,LA,KMD,"KMCT Dental College, Mambatta, Mukkam, Kozhikode",BDS,LA,1,mbbs_p2_final.pdf
2025,2,4372,14855,ST,ST,TVM,"Govt. Medical College, Thiruvananthapuram",MBBS,ST,1,mbbs_p2_final.pdf
2025,2,4373,14868,MU,SM,MED,"MES Dental College, Perinthalmanna",BDS,SM,47,mbbs_p2_final.pdf
2025,2,4374,14879,KU,KU,KTM,"Govt. Medical College, Kottayam",MBBS,KU,1,mbbs_p2_final.pdf
2025,2,4375,14881,MU,MU,KMD,"KMCT Dental College, Mambatta, Mukkam, Kozhikode",BDS,MU,44,mbbs_p2_final.pdf
2025,2,4376,14887,SC,SC,PKM,"Government Medical College, Palakkad",MBBS,SC,10,mbbs_p2_final.pdf
2025,2,4377,14903,ST,ST,TCM,"Govt. Medical College, Thrissur",MBBS,ST,2,mbbs_p2_final.pdf
2025,2,4378,14910,General,PI,ALP,"T D Govt. Medical College, Alappuzha",MBBS,PI,1,mbbs_p2_final.pdf
2025,2,4379,14912,MU,SM,MED,"MES Dental College, Perinthalmanna",BDS,SM,47,mbbs_p2_final.pdf
2025,2,4380,14932,General,NR,AMC,"Amala Institute of Medical Sciences, Thrissur",MBBS,NR,36,mbbs_p2_final.pdf
2025,2,4381,14935,General,NC,JMC,"Jubilee Mission Medical College, Thrisur",MBBS,NC,28,mbbs_p2_final.pdf
2025,2,4382,14936,General,SM,MED,"MES Dental College, Perinthalmanna",BDS,SM,22,mbbs_p2_final.pdf
2025,2,4383,14937,KN,KN,KTD,"Govt. Dental College, Kottayam",BDS,KN,20,mbbs_p2_final.pdf
2025,2,4384,14941,General,SM,PMS,"PMS College of Dental Sciences, Vattappara, TVPM",BDS,SM,9,mbbs_p2_final.pdf
2025,2,4385,14949,MU,MU,KMD,"KMCT Dental College, Mambatta, Mukkam, Kozhikode",BDS,MU,5,mbbs_p2_final.pdf
2025,2,4386,14954,SC,SC,PKM,"Government Medical College, Palakkad",MBBS,SC,8,mbbs_p2_final.pdf
2025,2,4387,14958,SC,SC,PKM,"Government Medical College, Palakkad",MBBS,SC,7,mbbs_p2_final.pdf
2025,2,4388,14976,SC,SC,PKM,"Government Medical College, Palakkad",MBBS,SC,8,mbbs_p2_final.pdf
2025,2,4389,14981,General,SM,ADC,"Annoor Dental College, Puthuppady, Muvattupuzha",BDS,SM,41,mbbs_p2_final.pdf
2025,2,4390,15004,MU,SM,EID,"Educare Institute of Dental Sciences, Malappuram",BDS,SM,1,mbbs_p2_final.pdf
2025,2,4391,15021,MU,SM,MED,"MES Dental College, Perinthalmanna",BDS,SM,21,mbbs_p2_final.pdf
2025,2,4392,15025,EW,EW,KDM,"P K Das Institute of Medical Sciences, Ottapalam",MBBS,EW,1,mbbs_p2_final.pdf
2025,2,4393,15055,MU,SM,MED,"MES Dental College, Perinthalmanna",BDS,SM,21,mbbs_p2_final.pdf
2025,2,4394,15076,General,NR,AMC,"Amala Institute of Medical Sciences, Thrissur",MBBS,NR,5,mbbs_p2_final.pdf
2025,2,4395,15085,SC,SC,PKM,"Government Medical College, Palakkad",MBBS,SC,1,mbbs_p2_final.pdf
2025,2,4396,15096,SC,SC,WYM,"Govt. Medical College, Wayanad",MBBS,SC,6,mbbs_p2_final.pdf
2025,2,4397,15098,SC,SC,MMH,"Malabar Medical College Hospital, Kozhikkode",MBBS,SC,1,mbbs_p2_final.pdf
2025,2,4398,15109,SC,SC,WYM,"Govt. Medical College, Wayanad",MBBS,SC,11,mbbs_p2_final.pdf
2025,2,4399,15113,DV,DV,KMD,"KMCT Dental College, Mambatta, Mukkam, Kozhikode",BDS,DV,28,mbbs_p2_final.pdf
2025,2,4400,15148,EW,EW,KDM,"P K Das Institute of Medical Sciences, Ottapalam",MBBS,EW,23,mbbs_p2_final.pdf
2025,2,4401,15154,VK,VK,MBD,"Mar Baselious Dental College, Kothamangalam",BDS,VK,42,mbbs_p2_final.pdf
2025,2,4402,15158,EW,EW,SIM,"Sree Narayana Institute of Medical Sciences, Chalakka, Ernakulam.",MBBS,EW,18,mbbs_p2_final.pdf
2025,2,4403,15167,MU,SM,MED,"MES Dental College, Perinthalmanna",BDS,SM,29,mbbs_p2_final.pdf
2025,2,4404,15183,SC,SC,GMC,"Sree Gokulam Medical College, Venjaramoodu, TVPM",MBBS,SC,10,mbbs_p2_final.pdf
2025,2,4405,15188,General,NR,AMC,"Amala Institute of Medical Sciences, Thrissur",MBBS,NR,30,mbbs_p2_final.pdf
2025,2,4406,15189,SC,SC,KCM,"KMCT Medical College, Mukkom, Kozikkode",MBBS,SC,13,mbbs_p2_final.pdf
2025,2,4407,15190,General,NC,AMC,"Amala Institute of Medical Sciences, Thrissur",MBBS,NC,26,mbbs_p2_final.pdf
2025,2,4408,15191,General,AC,PMD,"Pushpagiri College of Dental Science, Thiruvalla",BDS,AC,22,mbbs_p2_final.pdf
2025,2,4409,15211,SC,SC,KSM,"Govt. Medical College, Kasaragod",MBBS,SC,13,mbbs_p2_final.pdf
2025,2,4410,15212,EW,EW,DMM,"Dr. Moopens Medical College, Meppadi, Wayanad",MBBS,EW,22,mbbs_p2_final.pdf
2025,2,4411,15226,MU,SM,MED,"MES Dental College, Perinthalmanna",BDS,SM,21,mbbs_p2_final.pdf
2025,2,4412,15228,SC,SC,WYM,"Govt. Medical College, Wayanad",MBBS,SC,12,mbbs_p2_final.pdf
2025,2,4413,15239,SC,SC,KKD,"Govt. Dental College, Kozhikkode",BDS,SC,15,mbbs_p2_final.pdf
2025,2,4414,15249,MU,SM,AAD,"Al Azhar Dental College, Thodupuzha",BDS,SM,21,mbbs_p2_final.pdf
2025,2,4415,15272,MU,NR,EMC,"MES Medical College, Perinthalmanna, Malappuram",MBBS,NR,31,mbbs_p2_final.pdf
2025,2,4416,15274,ST,ST,KTM,"Govt. Medical College, Kottayam",MBBS,ST,1,mbbs_p2_final.pdf
2025,2,4417,15275,EW,EW,KDM,"P K Das Institute of Medical Sciences, Ottapalam",MBBS,EW,30,mbbs_p2_final.pdf
2025,2,4418,15282,SC,SC,MMH,"Malabar Medical College Hospital, Kozhikkode",MBBS,SC,14,mbbs_p2_final.pdf
2025,2,4419,15315,SC,SC,MMH,"Malabar Medical College Hospital, Kozhikkode",MBBS,SC,12,mbbs_p2_final.pdf
2025,2,4420,15346,EW,EW,DMM,"Dr. Moopens Medical College, Meppadi, Wayanad",MBBS,EW,26,mbbs_p2_final.pdf
2025,2,4421,15375,MU,SM,PMS,"PMS College of Dental Sciences, Vattappara, TVPM",BDS,SM,8,mbbs_p2_final.pdf
2025,2,4422,15389,EZ,SM,EID,"Educare Institute of Dental Sciences, Malappuram",BDS,SM,9,mbbs_p2_final.pdf
2025,2,4423,15390,EZ,SM,PMS,"PMS College of Dental Sciences, Vattappara, TVPM",BDS,SM,6,mbbs_p2_final.pdf
2025,2,4424,15404,KN,KN,KND,"Government Dental College, Kannur",BDS,KN,16,mbbs_p2_final.pdf
2025,2,4425,15428,General,SM,SGD,"St. Gregorios Dental College, Chelad, Kothamangalam",BDS,SM,3,mbbs_p2_final.pdf
2025,2,4426,15430,General,NC,JMC,"Jubilee Mission Medical College, Thrisur",MBBS,NC,3,mbbs_p2_final.pdf
2025,2,4427,15439,SC,SC,KDM,"P K Das Institute of Medical Sciences, Ottapalam",MBBS,SC,15,mbbs_p2_final.pdf
2025,2,4428,15442,MU,MU,KMD,"KMCT Dental College, Mambatta, Mukkam, Kozhikode",BDS,MU,22,mbbs_p2_final.pdf
2025,2,4429,15454,General,NC,AMC,"Amala Institute of Medical Sciences, Thrissur",MBBS,NC,30,mbbs_p2_final.pdf
2025,2,4430,15463,EZ,EZ,KMD,"KMCT Dental College, Mambatta, Mukkam, Kozhikode",BDS,EZ,3,mbbs_p2_final.pdf
2025,2,4431,15464,EW,EW,KDM,"P K Das Institute of Medical Sciences, Ottapalam",MBBS,EW,1,mbbs_p2_final.pdf
2025,2,4432,15474,MU,NR,EMC,"MES Medical College, Perinthalmanna, Malappuram",MBBS,NR,36,mbbs_p2_final.pdf
2025,2,4433,15479,SC,SC,MMC,"Malankara Orthodox Syrian Church MediCollege, Kolenchery",MBBS,SC,15,mbbs_p2_final.pdf
2025,2,4434,15481,LA,PI,CMC,"Govt. Medical College, Ernakulam",MBBS,PI,1,mbbs_p2_final.pdf
2025,2,4435,15483,EZ,PD,TVM,"Govt. Medical College, Thiruvananthapuram",MBBS,PD,1,mbbs_p2_final.pdf
2025,2,4436,15484,SC,SC,SUC,"SUT Accademy of Medical Sciences, Thiruvananthapuram",MBBS,SC,15,mbbs_p2_final.pdf
2025,2,4437,15486,General,NR,PMC,"Pushpagiri Institute of Medical Science, Thiruvalla",MBBS,NR,42,mbbs_p2_final.pdf
2025,2,4438,15487,SC,SC,KKD,"Govt. Dental College, Kozhikkode",BDS,SC,15,mbbs_p2_final.pdf
2025,2,4439,15497,SC,SC,MMH,"Malabar Medical College Hospital, Kozhikkode",MBBS,SC,15,mbbs_p2_final.pdf
2025,2,4440,15511,EZ,EZ,KMD,"KMCT Dental College, Mambatta, Mukkam, Kozhikode",BDS,EZ,1,mbbs_p2_final.pdf
2025,2,4441,15516,General,PD,TVM,"Govt. Medical College, Thiruvananthapuram",MBBS,PD,1,mbbs_p2_final.pdf
2025,2,4442,15525,MU,MU,KMD,"KMCT Dental College, Mambatta, Mukkam, Kozhikode",BDS,MU,36,mbbs_p2_final.pdf
2025,2,4443,15531,LA,SM,PMS,"PMS College of Dental Sciences, Vattappara, TVPM",BDS,SM,1,mbbs_p2_final.pdf
2025,2,4444,15533,BH,SM,AZD,"Azeezia College of Dental Science, Meyyannoor, Kollam",BDS,SM,1,mbbs_p2_final.pdf
2025,2,4445,15548,BH,BH,KMD,"KMCT Dental College, Mambatta, Mukkam, Kozhikode",BDS,BH,33,mbbs_p2_final.pdf
2025,2,4446,15570,General,CC,KTM,"Govt. Medical College, Kottayam",MBBS,CC,1,mbbs_p2_final.pdf
2025,2,4447,15585,MU,MU,KMD,"KMCT Dental College, Mambatta, Mukkam, Kozhikode",BDS,MU,47,mbbs_p2_final.pdf
2025,2,4448,15595,EW,EW,DMM,"Dr. Moopens Medical College, Meppadi, Wayanad",MBBS,EW,32,mbbs_p2_final.pdf
2025,2,4449,15614,EZ,EZ,KMD,"KMCT Dental College, Mambatta, Mukkam, Kozhikode",BDS,EZ,41,mbbs_p2_final.pdf
2025,2,4450,15618,MU,SM,MED,"MES Dental College, Perinthalmanna",BDS,SM,19,mbbs_p2_final.pdf
2025,2,4451,15624,SC,SC,KCM,"KMCT Medical College, Mukkom, Kozikkode",MBBS,SC,15,mbbs_p2_final.pdf
2025,2,4452,15639,SC,SC,MMH,"Malabar Medical College Hospital, Kozhikkode",MBBS,SC,5,mbbs_p2_final.pdf
2025,2,4453,15649,MU,NR,BCM,"Believers Church Medical College Hospital, Thiruvalla",MBBS,NR,42,mbbs_p2_final.pdf
2025,2,4454,15657,General,NC,BCM,"Believers Church Medical College Hospital, Thiruvalla",MBBS,NC,17,mbbs_p2_final.pdf
2025,2,4455,15659,EW,EW,KDM,"P K Das Institute of Medical Sciences, Ottapalam",MBBS,EW,27,mbbs_p2_final.pdf
2025,2,4456,15664,SC,SC,GMC,"Sree Gokulam Medical College, Venjaramoodu, TVPM",MBBS,SC,7,mbbs_p2_final.pdf
2025,2,4457,15669,SC,SC,SIM,"Sree Narayana Institute of Medical Sciences, Chalakka, Ernakulam.",MBBS,SC,18,mbbs_p2_final.pdf
2025,2,4458,15690,BH,SM,PMS,"PMS College of Dental Sciences, Vattappara, TVPM",BDS,SM,43,mbbs_p2_final.pdf
2025,2,4459,15699,VK,SM,SGD,"St. Gregorios Dental College, Chelad, Kothamangalam",BDS,SM,9,mbbs_p2_final.pdf
2025,2,4460,15708,SC,SC,GMC,"Sree Gokulam Medical College, Venjaramoodu, TVPM",MBBS,SC,11,mbbs_p2_final.pdf
2025,2,4461,15731,General,NC,AMC,"Amala Institute of Medical Sciences, Thrissur",MBBS,NC,22,mbbs_p2_final.pdf
2025,2,4462,15741,MU,MU,KMD,"KMCT Dental College, Mambatta, Mukkam, Kozhikode",BDS,MU,21,mbbs_p2_final.pdf
2025,2,4463,15750,SC,SC,BCM,"Believers Church Medical College Hospital, Thiruvalla",MBBS,SC,16,mbbs_p2_final.pdf
2025,2,4464,15753,KU,KU,CMC,"Govt. Medical College, Ernakulam",MBBS,KU,6,mbbs_p2_final.pdf
2025,2,4465,15756,SC,SC,SIM,"Sree Narayana Institute of Medical Sciences, Chalakka, Ernakulam.",MBBS,SC,8,mbbs_p2_final.pdf
2025,2,4466,15760,SC,SC,EMC,"MES Medical College, Perinthalmanna, Malappuram",MBBS,SC,18,mbbs_p2_final.pdf
2025,2,4467,15763,SC,SC,TRM,"Travancore Medical College, Umayanalloor, Kollam",MBBS,SC,18,mbbs_p2_final.pdf
2025,2,4468,15766,General,AC,PMD,"Pushpagiri College of Dental Science, Thiruvalla",BDS,AC,49,mbbs_p2_final.pdf
2025,2,4469,15768,SC,SC,DMM,"Dr. Moopens Medical College, Meppadi, Wayanad",MBBS,SC,8,mbbs_p2_final.pdf
2025,2,4470,15771,SC,SC,KCM,"KMCT Medical College, Mukkom, Kozikkode",MBBS,SC,14,mbbs_p2_final.pdf
2025,2,4471,15774,MU,NR,GMC,"Sree Gokulam Medical College, Venjaramoodu, TVPM",MBBS,NR,1,mbbs_p2_final.pdf
2025,2,4472,15790,General,AC,PMD,"Pushpagiri College of Dental Science, Thiruvalla",BDS,AC,28,mbbs_p2_final.pdf
2025,2,4473,15804,General,SM,MED,"MES Dental College, Perinthalmanna",BDS,SM,48,mbbs_p2_final.pdf
2025,2,4474,15834,MU,SM,ADC,"Annoor Dental College, Puthuppady, Muvattupuzha",BDS,SM,47,mbbs_p2_final.pdf
2025,2,4475,15836,MU,CC,IDM,Government Medical College Idukki,MBBS,CC,6,mbbs_p2_final.pdf
2025,2,4476,15852,SC,SC,AAM,"Al Azhar Medical college, Thodupuzha",MBBS,SC,1,mbbs_p2_final.pdf
2025,2,4477,15855,SC,SC,TRM,"Travancore Medical College, Umayanalloor, Kollam",MBBS,SC,16,mbbs_p2_final.pdf
2025,2,4478,15868,SC,SC,KMM,"Karuna Medical College, Vilayodi, Palakkad",MBBS,SC,15,mbbs_p2_final.pdf
2025,2,4479,15891,General,AC,MBD,"Mar Baselious Dental College, Kothamangalam",BDS,AC,49,mbbs_p2_final.pdf
2025,2,4480,15894,BH,BH,KMD,"KMCT Dental College, Mambatta, Mukkam, Kozhikode",BDS,BH,37,mbbs_p2_final.pdf
2025,2,4481,15908,MU,SM,PMS,"PMS College of Dental Sciences, Vattappara, TVPM",BDS,SM,47,mbbs_p2_final.pdf
2025,2,4482,15932,MU,MM,PMS,"PMS College of Dental Sciences, Vattappara, TVPM",BDS,MM,7,mbbs_p2_final.pdf
2025,2,4483,15947,SC,SC,MMH,"Malabar Medical College Hospital, Kozhikkode",MBBS,SC,3,mbbs_p2_final.pdf
2025,2,4484,15959,SC,SC,SIM,"Sree Narayana Institute of Medical Sciences, Chalakka, Ernakulam.",MBBS,SC,13,mbbs_p2_final.pdf
2025,2,4485,15965,SC,SC,SMC,"Dr. Somervell Memorial CSI Medical College, Karakonam",MBBS,SC,21,mbbs_p2_final.pdf
2025,2,4486,15969,SC,SC,KCM,"KMCT Medical College, Mukkom, Kozikkode",MBBS,SC,10,mbbs_p2_final.pdf
2025,2,4487,15975,EZ,EZ,MBD,"Mar Baselious Dental College, Kothamangalam",BDS,EZ,21,mbbs_p2_final.pdf
2025,2,4488,15989,SC,SC,KDM,"P K Das Institute of Medical Sciences, Ottapalam",MBBS,SC,8,mbbs_p2_final.pdf
2025,2,4489,15995,MU,SM,PMS,"PMS College of Dental Sciences, Vattappara, TVPM",BDS,SM,7,mbbs_p2_final.pdf
2025,2,4490,15999,DV,SM,PMS,"PMS College of Dental Sciences, Vattappara, TVPM",BDS,SM,43,mbbs_p2_final.pdf
2025,2,4491,16030,EZ,EZ,MBD,"Mar Baselious Dental College, Kothamangalam",BDS,EZ,21,mbbs_p2_final.pdf
2025,2,4492,16035,General,SM,PMS,"PMS College of Dental Sciences, Vattappara, TVPM",BDS,SM,41,mbbs_p2_final.pdf
2025,2,4493,16038,MU,SM,PSD,"PSM College of Dental Sciences, Thrissur",BDS,SM,38,mbbs_p2_final.pdf
2025,2,4494,16044,MU,SM,AID,"Sree Anjaneya Institue of Dental Scinces, Atholi, Kozhikode",BDS,SM,48,mbbs_p2_final.pdf
2025,2,4495,16049,General,SM,PMS,"PMS College of Dental Sciences, Vattappara, TVPM",BDS,SM,38,mbbs_p2_final.pdf
2025,2,4496,16054,SC,SC,KCM,"KMCT Medical College, Mukkom, Kozikkode",MBBS,SC,16,mbbs_p2_final.pdf
2025,2,4497,16077,SC,SC,SUC,"SUT Accademy of Medical Sciences, Thiruvananthapuram",MBBS,SC,20,mbbs_p2_final.pdf
2025,2,4498,16080,SC,SC,SUC,"SUT Accademy of Medical Sciences, Thiruvananthapuram",MBBS,SC,14,mbbs_p2_final.pdf
2025,2,4499,16084,EZ,EZ,KMD,"KMCT Dental College, Mambatta, Mukkam, Kozhikode",BDS,EZ,1,mbbs_p2_final.pdf
2025,2,4500,16100,General,AC,PMD,"Pushpagiri College of Dental Science, Thiruvalla",BDS,AC,18,mbbs_p2_final.pdf
2025,2,4501,16122,MU,MU,KMD,"KMCT Dental College, Mambatta, Mukkam, Kozhikode",BDS,MU,7,mbbs_p2_final.pdf
2025,2,4502,16129,EW,EW,KDM,"P K Das Institute of Medical Sciences, Ottapalam",MBBS,EW,31,mbbs_p2_final.pdf
2025,2,4503,16162,SC,SC,TRM,"Travancore Medical College, Umayanalloor, Kollam",MBBS,SC,14,mbbs_p2_final.pdf
2025,2,4504,16163,General,AC,MBD,"Mar Baselious Dental College, Kothamangalam",BDS,AC,39,mbbs_p2_final.pdf
2025,2,4505,16175,MU,SM,PMS,"PMS College of Dental Sciences, Vattappara, TVPM",BDS,SM,9,mbbs_p2_final.pdf
2025,2,4506,16176,General,SM,SGD,"St. Gregorios Dental College, Chelad, Kothamangalam",BDS,SM,22,mbbs_p2_final.pdf
2025,2,4507,16209,SC,SC,SMC,"Dr. Somervell Memorial CSI Medical College, Karakonam",MBBS,SC,18,mbbs_p2_final.pdf
2025,2,4508,16225,BH,BH,KMD,"KMCT Dental College, Mambatta, Mukkam, Kozhikode",BDS,BH,41,mbbs_p2_final.pdf
2025,2,4509,16230,EW,EW,KDM,"P K Das Institute of Medical Sciences, Ottapalam",MBBS,EW,18,mbbs_p2_final.pdf
2025,2,4510,16238,MU,SM,MLD,"Malabar Dental College, Edappal",BDS,SM,1,mbbs_p2_final.pdf
2025,2,4511,16241,MU,MU,KMD,"KMCT Dental College, Mambatta, Mukkam, Kozhikode",BDS,MU,29,mbbs_p2_final.pdf
2025,2,4512,16251,MU,SM,PSD,"PSM College of Dental Sciences, Thrissur",BDS,SM,16,mbbs_p2_final.pdf
2025,2,4513,16268,MU,SM,MED,"MES Dental College, Perinthalmanna",BDS,SM,48,mbbs_p2_final.pdf
2025,2,4514,16270,EZ,EZ,MBD,"Mar Baselious Dental College, Kothamangalam",BDS,EZ,21,mbbs_p2_final.pdf
2025,2,4515,16271,SC,SC,AZC,"Azeezia Institute of Medi Science, Meyyannoor, Kollam",MBBS,SC,11,mbbs_p2_final.pdf
2025,2,4516,16296,EZ,EZ,KMD,"KMCT Dental College, Mambatta, Mukkam, Kozhikode",BDS,EZ,41,mbbs_p2_final.pdf
2025,2,4517,16310,ST,ST,KTM,"Govt. Medical College, Kottayam",MBBS,ST,1,mbbs_p2_final.pdf
2025,2,4518,16316,BH,BH,PMS,"PMS College of Dental Sciences, Vattappara, TVPM",BDS,BH,43,mbbs_p2_final.pdf
2025,2,4519,16328,General,AC,PMD,"Pushpagiri College of Dental Science, Thiruvalla",BDS,AC,8,mbbs_p2_final.pdf
2025,2,4520,16329,SC,SC,SUC,"SUT Accademy of Medical Sciences, Thiruvananthapuram",MBBS,SC,15,mbbs_p2_final.pdf
2025,2,4521,16337,SC,SC,KDM,"P K Das Institute of Medical Sciences, Ottapalam",MBBS,SC,15,mbbs_p2_final.pdf
2025,2,4522,16357,General,AC,PMD,"Pushpagiri College of Dental Science, Thiruvalla",BDS,AC,49,mbbs_p2_final.pdf
2025,2,4523,16358,General,SM,ADC,"Annoor Dental College, Puthuppady, Muvattupuzha",BDS,SM,3,mbbs_p2_final.pdf
2025,2,4524,16378,SC,SC,MMH,"Malabar Medical College Hospital, Kozhikkode",MBBS,SC,12,mbbs_p2_final.pdf
2025,2,4525,16384,MU,SM,EID,"Educare Institute of Dental Sciences, Malappuram",BDS,SM,1,mbbs_p2_final.pdf
2025,2,4526,16396,SC,SC,SUC,"SUT Accademy of Medical Sciences, Thiruvananthapuram",MBBS,SC,18,mbbs_p2_final.pdf
2025,2,4527,16397,General,SM,SGD,"St. Gregorios Dental College, Chelad, Kothamangalam",BDS,SM,23,mbbs_p2_final.pdf
2025,2,4528,16413,EZ,SM,TRD,"Travancore DentalCollege, Kollam",BDS,SM,39,mbbs_p2_final.pdf
2025,2,4529,16417,General,AC,PMD,"Pushpagiri College of Dental Science, Thiruvalla",BDS,AC,47,mbbs_p2_final.pdf
2025,2,4530,16418,General,SM,AAD,"Al Azhar Dental College, Thodupuzha",BDS,SM,44,mbbs_p2_final.pdf
2025,2,4531,16422,SC,SC,SUC,"SUT Accademy of Medical Sciences, Thiruvananthapuram",MBBS,SC,17,mbbs_p2_final.pdf
2025,2,4532,16444,MU,SM,AAD,"Al Azhar Dental College, Thodupuzha",BDS,SM,1,mbbs_p2_final.pdf
2025,2,4533,16475,General,SM,SGD,"St. Gregorios Dental College, Chelad, Kothamangalam",BDS,SM,4,mbbs_p2_final.pdf
2025,2,4534,16479,BH,SM,MED,"MES Dental College, Perinthalmanna",BDS,SM,41,mbbs_p2_final.pdf
2025,2,4535,16487,MU,SM,MED,"MES Dental College, Perinthalmanna",BDS,SM,22,mbbs_p2_final.pdf
2025,2,4536,16502,MU,SM,MED,"MES Dental College, Perinthalmanna",BDS,SM,47,mbbs_p2_final.pdf
2025,2,4537,16507,MU,MM,ADC,"Annoor Dental College, Puthuppady, Muvattupuzha",BDS,MM,21,mbbs_p2_final.pdf
2025,2,4538,16540,BX,BX,PMS,"PMS College of Dental Sciences, Vattappara, TVPM",BDS,BX,45,mbbs_p2_final.pdf
2025,2,4539,16557,SC,SC,PIM,"Palakkad Institute of Medical Sciences, Walayar",MBBS,SC,12,mbbs_p2_final.pdf
2025,2,4540,16569,SC,SC,KDM,"P K Das Institute of Medical Sciences, Ottapalam",MBBS,SC,18,mbbs_p2_final.pdf
2025,2,4541,16606,BH,BH,PMS,"PMS College of Dental Sciences, Vattappara, TVPM",BDS,BH,42,mbbs_p2_final.pdf
2025,2,4542,16609,DV,SM,SGD,"St. Gregorios Dental College, Chelad, Kothamangalam",BDS,SM,41,mbbs_p2_final.pdf
2025,2,4543,16616,MU,SM,MED,"MES Dental College, Perinthalmanna",BDS,SM,22,mbbs_p2_final.pdf
2025,2,4544,16617,General,AC,MBD,"Mar Baselious Dental College, Kothamangalam",BDS,AC,47,mbbs_p2_final.pdf
2025,2,4545,16631,SC,SC,AZC,"Azeezia Institute of Medi Science, Meyyannoor, Kollam",MBBS,SC,15,mbbs_p2_final.pdf
2025,2,4546,16647,BH,SM,ADC,"Annoor Dental College, Puthuppady, Muvattupuzha",BDS,SM,45,mbbs_p2_final.pdf
2025,2,4547,16659,MU,SM,MED,"MES Dental College, Perinthalmanna",BDS,SM,22,mbbs_p2_final.pdf
2025,2,4548,16663,General,SM,TRD,"Travancore DentalCollege, Kollam",BDS,SM,6,mbbs_p2_final.pdf
2025,2,4549,16667,General,NR,TRM,"Travancore Medical College, Umayanalloor, Kollam",MBBS,NR,24,mbbs_p2_final.pdf
2025,2,4550,16669,EZ,SM,AZD,"Azeezia College of Dental Science, Meyyannoor, Kollam",BDS,SM,35,mbbs_p2_final.pdf
2025,2,4551,16671,SC,SC,SIM,"Sree Narayana Institute of Medical Sciences, Chalakka, Ernakulam.",MBBS,SC,17,mbbs_p2_final.pdf
2025,2,4552,16677,SC,SC #,DMM,"Dr. Moopens Medical College, Meppadi, Wayanad",MBBS,SC #,20,mbbs_p2_final.pdf
2025,2,4553,16687,MU,SM,MED,"MES Dental College, Perinthalmanna",BDS,SM,48,mbbs_p2_final.pdf
2025,2,4554,16692,MU,SM,MED,"MES Dental College, Perinthalmanna",BDS,SM,22,mbbs_p2_final.pdf
2025,2,4555,16700,BH,SM,MED,"MES Dental College, Perinthalmanna",BDS,SM,1,mbbs_p2_final.pdf
2025,2,4556,16710,DV,SM,MED,"MES Dental College, Perinthalmanna",BDS,SM,33,mbbs_p2_final.pdf
2025,2,4557,16713,SC,SC,KCM,"KMCT Medical College, Mukkom, Kozikkode",MBBS,SC,10,mbbs_p2_final.pdf
2025,2,4558,16718,SC,SC,DMM,"Dr. Moopens Medical College, Meppadi, Wayanad",MBBS,SC,21,mbbs_p2_final.pdf
2025,2,4559,16726,EW,EW,PIM,"Palakkad Institute of Medical Sciences, Walayar",MBBS,EW,1,mbbs_p2_final.pdf
2025,2,4560,16732,SC,SC,MMH,"Malabar Medical College Hospital, Kozhikkode",MBBS,SC,18,mbbs_p2_final.pdf
2025,2,4561,16735,SC,SC,SUC,"SUT Accademy of Medical Sciences, Thiruvananthapuram",MBBS,SC,21,mbbs_p2_final.pdf
2025,2,4562,16743,KU,KU,KNM,Government Medical College Kannur,MBBS,KU,5,mbbs_p2_final.pdf
2025,2,4563,16746,DV,SM,AAD,"Al Azhar Dental College, Thodupuzha",BDS,SM,42,mbbs_p2_final.pdf
2025,2,4564,16759,EZ,EZ,KMD,"KMCT Dental College, Mambatta, Mukkam, Kozhikode",BDS,EZ,36,mbbs_p2_final.pdf
2025,2,4565,16768,KU,KU,GMC,"Sree Gokulam Medical College, Venjaramoodu, TVPM",MBBS,KU,1,mbbs_p2_final.pdf
2025,2,4566,16789,MU,MM,PMS,"PMS College of Dental Sciences, Vattappara, TVPM",BDS,MM,1,mbbs_p2_final.pdf
2025,2,4567,16790,SC,SC,SIM,"Sree Narayana Institute of Medical Sciences, Chalakka, Ernakulam.",MBBS,SC,14,mbbs_p2_final.pdf
2025,2,4568,16791,EW,EW,DMM,"Dr. Moopens Medical College, Meppadi, Wayanad",MBBS,EW,8,mbbs_p2_final.pdf
2025,2,4569,16794,MU,MM,PMS,"PMS College of Dental Sciences, Vattappara, TVPM",BDS,MM,48,mbbs_p2_final.pdf
2025,2,4570,16796,General,SM,IGD,"Indira Gandhi Institute of Dental Sciences, Kothamangalam",BDS,SM,32,mbbs_p2_final.pdf
2025,2,4571,16801,General,SM,AAD,"Al Azhar Dental College, Thodupuzha",BDS,SM,37,mbbs_p2_final.pdf
2025,2,4572,16804,General,SM,RDC,"Royal Dental College, Chalisery, Palakkad",BDS,SM,23,mbbs_p2_final.pdf
2025,2,4573,16822,SC,SC,DMM,"Dr. Moopens Medical College, Meppadi, Wayanad",MBBS,SC,1,mbbs_p2_final.pdf
2025,2,4574,16830,SC,SC,MZM,"Mount Zion Medical College, Pathanamthitta",MBBS,SC,17,mbbs_p2_final.pdf
2025,2,4575,16845,General,NR,MMC,"Malankara Orthodox Syrian Church MediCollege, Kolenchery",MBBS,NR,29,mbbs_p2_final.pdf
2025,2,4576,16850,General,NR,MMC,"Malankara Orthodox Syrian Church MediCollege, Kolenchery",MBBS,NR,36,mbbs_p2_final.pdf
2025,2,4577,16857,EZ,EZ,KMD,"KMCT Dental College, Mambatta, Mukkam, Kozhikode",BDS,EZ,41,mbbs_p2_final.pdf
2025,2,4578,16860,SC,SC,SIM,"Sree Narayana Institute of Medical Sciences, Chalakka, Ernakulam.",MBBS,SC,15,mbbs_p2_final.pdf
2025,2,4579,16866,SC,SC,TVD,"Govt. Dental College, Thiruvananthapuram",BDS,SC,15,mbbs_p2_final.pdf
2025,2,4580,16880,SC,SC,SUC,"SUT Accademy of Medical Sciences, Thiruvananthapuram",MBBS,SC,18,mbbs_p2_final.pdf
2025,2,4581,16890,MU,SM,AID,"Sree Anjaneya Institue of Dental Scinces, Atholi, Kozhikode",BDS,SM,48,mbbs_p2_final.pdf
2025,2,4582,16895,SC,SC,MMH,"Malabar Medical College Hospital, Kozhikkode",MBBS,SC,16,mbbs_p2_final.pdf
2025,2,4583,16898,EW,EW,KDM,"P K Das Institute of Medical Sciences, Ottapalam",MBBS,EW,32,mbbs_p2_final.pdf
2025,2,4584,16904,SC,SC,SIM,"Sree Narayana Institute of Medical Sciences, Chalakka, Ernakulam.",MBBS,SC,6,mbbs_p2_final.pdf
2025,2,4585,16905,EW,EW,PIM,"Palakkad Institute of Medical Sciences, Walayar",MBBS,EW,1,mbbs_p2_final.pdf
2025,2,4586,16906,General,NR,MMC,"Malankara Orthodox Syrian Church MediCollege, Kolenchery",MBBS,NR,33,mbbs_p2_final.pdf
2025,2,4587,16908,BH,SM,MED,"MES Dental College, Perinthalmanna",BDS,SM,41,mbbs_p2_final.pdf
2025,2,4588,16910,General,PT,TCM,"Govt. Medical College, Thrissur",MBBS,PT,1,mbbs_p2_final.pdf
2025,2,4589,16914,BX,SM,AZD,"Azeezia College of Dental Science, Meyyannoor, Kollam",BDS,SM,41,mbbs_p2_final.pdf
2025,2,4590,16916,General,SM,PSD,"PSM College of Dental Sciences, Thrissur",BDS,SM,21,mbbs_p2_final.pdf
2025,2,4591,16922,VK,SM,ADC,"Annoor Dental College, Puthuppady, Muvattupuzha",BDS,SM,7,mbbs_p2_final.pdf
2025,2,4592,16924,EZ,EZ,MBD,"Mar Baselious Dental College, Kothamangalam",BDS,EZ,21,mbbs_p2_final.pdf
2025,2,4593,16929,EZ,SM,ADC,"Annoor Dental College, Puthuppady, Muvattupuzha",BDS,SM,3,mbbs_p2_final.pdf
2025,2,4594,16936,SC,SC,MMH,"Malabar Medical College Hospital, Kozhikkode",MBBS,SC,19,mbbs_p2_final.pdf
2025,2,4595,16938,SC,SC,MMH,"Malabar Medical College Hospital, Kozhikkode",MBBS,SC,16,mbbs_p2_final.pdf
2025,2,4596,16946,SC,SC,KDM,"P K Das Institute of Medical Sciences, Ottapalam",MBBS,SC,21,mbbs_p2_final.pdf
2025,2,4597,16959,KU,KU,MLP,"Govt. Medical College, Manjeri",MBBS,KU,2,mbbs_p2_final.pdf
2025,2,4598,16974,MU,SM,MED,"MES Dental College, Perinthalmanna",BDS,SM,47,mbbs_p2_final.pdf
2025,2,4599,16993,SC,SC,AAM,"Al Azhar Medical college, Thodupuzha",MBBS,SC,18,mbbs_p2_final.pdf
2025,2,4600,16995,MU,SM,MED,"MES Dental College, Perinthalmanna",BDS,SM,1,mbbs_p2_final.pdf
2025,2,4601,16997,SC,SC,KDM,"P K Das Institute of Medical Sciences, Ottapalam",MBBS,SC,21,mbbs_p2_final.pdf
2025,2,4602,17019,SC,SC,SIM,"Sree Narayana Institute of Medical Sciences, Chalakka, Ernakulam.",MBBS,SC,11,mbbs_p2_final.pdf
2025,2,4603,17020,SC,SC,MMH,"Malabar Medical College Hospital, Kozhikkode",MBBS,SC,19,mbbs_p2_final.pdf
2025,2,4604,17022,BH,SM,SVD,"Sri Sankara Dental College, Akathumuri, Varkala",BDS,SM,42,mbbs_p2_final.pdf
2025,2,4605,17032,SC,SC,SUC,"SUT Accademy of Medical Sciences, Thiruvananthapuram",MBBS,SC,14,mbbs_p2_final.pdf
2025,2,4606,17037,General,NR,MMC,"Malankara Orthodox Syrian Church MediCollege, Kolenchery",MBBS,NR,12,mbbs_p2_final.pdf
2025,2,4607,17041,SC,SC,PIM,"Palakkad Institute of Medical Sciences, Walayar",MBBS,SC,5,mbbs_p2_final.pdf
2025,2,4608,17044,MU,SM,ADC,"Annoor Dental College, Puthuppady, Muvattupuzha",BDS,SM,45,mbbs_p2_final.pdf
2025,2,4609,17052,MU,SM,MED,"MES Dental College, Perinthalmanna",BDS,SM,42,mbbs_p2_final.pdf
2025,2,4610,17055,BH,SM,MED,"MES Dental College, Perinthalmanna",BDS,SM,44,mbbs_p2_final.pdf
2025,2,4611,17065,EZ,EZ,KMD,"KMCT Dental College, Mambatta, Mukkam, Kozhikode",BDS,EZ,42,mbbs_p2_final.pdf
2025,2,4612,17066,BH,SM,EID,"Educare Institute of Dental Sciences, Malappuram",BDS,SM,37,mbbs_p2_final.pdf
2025,2,4613,17070,SC,SC,MZM,"Mount Zion Medical College, Pathanamthitta",MBBS,SC,22,mbbs_p2_final.pdf
2025,2,4614,17071,SC,SC,TCD,"Govt. Dental College, Thrissur",BDS,SC,15,mbbs_p2_final.pdf
2025,2,4615,17080,SC,SC,PIM,"Palakkad Institute of Medical Sciences, Walayar",MBBS,SC,1,mbbs_p2_final.pdf
2025,2,4616,17082,MU,MU,PMS,"PMS College of Dental Sciences, Vattappara, TVPM",BDS,MU,24,mbbs_p2_final.pdf
2025,2,4617,17084,MU,SM,MED,"MES Dental College, Perinthalmanna",BDS,SM,4,mbbs_p2_final.pdf
2025,2,4618,17108,EZ,EZ,PMS,"PMS College of Dental Sciences, Vattappara, TVPM",BDS,EZ,41,mbbs_p2_final.pdf
2025,2,4619,17139,EZ,EZ,PMS,"PMS College of Dental Sciences, Vattappara, TVPM",BDS,EZ,22,mbbs_p2_final.pdf
2025,2,4620,17141,SC,SC,KDM,"P K Das Institute of Medical Sciences, Ottapalam",MBBS,SC,17,mbbs_p2_final.pdf
2025,2,4621,17142,MU,SM,ADC,"Annoor Dental College, Puthuppady, Muvattupuzha",BDS,SM,48,mbbs_p2_final.pdf
2025,2,4622,17148,SC,SC,SUC,"SUT Accademy of Medical Sciences, Thiruvananthapuram",MBBS,SC,26,mbbs_p2_final.pdf
2025,2,4623,17180,MU,SM,MED,"MES Dental College, Perinthalmanna",BDS,SM,41,mbbs_p2_final.pdf
2025,2,4624,17185,BH,SM,ADC,"Annoor Dental College, Puthuppady, Muvattupuzha",BDS,SM,44,mbbs_p2_final.pdf
2025,2,4625,17199,BH,SM,ADC,"Annoor Dental College, Puthuppady, Muvattupuzha",BDS,SM,43,mbbs_p2_final.pdf
2025,2,4626,17200,General,SM,RDC,"Royal Dental College, Chalisery, Palakkad",BDS,SM,43,mbbs_p2_final.pdf
2025,2,4627,17204,SC,SC,SUC,"SUT Accademy of Medical Sciences, Thiruvananthapuram",MBBS,SC,15,mbbs_p2_final.pdf
2025,2,4628,17209,SC,SC,AAM,"Al Azhar Medical college, Thodupuzha",MBBS,SC,24,mbbs_p2_final.pdf
2025,2,4629,17221,SC,SC,SIM,"Sree Narayana Institute of Medical Sciences, Chalakka, Ernakulam.",MBBS,SC,20,mbbs_p2_final.pdf
2025,2,4630,17233,SC,CC,KKM,"Govt. Medical College, Kozhikkode",MBBS,CC,2,mbbs_p2_final.pdf
2025,2,4631,17237,BH,SM,SGD,"St. Gregorios Dental College, Chelad, Kothamangalam",BDS,SM,22,mbbs_p2_final.pdf
2025,2,4632,17251,SC,SC,KDM,"P K Das Institute of Medical Sciences, Ottapalam",MBBS,SC,29,mbbs_p2_final.pdf
2025,2,4633,17252,MU,NR,PMC,"Pushpagiri Institute of Medical Science, Thiruvalla",MBBS,NR,39,mbbs_p2_final.pdf
2025,2,4634,17263,SC,SC,KDM,"P K Das Institute of Medical Sciences, Ottapalam",MBBS,SC,1,mbbs_p2_final.pdf
2025,2,4635,17271,EZ,SM,MED,"MES Dental College, Perinthalmanna",BDS,SM,1,mbbs_p2_final.pdf
2025,2,4636,17277,ST,ST,TVM,"Govt. Medical College, Thiruvananthapuram",MBBS,ST,2,mbbs_p2_final.pdf
2025,2,4637,17301,MU,SM,MED,"MES Dental College, Perinthalmanna",BDS,SM,23,mbbs_p2_final.pdf
2025,2,4638,17313,General,SM,IGD,"Indira Gandhi Institute of Dental Sciences, Kothamangalam",BDS,SM,21,mbbs_p2_final.pdf
2025,2,4639,17339,EW,PD,TVM,"Govt. Medical College, Thiruvananthapuram",MBBS,PD,1,mbbs_p2_final.pdf
2025,2,4640,17340,SC,SC,DMM,"Dr. Moopens Medical College, Meppadi, Wayanad",MBBS,SC,10,mbbs_p2_final.pdf
2025,2,4641,17346,DV,SM,ADC,"Annoor Dental College, Puthuppady, Muvattupuzha",BDS,SM,41,mbbs_p2_final.pdf
2025,2,4642,17350,EZ,EZ,PMS,"PMS College of Dental Sciences, Vattappara, TVPM",BDS,EZ,21,mbbs_p2_final.pdf
2025,2,4643,17353,SC,SC,KDM,"P K Das Institute of Medical Sciences, Ottapalam",MBBS,SC,29,mbbs_p2_final.pdf
2025,2,4644,17354,LA,LA,KMD,"KMCT Dental College, Mambatta, Mukkam, Kozhikode",BDS,LA,40,mbbs_p2_final.pdf
2025,2,4645,17366,BH,SM,MED,"MES Dental College, Perinthalmanna",BDS,SM,22,mbbs_p2_final.pdf
2025,2,4646,17372,MU,SM,AZD,"Azeezia College of Dental Science, Meyyannoor, Kollam",BDS,SM,1,mbbs_p2_final.pdf
2025,2,4647,17387,General,SM,MLD,"Malabar Dental College, Edappal",BDS,SM,1,mbbs_p2_final.pdf
2025,2,4648,17388,SC,SC,PIM,"Palakkad Institute of Medical Sciences, Walayar",MBBS,SC,23,mbbs_p2_final.pdf
2025,2,4649,17391,SC,SC,KDM,"P K Das Institute of Medical Sciences, Ottapalam",MBBS,SC,22,mbbs_p2_final.pdf
2025,2,4650,17394,BH,SM,PSD,"PSM College of Dental Sciences, Thrissur",BDS,SM,10,mbbs_p2_final.pdf
2025,2,4651,17397,MU,NR,TRM,"Travancore Medical College, Umayanalloor, Kollam",MBBS,NR,3,mbbs_p2_final.pdf
2025,2,4652,17399,EW,EW,MBD,"Mar Baselious Dental College, Kothamangalam",BDS,EW,22,mbbs_p2_final.pdf
2025,2,4653,17401,General,SM,PSD,"PSM College of Dental Sciences, Thrissur",BDS,SM,1,mbbs_p2_final.pdf
2025,2,4654,17402,SC,SC,KMM,"Karuna Medical College, Vilayodi, Palakkad",MBBS,SC,19,mbbs_p2_final.pdf
2025,2,4655,17405,MU,MU,PMS,"PMS College of Dental Sciences, Vattappara, TVPM",BDS,MU,49,mbbs_p2_final.pdf
2025,2,4656,17420,VK,NR,TRM,"Travancore Medical College, Umayanalloor, Kollam",MBBS,NR,22,mbbs_p2_final.pdf
2025,2,4657,17430,General,AC,MBD,"Mar Baselious Dental College, Kothamangalam",BDS,AC,42,mbbs_p2_final.pdf
2025,2,4658,17435,SC,SC,KKD,"Govt. Dental College, Kozhikkode",BDS,SC,15,mbbs_p2_final.pdf
2025,2,4659,17444,General,SM,IGD,"Indira Gandhi Institute of Dental Sciences, Kothamangalam",BDS,SM,22,mbbs_p2_final.pdf
2025,2,4660,17453,MU,MM,PMS,"PMS College of Dental Sciences, Vattappara, TVPM",BDS,MM,8,mbbs_p2_final.pdf
2025,2,4661,17462,SC,SC,DMM,"Dr. Moopens Medical College, Meppadi, Wayanad",MBBS,SC,15,mbbs_p2_final.pdf
2025,2,4662,17463,General,AC,PMD,"Pushpagiri College of Dental Science, Thiruvalla",BDS,AC,47,mbbs_p2_final.pdf
2025,2,4663,17480,SC,SC,DMM,"Dr. Moopens Medical College, Meppadi, Wayanad",MBBS,SC,30,mbbs_p2_final.pdf
2025,2,4664,17488,MU,SM,KAD,"Kannur Dental College, Anjarakandy, Kannur",BDS,SM,4,mbbs_p2_final.pdf
2025,2,4665,17504,General,AC,SGD,"St. Gregorios Dental College, Chelad, Kothamangalam",BDS,AC,21,mbbs_p2_final.pdf
2025,2,4666,17506,General,NR,KDM,"P K Das Institute of Medical Sciences, Ottapalam",MBBS,NR,1,mbbs_p2_final.pdf
2025,2,4667,17537,General,NR,MMC,"Malankara Orthodox Syrian Church MediCollege, Kolenchery",MBBS,NR,18,mbbs_p2_final.pdf
2025,2,4668,17539,EZ,EZ,KMD,"KMCT Dental College, Mambatta, Mukkam, Kozhikode",BDS,EZ,29,mbbs_p2_final.pdf
2025,2,4669,17546,EW,EW,KDM,"P K Das Institute of Medical Sciences, Ottapalam",MBBS,EW,30,mbbs_p2_final.pdf
2025,2,4670,17553,MU,NR,GMC,"Sree Gokulam Medical College, Venjaramoodu, TVPM",MBBS,NR,4,mbbs_p2_final.pdf
2025,2,4671,17556,SC,SC,KDM,"P K Das Institute of Medical Sciences, Ottapalam",MBBS,SC,24,mbbs_p2_final.pdf
2025,2,4672,17570,SC,SC #,AAM,"Al Azhar Medical college, Thodupuzha",MBBS,SC #,29,mbbs_p2_final.pdf
2025,2,4673,17575,EZ,EZ,PMS,"PMS College of Dental Sciences, Vattappara, TVPM",BDS,EZ,41,mbbs_p2_final.pdf
2025,2,4674,17593,General,SM,EID,"Educare Institute of Dental Sciences, Malappuram",BDS,SM,49,mbbs_p2_final.pdf
2025,2,4675,17598,General,NR,PMC,"Pushpagiri Institute of Medical Science, Thiruvalla",MBBS,NR,1,mbbs_p2_final.pdf
2025,2,4676,17600,EW,EW,KDM,"P K Das Institute of Medical Sciences, Ottapalam",MBBS,EW,30,mbbs_p2_final.pdf
2025,2,4677,17602,MU,MU,PMS,"PMS College of Dental Sciences, Vattappara, TVPM",BDS,MU,7,mbbs_p2_final.pdf
2025,2,4678,17606,MU,SM,AID,"Sree Anjaneya Institue of Dental Scinces, Atholi, Kozhikode",BDS,SM,1,mbbs_p2_final.pdf
2025,2,4679,17616,KN,KN,PMS,"PMS College of Dental Sciences, Vattappara, TVPM",BDS,KN,38,mbbs_p2_final.pdf
2025,2,4680,17626,General,NC,AMC,"Amala Institute of Medical Sciences, Thrissur",MBBS,NC,42,mbbs_p2_final.pdf
2025,2,4681,17633,EW,EW,KDM,"P K Das Institute of Medical Sciences, Ottapalam",MBBS,EW,28,mbbs_p2_final.pdf
2025,2,4682,17649,MU,NR,EMC,"MES Medical College, Perinthalmanna, Malappuram",MBBS,NR,29,mbbs_p2_final.pdf
2025,2,4683,17674,General,MM,PMS,"PMS College of Dental Sciences, Vattappara, TVPM",BDS,MM,47,mbbs_p2_final.pdf
2025,2,4684,17675,General,AC,PMD,"Pushpagiri College of Dental Science, Thiruvalla",BDS,AC,49,mbbs_p2_final.pdf
2025,2,4685,17679,SC,SC #,KDM,"P K Das Institute of Medical Sciences, Ottapalam",MBBS,SC #,24,mbbs_p2_final.pdf
2025,2,4686,17681,EW,EW,KDM,"P K Das Institute of Medical Sciences, Ottapalam",MBBS,EW,20,mbbs_p2_final.pdf
2025,2,4687,17682,General,NR,TRM,"Travancore Medical College, Umayanalloor, Kollam",MBBS,NR,1,mbbs_p2_final.pdf
2025,2,4688,17684,General,NC,AMC,"Amala Institute of Medical Sciences, Thrissur",MBBS,NC,23,mbbs_p2_final.pdf
2025,2,4689,17696,SC,SC,DMM,"Dr. Moopens Medical College, Meppadi, Wayanad",MBBS,SC,26,mbbs_p2_final.pdf
2025,2,4690,17717,MU,SM,MED,"MES Dental College, Perinthalmanna",BDS,SM,7,mbbs_p2_final.pdf
2025,2,4691,17728,MU,NR,EMC,"MES Medical College, Perinthalmanna, Malappuram",MBBS,NR,9,mbbs_p2_final.pdf
2025,2,4692,17731,SC,SC,AAM,"Al Azhar Medical college, Thodupuzha",MBBS,SC,29,mbbs_p2_final.pdf
2025,2,4693,17734,MU,MU,PMS,"PMS College of Dental Sciences, Vattappara, TVPM",BDS,MU,47,mbbs_p2_final.pdf
2025,2,4694,17740,SC,SC,AAM,"Al Azhar Medical college, Thodupuzha",MBBS,SC,26,mbbs_p2_final.pdf
2025,2,4695,17743,SC,SC,PIM,"Palakkad Institute of Medical Sciences, Walayar",MBBS,SC,17,mbbs_p2_final.pdf
2025,2,4696,17752,MU,MM,ADC,"Annoor Dental College, Puthuppady, Muvattupuzha",BDS,MM,20,mbbs_p2_final.pdf
2025,2,4697,17779,SC,SC,KDM,"P K Das Institute of Medical Sciences, Ottapalam",MBBS,SC,29,mbbs_p2_final.pdf
2025,2,4698,17782,MU,SM,AAD,"Al Azhar Dental College, Thodupuzha",BDS,SM,41,mbbs_p2_final.pdf
2025,2,4699,17783,General,SM,PSD,"PSM College of Dental Sciences, Thrissur",BDS,SM,49,mbbs_p2_final.pdf
2025,2,4700,17788,MU,SM,AID,"Sree Anjaneya Institue of Dental Scinces, Atholi, Kozhikode",BDS,SM,7,mbbs_p2_final.pdf
2025,2,4701,17803,SC,SC,AAM,"Al Azhar Medical college, Thodupuzha",MBBS,SC,30,mbbs_p2_final.pdf
2025,2,4702,17812,ST,ST,KTM,"Govt. Medical College, Kottayam",MBBS,ST,3,mbbs_p2_final.pdf
2025,2,4703,17817,General,SM,KAD,"Kannur Dental College, Anjarakandy, Kannur",BDS,SM,30,mbbs_p2_final.pdf
2025,2,4704,17872,SC,SC,PIM,"Palakkad Institute of Medical Sciences, Walayar",MBBS,SC,26,mbbs_p2_final.pdf
2025,2,4705,17885,BH,SM,MED,"MES Dental College, Perinthalmanna",BDS,SM,42,mbbs_p2_final.pdf
2025,2,4706,17902,EZ,EZ,PMS,"PMS College of Dental Sciences, Vattappara, TVPM",BDS,EZ,19,mbbs_p2_final.pdf
2025,2,4707,17905,MU,MU,ADC,"Annoor Dental College, Puthuppady, Muvattupuzha",BDS,MU,47,mbbs_p2_final.pdf
2025,2,4708,17906,SC,SC,TVD,"Govt. Dental College, Thiruvananthapuram",BDS,SC,36,mbbs_p2_final.pdf
2025,2,4709,17907,EW,EW,PIM,"Palakkad Institute of Medical Sciences, Walayar",MBBS,EW,23,mbbs_p2_final.pdf
2025,2,4710,17920,MU,SM,MED,"MES Dental College, Perinthalmanna",BDS,SM,35,mbbs_p2_final.pdf
2025,2,4711,17938,MU,MU,PMS,"PMS College of Dental Sciences, Vattappara, TVPM",BDS,MU,21,mbbs_p2_final.pdf
2025,2,4712,17951,SC,SC,TVD,"Govt. Dental College, Thiruvananthapuram",BDS,SC,35,mbbs_p2_final.pdf
2025,2,4713,17968,MU,SM,AAD,"Al Azhar Dental College, Thodupuzha",BDS,SM,48,mbbs_p2_final.pdf
2025,2,4714,17971,BH,SM,TRD,"Travancore DentalCollege, Kollam",BDS,SM,45,mbbs_p2_final.pdf
2025,2,4715,17975,General,SM,TRD,"Travancore DentalCollege, Kollam",BDS,SM,44,mbbs_p2_final.pdf
2025,2,4716,18026,MU,SM,EID,"Educare Institute of Dental Sciences, Malappuram",BDS,SM,9,mbbs_p2_final.pdf
2025,2,4717,18027,BH,SM,AID,"Sree Anjaneya Institue of Dental Scinces, Atholi, Kozhikode",BDS,SM,42,mbbs_p2_final.pdf
2025,2,4718,18041,BH,PT,TVM,"Govt. Medical College, Thiruvananthapuram",MBBS,PT,1,mbbs_p2_final.pdf
2025,2,4719,18050,VK,SM,PSD,"PSM College of Dental Sciences, Thrissur",BDS,SM,7,mbbs_p2_final.pdf
2025,2,4720,18064,SC,SC,TCD,"Govt. Dental College, Thrissur",BDS,SC,6,mbbs_p2_final.pdf
2025,2,4721,18069,General,NR,TRM,"Travancore Medical College, Umayanalloor, Kollam",MBBS,NR,1,mbbs_p2_final.pdf
2025,2,4722,18071,SC,SC,KTD,"Govt. Dental College, Kottayam",BDS,SC,36,mbbs_p2_final.pdf
2025,2,4723,18074,General,SM,IGD,"Indira Gandhi Institute of Dental Sciences, Kothamangalam",BDS,SM,35,mbbs_p2_final.pdf
2025,2,4724,18085,SC,SC,TCD,"Govt. Dental College, Thrissur",BDS,SC,33,mbbs_p2_final.pdf
2025,2,4725,18086,MU,SM,MED,"MES Dental College, Perinthalmanna",BDS,SM,7,mbbs_p2_final.pdf
2025,2,4726,18090,MU,MU,PMS,"PMS College of Dental Sciences, Vattappara, TVPM",BDS,MU,41,mbbs_p2_final.pdf
2025,2,4727,18091,EW,EW,KDM,"P K Das Institute of Medical Sciences, Ottapalam",MBBS,EW,30,mbbs_p2_final.pdf
2025,2,4728,18093,DV,DV,PMS,"PMS College of Dental Sciences, Vattappara, TVPM",BDS,DV,43,mbbs_p2_final.pdf
2025,2,4729,18097,General,NR,PMC,"Pushpagiri Institute of Medical Science, Thiruvalla",MBBS,NR,25,mbbs_p2_final.pdf
2025,2,4730,18101,EZ,NR,GMC,"Sree Gokulam Medical College, Venjaramoodu, TVPM",MBBS,NR,1,mbbs_p2_final.pdf
2025,2,4731,18148,LA,LA,PMD,"Pushpagiri College of Dental Science, Thiruvalla",BDS,LA,21,mbbs_p2_final.pdf
2025,2,4732,18151,EZ,EZ,PMS,"PMS College of Dental Sciences, Vattappara, TVPM",BDS,EZ,38,mbbs_p2_final.pdf
2025,2,4733,18157,MU,SM,EID,"Educare Institute of Dental Sciences, Malappuram",BDS,SM,21,mbbs_p2_final.pdf
2025,2,4734,18165,DV,DV,KMD,"KMCT Dental College, Mambatta, Mukkam, Kozhikode",BDS,DV,33,mbbs_p2_final.pdf
2025,2,4735,18192,EZ,NR,GMC,"Sree Gokulam Medical College, Venjaramoodu, TVPM",MBBS,NR,35,mbbs_p2_final.pdf
2025,2,4736,18197,EW,EW,KDM,"P K Das Institute of Medical Sciences, Ottapalam",MBBS,EW,23,mbbs_p2_final.pdf
2025,2,4737,18199,EZ,PI,KLM,"Govt. Medical College, Parippally, Kollam",MBBS,PI,9,mbbs_p2_final.pdf
2025,2,4738,18209,EZ,SM,AID,"Sree Anjaneya Institue of Dental Scinces, Atholi, Kozhikode",BDS,SM,5,mbbs_p2_final.pdf
2025,2,4739,18213,General,SM,IGD,"Indira Gandhi Institute of Dental Sciences, Kothamangalam",BDS,SM,1,mbbs_p2_final.pdf
2025,2,4740,18221,EZ,EZ,ADC,"Annoor Dental College, Puthuppady, Muvattupuzha",BDS,EZ,1,mbbs_p2_final.pdf
2025,2,4741,18245,General,SM,RDC,"Royal Dental College, Chalisery, Palakkad",BDS,SM,11,mbbs_p2_final.pdf
2025,2,4742,18261,SC,SC,KTD,"Govt. Dental College, Kottayam",BDS,SC,38,mbbs_p2_final.pdf
2025,2,4743,18265,SC,SC,KND,"Government Dental College, Kannur",BDS,SC,39,mbbs_p2_final.pdf
2025,2,4744,18281,MU,SM,MED,"MES Dental College, Perinthalmanna",BDS,SM,23,mbbs_p2_final.pdf
2025,2,4745,18288,MU,SM,TRD,"Travancore DentalCollege, Kollam",BDS,SM,21,mbbs_p2_final.pdf
2025,2,4746,18330,MU,SM,RDC,"Royal Dental College, Chalisery, Palakkad",BDS,SM,1,mbbs_p2_final.pdf
2025,2,4747,18331,DV,SM,NID,"Noorul Islam College of Dental Science, Neyyattinkara",BDS,SM,42,mbbs_p2_final.pdf
2025,2,4748,18342,General,NR,KCM,"KMCT Medical College, Mukkom, Kozikkode",MBBS,NR,8,mbbs_p2_final.pdf
2025,2,4749,18347,SC,SC,ALD,"Government Dental College, Alappuzha",BDS,SC,38,mbbs_p2_final.pdf
2025,2,4750,18353,MU,SM,MED,"MES Dental College, Perinthalmanna",BDS,SM,22,mbbs_p2_final.pdf
2025,2,4751,18365,SC,SC,KND,"Government Dental College, Kannur",BDS,SC,37,mbbs_p2_final.pdf
2025,2,4752,18383,MU,SM,MLD,"Malabar Dental College, Edappal",BDS,SM,3,mbbs_p2_final.pdf
2025,2,4753,18415,MU,MU,ADC,"Annoor Dental College, Puthuppady, Muvattupuzha",BDS,MU,21,mbbs_p2_final.pdf
2025,2,4754,18453,ST,ST,TCM,"Govt. Medical College, Thrissur",MBBS,ST,4,mbbs_p2_final.pdf
2025,2,4755,18484,SC,SC,ALD,"Government Dental College, Alappuzha",BDS,SC,39,mbbs_p2_final.pdf
2025,2,4756,18488,SC,SC,ALD,"Government Dental College, Alappuzha",BDS,SC,37,mbbs_p2_final.pdf
2025,2,4757,18501,General,AC,PMD,"Pushpagiri College of Dental Science, Thiruvalla",BDS,AC,49,mbbs_p2_final.pdf
2025,2,4758,18519,EZ,SM,NID,"Noorul Islam College of Dental Science, Neyyattinkara",BDS,SM,41,mbbs_p2_final.pdf
2025,2,4759,18533,SC,SC,KND,"Government Dental College, Kannur",BDS,SC,40,mbbs_p2_final.pdf
2025,2,4760,18558,General,SM,AZD,"Azeezia College of Dental Science, Meyyannoor, Kollam",BDS,SM,41,mbbs_p2_final.pdf
2025,2,4761,18566,General,AC,MBD,"Mar Baselious Dental College, Kothamangalam",BDS,AC,20,mbbs_p2_final.pdf
2025,2,4762,18582,General,SM,SGD,"St. Gregorios Dental College, Chelad, Kothamangalam",BDS,SM,29,mbbs_p2_final.pdf
2025,2,4763,18600,BH,SM,AAD,"Al Azhar Dental College, Thodupuzha",BDS,SM,37,mbbs_p2_final.pdf
2025,2,4764,18603,MU,NR,EMC,"MES Medical College, Perinthalmanna, Malappuram",MBBS,NR,30,mbbs_p2_final.pdf
2025,2,4765,18606,General,SM,IGD,"Indira Gandhi Institute of Dental Sciences, Kothamangalam",BDS,SM,2,mbbs_p2_final.pdf
2025,2,4766,18609,LA,SM,SGD,"St. Gregorios Dental College, Chelad, Kothamangalam",BDS,SM,48,mbbs_p2_final.pdf
2025,2,4767,18612,EZ,NR,MMH,"Malabar Medical College Hospital, Kozhikkode",MBBS,NR,27,mbbs_p2_final.pdf
2025,2,4768,18621,General,AC,SGD,"St. Gregorios Dental College, Chelad, Kothamangalam",BDS,AC,1,mbbs_p2_final.pdf
2025,2,4769,18624,MU,MU,MED,"MES Dental College, Perinthalmanna",BDS,MU,21,mbbs_p2_final.pdf
2025,2,4770,18658,EZ,EZ,PMS,"PMS College of Dental Sciences, Vattappara, TVPM",BDS,EZ,21,mbbs_p2_final.pdf
2025,2,4771,18670,MU,MU,MED,"MES Dental College, Perinthalmanna",BDS,MU,21,mbbs_p2_final.pdf
2025,2,4772,18684,EW,EW,PIM,"Palakkad Institute of Medical Sciences, Walayar",MBBS,EW,40,mbbs_p2_final.pdf
2025,2,4773,18689,MU,SM,RDC,"Royal Dental College, Chalisery, Palakkad",BDS,SM,28,mbbs_p2_final.pdf
2025,2,4774,18700,EZ,EZ,ADC,"Annoor Dental College, Puthuppady, Muvattupuzha",BDS,EZ,8,mbbs_p2_final.pdf
2025,2,4775,18705,EW,EW,KDM,"P K Das Institute of Medical Sciences, Ottapalam",MBBS,EW,21,mbbs_p2_final.pdf
2025,2,4776,18708,EZ,EZ,ADC,"Annoor Dental College, Puthuppady, Muvattupuzha",BDS,EZ,10,mbbs_p2_final.pdf
2025,2,4777,18712,EW,EW,PIM,"Palakkad Institute of Medical Sciences, Walayar",MBBS,EW,24,mbbs_p2_final.pdf
2025,2,4778,18713,LA,AC,MBD,"Mar Baselious Dental College, Kothamangalam",BDS,AC,49,mbbs_p2_final.pdf
2025,2,4779,18726,SC,SC,ADC,"Annoor Dental College, Puthuppady, Muvattupuzha",BDS,SC,30,mbbs_p2_final.pdf
2025,2,4780,18733,EW,EW,PIM,"Palakkad Institute of Medical Sciences, Walayar",MBBS,EW,39,mbbs_p2_final.pdf
2025,2,4781,18736,EZ,SM,MLD,"Malabar Dental College, Edappal",BDS,SM,8,mbbs_p2_final.pdf
2025,2,4782,18790,MU,NR,TRM,"Travancore Medical College, Umayanalloor, Kollam",MBBS,NR,31,mbbs_p2_final.pdf
2025,2,4783,18801,EZ,SM,SGD,"St. Gregorios Dental College, Chelad, Kothamangalam",BDS,SM,23,mbbs_p2_final.pdf
2025,2,4784,18804,SC,SC,KND,"Government Dental College, Kannur",BDS,SC,37,mbbs_p2_final.pdf
2025,2,4785,18807,MU,SM,RDC,"Royal Dental College, Chalisery, Palakkad",BDS,SM,7,mbbs_p2_final.pdf
2025,2,4786,18816,General,SM,SGD,"St. Gregorios Dental College, Chelad, Kothamangalam",BDS,SM,25,mbbs_p2_final.pdf
2025,2,4787,18823,General,AC,PMD,"Pushpagiri College of Dental Science, Thiruvalla",BDS,AC,23,mbbs_p2_final.pdf
2025,2,4788,18841,General,SM,SGD,"St. Gregorios Dental College, Chelad, Kothamangalam",BDS,SM,11,mbbs_p2_final.pdf
2025,2,4789,18848,LA,AC,MBD,"Mar Baselious Dental College, Kothamangalam",BDS,AC,49,mbbs_p2_final.pdf
2025,2,4790,18851,General,AC,MBD,"Mar Baselious Dental College, Kothamangalam",BDS,AC,51,mbbs_p2_final.pdf
2025,2,4791,18871,EZ,NR,GMC,"Sree Gokulam Medical College, Venjaramoodu, TVPM",MBBS,NR,1,mbbs_p2_final.pdf
2025,2,4792,18873,MU,MU,MED,"MES Dental College, Perinthalmanna",BDS,MU,7,mbbs_p2_final.pdf
2025,2,4793,18890,General,NC,BCM,"Believers Church Medical College Hospital, Thiruvalla",MBBS,NC,1,mbbs_p2_final.pdf
2025,2,4794,18892,EZ,SM,SGD,"St. Gregorios Dental College, Chelad, Kothamangalam",BDS,SM,10,mbbs_p2_final.pdf
2025,2,4795,18897,LA,NR,GMC,"Sree Gokulam Medical College, Venjaramoodu, TVPM",MBBS,NR,1,mbbs_p2_final.pdf
2025,2,4796,18900,General,SM,SGD,"St. Gregorios Dental College, Chelad, Kothamangalam",BDS,SM,5,mbbs_p2_final.pdf
2025,2,4797,18907,General,SM,RDC,"Royal Dental College, Chalisery, Palakkad",BDS,SM,11,mbbs_p2_final.pdf
2025,2,4798,18913,DV,DV,MED,"MES Dental College, Perinthalmanna",BDS,DV,42,mbbs_p2_final.pdf
2025,2,4799,18917,MU,SM,PSD,"PSM College of Dental Sciences, Thrissur",BDS,SM,42,mbbs_p2_final.pdf
2025,2,4800,18919,VK,VK,KMD,"KMCT Dental College, Mambatta, Mukkam, Kozhikode",BDS,VK,9,mbbs_p2_final.pdf
2025,2,4801,18928,LA,SM,IGD,"Indira Gandhi Institute of Dental Sciences, Kothamangalam",BDS,SM,52,mbbs_p2_final.pdf
2025,2,4802,18937,BX,SM,MLD,"Malabar Dental College, Edappal",BDS,SM,43,mbbs_p2_final.pdf
2025,2,4803,18938,BH,SM,MLD,"Malabar Dental College, Edappal",BDS,SM,1,mbbs_p2_final.pdf
2025,2,4804,18940,BH,SM,AAD,"Al Azhar Dental College, Thodupuzha",BDS,SM,14,mbbs_p2_final.pdf
2025,2,4805,18945,MU,SM,IGD,"Indira Gandhi Institute of Dental Sciences, Kothamangalam",BDS,SM,7,mbbs_p2_final.pdf
2025,2,4806,18950,MU,MU,ADC,"Annoor Dental College, Puthuppady, Muvattupuzha",BDS,MU,1,mbbs_p2_final.pdf
2025,2,4807,18985,MU,MM,ADC,"Annoor Dental College, Puthuppady, Muvattupuzha",BDS,MM,2,mbbs_p2_final.pdf
2025,2,4808,19007,General,NC,JMC,"Jubilee Mission Medical College, Thrisur",MBBS,NC,36,mbbs_p2_final.pdf
2025,2,4809,19018,KU,KU,SIM,"Sree Narayana Institute of Medical Sciences, Chalakka, Ernakulam.",MBBS,KU,1,mbbs_p2_final.pdf
2025,2,4810,19020,MU,MU,MED,"MES Dental College, Perinthalmanna",BDS,MU,29,mbbs_p2_final.pdf
2025,2,4811,19037,General,SM,SGD,"St. Gregorios Dental College, Chelad, Kothamangalam",BDS,SM,9,mbbs_p2_final.pdf
2025,2,4812,19047,MU,MU,MED,"MES Dental College, Perinthalmanna",BDS,MU,24,mbbs_p2_final.pdf
2025,2,4813,19063,MU,MU,MED,"MES Dental College, Perinthalmanna",BDS,MU,48,mbbs_p2_final.pdf
2025,2,4814,19065,SC,SC,MED,"MES Dental College, Perinthalmanna",BDS,SC,41,mbbs_p2_final.pdf
2025,2,4815,19076,General,SM,AAD,"Al Azhar Dental College, Thodupuzha",BDS,SM,8,mbbs_p2_final.pdf
2025,2,4816,19091,BX,SM,SGD,"St. Gregorios Dental College, Chelad, Kothamangalam",BDS,SM,45,mbbs_p2_final.pdf
2025,2,4817,19105,KU,KU,PTM,"Government Medical College, Konni, Pathanamthitta",MBBS,KU,1,mbbs_p2_final.pdf
2025,2,4818,19108,BH,SM,AZD,"Azeezia College of Dental Science, Meyyannoor, Kollam",BDS,SM,34,mbbs_p2_final.pdf
2025,2,4819,19122,ST,ST,ALP,"T D Govt. Medical College, Alappuzha",MBBS,ST,5,mbbs_p2_final.pdf
2025,2,4820,19153,EW,EW,KMD,"KMCT Dental College, Mambatta, Mukkam, Kozhikode",BDS,EW,52,mbbs_p2_final.pdf
2025,2,4821,19173,SC,SC,MBD,"Mar Baselious Dental College, Kothamangalam",BDS,SC,41,mbbs_p2_final.pdf
2025,2,4822,19187,SC,SC,KMD,"KMCT Dental College, Mambatta, Mukkam, Kozhikode",BDS,SC,41,mbbs_p2_final.pdf
2025,2,4823,19195,ST,ST,ALP,"T D Govt. Medical College, Alappuzha",MBBS,ST,1,mbbs_p2_final.pdf
2025,2,4824,19196,EW,EW,PMS,"PMS College of Dental Sciences, Vattappara, TVPM",BDS,EW,1,mbbs_p2_final.pdf
2025,2,4825,19210,ST,ST,MMH,"Malabar Medical College Hospital, Kozhikkode",MBBS,ST,5,mbbs_p2_final.pdf
2025,2,4826,19223,BH,SM,AZD,"Azeezia College of Dental Science, Meyyannoor, Kollam",BDS,SM,42,mbbs_p2_final.pdf
2025,2,4827,19226,VK,VK,PMS,"PMS College of Dental Sciences, Vattappara, TVPM",BDS,VK,43,mbbs_p2_final.pdf
2025,2,4828,19230,EZ,EZ,SGD,"St. Gregorios Dental College, Chelad, Kothamangalam",BDS,EZ,9,mbbs_p2_final.pdf
2025,2,4829,19234,General,NR,EMC,"MES Medical College, Perinthalmanna, Malappuram",MBBS,NR,1,mbbs_p2_final.pdf
2025,2,4830,19249,SC,SC,PMD,"Pushpagiri College of Dental Science, Thiruvalla",BDS,SC,38,mbbs_p2_final.pdf
2025,2,4831,19250,ST,ST,MLP,"Govt. Medical College, Manjeri",MBBS,ST,4,mbbs_p2_final.pdf
2025,2,4832,19261,EZ,EZ,MED,"MES Dental College, Perinthalmanna",BDS,EZ,15,mbbs_p2_final.pdf
2025,2,4833,19287,LA,SM,NID,"Noorul Islam College of Dental Science, Neyyattinkara",BDS,SM,48,mbbs_p2_final.pdf
2025,2,4834,19288,BX,BX,KMD,"KMCT Dental College, Mambatta, Mukkam, Kozhikode",BDS,BX,44,mbbs_p2_final.pdf
2025,2,4835,19298,ST,ST,CMC,"Govt. Medical College, Ernakulam",MBBS,ST,2,mbbs_p2_final.pdf
2025,2,4836,19301,EW,EW,PMS,"PMS College of Dental Sciences, Vattappara, TVPM",BDS,EW,25,mbbs_p2_final.pdf
2025,2,4837,19302,General,AC,SGD,"St. Gregorios Dental College, Chelad, Kothamangalam",BDS,AC,30,mbbs_p2_final.pdf
2025,2,4838,19305,EZ,EZ,SGD,"St. Gregorios Dental College, Chelad, Kothamangalam",BDS,EZ,41,mbbs_p2_final.pdf
2025,2,4839,19323,MU,MU,MED,"MES Dental College, Perinthalmanna",BDS,MU,14,mbbs_p2_final.pdf
2025,2,4840,19376,SC,SC,PMS,"PMS College of Dental Sciences, Vattappara, TVPM",BDS,SC,36,mbbs_p2_final.pdf
2025,2,4841,19399,MU,SM,MLD,"Malabar Dental College, Edappal",BDS,SM,22,mbbs_p2_final.pdf
2025,2,4842,19412,MU,SM,IGD,"Indira Gandhi Institute of Dental Sciences, Kothamangalam",BDS,SM,3,mbbs_p2_final.pdf
2025,2,4843,19415,BH,BH,ADC,"Annoor Dental College, Puthuppady, Muvattupuzha",BDS,BH,44,mbbs_p2_final.pdf
2025,2,4844,19419,General,SM,PSD,"PSM College of Dental Sciences, Thrissur",BDS,SM,42,mbbs_p2_final.pdf
2025,2,4845,19432,General,SM,PSD,"PSM College of Dental Sciences, Thrissur",BDS,SM,5,mbbs_p2_final.pdf
2025,2,4846,19446,MU,SM,AAD,"Al Azhar Dental College, Thodupuzha",BDS,SM,21,mbbs_p2_final.pdf
2025,2,4847,19451,MU,MU,MED,"MES Dental College, Perinthalmanna",BDS,MU,8,mbbs_p2_final.pdf
2025,2,4848,19470,MU,SM,EID,"Educare Institute of Dental Sciences, Malappuram",BDS,SM,1,mbbs_p2_final.pdf
2025,2,4849,19471,SC,SC,MBD,"Mar Baselious Dental College, Kothamangalam",BDS,SC,41,mbbs_p2_final.pdf
2025,2,4850,19472,EZ,EZ,MED,"MES Dental College, Perinthalmanna",BDS,EZ,10,mbbs_p2_final.pdf
2025,2,4851,19490,MU,SM,PSD,"PSM College of Dental Sciences, Thrissur",BDS,SM,1,mbbs_p2_final.pdf
2025,2,4852,19511,General,SM,IGD,"Indira Gandhi Institute of Dental Sciences, Kothamangalam",BDS,SM,9,mbbs_p2_final.pdf
2025,2,4853,19525,SC,SC,PMS,"PMS College of Dental Sciences, Vattappara, TVPM",BDS,SC,41,mbbs_p2_final.pdf
2025,2,4854,19527,MU,SM,EID,"Educare Institute of Dental Sciences, Malappuram",BDS,SM,1,mbbs_p2_final.pdf
2025,2,4855,19528,MU,SM,MLD,"Malabar Dental College, Edappal",BDS,SM,1,mbbs_p2_final.pdf
2025,2,4856,19546,General,NC,MMC,"Malankara Orthodox Syrian Church MediCollege, Kolenchery",MBBS,NC,40,mbbs_p2_final.pdf
2025,2,4857,19569,General,SM,PSD,"PSM College of Dental Sciences, Thrissur",BDS,SM,1,mbbs_p2_final.pdf
2025,2,4858,19570,EZ,SM,TRD,"Travancore DentalCollege, Kollam",BDS,SM,41,mbbs_p2_final.pdf
2025,2,4859,19586,General,NR,PMC,"Pushpagiri Institute of Medical Science, Thiruvalla",MBBS,NR,8,mbbs_p2_final.pdf
2025,2,4860,19591,SC,SM,AID,"Sree Anjaneya Institue of Dental Scinces, Atholi, Kozhikode",BDS,SM,32,mbbs_p2_final.pdf
2025,2,4861,19597,MU,SM,RDC,"Royal Dental College, Chalisery, Palakkad",BDS,SM,12,mbbs_p2_final.pdf
2025,2,4862,19664,SC,SC,ADC,"Annoor Dental College, Puthuppady, Muvattupuzha",BDS,SC,41,mbbs_p2_final.pdf
2025,2,4863,19674,MU,SM,IGD,"Indira Gandhi Institute of Dental Sciences, Kothamangalam",BDS,SM,49,mbbs_p2_final.pdf
2025,2,4864,19685,KN,KN,KMD,"KMCT Dental College, Mambatta, Mukkam, Kozhikode",BDS,KN,24,mbbs_p2_final.pdf
2025,2,4865,19693,LA,LA,SGD,"St. Gregorios Dental College, Chelad, Kothamangalam",BDS,LA,9,mbbs_p2_final.pdf
2025,2,4866,19696,BH,BH,SGD,"St. Gregorios Dental College, Chelad, Kothamangalam",BDS,BH,45,mbbs_p2_final.pdf
2025,2,4867,19700,General,SM,AZD,"Azeezia College of Dental Science, Meyyannoor, Kollam",BDS,SM,42,mbbs_p2_final.pdf
2025,2,4868,19703,LA,LA,MED,"MES Dental College, Perinthalmanna",BDS,LA,47,mbbs_p2_final.pdf
2025,2,4869,19733,General,SM,AZD,"Azeezia College of Dental Science, Meyyannoor, Kollam",BDS,SM,36,mbbs_p2_final.pdf
2025,2,4870,19754,DV,SM,AAD,"Al Azhar Dental College, Thodupuzha",BDS,SM,41,mbbs_p2_final.pdf
2025,2,4871,19760,General,SM,IGD,"Indira Gandhi Institute of Dental Sciences, Kothamangalam",BDS,SM,24,mbbs_p2_final.pdf
2025,2,4872,19762,General,NR,SIM,"Sree Narayana Institute of Medical Sciences, Chalakka, Ernakulam.",MBBS,NR,23,mbbs_p2_final.pdf
2025,2,4873,19778,VK,SM,TRD,"Travancore DentalCollege, Kollam",BDS,SM,43,mbbs_p2_final.pdf
2025,2,4874,19782,MU,SM,AAD,"Al Azhar Dental College, Thodupuzha",BDS,SM,42,mbbs_p2_final.pdf
2025,2,4875,19806,MU,SM,RDC,"Royal Dental College, Chalisery, Palakkad",BDS,SM,26,mbbs_p2_final.pdf
2025,2,4876,19810,General,SM,AZD,"Azeezia College of Dental Science, Meyyannoor, Kollam",BDS,SM,41,mbbs_p2_final.pdf
2025,2,4877,19815,General,SM,EID,"Educare Institute of Dental Sciences, Malappuram",BDS,SM,41,mbbs_p2_final.pdf
2025,2,4878,19827,General,SM,MLD,"Malabar Dental College, Edappal",BDS,SM,4,mbbs_p2_final.pdf
2025,2,4879,19856,MU,SM,AID,"Sree Anjaneya Institue of Dental Scinces, Atholi, Kozhikode",BDS,SM,48,mbbs_p2_final.pdf
2025,2,4880,19864,General,AC,SGD,"St. Gregorios Dental College, Chelad, Kothamangalam",BDS,AC,25,mbbs_p2_final.pdf
2025,2,4881,19910,EZ,SM,IGD,"Indira Gandhi Institute of Dental Sciences, Kothamangalam",BDS,SM,5,mbbs_p2_final.pdf
2025,2,4882,19931,MU,SM,MLD,"Malabar Dental College, Edappal",BDS,SM,23,mbbs_p2_final.pdf
2025,2,4883,19936,General,SM,IGD,"Indira Gandhi Institute of Dental Sciences, Kothamangalam",BDS,SM,12,mbbs_p2_final.pdf
2025,2,4884,19937,LA,LA,PMS,"PMS College of Dental Sciences, Vattappara, TVPM",BDS,LA,30,mbbs_p2_final.pdf
2025,2,4885,19941,General,NR,GMC,"Sree Gokulam Medical College, Venjaramoodu, TVPM",MBBS,NR,21,mbbs_p2_final.pdf
2025,2,4886,19951,EZ,EZ,MED,"MES Dental College, Perinthalmanna",BDS,EZ,1,mbbs_p2_final.pdf
2025,2,4887,19952,ST,ST,KNM,Government Medical College Kannur,MBBS,ST,1,mbbs_p2_final.pdf
2025,2,4888,19955,General,MM,ADC,"Annoor Dental College, Puthuppady, Muvattupuzha",BDS,MM,4,mbbs_p2_final.pdf
2025,2,4889,19959,General,SM,PSD,"PSM College of Dental Sciences, Thrissur",BDS,SM,1,mbbs_p2_final.pdf
2025,2,4890,19966,EZ,SM,AAD,"Al Azhar Dental College, Thodupuzha",BDS,SM,42,mbbs_p2_final.pdf
2025,2,4891,19967,MU,SM,EID,"Educare Institute of Dental Sciences, Malappuram",BDS,SM,26,mbbs_p2_final.pdf
2025,2,4892,19991,KN,SM,PSD,"PSM College of Dental Sciences, Thrissur",BDS,SM,39,mbbs_p2_final.pdf
2025,2,4893,19993,BH,SM,KAD,"Kannur Dental College, Anjarakandy, Kannur",BDS,SM,42,mbbs_p2_final.pdf
2025,2,4894,19996,BH,BH,MED,"MES Dental College, Perinthalmanna",BDS,BH,28,mbbs_p2_final.pdf
2025,2,4895,20021,MU,SM,KAD,"Kannur Dental College, Anjarakandy, Kannur",BDS,SM,14,mbbs_p2_final.pdf
2025,2,4896,20024,General,NR,KCM,"KMCT Medical College, Mukkom, Kozikkode",MBBS,NR,31,mbbs_p2_final.pdf
2025,2,4897,20048,BH,BH,MED,"MES Dental College, Perinthalmanna",BDS,BH,33,mbbs_p2_final.pdf
2025,2,4898,20063,General,NC,JMC,"Jubilee Mission Medical College, Thrisur",MBBS,NC,30,mbbs_p2_final.pdf
2025,2,4899,20070,SC,SC,PMS,"PMS College of Dental Sciences, Vattappara, TVPM",BDS,SC,42,mbbs_p2_final.pdf
2025,2,4900,20087,SC,SM,AZD,"Azeezia College of Dental Science, Meyyannoor, Kollam",BDS,SM,36,mbbs_p2_final.pdf
2025,2,4901,20093,General,SM,NID,"Noorul Islam College of Dental Science, Neyyattinkara",BDS,SM,2,mbbs_p2_final.pdf
2025,2,4902,20097,MU,MM,TRD,"Travancore DentalCollege, Kollam",BDS,MM,47,mbbs_p2_final.pdf
2025,2,4903,20102,BH,SM,AAD,"Al Azhar Dental College, Thodupuzha",BDS,SM,21,mbbs_p2_final.pdf
2025,2,4904,20110,General,SM,IGD,"Indira Gandhi Institute of Dental Sciences, Kothamangalam",BDS,SM,41,mbbs_p2_final.pdf
2025,2,4905,20115,MU,SM,MLD,"Malabar Dental College, Edappal",BDS,SM,29,mbbs_p2_final.pdf
2025,2,4906,20124,EW,EW,PMS,"PMS College of Dental Sciences, Vattappara, TVPM",BDS,EW,41,mbbs_p2_final.pdf
2025,2,4907,20125,EW,EW,KMD,"KMCT Dental College, Mambatta, Mukkam, Kozhikode",BDS,EW,48,mbbs_p2_final.pdf
2025,2,4908,20134,General,SM,AID,"Sree Anjaneya Institue of Dental Scinces, Atholi, Kozhikode",BDS,SM,18,mbbs_p2_final.pdf
2025,2,4909,20147,General,SM,KAD,"Kannur Dental College, Anjarakandy, Kannur",BDS,SM,19,mbbs_p2_final.pdf
2025,2,4910,20159,MU,NR,EMC,"MES Medical College, Perinthalmanna, Malappuram",MBBS,NR,1,mbbs_p2_final.pdf
2025,2,4911,20162,DV,DV,MED,"MES Dental College, Perinthalmanna",BDS,DV,30,mbbs_p2_final.pdf
2025,2,4912,20165,General,SM,IGD,"Indira Gandhi Institute of Dental Sciences, Kothamangalam",BDS,SM,13,mbbs_p2_final.pdf
2025,2,4913,20168,General,NR,GMC,"Sree Gokulam Medical College, Venjaramoodu, TVPM",MBBS,NR,25,mbbs_p2_final.pdf
2025,2,4914,20175,BX,SM,AID,"Sree Anjaneya Institue of Dental Scinces, Atholi, Kozhikode",BDS,SM,42,mbbs_p2_final.pdf
2025,2,4915,20179,ST,ST,KLM,"Govt. Medical College, Parippally, Kollam",MBBS,ST,3,mbbs_p2_final.pdf
2025,2,4916,20186,SC,SM,RDC,"Royal Dental College, Chalisery, Palakkad",BDS,SM,41,mbbs_p2_final.pdf
2025,2,4917,20212,EW,EW,PMS,"PMS College of Dental Sciences, Vattappara, TVPM",BDS,EW,48,mbbs_p2_final.pdf
2025,2,4918,20214,KU,KU,IDM,Government Medical College Idukki,MBBS,KU,1,mbbs_p2_final.pdf
2025,2,4919,20238,MU,MM,PMS,"PMS College of Dental Sciences, Vattappara, TVPM",BDS,MM,23,mbbs_p2_final.pdf
2025,2,4920,20243,MU,NR,EMC,"MES Medical College, Perinthalmanna, Malappuram",MBBS,NR,1,mbbs_p2_final.pdf
2025,2,4921,20246,KU,KU,JMC,"Jubilee Mission Medical College, Thrisur",MBBS,KU,11,mbbs_p2_final.pdf
2025,2,4922,20262,BX,SM,NID,"Noorul Islam College of Dental Science, Neyyattinkara",BDS,SM,49,mbbs_p2_final.pdf
2025,2,4923,20265,MU,NR,SIM,"Sree Narayana Institute of Medical Sciences, Chalakka, Ernakulam.",MBBS,NR,44,mbbs_p2_final.pdf
2025,2,4924,20273,MU,SM,PSD,"PSM College of Dental Sciences, Thrissur",BDS,SM,9,mbbs_p2_final.pdf
2025,2,4925,20290,General,NC,BCM,"Believers Church Medical College Hospital, Thiruvalla",MBBS,NC,37,mbbs_p2_final.pdf
2025,2,4926,20315,MU,SM,EID,"Educare Institute of Dental Sciences, Malappuram",BDS,SM,48,mbbs_p2_final.pdf
2025,2,4927,20318,General,SM,AAD,"Al Azhar Dental College, Thodupuzha",BDS,SM,25,mbbs_p2_final.pdf
2025,2,4928,20341,General,SM,IGD,"Indira Gandhi Institute of Dental Sciences, Kothamangalam",BDS,SM,17,mbbs_p2_final.pdf
2025,2,4929,20344,MU,SM,KAD,"Kannur Dental College, Anjarakandy, Kannur",BDS,SM,48,mbbs_p2_final.pdf
2025,2,4930,20350,LA,LA,KMD,"KMCT Dental College, Mambatta, Mukkam, Kozhikode",BDS,LA,41,mbbs_p2_final.pdf
2025,2,4931,20363,MU,SM,RDC,"Royal Dental College, Chalisery, Palakkad",BDS,SM,1,mbbs_p2_final.pdf
2025,2,4932,20377,EZ,SM,AZD,"Azeezia College of Dental Science, Meyyannoor, Kollam",BDS,SM,11,mbbs_p2_final.pdf
2025,2,4933,20405,KU,KU,MMH,"Malabar Medical College Hospital, Kozhikkode",MBBS,KU,14,mbbs_p2_final.pdf
2025,2,4934,20409,General,NR,GMC,"Sree Gokulam Medical College, Venjaramoodu, TVPM",MBBS,NR,6,mbbs_p2_final.pdf
2025,2,4935,20435,MU,SM,EID,"Educare Institute of Dental Sciences, Malappuram",BDS,SM,7,mbbs_p2_final.pdf
2025,2,4936,20467,EZ,EZ,MED,"MES Dental College, Perinthalmanna",BDS,EZ,23,mbbs_p2_final.pdf
2025,2,4937,20475,MU,MM,TRD,"Travancore DentalCollege, Kollam",BDS,MM,1,mbbs_p2_final.pdf
2025,2,4938,20503,BH,SM,IGD,"Indira Gandhi Institute of Dental Sciences, Kothamangalam",BDS,SM,44,mbbs_p2_final.pdf
2025,2,4939,20512,ST,ST,IDM,Government Medical College Idukki,MBBS,ST,2,mbbs_p2_final.pdf
2025,2,4940,20564,General,NR,SIM,"Sree Narayana Institute of Medical Sciences, Chalakka, Ernakulam.",MBBS,NR,25,mbbs_p2_final.pdf
2025,2,4941,20570,SC,SC #,KMD,"KMCT Dental College, Mambatta, Mukkam, Kozhikode",BDS,SC #,41,mbbs_p2_final.pdf
2025,2,4942,20571,MU,MM,ADC,"Annoor Dental College, Puthuppady, Muvattupuzha",BDS,MM,49,mbbs_p2_final.pdf
2025,2,4943,20572,EW,EW,PMS,"PMS College of Dental Sciences, Vattappara, TVPM",BDS,EW,25,mbbs_p2_final.pdf
2025,2,4944,20578,SC,SC,MED,"MES Dental College, Perinthalmanna",BDS,SC,21,mbbs_p2_final.pdf
2025,2,4945,20590,MU,SM,IGD,"Indira Gandhi Institute of Dental Sciences, Kothamangalam",BDS,SM,21,mbbs_p2_final.pdf
2025,2,4946,20604,BH,SM,RDC,"Royal Dental College, Chalisery, Palakkad",BDS,SM,47,mbbs_p2_final.pdf
2025,2,4947,20615,KN,SM,RDC,"Royal Dental College, Chalisery, Palakkad",BDS,SM,44,mbbs_p2_final.pdf
2025,2,4948,20626,BH,SM,IGD,"Indira Gandhi Institute of Dental Sciences, Kothamangalam",BDS,SM,45,mbbs_p2_final.pdf
2025,2,4949,20627,SC,SC,MBD,"Mar Baselious Dental College, Kothamangalam",BDS,SC,41,mbbs_p2_final.pdf
2025,2,4950,20641,General,NR,GMC,"Sree Gokulam Medical College, Venjaramoodu, TVPM",MBBS,NR,35,mbbs_p2_final.pdf
2025,2,4951,20656,EZ,EZ,TRD,"Travancore DentalCollege, Kollam",BDS,EZ,42,mbbs_p2_final.pdf
2025,2,4952,20660,MU,SM,EID,"Educare Institute of Dental Sciences, Malappuram",BDS,SM,1,mbbs_p2_final.pdf
2025,2,4953,20662,BH,BH,MED,"MES Dental College, Perinthalmanna",BDS,BH,11,mbbs_p2_final.pdf
2025,2,4954,20668,General,NR,EMC,"MES Medical College, Perinthalmanna, Malappuram",MBBS,NR,41,mbbs_p2_final.pdf
2025,2,4955,20671,General,SM,AID,"Sree Anjaneya Institue of Dental Scinces, Atholi, Kozhikode",BDS,SM,1,mbbs_p2_final.pdf
2025,2,4956,20687,General,SM,PSD,"PSM College of Dental Sciences, Thrissur",BDS,SM,7,mbbs_p2_final.pdf
2025,2,4957,20696,MU,SM,AID,"Sree Anjaneya Institue of Dental Scinces, Atholi, Kozhikode",BDS,SM,1,mbbs_p2_final.pdf
2025,2,4958,20723,ST,ST,ALP,"T D Govt. Medical College, Alappuzha",MBBS,ST,5,mbbs_p2_final.pdf
2025,2,4959,20747,General,AC,SGD,"St. Gregorios Dental College, Chelad, Kothamangalam",BDS,AC,38,mbbs_p2_final.pdf
2025,2,4960,20749,General,NC,PMC,"Pushpagiri Institute of Medical Science, Thiruvalla",MBBS,NC,17,mbbs_p2_final.pdf
2025,2,4961,20772,EZ,SM,AAD,"Al Azhar Dental College, Thodupuzha",BDS,SM,1,mbbs_p2_final.pdf
2025,2,4962,20784,MU,MU,SGD,"St. Gregorios Dental College, Chelad, Kothamangalam",BDS,MU,51,mbbs_p2_final.pdf
2025,2,4963,20787,General,SM,AID,"Sree Anjaneya Institue of Dental Scinces, Atholi, Kozhikode",BDS,SM,4,mbbs_p2_final.pdf
2025,2,4964,20796,MU,MU,SGD,"St. Gregorios Dental College, Chelad, Kothamangalam",BDS,MU,12,mbbs_p2_final.pdf
2025,2,4965,20800,MU,SM,RDC,"Royal Dental College, Chalisery, Palakkad",BDS,SM,5,mbbs_p2_final.pdf
2025,2,4966,20802,EZ,SM,AAD,"Al Azhar Dental College, Thodupuzha",BDS,SM,19,mbbs_p2_final.pdf
2025,2,4967,20831,General,PT,IDM,Government Medical College Idukki,MBBS,PT,1,mbbs_p2_final.pdf
2025,2,4968,20834,SC,SC,MBD,"Mar Baselious Dental College, Kothamangalam",BDS,SC,42,mbbs_p2_final.pdf
2025,2,4969,20850,KU,KU,SUC,"SUT Accademy of Medical Sciences, Thiruvananthapuram",MBBS,KU,1,mbbs_p2_final.pdf
2025,2,4970,20861,SC,SC,KMD,"KMCT Dental College, Mambatta, Mukkam, Kozhikode",BDS,SC,41,mbbs_p2_final.pdf
2025,2,4971,20866,General,AC,SGD,"St. Gregorios Dental College, Chelad, Kothamangalam",BDS,AC,46,mbbs_p2_final.pdf
2025,2,4972,20868,VK,VK,KMD,"KMCT Dental College, Mambatta, Mukkam, Kozhikode",BDS,VK,34,mbbs_p2_final.pdf
2025,2,4973,20875,MU,SM,EID,"Educare Institute of Dental Sciences, Malappuram",BDS,SM,7,mbbs_p2_final.pdf
2025,2,4974,20883,MU,MM,PMS,"PMS College of Dental Sciences, Vattappara, TVPM",BDS,MM,12,mbbs_p2_final.pdf
2025,2,4975,20887,BX,BX,MED,"MES Dental College, Perinthalmanna",BDS,BX,32,mbbs_p2_final.pdf
2025,2,4976,20903,KU,KU,MMH,"Malabar Medical College Hospital, Kozhikkode",MBBS,KU,15,mbbs_p2_final.pdf
2025,2,4977,20933,MU,NR,EMC,"MES Medical College, Perinthalmanna, Malappuram",MBBS,NR,3,mbbs_p2_final.pdf
2025,2,4978,20938,ST,ST,IDM,Government Medical College Idukki,MBBS,ST,2,mbbs_p2_final.pdf
2025,2,4979,20946,MU,SM,AAD,"Al Azhar Dental College, Thodupuzha",BDS,SM,27,mbbs_p2_final.pdf
2025,2,4980,20948,SC,SC,KMD,"KMCT Dental College, Mambatta, Mukkam, Kozhikode",BDS,SC,41,mbbs_p2_final.pdf
2025,2,4981,20954,BX,SM,NID,"Noorul Islam College of Dental Science, Neyyattinkara",BDS,SM,48,mbbs_p2_final.pdf
2025,2,4982,20956,EZ,EZ,ADC,"Annoor Dental College, Puthuppady, Muvattupuzha",BDS,EZ,9,mbbs_p2_final.pdf
2025,2,4983,20967,General,NR,MZM,"Mount Zion Medical College, Pathanamthitta",MBBS,NR,42,mbbs_p2_final.pdf
2025,2,4984,20969,EW,SM,AAD,"Al Azhar Dental College, Thodupuzha",BDS,SM,41,mbbs_p2_final.pdf
2025,2,4985,20984,BH,SM,RDC,"Royal Dental College, Chalisery, Palakkad",BDS,SM,24,mbbs_p2_final.pdf
2025,2,4986,20993,MU,SM,MLD,"Malabar Dental College, Edappal",BDS,SM,46,mbbs_p2_final.pdf
2025,2,4987,20997,SC,SM,SVD,"Sri Sankara Dental College, Akathumuri, Varkala",BDS,SM,41,mbbs_p2_final.pdf
2025,2,4988,21002,MU,SM,PSD,"PSM College of Dental Sciences, Thrissur",BDS,SM,1,mbbs_p2_final.pdf
2025,2,4989,21012,General,SM,AZD,"Azeezia College of Dental Science, Meyyannoor, Kollam",BDS,SM,33,mbbs_p2_final.pdf
2025,2,4990,21014,SC,SC,KMD,"KMCT Dental College, Mambatta, Mukkam, Kozhikode",BDS,SC,41,mbbs_p2_final.pdf
2025,2,4991,21022,BX,SM,IGD,"Indira Gandhi Institute of Dental Sciences, Kothamangalam",BDS,SM,49,mbbs_p2_final.pdf
2025,2,4992,21032,General,SM,PSD,"PSM College of Dental Sciences, Thrissur",BDS,SM,48,mbbs_p2_final.pdf
2025,2,4993,21057,EW,EW,PMS,"PMS College of Dental Sciences, Vattappara, TVPM",BDS,EW,43,mbbs_p2_final.pdf
2025,2,4994,21061,MU,SM,SVD,"Sri Sankara Dental College, Akathumuri, Varkala",BDS,SM,7,mbbs_p2_final.pdf
2025,2,4995,21081,MU,MU,SGD,"St. Gregorios Dental College, Chelad, Kothamangalam",BDS,MU,50,mbbs_p2_final.pdf
2025,2,4996,21096,EW,SM,PSD,"PSM College of Dental Sciences, Thrissur",BDS,SM,10,mbbs_p2_final.pdf
2025,2,4997,21099,MU,SM,EID,"Educare Institute of Dental Sciences, Malappuram",BDS,SM,8,mbbs_p2_final.pdf
2025,2,4998,21102,SC,SM,AAD,"Al Azhar Dental College, Thodupuzha",BDS,SM,41,mbbs_p2_final.pdf
2025,2,4999,21114,SC,SM,AZD,"Azeezia College of Dental Science, Meyyannoor, Kollam",BDS,SM,35,mbbs_p2_final.pdf
2025,2,5000,21124,EZ,EZ,SGD,"St. Gregorios Dental College, Chelad, Kothamangalam",BDS,EZ,44,mbbs_p2_final.pdf
2025,2,5001,21143,General,SM,AZD,"Azeezia College of Dental Science, Meyyannoor, Kollam",BDS,SM,24,mbbs_p2_final.pdf
2025,2,5002,21149,General,AC,SGD,"St. Gregorios Dental College, Chelad, Kothamangalam",BDS,AC,52,mbbs_p2_final.pdf
2025,2,5003,21152,EZ,SM,AZD,"Azeezia College of Dental Science, Meyyannoor, Kollam",BDS,SM,40,mbbs_p2_final.pdf
2025,2,5004,21188,BX,NR,SMC,"Dr. Somervell Memorial CSI Medical College, Karakonam",MBBS,NR,42,mbbs_p2_final.pdf
2025,2,5005,21189,EZ,SM,AAD,"Al Azhar Dental College, Thodupuzha",BDS,SM,20,mbbs_p2_final.pdf
2025,2,5006,21197,SC,SC,PMS,"PMS College of Dental Sciences, Vattappara, TVPM",BDS,SC,43,mbbs_p2_final.pdf
2025,2,5007,21199,MU,SM,EID,"Educare Institute of Dental Sciences, Malappuram",BDS,SM,21,mbbs_p2_final.pdf
2025,2,5008,21202,General,NR,MZM,"Mount Zion Medical College, Pathanamthitta",MBBS,NR,1,mbbs_p2_final.pdf
2025,2,5009,21238,LA,SM,IGD,"Indira Gandhi Institute of Dental Sciences, Kothamangalam",BDS,SM,21,mbbs_p2_final.pdf
2025,2,5010,21248,MU,NR,GMC,"Sree Gokulam Medical College, Venjaramoodu, TVPM",MBBS,NR,21,mbbs_p2_final.pdf
2025,2,5011,21253,General,SM,MLD,"Malabar Dental College, Edappal",BDS,SM,6,mbbs_p2_final.pdf
2025,2,5012,21258,MU,PD,KKM,"Govt. Medical College, Kozhikkode",MBBS,PD,1,mbbs_p2_final.pdf
2025,2,5013,21264,General,NC,MMC,"Malankara Orthodox Syrian Church MediCollege, Kolenchery",MBBS,NC,39,mbbs_p2_final.pdf
2025,2,5014,21270,SC,SC,KMD,"KMCT Dental College, Mambatta, Mukkam, Kozhikode",BDS,SC,41,mbbs_p2_final.pdf
2025,2,5015,21273,SC,SC,ADC,"Annoor Dental College, Puthuppady, Muvattupuzha",BDS,SC,41,mbbs_p2_final.pdf
2025,2,5016,21297,SC,SC,PMS,"PMS College of Dental Sciences, Vattappara, TVPM",BDS,SC,43,mbbs_p2_final.pdf
2025,2,5017,21300,General,SM,AAD,"Al Azhar Dental College, Thodupuzha",BDS,SM,45,mbbs_p2_final.pdf
2025,2,5018,21305,SC,SC,PMS,"PMS College of Dental Sciences, Vattappara, TVPM",BDS,SC,43,mbbs_p2_final.pdf
2025,2,5019,21309,General,NR,KDM,"P K Das Institute of Medical Sciences, Ottapalam",MBBS,NR,25,mbbs_p2_final.pdf
2025,2,5020,21311,VK,SM,MLD,"Malabar Dental College, Edappal",BDS,SM,44,mbbs_p2_final.pdf
2025,2,5021,21315,EW,PD,KTM,"Govt. Medical College, Kottayam",MBBS,PD,1,mbbs_p2_final.pdf
2025,2,5022,21317,DV,SM,PSD,"PSM College of Dental Sciences, Thrissur",BDS,SM,23,mbbs_p2_final.pdf
2025,2,5023,21333,General,NR,SUC,"SUT Accademy of Medical Sciences, Thiruvananthapuram",MBBS,NR,14,mbbs_p2_final.pdf
2025,2,5024,21336,SC,SM,AAD,"Al Azhar Dental College, Thodupuzha",BDS,SM,41,mbbs_p2_final.pdf
2025,2,5025,21371,General,SM,IGD,"Indira Gandhi Institute of Dental Sciences, Kothamangalam",BDS,SM,15,mbbs_p2_final.pdf
2025,2,5026,21380,General,NC,BCM,"Believers Church Medical College Hospital, Thiruvalla",MBBS,NC,1,mbbs_p2_final.pdf
2025,2,5027,21389,MU,SM,MLD,"Malabar Dental College, Edappal",BDS,SM,24,mbbs_p2_final.pdf
2025,2,5028,21401,SC,SC,KMD,"KMCT Dental College, Mambatta, Mukkam, Kozhikode",BDS,SC,41,mbbs_p2_final.pdf
2025,2,5029,21405,EZ,EZ,TRD,"Travancore DentalCollege, Kollam",BDS,EZ,15,mbbs_p2_final.pdf
2025,2,5030,21407,General,NC,PMC,"Pushpagiri Institute of Medical Science, Thiruvalla",MBBS,NC,29,mbbs_p2_final.pdf
2025,2,5031,21411,ST,ST,MLP,"Govt. Medical College, Manjeri",MBBS,ST,1,mbbs_p2_final.pdf
2025,2,5032,21412,SC,SC,MED,"MES Dental College, Perinthalmanna",BDS,SC,38,mbbs_p2_final.pdf
2025,2,5033,21421,BH,NR,KCM,"KMCT Medical College, Mukkom, Kozikkode",MBBS,NR,37,mbbs_p2_final.pdf
2025,2,5034,21422,MU,SM,PSD,"PSM College of Dental Sciences, Thrissur",BDS,SM,2,mbbs_p2_final.pdf
2025,2,5035,21426,MU,PT,PTM,"Government Medical College, Konni, Pathanamthitta",MBBS,PT,11,mbbs_p2_final.pdf
2025,2,5036,21429,MU,SM,AAD,"Al Azhar Dental College, Thodupuzha",BDS,SM,47,mbbs_p2_final.pdf
2025,2,5037,21433,MU,SM,PSD,"PSM College of Dental Sciences, Thrissur",BDS,SM,1,mbbs_p2_final.pdf
2025,2,5038,21439,LA,SM,NID,"Noorul Islam College of Dental Science, Neyyattinkara",BDS,SM,39,mbbs_p2_final.pdf
2025,2,5039,21445,MU,SM,PSD,"PSM College of Dental Sciences, Thrissur",BDS,SM,1,mbbs_p2_final.pdf
2025,2,5040,21467,KN,SM,EID,"Educare Institute of Dental Sciences, Malappuram",BDS,SM,7,mbbs_p2_final.pdf
2025,2,5041,21469,General,NR,TRM,"Travancore Medical College, Umayanalloor, Kollam",MBBS,NR,2,mbbs_p2_final.pdf
2025,2,5042,21474,BX,SM,AAD,"Al Azhar Dental College, Thodupuzha",BDS,SM,43,mbbs_p2_final.pdf
2025,2,5043,21479,SC,SC,TRD,"Travancore DentalCollege, Kollam",BDS,SC,41,mbbs_p2_final.pdf
2025,2,5044,21494,General,NC,BCM,"Believers Church Medical College Hospital, Thiruvalla",MBBS,NC,1,mbbs_p2_final.pdf
2025,2,5045,21496,BH,SM,IGD,"Indira Gandhi Institute of Dental Sciences, Kothamangalam",BDS,SM,23,mbbs_p2_final.pdf
2025,2,5046,21502,MU,SM,EID,"Educare Institute of Dental Sciences, Malappuram",BDS,SM,7,mbbs_p2_final.pdf
2025,2,5047,21532,MU,SM,AZD,"Azeezia College of Dental Science, Meyyannoor, Kollam",BDS,SM,14,mbbs_p2_final.pdf
2025,2,5048,21542,SC,SM,IGD,"Indira Gandhi Institute of Dental Sciences, Kothamangalam",BDS,SM,41,mbbs_p2_final.pdf
2025,2,5049,21555,General,NR,GMC,"Sree Gokulam Medical College, Venjaramoodu, TVPM",MBBS,NR,42,mbbs_p2_final.pdf
2025,2,5050,21571,General,NC,MMC,"Malankara Orthodox Syrian Church MediCollege, Kolenchery",MBBS,NC,42,mbbs_p2_final.pdf
2025,2,5051,21591,MU,SM,AZD,"Azeezia College of Dental Science, Meyyannoor, Kollam",BDS,SM,21,mbbs_p2_final.pdf
2025,2,5052,21609,General,SM,IGD,"Indira Gandhi Institute of Dental Sciences, Kothamangalam",BDS,SM,50,mbbs_p2_final.pdf
2025,2,5053,21624,MU,SM,IGD,"Indira Gandhi Institute of Dental Sciences, Kothamangalam",BDS,SM,1,mbbs_p2_final.pdf
2025,2,5054,21632,MU,SM,AID,"Sree Anjaneya Institue of Dental Scinces, Atholi, Kozhikode",BDS,SM,23,mbbs_p2_final.pdf
2025,2,5055,21633,General,NR,KCM,"KMCT Medical College, Mukkom, Kozikkode",MBBS,NR,1,mbbs_p2_final.pdf
2025,2,5056,21645,EZ,SM,PSD,"PSM College of Dental Sciences, Thrissur",BDS,SM,21,mbbs_p2_final.pdf
2025,2,5057,21650,General,AC,SGD,"St. Gregorios Dental College, Chelad, Kothamangalam",BDS,AC,56,mbbs_p2_final.pdf
2025,2,5058,21651,General,SM,AID,"Sree Anjaneya Institue of Dental Scinces, Atholi, Kozhikode",BDS,SM,22,mbbs_p2_final.pdf
2025,2,5059,21670,MU,NR,TRM,"Travancore Medical College, Umayanalloor, Kollam",MBBS,NR,16,mbbs_p2_final.pdf
2025,2,5060,21696,General,SM,KAD,"Kannur Dental College, Anjarakandy, Kannur",BDS,SM,7,mbbs_p2_final.pdf
2025,2,5061,21703,General,SM,AZD,"Azeezia College of Dental Science, Meyyannoor, Kollam",BDS,SM,23,mbbs_p2_final.pdf
2025,2,5062,21716,MU,MM,PMS,"PMS College of Dental Sciences, Vattappara, TVPM",BDS,MM,23,mbbs_p2_final.pdf
2025,2,5063,21769,MU,SM,MLD,"Malabar Dental College, Edappal",BDS,SM,1,mbbs_p2_final.pdf
2025,2,5064,21774,MU,SM,PSD,"PSM College of Dental Sciences, Thrissur",BDS,SM,1,mbbs_p2_final.pdf
2025,2,5065,21782,MU,SM,MLD,"Malabar Dental College, Edappal",BDS,SM,11,mbbs_p2_final.pdf
2025,2,5066,21796,General,SM,AID,"Sree Anjaneya Institue of Dental Scinces, Atholi, Kozhikode",BDS,SM,23,mbbs_p2_final.pdf
2025,2,5067,21802,General,NR,TRM,"Travancore Medical College, Umayanalloor, Kollam",MBBS,NR,24,mbbs_p2_final.pdf
2025,2,5068,21808,MU,MM,PMS,"PMS College of Dental Sciences, Vattappara, TVPM",BDS,MM,53,mbbs_p2_final.pdf
2025,2,5069,21828,General,SM,EID,"Educare Institute of Dental Sciences, Malappuram",BDS,SM,44,mbbs_p2_final.pdf
2025,2,5070,21843,General,NR,MMH,"Malabar Medical College Hospital, Kozhikkode",MBBS,NR,36,mbbs_p2_final.pdf
2025,2,5071,21845,SC,SM,AZD,"Azeezia College of Dental Science, Meyyannoor, Kollam",BDS,SM,30,mbbs_p2_final.pdf
2025,2,5072,21855,BX,SM,NID,"Noorul Islam College of Dental Science, Neyyattinkara",BDS,SM,37,mbbs_p2_final.pdf
2025,2,5073,21860,SC,SM,NID,"Noorul Islam College of Dental Science, Neyyattinkara",BDS,SM,40,mbbs_p2_final.pdf
2025,2,5074,21861,EZ,SM,PSD,"PSM College of Dental Sciences, Thrissur",BDS,SM,1,mbbs_p2_final.pdf
2025,2,5075,21897,EZ,SM,PSD,"PSM College of Dental Sciences, Thrissur",BDS,SM,1,mbbs_p2_final.pdf
2025,2,5076,21916,SC,SM,AZD,"Azeezia College of Dental Science, Meyyannoor, Kollam",BDS,SM,42,mbbs_p2_final.pdf
2025,2,5077,21923,MU,MU,TRD,"Travancore DentalCollege, Kollam",BDS,MU,45,mbbs_p2_final.pdf
2025,2,5078,21926,General,NR,SUC,"SUT Accademy of Medical Sciences, Thiruvananthapuram",MBBS,NR,1,mbbs_p2_final.pdf
2025,2,5079,21934,General,NR,SIM,"Sree Narayana Institute of Medical Sciences, Chalakka, Ernakulam.",MBBS,NR,1,mbbs_p2_final.pdf
2025,2,5080,21951,MU,SM,PSD,"PSM College of Dental Sciences, Thrissur",BDS,SM,27,mbbs_p2_final.pdf
2025,2,5081,21965,EZ,SM,PSD,"PSM College of Dental Sciences, Thrissur",BDS,SM,41,mbbs_p2_final.pdf
2025,2,5082,21974,General,NC,BCM,"Believers Church Medical College Hospital, Thiruvalla",MBBS,NC,27,mbbs_p2_final.pdf
2025,2,5083,21975,MU,MM,AZD,"Azeezia College of Dental Science, Meyyannoor, Kollam",BDS,MM,1,mbbs_p2_final.pdf
2025,2,5084,21982,SC,SM,AZD,"Azeezia College of Dental Science, Meyyannoor, Kollam",BDS,SM,39,mbbs_p2_final.pdf
2025,2,5085,21983,SC,SM,AAD,"Al Azhar Dental College, Thodupuzha",BDS,SM,30,mbbs_p2_final.pdf
2025,2,5086,21986,MU,SM,AAD,"Al Azhar Dental College, Thodupuzha",BDS,SM,21,mbbs_p2_final.pdf
2025,2,5087,22002,General,SM,PSD,"PSM College of Dental Sciences, Thrissur",BDS,SM,1,mbbs_p2_final.pdf
2025,2,5088,22003,MU,SM,EID,"Educare Institute of Dental Sciences, Malappuram",BDS,SM,21,mbbs_p2_final.pdf
2025,2,5089,22009,EZ,SM,IGD,"Indira Gandhi Institute of Dental Sciences, Kothamangalam",BDS,SM,1,mbbs_p2_final.pdf
2025,2,5090,22017,General,NC,BCM,"Believers Church Medical College Hospital, Thiruvalla",MBBS,NC,5,mbbs_p2_final.pdf
2025,2,5091,22019,General,SM,AID,"Sree Anjaneya Institue of Dental Scinces, Atholi, Kozhikode",BDS,SM,27,mbbs_p2_final.pdf
2025,2,5092,22030,KU,KU,KCM,"KMCT Medical College, Mukkom, Kozikkode",MBBS,KU,6,mbbs_p2_final.pdf
2025,2,5093,22048,MU,SM,NID,"Noorul Islam College of Dental Science, Neyyattinkara",BDS,SM,9,mbbs_p2_final.pdf
2025,2,5094,22069,SC,SM,PSD,"PSM College of Dental Sciences, Thrissur",BDS,SM,44,mbbs_p2_final.pdf
2025,2,5095,22083,EW,EW,KMD,"KMCT Dental College, Mambatta, Mukkam, Kozhikode",BDS,EW,52,mbbs_p2_final.pdf
2025,2,5096,22088,KU,KU,KDM,"P K Das Institute of Medical Sciences, Ottapalam",MBBS,KU,1,mbbs_p2_final.pdf
2025,2,5097,22104,SC,SC,MED,"MES Dental College, Perinthalmanna",BDS,SC,41,mbbs_p2_final.pdf
2025,2,5098,22110,DV,DM,PTM,"Government Medical College, Konni, Pathanamthitta",MBBS,DM,1,mbbs_p2_final.pdf
2025,2,5099,22113,EZ,NR,EMC,"MES Medical College, Perinthalmanna, Malappuram",MBBS,NR,23,mbbs_p2_final.pdf
2025,2,5100,22118,SC,SC,MED,"MES Dental College, Perinthalmanna",BDS,SC,35,mbbs_p2_final.pdf
2025,2,5101,22120,General,NC,BCM,"Believers Church Medical College Hospital, Thiruvalla",MBBS,NC,42,mbbs_p2_final.pdf
2025,2,5102,22133,General,NR,TRM,"Travancore Medical College, Umayanalloor, Kollam",MBBS,NR,1,mbbs_p2_final.pdf
2025,2,5103,22151,General,SM,PSD,"PSM College of Dental Sciences, Thrissur",BDS,SM,2,mbbs_p2_final.pdf
2025,2,5104,22178,MU,SM,EID,"Educare Institute of Dental Sciences, Malappuram",BDS,SM,46,mbbs_p2_final.pdf
2025,2,5105,22195,General,SM,PSD,"PSM College of Dental Sciences, Thrissur",BDS,SM,53,mbbs_p2_final.pdf
2025,2,5106,22213,KU,KU,SMC,"Dr. Somervell Memorial CSI Medical College, Karakonam",MBBS,KU,22,mbbs_p2_final.pdf
2025,2,5107,22214,MU,SM,PSD,"PSM College of Dental Sciences, Thrissur",BDS,SM,4,mbbs_p2_final.pdf
2025,2,5108,22218,BH,SM,AID,"Sree Anjaneya Institue of Dental Scinces, Atholi, Kozhikode",BDS,SM,1,mbbs_p2_final.pdf
2025,2,5109,22223,MU,NQ,TVM,"Govt. Medical College, Thiruvananthapuram",MBBS,NQ,1,mbbs_p2_final.pdf
2025,2,5110,22225,MU,SM,MLD,"Malabar Dental College, Edappal",BDS,SM,1,mbbs_p2_final.pdf
2025,2,5111,22227,BX,SM,SVD,"Sri Sankara Dental College, Akathumuri, Varkala",BDS,SM,3,mbbs_p2_final.pdf
2025,2,5112,22231,SC,SM,IGD,"Indira Gandhi Institute of Dental Sciences, Kothamangalam",BDS,SM,29,mbbs_p2_final.pdf
2025,2,5113,22260,BH,SM,PSD,"PSM College of Dental Sciences, Thrissur",BDS,SM,30,mbbs_p2_final.pdf
2025,2,5114,22261,KN,KN,MED,"MES Dental College, Perinthalmanna",BDS,KN,41,mbbs_p2_final.pdf
2025,2,5115,22270,MU,SM,PSD,"PSM College of Dental Sciences, Thrissur",BDS,SM,47,mbbs_p2_final.pdf
2025,2,5116,22299,BX,SM,RDC,"Royal Dental College, Chalisery, Palakkad",BDS,SM,45,mbbs_p2_final.pdf
2025,2,5117,22302,SC,SM,AID,"Sree Anjaneya Institue of Dental Scinces, Atholi, Kozhikode",BDS,SM,39,mbbs_p2_final.pdf
2025,2,5118,22327,General,SM,PSD,"PSM College of Dental Sciences, Thrissur",BDS,SM,19,mbbs_p2_final.pdf
2025,2,5119,22332,MU,NR,KCM,"KMCT Medical College, Mukkom, Kozikkode",MBBS,NR,1,mbbs_p2_final.pdf
2025,2,5120,22333,General,SM,EID,"Educare Institute of Dental Sciences, Malappuram",BDS,SM,7,mbbs_p2_final.pdf
2025,2,5121,22343,EW,EW,SGD,"St. Gregorios Dental College, Chelad, Kothamangalam",BDS,EW,19,mbbs_p2_final.pdf
2025,2,5122,22349,BH,SM,PSD,"PSM College of Dental Sciences, Thrissur",BDS,SM,12,mbbs_p2_final.pdf
2025,2,5123,22351,DV,DV,ADC,"Annoor Dental College, Puthuppady, Muvattupuzha",BDS,DV,45,mbbs_p2_final.pdf
2025,2,5124,22377,VK,VK,MED,"MES Dental College, Perinthalmanna",BDS,VK,45,mbbs_p2_final.pdf
2025,2,5125,22403,MU,SM,MLD,"Malabar Dental College, Edappal",BDS,SM,23,mbbs_p2_final.pdf
2025,2,5126,22404,General,SM,PSD,"PSM College of Dental Sciences, Thrissur",BDS,SM,9,mbbs_p2_final.pdf
2025,2,5127,22405,MU,MM,PMS,"PMS College of Dental Sciences, Vattappara, TVPM",BDS,MM,8,mbbs_p2_final.pdf
2025,2,5128,22416,MU,PD,KKM,"Govt. Medical College, Kozhikkode",MBBS,PD,1,mbbs_p2_final.pdf
2025,2,5129,22426,MU,SM,MLD,"Malabar Dental College, Edappal",BDS,SM,3,mbbs_p2_final.pdf
2025,2,5130,22436,DV,NR,MMH,"Malabar Medical College Hospital, Kozhikkode",MBBS,NR,33,mbbs_p2_final.pdf
2025,2,5131,22440,General,SM,RDC,"Royal Dental College, Chalisery, Palakkad",BDS,SM,4,mbbs_p2_final.pdf
2025,2,5132,22458,EZ,NR,KCM,"KMCT Medical College, Mukkom, Kozikkode",MBBS,NR,7,mbbs_p2_final.pdf
2025,2,5133,22466,MU,SM,EID,"Educare Institute of Dental Sciences, Malappuram",BDS,SM,46,mbbs_p2_final.pdf
2025,2,5134,22481,EZ,SM,SVD,"Sri Sankara Dental College, Akathumuri, Varkala",BDS,SM,20,mbbs_p2_final.pdf
2025,2,5135,22490,MU,SM,NID,"Noorul Islam College of Dental Science, Neyyattinkara",BDS,SM,1,mbbs_p2_final.pdf
2025,2,5136,22493,LA,LA,ADC,"Annoor Dental College, Puthuppady, Muvattupuzha",BDS,LA,29,mbbs_p2_final.pdf
2025,2,5137,22515,General,NC,JMC,"Jubilee Mission Medical College, Thrisur",MBBS,NC,30,mbbs_p2_final.pdf
2025,2,5138,22516,MU,SM,IGD,"Indira Gandhi Institute of Dental Sciences, Kothamangalam",BDS,SM,4,mbbs_p2_final.pdf
2025,2,5139,22517,MU,SM,AAD,"Al Azhar Dental College, Thodupuzha",BDS,SM,28,mbbs_p2_final.pdf
2025,2,5140,22524,EW,EW,KMD,"KMCT Dental College, Mambatta, Mukkam, Kozhikode",BDS,EW,31,mbbs_p2_final.pdf
2025,2,5141,22542,BX,NR,SMC,"Dr. Somervell Memorial CSI Medical College, Karakonam",MBBS,NR,17,mbbs_p2_final.pdf
2025,2,5142,22550,General,SM,MLD,"Malabar Dental College, Edappal",BDS,SM,9,mbbs_p2_final.pdf
2025,2,5143,22554,General,NR,TRM,"Travancore Medical College, Umayanalloor, Kollam",MBBS,NR,35,mbbs_p2_final.pdf
2025,2,5144,22561,SC,SM #,NID,"Noorul Islam College of Dental Science, Neyyattinkara",BDS,SM #,38,mbbs_p2_final.pdf
2025,2,5145,22570,SC,SM,AZD,"Azeezia College of Dental Science, Meyyannoor, Kollam",BDS,SM,45,mbbs_p2_final.pdf
2025,2,5146,22571,MU,SM,IGD,"Indira Gandhi Institute of Dental Sciences, Kothamangalam",BDS,SM,7,mbbs_p2_final.pdf
2025,2,5147,22573,LA,LA,PMS,"PMS College of Dental Sciences, Vattappara, TVPM",BDS,LA,34,mbbs_p2_final.pdf
2025,2,5148,22578,General,SM,AAD,"Al Azhar Dental College, Thodupuzha",BDS,SM,25,mbbs_p2_final.pdf
2025,2,5149,22582,General,NR,SIM,"Sree Narayana Institute of Medical Sciences, Chalakka, Ernakulam.",MBBS,NR,15,mbbs_p2_final.pdf
2025,2,5150,22594,EZ,NR,GMC,"Sree Gokulam Medical College, Venjaramoodu, TVPM",MBBS,NR,40,mbbs_p2_final.pdf
2025,2,5151,22619,MU,SM,EID,"Educare Institute of Dental Sciences, Malappuram",BDS,SM,15,mbbs_p2_final.pdf
2025,2,5152,22638,KN,KN,ADC,"Annoor Dental College, Puthuppady, Muvattupuzha",BDS,KN,37,mbbs_p2_final.pdf
2025,2,5153,22643,MU,NR,EMC,"MES Medical College, Perinthalmanna, Malappuram",MBBS,NR,3,mbbs_p2_final.pdf
2025,2,5154,22645,KU,KU,PIM,"Palakkad Institute of Medical Sciences, Walayar",MBBS,KU,15,mbbs_p2_final.pdf
2025,2,5155,22656,General,NC,AMC,"Amala Institute of Medical Sciences, Thrissur",MBBS,NC,26,mbbs_p2_final.pdf
2025,2,5156,22666,EW,EW,SGD,"St. Gregorios Dental College, Chelad, Kothamangalam",BDS,EW,23,mbbs_p2_final.pdf
2025,2,5157,22670,General,SM,AZD,"Azeezia College of Dental Science, Meyyannoor, Kollam",BDS,SM,16,mbbs_p2_final.pdf
2025,2,5158,22675,MU,SM,EID,"Educare Institute of Dental Sciences, Malappuram",BDS,SM,1,mbbs_p2_final.pdf
2025,2,5159,22680,MU,NR,KCM,"KMCT Medical College, Mukkom, Kozikkode",MBBS,NR,1,mbbs_p2_final.pdf
2025,2,5160,22681,DV,DV,TRD,"Travancore DentalCollege, Kollam",BDS,DV,38,mbbs_p2_final.pdf
2025,2,5161,22685,MU,SM,EID,"Educare Institute of Dental Sciences, Malappuram",BDS,SM,48,mbbs_p2_final.pdf
2025,2,5162,22698,EZ,PT,TVD,"Govt. Dental College, Thiruvananthapuram",BDS,PT,16,mbbs_p2_final.pdf
2025,2,5163,22721,DV,SM,PSD,"PSM College of Dental Sciences, Thrissur",BDS,SM,1,mbbs_p2_final.pdf
2025,2,5164,22722,MU,SM,AID,"Sree Anjaneya Institue of Dental Scinces, Atholi, Kozhikode",BDS,SM,1,mbbs_p2_final.pdf
2025,2,5165,22749,ST,ST,PKM,"Government Medical College, Palakkad",MBBS,ST,8,mbbs_p2_final.pdf
2025,2,5166,22753,ST,ST,PKM,"Government Medical College, Palakkad",MBBS,ST,8,mbbs_p2_final.pdf
2025,2,5167,22756,General,NC,JMC,"Jubilee Mission Medical College, Thrisur",MBBS,NC,3,mbbs_p2_final.pdf
2025,2,5168,22783,MU,SM,AID,"Sree Anjaneya Institue of Dental Scinces, Atholi, Kozhikode",BDS,SM,1,mbbs_p2_final.pdf
2025,2,5169,22789,SC,SC,SGD,"St. Gregorios Dental College, Chelad, Kothamangalam",BDS,SC,42,mbbs_p2_final.pdf
2025,2,5170,22819,SC,SC,KMD,"KMCT Dental College, Mambatta, Mukkam, Kozhikode",BDS,SC,35,mbbs_p2_final.pdf
2025,2,5171,22871,MU,MM,RDC,"Royal Dental College, Chalisery, Palakkad",BDS,MM,3,mbbs_p2_final.pdf
2025,2,5172,22881,EZ,EZ,MED,"MES Dental College, Perinthalmanna",BDS,EZ,2,mbbs_p2_final.pdf
2025,2,5173,22898,EZ,SM,IGD,"Indira Gandhi Institute of Dental Sciences, Kothamangalam",BDS,SM,13,mbbs_p2_final.pdf
2025,2,5174,22899,BH,SM,AAD,"Al Azhar Dental College, Thodupuzha",BDS,SM,7,mbbs_p2_final.pdf
2025,2,5175,22900,BH,SM,MLD,"Malabar Dental College, Edappal",BDS,SM,44,mbbs_p2_final.pdf
2025,2,5176,22905,General,SM,NID,"Noorul Islam College of Dental Science, Neyyattinkara",BDS,SM,37,mbbs_p2_final.pdf
2025,2,5177,22920,ST,ST,KNM,Government Medical College Kannur,MBBS,ST,5,mbbs_p2_final.pdf
2025,2,5178,22960,MU,SM,MLD,"Malabar Dental College, Edappal",BDS,SM,10,mbbs_p2_final.pdf
2025,2,5179,22967,SC,SM,EID,"Educare Institute of Dental Sciences, Malappuram",BDS,SM,41,mbbs_p2_final.pdf
2025,2,5180,22971,General,NC,BCM,"Believers Church Medical College Hospital, Thiruvalla",MBBS,NC,15,mbbs_p2_final.pdf
2025,2,5181,22985,DV,SM,PSD,"PSM College of Dental Sciences, Thrissur",BDS,SM,21,mbbs_p2_final.pdf
2025,2,5182,22998,SC,SM,PSD,"PSM College of Dental Sciences, Thrissur",BDS,SM,1,mbbs_p2_final.pdf
2025,2,5183,23000,EW,EW,SGD,"St. Gregorios Dental College, Chelad, Kothamangalam",BDS,EW,25,mbbs_p2_final.pdf
2025,2,5184,23027,EZ,PD,KKM,"Govt. Medical College, Kozhikkode",MBBS,PD,1,mbbs_p2_final.pdf
2025,2,5185,23028,General,NR,MMH,"Malabar Medical College Hospital, Kozhikkode",MBBS,NR,1,mbbs_p2_final.pdf
2025,2,5186,23033,VK,SM,RDC,"Royal Dental College, Chalisery, Palakkad",BDS,SM,23,mbbs_p2_final.pdf
2025,2,5187,23052,EW,SM,RDC,"Royal Dental College, Chalisery, Palakkad",BDS,SM,22,mbbs_p2_final.pdf
2025,2,5188,23059,LA,SM,PSD,"PSM College of Dental Sciences, Thrissur",BDS,SM,1,mbbs_p2_final.pdf
2025,2,5189,23071,General,NC,JMC,"Jubilee Mission Medical College, Thrisur",MBBS,NC,42,mbbs_p2_final.pdf
2025,2,5190,23082,EZ,SM,AAD,"Al Azhar Dental College, Thodupuzha",BDS,SM,45,mbbs_p2_final.pdf
2025,2,5191,23094,EW,EW,KMD,"KMCT Dental College, Mambatta, Mukkam, Kozhikode",BDS,EW,21,mbbs_p2_final.pdf
2025,2,5192,23101,General,SM,NID,"Noorul Islam College of Dental Science, Neyyattinkara",BDS,SM,29,mbbs_p2_final.pdf
2025,2,5193,23129,EZ,SM,AZD,"Azeezia College of Dental Science, Meyyannoor, Kollam",BDS,SM,31,mbbs_p2_final.pdf
2025,2,5194,23151,MU,NR,KCM,"KMCT Medical College, Mukkom, Kozikkode",MBBS,NR,41,mbbs_p2_final.pdf
2025,2,5195,23170,EZ,SM,PSD,"PSM College of Dental Sciences, Thrissur",BDS,SM,44,mbbs_p2_final.pdf
2025,2,5196,23190,LA,SM,SVD,"Sri Sankara Dental College, Akathumuri, Varkala",BDS,SM,13,mbbs_p2_final.pdf
2025,2,5197,23192,ST,ST,JMC,"Jubilee Mission Medical College, Thrisur",MBBS,ST,1,mbbs_p2_final.pdf
2025,2,5198,23195,General,SM,SVD,"Sri Sankara Dental College, Akathumuri, Varkala",BDS,SM,2,mbbs_p2_final.pdf
2025,2,5199,23196,EZ,EZ,MED,"MES Dental College, Perinthalmanna",BDS,EZ,7,mbbs_p2_final.pdf
2025,2,5200,23204,General,DK,KTM,"Govt. Medical College, Kottayam",MBBS,DK,1,mbbs_p2_final.pdf
2025,2,5201,23227,BH,SM,MLD,"Malabar Dental College, Edappal",BDS,SM,36,mbbs_p2_final.pdf
2025,2,5202,23230,General,AC,SGD,"St. Gregorios Dental College, Chelad, Kothamangalam",BDS,AC,56,mbbs_p2_final.pdf
2025,2,5203,23233,MU,SM,IGD,"Indira Gandhi Institute of Dental Sciences, Kothamangalam",BDS,SM,1,mbbs_p2_final.pdf
2025,2,5204,23237,SC,SM,AID,"Sree Anjaneya Institue of Dental Scinces, Atholi, Kozhikode",BDS,SM,1,mbbs_p2_final.pdf
2025,2,5205,23243,General,MM,PMS,"PMS College of Dental Sciences, Vattappara, TVPM",BDS,MM,44,mbbs_p2_final.pdf
2025,2,5206,23244,General,SM,IGD,"Indira Gandhi Institute of Dental Sciences, Kothamangalam",BDS,SM,23,mbbs_p2_final.pdf
2025,2,5207,23258,BH,SM,RDC,"Royal Dental College, Chalisery, Palakkad",BDS,SM,12,mbbs_p2_final.pdf
2025,2,5208,23264,SC,SM,SVD,"Sri Sankara Dental College, Akathumuri, Varkala",BDS,SM,35,mbbs_p2_final.pdf
2025,2,5209,23271,MU,SM,IGD,"Indira Gandhi Institute of Dental Sciences, Kothamangalam",BDS,SM,46,mbbs_p2_final.pdf
2025,2,5210,23291,KN,SM,PSD,"PSM College of Dental Sciences, Thrissur",BDS,SM,42,mbbs_p2_final.pdf
2025,2,5211,23300,MU,SM,EID,"Educare Institute of Dental Sciences, Malappuram",BDS,SM,3,mbbs_p2_final.pdf
2025,2,5212,23315,BX,SM,AZD,"Azeezia College of Dental Science, Meyyannoor, Kollam",BDS,SM,42,mbbs_p2_final.pdf
2025,2,5213,23325,General,SM,AID,"Sree Anjaneya Institue of Dental Scinces, Atholi, Kozhikode",BDS,SM,19,mbbs_p2_final.pdf
2025,2,5214,23330,MU,MM,AZD,"Azeezia College of Dental Science, Meyyannoor, Kollam",BDS,MM,51,mbbs_p2_final.pdf
2025,2,5215,23335,General,SM,RDC,"Royal Dental College, Chalisery, Palakkad",BDS,SM,41,mbbs_p2_final.pdf
2025,2,5216,23342,MU,SM,AID,"Sree Anjaneya Institue of Dental Scinces, Atholi, Kozhikode",BDS,SM,47,mbbs_p2_final.pdf
2025,2,5217,23355,SC,SC,SGD,"St. Gregorios Dental College, Chelad, Kothamangalam",BDS,SC,36,mbbs_p2_final.pdf
2025,2,5218,23361,General,SM,AAD,"Al Azhar Dental College, Thodupuzha",BDS,SM,39,mbbs_p2_final.pdf
2025,2,5219,23368,BH,SM,AID,"Sree Anjaneya Institue of Dental Scinces, Atholi, Kozhikode",BDS,SM,37,mbbs_p2_final.pdf
2025,2,5220,23372,EZ,SM,IGD,"Indira Gandhi Institute of Dental Sciences, Kothamangalam",BDS,SM,44,mbbs_p2_final.pdf
2025,2,5221,23383,DV,SM,AZD,"Azeezia College of Dental Science, Meyyannoor, Kollam",BDS,SM,16,mbbs_p2_final.pdf
2025,2,5222,23388,LA,LA,PSD,"PSM College of Dental Sciences, Thrissur",BDS,LA,7,mbbs_p2_final.pdf
2025,2,5223,23390,MU,MM,EID,"Educare Institute of Dental Sciences, Malappuram",BDS,MM,1,mbbs_p2_final.pdf
2025,2,5224,23392,BH,SM,SVD,"Sri Sankara Dental College, Akathumuri, Varkala",BDS,SM,42,mbbs_p2_final.pdf
2025,2,5225,23406,General,AC,SGD,"St. Gregorios Dental College, Chelad, Kothamangalam",BDS,AC,55,mbbs_p2_final.pdf
2025,2,5226,23414,ST,ST,MMH,"Malabar Medical College Hospital, Kozhikkode",MBBS,ST,6,mbbs_p2_final.pdf
2025,2,5227,23417,DV,SM,MLD,"Malabar Dental College, Edappal",BDS,SM,40,mbbs_p2_final.pdf
2025,2,5228,23452,EZ,NR,SIM,"Sree Narayana Institute of Medical Sciences, Chalakka, Ernakulam.",MBBS,NR,18,mbbs_p2_final.pdf
2025,2,5229,23455,SC,SC,MED,"MES Dental College, Perinthalmanna",BDS,SC,43,mbbs_p2_final.pdf
2025,2,5230,23457,MU,SM,AAD,"Al Azhar Dental College, Thodupuzha",BDS,SM,48,mbbs_p2_final.pdf
2025,2,5231,23485,BH,SM,IGD,"Indira Gandhi Institute of Dental Sciences, Kothamangalam",BDS,SM,6,mbbs_p2_final.pdf
2025,2,5232,23503,MU,MM,EID,"Educare Institute of Dental Sciences, Malappuram",BDS,MM,1,mbbs_p2_final.pdf
2025,2,5233,23511,General,SM,AAD,"Al Azhar Dental College, Thodupuzha",BDS,SM,46,mbbs_p2_final.pdf
2025,2,5234,23520,SC,SM,EID,"Educare Institute of Dental Sciences, Malappuram",BDS,SM,35,mbbs_p2_final.pdf
2025,2,5235,23533,SC,SM,IGD,"Indira Gandhi Institute of Dental Sciences, Kothamangalam",BDS,SM,41,mbbs_p2_final.pdf
2025,2,5236,23543,BX,SM,MLD,"Malabar Dental College, Edappal",BDS,SM,39,mbbs_p2_final.pdf
2025,2,5237,23568,MU,SM,MLD,"Malabar Dental College, Edappal",BDS,SM,3,mbbs_p2_final.pdf
2025,2,5238,23569,EZ,PI,KNM,Government Medical College Kannur,MBBS,PI,1,mbbs_p2_final.pdf
2025,2,5239,23574,MU,MM,RDC,"Royal Dental College, Chalisery, Palakkad",BDS,MM,51,mbbs_p2_final.pdf
2025,2,5240,23593,MU,PD,KKM,"Govt. Medical College, Kozhikkode",MBBS,PD,1,mbbs_p2_final.pdf
2025,2,5241,23598,LA,SM,NID,"Noorul Islam College of Dental Science, Neyyattinkara",BDS,SM,48,mbbs_p2_final.pdf
2025,2,5242,23617,MU,MU,PSD,"PSM College of Dental Sciences, Thrissur",BDS,MU,48,mbbs_p2_final.pdf
2025,2,5243,23633,General,SM,RDC,"Royal Dental College, Chalisery, Palakkad",BDS,SM,36,mbbs_p2_final.pdf
2025,2,5244,23644,BH,SM,MLD,"Malabar Dental College, Edappal",BDS,SM,13,mbbs_p2_final.pdf
2025,2,5245,23688,SC,SM,NID,"Noorul Islam College of Dental Science, Neyyattinkara",BDS,SM,41,mbbs_p2_final.pdf
2025,2,5246,23690,EZ,SM,EID,"Educare Institute of Dental Sciences, Malappuram",BDS,SM,21,mbbs_p2_final.pdf
2025,2,5247,23694,General,AC,SGD,"St. Gregorios Dental College, Chelad, Kothamangalam",BDS,AC,40,mbbs_p2_final.pdf
2025,2,5248,23695,General,SM,AAD,"Al Azhar Dental College, Thodupuzha",BDS,SM,40,mbbs_p2_final.pdf
2025,2,5249,23710,MU,SM,IGD,"Indira Gandhi Institute of Dental Sciences, Kothamangalam",BDS,SM,24,mbbs_p2_final.pdf
2025,2,5250,23711,BH,SM,AAD,"Al Azhar Dental College, Thodupuzha",BDS,SM,14,mbbs_p2_final.pdf
2025,2,5251,23718,EZ,SM,AID,"Sree Anjaneya Institue of Dental Scinces, Atholi, Kozhikode",BDS,SM,42,mbbs_p2_final.pdf
2025,2,5252,23724,General,SM,AAD,"Al Azhar Dental College, Thodupuzha",BDS,SM,33,mbbs_p2_final.pdf
2025,2,5253,23725,MU,MM,PMS,"PMS College of Dental Sciences, Vattappara, TVPM",BDS,MM,48,mbbs_p2_final.pdf
2025,2,5254,23733,EZ,SM,RDC,"Royal Dental College, Chalisery, Palakkad",BDS,SM,21,mbbs_p2_final.pdf
2025,2,5255,23735,SC,SM,IGD,"Indira Gandhi Institute of Dental Sciences, Kothamangalam",BDS,SM,41,mbbs_p2_final.pdf
2025,2,5256,23737,General,SM,EID,"Educare Institute of Dental Sciences, Malappuram",BDS,SM,15,mbbs_p2_final.pdf
2025,2,5257,23740,MU,NR,KCM,"KMCT Medical College, Mukkom, Kozikkode",MBBS,NR,1,mbbs_p2_final.pdf
2025,2,5258,23744,MU,SM,AID,"Sree Anjaneya Institue of Dental Scinces, Atholi, Kozhikode",BDS,SM,8,mbbs_p2_final.pdf
2025,2,5259,23749,EZ,SM,IGD,"Indira Gandhi Institute of Dental Sciences, Kothamangalam",BDS,SM,19,mbbs_p2_final.pdf
2025,2,5260,23752,EZ,EZ,PSD,"PSM College of Dental Sciences, Thrissur",BDS,EZ,21,mbbs_p2_final.pdf
2025,2,5261,23753,General,AC,SGD,"St. Gregorios Dental College, Chelad, Kothamangalam",BDS,AC,7,mbbs_p2_final.pdf
2025,2,5262,23779,General,SM,RDC,"Royal Dental College, Chalisery, Palakkad",BDS,SM,8,mbbs_p2_final.pdf
2025,2,5263,23786,MU,SM,AAD,"Al Azhar Dental College, Thodupuzha",BDS,SM,4,mbbs_p2_final.pdf
2025,2,5264,23789,EZ,SM,AZD,"Azeezia College of Dental Science, Meyyannoor, Kollam",BDS,SM,24,mbbs_p2_final.pdf
2025,2,5265,23804,SC,SM,AID,"Sree Anjaneya Institue of Dental Scinces, Atholi, Kozhikode",BDS,SM,41,mbbs_p2_final.pdf
2025,2,5266,23806,SC,SM,IGD,"Indira Gandhi Institute of Dental Sciences, Kothamangalam",BDS,SM,21,mbbs_p2_final.pdf
2025,2,5267,23837,General,NR,GMC,"Sree Gokulam Medical College, Venjaramoodu, TVPM",MBBS,NR,2,mbbs_p2_final.pdf
2025,2,5268,23839,SC,SM,IGD,"Indira Gandhi Institute of Dental Sciences, Kothamangalam",BDS,SM,42,mbbs_p2_final.pdf
2025,2,5269,23853,General,SM,RDC,"Royal Dental College, Chalisery, Palakkad",BDS,SM,9,mbbs_p2_final.pdf
2025,2,5270,23863,KN,SM,AAD,"Al Azhar Dental College, Thodupuzha",BDS,SM,45,mbbs_p2_final.pdf
2025,2,5271,23872,General,NC,JMC,"Jubilee Mission Medical College, Thrisur",MBBS,NC,30,mbbs_p2_final.pdf
2025,2,5272,23875,EZ,NR *,TRM,"Travancore Medical College, Umayanalloor, Kollam",MBBS,NR *,14,mbbs_p2_final.pdf
2025,2,5273,23880,SC,SM,AID,"Sree Anjaneya Institue of Dental Scinces, Atholi, Kozhikode",BDS,SM,5,mbbs_p2_final.pdf
2025,2,5274,23897,KN,SM,AAD,"Al Azhar Dental College, Thodupuzha",BDS,SM,44,mbbs_p2_final.pdf
2025,2,5275,23929,MU,SM,EID,"Educare Institute of Dental Sciences, Malappuram",BDS,SM,1,mbbs_p2_final.pdf
2025,2,5276,23966,General,SM,KAD,"Kannur Dental College, Anjarakandy, Kannur",BDS,SM,28,mbbs_p2_final.pdf
2025,2,5277,23993,General,SM,IGD,"Indira Gandhi Institute of Dental Sciences, Kothamangalam",BDS,SM,2,mbbs_p2_final.pdf
2025,2,5278,24002,ST,ST,KCM,"KMCT Medical College, Mukkom, Kozikkode",MBBS,ST,6,mbbs_p2_final.pdf
2025,2,5279,24003,MU,NR,TRM,"Travancore Medical College, Umayanalloor, Kollam",MBBS,NR,1,mbbs_p2_final.pdf
2025,2,5280,24012,General,NR,TRM,"Travancore Medical College, Umayanalloor, Kollam",MBBS,NR,27,mbbs_p2_final.pdf
2025,2,5281,24034,BH,PD,TVM,"Govt. Medical College, Thiruvananthapuram",MBBS,PD,1,mbbs_p2_final.pdf
2025,2,5282,24043,General,NC,JMC,"Jubilee Mission Medical College, Thrisur",MBBS,NC,18,mbbs_p2_final.pdf
2025,2,5283,24046,SC,SM,AAD,"Al Azhar Dental College, Thodupuzha",BDS,SM,41,mbbs_p2_final.pdf
2025,2,5284,24049,DV,SM,AID,"Sree Anjaneya Institue of Dental Scinces, Atholi, Kozhikode",BDS,SM,41,mbbs_p2_final.pdf
2025,2,5285,24067,SC,SC,MED,"MES Dental College, Perinthalmanna",BDS,SC,36,mbbs_p2_final.pdf
2025,2,5286,24069,SC,SC,PSD,"PSM College of Dental Sciences, Thrissur",BDS,SC,38,mbbs_p2_final.pdf
2025,2,5287,24077,MU,NR,EMC,"MES Medical College, Perinthalmanna, Malappuram",MBBS,NR,3,mbbs_p2_final.pdf
2025,2,5288,24078,General,SM,SVD,"Sri Sankara Dental College, Akathumuri, Varkala",BDS,SM,43,mbbs_p2_final.pdf
2025,2,5289,24081,LA,SM,NID,"Noorul Islam College of Dental Science, Neyyattinkara",BDS,SM,45,mbbs_p2_final.pdf
2025,2,5290,24093,General,NR,MMH,"Malabar Medical College Hospital, Kozhikkode",MBBS,NR,19,mbbs_p2_final.pdf
2025,2,5291,24102,LA,LA,MED,"MES Dental College, Perinthalmanna",BDS,LA,47,mbbs_p2_final.pdf
2025,2,5292,24116,EZ,SM,MLD,"Malabar Dental College, Edappal",BDS,SM,27,mbbs_p2_final.pdf
2025,2,5293,24122,EZ,SM,NID,"Noorul Islam College of Dental Science, Neyyattinkara",BDS,SM,8,mbbs_p2_final.pdf
2025,2,5294,24132,General,NR,MMH,"Malabar Medical College Hospital, Kozhikkode",MBBS,NR,37,mbbs_p2_final.pdf
2025,2,5295,24135,MU,MM,TRD,"Travancore DentalCollege, Kollam",BDS,MM,48,mbbs_p2_final.pdf
2025,2,5296,24153,General,SM,KAD,"Kannur Dental College, Anjarakandy, Kannur",BDS,SM,41,mbbs_p2_final.pdf
2025,2,5297,24154,SC,SM,AZD,"Azeezia College of Dental Science, Meyyannoor, Kollam",BDS,SM,46,mbbs_p2_final.pdf
2025,2,5298,24159,EZ,SM,AZD,"Azeezia College of Dental Science, Meyyannoor, Kollam",BDS,SM,45,mbbs_p2_final.pdf
2025,2,5299,24188,ST,ST,PTM,"Government Medical College, Konni, Pathanamthitta",MBBS,ST,3,mbbs_p2_final.pdf
2025,2,5300,24189,MU,SM,AAD,"Al Azhar Dental College, Thodupuzha",BDS,SM,40,mbbs_p2_final.pdf
2025,2,5301,24193,EW,EW,PSD,"PSM College of Dental Sciences, Thrissur",BDS,EW,21,mbbs_p2_final.pdf
2025,2,5302,24197,VK,VK,MED,"MES Dental College, Perinthalmanna",BDS,VK,8,mbbs_p2_final.pdf
2025,2,5303,24206,General,NR,SMC,"Dr. Somervell Memorial CSI Medical College, Karakonam",MBBS,NR,1,mbbs_p2_final.pdf
2025,2,5304,24209,DV,DV,PSD,"PSM College of Dental Sciences, Thrissur",BDS,DV,39,mbbs_p2_final.pdf
2025,2,5305,24217,MU,MU,PSD,"PSM College of Dental Sciences, Thrissur",BDS,MU,7,mbbs_p2_final.pdf
2025,2,5306,24233,EZ,SM,NID,"Noorul Islam College of Dental Science, Neyyattinkara",BDS,SM,1,mbbs_p2_final.pdf
2025,2,5307,24246,KN,SM,IGD,"Indira Gandhi Institute of Dental Sciences, Kothamangalam",BDS,SM,1,mbbs_p2_final.pdf
2025,2,5308,24280,MU,SM,MLD,"Malabar Dental College, Edappal",BDS,SM,3,mbbs_p2_final.pdf
2025,2,5309,24290,MU,NR,KCM,"KMCT Medical College, Mukkom, Kozikkode",MBBS,NR,1,mbbs_p2_final.pdf
2025,2,5310,24308,KU,KU,KDM,"P K Das Institute of Medical Sciences, Ottapalam",MBBS,KU,1,mbbs_p2_final.pdf
2025,2,5311,24312,SC,SC,SGD,"St. Gregorios Dental College, Chelad, Kothamangalam",BDS,SC,29,mbbs_p2_final.pdf
2025,2,5312,24362,General,SM,EID,"Educare Institute of Dental Sciences, Malappuram",BDS,SM,22,mbbs_p2_final.pdf
2025,2,5313,24375,General,SM,AAD,"Al Azhar Dental College, Thodupuzha",BDS,SM,59,mbbs_p2_final.pdf
2025,2,5314,24376,SC,SC,AAD,"Al Azhar Dental College, Thodupuzha",BDS,SC,44,mbbs_p2_final.pdf
2025,2,5315,24407,KU,KU,WYM,"Govt. Medical College, Wayanad",MBBS,KU,13,mbbs_p2_final.pdf
2025,2,5316,24416,General,SM,AZD,"Azeezia College of Dental Science, Meyyannoor, Kollam",BDS,SM,37,mbbs_p2_final.pdf
2025,2,5317,24421,BH,BH,PSD,"PSM College of Dental Sciences, Thrissur",BDS,BH,43,mbbs_p2_final.pdf
2025,2,5318,24424,BH,SM,AID,"Sree Anjaneya Institue of Dental Scinces, Atholi, Kozhikode",BDS,SM,35,mbbs_p2_final.pdf
2025,2,5319,24438,SC,SM,MLD,"Malabar Dental College, Edappal",BDS,SM,15,mbbs_p2_final.pdf
2025,2,5320,24459,LA,SM,KAD,"Kannur Dental College, Anjarakandy, Kannur",BDS,SM,22,mbbs_p2_final.pdf
2025,2,5321,24463,MU,NR,KCM,"KMCT Medical College, Mukkom, Kozikkode",MBBS,NR,41,mbbs_p2_final.pdf
2025,2,5322,24468,SC,SM,IGD,"Indira Gandhi Institute of Dental Sciences, Kothamangalam",BDS,SM,42,mbbs_p2_final.pdf
2025,2,5323,24471,EZ,EZ,RDC,"Royal Dental College, Chalisery, Palakkad",BDS,EZ,22,mbbs_p2_final.pdf
2025,2,5324,24474,General,SM,MLD,"Malabar Dental College, Edappal",BDS,SM,24,mbbs_p2_final.pdf
2025,2,5325,24479,ST,ST,KSM,"Govt. Medical College, Kasaragod",MBBS,ST,6,mbbs_p2_final.pdf
2025,2,5326,24489,General,SM,IGD,"Indira Gandhi Institute of Dental Sciences, Kothamangalam",BDS,SM,6,mbbs_p2_final.pdf
2025,2,5327,24497,BX,BX,PSD,"PSM College of Dental Sciences, Thrissur",BDS,BX,8,mbbs_p2_final.pdf
2025,2,5328,24517,MU,SM,MLD,"Malabar Dental College, Edappal",BDS,SM,9,mbbs_p2_final.pdf
2025,2,5329,24520,General,NR,DMM,"Dr. Moopens Medical College, Meppadi, Wayanad",MBBS,NR,16,mbbs_p2_final.pdf
2025,2,5330,24552,SC,SM,KAD,"Kannur Dental College, Anjarakandy, Kannur",BDS,SM,30,mbbs_p2_final.pdf
2025,2,5331,24554,LA,NC,BCM,"Believers Church Medical College Hospital, Thiruvalla",MBBS,NC,6,mbbs_p2_final.pdf
2025,2,5332,24556,General,SM,SVD,"Sri Sankara Dental College, Akathumuri, Varkala",BDS,SM,39,mbbs_p2_final.pdf
2025,2,5333,24590,General,SM,IGD,"Indira Gandhi Institute of Dental Sciences, Kothamangalam",BDS,SM,47,mbbs_p2_final.pdf
2025,2,5334,24594,DV,SM,AID,"Sree Anjaneya Institue of Dental Scinces, Atholi, Kozhikode",BDS,SM,42,mbbs_p2_final.pdf
2025,2,5335,24627,BH,BH,RDC,"Royal Dental College, Chalisery, Palakkad",BDS,BH,40,mbbs_p2_final.pdf
2025,2,5336,24643,General,NC *,AMC,"Amala Institute of Medical Sciences, Thrissur",MBBS,NC *,29,mbbs_p2_final.pdf
2025,2,5337,24683,BH,BH,AZD,"Azeezia College of Dental Science, Meyyannoor, Kollam",BDS,BH,48,mbbs_p2_final.pdf
2025,2,5338,24690,SC,SM,IGD,"Indira Gandhi Institute of Dental Sciences, Kothamangalam",BDS,SM,41,mbbs_p2_final.pdf
2025,2,5339,24705,VK,SM,IGD,"Indira Gandhi Institute of Dental Sciences, Kothamangalam",BDS,SM,21,mbbs_p2_final.pdf
2025,2,5340,24712,VK,VK,ADC,"Annoor Dental College, Puthuppady, Muvattupuzha",BDS,VK,23,mbbs_p2_final.pdf
2025,2,5341,24716,LA,LA,NID,"Noorul Islam College of Dental Science, Neyyattinkara",BDS,LA,1,mbbs_p2_final.pdf
2025,2,5342,24721,BH,BH,NID,"Noorul Islam College of Dental Science, Neyyattinkara",BDS,BH,41,mbbs_p2_final.pdf
2025,2,5343,24738,SC,SM,EID,"Educare Institute of Dental Sciences, Malappuram",BDS,SM,35,mbbs_p2_final.pdf
2025,2,5344,24751,General,NR,MBD,"Mar Baselious Dental College, Kothamangalam",BDS,NR,6,mbbs_p2_final.pdf
2025,2,5345,24777,KN,SM,AID,"Sree Anjaneya Institue of Dental Scinces, Atholi, Kozhikode",BDS,SM,22,mbbs_p2_final.pdf
2025,2,5346,24791,MU,MU,AZD,"Azeezia College of Dental Science, Meyyannoor, Kollam",BDS,MU,35,mbbs_p2_final.pdf
2025,2,5347,24796,EW,PD,TVM,"Govt. Medical College, Thiruvananthapuram",MBBS,PD,1,mbbs_p2_final.pdf
2025,2,5348,24798,MU,SM,AID,"Sree Anjaneya Institue of Dental Scinces, Atholi, Kozhikode",BDS,SM,7,mbbs_p2_final.pdf
2025,2,5349,24800,General,NC,PMC,"Pushpagiri Institute of Medical Science, Thiruvalla",MBBS,NC,43,mbbs_p2_final.pdf
2025,2,5350,24802,VK,VK,AZD,"Azeezia College of Dental Science, Meyyannoor, Kollam",BDS,VK,48,mbbs_p2_final.pdf
2025,2,5351,24817,EW,EW,MED,"MES Dental College, Perinthalmanna",BDS,EW,39,mbbs_p2_final.pdf
2025,2,5352,24862,BH,BH,PSD,"PSM College of Dental Sciences, Thrissur",BDS,BH,45,mbbs_p2_final.pdf
2025,2,5353,24871,ST,ST,PTM,"Government Medical College, Konni, Pathanamthitta",MBBS,ST,10,mbbs_p2_final.pdf
2025,2,5354,24879,MU,MM,PMS,"PMS College of Dental Sciences, Vattappara, TVPM",BDS,MM,15,mbbs_p2_final.pdf
2025,2,5355,24884,SC,SM,AID,"Sree Anjaneya Institue of Dental Scinces, Atholi, Kozhikode",BDS,SM,42,mbbs_p2_final.pdf
2025,2,5356,24891,DV,DV,PSD,"PSM College of Dental Sciences, Thrissur",BDS,DV,46,mbbs_p2_final.pdf
2025,2,5357,24895,EW,EW,SGD,"St. Gregorios Dental College, Chelad, Kothamangalam",BDS,EW,1,mbbs_p2_final.pdf
2025,2,5358,24904,ST,ST,DMM,"Dr. Moopens Medical College, Meppadi, Wayanad",MBBS,ST,1,mbbs_p2_final.pdf
2025,2,5359,24905,BH,SM,KAD,"Kannur Dental College, Anjarakandy, Kannur",BDS,SM,30,mbbs_p2_final.pdf
2025,2,5360,24906,SC,SM,AID,"Sree Anjaneya Institue of Dental Scinces, Atholi, Kozhikode",BDS,SM,43,mbbs_p2_final.pdf
2025,2,5361,24927,MU,PD,KKM,"Govt. Medical College, Kozhikkode",MBBS,PD,1,mbbs_p2_final.pdf
2025,2,5362,24931,General,NR,MMH,"Malabar Medical College Hospital, Kozhikkode",MBBS,NR,1,mbbs_p2_final.pdf
2025,2,5363,24936,BX,SM,KAD,"Kannur Dental College, Anjarakandy, Kannur",BDS,SM,14,mbbs_p2_final.pdf
2025,2,5364,24937,LA,SM,IGD,"Indira Gandhi Institute of Dental Sciences, Kothamangalam",BDS,SM,48,mbbs_p2_final.pdf
2025,2,5365,24945,EZ,EZ,PSD,"PSM College of Dental Sciences, Thrissur",BDS,EZ,1,mbbs_p2_final.pdf
2025,2,5366,24969,MU,NR,EMC,"MES Medical College, Perinthalmanna, Malappuram",MBBS,NR,43,mbbs_p2_final.pdf
2025,2,5367,24970,General,NC,PMC,"Pushpagiri Institute of Medical Science, Thiruvalla",MBBS,NC,6,mbbs_p2_final.pdf
2025,2,5368,24977,MU,MM,AZD,"Azeezia College of Dental Science, Meyyannoor, Kollam",BDS,MM,1,mbbs_p2_final.pdf
2025,2,5369,24980,SC,SC,AAD,"Al Azhar Dental College, Thodupuzha",BDS,SC,41,mbbs_p2_final.pdf
2025,2,5370,24985,MU,SM,MLD,"Malabar Dental College, Edappal",BDS,SM,9,mbbs_p2_final.pdf
2025,2,5371,24999,General,NR,MZM,"Mount Zion Medical College, Pathanamthitta",MBBS,NR,28,mbbs_p2_final.pdf
2025,2,5372,25008,DV,DV,AZD,"Azeezia College of Dental Science, Meyyannoor, Kollam",BDS,DV,36,mbbs_p2_final.pdf
2025,2,5373,25032,BH,BH,PSD,"PSM College of Dental Sciences, Thrissur",BDS,BH,44,mbbs_p2_final.pdf
2025,2,5374,25049,General,SM,AID,"Sree Anjaneya Institue of Dental Scinces, Atholi, Kozhikode",BDS,SM,5,mbbs_p2_final.pdf
2025,2,5375,25059,General,SM,IGD,"Indira Gandhi Institute of Dental Sciences, Kothamangalam",BDS,SM,12,mbbs_p2_final.pdf
2025,2,5376,25063,BX,BX,AAD,"Al Azhar Dental College, Thodupuzha",BDS,BX,42,mbbs_p2_final.pdf
2025,2,5377,25095,SC,SM,EID,"Educare Institute of Dental Sciences, Malappuram",BDS,SM,38,mbbs_p2_final.pdf
2025,2,5378,25101,BH,BH,AZD,"Azeezia College of Dental Science, Meyyannoor, Kollam",BDS,BH,35,mbbs_p2_final.pdf
2025,2,5379,25103,SC,SM,AID,"Sree Anjaneya Institue of Dental Scinces, Atholi, Kozhikode",BDS,SM,41,mbbs_p2_final.pdf
2025,2,5380,25110,ST,ST,DMM,"Dr. Moopens Medical College, Meppadi, Wayanad",MBBS,ST,1,mbbs_p2_final.pdf
2025,2,5381,25120,General,NR,SIM,"Sree Narayana Institute of Medical Sciences, Chalakka, Ernakulam.",MBBS,NR,1,mbbs_p2_final.pdf
2025,2,5382,25133,SC,SC,MED,"MES Dental College, Perinthalmanna",BDS,SC,47,mbbs_p2_final.pdf
2025,2,5383,25144,MU,SM,AID,"Sree Anjaneya Institue of Dental Scinces, Atholi, Kozhikode",BDS,SM,17,mbbs_p2_final.pdf
2025,2,5384,25183,General,NR,GMC,"Sree Gokulam Medical College, Venjaramoodu, TVPM",MBBS,NR,11,mbbs_p2_final.pdf
2025,2,5385,25206,MU,MU,PSD,"PSM College of Dental Sciences, Thrissur",BDS,MU,13,mbbs_p2_final.pdf
2025,2,5386,25214,SC,SC,AAD,"Al Azhar Dental College, Thodupuzha",BDS,SC,39,mbbs_p2_final.pdf
2025,2,5387,25223,General,NC,MMC,"Malankara Orthodox Syrian Church MediCollege, Kolenchery",MBBS,NC,42,mbbs_p2_final.pdf
2025,2,5388,25225,General,NR,EMC,"MES Medical College, Perinthalmanna, Malappuram",MBBS,NR,25,mbbs_p2_final.pdf
2025,2,5389,25235,MU,SM,KAD,"Kannur Dental College, Anjarakandy, Kannur",BDS,SM,19,mbbs_p2_final.pdf
2025,2,5390,25246,BX,NR,SMC,"Dr. Somervell Memorial CSI Medical College, Karakonam",MBBS,NR,42,mbbs_p2_final.pdf
2025,2,5391,25251,MU,PD,KKM,"Govt. Medical College, Kozhikkode",MBBS,PD,1,mbbs_p2_final.pdf
2025,2,5392,25269,BX,BX,NID,"Noorul Islam College of Dental Science, Neyyattinkara",BDS,BX,45,mbbs_p2_final.pdf
2025,2,5393,25284,General,NC,PMC,"Pushpagiri Institute of Medical Science, Thiruvalla",MBBS,NC,30,mbbs_p2_final.pdf
2025,2,5394,25300,MU,MU,AZD,"Azeezia College of Dental Science, Meyyannoor, Kollam",BDS,MU,8,mbbs_p2_final.pdf
2025,2,5395,25310,BH,SM,AID,"Sree Anjaneya Institue of Dental Scinces, Atholi, Kozhikode",BDS,SM,36,mbbs_p2_final.pdf
2025,2,5396,25327,SC,SC,AAD,"Al Azhar Dental College, Thodupuzha",BDS,SC,48,mbbs_p2_final.pdf
2025,2,5397,25332,SC,SM,MLD,"Malabar Dental College, Edappal",BDS,SM,47,mbbs_p2_final.pdf
2025,2,5398,25338,General,NR,SUC,"SUT Accademy of Medical Sciences, Thiruvananthapuram",MBBS,NR,1,mbbs_p2_final.pdf
2025,2,5399,25347,SC,SM,IGD,"Indira Gandhi Institute of Dental Sciences, Kothamangalam",BDS,SM,42,mbbs_p2_final.pdf
2025,2,5400,25371,BH,SM,MLD,"Malabar Dental College, Edappal",BDS,SM,45,mbbs_p2_final.pdf
2025,2,5401,25380,VK,VK,PSD,"PSM College of Dental Sciences, Thrissur",BDS,VK,3,mbbs_p2_final.pdf
2025,2,5402,25392,SC,SM,SVD,"Sri Sankara Dental College, Akathumuri, Varkala",BDS,SM,3,mbbs_p2_final.pdf
2025,2,5403,25414,MU,MM,TRD,"Travancore DentalCollege, Kollam",BDS,MM,1,mbbs_p2_final.pdf
2025,2,5404,25421,ST,ST,WYM,"Govt. Medical College, Wayanad",MBBS,ST,13,mbbs_p2_final.pdf
2025,2,5405,25429,MU,SM,AID,"Sree Anjaneya Institue of Dental Scinces, Atholi, Kozhikode",BDS,SM,6,mbbs_p2_final.pdf
2025,2,5406,25444,BH,SM,AID,"Sree Anjaneya Institue of Dental Scinces, Atholi, Kozhikode",BDS,SM,43,mbbs_p2_final.pdf
2025,2,5407,25448,SC,SM,SVD,"Sri Sankara Dental College, Akathumuri, Varkala",BDS,SM,37,mbbs_p2_final.pdf
2025,2,5408,25451,BH,SM,MLD,"Malabar Dental College, Edappal",BDS,SM,2,mbbs_p2_final.pdf
2025,2,5409,25472,MU,MM,TRD,"Travancore DentalCollege, Kollam",BDS,MM,3,mbbs_p2_final.pdf
2025,2,5410,25482,EZ,EZ,AAD,"Al Azhar Dental College, Thodupuzha",BDS,EZ,41,mbbs_p2_final.pdf
2025,2,5411,25497,MU,MU,AZD,"Azeezia College of Dental Science, Meyyannoor, Kollam",BDS,MU,2,mbbs_p2_final.pdf
2025,2,5412,25502,BX,SM,AID,"Sree Anjaneya Institue of Dental Scinces, Atholi, Kozhikode",BDS,SM,52,mbbs_p2_final.pdf
2025,2,5413,25507,KN,SM,EID,"Educare Institute of Dental Sciences, Malappuram",BDS,SM,1,mbbs_p2_final.pdf
2025,2,5414,25509,BX,NR,SMC,"Dr. Somervell Memorial CSI Medical College, Karakonam",MBBS,NR,42,mbbs_p2_final.pdf
2025,2,5415,25517,General,NR,SUC,"SUT Accademy of Medical Sciences, Thiruvananthapuram",MBBS,NR,1,mbbs_p2_final.pdf
2025,2,5416,25522,SC,SM,KAD,"Kannur Dental College, Anjarakandy, Kannur",BDS,SM,1,mbbs_p2_final.pdf
2025,2,5417,25523,General,NR,PMD,"Pushpagiri College of Dental Science, Thiruvalla",BDS,NR,36,mbbs_p2_final.pdf
2025,2,5418,25535,MU,PD,MLP,"Govt. Medical College, Manjeri",MBBS,PD,2,mbbs_p2_final.pdf
2025,2,5419,25541,SC,SM,AID,"Sree Anjaneya Institue of Dental Scinces, Atholi, Kozhikode",BDS,SM,9,mbbs_p2_final.pdf
2025,2,5420,25543,KU,KU,KND,"Government Dental College, Kannur",BDS,KU,1,mbbs_p2_final.pdf
2025,2,5421,25552,DV,SM,SVD,"Sri Sankara Dental College, Akathumuri, Varkala",BDS,SM,44,mbbs_p2_final.pdf
2025,2,5422,25557,LA,SM,SVD,"Sri Sankara Dental College, Akathumuri, Varkala",BDS,SM,42,mbbs_p2_final.pdf
2025,2,5423,25558,LA,SM,KAD,"Kannur Dental College, Anjarakandy, Kannur",BDS,SM,7,mbbs_p2_final.pdf
2025,2,5424,25574,LA,LA,IGD,"Indira Gandhi Institute of Dental Sciences, Kothamangalam",BDS,LA,31,mbbs_p2_final.pdf
2025,2,5425,25579,EZ,EZ,MED,"MES Dental College, Perinthalmanna",BDS,EZ,15,mbbs_p2_final.pdf
2025,2,5426,25600,EZ,EZ,PSD,"PSM College of Dental Sciences, Thrissur",BDS,EZ,10,mbbs_p2_final.pdf
2025,2,5427,25601,ST,ST,EMC,"MES Medical College, Perinthalmanna, Malappuram",MBBS,ST,14,mbbs_p2_final.pdf
2025,2,5428,25620,SC,SM,KAD,"Kannur Dental College, Anjarakandy, Kannur",BDS,SM,43,mbbs_p2_final.pdf
2025,2,5429,25621,General,SM,MLD,"Malabar Dental College, Edappal",BDS,SM,52,mbbs_p2_final.pdf
2025,2,5430,25626,EW,EW,AAD,"Al Azhar Dental College, Thodupuzha",BDS,EW,28,mbbs_p2_final.pdf
2025,2,5431,25643,MU,MU,AZD,"Azeezia College of Dental Science, Meyyannoor, Kollam",BDS,MU,53,mbbs_p2_final.pdf
2025,2,5432,25658,General,NC,PMC,"Pushpagiri Institute of Medical Science, Thiruvalla",MBBS,NC,9,mbbs_p2_final.pdf
2025,2,5433,25662,LA,NR,SMC,"Dr. Somervell Memorial CSI Medical College, Karakonam",MBBS,NR,1,mbbs_p2_final.pdf
2025,2,5434,25683,VK,VK,NID,"Noorul Islam College of Dental Science, Neyyattinkara",BDS,VK,38,mbbs_p2_final.pdf
2025,2,5435,25695,SC,SM,KAD,"Kannur Dental College, Anjarakandy, Kannur",BDS,SM,19,mbbs_p2_final.pdf
2025,2,5436,25719,MU,MM,EID,"Educare Institute of Dental Sciences, Malappuram",BDS,MM,9,mbbs_p2_final.pdf
2025,2,5437,25736,BH,SM,AID,"Sree Anjaneya Institue of Dental Scinces, Atholi, Kozhikode",BDS,SM,9,mbbs_p2_final.pdf
2025,2,5438,25739,MU,MU,AAD,"Al Azhar Dental College, Thodupuzha",BDS,MU,1,mbbs_p2_final.pdf
2025,2,5439,25766,BH,SM,SVD,"Sri Sankara Dental College, Akathumuri, Varkala",BDS,SM,17,mbbs_p2_final.pdf
2025,2,5440,25792,BH,SM,MLD,"Malabar Dental College, Edappal",BDS,SM,23,mbbs_p2_final.pdf
2025,2,5441,25795,General,NC,MMC,"Malankara Orthodox Syrian Church MediCollege, Kolenchery",MBBS,NC,14,mbbs_p2_final.pdf
2025,2,5442,25814,VK,VK,IGD,"Indira Gandhi Institute of Dental Sciences, Kothamangalam",BDS,VK,46,mbbs_p2_final.pdf
2025,2,5443,25820,BH,BH,AAD,"Al Azhar Dental College, Thodupuzha",BDS,BH,42,mbbs_p2_final.pdf
2025,2,5444,25822,General,SM,MLD,"Malabar Dental College, Edappal",BDS,SM,31,mbbs_p2_final.pdf
2025,2,5445,25827,General,NR,MMH,"Malabar Medical College Hospital, Kozhikkode",MBBS,NR,1,mbbs_p2_final.pdf
2025,2,5446,25833,ST,ST,AAM,"Al Azhar Medical college, Thodupuzha",MBBS,ST,11,mbbs_p2_final.pdf
2025,2,5447,25834,KU,KU,AAM,"Al Azhar Medical college, Thodupuzha",MBBS,KU,21,mbbs_p2_final.pdf
2025,2,5448,25835,MU,MU,TRD,"Travancore DentalCollege, Kollam",BDS,MU,21,mbbs_p2_final.pdf
2025,2,5449,25839,ST,ST,GMC,"Sree Gokulam Medical College, Venjaramoodu, TVPM",MBBS,ST,13,mbbs_p2_final.pdf
2025,2,5450,25844,SC,SM,AID,"Sree Anjaneya Institue of Dental Scinces, Atholi, Kozhikode",BDS,SM,40,mbbs_p2_final.pdf
2025,2,5451,25845,KU,KU,MZM,"Mount Zion Medical College, Pathanamthitta",MBBS,KU,27,mbbs_p2_final.pdf
2025,2,5452,25856,SC,PD,TVM,"Govt. Medical College, Thiruvananthapuram",MBBS,PD,1,mbbs_p2_final.pdf
2025,2,5453,25870,General,NR,EMC,"MES Medical College, Perinthalmanna, Malappuram",MBBS,NR,28,mbbs_p2_final.pdf
2025,2,5454,25871,General,PD,KTM,"Govt. Medical College, Kottayam",MBBS,PD,1,mbbs_p2_final.pdf
2025,2,5455,25886,SC,SC,RDC,"Royal Dental College, Chalisery, Palakkad",BDS,SC,41,mbbs_p2_final.pdf
2025,2,5456,25904,SC,SC,RDC,"Royal Dental College, Chalisery, Palakkad",BDS,SC,41,mbbs_p2_final.pdf
2025,2,5457,25907,EW,EW,NID,"Noorul Islam College of Dental Science, Neyyattinkara",BDS,EW,8,mbbs_p2_final.pdf
2025,2,5458,25915,SC,SM,MLD,"Malabar Dental College, Edappal",BDS,SM,47,mbbs_p2_final.pdf
2025,2,5459,25946,General,SM,KAD,"Kannur Dental College, Anjarakandy, Kannur",BDS,SM,41,mbbs_p2_final.pdf
2025,2,5460,25954,MU,MU,AZD,"Azeezia College of Dental Science, Meyyannoor, Kollam",BDS,MU,21,mbbs_p2_final.pdf
2025,2,5461,25956,BH,BH,AAD,"Al Azhar Dental College, Thodupuzha",BDS,BH,5,mbbs_p2_final.pdf
2025,2,5462,25958,MU,NR,TRM,"Travancore Medical College, Umayanalloor, Kollam",MBBS,NR,5,mbbs_p2_final.pdf
2025,2,5463,25990,DV,DV,SGD,"St. Gregorios Dental College, Chelad, Kothamangalam",BDS,DV,45,mbbs_p2_final.pdf
2025,2,5464,26025,KU,KU,DMM,"Dr. Moopens Medical College, Meppadi, Wayanad",MBBS,KU,30,mbbs_p2_final.pdf
2025,2,5465,26041,General,NC,PMC,"Pushpagiri Institute of Medical Science, Thiruvalla",MBBS,NC,45,mbbs_p2_final.pdf
2025,2,5466,26042,ST,ST,GMC,"Sree Gokulam Medical College, Venjaramoodu, TVPM",MBBS,ST,1,mbbs_p2_final.pdf
2025,2,5467,26062,MU,MM,PMS,"PMS College of Dental Sciences, Vattappara, TVPM",BDS,MM,34,mbbs_p2_final.pdf
2025,2,5468,26076,MU,MM,EID,"Educare Institute of Dental Sciences, Malappuram",BDS,MM,1,mbbs_p2_final.pdf
2025,2,5469,26090,EW,EW,KMD,"KMCT Dental College, Mambatta, Mukkam, Kozhikode",BDS,EW,41,mbbs_p2_final.pdf
2025,2,5470,26092,MU,MM,EID,"Educare Institute of Dental Sciences, Malappuram",BDS,MM,47,mbbs_p2_final.pdf
2025,2,5471,26113,General,SM,MLD,"Malabar Dental College, Edappal",BDS,SM,58,mbbs_p2_final.pdf
2025,2,5472,26124,General,SM,SVD,"Sri Sankara Dental College, Akathumuri, Varkala",BDS,SM,43,mbbs_p2_final.pdf
2025,2,5473,26169,ST,ST,SUC,"SUT Accademy of Medical Sciences, Thiruvananthapuram",MBBS,ST,8,mbbs_p2_final.pdf
2025,2,5474,26173,SC,SC,AZD,"Azeezia College of Dental Science, Meyyannoor, Kollam",BDS,SC,41,mbbs_p2_final.pdf
2025,2,5475,26186,MU,MU,PSD,"PSM College of Dental Sciences, Thrissur",BDS,MU,9,mbbs_p2_final.pdf
2025,2,5476,26187,ST,ST,PMC,"Pushpagiri Institute of Medical Science, Thiruvalla",MBBS,ST,11,mbbs_p2_final.pdf
2025,2,5477,26189,General,SM,MLD,"Malabar Dental College, Edappal",BDS,SM,4,mbbs_p2_final.pdf
2025,2,5478,26200,MU,NR,KCM,"KMCT Medical College, Mukkom, Kozikkode",MBBS,NR,1,mbbs_p2_final.pdf
2025,2,5479,26208,SC,SC,NID,"Noorul Islam College of Dental Science, Neyyattinkara",BDS,SC,44,mbbs_p2_final.pdf
2025,2,5480,26270,SC,SC,IGD,"Indira Gandhi Institute of Dental Sciences, Kothamangalam",BDS,SC,41,mbbs_p2_final.pdf
2025,2,5481,26271,VK,SM,MLD,"Malabar Dental College, Edappal",BDS,SM,36,mbbs_p2_final.pdf
2025,2,5482,26273,General,SM,MLD,"Malabar Dental College, Edappal",BDS,SM,12,mbbs_p2_final.pdf
2025,2,5483,26274,ST,ST,MMH,"Malabar Medical College Hospital, Kozhikkode",MBBS,ST,1,mbbs_p2_final.pdf
2025,2,5484,26276,General,SM,EID,"Educare Institute of Dental Sciences, Malappuram",BDS,SM,49,mbbs_p2_final.pdf
2025,2,5485,26282,DV,SM,SVD,"Sri Sankara Dental College, Akathumuri, Varkala",BDS,SM,23,mbbs_p2_final.pdf
2025,2,5486,26290,General,NR,TRM,"Travancore Medical College, Umayanalloor, Kollam",MBBS,NR,3,mbbs_p2_final.pdf
2025,2,5487,26291,SC,SC,PSD,"PSM College of Dental Sciences, Thrissur",BDS,SC,42,mbbs_p2_final.pdf
2025,2,5488,26296,MU,MU,AID,"Sree Anjaneya Institue of Dental Scinces, Atholi, Kozhikode",BDS,MU,22,mbbs_p2_final.pdf
2025,2,5489,26298,DV,DV,IGD,"Indira Gandhi Institute of Dental Sciences, Kothamangalam",BDS,DV,40,mbbs_p2_final.pdf
2025,2,5490,26303,SC,SC,AAD,"Al Azhar Dental College, Thodupuzha",BDS,SC,42,mbbs_p2_final.pdf
2025,2,5491,26320,VK,VK,AAD,"Al Azhar Dental College, Thodupuzha",BDS,VK,44,mbbs_p2_final.pdf
2025,2,5492,26331,MU,NR,KDM,"P K Das Institute of Medical Sciences, Ottapalam",MBBS,NR,1,mbbs_p2_final.pdf
2025,2,5493,26340,MU,NR,KCM,"KMCT Medical College, Mukkom, Kozikkode",MBBS,NR,31,mbbs_p2_final.pdf
2025,2,5494,26352,EZ,SM,MLD,"Malabar Dental College, Edappal",BDS,SM,23,mbbs_p2_final.pdf
2025,2,5495,26353,LA,LA,AZD,"Azeezia College of Dental Science, Meyyannoor, Kollam",BDS,LA,52,mbbs_p2_final.pdf
2025,2,5496,26365,General,NR,MMH,"Malabar Medical College Hospital, Kozhikkode",MBBS,NR,1,mbbs_p2_final.pdf
2025,2,5497,26388,General,NR,GMC,"Sree Gokulam Medical College, Venjaramoodu, TVPM",MBBS,NR,28,mbbs_p2_final.pdf
2025,2,5498,26391,MU,MM,PMS,"PMS College of Dental Sciences, Vattappara, TVPM",BDS,MM,48,mbbs_p2_final.pdf
2025,2,5499,26397,KN,KN,PSD,"PSM College of Dental Sciences, Thrissur",BDS,KN,43,mbbs_p2_final.pdf
2025,2,5500,26402,DV,DV,IGD,"Indira Gandhi Institute of Dental Sciences, Kothamangalam",BDS,DV,8,mbbs_p2_final.pdf
2025,2,5501,26403,General,SM,MLD,"Malabar Dental College, Edappal",BDS,SM,7,mbbs_p2_final.pdf
2025,2,5502,26413,SC,SC,AAD,"Al Azhar Dental College, Thodupuzha",BDS,SC,43,mbbs_p2_final.pdf
2025,2,5503,26419,EZ,EZ,AID,"Sree Anjaneya Institue of Dental Scinces, Atholi, Kozhikode",BDS,EZ,1,mbbs_p2_final.pdf
2025,2,5504,26431,SC,SC,IGD,"Indira Gandhi Institute of Dental Sciences, Kothamangalam",BDS,SC,27,mbbs_p2_final.pdf
2025,2,5505,26464,LA,PD,TCM,"Govt. Medical College, Thrissur",MBBS,PD,1,mbbs_p2_final.pdf
2025,2,5506,26470,General,NC,PMC,"Pushpagiri Institute of Medical Science, Thiruvalla",MBBS,NC,29,mbbs_p2_final.pdf
2025,2,5507,26474,General,PD,KTM,"Govt. Medical College, Kottayam",MBBS,PD,1,mbbs_p2_final.pdf
2025,2,5508,26489,MU,MM,TRD,"Travancore DentalCollege, Kollam",BDS,MM,21,mbbs_p2_final.pdf
2025,2,5509,26493,General,SM,MLD,"Malabar Dental College, Edappal",BDS,SM,22,mbbs_p2_final.pdf
2025,2,5510,26495,EW,EW,PSD,"PSM College of Dental Sciences, Thrissur",BDS,EW,1,mbbs_p2_final.pdf
2025,2,5511,26501,EZ,NR,GMC,"Sree Gokulam Medical College, Venjaramoodu, TVPM",MBBS,NR,38,mbbs_p2_final.pdf
2025,2,5512,26524,General,SM,KAD,"Kannur Dental College, Anjarakandy, Kannur",BDS,SM,44,mbbs_p2_final.pdf
2025,2,5513,26530,KU,KU,KTD,"Govt. Dental College, Kottayam",BDS,KU,35,mbbs_p2_final.pdf
2025,2,5514,26531,EZ,EZ,AAD,"Al Azhar Dental College, Thodupuzha",BDS,EZ,40,mbbs_p2_final.pdf
2025,2,5515,26550,General,SM,EID,"Educare Institute of Dental Sciences, Malappuram",BDS,SM,57,mbbs_p2_final.pdf
2025,2,5516,26552,MU,MU,MLD,"Malabar Dental College, Edappal",BDS,MU,3,mbbs_p2_final.pdf
2025,2,5517,26583,BH,BH,AAD,"Al Azhar Dental College, Thodupuzha",BDS,BH,46,mbbs_p2_final.pdf
2025,2,5518,26586,DV,DV,AAD,"Al Azhar Dental College, Thodupuzha",BDS,DV,45,mbbs_p2_final.pdf
2025,2,5519,26590,SC,SC,PSD,"PSM College of Dental Sciences, Thrissur",BDS,SC,48,mbbs_p2_final.pdf
2025,2,5520,26606,VK,VK,TRD,"Travancore DentalCollege, Kollam",BDS,VK,23,mbbs_p2_final.pdf
2025,2,5521,26609,General,SM,EID,"Educare Institute of Dental Sciences, Malappuram",BDS,SM,51,mbbs_p2_final.pdf
2025,2,5522,26620,General,SM,EID,"Educare Institute of Dental Sciences, Malappuram",BDS,SM,54,mbbs_p2_final.pdf
2025,2,5523,26629,MU,NR,EMC,"MES Medical College, Perinthalmanna, Malappuram",MBBS,NR,14,mbbs_p2_final.pdf
2025,2,5524,26632,MU,MU,MLD,"Malabar Dental College, Edappal",BDS,MU,21,mbbs_p2_final.pdf
2025,2,5525,26642,BH,SM,EID,"Educare Institute of Dental Sciences, Malappuram",BDS,SM,43,mbbs_p2_final.pdf
2025,2,5526,26645,MU,MU,AAD,"Al Azhar Dental College, Thodupuzha",BDS,MU,4,mbbs_p2_final.pdf
2025,2,5527,26678,ST,ST,SMC,"Dr. Somervell Memorial CSI Medical College, Karakonam",MBBS,ST,14,mbbs_p2_final.pdf
2025,2,5528,26680,MU,MU,IGD,"Indira Gandhi Institute of Dental Sciences, Kothamangalam",BDS,MU,3,mbbs_p2_final.pdf
2025,2,5529,26684,SC,SM,KAD,"Kannur Dental College, Anjarakandy, Kannur",BDS,SM,34,mbbs_p2_final.pdf
2025,2,5530,26687,MU,SM,EID,"Educare Institute of Dental Sciences, Malappuram",BDS,SM,22,mbbs_p2_final.pdf
2025,2,5531,26715,BH,BH,IGD,"Indira Gandhi Institute of Dental Sciences, Kothamangalam",BDS,BH,15,mbbs_p2_final.pdf
2025,2,5532,26763,MU,MU,RDC,"Royal Dental College, Chalisery, Palakkad",BDS,MU,8,mbbs_p2_final.pdf
2025,2,5533,26770,MU,MU,MLD,"Malabar Dental College, Edappal",BDS,MU,9,mbbs_p2_final.pdf
2025,2,5534,26789,DV,DV,AAD,"Al Azhar Dental College, Thodupuzha",BDS,DV,48,mbbs_p2_final.pdf
2025,2,5535,26794,General,SM,EID,"Educare Institute of Dental Sciences, Malappuram",BDS,SM,36,mbbs_p2_final.pdf
2025,2,5536,26795,General,SM,EID,"Educare Institute of Dental Sciences, Malappuram",BDS,SM,61,mbbs_p2_final.pdf
2025,2,5537,26813,EZ,EZ,AZD,"Azeezia College of Dental Science, Meyyannoor, Kollam",BDS,EZ,8,mbbs_p2_final.pdf
2025,2,5538,26825,BH,SM,SVD,"Sri Sankara Dental College, Akathumuri, Varkala",BDS,SM,36,mbbs_p2_final.pdf
2025,2,5539,26831,MU,MU,AID,"Sree Anjaneya Institue of Dental Scinces, Atholi, Kozhikode",BDS,MU,2,mbbs_p2_final.pdf
2025,2,5540,26857,ST,ST,KCM,"KMCT Medical College, Mukkom, Kozikkode",MBBS,ST,20,mbbs_p2_final.pdf
2025,2,5541,26878,EZ,EZ,MLD,"Malabar Dental College, Edappal",BDS,EZ,22,mbbs_p2_final.pdf
2025,2,5542,26891,MU,MM,TRD,"Travancore DentalCollege, Kollam",BDS,MM,40,mbbs_p2_final.pdf
2025,2,5543,26898,BH,SM,SVD,"Sri Sankara Dental College, Akathumuri, Varkala",BDS,SM,23,mbbs_p2_final.pdf
2025,2,5544,26902,DV,DV,RDC,"Royal Dental College, Chalisery, Palakkad",BDS,DV,31,mbbs_p2_final.pdf
2025,2,5545,26903,General,SM,SVD,"Sri Sankara Dental College, Akathumuri, Varkala",BDS,SM,7,mbbs_p2_final.pdf
2025,2,5546,26912,MU,MM,TRD,"Travancore DentalCollege, Kollam",BDS,MM,25,mbbs_p2_final.pdf
2025,2,5547,26919,KN,KN,AZD,"Azeezia College of Dental Science, Meyyannoor, Kollam",BDS,KN,40,mbbs_p2_final.pdf
2025,2,5548,26921,MU,NR *,EMC,"MES Medical College, Perinthalmanna, Malappuram",MBBS,NR *,45,mbbs_p2_final.pdf
2025,2,5549,26922,General,SM,EID,"Educare Institute of Dental Sciences, Malappuram",BDS,SM,4,mbbs_p2_final.pdf
2025,2,5550,26934,General,SM,SVD,"Sri Sankara Dental College, Akathumuri, Varkala",BDS,SM,19,mbbs_p2_final.pdf
2025,2,5551,26944,MU,NR,KCM,"KMCT Medical College, Mukkom, Kozikkode",MBBS,NR,13,mbbs_p2_final.pdf
2025,2,5552,26948,BH,BH,MLD,"Malabar Dental College, Edappal",BDS,BH,10,mbbs_p2_final.pdf
2025,2,5553,26963,DV,DV,MLD,"Malabar Dental College, Edappal",BDS,DV,43,mbbs_p2_final.pdf
2025,2,5554,26980,SC,SC,PSD,"PSM College of Dental Sciences, Thrissur",BDS,SC,37,mbbs_p2_final.pdf
2025,2,5555,27006,General,SM,KAD,"Kannur Dental College, Anjarakandy, Kannur",BDS,SM,51,mbbs_p2_final.pdf
2025,2,5556,27021,MU,SM,SVD,"Sri Sankara Dental College, Akathumuri, Varkala",BDS,SM,23,mbbs_p2_final.pdf
2025,2,5557,27025,SC,SC,RDC,"Royal Dental College, Chalisery, Palakkad",BDS,SC,47,mbbs_p2_final.pdf
2025,2,5558,27028,DV,DV,AID,"Sree Anjaneya Institue of Dental Scinces, Atholi, Kozhikode",BDS,DV,48,mbbs_p2_final.pdf
2025,2,5559,27041,BX,BX,AID,"Sree Anjaneya Institue of Dental Scinces, Atholi, Kozhikode",BDS,BX,44,mbbs_p2_final.pdf
2025,2,5560,27058,KN,KN,IGD,"Indira Gandhi Institute of Dental Sciences, Kothamangalam",BDS,KN,49,mbbs_p2_final.pdf
2025,2,5561,27062,General,NR,KCM,"KMCT Medical College, Mukkom, Kozikkode",MBBS,NR,4,mbbs_p2_final.pdf
2025,2,5562,27064,MU,MM,TRD,"Travancore DentalCollege, Kollam",BDS,MM,38,mbbs_p2_final.pdf
2025,2,5563,27066,BH,BH,IGD,"Indira Gandhi Institute of Dental Sciences, Kothamangalam",BDS,BH,52,mbbs_p2_final.pdf
2025,2,5564,27070,MU,MU,AID,"Sree Anjaneya Institue of Dental Scinces, Atholi, Kozhikode",BDS,MU,49,mbbs_p2_final.pdf
2025,2,5565,27072,SC,SC,AAD,"Al Azhar Dental College, Thodupuzha",BDS,SC,39,mbbs_p2_final.pdf
2025,2,5566,27074,MU,NR,KCM,"KMCT Medical College, Mukkom, Kozikkode",MBBS,NR,41,mbbs_p2_final.pdf
2025,2,5567,27090,BH,BH,MLD,"Malabar Dental College, Edappal",BDS,BH,4,mbbs_p2_final.pdf
2025,2,5568,27093,General,SM,SVD,"Sri Sankara Dental College, Akathumuri, Varkala",BDS,SM,25,mbbs_p2_final.pdf
2025,2,5569,27095,BH,BH,IGD,"Indira Gandhi Institute of Dental Sciences, Kothamangalam",BDS,BH,31,mbbs_p2_final.pdf
2025,2,5570,27101,BX,SM,SVD,"Sri Sankara Dental College, Akathumuri, Varkala",BDS,SM,42,mbbs_p2_final.pdf
2025,2,5571,27104,EZ,EZ,EID,"Educare Institute of Dental Sciences, Malappuram",BDS,EZ,3,mbbs_p2_final.pdf
2025,2,5572,27114,EZ,SM,SVD,"Sri Sankara Dental College, Akathumuri, Varkala",BDS,SM,9,mbbs_p2_final.pdf
2025,2,5573,27120,SC,SC,AZD,"Azeezia College of Dental Science, Meyyannoor, Kollam",BDS,SC,45,mbbs_p2_final.pdf
2025,2,5574,27132,General,NR,MMH,"Malabar Medical College Hospital, Kozhikkode",MBBS,NR,1,mbbs_p2_final.pdf
2025,2,5575,27136,General,NR,KDM,"P K Das Institute of Medical Sciences, Ottapalam",MBBS,NR,45,mbbs_p2_final.pdf
2025,2,5576,27141,SC,SC,RDC,"Royal Dental College, Chalisery, Palakkad",BDS,SC,42,mbbs_p2_final.pdf
2025,2,5577,27142,General,NR,TRD,"Travancore DentalCollege, Kollam",BDS,NR,46,mbbs_p2_final.pdf
2025,2,5578,27161,General,SM,SVD,"Sri Sankara Dental College, Akathumuri, Varkala",BDS,SM,54,mbbs_p2_final.pdf
2025,2,5579,27163,BH,BH,MLD,"Malabar Dental College, Edappal",BDS,BH,9,mbbs_p2_final.pdf
2025,2,5580,27180,MU,NR,EMC,"MES Medical College, Perinthalmanna, Malappuram",MBBS,NR,31,mbbs_p2_final.pdf
2025,2,5581,27183,SC,SC,PSD,"PSM College of Dental Sciences, Thrissur",BDS,SC,44,mbbs_p2_final.pdf
2025,2,5582,27208,LA,SM,SVD,"Sri Sankara Dental College, Akathumuri, Varkala",BDS,SM,46,mbbs_p2_final.pdf
2025,2,5583,27230,MU,MU,AAD,"Al Azhar Dental College, Thodupuzha",BDS,MU,3,mbbs_p2_final.pdf
2025,2,5584,27232,MU,MU,IGD,"Indira Gandhi Institute of Dental Sciences, Kothamangalam",BDS,MU,45,mbbs_p2_final.pdf
2025,2,5585,27237,KU,KU,PSD,"PSM College of Dental Sciences, Thrissur",BDS,KU,41,mbbs_p2_final.pdf
2025,2,5586,27239,MU,NR,TRM,"Travancore Medical College, Umayanalloor, Kollam",MBBS,NR,41,mbbs_p2_final.pdf
2025,2,5587,27240,MU,NR,KCM,"KMCT Medical College, Mukkom, Kozikkode",MBBS,NR,40,mbbs_p2_final.pdf
2025,2,5588,27251,General,NR,SMC,"Dr. Somervell Memorial CSI Medical College, Karakonam",MBBS,NR,18,mbbs_p2_final.pdf
2025,2,5589,27260,LA,LA,MLD,"Malabar Dental College, Edappal",BDS,LA,44,mbbs_p2_final.pdf
2025,2,5590,27282,General,SM,KAD,"Kannur Dental College, Anjarakandy, Kannur",BDS,SM,52,mbbs_p2_final.pdf
2025,2,5591,27294,MU,MU,MLD,"Malabar Dental College, Edappal",BDS,MU,15,mbbs_p2_final.pdf
2025,2,5592,27310,BH,SM,SVD,"Sri Sankara Dental College, Akathumuri, Varkala",BDS,SM,48,mbbs_p2_final.pdf
2025,2,5593,27319,MU,MU,EID,"Educare Institute of Dental Sciences, Malappuram",BDS,MU,17,mbbs_p2_final.pdf
2025,2,5594,27321,BH,BH,AID,"Sree Anjaneya Institue of Dental Scinces, Atholi, Kozhikode",BDS,BH,50,mbbs_p2_final.pdf
2025,2,5595,27341,ST,ST,SUC,"SUT Accademy of Medical Sciences, Thiruvananthapuram",MBBS,ST,14,mbbs_p2_final.pdf
2025,2,5596,27346,SC,SC,AID,"Sree Anjaneya Institue of Dental Scinces, Atholi, Kozhikode",BDS,SC,17,mbbs_p2_final.pdf
2025,2,5597,27353,DV,SM,SVD,"Sri Sankara Dental College, Akathumuri, Varkala",BDS,SM,49,mbbs_p2_final.pdf
2025,2,5598,27364,MU,MU,PSD,"PSM College of Dental Sciences, Thrissur",BDS,MU,4,mbbs_p2_final.pdf
2025,2,5599,27371,BX,BX,IGD,"Indira Gandhi Institute of Dental Sciences, Kothamangalam",BDS,BX,53,mbbs_p2_final.pdf
2025,2,5600,27375,General,NR,MMH,"Malabar Medical College Hospital, Kozhikkode",MBBS,NR,29,mbbs_p2_final.pdf
2025,2,5601,27387,DV,DV,MLD,"Malabar Dental College, Edappal",BDS,DV,53,mbbs_p2_final.pdf
2025,2,5602,27400,DV,DV,NID,"Noorul Islam College of Dental Science, Neyyattinkara",BDS,DV,12,mbbs_p2_final.pdf
2025,2,5603,27405,ST,ST,AAM,"Al Azhar Medical college, Thodupuzha",MBBS,ST,25,mbbs_p2_final.pdf
2025,2,5604,27408,MU,MU,RDC,"Royal Dental College, Chalisery, Palakkad",BDS,MU,23,mbbs_p2_final.pdf
2025,2,5605,27410,LA,LA,EID,"Educare Institute of Dental Sciences, Malappuram",BDS,LA,48,mbbs_p2_final.pdf
2025,2,5606,27419,EZ,NR,GMC,"Sree Gokulam Medical College, Venjaramoodu, TVPM",MBBS,NR,2,mbbs_p2_final.pdf
2025,2,5607,27421,General,NR *,KCM,"KMCT Medical College, Mukkom, Kozikkode",MBBS,NR *,8,mbbs_p2_final.pdf
2025,2,5608,27426,SC,SC,IGD,"Indira Gandhi Institute of Dental Sciences, Kothamangalam",BDS,SC,46,mbbs_p2_final.pdf
2025,2,5609,27431,LA,NR *,SMC,"Dr. Somervell Memorial CSI Medical College, Karakonam",MBBS,NR *,1,mbbs_p2_final.pdf
2025,2,5610,27434,General,NR,KDM,"P K Das Institute of Medical Sciences, Ottapalam",MBBS,NR,6,mbbs_p2_final.pdf
2025,2,5611,27462,LA,LA,MLD,"Malabar Dental College, Edappal",BDS,LA,39,mbbs_p2_final.pdf
2025,2,5612,27474,KU,KU,IGD,"Indira Gandhi Institute of Dental Sciences, Kothamangalam",BDS,KU,41,mbbs_p2_final.pdf
2025,2,5613,27477,MU,NR,KCM,"KMCT Medical College, Mukkom, Kozikkode",MBBS,NR,1,mbbs_p2_final.pdf
2025,2,5614,27481,SC,SC,AZD,"Azeezia College of Dental Science, Meyyannoor, Kollam",BDS,SC,33,mbbs_p2_final.pdf
2025,2,5615,27484,SC,SC,AZD,"Azeezia College of Dental Science, Meyyannoor, Kollam",BDS,SC,45,mbbs_p2_final.pdf
2025,2,5616,27493,SC,SC,EID,"Educare Institute of Dental Sciences, Malappuram",BDS,SC,33,mbbs_p2_final.pdf
2025,2,5617,27494,EZ,SM,KAD,"Kannur Dental College, Anjarakandy, Kannur",BDS,SM,41,mbbs_p2_final.pdf
2025,2,5618,27510,BH,NR,SIM,"Sree Narayana Institute of Medical Sciences, Chalakka, Ernakulam.",MBBS,NR,12,mbbs_p2_final.pdf
2025,2,5619,27543,BH,SM,SVD,"Sri Sankara Dental College, Akathumuri, Varkala",BDS,SM,52,mbbs_p2_final.pdf
2025,2,5620,27548,MU,MU,NID,"Noorul Islam College of Dental Science, Neyyattinkara",BDS,MU,41,mbbs_p2_final.pdf
2025,2,5621,27585,General,NR,KCM,"KMCT Medical College, Mukkom, Kozikkode",MBBS,NR,17,mbbs_p2_final.pdf
2025,2,5622,27603,LA,LA,PSD,"PSM College of Dental Sciences, Thrissur",BDS,LA,27,mbbs_p2_final.pdf
2025,2,5623,27605,KU,KU,PMS,"PMS College of Dental Sciences, Vattappara, TVPM",BDS,KU,41,mbbs_p2_final.pdf
2025,2,5624,27608,General,NR,MMH,"Malabar Medical College Hospital, Kozhikkode",MBBS,NR,32,mbbs_p2_final.pdf
2025,2,5625,27616,VK,SM,SVD,"Sri Sankara Dental College, Akathumuri, Varkala",BDS,SM,7,mbbs_p2_final.pdf
2025,2,5626,27621,EZ,SM,SVD,"Sri Sankara Dental College, Akathumuri, Varkala",BDS,SM,11,mbbs_p2_final.pdf
2025,2,5627,27648,General,NR,SIM,"Sree Narayana Institute of Medical Sciences, Chalakka, Ernakulam.",MBBS,NR,14,mbbs_p2_final.pdf
2025,2,5628,27691,General,SM,KAD,"Kannur Dental College, Anjarakandy, Kannur",BDS,SM,5,mbbs_p2_final.pdf
2025,2,5629,27695,SC,SC,IGD,"Indira Gandhi Institute of Dental Sciences, Kothamangalam",BDS,SC,45,mbbs_p2_final.pdf
2025,2,5630,27698,KU,KU,MLD,"Malabar Dental College, Edappal",BDS,KU,40,mbbs_p2_final.pdf
2025,2,5631,27713,MU,MU,AID,"Sree Anjaneya Institue of Dental Scinces, Atholi, Kozhikode",BDS,MU,3,mbbs_p2_final.pdf
2025,2,5632,27714,SC,SC,AZD,"Azeezia College of Dental Science, Meyyannoor, Kollam",BDS,SC,39,mbbs_p2_final.pdf
2025,2,5633,27716,DV,SM,SVD,"Sri Sankara Dental College, Akathumuri, Varkala",BDS,SM,46,mbbs_p2_final.pdf
2025,2,5634,27729,EW,SM,KAD,"Kannur Dental College, Anjarakandy, Kannur",BDS,SM,21,mbbs_p2_final.pdf
2025,2,5635,27740,DV,DV,AID,"Sree Anjaneya Institue of Dental Scinces, Atholi, Kozhikode",BDS,DV,33,mbbs_p2_final.pdf
2025,2,5636,27753,SC,SM,SVD,"Sri Sankara Dental College, Akathumuri, Varkala",BDS,SM,42,mbbs_p2_final.pdf
2025,2,5637,27766,EZ,SM,SVD,"Sri Sankara Dental College, Akathumuri, Varkala",BDS,SM,26,mbbs_p2_final.pdf
2025,2,5638,27795,EZ,EZ,NID,"Noorul Islam College of Dental Science, Neyyattinkara",BDS,EZ,20,mbbs_p2_final.pdf
2025,2,5639,27798,BX,BX,EID,"Educare Institute of Dental Sciences, Malappuram",BDS,BX,51,mbbs_p2_final.pdf
2025,2,5640,27801,ST,ST,SIM,"Sree Narayana Institute of Medical Sciences, Chalakka, Ernakulam.",MBBS,ST,14,mbbs_p2_final.pdf
2025,2,5641,27802,LA,NR,SIM,"Sree Narayana Institute of Medical Sciences, Chalakka, Ernakulam.",MBBS,NR,15,mbbs_p2_final.pdf
2025,2,5642,27807,General,NR,PMD,"Pushpagiri College of Dental Science, Thiruvalla",BDS,NR,6,mbbs_p2_final.pdf
2025,2,5643,27811,General,SM,SVD,"Sri Sankara Dental College, Akathumuri, Varkala",BDS,SM,48,mbbs_p2_final.pdf
2025,2,5644,27823,General,NR,SMC,"Dr. Somervell Memorial CSI Medical College, Karakonam",MBBS,NR,33,mbbs_p2_final.pdf
2025,2,5645,27827,MU,NR,TRM,"Travancore Medical College, Umayanalloor, Kollam",MBBS,NR,29,mbbs_p2_final.pdf
2025,2,5646,27829,EW,EW,ADC,"Annoor Dental College, Puthuppady, Muvattupuzha",BDS,EW,42,mbbs_p2_final.pdf
2025,2,5647,27857,General,SM,SVD,"Sri Sankara Dental College, Akathumuri, Varkala",BDS,SM,22,mbbs_p2_final.pdf
2025,2,5648,27865,MU,NR,MMH,"Malabar Medical College Hospital, Kozhikkode",MBBS,NR,2,mbbs_p2_final.pdf
2025,2,5649,27868,VK,VK,MLD,"Malabar Dental College, Edappal",BDS,VK,7,mbbs_p2_final.pdf
2025,2,5650,27872,MU,SM,KAD,"Kannur Dental College, Anjarakandy, Kannur",BDS,SM,10,mbbs_p2_final.pdf
2025,2,5651,27887,SC,SC,IGD,"Indira Gandhi Institute of Dental Sciences, Kothamangalam",BDS,SC,49,mbbs_p2_final.pdf
2025,2,5652,27897,MU,MU,MLD,"Malabar Dental College, Edappal",BDS,MU,3,mbbs_p2_final.pdf
2025,2,5653,27908,General,SM,KAD,"Kannur Dental College, Anjarakandy, Kannur",BDS,SM,18,mbbs_p2_final.pdf
2025,2,5654,27915,General,SM,SVD,"Sri Sankara Dental College, Akathumuri, Varkala",BDS,SM,13,mbbs_p2_final.pdf
2025,2,5655,27929,MU,MU,MLD,"Malabar Dental College, Edappal",BDS,MU,49,mbbs_p2_final.pdf
2025,2,5656,27947,General,NR,SMC,"Dr. Somervell Memorial CSI Medical College, Karakonam",MBBS,NR,1,mbbs_p2_final.pdf
2025,2,5657,27966,LA,LA,EID,"Educare Institute of Dental Sciences, Malappuram",BDS,LA,1,mbbs_p2_final.pdf
2025,2,5658,27969,SC,SC,IGD,"Indira Gandhi Institute of Dental Sciences, Kothamangalam",BDS,SC,52,mbbs_p2_final.pdf
2025,2,5659,27988,SC,SC,EID,"Educare Institute of Dental Sciences, Malappuram",BDS,SC,49,mbbs_p2_final.pdf
2025,2,5660,27992,SC,SC,EID,"Educare Institute of Dental Sciences, Malappuram",BDS,SC,7,mbbs_p2_final.pdf
2025,2,5661,28004,SC,SC,NID,"Noorul Islam College of Dental Science, Neyyattinkara",BDS,SC,41,mbbs_p2_final.pdf
2025,2,5662,28020,SC,SM,KAD,"Kannur Dental College, Anjarakandy, Kannur",BDS,SM,43,mbbs_p2_final.pdf
2025,2,5663,28023,MU,MU,AAD,"Al Azhar Dental College, Thodupuzha",BDS,MU,3,mbbs_p2_final.pdf
2025,2,5664,28038,General,SM,SVD,"Sri Sankara Dental College, Akathumuri, Varkala",BDS,SM,9,mbbs_p2_final.pdf
2025,2,5665,28045,EW,NR,MZM,"Mount Zion Medical College, Pathanamthitta",MBBS,NR,40,mbbs_p2_final.pdf
2025,2,5666,28046,MU,NR,MMH,"Malabar Medical College Hospital, Kozhikkode",MBBS,NR,1,mbbs_p2_final.pdf
2025,2,5667,28049,MU,MU,EID,"Educare Institute of Dental Sciences, Malappuram",BDS,MU,1,mbbs_p2_final.pdf
2025,2,5668,28056,BH,BH,EID,"Educare Institute of Dental Sciences, Malappuram",BDS,BH,10,mbbs_p2_final.pdf
2025,2,5669,28063,MU,MU,AAD,"Al Azhar Dental College, Thodupuzha",BDS,MU,39,mbbs_p2_final.pdf
2025,2,5670,28073,MU,MU,EID,"Educare Institute of Dental Sciences, Malappuram",BDS,MU,1,mbbs_p2_final.pdf
2025,2,5671,28082,ST,ST,SUC,"SUT Accademy of Medical Sciences, Thiruvananthapuram",MBBS,ST,15,mbbs_p2_final.pdf
2025,2,5672,28106,SC,SC,PSD,"PSM College of Dental Sciences, Thrissur",BDS,SC,39,mbbs_p2_final.pdf
2025,2,5673,28111,General,NR,MBD,"Mar Baselious Dental College, Kothamangalam",BDS,NR,4,mbbs_p2_final.pdf
2025,2,5674,28112,DV,SM,SVD,"Sri Sankara Dental College, Akathumuri, Varkala",BDS,SM,13,mbbs_p2_final.pdf
2025,2,5675,28135,SC,SC,NID,"Noorul Islam College of Dental Science, Neyyattinkara",BDS,SC,44,mbbs_p2_final.pdf
2025,2,5676,28143,MU,MU,MLD,"Malabar Dental College, Edappal",BDS,MU,8,mbbs_p2_final.pdf
2025,2,5677,28151,MU,MU,RDC,"Royal Dental College, Chalisery, Palakkad",BDS,MU,8,mbbs_p2_final.pdf
2025,2,5678,28152,MU,NR,MMH,"Malabar Medical College Hospital, Kozhikkode",MBBS,NR,1,mbbs_p2_final.pdf
2025,2,5679,28154,BH,BH,AID,"Sree Anjaneya Institue of Dental Scinces, Atholi, Kozhikode",BDS,BH,42,mbbs_p2_final.pdf
2025,2,5680,28165,MU,MU,EID,"Educare Institute of Dental Sciences, Malappuram",BDS,MU,23,mbbs_p2_final.pdf
2025,2,5681,28188,ST,ST,KDM,"P K Das Institute of Medical Sciences, Ottapalam",MBBS,ST,21,mbbs_p2_final.pdf
2025,2,5682,28201,EZ,EZ,AID,"Sree Anjaneya Institue of Dental Scinces, Atholi, Kozhikode",BDS,EZ,41,mbbs_p2_final.pdf
2025,2,5683,28211,SC,SC,IGD,"Indira Gandhi Institute of Dental Sciences, Kothamangalam",BDS,SC,52,mbbs_p2_final.pdf
2025,2,5684,28213,DV,SM,KAD,"Kannur Dental College, Anjarakandy, Kannur",BDS,SM,41,mbbs_p2_final.pdf
2025,2,5685,28216,SC,SC,SVD,"Sri Sankara Dental College, Akathumuri, Varkala",BDS,SC,44,mbbs_p2_final.pdf
2025,2,5686,28217,General,SM,KAD,"Kannur Dental College, Anjarakandy, Kannur",BDS,SM,44,mbbs_p2_final.pdf
2025,2,5687,28240,SC,SC,EID,"Educare Institute of Dental Sciences, Malappuram",BDS,SC,43,mbbs_p2_final.pdf
2025,2,5688,28263,LA,LA,AZD,"Azeezia College of Dental Science, Meyyannoor, Kollam",BDS,LA,3,mbbs_p2_final.pdf
2025,2,5689,28300,MU,NR,TRM,"Travancore Medical College, Umayanalloor, Kollam",MBBS,NR,46,mbbs_p2_final.pdf
2025,2,5690,28327,MU,MU,AAD,"Al Azhar Dental College, Thodupuzha",BDS,MU,7,mbbs_p2_final.pdf
2025,2,5691,28329,MU,MU,AAD,"Al Azhar Dental College, Thodupuzha",BDS,MU,4,mbbs_p2_final.pdf
2025,2,5692,28336,SC,SC,IGD,"Indira Gandhi Institute of Dental Sciences, Kothamangalam",BDS,SC,40,mbbs_p2_final.pdf
2025,2,5693,28356,MU,MM,TRD,"Travancore DentalCollege, Kollam",BDS,MM,10,mbbs_p2_final.pdf
2025,2,5694,28378,General,NR,TRM,"Travancore Medical College, Umayanalloor, Kollam",MBBS,NR,43,mbbs_p2_final.pdf
2025,2,5695,28386,SC,SC,PSD,"PSM College of Dental Sciences, Thrissur",BDS,SC,45,mbbs_p2_final.pdf
2025,2,5696,28389,SC,SC,MLD,"Malabar Dental College, Edappal",BDS,SC,11,mbbs_p2_final.pdf
2025,2,5697,28415,General,NR,SUC,"SUT Accademy of Medical Sciences, Thiruvananthapuram",MBBS,NR,10,mbbs_p2_final.pdf
2025,2,5698,28431,MU,MU,AID,"Sree Anjaneya Institue of Dental Scinces, Atholi, Kozhikode",BDS,MU,2,mbbs_p2_final.pdf
2025,2,5699,28433,DV,DV,SVD,"Sri Sankara Dental College, Akathumuri, Varkala",BDS,DV,57,mbbs_p2_final.pdf
2025,2,5700,28444,MU,MU,NID,"Noorul Islam College of Dental Science, Neyyattinkara",BDS,MU,11,mbbs_p2_final.pdf
2025,2,5701,28460,ST,ST,TRM,"Travancore Medical College, Umayanalloor, Kollam",MBBS,ST,23,mbbs_p2_final.pdf
2025,2,5702,28464,MU,MU,RDC,"Royal Dental College, Chalisery, Palakkad",BDS,MU,9,mbbs_p2_final.pdf
2025,2,5703,28497,General,NR,SIM,"Sree Narayana Institute of Medical Sciences, Chalakka, Ernakulam.",MBBS,NR,1,mbbs_p2_final.pdf
2025,2,5704,28498,BX,BX,MLD,"Malabar Dental College, Edappal",BDS,BX,59,mbbs_p2_final.pdf
2025,2,5705,28517,ST,ST,SIM,"Sree Narayana Institute of Medical Sciences, Chalakka, Ernakulam.",MBBS,ST,20,mbbs_p2_final.pdf
2025,2,5706,28529,General,NR,TRM,"Travancore Medical College, Umayanalloor, Kollam",MBBS,NR,2,mbbs_p2_final.pdf
2025,2,5707,28549,MU,MU,EID,"Educare Institute of Dental Sciences, Malappuram",BDS,MU,8,mbbs_p2_final.pdf
2025,2,5708,28558,General,SM,KAD,"Kannur Dental College, Anjarakandy, Kannur",BDS,SM,30,mbbs_p2_final.pdf
2025,2,5709,28565,General,NR,MMH,"Malabar Medical College Hospital, Kozhikkode",MBBS,NR,6,mbbs_p2_final.pdf
2025,2,5710,28571,BX,BX,SVD,"Sri Sankara Dental College, Akathumuri, Varkala",BDS,BX,51,mbbs_p2_final.pdf
2025,2,5711,28573,MU,MU,SVD,"Sri Sankara Dental College, Akathumuri, Varkala",BDS,MU,1,mbbs_p2_final.pdf
2025,2,5712,28598,SC,SC,AID,"Sree Anjaneya Institue of Dental Scinces, Atholi, Kozhikode",BDS,SC,46,mbbs_p2_final.pdf
2025,2,5713,28606,SC,SC,EID,"Educare Institute of Dental Sciences, Malappuram",BDS,SC,49,mbbs_p2_final.pdf
2025,2,5714,28608,MU,NR,KCM,"KMCT Medical College, Mukkom, Kozikkode",MBBS,NR,45,mbbs_p2_final.pdf
2025,2,5715,28642,EZ,EZ,AID,"Sree Anjaneya Institue of Dental Scinces, Atholi, Kozhikode",BDS,EZ,45,mbbs_p2_final.pdf
2025,2,5716,28644,EZ,EZ,MED,"MES Dental College, Perinthalmanna",BDS,EZ,41,mbbs_p2_final.pdf
2025,2,5717,28672,SC,SC,EID,"Educare Institute of Dental Sciences, Malappuram",BDS,SC,1,mbbs_p2_final.pdf
2025,2,5718,28684,SC,SC,SVD,"Sri Sankara Dental College, Akathumuri, Varkala",BDS,SC,47,mbbs_p2_final.pdf
2025,2,5719,28699,EW,NR,SMC,"Dr. Somervell Memorial CSI Medical College, Karakonam",MBBS,NR,9,mbbs_p2_final.pdf
2025,2,5720,28708,MU,NR,KCM,"KMCT Medical College, Mukkom, Kozikkode",MBBS,NR,3,mbbs_p2_final.pdf
2025,2,5721,28712,DV,DV,EID,"Educare Institute of Dental Sciences, Malappuram",BDS,DV,16,mbbs_p2_final.pdf
2025,2,5722,28713,MU,MU,PSD,"PSM College of Dental Sciences, Thrissur",BDS,MU,10,mbbs_p2_final.pdf
2025,2,5723,28722,LA,LA,PSD,"PSM College of Dental Sciences, Thrissur",BDS,LA,32,mbbs_p2_final.pdf
2025,2,5724,28740,LA,LA,SVD,"Sri Sankara Dental College, Akathumuri, Varkala",BDS,LA,42,mbbs_p2_final.pdf
2025,2,5725,28748,LA,LA,IGD,"Indira Gandhi Institute of Dental Sciences, Kothamangalam",BDS,LA,24,mbbs_p2_final.pdf
2025,2,5726,28760,General,NR,SIM,"Sree Narayana Institute of Medical Sciences, Chalakka, Ernakulam.",MBBS,NR,1,mbbs_p2_final.pdf
2025,2,5727,28764,General,NR,MMH,"Malabar Medical College Hospital, Kozhikkode",MBBS,NR,3,mbbs_p2_final.pdf
2025,2,5728,28826,ST,ST,KDM,"P K Das Institute of Medical Sciences, Ottapalam",MBBS,ST,30,mbbs_p2_final.pdf
2025,2,5729,28829,MU,MM,RDC,"Royal Dental College, Chalisery, Palakkad",BDS,MM,2,mbbs_p2_final.pdf
2025,2,5730,28835,BH,BH,AID,"Sree Anjaneya Institue of Dental Scinces, Atholi, Kozhikode",BDS,BH,5,mbbs_p2_final.pdf
2025,2,5731,28836,ST,ST,KDM,"P K Das Institute of Medical Sciences, Ottapalam",MBBS,ST,22,mbbs_p2_final.pdf
2025,2,5732,28837,EZ,EZ,EID,"Educare Institute of Dental Sciences, Malappuram",BDS,EZ,10,mbbs_p2_final.pdf
2025,2,5733,28855,MU,MM,RDC,"Royal Dental College, Chalisery, Palakkad",BDS,MM,2,mbbs_p2_final.pdf
2025,2,5734,28874,DV,DV,EID,"Educare Institute of Dental Sciences, Malappuram",BDS,DV,28,mbbs_p2_final.pdf
2025,2,5735,28882,VK,VK,AAD,"Al Azhar Dental College, Thodupuzha",BDS,VK,46,mbbs_p2_final.pdf
2025,2,5736,28888,SC,SC,AID,"Sree Anjaneya Institue of Dental Scinces, Atholi, Kozhikode",BDS,SC,24,mbbs_p2_final.pdf
2025,2,5737,28889,BH,NR,SUC,"SUT Accademy of Medical Sciences, Thiruvananthapuram",MBBS,NR,1,mbbs_p2_final.pdf
2025,2,5738,28894,BH,BH,SVD,"Sri Sankara Dental College, Akathumuri, Varkala",BDS,BH,55,mbbs_p2_final.pdf
2025,2,5739,28906,SC,SC,EID,"Educare Institute of Dental Sciences, Malappuram",BDS,SC,44,mbbs_p2_final.pdf
2025,2,5740,28912,MU,NM,TRM,"Travancore Medical College, Umayanalloor, Kollam",MBBS,NM,5,mbbs_p2_final.pdf
2025,2,5741,28915,MU,MM,RDC,"Royal Dental College, Chalisery, Palakkad",BDS,MM,54,mbbs_p2_final.pdf
2025,2,5742,28922,LA,LA,AAD,"Al Azhar Dental College, Thodupuzha",BDS,LA,6,mbbs_p2_final.pdf
2025,2,5743,28929,SC,SC,MLD,"Malabar Dental College, Edappal",BDS,SC,44,mbbs_p2_final.pdf
2025,2,5744,28949,SC,SC,AID,"Sree Anjaneya Institue of Dental Scinces, Atholi, Kozhikode",BDS,SC,42,mbbs_p2_final.pdf
2025,2,5745,28956,VK,VK,RDC,"Royal Dental College, Chalisery, Palakkad",BDS,VK,52,mbbs_p2_final.pdf
2025,2,5746,28993,BH,BH,EID,"Educare Institute of Dental Sciences, Malappuram",BDS,BH,52,mbbs_p2_final.pdf
2025,2,5747,29020,LA,NR,SUC,"SUT Accademy of Medical Sciences, Thiruvananthapuram",MBBS,NR,42,mbbs_p2_final.pdf
2025,2,5748,29022,General,NR,SUC,"SUT Accademy of Medical Sciences, Thiruvananthapuram",MBBS,NR,13,mbbs_p2_final.pdf
2025,2,5749,29043,MU,MU,AID,"Sree Anjaneya Institue of Dental Scinces, Atholi, Kozhikode",BDS,MU,1,mbbs_p2_final.pdf
2025,2,5750,29059,MU,MU,AID,"Sree Anjaneya Institue of Dental Scinces, Atholi, Kozhikode",BDS,MU,11,mbbs_p2_final.pdf
2025,2,5751,29060,BH,SM,KAD,"Kannur Dental College, Anjarakandy, Kannur",BDS,SM,37,mbbs_p2_final.pdf
2025,2,5752,29061,SC,SC,MLD,"Malabar Dental College, Edappal",BDS,SC,26,mbbs_p2_final.pdf
2025,2,5753,29070,SC,SM,KAD,"Kannur Dental College, Anjarakandy, Kannur",BDS,SM,51,mbbs_p2_final.pdf
2025,2,5754,29074,SC,SC,MLD,"Malabar Dental College, Edappal",BDS,SC,55,mbbs_p2_final.pdf
2025,2,5755,29076,MU,MU,AID,"Sree Anjaneya Institue of Dental Scinces, Atholi, Kozhikode",BDS,MU,8,mbbs_p2_final.pdf
2025,2,5756,29105,SC,SC,SVD,"Sri Sankara Dental College, Akathumuri, Varkala",BDS,SC,52,mbbs_p2_final.pdf
2025,2,5757,29111,MU,MU,IGD,"Indira Gandhi Institute of Dental Sciences, Kothamangalam",BDS,MU,1,mbbs_p2_final.pdf
2025,2,5758,29114,MU,MM,AZD,"Azeezia College of Dental Science, Meyyannoor, Kollam",BDS,MM,3,mbbs_p2_final.pdf
2025,2,5759,29117,SC,SC,SVD,"Sri Sankara Dental College, Akathumuri, Varkala",BDS,SC,40,mbbs_p2_final.pdf
2025,2,5760,29122,MU,MU,IGD,"Indira Gandhi Institute of Dental Sciences, Kothamangalam",BDS,MU,13,mbbs_p2_final.pdf
2025,2,5761,29124,General,NR,KDM,"P K Das Institute of Medical Sciences, Ottapalam",MBBS,NR,8,mbbs_p2_final.pdf
2025,2,5762,29126,General,SM,KAD,"Kannur Dental College, Anjarakandy, Kannur",BDS,SM,17,mbbs_p2_final.pdf
2025,2,5763,29146,SC,NR,SMC,"Dr. Somervell Memorial CSI Medical College, Karakonam",MBBS,NR,22,mbbs_p2_final.pdf
2025,2,5764,29153,General,NR,AZC,"Azeezia Institute of Medi Science, Meyyannoor, Kollam",MBBS,NR,17,mbbs_p2_final.pdf
2025,2,5765,29155,MU,MM,AZD,"Azeezia College of Dental Science, Meyyannoor, Kollam",BDS,MM,2,mbbs_p2_final.pdf
2025,2,5766,29158,SC,SC,SVD,"Sri Sankara Dental College, Akathumuri, Varkala",BDS,SC,50,mbbs_p2_final.pdf
2025,2,5767,29209,SC,SC,MLD,"Malabar Dental College, Edappal",BDS,SC,30,mbbs_p2_final.pdf
2025,2,5768,29214,SC,SC,SVD,"Sri Sankara Dental College, Akathumuri, Varkala",BDS,SC,6,mbbs_p2_final.pdf
2025,2,5769,29231,General,NR,SUC,"SUT Accademy of Medical Sciences, Thiruvananthapuram",MBBS,NR,25,mbbs_p2_final.pdf
2025,2,5770,29262,BH,BH,SVD,"Sri Sankara Dental College, Akathumuri, Varkala",BDS,BH,46,mbbs_p2_final.pdf
2025,2,5771,29265,General,NR,SIM,"Sree Narayana Institute of Medical Sciences, Chalakka, Ernakulam.",MBBS,NR,16,mbbs_p2_final.pdf
2025,2,5772,29270,MU,MM,RDC,"Royal Dental College, Chalisery, Palakkad",BDS,MM,13,mbbs_p2_final.pdf
2025,2,5773,29271,SC,SC,MLD,"Malabar Dental College, Edappal",BDS,SC,43,mbbs_p2_final.pdf
2025,2,5774,29275,SC,SC,MLD,"Malabar Dental College, Edappal",BDS,SC,54,mbbs_p2_final.pdf
2025,2,5775,29304,ST,ST,KDM,"P K Das Institute of Medical Sciences, Ottapalam",MBBS,ST,32,mbbs_p2_final.pdf
2025,2,5776,29309,SC,SC,MLD,"Malabar Dental College, Edappal",BDS,SC,50,mbbs_p2_final.pdf
2025,2,5777,29312,BH,BH,SVD,"Sri Sankara Dental College, Akathumuri, Varkala",BDS,BH,11,mbbs_p2_final.pdf
2025,2,5778,29314,LA,LA,AAD,"Al Azhar Dental College, Thodupuzha",BDS,LA,3,mbbs_p2_final.pdf
2025,2,5779,29317,MU,MU,IGD,"Indira Gandhi Institute of Dental Sciences, Kothamangalam",BDS,MU,8,mbbs_p2_final.pdf
2025,2,5780,29320,MU,MU,MLD,"Malabar Dental College, Edappal",BDS,MU,4,mbbs_p2_final.pdf
2025,2,5781,29343,SC,SM,KAD,"Kannur Dental College, Anjarakandy, Kannur",BDS,SM,30,mbbs_p2_final.pdf
2025,2,5782,29344,KN,SM,KAD,"Kannur Dental College, Anjarakandy, Kannur",BDS,SM,41,mbbs_p2_final.pdf
2025,2,5783,29349,EZ,EZ,MED,"MES Dental College, Perinthalmanna",BDS,EZ,41,mbbs_p2_final.pdf
2025,2,5784,29351,EZ,EZ,NID,"Noorul Islam College of Dental Science, Neyyattinkara",BDS,EZ,1,mbbs_p2_final.pdf
2025,2,5785,29366,EW,EW,KMD,"KMCT Dental College, Mambatta, Mukkam, Kozhikode",BDS,EW,52,mbbs_p2_final.pdf
2025,2,5786,29388,ST,ST,PIM,"Palakkad Institute of Medical Sciences, Walayar",MBBS,ST,29,mbbs_p2_final.pdf
2025,2,5787,29397,General,NR,SIM,"Sree Narayana Institute of Medical Sciences, Chalakka, Ernakulam.",MBBS,NR,5,mbbs_p2_final.pdf
2025,2,5788,29404,General,NR,PMD,"Pushpagiri College of Dental Science, Thiruvalla",BDS,NR,50,mbbs_p2_final.pdf
2025,2,5789,29421,MU,MU,IGD,"Indira Gandhi Institute of Dental Sciences, Kothamangalam",BDS,MU,10,mbbs_p2_final.pdf
2025,2,5790,29429,VK,VK,IGD,"Indira Gandhi Institute of Dental Sciences, Kothamangalam",BDS,VK,49,mbbs_p2_final.pdf
2025,2,5791,29431,MU,PD,TCM,"Govt. Medical College, Thrissur",MBBS,PD,2,mbbs_p2_final.pdf
2025,2,5792,29444,General,NR,SUC,"SUT Accademy of Medical Sciences, Thiruvananthapuram",MBBS,NR,27,mbbs_p2_final.pdf
2025,2,5793,29454,DV,SM,KAD,"Kannur Dental College, Anjarakandy, Kannur",BDS,SM,57,mbbs_p2_final.pdf
2025,2,5794,29459,EZ,NR,DMM,"Dr. Moopens Medical College, Meppadi, Wayanad",MBBS,NR,1,mbbs_p2_final.pdf
2025,2,5795,29462,MU,MU,EID,"Educare Institute of Dental Sciences, Malappuram",BDS,MU,1,mbbs_p2_final.pdf
2025,2,5796,29469,SC,SC,AID,"Sree Anjaneya Institue of Dental Scinces, Atholi, Kozhikode",BDS,SC,49,mbbs_p2_final.pdf
2025,2,5797,29510,MU,MU,EID,"Educare Institute of Dental Sciences, Malappuram",BDS,MU,21,mbbs_p2_final.pdf
2025,2,5798,29512,SC,SC,AID,"Sree Anjaneya Institue of Dental Scinces, Atholi, Kozhikode",BDS,SC,4,mbbs_p2_final.pdf
2025,2,5799,29539,LA,LA,RDC,"Royal Dental College, Chalisery, Palakkad",BDS,LA,2,mbbs_p2_final.pdf
2025,2,5800,29548,General,SM,KAD,"Kannur Dental College, Anjarakandy, Kannur",BDS,SM,43,mbbs_p2_final.pdf
2025,2,5801,29561,General,SM,KAD,"Kannur Dental College, Anjarakandy, Kannur",BDS,SM,7,mbbs_p2_final.pdf
2025,2,5802,29572,EW,EW,ADC,"Annoor Dental College, Puthuppady, Muvattupuzha",BDS,EW,7,mbbs_p2_final.pdf
2025,2,5803,29574,SC,SC,AID,"Sree Anjaneya Institue of Dental Scinces, Atholi, Kozhikode",BDS,SC,56,mbbs_p2_final.pdf
2025,2,5804,29588,BH,SM,KAD,"Kannur Dental College, Anjarakandy, Kannur",BDS,SM,56,mbbs_p2_final.pdf
2025,2,5805,29598,DV,SM,KAD,"Kannur Dental College, Anjarakandy, Kannur",BDS,SM,46,mbbs_p2_final.pdf
2025,2,5806,29607,VK,VK,AID,"Sree Anjaneya Institue of Dental Scinces, Atholi, Kozhikode",BDS,VK,1,mbbs_p2_final.pdf
2025,2,5807,29620,LA,LA,AID,"Sree Anjaneya Institue of Dental Scinces, Atholi, Kozhikode",BDS,LA,20,mbbs_p2_final.pdf
2025,2,5808,29627,SC,NR,MZM,"Mount Zion Medical College, Pathanamthitta",MBBS,NR,1,mbbs_p2_final.pdf
2025,2,5809,29633,SC,NR,KCM,"KMCT Medical College, Mukkom, Kozikkode",MBBS,NR,21,mbbs_p2_final.pdf
2025,2,5810,29634,VK,VK,EID,"Educare Institute of Dental Sciences, Malappuram",BDS,VK,19,mbbs_p2_final.pdf
2025,2,5811,29640,MU,MM,AZD,"Azeezia College of Dental Science, Meyyannoor, Kollam",BDS,MM,10,mbbs_p2_final.pdf
2025,2,5812,29653,General,NR,SUC,"SUT Accademy of Medical Sciences, Thiruvananthapuram",MBBS,NR,18,mbbs_p2_final.pdf
2025,2,5813,29682,General,NR,DMM,"Dr. Moopens Medical College, Meppadi, Wayanad",MBBS,NR,30,mbbs_p2_final.pdf
2025,2,5814,29688,General,NR,SUC,"SUT Accademy of Medical Sciences, Thiruvananthapuram",MBBS,NR,25,mbbs_p2_final.pdf
2025,2,5815,29690,MU,MU,PSD,"PSM College of Dental Sciences, Thrissur",BDS,MU,32,mbbs_p2_final.pdf
2025,2,5816,29691,MU,MM,EID,"Educare Institute of Dental Sciences, Malappuram",BDS,MM,7,mbbs_p2_final.pdf
2025,2,5817,29697,SC,SC,AID,"Sree Anjaneya Institue of Dental Scinces, Atholi, Kozhikode",BDS,SC,24,mbbs_p2_final.pdf
2025,2,5818,29701,EZ,EZ,AAD,"Al Azhar Dental College, Thodupuzha",BDS,EZ,2,mbbs_p2_final.pdf
2025,2,5819,29702,KN,KN,AAD,"Al Azhar Dental College, Thodupuzha",BDS,KN,48,mbbs_p2_final.pdf
2025,2,5820,29707,SC,SM,KAD,"Kannur Dental College, Anjarakandy, Kannur",BDS,SM,39,mbbs_p2_final.pdf
2025,2,5821,29722,SC,SM,KAD,"Kannur Dental College, Anjarakandy, Kannur",BDS,SM,33,mbbs_p2_final.pdf
2025,2,5822,29724,General,NR,KDM,"P K Das Institute of Medical Sciences, Ottapalam",MBBS,NR,23,mbbs_p2_final.pdf
2025,2,5823,29735,MU,NR,KCM,"KMCT Medical College, Mukkom, Kozikkode",MBBS,NR,3,mbbs_p2_final.pdf
2025,2,5824,29787,SC,SC,SVD,"Sri Sankara Dental College, Akathumuri, Varkala",BDS,SC,20,mbbs_p2_final.pdf
2025,2,5825,29791,MU,MM,AZD,"Azeezia College of Dental Science, Meyyannoor, Kollam",BDS,MM,26,mbbs_p2_final.pdf
2025,2,5826,29792,DV,DV,KAD,"Kannur Dental College, Anjarakandy, Kannur",BDS,DV,55,mbbs_p2_final.pdf
2025,2,5827,29793,General,NR,SIM,"Sree Narayana Institute of Medical Sciences, Chalakka, Ernakulam.",MBBS,NR,40,mbbs_p2_final.pdf
2025,2,5828,29806,LA,LA,MED,"MES Dental College, Perinthalmanna",BDS,LA,41,mbbs_p2_final.pdf
2025,2,5829,29809,BH,BH,KAD,"Kannur Dental College, Anjarakandy, Kannur",BDS,BH,59,mbbs_p2_final.pdf
2025,2,5830,29815,BX,BX,KAD,"Kannur Dental College, Anjarakandy, Kannur",BDS,BX,59,mbbs_p2_final.pdf
2025,2,5831,29825,General,MM,RDC,"Royal Dental College, Chalisery, Palakkad",BDS,MM,57,mbbs_p2_final.pdf
2025,2,5832,29853,MU,MU,IGD,"Indira Gandhi Institute of Dental Sciences, Kothamangalam",BDS,MU,27,mbbs_p2_final.pdf
2025,2,5833,29863,MU,NM,TRM,"Travancore Medical College, Umayanalloor, Kollam",MBBS,NM,39,mbbs_p2_final.pdf
2025,2,5834,29865,BH,BH,KAD,"Kannur Dental College, Anjarakandy, Kannur",BDS,BH,22,mbbs_p2_final.pdf
2025,2,5835,29873,SC,SC,KAD,"Kannur Dental College, Anjarakandy, Kannur",BDS,SC,59,mbbs_p2_final.pdf
2025,2,5836,29875,LA,PD,KTM,"Govt. Medical College, Kottayam",MBBS,PD,1,mbbs_p2_final.pdf
2025,2,5837,29887,MU,NM,TRM,"Travancore Medical College, Umayanalloor, Kollam",MBBS,NM,17,mbbs_p2_final.pdf
2025,2,5838,29904,General,NR,DMM,"Dr. Moopens Medical College, Meppadi, Wayanad",MBBS,NR,10,mbbs_p2_final.pdf
2025,2,5839,29924,VK,VK,MLD,"Malabar Dental College, Edappal",BDS,VK,11,mbbs_p2_final.pdf
2025,2,5840,29969,General,NR,KDM,"P K Das Institute of Medical Sciences, Ottapalam",MBBS,NR,1,mbbs_p2_final.pdf
2025,2,5841,29988,General,NM,TRM,"Travancore Medical College, Umayanalloor, Kollam",MBBS,NM,35,mbbs_p2_final.pdf
2025,2,5842,29993,General,NR,KDM,"P K Das Institute of Medical Sciences, Ottapalam",MBBS,NR,29,mbbs_p2_final.pdf
2025,2,5843,30009,SC,SC,KAD,"Kannur Dental College, Anjarakandy, Kannur",BDS,SC,40,mbbs_p2_final.pdf
2025,2,5844,30017,MU,MM,EID,"Educare Institute of Dental Sciences, Malappuram",BDS,MM,54,mbbs_p2_final.pdf
2025,2,5845,30018,KN,KN,EID,"Educare Institute of Dental Sciences, Malappuram",BDS,KN,50,mbbs_p2_final.pdf
2025,2,5846,30020,MU,MM,AZD,"Azeezia College of Dental Science, Meyyannoor, Kollam",BDS,MM,48,mbbs_p2_final.pdf
2025,2,5847,30040,General,NR,SUC,"SUT Accademy of Medical Sciences, Thiruvananthapuram",MBBS,NR,43,mbbs_p2_final.pdf
2025,2,5848,30042,EZ,EZ,AZD,"Azeezia College of Dental Science, Meyyannoor, Kollam",BDS,EZ,21,mbbs_p2_final.pdf
2025,2,5849,30048,MU,MU,KAD,"Kannur Dental College, Anjarakandy, Kannur",BDS,MU,19,mbbs_p2_final.pdf
2025,2,5850,30055,EZ,EZ,PSD,"PSM College of Dental Sciences, Thrissur",BDS,EZ,19,mbbs_p2_final.pdf
2025,2,5851,30074,General,NR,KCM,"KMCT Medical College, Mukkom, Kozikkode",MBBS,NR,11,mbbs_p2_final.pdf
2025,2,5852,30106,MU,MM,TRD,"Travancore DentalCollege, Kollam",BDS,MM,14,mbbs_p2_final.pdf
2025,2,5853,30141,SC,SC,KAD,"Kannur Dental College, Anjarakandy, Kannur",BDS,SC,50,mbbs_p2_final.pdf
2025,2,5854,30153,EZ,EZ,AAD,"Al Azhar Dental College, Thodupuzha",BDS,EZ,1,mbbs_p2_final.pdf
2025,2,5855,30156,KN,KN,AID,"Sree Anjaneya Institue of Dental Scinces, Atholi, Kozhikode",BDS,KN,42,mbbs_p2_final.pdf
2025,2,5856,30203,EZ,EZ,AZD,"Azeezia College of Dental Science, Meyyannoor, Kollam",BDS,EZ,3,mbbs_p2_final.pdf
2025,2,5857,30226,MU,MM,AZD,"Azeezia College of Dental Science, Meyyannoor, Kollam",BDS,MM,48,mbbs_p2_final.pdf
2025,2,5858,30244,SC,SC,KAD,"Kannur Dental College, Anjarakandy, Kannur",BDS,SC,55,mbbs_p2_final.pdf
2025,2,5859,30251,MU,MM,AZD,"Azeezia College of Dental Science, Meyyannoor, Kollam",BDS,MM,53,mbbs_p2_final.pdf
2025,2,5860,30270,MU,MM,EID,"Educare Institute of Dental Sciences, Malappuram",BDS,MM,5,mbbs_p2_final.pdf
2025,2,5861,30280,LA,LA,IGD,"Indira Gandhi Institute of Dental Sciences, Kothamangalam",BDS,LA,45,mbbs_p2_final.pdf
2025,2,5862,30329,SC,SC,KAD,"Kannur Dental College, Anjarakandy, Kannur",BDS,SC,57,mbbs_p2_final.pdf
2025,2,5863,30330,General,NR,KDM,"P K Das Institute of Medical Sciences, Ottapalam",MBBS,NR,1,mbbs_p2_final.pdf
2025,2,5864,30334,MU,MM,TRD,"Travancore DentalCollege, Kollam",BDS,MM,13,mbbs_p2_final.pdf
2025,2,5865,30335,EZ,NR,KDM,"P K Das Institute of Medical Sciences, Ottapalam",MBBS,NR,1,mbbs_p2_final.pdf
2025,2,5866,30359,EZ,EZ,IGD,"Indira Gandhi Institute of Dental Sciences, Kothamangalam",BDS,EZ,1,mbbs_p2_final.pdf
2025,2,5867,30366,General,NR,KCM,"KMCT Medical College, Mukkom, Kozikkode",MBBS,NR,7,mbbs_p2_final.pdf
2025,2,5868,30398,General,NR,KMM,"Karuna Medical College, Vilayodi, Palakkad",MBBS,NR,21,mbbs_p2_final.pdf
2025,2,5869,30410,EZ,EZ,AAD,"Al Azhar Dental College, Thodupuzha",BDS,EZ,13,mbbs_p2_final.pdf
2025,2,5870,30414,SC,SC,KAD,"Kannur Dental College, Anjarakandy, Kannur",BDS,SC,59,mbbs_p2_final.pdf
2025,2,5871,30424,MU,MM,EID,"Educare Institute of Dental Sciences, Malappuram",BDS,MM,7,mbbs_p2_final.pdf
2025,2,5872,30433,MU,MM,AZD,"Azeezia College of Dental Science, Meyyannoor, Kollam",BDS,MM,4,mbbs_p2_final.pdf
2025,2,5873,30451,General,NR,KCM,"KMCT Medical College, Mukkom, Kozikkode",MBBS,NR,8,mbbs_p2_final.pdf
2025,2,5874,30485,MU,PD,TVM,"Govt. Medical College, Thiruvananthapuram",MBBS,PD,2,mbbs_p2_final.pdf
2025,2,5875,30486,LA,LA,MLD,"Malabar Dental College, Edappal",BDS,LA,29,mbbs_p2_final.pdf
2025,2,5876,30494,MU,MM,EID,"Educare Institute of Dental Sciences, Malappuram",BDS,MM,24,mbbs_p2_final.pdf
2025,2,5877,30503,KU,KU,KMD,"KMCT Dental College, Mambatta, Mukkam, Kozhikode",BDS,KU,40,mbbs_p2_final.pdf
2025,2,5878,30513,LA,NC,SMC,"Dr. Somervell Memorial CSI Medical College, Karakonam",MBBS,NC,18,mbbs_p2_final.pdf
2025,2,5879,30515,MU,NR,DMM,"Dr. Moopens Medical College, Meppadi, Wayanad",MBBS,NR,1,mbbs_p2_final.pdf
2025,2,5880,30530,General,NR,KDM,"P K Das Institute of Medical Sciences, Ottapalam",MBBS,NR,18,mbbs_p2_final.pdf
2025,2,5881,30571,EZ,NR,SIM,"Sree Narayana Institute of Medical Sciences, Chalakka, Ernakulam.",MBBS,NR,41,mbbs_p2_final.pdf
2025,2,5882,30607,LA,LA,EID,"Educare Institute of Dental Sciences, Malappuram",BDS,LA,28,mbbs_p2_final.pdf
2025,2,5883,30627,EZ,EZ,AID,"Sree Anjaneya Institue of Dental Scinces, Atholi, Kozhikode",BDS,EZ,3,mbbs_p2_final.pdf
2025,2,5884,30669,EW,EW,AID,"Sree Anjaneya Institue of Dental Scinces, Atholi, Kozhikode",BDS,EW,41,mbbs_p2_final.pdf
2025,2,5885,30684,MU,MM,EID,"Educare Institute of Dental Sciences, Malappuram",BDS,MM,2,mbbs_p2_final.pdf
2025,2,5886,30700,General,NC,SMC,"Dr. Somervell Memorial CSI Medical College, Karakonam",MBBS,NC,35,mbbs_p2_final.pdf
2025,2,5887,30741,MU,MM,EID,"Educare Institute of Dental Sciences, Malappuram",BDS,MM,8,mbbs_p2_final.pdf
2025,2,5888,30801,EZ,EZ,PSD,"PSM College of Dental Sciences, Thrissur",BDS,EZ,40,mbbs_p2_final.pdf
2025,2,5889,30821,General,PD,KTM,"Govt. Medical College, Kottayam",MBBS,PD,1,mbbs_p2_final.pdf
2025,2,5890,30822,KU,KU,MED,"MES Dental College, Perinthalmanna",BDS,KU,41,mbbs_p2_final.pdf
2025,2,5891,30834,MU,NR *,DMM,"Dr. Moopens Medical College, Meppadi, Wayanad",MBBS,NR *,24,mbbs_p2_final.pdf
2025,2,5892,30850,General,PD,TCM,"Govt. Medical College, Thrissur",MBBS,PD,1,mbbs_p2_final.pdf
2025,2,5893,30866,General,NR *,SUC,"SUT Accademy of Medical Sciences, Thiruvananthapuram",MBBS,NR *,36,mbbs_p2_final.pdf
2025,2,5894,30891,MU,MU,KAD,"Kannur Dental College, Anjarakandy, Kannur",BDS,MU,17,mbbs_p2_final.pdf
2025,2,5895,30895,EZ,EZ,PSD,"PSM College of Dental Sciences, Thrissur",BDS,EZ,28,mbbs_p2_final.pdf
2025,2,5896,30941,General,NR,KDM,"P K Das Institute of Medical Sciences, Ottapalam",MBBS,NR,36,mbbs_p2_final.pdf
2025,2,5897,30950,General,NR,MMH,"Malabar Medical College Hospital, Kozhikkode",MBBS,NR,39,mbbs_p2_final.pdf
2025,2,5898,30993,General,NR,KDM,"P K Das Institute of Medical Sciences, Ottapalam",MBBS,NR,27,mbbs_p2_final.pdf
2025,2,5899,30994,MU,NM,TRM,"Travancore Medical College, Umayanalloor, Kollam",MBBS,NM,15,mbbs_p2_final.pdf
2025,2,5900,31012,EW,EW,EID,"Educare Institute of Dental Sciences, Malappuram",BDS,EW,1,mbbs_p2_final.pdf
2025,2,5901,31013,EZ,EZ,AAD,"Al Azhar Dental College, Thodupuzha",BDS,EZ,45,mbbs_p2_final.pdf
2025,2,5902,31025,General,NR,DMM,"Dr. Moopens Medical College, Meppadi, Wayanad",MBBS,NR,31,mbbs_p2_final.pdf
2025,2,5903,31043,MU,NR,DMM,"Dr. Moopens Medical College, Meppadi, Wayanad",MBBS,NR,5,mbbs_p2_final.pdf
2025,2,5904,31053,ST,ST,TVD,"Govt. Dental College, Thiruvananthapuram",BDS,ST,35,mbbs_p2_final.pdf
2025,2,5905,31054,General,NC,SMC,"Dr. Somervell Memorial CSI Medical College, Karakonam",MBBS,NC,33,mbbs_p2_final.pdf
2025,2,5906,31070,MU,NR,MMH,"Malabar Medical College Hospital, Kozhikkode",MBBS,NR,34,mbbs_p2_final.pdf
2025,2,5907,31078,EZ,EZ,AAD,"Al Azhar Dental College, Thodupuzha",BDS,EZ,21,mbbs_p2_final.pdf
2025,2,5908,31087,MU,MM,EID,"Educare Institute of Dental Sciences, Malappuram",BDS,MM,2,mbbs_p2_final.pdf
2025,2,5909,31102,MU,MM,EID,"Educare Institute of Dental Sciences, Malappuram",BDS,MM,13,mbbs_p2_final.pdf
2025,2,5910,31113,EZ,EZ,RDC,"Royal Dental College, Chalisery, Palakkad",BDS,EZ,15,mbbs_p2_final.pdf
2025,2,5911,31144,MU,MU,NID,"Noorul Islam College of Dental Science, Neyyattinkara",BDS,MU,16,mbbs_p2_final.pdf
2025,2,5912,31185,MU,MM,AZD,"Azeezia College of Dental Science, Meyyannoor, Kollam",BDS,MM,48,mbbs_p2_final.pdf
2025,2,5913,31195,MU,MU,KAD,"Kannur Dental College, Anjarakandy, Kannur",BDS,MU,49,mbbs_p2_final.pdf
2025,2,5914,31231,EZ,EZ,MLD,"Malabar Dental College, Edappal",BDS,EZ,41,mbbs_p2_final.pdf
2025,2,5915,31289,EW,EW,NID,"Noorul Islam College of Dental Science, Neyyattinkara",BDS,EW,23,mbbs_p2_final.pdf
2025,2,5916,31325,EZ,PD,TCM,"Govt. Medical College, Thrissur",MBBS,PD,1,mbbs_p2_final.pdf
2025,2,5917,31338,General,NR,MMH,"Malabar Medical College Hospital, Kozhikkode",MBBS,NR,17,mbbs_p2_final.pdf
2025,2,5918,31343,MU,NM,TRM,"Travancore Medical College, Umayanalloor, Kollam",MBBS,NM,3,mbbs_p2_final.pdf
2025,2,5919,31350,MU,NR *,PMD,"Pushpagiri College of Dental Science, Thiruvalla",BDS,NR *,4,mbbs_p2_final.pdf
2025,2,5920,31374,ST,ST,KKD,"Govt. Dental College, Kozhikkode",BDS,ST,35,mbbs_p2_final.pdf
2025,2,5921,31380,VK,VK,PSD,"PSM College of Dental Sciences, Thrissur",BDS,VK,24,mbbs_p2_final.pdf
2025,2,5922,31384,MU,NR,MBD,"Mar Baselious Dental College, Kothamangalam",BDS,NR,8,mbbs_p2_final.pdf
2025,2,5923,31386,EZ,NR,KDM,"P K Das Institute of Medical Sciences, Ottapalam",MBBS,NR,25,mbbs_p2_final.pdf
2025,2,5924,31434,EZ,EZ,AZD,"Azeezia College of Dental Science, Meyyannoor, Kollam",BDS,EZ,39,mbbs_p2_final.pdf
2025,2,5925,31439,MU,NR,KCM,"KMCT Medical College, Mukkom, Kozikkode",MBBS,NR,6,mbbs_p2_final.pdf
2025,2,5926,31454,EZ,EZ,SVD,"Sri Sankara Dental College, Akathumuri, Varkala",BDS,EZ,1,mbbs_p2_final.pdf
2025,2,5927,31482,General,NR,DMM,"Dr. Moopens Medical College, Meppadi, Wayanad",MBBS,NR,39,mbbs_p2_final.pdf
2025,2,5928,31484,General,NC,SMC,"Dr. Somervell Memorial CSI Medical College, Karakonam",MBBS,NC,27,mbbs_p2_final.pdf
2025,2,5929,31503,General,NR *,SIM,"Sree Narayana Institute of Medical Sciences, Chalakka, Ernakulam.",MBBS,NR *,18,mbbs_p2_final.pdf
2025,2,5930,31511,MU,MM,AZD,"Azeezia College of Dental Science, Meyyannoor, Kollam",BDS,MM,8,mbbs_p2_final.pdf
2025,2,5931,31519,EZ,EZ,PSD,"PSM College of Dental Sciences, Thrissur",BDS,EZ,22,mbbs_p2_final.pdf
2025,2,5932,31562,MU,MU,SVD,"Sri Sankara Dental College, Akathumuri, Varkala",BDS,MU,8,mbbs_p2_final.pdf
2025,2,5933,31576,MU,MU,KAD,"Kannur Dental College, Anjarakandy, Kannur",BDS,MU,11,mbbs_p2_final.pdf
2025,2,5934,31577,MU,MU,SVD,"Sri Sankara Dental College, Akathumuri, Varkala",BDS,MU,23,mbbs_p2_final.pdf
2025,2,5935,31594,General,NR,SUC,"SUT Accademy of Medical Sciences, Thiruvananthapuram",MBBS,NR,37,mbbs_p2_final.pdf
2025,2,5936,31647,General,NR,SIM,"Sree Narayana Institute of Medical Sciences, Chalakka, Ernakulam.",MBBS,NR,11,mbbs_p2_final.pdf
2025,2,5937,31648,General,NR,DMM,"Dr. Moopens Medical College, Meppadi, Wayanad",MBBS,NR,21,mbbs_p2_final.pdf
2025,2,5938,31674,MU,MM,AZD,"Azeezia College of Dental Science, Meyyannoor, Kollam",BDS,MM,12,mbbs_p2_final.pdf
2025,2,5939,31699,MU,MM,AZD,"Azeezia College of Dental Science, Meyyannoor, Kollam",BDS,MM,2,mbbs_p2_final.pdf
2025,2,5940,31713,General,NR,KDM,"P K Das Institute of Medical Sciences, Ottapalam",MBBS,NR,13,mbbs_p2_final.pdf
2025,2,5941,31714,EZ,EZ,IGD,"Indira Gandhi Institute of Dental Sciences, Kothamangalam",BDS,EZ,11,mbbs_p2_final.pdf
2025,2,5942,31731,ST,ST,KND,"Government Dental College, Kannur",BDS,ST,35,mbbs_p2_final.pdf
2025,2,5943,31742,MU,MU,SVD,"Sri Sankara Dental College, Akathumuri, Varkala",BDS,MU,24,mbbs_p2_final.pdf
2025,2,5944,31770,MU,MM,EID,"Educare Institute of Dental Sciences, Malappuram",BDS,MM,2,mbbs_p2_final.pdf
2025,2,5945,31776,EZ,NR,SUC,"SUT Accademy of Medical Sciences, Thiruvananthapuram",MBBS,NR,25,mbbs_p2_final.pdf
2025,2,5946,31788,MU,MM,TRD,"Travancore DentalCollege, Kollam",BDS,MM,56,mbbs_p2_final.pdf
2025,2,5947,31790,EW,EW,MED,"MES Dental College, Perinthalmanna",BDS,EW,34,mbbs_p2_final.pdf
2025,2,5948,31803,EZ,EZ,AAD,"Al Azhar Dental College, Thodupuzha",BDS,EZ,8,mbbs_p2_final.pdf
2025,2,5949,31819,MU,MM,AZD,"Azeezia College of Dental Science, Meyyannoor, Kollam",BDS,MM,17,mbbs_p2_final.pdf
2025,2,5950,31833,MU,MM,AZD,"Azeezia College of Dental Science, Meyyannoor, Kollam",BDS,MM,62,mbbs_p2_final.pdf
2025,2,5951,31834,LA,LA,SVD,"Sri Sankara Dental College, Akathumuri, Varkala",BDS,LA,3,mbbs_p2_final.pdf
2025,2,5952,31835,General,NC,SMC,"Dr. Somervell Memorial CSI Medical College, Karakonam",MBBS,NC,41,mbbs_p2_final.pdf
2025,2,5953,31875,General,NR *,KCM,"KMCT Medical College, Mukkom, Kozikkode",MBBS,NR *,45,mbbs_p2_final.pdf
2025,2,5954,31877,BH,NR,AZC,"Azeezia Institute of Medi Science, Meyyannoor, Kollam",MBBS,NR,35,mbbs_p2_final.pdf
2025,2,5955,31886,General,NR,MMH,"Malabar Medical College Hospital, Kozhikkode",MBBS,NR,2,mbbs_p2_final.pdf
2025,2,5956,31889,EW,EW,NID,"Noorul Islam College of Dental Science, Neyyattinkara",BDS,EW,9,mbbs_p2_final.pdf
2025,2,5957,31919,MU,MM,AZD,"Azeezia College of Dental Science, Meyyannoor, Kollam",BDS,MM,32,mbbs_p2_final.pdf
2025,2,5958,31925,EZ,EZ,SVD,"Sri Sankara Dental College, Akathumuri, Varkala",BDS,EZ,1,mbbs_p2_final.pdf
2025,2,5959,31937,BH,PD,TCM,"Govt. Medical College, Thrissur",MBBS,PD,2,mbbs_p2_final.pdf
2025,2,5960,31984,MU,MM,TRD,"Travancore DentalCollege, Kollam",BDS,MM,31,mbbs_p2_final.pdf
2025,2,5961,31986,LA,LA,AID,"Sree Anjaneya Institue of Dental Scinces, Atholi, Kozhikode",BDS,LA,29,mbbs_p2_final.pdf
2025,2,5962,32002,MU,MM,AZD,"Azeezia College of Dental Science, Meyyannoor, Kollam",BDS,MM,2,mbbs_p2_final.pdf
2025,2,5963,32034,General,NR,KCM,"KMCT Medical College, Mukkom, Kozikkode",MBBS,NR,32,mbbs_p2_final.pdf
2025,2,5964,32048,MU,NR,KCM,"KMCT Medical College, Mukkom, Kozikkode",MBBS,NR,16,mbbs_p2_final.pdf
2025,2,5965,32056,VK,VK,AID,"Sree Anjaneya Institue of Dental Scinces, Atholi, Kozhikode",BDS,VK,8,mbbs_p2_final.pdf
2025,2,5966,32067,EZ,EZ,PSD,"PSM College of Dental Sciences, Thrissur",BDS,EZ,41,mbbs_p2_final.pdf
2025,2,5967,32078,EZ,EZ,RDC,"Royal Dental College, Chalisery, Palakkad",BDS,EZ,41,mbbs_p2_final.pdf
2025,2,5968,32084,ST,ST,PMS,"PMS College of Dental Sciences, Vattappara, TVPM",BDS,ST,36,mbbs_p2_final.pdf
2025,2,5969,32089,General,NR,AZC,"Azeezia Institute of Medi Science, Meyyannoor, Kollam",MBBS,NR,4,mbbs_p2_final.pdf
2025,2,5970,32096,LA,LA,AID,"Sree Anjaneya Institue of Dental Scinces, Atholi, Kozhikode",BDS,LA,37,mbbs_p2_final.pdf
2025,2,5971,32101,General,NR,KDM,"P K Das Institute of Medical Sciences, Ottapalam",MBBS,NR,41,mbbs_p2_final.pdf
2025,2,5972,32110,MU,MM,AZD,"Azeezia College of Dental Science, Meyyannoor, Kollam",BDS,MM,30,mbbs_p2_final.pdf
2025,2,5973,32113,EZ,EZ,AZD,"Azeezia College of Dental Science, Meyyannoor, Kollam",BDS,EZ,42,mbbs_p2_final.pdf
2025,2,5974,32196,General,MM,KAD,"Kannur Dental College, Anjarakandy, Kannur",BDS,MM,8,mbbs_p2_final.pdf
2025,2,5975,32249,MU,MM,TRD,"Travancore DentalCollege, Kollam",BDS,MM,40,mbbs_p2_final.pdf
2025,2,5976,32275,BH,NR *,SIM,"Sree Narayana Institute of Medical Sciences, Chalakka, Ernakulam.",MBBS,NR *,42,mbbs_p2_final.pdf
2025,2,5977,32279,LA,LA,SVD,"Sri Sankara Dental College, Akathumuri, Varkala",BDS,LA,5,mbbs_p2_final.pdf
2025,2,5978,32289,General,NR,SUC,"SUT Accademy of Medical Sciences, Thiruvananthapuram",MBBS,NR,35,mbbs_p2_final.pdf
2025,2,5979,32308,MU,MM,TRD,"Travancore DentalCollege, Kollam",BDS,MM,42,mbbs_p2_final.pdf
2025,2,5980,32332,MU,MU,SVD,"Sri Sankara Dental College, Akathumuri, Varkala",BDS,MU,47,mbbs_p2_final.pdf
2025,2,5981,32347,MU,MU,SVD,"Sri Sankara Dental College, Akathumuri, Varkala",BDS,MU,16,mbbs_p2_final.pdf
2025,2,5982,32380,VK,VK,SVD,"Sri Sankara Dental College, Akathumuri, Varkala",BDS,VK,15,mbbs_p2_final.pdf
2025,2,5983,32388,MU,MM,TRD,"Travancore DentalCollege, Kollam",BDS,MM,7,mbbs_p2_final.pdf
2025,2,5984,32401,General,NM,AZC,"Azeezia Institute of Medi Science, Meyyannoor, Kollam",MBBS,NM,17,mbbs_p2_final.pdf
2025,2,5985,32406,General,NR,KCM,"KMCT Medical College, Mukkom, Kozikkode",MBBS,NR,3,mbbs_p2_final.pdf
2025,2,5986,32416,General,NR,SUC,"SUT Accademy of Medical Sciences, Thiruvananthapuram",MBBS,NR,35,mbbs_p2_final.pdf
2025,2,5987,32433,ST,ST,TCD,"Govt. Dental College, Thrissur",BDS,ST,18,mbbs_p2_final.pdf
2025,2,5988,32465,General,NR,SIM,"Sree Narayana Institute of Medical Sciences, Chalakka, Ernakulam.",MBBS,NR,44,mbbs_p2_final.pdf
2025,2,5989,32482,ST,ST,ALD,"Government Dental College, Alappuzha",BDS,ST,29,mbbs_p2_final.pdf
2025,2,5990,32515,MU,NM,TRM,"Travancore Medical College, Umayanalloor, Kollam",MBBS,NM,3,mbbs_p2_final.pdf
2025,2,5991,32519,General,NR,MZM,"Mount Zion Medical College, Pathanamthitta",MBBS,NR,20,mbbs_p2_final.pdf
2025,2,5992,32539,General,NR,SIM,"Sree Narayana Institute of Medical Sciences, Chalakka, Ernakulam.",MBBS,NR,31,mbbs_p2_final.pdf
2025,2,5993,32545,VK,VK,SVD,"Sri Sankara Dental College, Akathumuri, Varkala",BDS,VK,36,mbbs_p2_final.pdf
2025,2,5994,32567,ST,ST,AAD,"Al Azhar Dental College, Thodupuzha",BDS,ST,41,mbbs_p2_final.pdf
2025,2,5995,32656,KU,KU,KAD,"Kannur Dental College, Anjarakandy, Kannur",BDS,KU,41,mbbs_p2_final.pdf
2025,2,5996,32665,MU,MU,KAD,"Kannur Dental College, Anjarakandy, Kannur",BDS,MU,24,mbbs_p2_final.pdf
2025,2,5997,32666,EZ,EZ,NID,"Noorul Islam College of Dental Science, Neyyattinkara",BDS,EZ,21,mbbs_p2_final.pdf
2025,2,5998,32697,EZ,EZ,KAD,"Kannur Dental College, Anjarakandy, Kannur",BDS,EZ,41,mbbs_p2_final.pdf
2025,2,5999,32708,General,NR,MMH,"Malabar Medical College Hospital, Kozhikkode",MBBS,NR,18,mbbs_p2_final.pdf
2025,2,6000,32711,MU,MM,TRD,"Travancore DentalCollege, Kollam",BDS,MM,9,mbbs_p2_final.pdf
2025,2,6001,32719,MU,MM,TRD,"Travancore DentalCollege, Kollam",BDS,MM,46,mbbs_p2_final.pdf
2025,2,6002,32725,MU,NM,TRM,"Travancore Medical College, Umayanalloor, Kollam",MBBS,NM,33,mbbs_p2_final.pdf
2025,2,6003,32759,General,NR,MBD,"Mar Baselious Dental College, Kothamangalam",BDS,NR,9,mbbs_p2_final.pdf
2025,2,6004,32762,EZ,EZ,IGD,"Indira Gandhi Institute of Dental Sciences, Kothamangalam",BDS,EZ,7,mbbs_p2_final.pdf
2025,2,6005,32771,EW,EW,MLD,"Malabar Dental College, Edappal",BDS,EW,21,mbbs_p2_final.pdf
2025,2,6006,32799,General,NR,SUC,"SUT Accademy of Medical Sciences, Thiruvananthapuram",MBBS,NR,12,mbbs_p2_final.pdf
2025,2,6007,32806,KN,KN,MLD,"Malabar Dental College, Edappal",BDS,KN,18,mbbs_p2_final.pdf
2025,2,6008,32817,General,NR *,KDM,"P K Das Institute of Medical Sciences, Ottapalam",MBBS,NR *,33,mbbs_p2_final.pdf
2025,2,6009,32820,MU,MU,SVD,"Sri Sankara Dental College, Akathumuri, Varkala",BDS,MU,19,mbbs_p2_final.pdf
2025,2,6010,32860,MU,NM,TRM,"Travancore Medical College, Umayanalloor, Kollam",MBBS,NM,3,mbbs_p2_final.pdf
2025,2,6011,32879,KN,KN,KAD,"Kannur Dental College, Anjarakandy, Kannur",BDS,KN,58,mbbs_p2_final.pdf
2025,2,6012,32884,General,PD,TCM,"Govt. Medical College, Thrissur",MBBS,PD,1,mbbs_p2_final.pdf
2025,2,6013,32907,MU,MM,TRD,"Travancore DentalCollege, Kollam",BDS,MM,21,mbbs_p2_final.pdf
2025,2,6014,32920,EW,EW,AID,"Sree Anjaneya Institue of Dental Scinces, Atholi, Kozhikode",BDS,EW,2,mbbs_p2_final.pdf
2025,2,6015,32921,SC,PD,KSM,"Govt. Medical College, Kasaragod",MBBS,PD,2,mbbs_p2_final.pdf
2025,2,6016,32923,General,NR,MZM,"Mount Zion Medical College, Pathanamthitta",MBBS,NR,1,mbbs_p2_final.pdf
2025,2,6017,32925,General,NC,SMC,"Dr. Somervell Memorial CSI Medical College, Karakonam",MBBS,NC,18,mbbs_p2_final.pdf
2025,2,6018,32993,MU,NR,KCM,"KMCT Medical College, Mukkom, Kozikkode",MBBS,NR,52,mbbs_p2_final.pdf
2025,2,6019,33008,General,NR,SUC,"SUT Accademy of Medical Sciences, Thiruvananthapuram",MBBS,NR,2,mbbs_p2_final.pdf
2025,2,6020,33012,KU,KU,AAD,"Al Azhar Dental College, Thodupuzha",BDS,KU,42,mbbs_p2_final.pdf
2025,2,6021,33062,General,NR,KMM,"Karuna Medical College, Vilayodi, Palakkad",MBBS,NR,21,mbbs_p2_final.pdf
2025,2,6022,33139,LA,NR *,MZM,"Mount Zion Medical College, Pathanamthitta",MBBS,NR *,15,mbbs_p2_final.pdf
2025,2,6023,33166,EZ,NR,KDM,"P K Das Institute of Medical Sciences, Ottapalam",MBBS,NR,14,mbbs_p2_final.pdf
2025,2,6024,33216,General,MM,TRD,"Travancore DentalCollege, Kollam",BDS,MM,13,mbbs_p2_final.pdf
2025,2,6025,33229,EW,NR,SIM,"Sree Narayana Institute of Medical Sciences, Chalakka, Ernakulam.",MBBS,NR,17,mbbs_p2_final.pdf
2025,2,6026,33243,EZ,NR,MMH,"Malabar Medical College Hospital, Kozhikkode",MBBS,NR,2,mbbs_p2_final.pdf
2025,2,6027,33258,EZ,EZ,IGD,"Indira Gandhi Institute of Dental Sciences, Kothamangalam",BDS,EZ,10,mbbs_p2_final.pdf
2025,2,6028,33310,General,NR,SUC,"SUT Accademy of Medical Sciences, Thiruvananthapuram",MBBS,NR,14,mbbs_p2_final.pdf
2025,2,6029,33334,MU,MU,KAD,"Kannur Dental College, Anjarakandy, Kannur",BDS,MU,22,mbbs_p2_final.pdf
2025,2,6030,33369,General,NR,MZM,"Mount Zion Medical College, Pathanamthitta",MBBS,NR,3,mbbs_p2_final.pdf
2025,2,6031,33371,General,NR,KDM,"P K Das Institute of Medical Sciences, Ottapalam",MBBS,NR,31,mbbs_p2_final.pdf
2025,2,6032,33397,MU,MM,TRD,"Travancore DentalCollege, Kollam",BDS,MM,21,mbbs_p2_final.pdf
2025,2,6033,33435,VK,VK,KAD,"Kannur Dental College, Anjarakandy, Kannur",BDS,VK,21,mbbs_p2_final.pdf
2025,2,6034,33463,MU,MM,TRD,"Travancore DentalCollege, Kollam",BDS,MM,6,mbbs_p2_final.pdf
2025,2,6035,33485,EZ,EZ,NID,"Noorul Islam College of Dental Science, Neyyattinkara",BDS,EZ,2,mbbs_p2_final.pdf
2025,2,6036,33515,General,NR,MBD,"Mar Baselious Dental College, Kothamangalam",BDS,NR,1,mbbs_p2_final.pdf
2025,2,6037,33521,General,NR,SUC,"SUT Accademy of Medical Sciences, Thiruvananthapuram",MBBS,NR,35,mbbs_p2_final.pdf
2025,2,6038,33531,MU,MM,TRD,"Travancore DentalCollege, Kollam",BDS,MM,4,mbbs_p2_final.pdf
2025,2,6039,33564,MU,MM,KAD,"Kannur Dental College, Anjarakandy, Kannur",BDS,MM,23,mbbs_p2_final.pdf
2025,2,6040,33655,MU,NM,AZC,"Azeezia Institute of Medi Science, Meyyannoor, Kollam",MBBS,NM,1,mbbs_p2_final.pdf
2025,2,6041,33665,MU,NR,MMH,"Malabar Medical College Hospital, Kozhikkode",MBBS,NR,2,mbbs_p2_final.pdf
2025,2,6042,33711,LA,NR,DMM,"Dr. Moopens Medical College, Meppadi, Wayanad",MBBS,NR,30,mbbs_p2_final.pdf
2025,2,6043,33715,MU,MM,TRD,"Travancore DentalCollege, Kollam",BDS,MM,13,mbbs_p2_final.pdf
2025,2,6044,33727,MU,NR,KCM,"KMCT Medical College, Mukkom, Kozikkode",MBBS,NR,19,mbbs_p2_final.pdf
2025,2,6045,33738,EZ,EZ,SVD,"Sri Sankara Dental College, Akathumuri, Varkala",BDS,EZ,11,mbbs_p2_final.pdf
2025,2,6046,33777,EZ,EZ,IGD,"Indira Gandhi Institute of Dental Sciences, Kothamangalam",BDS,EZ,40,mbbs_p2_final.pdf
2025,2,6047,33802,EZ,NR,PIM,"Palakkad Institute of Medical Sciences, Walayar",MBBS,NR,2,mbbs_p2_final.pdf
2025,2,6048,33828,VK,VK,EID,"Educare Institute of Dental Sciences, Malappuram",BDS,VK,12,mbbs_p2_final.pdf
2025,2,6049,33830,MU,NR,KCM,"KMCT Medical College, Mukkom, Kozikkode",MBBS,NR,30,mbbs_p2_final.pdf
2025,2,6050,33885,EZ,EZ,AZD,"Azeezia College of Dental Science, Meyyannoor, Kollam",BDS,EZ,45,mbbs_p2_final.pdf
2025,2,6051,33948,General,NC,SMC,"Dr. Somervell Memorial CSI Medical College, Karakonam",MBBS,NC,28,mbbs_p2_final.pdf
2025,2,6052,33955,MU,NR *,AAD,"Al Azhar Dental College, Thodupuzha",BDS,NR *,1,mbbs_p2_final.pdf
2025,2,6053,33960,EZ,EZ,RDC,"Royal Dental College, Chalisery, Palakkad",BDS,EZ,2,mbbs_p2_final.pdf
2025,2,6054,33979,LA,LA,KAD,"Kannur Dental College, Anjarakandy, Kannur",BDS,LA,59,mbbs_p2_final.pdf
2025,2,6055,34011,ST,ST,MBD,"Mar Baselious Dental College, Kothamangalam",BDS,ST,30,mbbs_p2_final.pdf
2025,2,6056,34021,MU,NR,KCM,"KMCT Medical College, Mukkom, Kozikkode",MBBS,NR,18,mbbs_p2_final.pdf
2025,2,6057,34028,EZ,EZ,IGD,"Indira Gandhi Institute of Dental Sciences, Kothamangalam",BDS,EZ,46,mbbs_p2_final.pdf
2025,2,6058,34039,General,NR,SUC,"SUT Accademy of Medical Sciences, Thiruvananthapuram",MBBS,NR,17,mbbs_p2_final.pdf
2025,2,6059,34062,EZ,EZ,IGD,"Indira Gandhi Institute of Dental Sciences, Kothamangalam",BDS,EZ,9,mbbs_p2_final.pdf
2025,2,6060,34084,General,NR,SUC,"SUT Accademy of Medical Sciences, Thiruvananthapuram",MBBS,NR,11,mbbs_p2_final.pdf
2025,2,6061,34101,EZ,EZ,AID,"Sree Anjaneya Institue of Dental Scinces, Atholi, Kozhikode",BDS,EZ,2,mbbs_p2_final.pdf
2025,2,6062,34134,MU,PD,CMC,"Govt. Medical College, Ernakulam",MBBS,PD,1,mbbs_p2_final.pdf
2025,2,6063,34139,General,NR,SUC,"SUT Accademy of Medical Sciences, Thiruvananthapuram",MBBS,NR,4,mbbs_p2_final.pdf
2025,2,6064,34150,KN,KN,SVD,"Sri Sankara Dental College, Akathumuri, Varkala",BDS,KN,59,mbbs_p2_final.pdf
2025,2,6065,34168,EZ,EZ,MLD,"Malabar Dental College, Edappal",BDS,EZ,6,mbbs_p2_final.pdf
2025,2,6066,34194,EZ,EZ,IGD,"Indira Gandhi Institute of Dental Sciences, Kothamangalam",BDS,EZ,15,mbbs_p2_final.pdf
2025,2,6067,34242,General,NR,KDM,"P K Das Institute of Medical Sciences, Ottapalam",MBBS,NR,4,mbbs_p2_final.pdf
2025,2,6068,34244,MU,MM,KAD,"Kannur Dental College, Anjarakandy, Kannur",BDS,MM,51,mbbs_p2_final.pdf
2025,2,6069,34260,LA,LA,KAD,"Kannur Dental College, Anjarakandy, Kannur",BDS,LA,59,mbbs_p2_final.pdf
2025,2,6070,34263,EZ,EZ,MLD,"Malabar Dental College, Edappal",BDS,EZ,13,mbbs_p2_final.pdf
2025,2,6071,34265,MU,NR,SUC,"SUT Accademy of Medical Sciences, Thiruvananthapuram",MBBS,NR,27,mbbs_p2_final.pdf
2025,2,6072,34281,EZ,EZ,MLD,"Malabar Dental College, Edappal",BDS,EZ,46,mbbs_p2_final.pdf
2025,2,6073,34375,MU,NM,AZC,"Azeezia Institute of Medi Science, Meyyannoor, Kollam",MBBS,NM,31,mbbs_p2_final.pdf
2025,2,6074,34434,EZ,NR,KDM,"P K Das Institute of Medical Sciences, Ottapalam",MBBS,NR,43,mbbs_p2_final.pdf
2025,2,6075,34446,General,NR,AAM,"Al Azhar Medical college, Thodupuzha",MBBS,NR,21,mbbs_p2_final.pdf
2025,2,6076,34464,General,NR,MMH,"Malabar Medical College Hospital, Kozhikkode",MBBS,NR,38,mbbs_p2_final.pdf
2025,2,6077,34497,General,MM,KAD,"Kannur Dental College, Anjarakandy, Kannur",BDS,MM,23,mbbs_p2_final.pdf
2025,2,6078,34507,General,NR *,AAM,"Al Azhar Medical college, Thodupuzha",MBBS,NR *,1,mbbs_p2_final.pdf
2025,2,6079,34509,General,NC,SMC,"Dr. Somervell Memorial CSI Medical College, Karakonam",MBBS,NC,48,mbbs_p2_final.pdf
2025,2,6080,34514,EZ,EZ,SVD,"Sri Sankara Dental College, Akathumuri, Varkala",BDS,EZ,8,mbbs_p2_final.pdf
2025,2,6081,34587,EZ,EZ,EID,"Educare Institute of Dental Sciences, Malappuram",BDS,EZ,44,mbbs_p2_final.pdf
2025,2,6082,34628,General,NR,KCM,"KMCT Medical College, Mukkom, Kozikkode",MBBS,NR,42,mbbs_p2_final.pdf
2025,2,6083,34661,General,PD,KLM,"Govt. Medical College, Parippally, Kollam",MBBS,PD,1,mbbs_p2_final.pdf
2025,2,6084,34704,MU,NR,KCM,"KMCT Medical College, Mukkom, Kozikkode",MBBS,NR,42,mbbs_p2_final.pdf
2025,2,6085,34733,General,NR,SUC,"SUT Accademy of Medical Sciences, Thiruvananthapuram",MBBS,NR,38,mbbs_p2_final.pdf
2025,2,6086,34752,MU,NR,AAM,"Al Azhar Medical college, Thodupuzha",MBBS,NR,1,mbbs_p2_final.pdf
2025,2,6087,34753,MU,NR *,MMH,"Malabar Medical College Hospital, Kozhikkode",MBBS,NR *,22,mbbs_p2_final.pdf
2025,2,6088,34781,General,NR,MMH,"Malabar Medical College Hospital, Kozhikkode",MBBS,NR,37,mbbs_p2_final.pdf
2025,2,6089,34821,MU,PD,MLP,"Govt. Medical College, Manjeri",MBBS,PD,1,mbbs_p2_final.pdf
2025,2,6090,34829,EZ,EZ,EID,"Educare Institute of Dental Sciences, Malappuram",BDS,EZ,43,mbbs_p2_final.pdf
2025,2,6091,34833,EZ,NR,KDM,"P K Das Institute of Medical Sciences, Ottapalam",MBBS,NR,31,mbbs_p2_final.pdf
2025,2,6092,34918,MU,NR,KDM,"P K Das Institute of Medical Sciences, Ottapalam",MBBS,NR,42,mbbs_p2_final.pdf
2025,2,6093,34948,EZ,EZ,MLD,"Malabar Dental College, Edappal",BDS,EZ,10,mbbs_p2_final.pdf
2025,2,6094,34966,General,NR,SUC,"SUT Accademy of Medical Sciences, Thiruvananthapuram",MBBS,NR,31,mbbs_p2_final.pdf
2025,2,6095,35033,EZ,EZ,AID,"Sree Anjaneya Institue of Dental Scinces, Atholi, Kozhikode",BDS,EZ,7,mbbs_p2_final.pdf
2025,2,6096,35067,MU,NR,MMH,"Malabar Medical College Hospital, Kozhikkode",MBBS,NR,15,mbbs_p2_final.pdf
2025,2,6097,35107,MU,MM,KAD,"Kannur Dental College, Anjarakandy, Kannur",BDS,MM,20,mbbs_p2_final.pdf
2025,2,6098,35136,General,NR *,SUC,"SUT Accademy of Medical Sciences, Thiruvananthapuram",MBBS,NR *,10,mbbs_p2_final.pdf
2025,2,6099,35145,EZ,EZ,KAD,"Kannur Dental College, Anjarakandy, Kannur",BDS,EZ,11,mbbs_p2_final.pdf
2025,2,6100,35193,MU,NR,AZD,"Azeezia College of Dental Science, Meyyannoor, Kollam",BDS,NR,13,mbbs_p2_final.pdf
2025,2,6101,35214,EZ,EZ,MLD,"Malabar Dental College, Edappal",BDS,EZ,12,mbbs_p2_final.pdf
2025,2,6102,35246,EZ,EZ,EID,"Educare Institute of Dental Sciences, Malappuram",BDS,EZ,2,mbbs_p2_final.pdf
2025,2,6103,35307,EZ,NR,MMH,"Malabar Medical College Hospital, Kozhikkode",MBBS,NR,2,mbbs_p2_final.pdf
2025,2,6104,35337,EZ,EZ,EID,"Educare Institute of Dental Sciences, Malappuram",BDS,EZ,8,mbbs_p2_final.pdf
2025,2,6105,35375,General,PD,CMC,"Govt. Medical College, Ernakulam",MBBS,PD,1,mbbs_p2_final.pdf
2025,2,6106,35392,EW,EW,ADC,"Annoor Dental College, Puthuppady, Muvattupuzha",BDS,EW,27,mbbs_p2_final.pdf
2025,2,6107,35426,General,NR *,MMH,"Malabar Medical College Hospital, Kozhikkode",MBBS,NR *,2,mbbs_p2_final.pdf
2025,2,6108,35448,ST,ST,ADC,"Annoor Dental College, Puthuppady, Muvattupuzha",BDS,ST,48,mbbs_p2_final.pdf
2025,2,6109,35481,General,NC *,SMC,"Dr. Somervell Memorial CSI Medical College, Karakonam",MBBS,NC *,38,mbbs_p2_final.pdf
2025,2,6110,35491,BX,NR,SUC,"SUT Accademy of Medical Sciences, Thiruvananthapuram",MBBS,NR,14,mbbs_p2_final.pdf
2025,2,6111,35516,MU,MM,KAD,"Kannur Dental College, Anjarakandy, Kannur",BDS,MM,12,mbbs_p2_final.pdf
2025,2,6112,35536,EZ,EZ,MLD,"Malabar Dental College, Edappal",BDS,EZ,45,mbbs_p2_final.pdf
2025,2,6113,35561,MU,NR,MMH,"Malabar Medical College Hospital, Kozhikkode",MBBS,NR,40,mbbs_p2_final.pdf
2025,2,6114,35619,General,NR,AAM,"Al Azhar Medical college, Thodupuzha",MBBS,NR,37,mbbs_p2_final.pdf
2025,2,6115,35646,ST,ST,KMD,"KMCT Dental College, Mambatta, Mukkam, Kozhikode",BDS,ST,41,mbbs_p2_final.pdf
2025,2,6116,35697,MU,PD,CMC,"Govt. Medical College, Ernakulam",MBBS,PD,1,mbbs_p2_final.pdf
2025,2,6117,35700,General,NR,AAM,"Al Azhar Medical college, Thodupuzha",MBBS,NR,27,mbbs_p2_final.pdf
2025,2,6118,35709,BX,NC,SMC,"Dr. Somervell Memorial CSI Medical College, Karakonam",MBBS,NC,49,mbbs_p2_final.pdf
2025,2,6119,35775,General,NR,KDM,"P K Das Institute of Medical Sciences, Ottapalam",MBBS,NR,2,mbbs_p2_final.pdf
2025,2,6120,35780,MU,NR,MMH,"Malabar Medical College Hospital, Kozhikkode",MBBS,NR,47,mbbs_p2_final.pdf
2025,2,6121,35790,EW,NR,AAM,"Al Azhar Medical college, Thodupuzha",MBBS,NR,36,mbbs_p2_final.pdf
2025,2,6122,35825,MU,NM,AZC,"Azeezia Institute of Medi Science, Meyyannoor, Kollam",MBBS,NM,12,mbbs_p2_final.pdf
2025,2,6123,35827,MU,MM,KAD,"Kannur Dental College, Anjarakandy, Kannur",BDS,MM,72,mbbs_p2_final.pdf
2025,2,6124,35831,General,NR,MMH,"Malabar Medical College Hospital, Kozhikkode",MBBS,NR,25,mbbs_p2_final.pdf
2025,2,6125,35835,General,NR,DMM,"Dr. Moopens Medical College, Meppadi, Wayanad",MBBS,NR,10,mbbs_p2_final.pdf
2025,2,6126,35865,EZ,EZ,KAD,"Kannur Dental College, Anjarakandy, Kannur",BDS,EZ,50,mbbs_p2_final.pdf
2025,2,6127,35870,MU,MM,KAD,"Kannur Dental College, Anjarakandy, Kannur",BDS,MM,20,mbbs_p2_final.pdf
2025,2,6128,35901,MU,MM,KAD,"Kannur Dental College, Anjarakandy, Kannur",BDS,MM,14,mbbs_p2_final.pdf
2025,2,6129,35915,EZ,EZ,MLD,"Malabar Dental College, Edappal",BDS,EZ,1,mbbs_p2_final.pdf
2025,2,6130,35920,ST,ST,IGD,"Indira Gandhi Institute of Dental Sciences, Kothamangalam",BDS,ST,35,mbbs_p2_final.pdf
2025,2,6131,35927,MU,NR,AAM,"Al Azhar Medical college, Thodupuzha",MBBS,NR,35,mbbs_p2_final.pdf
2025,2,6132,35977,MU,MM,KAD,"Kannur Dental College, Anjarakandy, Kannur",BDS,MM,61,mbbs_p2_final.pdf
2025,2,6133,35991,General,NR,AAM,"Al Azhar Medical college, Thodupuzha",MBBS,NR,12,mbbs_p2_final.pdf
2025,2,6134,36039,MU,MM,KAD,"Kannur Dental College, Anjarakandy, Kannur",BDS,MM,26,mbbs_p2_final.pdf
2025,2,6135,36079,General,NR,KDM,"P K Das Institute of Medical Sciences, Ottapalam",MBBS,NR,26,mbbs_p2_final.pdf
2025,2,6136,36097,EZ,EZ,AID,"Sree Anjaneya Institue of Dental Scinces, Atholi, Kozhikode",BDS,EZ,1,mbbs_p2_final.pdf
2025,2,6137,36125,MU,NR,MMH,"Malabar Medical College Hospital, Kozhikkode",MBBS,NR,41,mbbs_p2_final.pdf
2025,2,6138,36144,General,NR,MMH,"Malabar Medical College Hospital, Kozhikkode",MBBS,NR,2,mbbs_p2_final.pdf
2025,2,6139,36159,MU,PD,ALP,"T D Govt. Medical College, Alappuzha",MBBS,PD,1,mbbs_p2_final.pdf
2025,2,6140,36182,EZ,EZ,SVD,"Sri Sankara Dental College, Akathumuri, Varkala",BDS,EZ,11,mbbs_p2_final.pdf
2025,2,6141,36225,MU,MM,KAD,"Kannur Dental College, Anjarakandy, Kannur",BDS,MM,28,mbbs_p2_final.pdf
2025,2,6142,36228,EZ,EZ,KAD,"Kannur Dental College, Anjarakandy, Kannur",BDS,EZ,1,mbbs_p2_final.pdf
2025,2,6143,36231,General,NR,KDM,"P K Das Institute of Medical Sciences, Ottapalam",MBBS,NR,4,mbbs_p2_final.pdf
2025,2,6144,36234,EZ,EZ,EID,"Educare Institute of Dental Sciences, Malappuram",BDS,EZ,20,mbbs_p2_final.pdf
2025,2,6145,36275,MU,NR,MMH,"Malabar Medical College Hospital, Kozhikkode",MBBS,NR,34,mbbs_p2_final.pdf
2025,2,6146,36297,General,NC,SMC,"Dr. Somervell Memorial CSI Medical College, Karakonam",MBBS,NC,49,mbbs_p2_final.pdf
2025,2,6147,36316,General,NR,AAM,"Al Azhar Medical college, Thodupuzha",MBBS,NR,7,mbbs_p2_final.pdf
2025,2,6148,36402,MU,MM,KAD,"Kannur Dental College, Anjarakandy, Kannur",BDS,MM,25,mbbs_p2_final.pdf
2025,2,6149,36467,MU,MM,KAD,"Kannur Dental College, Anjarakandy, Kannur",BDS,MM,35,mbbs_p2_final.pdf
2025,2,6150,36469,MU,MM,KAD,"Kannur Dental College, Anjarakandy, Kannur",BDS,MM,57,mbbs_p2_final.pdf
2025,2,6151,36490,General,NR,MZM,"Mount Zion Medical College, Pathanamthitta",MBBS,NR,9,mbbs_p2_final.pdf
2025,2,6152,36536,General,NR,MMH,"Malabar Medical College Hospital, Kozhikkode",MBBS,NR,44,mbbs_p2_final.pdf
2025,2,6153,36554,EW,EW,RDC,"Royal Dental College, Chalisery, Palakkad",BDS,EW,9,mbbs_p2_final.pdf
2025,2,6154,36601,General,NR,KDM,"P K Das Institute of Medical Sciences, Ottapalam",MBBS,NR,25,mbbs_p2_final.pdf
2025,2,6155,36626,EW,EW,MLD,"Malabar Dental College, Edappal",BDS,EW,7,mbbs_p2_final.pdf
2025,2,6156,36629,MU,NM,AZC,"Azeezia Institute of Medi Science, Meyyannoor, Kollam",MBBS,NM,13,mbbs_p2_final.pdf
2025,2,6157,36644,General,PD,TCM,"Govt. Medical College, Thrissur",MBBS,PD,1,mbbs_p2_final.pdf
2025,2,6158,36762,MU,MM,KAD,"Kannur Dental College, Anjarakandy, Kannur",BDS,MM,20,mbbs_p2_final.pdf
2025,2,6159,36770,MU,NR,AAM,"Al Azhar Medical college, Thodupuzha",MBBS,NR,27,mbbs_p2_final.pdf
2025,2,6160,36778,EW,EW,RDC,"Royal Dental College, Chalisery, Palakkad",BDS,EW,7,mbbs_p2_final.pdf
2025,2,6161,36789,MU,MM,KAD,"Kannur Dental College, Anjarakandy, Kannur",BDS,MM,32,mbbs_p2_final.pdf
2025,2,6162,36792,EZ,NR,PIM,"Palakkad Institute of Medical Sciences, Walayar",MBBS,NR,4,mbbs_p2_final.pdf
2025,2,6163,36848,MU,NR,AAM,"Al Azhar Medical college, Thodupuzha",MBBS,NR,3,mbbs_p2_final.pdf
2025,2,6164,36870,General,NR *,PMS,"PMS College of Dental Sciences, Vattappara, TVPM",BDS,NR *,1,mbbs_p2_final.pdf
2025,2,6165,36880,EW,EW,NID,"Noorul Islam College of Dental Science, Neyyattinkara",BDS,EW,21,mbbs_p2_final.pdf
2025,2,6166,36900,MU,NR *,MMH,"Malabar Medical College Hospital, Kozhikkode",MBBS,NR *,27,mbbs_p2_final.pdf
2025,2,6167,36914,MU,NR,DMM,"Dr. Moopens Medical College, Meppadi, Wayanad",MBBS,NR,29,mbbs_p2_final.pdf
2025,2,6168,36956,MU,MM,KAD,"Kannur Dental College, Anjarakandy, Kannur",BDS,MM,25,mbbs_p2_final.pdf
2025,2,6169,36990,General,NR *,AAM,"Al Azhar Medical college, Thodupuzha",MBBS,NR *,24,mbbs_p2_final.pdf
2025,2,6170,36998,EZ,EZ,AID,"Sree Anjaneya Institue of Dental Scinces, Atholi, Kozhikode",BDS,EZ,1,mbbs_p2_final.pdf
2025,2,6171,37001,General,NR,MZM,"Mount Zion Medical College, Pathanamthitta",MBBS,NR,3,mbbs_p2_final.pdf
2025,2,6172,37009,General,NR,PSD,"PSM College of Dental Sciences, Thrissur",BDS,NR,3,mbbs_p2_final.pdf
2025,2,6173,37011,General,NR,KDM,"P K Das Institute of Medical Sciences, Ottapalam",MBBS,NR,41,mbbs_p2_final.pdf
2025,2,6174,37107,EZ,EZ,SVD,"Sri Sankara Dental College, Akathumuri, Varkala",BDS,EZ,25,mbbs_p2_final.pdf
2025,2,6175,37132,General,NR *,KDM,"P K Das Institute of Medical Sciences, Ottapalam",MBBS,NR *,24,mbbs_p2_final.pdf
2025,2,6176,37157,General,NR,MBD,"Mar Baselious Dental College, Kothamangalam",BDS,NR,3,mbbs_p2_final.pdf
2025,2,6177,37194,General,PD,KTM,"Govt. Medical College, Kottayam",MBBS,PD,2,mbbs_p2_final.pdf
2025,2,6178,37235,MU,MM,KAD,"Kannur Dental College, Anjarakandy, Kannur",BDS,MM,50,mbbs_p2_final.pdf
2025,2,6179,37245,MU,NR,AAM,"Al Azhar Medical college, Thodupuzha",MBBS,NR,39,mbbs_p2_final.pdf
2025,2,6180,37287,MU,PD,KLM,"Govt. Medical College, Parippally, Kollam",MBBS,PD,1,mbbs_p2_final.pdf
2025,2,6181,37350,General,NR,DMM,"Dr. Moopens Medical College, Meppadi, Wayanad",MBBS,NR,28,mbbs_p2_final.pdf
2025,2,6182,37391,EZ,PD,MLP,"Govt. Medical College, Manjeri",MBBS,PD,1,mbbs_p2_final.pdf
2025,2,6183,37397,ST,ST,KMD,"KMCT Dental College, Mambatta, Mukkam, Kozhikode",BDS,ST,41,mbbs_p2_final.pdf
2025,2,6184,37429,General,NR *,DMM,"Dr. Moopens Medical College, Meppadi, Wayanad",MBBS,NR *,22,mbbs_p2_final.pdf
2025,2,6185,37431,MU,NR,KDM,"P K Das Institute of Medical Sciences, Ottapalam",MBBS,NR,30,mbbs_p2_final.pdf
2025,2,6186,37442,EW,EW,ADC,"Annoor Dental College, Puthuppady, Muvattupuzha",BDS,EW,50,mbbs_p2_final.pdf
2025,2,6187,37458,General,NR,DMM,"Dr. Moopens Medical College, Meppadi, Wayanad",MBBS,NR,50,mbbs_p2_final.pdf
2025,2,6188,37514,EZ,EZ,AID,"Sree Anjaneya Institue of Dental Scinces, Atholi, Kozhikode",BDS,EZ,41,mbbs_p2_final.pdf
2025,2,6189,37515,EZ,EZ,SVD,"Sri Sankara Dental College, Akathumuri, Varkala",BDS,EZ,23,mbbs_p2_final.pdf
2025,2,6190,37521,MU,NR,AAM,"Al Azhar Medical college, Thodupuzha",MBBS,NR,3,mbbs_p2_final.pdf
2025,2,6191,37526,General,NR,KDM,"P K Das Institute of Medical Sciences, Ottapalam",MBBS,NR,6,mbbs_p2_final.pdf
2025,2,6192,37564,General,NR,PMS,"PMS College of Dental Sciences, Vattappara, TVPM",BDS,NR,1,mbbs_p2_final.pdf
2025,2,6193,37596,EZ,EZ,KAD,"Kannur Dental College, Anjarakandy, Kannur",BDS,EZ,57,mbbs_p2_final.pdf
2025,2,6194,37619,General,NR,KDM,"P K Das Institute of Medical Sciences, Ottapalam",MBBS,NR,54,mbbs_p2_final.pdf
2025,2,6195,37684,MU,MM,KAD,"Kannur Dental College, Anjarakandy, Kannur",BDS,MM,20,mbbs_p2_final.pdf
2025,2,6196,37686,MU,MM,KAD,"Kannur Dental College, Anjarakandy, Kannur",BDS,MM,65,mbbs_p2_final.pdf
2025,2,6197,37708,KU,KU,SVD,"Sri Sankara Dental College, Akathumuri, Varkala",BDS,KU,52,mbbs_p2_final.pdf
2025,2,6198,37728,EZ,EZ,KAD,"Kannur Dental College, Anjarakandy, Kannur",BDS,EZ,59,mbbs_p2_final.pdf
2025,2,6199,37746,MU,PD,ALP,"T D Govt. Medical College, Alappuzha",MBBS,PD,4,mbbs_p2_final.pdf
2025,2,6200,37759,General,NR,AAM,"Al Azhar Medical college, Thodupuzha",MBBS,NR,47,mbbs_p2_final.pdf
2025,2,6201,37814,MU,MM,KAD,"Kannur Dental College, Anjarakandy, Kannur",BDS,MM,31,mbbs_p2_final.pdf
2025,2,6202,37916,General,NR,KDM,"P K Das Institute of Medical Sciences, Ottapalam",MBBS,NR,51,mbbs_p2_final.pdf
2025,2,6203,37928,LA,NR,DMM,"Dr. Moopens Medical College, Meppadi, Wayanad",MBBS,NR,60,mbbs_p2_final.pdf
2025,2,6204,37966,KU,KU,AZD,"Azeezia College of Dental Science, Meyyannoor, Kollam",BDS,KU,20,mbbs_p2_final.pdf
2025,2,6205,38014,KU,KU,EID,"Educare Institute of Dental Sciences, Malappuram",BDS,KU,41,mbbs_p2_final.pdf
2025,2,6206,38032,General,NR,AAM,"Al Azhar Medical college, Thodupuzha",MBBS,NR,28,mbbs_p2_final.pdf
2025,2,6207,38035,LA,NR,AAM,"Al Azhar Medical college, Thodupuzha",MBBS,NR,29,mbbs_p2_final.pdf
2025,2,6208,38057,ST,ST,SGD,"St. Gregorios Dental College, Chelad, Kothamangalam",BDS,ST,44,mbbs_p2_final.pdf
2025,2,6209,38084,MU,MM,KAD,"Kannur Dental College, Anjarakandy, Kannur",BDS,MM,33,mbbs_p2_final.pdf
2025,2,6210,38086,General,NR,TRD,"Travancore DentalCollege, Kollam",BDS,NR,1,mbbs_p2_final.pdf
2025,2,6211,38102,General,NR,DMM,"Dr. Moopens Medical College, Meppadi, Wayanad",MBBS,NR,2,mbbs_p2_final.pdf
2025,2,6212,38103,General,NR,SVD,"Sri Sankara Dental College, Akathumuri, Varkala",BDS,NR,1,mbbs_p2_final.pdf
2025,2,6213,38117,General,NR,MZM,"Mount Zion Medical College, Pathanamthitta",MBBS,NR,3,mbbs_p2_final.pdf
2025,2,6214,38176,General,NR,DMM,"Dr. Moopens Medical College, Meppadi, Wayanad",MBBS,NR,34,mbbs_p2_final.pdf
2025,2,6215,38183,EW,EW,SVD,"Sri Sankara Dental College, Akathumuri, Varkala",BDS,EW,7,mbbs_p2_final.pdf
2025,2,6216,38241,General,NR,KDM,"P K Das Institute of Medical Sciences, Ottapalam",MBBS,NR,32,mbbs_p2_final.pdf
2025,2,6217,38295,EW,EW,SVD,"Sri Sankara Dental College, Akathumuri, Varkala",BDS,EW,22,mbbs_p2_final.pdf
2025,2,6218,38304,General,NR,PMS,"PMS College of Dental Sciences, Vattappara, TVPM",BDS,NR,1,mbbs_p2_final.pdf
2025,2,6219,38331,General,NR *,KDM,"P K Das Institute of Medical Sciences, Ottapalam",MBBS,NR *,13,mbbs_p2_final.pdf
2025,2,6220,38373,MU,NR,KMM,"Karuna Medical College, Vilayodi, Palakkad",MBBS,NR,3,mbbs_p2_final.pdf
2025,2,6221,38396,EW,EW,AAD,"Al Azhar Dental College, Thodupuzha",BDS,EW,43,mbbs_p2_final.pdf
2025,2,6222,38465,General,NR,MZM,"Mount Zion Medical College, Pathanamthitta",MBBS,NR,21,mbbs_p2_final.pdf
2025,2,6223,38502,General,PD,ALP,"T D Govt. Medical College, Alappuzha",MBBS,PD,2,mbbs_p2_final.pdf
2025,2,6224,38602,MU,MM,KAD,"Kannur Dental College, Anjarakandy, Kannur",BDS,MM,2,mbbs_p2_final.pdf
2025,2,6225,38624,General,NR,KDM,"P K Das Institute of Medical Sciences, Ottapalam",MBBS,NR,46,mbbs_p2_final.pdf
2025,2,6226,38645,General,NR *,KMM,"Karuna Medical College, Vilayodi, Palakkad",MBBS,NR *,3,mbbs_p2_final.pdf
2025,2,6227,38652,MU,MM,KAD,"Kannur Dental College, Anjarakandy, Kannur",BDS,MM,46,mbbs_p2_final.pdf
2025,2,6228,38660,General,NR,KDM,"P K Das Institute of Medical Sciences, Ottapalam",MBBS,NR,41,mbbs_p2_final.pdf
2025,2,6229,38808,BX,NR,MZM,"Mount Zion Medical College, Pathanamthitta",MBBS,NR,37,mbbs_p2_final.pdf
2025,2,6230,38904,ST,ST,AID,"Sree Anjaneya Institue of Dental Scinces, Atholi, Kozhikode",BDS,ST,37,mbbs_p2_final.pdf
2025,2,6231,38920,BX,NR,AAM,"Al Azhar Medical college, Thodupuzha",MBBS,NR,5,mbbs_p2_final.pdf
2025,2,6232,38941,General,NR *,MBD,"Mar Baselious Dental College, Kothamangalam",BDS,NR *,30,mbbs_p2_final.pdf
2025,2,6233,38952,EZ,EZ,KAD,"Kannur Dental College, Anjarakandy, Kannur",BDS,EZ,25,mbbs_p2_final.pdf
2025,2,6234,38971,General,NR,MZM,"Mount Zion Medical College, Pathanamthitta",MBBS,NR,2,mbbs_p2_final.pdf
2025,2,6235,39025,VK,PD,ALP,"T D Govt. Medical College, Alappuzha",MBBS,PD,1,mbbs_p2_final.pdf
2025,2,6236,39084,EZ,NR,DMM,"Dr. Moopens Medical College, Meppadi, Wayanad",MBBS,NR,36,mbbs_p2_final.pdf
2025,2,6237,39155,MU,NR,DMM,"Dr. Moopens Medical College, Meppadi, Wayanad",MBBS,NR,40,mbbs_p2_final.pdf
2025,2,6238,39178,MU,NR,DMM,"Dr. Moopens Medical College, Meppadi, Wayanad",MBBS,NR,40,mbbs_p2_final.pdf
2025,2,6239,39220,EW,EW,PSD,"PSM College of Dental Sciences, Thrissur",BDS,EW,9,mbbs_p2_final.pdf
2025,2,6240,39253,EW,PD,ALP,"T D Govt. Medical College, Alappuzha",MBBS,PD,5,mbbs_p2_final.pdf
2025,2,6241,39276,ST,ST,MED,"MES Dental College, Perinthalmanna",BDS,ST,42,mbbs_p2_final.pdf
2025,2,6242,39309,MU,NR,AAM,"Al Azhar Medical college, Thodupuzha",MBBS,NR,6,mbbs_p2_final.pdf
2025,2,6243,39318,EW,EW,AZD,"Azeezia College of Dental Science, Meyyannoor, Kollam",BDS,EW,3,mbbs_p2_final.pdf
2025,2,6244,39362,General,NR,DMM,"Dr. Moopens Medical College, Meppadi, Wayanad",MBBS,NR,38,mbbs_p2_final.pdf
2025,2,6245,39400,General,NR,PMS,"PMS College of Dental Sciences, Vattappara, TVPM",BDS,NR,1,mbbs_p2_final.pdf
2025,2,6246,39421,MU,NR,RDC,"Royal Dental College, Chalisery, Palakkad",BDS,NR,11,mbbs_p2_final.pdf
2025,2,6247,39437,General,PD,ALP,"T D Govt. Medical College, Alappuzha",MBBS,PD,2,mbbs_p2_final.pdf
2025,2,6248,39447,General,NR,IGD,"Indira Gandhi Institute of Dental Sciences, Kothamangalam",BDS,NR,1,mbbs_p2_final.pdf
2025,2,6249,39496,General,NR,KMM,"Karuna Medical College, Vilayodi, Palakkad",MBBS,NR,16,mbbs_p2_final.pdf
2025,2,6250,39643,General,PD,CMC,"Govt. Medical College, Ernakulam",MBBS,PD,1,mbbs_p2_final.pdf
2025,2,6251,39660,MU,NR,AAM,"Al Azhar Medical college, Thodupuzha",MBBS,NR,41,mbbs_p2_final.pdf
2025,2,6252,39698,EW,EW,SVD,"Sri Sankara Dental College, Akathumuri, Varkala",BDS,EW,2,mbbs_p2_final.pdf
2025,2,6253,39701,MU,NR,AZD,"Azeezia College of Dental Science, Meyyannoor, Kollam",BDS,NR,1,mbbs_p2_final.pdf
2025,2,6254,39715,General,NR,MZM,"Mount Zion Medical College, Pathanamthitta",MBBS,NR,37,mbbs_p2_final.pdf
2025,2,6255,39723,General,NR,MZM,"Mount Zion Medical College, Pathanamthitta",MBBS,NR,26,mbbs_p2_final.pdf
2025,2,6256,39727,BH,PD,KNM,Government Medical College Kannur,MBBS,PD,5,mbbs_p2_final.pdf
2025,2,6257,39845,General,NR *,ADC,"Annoor Dental College, Puthuppady, Muvattupuzha",BDS,NR *,1,mbbs_p2_final.pdf
2025,2,6258,39868,General,NR,MZM,"Mount Zion Medical College, Pathanamthitta",MBBS,NR,46,mbbs_p2_final.pdf
2025,2,6259,39937,MU,NR,MZM,"Mount Zion Medical College, Pathanamthitta",MBBS,NR,2,mbbs_p2_final.pdf
2025,2,6260,39940,General,PD,ALP,"T D Govt. Medical College, Alappuzha",MBBS,PD,1,mbbs_p2_final.pdf
2025,2,6261,39977,MU,NM *,AZC,"Azeezia Institute of Medi Science, Meyyannoor, Kollam",MBBS,NM *,27,mbbs_p2_final.pdf
2025,2,6262,40029,BH,NR,AAM,"Al Azhar Medical college, Thodupuzha",MBBS,NR,13,mbbs_p2_final.pdf
2025,2,6263,40098,MU,NR,AAM,"Al Azhar Medical college, Thodupuzha",MBBS,NR,3,mbbs_p2_final.pdf
2025,2,6264,40127,MU,NR,KMM,"Karuna Medical College, Vilayodi, Palakkad",MBBS,NR,3,mbbs_p2_final.pdf
2025,2,6265,40190,ST,ST #,NID,"Noorul Islam College of Dental Science, Neyyattinkara",BDS,ST #,27,mbbs_p2_final.pdf
2025,2,6266,40280,EZ,NR,PIM,"Palakkad Institute of Medical Sciences, Walayar",MBBS,NR,4,mbbs_p2_final.pdf
2025,2,6267,40323,General,NM,AZC,"Azeezia Institute of Medi Science, Meyyannoor, Kollam",MBBS,NM,42,mbbs_p2_final.pdf
2025,2,6268,40333,EZ,NR,KMM,"Karuna Medical College, Vilayodi, Palakkad",MBBS,NR,10,mbbs_p2_final.pdf
2025,2,6269,40358,ST,ST,EID,"Educare Institute of Dental Sciences, Malappuram",BDS,ST,28,mbbs_p2_final.pdf
2025,2,6270,40373,EW,EW,AZD,"Azeezia College of Dental Science, Meyyannoor, Kollam",BDS,EW,23,mbbs_p2_final.pdf
2025,2,6271,40427,EZ,NR,MZM,"Mount Zion Medical College, Pathanamthitta",MBBS,NR,30,mbbs_p2_final.pdf
2025,2,6272,40459,EW,PD,KNM,Government Medical College Kannur,MBBS,PD,1,mbbs_p2_final.pdf
2025,2,6273,40492,EZ,NR,PMS,"PMS College of Dental Sciences, Vattappara, TVPM",BDS,NR,3,mbbs_p2_final.pdf
2025,2,6274,40510,MU,NM,AZC,"Azeezia Institute of Medi Science, Meyyannoor, Kollam",MBBS,NM,28,mbbs_p2_final.pdf
2025,2,6275,40571,EZ,NR,PMS,"PMS College of Dental Sciences, Vattappara, TVPM",BDS,NR,47,mbbs_p2_final.pdf
2025,2,6276,40611,KU,KU,NID,"Noorul Islam College of Dental Science, Neyyattinkara",BDS,KU,42,mbbs_p2_final.pdf
2025,2,6277,40633,KU,KU,AID,"Sree Anjaneya Institue of Dental Scinces, Atholi, Kozhikode",BDS,KU,40,mbbs_p2_final.pdf
2025,2,6278,40645,General,NR,AAM,"Al Azhar Medical college, Thodupuzha",MBBS,NR,37,mbbs_p2_final.pdf
2025,2,6279,40667,General,NR,KMM,"Karuna Medical College, Vilayodi, Palakkad",MBBS,NR,11,mbbs_p2_final.pdf
2025,2,6280,40686,LA,NR,AAM,"Al Azhar Medical college, Thodupuzha",MBBS,NR,34,mbbs_p2_final.pdf
2025,2,6281,40754,General,NR,KMM,"Karuna Medical College, Vilayodi, Palakkad",MBBS,NR,34,mbbs_p2_final.pdf
2025,2,6282,40764,LA,NR,MZM,"Mount Zion Medical College, Pathanamthitta",MBBS,NR,3,mbbs_p2_final.pdf
2025,2,6283,40785,General,NR,PMS,"PMS College of Dental Sciences, Vattappara, TVPM",BDS,NR,1,mbbs_p2_final.pdf
2025,2,6284,40803,MU,NM *,AZC,"Azeezia Institute of Medi Science, Meyyannoor, Kollam",MBBS,NM *,3,mbbs_p2_final.pdf
2025,2,6285,40831,ST,ST,EID,"Educare Institute of Dental Sciences, Malappuram",BDS,ST,48,mbbs_p2_final.pdf
2025,2,6286,40872,General,NR,MZM,"Mount Zion Medical College, Pathanamthitta",MBBS,NR,58,mbbs_p2_final.pdf
2025,2,6287,40883,MU,NR,TRD,"Travancore DentalCollege, Kollam",BDS,NR,43,mbbs_p2_final.pdf
2025,2,6288,40957,EZ,NR,PMS,"PMS College of Dental Sciences, Vattappara, TVPM",BDS,NR,2,mbbs_p2_final.pdf
2025,2,6289,41059,General,PD,KLM,"Govt. Medical College, Parippally, Kollam",MBBS,PD,1,mbbs_p2_final.pdf
2025,2,6290,41106,General,NR,PSD,"PSM College of Dental Sciences, Thrissur",BDS,NR,1,mbbs_p2_final.pdf
2025,2,6291,41165,General,NR,PMD,"Pushpagiri College of Dental Science, Thiruvalla",BDS,NR,2,mbbs_p2_final.pdf
2025,2,6292,41170,General,NR,KMM,"Karuna Medical College, Vilayodi, Palakkad",MBBS,NR,20,mbbs_p2_final.pdf
2025,2,6293,41171,General,NR,AAM,"Al Azhar Medical college, Thodupuzha",MBBS,NR,25,mbbs_p2_final.pdf
2025,2,6294,41217,General,NR,MZM,"Mount Zion Medical College, Pathanamthitta",MBBS,NR,23,mbbs_p2_final.pdf
2025,2,6295,41320,General,NR,AAM,"Al Azhar Medical college, Thodupuzha",MBBS,NR,41,mbbs_p2_final.pdf
2025,2,6296,41343,General,NR,AAM,"Al Azhar Medical college, Thodupuzha",MBBS,NR,49,mbbs_p2_final.pdf
2025,2,6297,41374,General,NM *,AZC,"Azeezia Institute of Medi Science, Meyyannoor, Kollam",MBBS,NM *,51,mbbs_p2_final.pdf
2025,2,6298,41385,EW,EW,MED,"MES Dental College, Perinthalmanna",BDS,EW,12,mbbs_p2_final.pdf
2025,2,6299,41392,General,NR,KMM,"Karuna Medical College, Vilayodi, Palakkad",MBBS,NR,6,mbbs_p2_final.pdf
2025,2,6300,41406,MU,NM *,AZC,"Azeezia Institute of Medi Science, Meyyannoor, Kollam",MBBS,NM *,39,mbbs_p2_final.pdf
2025,2,6301,41412,MU,NR,AAM,"Al Azhar Medical college, Thodupuzha",MBBS,NR,3,mbbs_p2_final.pdf
2025,2,6302,41418,General,NR,PMD,"Pushpagiri College of Dental Science, Thiruvalla",BDS,NR,2,mbbs_p2_final.pdf
2025,2,6303,41500,MU,NR *,AAM,"Al Azhar Medical college, Thodupuzha",MBBS,NR *,42,mbbs_p2_final.pdf
2025,2,6304,41529,MU,NR,KMM,"Karuna Medical College, Vilayodi, Palakkad",MBBS,NR,49,mbbs_p2_final.pdf
2025,2,6305,41575,MU,PD,KNM,Government Medical College Kannur,MBBS,PD,1,mbbs_p2_final.pdf
2025,2,6306,41577,General,NR,IGD,"Indira Gandhi Institute of Dental Sciences, Kothamangalam",BDS,NR,1,mbbs_p2_final.pdf
2025,2,6307,41608,General,NR,AAM,"Al Azhar Medical college, Thodupuzha",MBBS,NR,27,mbbs_p2_final.pdf
2025,2,6308,41698,MU,PD,KNM,Government Medical College Kannur,MBBS,PD,1,mbbs_p2_final.pdf
2025,2,6309,41767,General,NR,ADC,"Annoor Dental College, Puthuppady, Muvattupuzha",BDS,NR,2,mbbs_p2_final.pdf
2025,2,6310,41829,EZ,NR,AAM,"Al Azhar Medical college, Thodupuzha",MBBS,NR,20,mbbs_p2_final.pdf
2025,2,6311,41853,MU,NR,KMM,"Karuna Medical College, Vilayodi, Palakkad",MBBS,NR,32,mbbs_p2_final.pdf
2025,2,6312,41854,General,NR,KMM,"Karuna Medical College, Vilayodi, Palakkad",MBBS,NR,57,mbbs_p2_final.pdf
2025,2,6313,41933,ST,ST,AID,"Sree Anjaneya Institue of Dental Scinces, Atholi, Kozhikode",BDS,ST,39,mbbs_p2_final.pdf
2025,2,6314,41988,MU,NM,AZC,"Azeezia Institute of Medi Science, Meyyannoor, Kollam",MBBS,NM,3,mbbs_p2_final.pdf
2025,2,6315,42020,BX,NR,AAM,"Al Azhar Medical college, Thodupuzha",MBBS,NR,36,mbbs_p2_final.pdf
2025,2,6316,42162,LA,NR,AAM,"Al Azhar Medical college, Thodupuzha",MBBS,NR,41,mbbs_p2_final.pdf
2025,2,6317,42163,BH,NR,NID,"Noorul Islam College of Dental Science, Neyyattinkara",BDS,NR,3,mbbs_p2_final.pdf
2025,2,6318,42164,General,NR,MBD,"Mar Baselious Dental College, Kothamangalam",BDS,NR,2,mbbs_p2_final.pdf
2025,2,6319,42215,General,NR,IGD,"Indira Gandhi Institute of Dental Sciences, Kothamangalam",BDS,NR,1,mbbs_p2_final.pdf
2025,2,6320,42231,General,NR,AAM,"Al Azhar Medical college, Thodupuzha",MBBS,NR,35,mbbs_p2_final.pdf
2025,2,6321,42258,General,NR,IGD,"Indira Gandhi Institute of Dental Sciences, Kothamangalam",BDS,NR,6,mbbs_p2_final.pdf
2025,2,6322,42273,EW,EW,AZD,"Azeezia College of Dental Science, Meyyannoor, Kollam",BDS,EW,19,mbbs_p2_final.pdf
2025,2,6323,42306,General,NR,RDC,"Royal Dental College, Chalisery, Palakkad",BDS,NR,2,mbbs_p2_final.pdf
2025,2,6324,42359,General,NR,IGD,"Indira Gandhi Institute of Dental Sciences, Kothamangalam",BDS,NR,1,mbbs_p2_final.pdf
2025,2,6325,42368,General,NR,KMM,"Karuna Medical College, Vilayodi, Palakkad",MBBS,NR,48,mbbs_p2_final.pdf
2025,2,6326,42370,EW,EW,AAD,"Al Azhar Dental College, Thodupuzha",BDS,EW,1,mbbs_p2_final.pdf
2025,2,6327,42432,General,NR,AAM,"Al Azhar Medical college, Thodupuzha",MBBS,NR,58,mbbs_p2_final.pdf
2025,2,6328,42478,General,NR,RDC,"Royal Dental College, Chalisery, Palakkad",BDS,NR,3,mbbs_p2_final.pdf
2025,2,6329,42556,EZ,NR,AAM,"Al Azhar Medical college, Thodupuzha",MBBS,NR,38,mbbs_p2_final.pdf
2025,2,6330,42605,General,NR,AAM,"Al Azhar Medical college, Thodupuzha",MBBS,NR,8,mbbs_p2_final.pdf
2025,2,6331,42669,ST,ST,KAD,"Kannur Dental College, Anjarakandy, Kannur",BDS,ST,32,mbbs_p2_final.pdf
2025,2,6332,42761,MU,NR *,AAM,"Al Azhar Medical college, Thodupuzha",MBBS,NR *,20,mbbs_p2_final.pdf
2025,2,6333,42863,SC,CC,ALD,"Government Dental College, Alappuzha",BDS,CC,1,mbbs_p2_final.pdf
2025,2,6334,42889,BH,NR,PIM,"Palakkad Institute of Medical Sciences, Walayar",MBBS,NR,44,mbbs_p2_final.pdf
2025,2,6335,42969,MU,PD,CMC,"Govt. Medical College, Ernakulam",MBBS,PD,3,mbbs_p2_final.pdf
2025,2,6336,43008,MU,NR,PIM,"Palakkad Institute of Medical Sciences, Walayar",MBBS,NR,49,mbbs_p2_final.pdf
2025,2,6337,43026,MU,NR *,TRD,"Travancore DentalCollege, Kollam",BDS,NR *,1,mbbs_p2_final.pdf
2025,2,6338,43073,MU,NR,PIM,"Palakkad Institute of Medical Sciences, Walayar",MBBS,NR,51,mbbs_p2_final.pdf
2025,2,6339,43163,MU,NR,PIM,"Palakkad Institute of Medical Sciences, Walayar",MBBS,NR,57,mbbs_p2_final.pdf
2025,2,6340,43351,MU,PD,MLP,"Govt. Medical College, Manjeri",MBBS,PD,2,mbbs_p2_final.pdf
2025,2,6341,43397,MU,NM *,TRD,"Travancore DentalCollege, Kollam",BDS,NM *,1,mbbs_p2_final.pdf
2025,2,6342,43449,ST,ST,PSD,"PSM College of Dental Sciences, Thrissur",BDS,ST,40,mbbs_p2_final.pdf
2025,2,6343,43596,MU,NR,ADC,"Annoor Dental College, Puthuppady, Muvattupuzha",BDS,NR,52,mbbs_p2_final.pdf
2025,2,6344,43623,MU,NR *,PIM,"Palakkad Institute of Medical Sciences, Walayar",MBBS,NR *,46,mbbs_p2_final.pdf
2025,2,6345,43642,EZ,PD,MLP,"Govt. Medical College, Manjeri",MBBS,PD,1,mbbs_p2_final.pdf
2025,2,6346,43712,General,PD,PTM,"Government Medical College, Konni, Pathanamthitta",MBBS,PD,1,mbbs_p2_final.pdf
2025,2,6347,43724,MU,NR,PIM,"Palakkad Institute of Medical Sciences, Walayar",MBBS,NR,39,mbbs_p2_final.pdf
2025,2,6348,43725,MU,NR,PIM,"Palakkad Institute of Medical Sciences, Walayar",MBBS,NR,45,mbbs_p2_final.pdf
2025,2,6349,43735,BH,PD,PTM,"Government Medical College, Konni, Pathanamthitta",MBBS,PD,10,mbbs_p2_final.pdf
2025,2,6350,43789,DV,NR,PIM,"Palakkad Institute of Medical Sciences, Walayar",MBBS,NR,2,mbbs_p2_final.pdf
2025,2,6351,43800,MU,NR,PIM,"Palakkad Institute of Medical Sciences, Walayar",MBBS,NR,46,mbbs_p2_final.pdf
2025,2,6352,43821,General,PD,PTM,"Government Medical College, Konni, Pathanamthitta",MBBS,PD,11,mbbs_p2_final.pdf
2025,2,6353,43947,MU,PD,PTM,"Government Medical College, Konni, Pathanamthitta",MBBS,PD,11,mbbs_p2_final.pdf
2025,2,6354,43963,BX,NR,PIM,"Palakkad Institute of Medical Sciences, Walayar",MBBS,NR,30,mbbs_p2_final.pdf
2025,2,6355,43969,ST,ST,IGD,"Indira Gandhi Institute of Dental Sciences, Kothamangalam",BDS,ST,37,mbbs_p2_final.pdf
2025,2,6356,43987,MU,NR,AZD,"Azeezia College of Dental Science, Meyyannoor, Kollam",BDS,NR,1,mbbs_p2_final.pdf
2025,2,6357,44014,MU,NR,PMS,"PMS College of Dental Sciences, Vattappara, TVPM",BDS,NR,9,mbbs_p2_final.pdf
2025,2,6358,44137,MU,PD,WYM,"Govt. Medical College, Wayanad",MBBS,PD,1,mbbs_p2_final.pdf
2025,2,6359,44350,MU,NR,PMS,"PMS College of Dental Sciences, Vattappara, TVPM",BDS,NR,19,mbbs_p2_final.pdf
2025,2,6360,44474,MU,NR *,PIM,"Palakkad Institute of Medical Sciences, Walayar",MBBS,NR *,54,mbbs_p2_final.pdf
2025,2,6361,44673,MU,NR,PIM,"Palakkad Institute of Medical Sciences, Walayar",MBBS,NR,31,mbbs_p2_final.pdf
2025,2,6362,44704,ST,ST,AZD,"Azeezia College of Dental Science, Meyyannoor, Kollam",BDS,ST,43,mbbs_p2_final.pdf
2025,2,6363,44709,MU,PD,IDM,Government Medical College Idukki,MBBS,PD,10,mbbs_p2_final.pdf
2025,2,6364,44825,MU,NR,ADC,"Annoor Dental College, Puthuppady, Muvattupuzha",BDS,NR,3,mbbs_p2_final.pdf
