year,phase,serial_no,state_rank,candidate_category,allotted_category,college_code,college_name,course,seat_type,option_no,source_file
2025,3,1,4,General,SM,KKM,"Govt. Medical College, Kozhikkode",MBBS,SM,1,mbbs_p3_final.pdf
2025,3,2,5,General,SM,KKM,"Govt. Medical College, Kozhikkode",MBBS,SM,1,mbbs_p3_final.pdf
2025,3,3,37,MU,SM,KKM,"Govt. Medical College, Kozhikkode",MBBS,SM,1,mbbs_p3_final.pdf
2025,3,4,55,General,SM,TVM,"Govt. Medical College, Thiruvananthapuram",MBBS,SM,1,mbbs_p3_final.pdf
2025,3,5,63,MU,SM,KKM,"Govt. Medical College, Kozhikkode",MBBS,SM,1,mbbs_p3_final.pdf
2025,3,6,67,MU,SM,KKM,"Govt. Medical College, Kozhikkode",MBBS,SM,1,mbbs_p3_final.pdf
2025,3,7,70,EW,SM,KKM,"Govt. Medical College, Kozhikkode",MBBS,SM,1,mbbs_p3_final.pdf
2025,3,8,72,MU,SM,KKM,"Govt. Medical College, Kozhikkode",MBBS,SM,1,mbbs_p3_final.pdf
2025,3,9,75,General,SM,KKM,"Govt. Medical College, Kozhikkode",MBBS,SM,1,mbbs_p3_final.pdf
2025,3,10,81,MU,SM,KKM,"Govt. Medical College, Kozhikkode",MBBS,SM,1,mbbs_p3_final.pdf
2025,3,11,83,EZ,SM,KKM,"Govt. Medical College, Kozhikkode",MBBS,SM,1,mbbs_p3_final.pdf
2025,3,12,84,MU,SM,KKM,"Govt. Medical College, Kozhikkode",MBBS,SM,1,mbbs_p3_final.pdf
2025,3,13,85,EZ,SM,KKM,"Govt. Medical College, Kozhikkode",MBBS,SM,1,mbbs_p3_final.pdf
2025,3,14,86,General,SM,KKM,"Govt. Medical College, Kozhikkode",MBBS,SM,1,mbbs_p3_final.pdf
2025,3,15,87,EZ,SM,KKM,"Govt. Medical College, Kozhikkode",MBBS,SM,1,mbbs_p3_final.pdf
2025,3,16,89,MU,SM,KKM,"Govt. Medical College, Kozhikkode",MBBS,SM,1,mbbs_p3_final.pdf
2025,3,17,90,General,SM,KKM,"Govt. Medical College, Kozhikkode",MBBS,SM,1,mbbs_p3_final.pdf
2025,3,18,91,General,SM,TVM,"Govt. Medical College, Thiruvananthapuram",MBBS,SM,1,mbbs_p3_final.pdf
2025,3,19,92,MU,SM,KKM,"Govt. Medical College, Kozhikkode",MBBS,SM,1,mbbs_p3_final.pdf
2025,3,20,97,General,SM,TVM,"Govt. Medical College, Thiruvananthapuram",MBBS,SM,1,mbbs_p3_final.pdf
2025,3,21,99,General,SM,KKM,"Govt. Medical College, Kozhikkode",MBBS,SM,1,mbbs_p3_final.pdf
2025,3,22,100,General,SM,ALP,"T D Govt. Medical College, Alappuzha",MBBS,SM,1,mbbs_p3_final.pdf
2025,3,23,101,MU,SM,KKM,"Govt. Medical College, Kozhikkode",MBBS,SM,1,mbbs_p3_final.pdf
2025,3,24,104,General,SM,TVM,"Govt. Medical College, Thiruvananthapuram",MBBS,SM,1,mbbs_p3_final.pdf
2025,3,25,105,EW,SM,TVM,"Govt. Medical College, Thiruvananthapuram",MBBS,SM,1,mbbs_p3_final.pdf
2025,3,26,106,General,SM,TVM,"Govt. Medical College, Thiruvananthapuram",MBBS,SM,1,mbbs_p3_final.pdf
2025,3,27,107,MU,SM,TVM,"Govt. Medical College, Thiruvananthapuram",MBBS,SM,1,mbbs_p3_final.pdf
2025,3,28,112,MU,SM,KKM,"Govt. Medical College, Kozhikkode",MBBS,SM,1,mbbs_p3_final.pdf
2025,3,29,114,VK,SM,KKM,"Govt. Medical College, Kozhikkode",MBBS,SM,1,mbbs_p3_final.pdf
2025,3,30,115,MU,SM,KKM,"Govt. Medical College, Kozhikkode",MBBS,SM,1,mbbs_p3_final.pdf
2025,3,31,117,MU,SM,KKM,"Govt. Medical College, Kozhikkode",MBBS,SM,1,mbbs_p3_final.pdf
2025,3,32,118,General,SM,TVM,"Govt. Medical College, Thiruvananthapuram",MBBS,SM,1,mbbs_p3_final.pdf
2025,3,33,120,MU,SM,TVM,"Govt. Medical College, Thiruvananthapuram",MBBS,SM,1,mbbs_p3_final.pdf
2025,3,34,121,MU,SM,KKM,"Govt. Medical College, Kozhikkode",MBBS,SM,1,mbbs_p3_final.pdf
2025,3,35,122,EW,SM,TVM,"Govt. Medical College, Thiruvananthapuram",MBBS,SM,1,mbbs_p3_final.pdf
2025,3,36,123,General,SM,TCM,"Govt. Medical College, Thrissur",MBBS,SM,1,mbbs_p3_final.pdf
2025,3,37,124,MU,SM,KKM,"Govt. Medical College, Kozhikkode",MBBS,SM,1,mbbs_p3_final.pdf
2025,3,38,125,MU,SM,KKM,"Govt. Medical College, Kozhikkode",MBBS,SM,1,mbbs_p3_final.pdf
2025,3,39,126,EZ,SM,TCM,"Govt. Medical College, Thrissur",MBBS,SM,1,mbbs_p3_final.pdf
2025,3,40,128,MU,SM,KKM,"Govt. Medical College, Kozhikkode",MBBS,SM,1,mbbs_p3_final.pdf
2025,3,41,129,MU,SM,KKM,"Govt. Medical College, Kozhikkode",MBBS,SM,1,mbbs_p3_final.pdf
2025,3,42,130,General,SM,TVM,"Govt. Medical College, Thiruvananthapuram",MBBS,SM,1,mbbs_p3_final.pdf
2025,3,43,131,General,SM,KTM,"Govt. Medical College, Kottayam",MBBS,SM,1,mbbs_p3_final.pdf
2025,3,44,132,MU,SM,KKM,"Govt. Medical College, Kozhikkode",MBBS,SM,1,mbbs_p3_final.pdf
2025,3,45,133,EZ,SM,KKM,"Govt. Medical College, Kozhikkode",MBBS,SM,1,mbbs_p3_final.pdf
2025,3,46,134,MU,SM,KKM,"Govt. Medical College, Kozhikkode",MBBS,SM,1,mbbs_p3_final.pdf
2025,3,47,135,MU,SM,KKM,"Govt. Medical College, Kozhikkode",MBBS,SM,1,mbbs_p3_final.pdf
2025,3,48,136,EZ,SM,TVM,"Govt. Medical College, Thiruvananthapuram",MBBS,SM,1,mbbs_p3_final.pdf
2025,3,49,138,MU,SM,KKM,"Govt. Medical College, Kozhikkode",MBBS,SM,1,mbbs_p3_final.pdf
2025,3,50,139,BH,SM,KKM,"Govt. Medical College, Kozhikkode",MBBS,SM,1,mbbs_p3_final.pdf
2025,3,51,142,MU,SM,TVM,"Govt. Medical College, Thiruvananthapuram",MBBS,SM,1,mbbs_p3_final.pdf
2025,3,52,143,General,SM,KKM,"Govt. Medical College, Kozhikkode",MBBS,SM,1,mbbs_p3_final.pdf
2025,3,53,145,LA,SM,TVM,"Govt. Medical College, Thiruvananthapuram",MBBS,SM,1,mbbs_p3_final.pdf
2025,3,54,146,EZ,SM,KKM,"Govt. Medical College, Kozhikkode",MBBS,SM,1,mbbs_p3_final.pdf
2025,3,55,147,MU,SM,KKM,"Govt. Medical College, Kozhikkode",MBBS,SM,1,mbbs_p3_final.pdf
2025,3,56,148,MU,SM,KKM,"Govt. Medical College, Kozhikkode",MBBS,SM,1,mbbs_p3_final.pdf
2025,3,57,150,EZ,SM,KKM,"Govt. Medical College, Kozhikkode",MBBS,SM,1,mbbs_p3_final.pdf
2025,3,58,151,VK,SM,KKM,"Govt. Medical College, Kozhikkode",MBBS,SM,1,mbbs_p3_final.pdf
2025,3,59,152,MU,SM,KKM,"Govt. Medical College, Kozhikkode",MBBS,SM,1,mbbs_p3_final.pdf
2025,3,60,153,MU,SM,KKM,"Govt. Medical College, Kozhikkode",MBBS,SM,1,mbbs_p3_final.pdf
2025,3,61,154,MU,SM,KKM,"Govt. Medical College, Kozhikkode",MBBS,SM,1,mbbs_p3_final.pdf
2025,3,62,156,General,SM,KKM,"Govt. Medical College, Kozhikkode",MBBS,SM,1,mbbs_p3_final.pdf
2025,3,63,157,General,SM,TVM,"Govt. Medical College, Thiruvananthapuram",MBBS,SM,1,mbbs_p3_final.pdf
2025,3,64,158,MU,SM,KKM,"Govt. Medical College, Kozhikkode",MBBS,SM,1,mbbs_p3_final.pdf
2025,3,65,159,General,SM,TCM,"Govt. Medical College, Thrissur",MBBS,SM,1,mbbs_p3_final.pdf
2025,3,66,160,EZ,SM,KKM,"Govt. Medical College, Kozhikkode",MBBS,SM,1,mbbs_p3_final.pdf
2025,3,67,161,General,SM,TVM,"Govt. Medical College, Thiruvananthapuram",MBBS,SM,1,mbbs_p3_final.pdf
2025,3,68,162,VK,SM,KKM,"Govt. Medical College, Kozhikkode",MBBS,SM,1,mbbs_p3_final.pdf
2025,3,69,164,MU,SM,KKM,"Govt. Medical College, Kozhikkode",MBBS,SM,1,mbbs_p3_final.pdf
2025,3,70,165,MU,SM,KKM,"Govt. Medical College, Kozhikkode",MBBS,SM,1,mbbs_p3_final.pdf
2025,3,71,166,BX,SM,KKM,"Govt. Medical College, Kozhikkode",MBBS,SM,1,mbbs_p3_final.pdf
2025,3,72,167,EW,SM,KKM,"Govt. Medical College, Kozhikkode",MBBS,SM,1,mbbs_p3_final.pdf
2025,3,73,169,MU,SM,KKM,"Govt. Medical College, Kozhikkode",MBBS,SM,1,mbbs_p3_final.pdf
2025,3,74,170,General,SM,KTM,"Govt. Medical College, Kottayam",MBBS,SM,1,mbbs_p3_final.pdf
2025,3,75,171,MU,SM,KKM,"Govt. Medical College, Kozhikkode",MBBS,SM,1,mbbs_p3_final.pdf
2025,3,76,173,General,SM,KKM,"Govt. Medical College, Kozhikkode",MBBS,SM,1,mbbs_p3_final.pdf
2025,3,77,174,MU,SM,KTM,"Govt. Medical College, Kottayam",MBBS,SM,1,mbbs_p3_final.pdf
2025,3,78,175,General,SM,KKM,"Govt. Medical College, Kozhikkode",MBBS,SM,1,mbbs_p3_final.pdf
2025,3,79,176,EZ,SM,KKM,"Govt. Medical College, Kozhikkode",MBBS,SM,1,mbbs_p3_final.pdf
2025,3,80,177,MU,SM,KKM,"Govt. Medical College, Kozhikkode",MBBS,SM,1,mbbs_p3_final.pdf
2025,3,81,178,General,SM,KKM,"Govt. Medical College, Kozhikkode",MBBS,SM,1,mbbs_p3_final.pdf
2025,3,82,180,BH,SM,TVM,"Govt. Medical College, Thiruvananthapuram",MBBS,SM,1,mbbs_p3_final.pdf
2025,3,83,181,EZ,SM,KKM,"Govt. Medical College, Kozhikkode",MBBS,SM,1,mbbs_p3_final.pdf
2025,3,84,182,General,SM,KKM,"Govt. Medical College, Kozhikkode",MBBS,SM,1,mbbs_p3_final.pdf
2025,3,85,183,General,SM,KKM,"Govt. Medical College, Kozhikkode",MBBS,SM,1,mbbs_p3_final.pdf
2025,3,86,184,EZ,SM,KKM,"Govt. Medical College, Kozhikkode",MBBS,SM,1,mbbs_p3_final.pdf
2025,3,87,185,BH,SM,KKM,"Govt. Medical College, Kozhikkode",MBBS,SM,1,mbbs_p3_final.pdf
2025,3,88,186,MU,SM,KKM,"Govt. Medical College, Kozhikkode",MBBS,SM,1,mbbs_p3_final.pdf
2025,3,89,187,EW,SM,KKM,"Govt. Medical College, Kozhikkode",MBBS,SM,1,mbbs_p3_final.pdf
2025,3,90,188,EZ,SM,KKM,"Govt. Medical College, Kozhikkode",MBBS,SM,1,mbbs_p3_final.pdf
2025,3,91,189,MU,SM,KKM,"Govt. Medical College, Kozhikkode",MBBS,SM,1,mbbs_p3_final.pdf
2025,3,92,191,MU,SM,KKM,"Govt. Medical College, Kozhikkode",MBBS,SM,1,mbbs_p3_final.pdf
2025,3,93,192,EW,SM,TVM,"Govt. Medical College, Thiruvananthapuram",MBBS,SM,1,mbbs_p3_final.pdf
2025,3,94,193,General,SM,TVM,"Govt. Medical College, Thiruvananthapuram",MBBS,SM,1,mbbs_p3_final.pdf
2025,3,95,195,General,SM,KTM,"Govt. Medical College, Kottayam",MBBS,SM,1,mbbs_p3_final.pdf
2025,3,96,196,EW,SM,TVM,"Govt. Medical College, Thiruvananthapuram",MBBS,SM,1,mbbs_p3_final.pdf
2025,3,97,197,General,SM,KKM,"Govt. Medical College, Kozhikkode",MBBS,SM,1,mbbs_p3_final.pdf
2025,3,98,198,General,SM,KKM,"Govt. Medical College, Kozhikkode",MBBS,SM,1,mbbs_p3_final.pdf
2025,3,99,199,MU,SM,KKM,"Govt. Medical College, Kozhikkode",MBBS,SM,1,mbbs_p3_final.pdf
2025,3,100,200,General,SM,TVM,"Govt. Medical College, Thiruvananthapuram",MBBS,SM,1,mbbs_p3_final.pdf
2025,3,101,201,General,SM,KKM,"Govt. Medical College, Kozhikkode",MBBS,SM,1,mbbs_p3_final.pdf
2025,3,102,203,MU,SM,KKM,"Govt. Medical College, Kozhikkode",MBBS,SM,1,mbbs_p3_final.pdf
2025,3,103,204,MU,SM,KKM,"Govt. Medical College, Kozhikkode",MBBS,SM,1,mbbs_p3_final.pdf
2025,3,104,205,MU,SM,KKM,"Govt. Medical College, Kozhikkode",MBBS,SM,1,mbbs_p3_final.pdf
2025,3,105,206,General,SM,KKM,"Govt. Medical College, Kozhikkode",MBBS,SM,1,mbbs_p3_final.pdf
2025,3,106,207,General,SM,KKM,"Govt. Medical College, Kozhikkode",MBBS,SM,1,mbbs_p3_final.pdf
2025,3,107,208,EZ,SM,TVM,"Govt. Medical College, Thiruvananthapuram",MBBS,SM,1,mbbs_p3_final.pdf
2025,3,108,209,EZ,SM,TVM,"Govt. Medical College, Thiruvananthapuram",MBBS,SM,1,mbbs_p3_final.pdf
2025,3,109,210,General,SM,TVM,"Govt. Medical College, Thiruvananthapuram",MBBS,SM,1,mbbs_p3_final.pdf
2025,3,110,211,General,SM,KKM,"Govt. Medical College, Kozhikkode",MBBS,SM,1,mbbs_p3_final.pdf
2025,3,111,212,MU,SM,TVM,"Govt. Medical College, Thiruvananthapuram",MBBS,SM,1,mbbs_p3_final.pdf
2025,3,112,213,EZ,SM,TVM,"Govt. Medical College, Thiruvananthapuram",MBBS,SM,1,mbbs_p3_final.pdf
2025,3,113,215,EZ,SM,KKM,"Govt. Medical College, Kozhikkode",MBBS,SM,1,mbbs_p3_final.pdf
2025,3,114,216,General,SM,KKM,"Govt. Medical College, Kozhikkode",MBBS,SM,1,mbbs_p3_final.pdf
2025,3,115,218,MU,SM,KKM,"Govt. Medical College, Kozhikkode",MBBS,SM,1,mbbs_p3_final.pdf
2025,3,116,219,MU,SM,KKM,"Govt. Medical College, Kozhikkode",MBBS,SM,1,mbbs_p3_final.pdf
2025,3,117,220,MU,SM,KKM,"Govt. Medical College, Kozhikkode",MBBS,SM,1,mbbs_p3_final.pdf
2025,3,118,221,MU,SM,KKM,"Govt. Medical College, Kozhikkode",MBBS,SM,1,mbbs_p3_final.pdf
2025,3,119,222,General,SM,KKM,"Govt. Medical College, Kozhikkode",MBBS,SM,1,mbbs_p3_final.pdf
2025,3,120,223,General,SM,TVM,"Govt. Medical College, Thiruvananthapuram",MBBS,SM,1,mbbs_p3_final.pdf
2025,3,121,224,LA,SM,TVM,"Govt. Medical College, Thiruvananthapuram",MBBS,SM,1,mbbs_p3_final.pdf
2025,3,122,225,EZ,SM,TVM,"Govt. Medical College, Thiruvananthapuram",MBBS,SM,1,mbbs_p3_final.pdf
2025,3,123,226,EZ,SM,KKM,"Govt. Medical College, Kozhikkode",MBBS,SM,1,mbbs_p3_final.pdf
2025,3,124,227,MU,SM,KKM,"Govt. Medical College, Kozhikkode",MBBS,SM,1,mbbs_p3_final.pdf
2025,3,125,228,General,SM,KKM,"Govt. Medical College, Kozhikkode",MBBS,SM,1,mbbs_p3_final.pdf
2025,3,126,229,General,SM,KKM,"Govt. Medical College, Kozhikkode",MBBS,SM,1,mbbs_p3_final.pdf
2025,3,127,230,General,SM,KKM,"Govt. Medical College, Kozhikkode",MBBS,SM,1,mbbs_p3_final.pdf
2025,3,128,231,MU,SM,KKM,"Govt. Medical College, Kozhikkode",MBBS,SM,1,mbbs_p3_final.pdf
2025,3,129,232,EZ,SM,KKM,"Govt. Medical College, Kozhikkode",MBBS,SM,1,mbbs_p3_final.pdf
2025,3,130,233,MU,SM,KKM,"Govt. Medical College, Kozhikkode",MBBS,SM,1,mbbs_p3_final.pdf
2025,3,131,234,EZ,SM,KKM,"Govt. Medical College, Kozhikkode",MBBS,SM,1,mbbs_p3_final.pdf
2025,3,132,235,General,SM,TVM,"Govt. Medical College, Thiruvananthapuram",MBBS,SM,1,mbbs_p3_final.pdf
2025,3,133,236,General,SM,TVM,"Govt. Medical College, Thiruvananthapuram",MBBS,SM,2,mbbs_p3_final.pdf
2025,3,134,238,General,SM,KTM,"Govt. Medical College, Kottayam",MBBS,SM,1,mbbs_p3_final.pdf
2025,3,135,239,MU,SM-MU,KKM,"Govt. Medical College, Kozhikkode",MBBS,SM-MU,1,mbbs_p3_final.pdf
2025,3,136,240,MU,SM,TVM,"Govt. Medical College, Thiruvananthapuram",MBBS,SM,1,mbbs_p3_final.pdf
2025,3,137,241,General,SM,KTM,"Govt. Medical College, Kottayam",MBBS,SM,1,mbbs_p3_final.pdf
2025,3,138,242,BH,SM-BH,KKM,"Govt. Medical College, Kozhikkode",MBBS,SM-BH,1,mbbs_p3_final.pdf
2025,3,139,243,MU,SM-MU,KKM,"Govt. Medical College, Kozhikkode",MBBS,SM-MU,1,mbbs_p3_final.pdf
2025,3,140,244,General,SM,TVM,"Govt. Medical College, Thiruvananthapuram",MBBS,SM,1,mbbs_p3_final.pdf
2025,3,141,246,MU,SM-MU,KKM,"Govt. Medical College, Kozhikkode",MBBS,SM-MU,1,mbbs_p3_final.pdf
2025,3,142,247,MU,SM-MU,KKM,"Govt. Medical College, Kozhikkode",MBBS,SM-MU,1,mbbs_p3_final.pdf
2025,3,143,248,General,SM,TCM,"Govt. Medical College, Thrissur",MBBS,SM,1,mbbs_p3_final.pdf
2025,3,144,249,MU,SM-MU,KKM,"Govt. Medical College, Kozhikkode",MBBS,SM-MU,1,mbbs_p3_final.pdf
2025,3,145,250,MU,SM,TVM,"Govt. Medical College, Thiruvananthapuram",MBBS,SM,1,mbbs_p3_final.pdf
2025,3,146,251,General,SM,TVM,"Govt. Medical College, Thiruvananthapuram",MBBS,SM,1,mbbs_p3_final.pdf
2025,3,147,252,MU,SM-MU,KKM,"Govt. Medical College, Kozhikkode",MBBS,SM-MU,1,mbbs_p3_final.pdf
2025,3,148,253,EZ,SM,TVM,"Govt. Medical College, Thiruvananthapuram",MBBS,SM,1,mbbs_p3_final.pdf
2025,3,149,254,MU,SM-MU,KKM,"Govt. Medical College, Kozhikkode",MBBS,SM-MU,1,mbbs_p3_final.pdf
2025,3,150,255,MU,SM-MU,KKM,"Govt. Medical College, Kozhikkode",MBBS,SM-MU,1,mbbs_p3_final.pdf
2025,3,151,256,MU,SM,TVM,"Govt. Medical College, Thiruvananthapuram",MBBS,SM,1,mbbs_p3_final.pdf
2025,3,152,257,General,SM,TCM,"Govt. Medical College, Thrissur",MBBS,SM,1,mbbs_p3_final.pdf
2025,3,153,258,EZ,SM-EZ,KKM,"Govt. Medical College, Kozhikkode",MBBS,SM-EZ,1,mbbs_p3_final.pdf
2025,3,154,259,MU,SM-MU,KKM,"Govt. Medical College, Kozhikkode",MBBS,SM-MU,1,mbbs_p3_final.pdf
2025,3,155,260,MU,SM-MU,KKM,"Govt. Medical College, Kozhikkode",MBBS,SM-MU,1,mbbs_p3_final.pdf
2025,3,156,261,MU,SM-MU,KKM,"Govt. Medical College, Kozhikkode",MBBS,SM-MU,1,mbbs_p3_final.pdf
2025,3,157,262,EZ,SM-EZ,KKM,"Govt. Medical College, Kozhikkode",MBBS,SM-EZ,1,mbbs_p3_final.pdf
2025,3,158,263,MU,SM-MU,KKM,"Govt. Medical College, Kozhikkode",MBBS,SM-MU,1,mbbs_p3_final.pdf
2025,3,159,264,General,SM,TVM,"Govt. Medical College, Thiruvananthapuram",MBBS,SM,2,mbbs_p3_final.pdf
2025,3,160,265,EZ,SM,TVM,"Govt. Medical College, Thiruvananthapuram",MBBS,SM,1,mbbs_p3_final.pdf
2025,3,161,266,General,SM,TVM,"Govt. Medical College, Thiruvananthapuram",MBBS,SM,1,mbbs_p3_final.pdf
2025,3,162,267,EZ,SM,TVM,"Govt. Medical College, Thiruvananthapuram",MBBS,SM,1,mbbs_p3_final.pdf
2025,3,163,268,MU,SM-MU,KKM,"Govt. Medical College, Kozhikkode",MBBS,SM-MU,1,mbbs_p3_final.pdf
2025,3,164,269,General,SM,TVM,"Govt. Medical College, Thiruvananthapuram",MBBS,SM,1,mbbs_p3_final.pdf
2025,3,165,270,MU,SM,TVM,"Govt. Medical College, Thiruvananthapuram",MBBS,SM,1,mbbs_p3_final.pdf
2025,3,166,271,EZ,SM-EZ,KKM,"Govt. Medical College, Kozhikkode",MBBS,SM-EZ,1,mbbs_p3_final.pdf
2025,3,167,272,EW,SM-EW,KKM,"Govt. Medical College, Kozhikkode",MBBS,SM-EW,1,mbbs_p3_final.pdf
2025,3,168,273,BX,SM,TVM,"Govt. Medical College, Thiruvananthapuram",MBBS,SM,1,mbbs_p3_final.pdf
2025,3,169,274,General,SM,TVM,"Govt. Medical College, Thiruvananthapuram",MBBS,SM,1,mbbs_p3_final.pdf
2025,3,170,275,MU,SM,TVM,"Govt. Medical College, Thiruvananthapuram",MBBS,SM,1,mbbs_p3_final.pdf
2025,3,171,276,MU,SM-MU,KKM,"Govt. Medical College, Kozhikkode",MBBS,SM-MU,1,mbbs_p3_final.pdf
2025,3,172,277,General,SM,TCM,"Govt. Medical College, Thrissur",MBBS,SM,1,mbbs_p3_final.pdf
2025,3,173,278,General,SM,TVM,"Govt. Medical College, Thiruvananthapuram",MBBS,SM,1,mbbs_p3_final.pdf
2025,3,174,279,EW,SM,TVM,"Govt. Medical College, Thiruvananthapuram",MBBS,SM,1,mbbs_p3_final.pdf
2025,3,175,280,MU,SM-MU,KKM,"Govt. Medical College, Kozhikkode",MBBS,SM-MU,1,mbbs_p3_final.pdf
2025,3,176,281,MU,SM,TCM,"Govt. Medical College, Thrissur",MBBS,SM,2,mbbs_p3_final.pdf
2025,3,177,282,General,SM,TVM,"Govt. Medical College, Thiruvananthapuram",MBBS,SM,1,mbbs_p3_final.pdf
2025,3,178,283,EW,SM-EW,KKM,"Govt. Medical College, Kozhikkode",MBBS,SM-EW,1,mbbs_p3_final.pdf
2025,3,179,284,MU,SM,TCM,"Govt. Medical College, Thrissur",MBBS,SM,2,mbbs_p3_final.pdf
2025,3,180,286,General,SM,TVM,"Govt. Medical College, Thiruvananthapuram",MBBS,SM,2,mbbs_p3_final.pdf
2025,3,181,288,VK,SM,TVM,"Govt. Medical College, Thiruvananthapuram",MBBS,SM,1,mbbs_p3_final.pdf
2025,3,182,289,MU,SM,TVM,"Govt. Medical College, Thiruvananthapuram",MBBS,SM,2,mbbs_p3_final.pdf
2025,3,183,290,EZ,SM-EZ,KKM,"Govt. Medical College, Kozhikkode",MBBS,SM-EZ,1,mbbs_p3_final.pdf
2025,3,184,291,VK,SM-VK,KKM,"Govt. Medical College, Kozhikkode",MBBS,SM-VK,1,mbbs_p3_final.pdf
2025,3,185,293,MU,SM,TVM,"Govt. Medical College, Thiruvananthapuram",MBBS,SM,1,mbbs_p3_final.pdf
2025,3,186,294,MU,SM,TVM,"Govt. Medical College, Thiruvananthapuram",MBBS,SM,2,mbbs_p3_final.pdf
2025,3,187,295,General,SM,TCM,"Govt. Medical College, Thrissur",MBBS,SM,2,mbbs_p3_final.pdf
2025,3,188,296,General,SM,TVM,"Govt. Medical College, Thiruvananthapuram",MBBS,SM,1,mbbs_p3_final.pdf
2025,3,189,297,MU,SM,TVM,"Govt. Medical College, Thiruvananthapuram",MBBS,SM,1,mbbs_p3_final.pdf
2025,3,190,299,General,SM,KTM,"Govt. Medical College, Kottayam",MBBS,SM,1,mbbs_p3_final.pdf
2025,3,191,300,EZ,SM,TVM,"Govt. Medical College, Thiruvananthapuram",MBBS,SM,1,mbbs_p3_final.pdf
2025,3,192,301,MU,SM,TVM,"Govt. Medical College, Thiruvananthapuram",MBBS,SM,2,mbbs_p3_final.pdf
2025,3,193,302,General,SM,TCM,"Govt. Medical College, Thrissur",MBBS,SM,1,mbbs_p3_final.pdf
2025,3,194,303,EW,SM,TVM,"Govt. Medical College, Thiruvananthapuram",MBBS,SM,1,mbbs_p3_final.pdf
2025,3,195,305,MU,SM,TVM,"Govt. Medical College, Thiruvananthapuram",MBBS,SM,2,mbbs_p3_final.pdf
2025,3,196,306,MU,SM,TVM,"Govt. Medical College, Thiruvananthapuram",MBBS,SM,2,mbbs_p3_final.pdf
2025,3,197,307,MU,SM,TVM,"Govt. Medical College, Thiruvananthapuram",MBBS,SM,2,mbbs_p3_final.pdf
2025,3,198,309,EZ,SM,TVM,"Govt. Medical College, Thiruvananthapuram",MBBS,SM,1,mbbs_p3_final.pdf
2025,3,199,310,EZ,SM,TVM,"Govt. Medical College, Thiruvananthapuram",MBBS,SM,1,mbbs_p3_final.pdf
2025,3,200,311,MU,SM,TVM,"Govt. Medical College, Thiruvananthapuram",MBBS,SM,2,mbbs_p3_final.pdf
2025,3,201,312,MU,SM,TVM,"Govt. Medical College, Thiruvananthapuram",MBBS,SM,1,mbbs_p3_final.pdf
2025,3,202,313,MU,SM,TVM,"Govt. Medical College, Thiruvananthapuram",MBBS,SM,2,mbbs_p3_final.pdf
2025,3,203,314,MU,SM,TVM,"Govt. Medical College, Thiruvananthapuram",MBBS,SM,1,mbbs_p3_final.pdf
2025,3,204,315,EZ,SM,TVM,"Govt. Medical College, Thiruvananthapuram",MBBS,SM,1,mbbs_p3_final.pdf
2025,3,205,316,MU,SM,TVM,"Govt. Medical College, Thiruvananthapuram",MBBS,SM,1,mbbs_p3_final.pdf
2025,3,206,318,EZ,SM,TVM,"Govt. Medical College, Thiruvananthapuram",MBBS,SM,1,mbbs_p3_final.pdf
2025,3,207,319,MU,SM,TVM,"Govt. Medical College, Thiruvananthapuram",MBBS,SM,2,mbbs_p3_final.pdf
2025,3,208,320,General,SM,TCM,"Govt. Medical College, Thrissur",MBBS,SM,1,mbbs_p3_final.pdf
2025,3,209,321,MU,SM,TCM,"Govt. Medical College, Thrissur",MBBS,SM,1,mbbs_p3_final.pdf
2025,3,210,323,EW,SM,KTM,"Govt. Medical College, Kottayam",MBBS,SM,1,mbbs_p3_final.pdf
2025,3,211,324,MU,SM,TVM,"Govt. Medical College, Thiruvananthapuram",MBBS,SM,1,mbbs_p3_final.pdf
2025,3,212,325,General,SM,KTM,"Govt. Medical College, Kottayam",MBBS,SM,1,mbbs_p3_final.pdf
2025,3,213,326,MU,SM,TVM,"Govt. Medical College, Thiruvananthapuram",MBBS,SM,2,mbbs_p3_final.pdf
2025,3,214,327,EZ,SM-EZ,KKM,"Govt. Medical College, Kozhikkode",MBBS,SM-EZ,1,mbbs_p3_final.pdf
2025,3,215,328,EW,SM-EW,KKM,"Govt. Medical College, Kozhikkode",MBBS,SM-EW,1,mbbs_p3_final.pdf
2025,3,216,329,MU,SM,TCM,"Govt. Medical College, Thrissur",MBBS,SM,2,mbbs_p3_final.pdf
2025,3,217,330,MU,SM,TVM,"Govt. Medical College, Thiruvananthapuram",MBBS,SM,1,mbbs_p3_final.pdf
2025,3,218,331,MU,SM,TVM,"Govt. Medical College, Thiruvananthapuram",MBBS,SM,2,mbbs_p3_final.pdf
2025,3,219,332,General,SM,KTM,"Govt. Medical College, Kottayam",MBBS,SM,1,mbbs_p3_final.pdf
2025,3,220,333,MU,SM,TCM,"Govt. Medical College, Thrissur",MBBS,SM,2,mbbs_p3_final.pdf
2025,3,221,334,General,SM,TCM,"Govt. Medical College, Thrissur",MBBS,SM,1,mbbs_p3_final.pdf
2025,3,222,335,EZ,SM-EZ,KKM,"Govt. Medical College, Kozhikkode",MBBS,SM-EZ,1,mbbs_p3_final.pdf
2025,3,223,336,MU,SM,TVM,"Govt. Medical College, Thiruvananthapuram",MBBS,SM,2,mbbs_p3_final.pdf
2025,3,224,337,MU,SM,TCM,"Govt. Medical College, Thrissur",MBBS,SM,2,mbbs_p3_final.pdf
2025,3,225,338,General,SM,TVM,"Govt. Medical College, Thiruvananthapuram",MBBS,SM,1,mbbs_p3_final.pdf
2025,3,226,339,EZ,SM-EZ,KKM,"Govt. Medical College, Kozhikkode",MBBS,SM-EZ,1,mbbs_p3_final.pdf
2025,3,227,340,General,SM,KTM,"Govt. Medical College, Kottayam",MBBS,SM,1,mbbs_p3_final.pdf
2025,3,228,341,MU,SM,TVM,"Govt. Medical College, Thiruvananthapuram",MBBS,SM,1,mbbs_p3_final.pdf
2025,3,229,342,MU,SM,TCM,"Govt. Medical College, Thrissur",MBBS,SM,1,mbbs_p3_final.pdf
2025,3,230,343,MU,SM,TVM,"Govt. Medical College, Thiruvananthapuram",MBBS,SM,2,mbbs_p3_final.pdf
2025,3,231,344,EZ,SM-EZ,KKM,"Govt. Medical College, Kozhikkode",MBBS,SM-EZ,1,mbbs_p3_final.pdf
2025,3,232,345,MU,SM,TVM,"Govt. Medical College, Thiruvananthapuram",MBBS,SM,2,mbbs_p3_final.pdf
2025,3,233,346,EZ,SM-EZ,KKM,"Govt. Medical College, Kozhikkode",MBBS,SM-EZ,1,mbbs_p3_final.pdf
2025,3,234,347,MU,SM,TVM,"Govt. Medical College, Thiruvananthapuram",MBBS,SM,2,mbbs_p3_final.pdf
2025,3,235,348,General,SM,TVM,"Govt. Medical College, Thiruvananthapuram",MBBS,SM,1,mbbs_p3_final.pdf
2025,3,236,349,MU,SM,TVM,"Govt. Medical College, Thiruvananthapuram",MBBS,SM,2,mbbs_p3_final.pdf
2025,3,237,350,MU,SM,TVM,"Govt. Medical College, Thiruvananthapuram",MBBS,SM,2,mbbs_p3_final.pdf
2025,3,238,351,MU,SM,TCM,"Govt. Medical College, Thrissur",MBBS,SM,2,mbbs_p3_final.pdf
2025,3,239,352,General,SM,TVM,"Govt. Medical College, Thiruvananthapuram",MBBS,SM,1,mbbs_p3_final.pdf
2025,3,240,353,MU,SM,TVM,"Govt. Medical College, Thiruvananthapuram",MBBS,SM,2,mbbs_p3_final.pdf
2025,3,241,354,General,SM,TVM,"Govt. Medical College, Thiruvananthapuram",MBBS,SM,1,mbbs_p3_final.pdf
2025,3,242,356,General,SM,TVM,"Govt. Medical College, Thiruvananthapuram",MBBS,SM,1,mbbs_p3_final.pdf
2025,3,243,357,General,SM,TVM,"Govt. Medical College, Thiruvananthapuram",MBBS,SM,1,mbbs_p3_final.pdf
2025,3,244,358,MU,SM,TCM,"Govt. Medical College, Thrissur",MBBS,SM,2,mbbs_p3_final.pdf
2025,3,245,359,LA,SM-LA,KKM,"Govt. Medical College, Kozhikkode",MBBS,SM-LA,1,mbbs_p3_final.pdf
2025,3,246,361,MU,SM,TVM,"Govt. Medical College, Thiruvananthapuram",MBBS,SM,2,mbbs_p3_final.pdf
2025,3,247,362,General,XS,KKM,"Govt. Medical College, Kozhikkode",MBBS,XS,1,mbbs_p3_final.pdf
2025,3,248,363,EZ,SM-EZ,KKM,"Govt. Medical College, Kozhikkode",MBBS,SM-EZ,1,mbbs_p3_final.pdf
2025,3,249,364,MU,SM,TCM,"Govt. Medical College, Thrissur",MBBS,SM,1,mbbs_p3_final.pdf
2025,3,250,365,General,SM,TVM,"Govt. Medical College, Thiruvananthapuram",MBBS,SM,1,mbbs_p3_final.pdf
2025,3,251,366,EZ,SM,ALP,"T D Govt. Medical College, Alappuzha",MBBS,SM,1,mbbs_p3_final.pdf
2025,3,252,367,General,SM,TVM,"Govt. Medical College, Thiruvananthapuram",MBBS,SM,1,mbbs_p3_final.pdf
2025,3,253,369,MU,SM,TVM,"Govt. Medical College, Thiruvananthapuram",MBBS,SM,2,mbbs_p3_final.pdf
2025,3,254,370,MU,SM,TVM,"Govt. Medical College, Thiruvananthapuram",MBBS,SM,2,mbbs_p3_final.pdf
2025,3,255,371,EZ,SM-EZ,KKM,"Govt. Medical College, Kozhikkode",MBBS,SM-EZ,1,mbbs_p3_final.pdf
2025,3,256,372,General,SM,KTM,"Govt. Medical College, Kottayam",MBBS,SM,1,mbbs_p3_final.pdf
2025,3,257,373,MU,SM-MU,TVM,"Govt. Medical College, Thiruvananthapuram",MBBS,SM-MU,2,mbbs_p3_final.pdf
2025,3,258,374,MU,SM-MU,TVM,"Govt. Medical College, Thiruvananthapuram",MBBS,SM-MU,1,mbbs_p3_final.pdf
2025,3,259,375,General,SM,KTM,"Govt. Medical College, Kottayam",MBBS,SM,1,mbbs_p3_final.pdf
2025,3,260,377,MU,SM,KNM,Government Medical College Kannur,MBBS,SM,2,mbbs_p3_final.pdf
2025,3,261,378,General,SM,KTM,"Govt. Medical College, Kottayam",MBBS,SM,2,mbbs_p3_final.pdf
2025,3,262,379,MU,SM,TCM,"Govt. Medical College, Thrissur",MBBS,SM,1,mbbs_p3_final.pdf
2025,3,263,380,MU,SM-MU,TVM,"Govt. Medical College, Thiruvananthapuram",MBBS,SM-MU,2,mbbs_p3_final.pdf
2025,3,264,381,MU,SM,TCM,"Govt. Medical College, Thrissur",MBBS,SM,1,mbbs_p3_final.pdf
2025,3,265,382,EZ,SM-EZ,TVM,"Govt. Medical College, Thiruvananthapuram",MBBS,SM-EZ,1,mbbs_p3_final.pdf
2025,3,266,383,General,SM,TCM,"Govt. Medical College, Thrissur",MBBS,SM,1,mbbs_p3_final.pdf
2025,3,267,384,MU,SM,TCM,"Govt. Medical College, Thrissur",MBBS,SM,2,mbbs_p3_final.pdf
2025,3,268,385,MU,SM-MU,TVM,"Govt. Medical College, Thiruvananthapuram",MBBS,SM-MU,2,mbbs_p3_final.pdf
2025,3,269,386,MU,SM,TCM,"Govt. Medical College, Thrissur",MBBS,SM,2,mbbs_p3_final.pdf
2025,3,270,387,EZ,SM-EZ,TVM,"Govt. Medical College, Thiruvananthapuram",MBBS,SM-EZ,1,mbbs_p3_final.pdf
2025,3,271,388,MU,SM-MU,TVM,"Govt. Medical College, Thiruvananthapuram",MBBS,SM-MU,1,mbbs_p3_final.pdf
2025,3,272,389,MU,SM,TCM,"Govt. Medical College, Thrissur",MBBS,SM,2,mbbs_p3_final.pdf
2025,3,273,390,MU,SM,TCM,"Govt. Medical College, Thrissur",MBBS,SM,1,mbbs_p3_final.pdf
2025,3,274,391,EW,SM-EW,TVM,"Govt. Medical College, Thiruvananthapuram",MBBS,SM-EW,1,mbbs_p3_final.pdf
2025,3,275,392,EZ,SM-EZ,KKM,"Govt. Medical College, Kozhikkode",MBBS,SM-EZ,1,mbbs_p3_final.pdf
2025,3,276,393,MU,SM,TCM,"Govt. Medical College, Thrissur",MBBS,SM,2,mbbs_p3_final.pdf
2025,3,277,394,General,SM,KTM,"Govt. Medical College, Kottayam",MBBS,SM,1,mbbs_p3_final.pdf
2025,3,278,395,MU,SM-MU,TVM,"Govt. Medical College, Thiruvananthapuram",MBBS,SM-MU,2,mbbs_p3_final.pdf
2025,3,279,396,General,SM,KTM,"Govt. Medical College, Kottayam",MBBS,SM,2,mbbs_p3_final.pdf
2025,3,280,397,MU,SM-MU,TVM,"Govt. Medical College, Thiruvananthapuram",MBBS,SM-MU,2,mbbs_p3_final.pdf
2025,3,281,398,MU,SM-MU,TVM,"Govt. Medical College, Thiruvananthapuram",MBBS,SM-MU,1,mbbs_p3_final.pdf
2025,3,282,399,MU,SM,MLP,"Govt. Medical College, Manjeri",MBBS,SM,1,mbbs_p3_final.pdf
2025,3,283,400,MU,SM-MU,TVM,"Govt. Medical College, Thiruvananthapuram",MBBS,SM-MU,1,mbbs_p3_final.pdf
2025,3,284,401,LA,SM-LA,TVM,"Govt. Medical College, Thiruvananthapuram",MBBS,SM-LA,1,mbbs_p3_final.pdf
2025,3,285,402,EZ,SM-EZ,KKM,"Govt. Medical College, Kozhikkode",MBBS,SM-EZ,1,mbbs_p3_final.pdf
2025,3,286,403,General,SM,TCM,"Govt. Medical College, Thrissur",MBBS,SM,1,mbbs_p3_final.pdf
2025,3,287,404,MU,SM-MU,TVM,"Govt. Medical College, Thiruvananthapuram",MBBS,SM-MU,2,mbbs_p3_final.pdf
2025,3,288,406,General,SM,KTM,"Govt. Medical College, Kottayam",MBBS,SM,1,mbbs_p3_final.pdf
2025,3,289,407,BH,SM-BH,KKM,"Govt. Medical College, Kozhikkode",MBBS,SM-BH,1,mbbs_p3_final.pdf
2025,3,290,408,General,SM,KTM,"Govt. Medical College, Kottayam",MBBS,SM,1,mbbs_p3_final.pdf
2025,3,291,409,BH,SM-BH,TVM,"Govt. Medical College, Thiruvananthapuram",MBBS,SM-BH,1,mbbs_p3_final.pdf
2025,3,292,411,MU,SM-MU,TVM,"Govt. Medical College, Thiruvananthapuram",MBBS,SM-MU,1,mbbs_p3_final.pdf
2025,3,293,412,BH,SM-BH,KKM,"Govt. Medical College, Kozhikkode",MBBS,SM-BH,1,mbbs_p3_final.pdf
2025,3,294,413,General,SM,KTM,"Govt. Medical College, Kottayam",MBBS,SM,2,mbbs_p3_final.pdf
2025,3,295,414,MU,SM-MU,TVM,"Govt. Medical College, Thiruvananthapuram",MBBS,SM-MU,2,mbbs_p3_final.pdf
2025,3,296,415,SC,SM-SC,KKM,"Govt. Medical College, Kozhikkode",MBBS,SM-SC,1,mbbs_p3_final.pdf
2025,3,297,416,EZ,SM-EZ,KKM,"Govt. Medical College, Kozhikkode",MBBS,SM-EZ,1,mbbs_p3_final.pdf
2025,3,298,417,General,SM,ALP,"T D Govt. Medical College, Alappuzha",MBBS,SM,2,mbbs_p3_final.pdf
2025,3,299,419,EZ,SM-EZ,KKM,"Govt. Medical College, Kozhikkode",MBBS,SM-EZ,1,mbbs_p3_final.pdf
2025,3,300,421,EZ,SM,KTM,"Govt. Medical College, Kottayam",MBBS,SM,1,mbbs_p3_final.pdf
2025,3,301,422,EZ,SM-EZ,KKM,"Govt. Medical College, Kozhikkode",MBBS,SM-EZ,1,mbbs_p3_final.pdf
2025,3,302,424,General,SM,KTM,"Govt. Medical College, Kottayam",MBBS,SM,1,mbbs_p3_final.pdf
2025,3,303,427,MU,SM,MLP,"Govt. Medical College, Manjeri",MBBS,SM,1,mbbs_p3_final.pdf
2025,3,304,428,MU,SM,TCM,"Govt. Medical College, Thrissur",MBBS,SM,2,mbbs_p3_final.pdf
2025,3,305,429,EW,SM-EW,TVM,"Govt. Medical College, Thiruvananthapuram",MBBS,SM-EW,1,mbbs_p3_final.pdf
2025,3,306,430,General,SM,KTM,"Govt. Medical College, Kottayam",MBBS,SM,3,mbbs_p3_final.pdf
2025,3,307,431,MU,SM-MU,TVM,"Govt. Medical College, Thiruvananthapuram",MBBS,SM-MU,1,mbbs_p3_final.pdf
2025,3,308,432,EW,SM-EW,KKM,"Govt. Medical College, Kozhikkode",MBBS,SM-EW,1,mbbs_p3_final.pdf
2025,3,309,433,General,SM,KTM,"Govt. Medical College, Kottayam",MBBS,SM,1,mbbs_p3_final.pdf
2025,3,310,435,General,SM,KTM,"Govt. Medical College, Kottayam",MBBS,SM,1,mbbs_p3_final.pdf
2025,3,311,436,General,SM,TCM,"Govt. Medical College, Thrissur",MBBS,SM,1,mbbs_p3_final.pdf
2025,3,312,437,MU,SM,TCM,"Govt. Medical College, Thrissur",MBBS,SM,1,mbbs_p3_final.pdf
2025,3,313,438,General,SD,KKM,"Govt. Medical College, Kozhikkode",MBBS,SD,1,mbbs_p3_final.pdf
2025,3,314,439,General,SM,KTM,"Govt. Medical College, Kottayam",MBBS,SM,1,mbbs_p3_final.pdf
2025,3,315,440,General,SM,KTM,"Govt. Medical College, Kottayam",MBBS,SM,3,mbbs_p3_final.pdf
2025,3,316,441,General,XS,TVM,"Govt. Medical College, Thiruvananthapuram",MBBS,XS,2,mbbs_p3_final.pdf
2025,3,317,442,General,SM,KTM,"Govt. Medical College, Kottayam",MBBS,SM,2,mbbs_p3_final.pdf
2025,3,318,443,LA,SM-LA,TVM,"Govt. Medical College, Thiruvananthapuram",MBBS,SM-LA,1,mbbs_p3_final.pdf
2025,3,319,444,General,SM,KTM,"Govt. Medical College, Kottayam",MBBS,SM,1,mbbs_p3_final.pdf
2025,3,320,447,EZ,SM-EZ,TVM,"Govt. Medical College, Thiruvananthapuram",MBBS,SM-EZ,1,mbbs_p3_final.pdf
2025,3,321,448,MU,SM,TCM,"Govt. Medical College, Thrissur",MBBS,SM,2,mbbs_p3_final.pdf
2025,3,322,449,MU,SM-MU,TVM,"Govt. Medical College, Thiruvananthapuram",MBBS,SM-MU,1,mbbs_p3_final.pdf
2025,3,323,450,MU,SM-MU,TVM,"Govt. Medical College, Thiruvananthapuram",MBBS,SM-MU,2,mbbs_p3_final.pdf
2025,3,324,451,General,SM,KTM,"Govt. Medical College, Kottayam",MBBS,SM,1,mbbs_p3_final.pdf
2025,3,325,453,General,SM,KTM,"Govt. Medical College, Kottayam",MBBS,SM,1,mbbs_p3_final.pdf
2025,3,326,454,BH,SM,TCM,"Govt. Medical College, Thrissur",MBBS,SM,1,mbbs_p3_final.pdf
2025,3,327,455,MU,SM,TCM,"Govt. Medical College, Thrissur",MBBS,SM,1,mbbs_p3_final.pdf
2025,3,328,456,General,SM,KTM,"Govt. Medical College, Kottayam",MBBS,SM,1,mbbs_p3_final.pdf
2025,3,329,457,MU,SM,TCM,"Govt. Medical College, Thrissur",MBBS,SM,1,mbbs_p3_final.pdf
2025,3,330,458,BX,SM-BX,TVM,"Govt. Medical College, Thiruvananthapuram",MBBS,SM-BX,1,mbbs_p3_final.pdf
2025,3,331,461,EZ,SM,ALP,"T D Govt. Medical College, Alappuzha",MBBS,SM,1,mbbs_p3_final.pdf
2025,3,332,462,EW,SM-EW,KKM,"Govt. Medical College, Kozhikkode",MBBS,SM-EW,1,mbbs_p3_final.pdf
2025,3,333,463,EZ,SM-EZ,TVM,"Govt. Medical College, Thiruvananthapuram",MBBS,SM-EZ,1,mbbs_p3_final.pdf
2025,3,334,464,General,SM,KTM,"Govt. Medical College, Kottayam",MBBS,SM,1,mbbs_p3_final.pdf
2025,3,335,465,MU,SM,KTM,"Govt. Medical College, Kottayam",MBBS,SM,1,mbbs_p3_final.pdf
2025,3,336,467,MU,SM,KTM,"Govt. Medical College, Kottayam",MBBS,SM,3,mbbs_p3_final.pdf
2025,3,337,468,General,SM,KTM,"Govt. Medical College, Kottayam",MBBS,SM,1,mbbs_p3_final.pdf
2025,3,338,469,MU,SM,TCM,"Govt. Medical College, Thrissur",MBBS,SM,2,mbbs_p3_final.pdf
2025,3,339,470,General,SM,TCM,"Govt. Medical College, Thrissur",MBBS,SM,2,mbbs_p3_final.pdf
2025,3,340,471,EZ,SM,TCM,"Govt. Medical College, Thrissur",MBBS,SM,1,mbbs_p3_final.pdf
2025,3,341,472,General,SM,KTM,"Govt. Medical College, Kottayam",MBBS,SM,1,mbbs_p3_final.pdf
2025,3,342,473,MU,SM,KTM,"Govt. Medical College, Kottayam",MBBS,SM,2,mbbs_p3_final.pdf
2025,3,343,474,EZ,SM-EZ,TVM,"Govt. Medical College, Thiruvananthapuram",MBBS,SM-EZ,1,mbbs_p3_final.pdf
2025,3,344,475,EZ,SM-EZ,KKM,"Govt. Medical College, Kozhikkode",MBBS,SM-EZ,1,mbbs_p3_final.pdf
2025,3,345,476,BH,SM-BH,TVM,"Govt. Medical College, Thiruvananthapuram",MBBS,SM-BH,1,mbbs_p3_final.pdf
2025,3,346,477,BH,SM-BH,TVM,"Govt. Medical College, Thiruvananthapuram",MBBS,SM-BH,1,mbbs_p3_final.pdf
2025,3,347,478,MU,SM,TCM,"Govt. Medical College, Thrissur",MBBS,SM,2,mbbs_p3_final.pdf
2025,3,348,479,MU,SM,TCM,"Govt. Medical College, Thrissur",MBBS,SM,1,mbbs_p3_final.pdf
2025,3,349,480,MU,SM,KTM,"Govt. Medical College, Kottayam",MBBS,SM,2,mbbs_p3_final.pdf
2025,3,350,481,MU,SM,TCM,"Govt. Medical College, Thrissur",MBBS,SM,1,mbbs_p3_final.pdf
2025,3,351,482,MU,SM,TCM,"Govt. Medical College, Thrissur",MBBS,SM,2,mbbs_p3_final.pdf
2025,3,352,483,MU,SM,TCM,"Govt. Medical College, Thrissur",MBBS,SM,1,mbbs_p3_final.pdf
2025,3,353,484,MU,SM,KTM,"Govt. Medical College, Kottayam",MBBS,SM,1,mbbs_p3_final.pdf
2025,3,354,485,MU,SM,TCM,"Govt. Medical College, Thrissur",MBBS,SM,3,mbbs_p3_final.pdf
2025,3,355,486,EZ,SM-EZ,TVM,"Govt. Medical College, Thiruvananthapuram",MBBS,SM-EZ,1,mbbs_p3_final.pdf
2025,3,356,487,MU,SM,TCM,"Govt. Medical College, Thrissur",MBBS,SM,1,mbbs_p3_final.pdf
2025,3,357,488,MU,SM,TCM,"Govt. Medical College, Thrissur",MBBS,SM,3,mbbs_p3_final.pdf
2025,3,358,489,EZ,SM,TCM,"Govt. Medical College, Thrissur",MBBS,SM,2,mbbs_p3_final.pdf
2025,3,359,490,MU,SM,KTM,"Govt. Medical College, Kottayam",MBBS,SM,2,mbbs_p3_final.pdf
2025,3,360,491,EW,SM-EW,KKM,"Govt. Medical College, Kozhikkode",MBBS,SM-EW,1,mbbs_p3_final.pdf
2025,3,361,492,MU,SM,TCM,"Govt. Medical College, Thrissur",MBBS,SM,1,mbbs_p3_final.pdf
2025,3,362,493,VK,SM-VK,KKM,"Govt. Medical College, Kozhikkode",MBBS,SM-VK,1,mbbs_p3_final.pdf
2025,3,363,494,General,SM,KTM,"Govt. Medical College, Kottayam",MBBS,SM,2,mbbs_p3_final.pdf
2025,3,364,495,EW,SM-EW,KKM,"Govt. Medical College, Kozhikkode",MBBS,SM-EW,1,mbbs_p3_final.pdf
2025,3,365,496,MU,SM,TCM,"Govt. Medical College, Thrissur",MBBS,SM,3,mbbs_p3_final.pdf
2025,3,366,498,MU,SM,TCM,"Govt. Medical College, Thrissur",MBBS,SM,1,mbbs_p3_final.pdf
2025,3,367,500,General,SM,KTM,"Govt. Medical College, Kottayam",MBBS,SM,1,mbbs_p3_final.pdf
2025,3,368,501,MU,SM,CMC,"Govt. Medical College, Ernakulam",MBBS,SM,1,mbbs_p3_final.pdf
2025,3,369,502,BX,SM-BX,TVM,"Govt. Medical College, Thiruvananthapuram",MBBS,SM-BX,1,mbbs_p3_final.pdf
2025,3,370,504,BH,SM-BH,KKM,"Govt. Medical College, Kozhikkode",MBBS,SM-BH,1,mbbs_p3_final.pdf
2025,3,371,505,LA,SM-LA,TVM,"Govt. Medical College, Thiruvananthapuram",MBBS,SM-LA,1,mbbs_p3_final.pdf
2025,3,372,507,MU,SM,TCM,"Govt. Medical College, Thrissur",MBBS,SM,3,mbbs_p3_final.pdf
2025,3,373,508,EZ,SM-EZ,TVM,"Govt. Medical College, Thiruvananthapuram",MBBS,SM-EZ,1,mbbs_p3_final.pdf
2025,3,374,510,MU,SM,TCM,"Govt. Medical College, Thrissur",MBBS,SM,1,mbbs_p3_final.pdf
2025,3,375,511,BH,SM-BH,KKM,"Govt. Medical College, Kozhikkode",MBBS,SM-BH,1,mbbs_p3_final.pdf
2025,3,376,512,EZ,SM,TCM,"Govt. Medical College, Thrissur",MBBS,SM,1,mbbs_p3_final.pdf
2025,3,377,513,General,SM,KTM,"Govt. Medical College, Kottayam",MBBS,SM,1,mbbs_p3_final.pdf
2025,3,378,514,MU,SM,KTM,"Govt. Medical College, Kottayam",MBBS,SM,1,mbbs_p3_final.pdf
2025,3,379,515,EZ,SM-EZ,TVM,"Govt. Medical College, Thiruvananthapuram",MBBS,SM-EZ,2,mbbs_p3_final.pdf
2025,3,380,517,MU,SM,TCM,"Govt. Medical College, Thrissur",MBBS,SM,1,mbbs_p3_final.pdf
2025,3,381,520,General,SM,KTM,"Govt. Medical College, Kottayam",MBBS,SM,1,mbbs_p3_final.pdf
2025,3,382,522,General,SM,KTM,"Govt. Medical College, Kottayam",MBBS,SM,1,mbbs_p3_final.pdf
2025,3,383,523,General,SM,TCM,"Govt. Medical College, Thrissur",MBBS,SM,1,mbbs_p3_final.pdf
2025,3,384,524,General,SM,KTM,"Govt. Medical College, Kottayam",MBBS,SM,1,mbbs_p3_final.pdf
2025,3,385,526,EW,SM-EW,KKM,"Govt. Medical College, Kozhikkode",MBBS,SM-EW,1,mbbs_p3_final.pdf
2025,3,386,527,MU,SM,KTM,"Govt. Medical College, Kottayam",MBBS,SM,1,mbbs_p3_final.pdf
2025,3,387,528,MU,SM,TCM,"Govt. Medical College, Thrissur",MBBS,SM,2,mbbs_p3_final.pdf
2025,3,388,529,BH,SM-BH,KKM,"Govt. Medical College, Kozhikkode",MBBS,SM-BH,1,mbbs_p3_final.pdf
2025,3,389,530,MU,SM,KTM,"Govt. Medical College, Kottayam",MBBS,SM,1,mbbs_p3_final.pdf
2025,3,390,532,MU,SM,TCM,"Govt. Medical College, Thrissur",MBBS,SM,2,mbbs_p3_final.pdf
2025,3,391,533,MU,SM,MLP,"Govt. Medical College, Manjeri",MBBS,SM,1,mbbs_p3_final.pdf
2025,3,392,534,VK,SM-VK,KKM,"Govt. Medical College, Kozhikkode",MBBS,SM-VK,1,mbbs_p3_final.pdf
2025,3,393,535,MU,SM,TCM,"Govt. Medical College, Thrissur",MBBS,SM,3,mbbs_p3_final.pdf
2025,3,394,538,MU,SM,TCM,"Govt. Medical College, Thrissur",MBBS,SM,2,mbbs_p3_final.pdf
2025,3,395,539,EZ,SM-EZ,TVM,"Govt. Medical College, Thiruvananthapuram",MBBS,SM-EZ,2,mbbs_p3_final.pdf
2025,3,396,540,MU,SM,TCM,"Govt. Medical College, Thrissur",MBBS,SM,1,mbbs_p3_final.pdf
2025,3,397,541,EZ,SM,TCM,"Govt. Medical College, Thrissur",MBBS,SM,1,mbbs_p3_final.pdf
2025,3,398,542,General,SM,KTM,"Govt. Medical College, Kottayam",MBBS,SM,1,mbbs_p3_final.pdf
2025,3,399,544,MU,SM,TCM,"Govt. Medical College, Thrissur",MBBS,SM,1,mbbs_p3_final.pdf
2025,3,400,545,General,SM,KTM,"Govt. Medical College, Kottayam",MBBS,SM,1,mbbs_p3_final.pdf
2025,3,401,546,General,SM,KTM,"Govt. Medical College, Kottayam",MBBS,SM,1,mbbs_p3_final.pdf
2025,3,402,547,BH,SM-BH,TVM,"Govt. Medical College, Thiruvananthapuram",MBBS,SM-BH,1,mbbs_p3_final.pdf
2025,3,403,548,MU,SM,TCM,"Govt. Medical College, Thrissur",MBBS,SM,1,mbbs_p3_final.pdf
2025,3,404,549,MU,SM,TCM,"Govt. Medical College, Thrissur",MBBS,SM,1,mbbs_p3_final.pdf
2025,3,405,550,EZ,SM-EZ,TVM,"Govt. Medical College, Thiruvananthapuram",MBBS,SM-EZ,1,mbbs_p3_final.pdf
2025,3,406,551,KN,SM-KN,KKM,"Govt. Medical College, Kozhikkode",MBBS,SM-KN,1,mbbs_p3_final.pdf
2025,3,407,552,EZ,SM-EZ,TVM,"Govt. Medical College, Thiruvananthapuram",MBBS,SM-EZ,1,mbbs_p3_final.pdf
2025,3,408,553,MU,SM,TCM,"Govt. Medical College, Thrissur",MBBS,SM,2,mbbs_p3_final.pdf
2025,3,409,554,General,SM,KTM,"Govt. Medical College, Kottayam",MBBS,SM,2,mbbs_p3_final.pdf
2025,3,410,555,EZ,SM-EZ,TVM,"Govt. Medical College, Thiruvananthapuram",MBBS,SM-EZ,2,mbbs_p3_final.pdf
2025,3,411,556,General,SM,KTM,"Govt. Medical College, Kottayam",MBBS,SM,3,mbbs_p3_final.pdf
2025,3,412,557,EZ,SM,KTM,"Govt. Medical College, Kottayam",MBBS,SM,1,mbbs_p3_final.pdf
2025,3,413,558,MU,SM-MU,TCM,"Govt. Medical College, Thrissur",MBBS,SM-MU,1,mbbs_p3_final.pdf
2025,3,414,559,General,SM,KLM,"Govt. Medical College, Parippally, Kollam",MBBS,SM,2,mbbs_p3_final.pdf
2025,3,415,560,MU,SM,MLP,"Govt. Medical College, Manjeri",MBBS,SM,2,mbbs_p3_final.pdf
2025,3,416,561,EZ,SM-EZ,TCM,"Govt. Medical College, Thrissur",MBBS,SM-EZ,1,mbbs_p3_final.pdf
2025,3,417,562,General,SM,KTM,"Govt. Medical College, Kottayam",MBBS,SM,2,mbbs_p3_final.pdf
2025,3,418,565,General,SM,KTM,"Govt. Medical College, Kottayam",MBBS,SM,1,mbbs_p3_final.pdf
2025,3,419,566,General,SM,KTM,"Govt. Medical College, Kottayam",MBBS,SM,1,mbbs_p3_final.pdf
2025,3,420,567,MU,SM-MU,TCM,"Govt. Medical College, Thrissur",MBBS,SM-MU,1,mbbs_p3_final.pdf
2025,3,421,568,EZ,SM-EZ,TVM,"Govt. Medical College, Thiruvananthapuram",MBBS,SM-EZ,1,mbbs_p3_final.pdf
2025,3,422,569,EW,SM-EW,KKM,"Govt. Medical College, Kozhikkode",MBBS,SM-EW,1,mbbs_p3_final.pdf
2025,3,423,570,General,SM,KTM,"Govt. Medical College, Kottayam",MBBS,SM,2,mbbs_p3_final.pdf
2025,3,424,571,MU,SM-MU,TCM,"Govt. Medical College, Thrissur",MBBS,SM-MU,3,mbbs_p3_final.pdf
2025,3,425,573,LA,SM,KTM,"Govt. Medical College, Kottayam",MBBS,SM,1,mbbs_p3_final.pdf
2025,3,426,574,EZ,SM-EZ,TVM,"Govt. Medical College, Thiruvananthapuram",MBBS,SM-EZ,2,mbbs_p3_final.pdf
2025,3,427,576,MU,SM,KTM,"Govt. Medical College, Kottayam",MBBS,SM,3,mbbs_p3_final.pdf
2025,3,428,577,MU,SM-MU,TCM,"Govt. Medical College, Thrissur",MBBS,SM-MU,2,mbbs_p3_final.pdf
2025,3,429,578,MU,SM-MU,TCM,"Govt. Medical College, Thrissur",MBBS,SM-MU,2,mbbs_p3_final.pdf
2025,3,430,579,MU,SM-MU,TCM,"Govt. Medical College, Thrissur",MBBS,SM-MU,2,mbbs_p3_final.pdf
2025,3,431,580,MU,SM,KTM,"Govt. Medical College, Kottayam",MBBS,SM,1,mbbs_p3_final.pdf
2025,3,432,581,EZ,SM,KTM,"Govt. Medical College, Kottayam",MBBS,SM,1,mbbs_p3_final.pdf
2025,3,433,582,MU,SM-MU,TCM,"Govt. Medical College, Thrissur",MBBS,SM-MU,2,mbbs_p3_final.pdf
2025,3,434,583,VK,SM-VK,KKM,"Govt. Medical College, Kozhikkode",MBBS,SM-VK,1,mbbs_p3_final.pdf
2025,3,435,584,MU,SM-MU,TCM,"Govt. Medical College, Thrissur",MBBS,SM-MU,1,mbbs_p3_final.pdf
2025,3,436,585,General,SM,KTM,"Govt. Medical College, Kottayam",MBBS,SM,1,mbbs_p3_final.pdf
2025,3,437,586,MU,SM-MU,TCM,"Govt. Medical College, Thrissur",MBBS,SM-MU,2,mbbs_p3_final.pdf
2025,3,438,587,MU,SM,MLP,"Govt. Medical College, Manjeri",MBBS,SM,1,mbbs_p3_final.pdf
2025,3,439,589,BH,SM-BH,TVM,"Govt. Medical College, Thiruvananthapuram",MBBS,SM-BH,1,mbbs_p3_final.pdf
2025,3,440,590,EW,SM-EW,TVM,"Govt. Medical College, Thiruvananthapuram",MBBS,SM-EW,1,mbbs_p3_final.pdf
2025,3,441,591,VK,SM-VK,TVM,"Govt. Medical College, Thiruvananthapuram",MBBS,SM-VK,1,mbbs_p3_final.pdf
2025,3,442,592,General,SM,ALP,"T D Govt. Medical College, Alappuzha",MBBS,SM,1,mbbs_p3_final.pdf
2025,3,443,593,General,SM,KTM,"Govt. Medical College, Kottayam",MBBS,SM,1,mbbs_p3_final.pdf
2025,3,444,594,MU,SM,KTM,"Govt. Medical College, Kottayam",MBBS,SM,1,mbbs_p3_final.pdf
2025,3,445,595,MU,SM-MU,TCM,"Govt. Medical College, Thrissur",MBBS,SM-MU,3,mbbs_p3_final.pdf
2025,3,446,596,EZ,SM-EZ,KTM,"Govt. Medical College, Kottayam",MBBS,SM-EZ,1,mbbs_p3_final.pdf
2025,3,447,597,EZ,SM,ALP,"T D Govt. Medical College, Alappuzha",MBBS,SM,1,mbbs_p3_final.pdf
2025,3,448,600,EZ,SM-EZ,TVM,"Govt. Medical College, Thiruvananthapuram",MBBS,SM-EZ,1,mbbs_p3_final.pdf
2025,3,449,601,EW,SM-EW,KKM,"Govt. Medical College, Kozhikkode",MBBS,SM-EW,1,mbbs_p3_final.pdf
2025,3,450,602,General,SM,ALP,"T D Govt. Medical College, Alappuzha",MBBS,SM,1,mbbs_p3_final.pdf
2025,3,451,603,MU,SM-MU,TCM,"Govt. Medical College, Thrissur",MBBS,SM-MU,3,mbbs_p3_final.pdf
2025,3,452,604,General,XS,KTM,"Govt. Medical College, Kottayam",MBBS,XS,1,mbbs_p3_final.pdf
2025,3,453,605,EZ,SM-EZ,TCM,"Govt. Medical College, Thrissur",MBBS,SM-EZ,1,mbbs_p3_final.pdf
2025,3,454,606,MU,SM,MLP,"Govt. Medical College, Manjeri",MBBS,SM,1,mbbs_p3_final.pdf
2025,3,455,607,EZ,SM-EZ,TVM,"Govt. Medical College, Thiruvananthapuram",MBBS,SM-EZ,1,mbbs_p3_final.pdf
2025,3,456,609,EZ,SM-EZ,KTM,"Govt. Medical College, Kottayam",MBBS,SM-EZ,1,mbbs_p3_final.pdf
2025,3,457,610,MU,SM-MU,KTM,"Govt. Medical College, Kottayam",MBBS,SM-MU,1,mbbs_p3_final.pdf
2025,3,458,611,EZ,SM-EZ,TVM,"Govt. Medical College, Thiruvananthapuram",MBBS,SM-EZ,1,mbbs_p3_final.pdf
2025,3,459,613,MU,SM,MLP,"Govt. Medical College, Manjeri",MBBS,SM,4,mbbs_p3_final.pdf
2025,3,460,615,MU,SM-MU,KTM,"Govt. Medical College, Kottayam",MBBS,SM-MU,1,mbbs_p3_final.pdf
2025,3,461,616,MU,SM-MU,KTM,"Govt. Medical College, Kottayam",MBBS,SM-MU,1,mbbs_p3_final.pdf
2025,3,462,617,VK,SM-VK,TVM,"Govt. Medical College, Thiruvananthapuram",MBBS,SM-VK,2,mbbs_p3_final.pdf
2025,3,463,620,EZ,SM-EZ,KTM,"Govt. Medical College, Kottayam",MBBS,SM-EZ,3,mbbs_p3_final.pdf
2025,3,464,621,MU,SM,MLP,"Govt. Medical College, Manjeri",MBBS,SM,1,mbbs_p3_final.pdf
2025,3,465,622,EZ,SM-EZ,KTM,"Govt. Medical College, Kottayam",MBBS,SM-EZ,2,mbbs_p3_final.pdf
2025,3,466,624,MU,SM-MU,KTM,"Govt. Medical College, Kottayam",MBBS,SM-MU,1,mbbs_p3_final.pdf
2025,3,467,628,EW,SM-EW,KTM,"Govt. Medical College, Kottayam",MBBS,SM-EW,1,mbbs_p3_final.pdf
2025,3,468,629,MU,SM,MLP,"Govt. Medical College, Manjeri",MBBS,SM,1,mbbs_p3_final.pdf
2025,3,469,630,General,SM,ALP,"T D Govt. Medical College, Alappuzha",MBBS,SM,2,mbbs_p3_final.pdf
2025,3,470,631,MU,SM-MU,KTM,"Govt. Medical College, Kottayam",MBBS,SM-MU,1,mbbs_p3_final.pdf
2025,3,471,632,MU,SM-MU,KTM,"Govt. Medical College, Kottayam",MBBS,SM-MU,3,mbbs_p3_final.pdf
2025,3,472,634,General,SM,KNM,Government Medical College Kannur,MBBS,SM,3,mbbs_p3_final.pdf
2025,3,473,635,MU,SM-MU,KTM,"Govt. Medical College, Kottayam",MBBS,SM-MU,1,mbbs_p3_final.pdf
2025,3,474,636,EZ,SM-EZ,TCM,"Govt. Medical College, Thrissur",MBBS,SM-EZ,2,mbbs_p3_final.pdf
2025,3,475,638,General,SM,ALP,"T D Govt. Medical College, Alappuzha",MBBS,SM,3,mbbs_p3_final.pdf
2025,3,476,640,MU,SM-MU,KTM,"Govt. Medical College, Kottayam",MBBS,SM-MU,3,mbbs_p3_final.pdf
2025,3,477,642,LA,SM-LA,TVM,"Govt. Medical College, Thiruvananthapuram",MBBS,SM-LA,1,mbbs_p3_final.pdf
2025,3,478,643,EZ,SM-EZ,KTM,"Govt. Medical College, Kottayam",MBBS,SM-EZ,2,mbbs_p3_final.pdf
2025,3,479,644,MU,SM-MU,KTM,"Govt. Medical College, Kottayam",MBBS,SM-MU,1,mbbs_p3_final.pdf
2025,3,480,645,MU,SM-MU,KTM,"Govt. Medical College, Kottayam",MBBS,SM-MU,3,mbbs_p3_final.pdf
2025,3,481,647,EZ,SM-EZ,TCM,"Govt. Medical College, Thrissur",MBBS,SM-EZ,1,mbbs_p3_final.pdf
2025,3,482,649,EW,SM-EW,TVM,"Govt. Medical College, Thiruvananthapuram",MBBS,SM-EW,1,mbbs_p3_final.pdf
2025,3,483,650,MU,SM,MLP,"Govt. Medical College, Manjeri",MBBS,SM,1,mbbs_p3_final.pdf
2025,3,484,651,General,SM,MLP,"Govt. Medical College, Manjeri",MBBS,SM,3,mbbs_p3_final.pdf
2025,3,485,652,General,SM,CMC,"Govt. Medical College, Ernakulam",MBBS,SM,1,mbbs_p3_final.pdf
2025,3,486,653,EZ,SM-EZ,KTM,"Govt. Medical College, Kottayam",MBBS,SM-EZ,3,mbbs_p3_final.pdf
2025,3,487,658,General,SM,ALP,"T D Govt. Medical College, Alappuzha",MBBS,SM,3,mbbs_p3_final.pdf
2025,3,488,659,General,SM,ALP,"T D Govt. Medical College, Alappuzha",MBBS,SM,5,mbbs_p3_final.pdf
2025,3,489,660,EZ,SM,ALP,"T D Govt. Medical College, Alappuzha",MBBS,SM,1,mbbs_p3_final.pdf
2025,3,490,661,VK,SM-VK,TVM,"Govt. Medical College, Thiruvananthapuram",MBBS,SM-VK,1,mbbs_p3_final.pdf
2025,3,491,662,EZ,SM-EZ,KTM,"Govt. Medical College, Kottayam",MBBS,SM-EZ,1,mbbs_p3_final.pdf
2025,3,492,663,EZ,SM-EZ,TCM,"Govt. Medical College, Thrissur",MBBS,SM-EZ,1,mbbs_p3_final.pdf
2025,3,493,664,MU,SM,MLP,"Govt. Medical College, Manjeri",MBBS,SM,1,mbbs_p3_final.pdf
2025,3,494,666,MU,SM,MLP,"Govt. Medical College, Manjeri",MBBS,SM,1,mbbs_p3_final.pdf
2025,3,495,667,General,SM,ALP,"T D Govt. Medical College, Alappuzha",MBBS,SM,1,mbbs_p3_final.pdf
2025,3,496,668,MU,SM,ALP,"T D Govt. Medical College, Alappuzha",MBBS,SM,2,mbbs_p3_final.pdf
2025,3,497,670,General,SM,ALP,"T D Govt. Medical College, Alappuzha",MBBS,SM,1,mbbs_p3_final.pdf
2025,3,498,672,LA,SM-LA,KKM,"Govt. Medical College, Kozhikkode",MBBS,SM-LA,1,mbbs_p3_final.pdf
2025,3,499,673,MU,SM-MU,KTM,"Govt. Medical College, Kottayam",MBBS,SM-MU,4,mbbs_p3_final.pdf
2025,3,500,674,MU,SM,MLP,"Govt. Medical College, Manjeri",MBBS,SM,1,mbbs_p3_final.pdf
2025,3,501,676,MU,SM,MLP,"Govt. Medical College, Manjeri",MBBS,SM,1,mbbs_p3_final.pdf
2025,3,502,677,EZ,SM-EZ,KTM,"Govt. Medical College, Kottayam",MBBS,SM-EZ,1,mbbs_p3_final.pdf
2025,3,503,678,General,SM,ALP,"T D Govt. Medical College, Alappuzha",MBBS,SM,4,mbbs_p3_final.pdf
2025,3,504,679,EZ,SM-EZ,TCM,"Govt. Medical College, Thrissur",MBBS,SM-EZ,1,mbbs_p3_final.pdf
2025,3,505,680,General,SM,KNM,Government Medical College Kannur,MBBS,SM,1,mbbs_p3_final.pdf
2025,3,506,681,MU,SM,ALP,"T D Govt. Medical College, Alappuzha",MBBS,SM,5,mbbs_p3_final.pdf
2025,3,507,682,MU,SM,ALP,"T D Govt. Medical College, Alappuzha",MBBS,SM,2,mbbs_p3_final.pdf
2025,3,508,683,MU,SM,MLP,"Govt. Medical College, Manjeri",MBBS,SM,1,mbbs_p3_final.pdf
2025,3,509,684,General,SM,ALP,"T D Govt. Medical College, Alappuzha",MBBS,SM,2,mbbs_p3_final.pdf
2025,3,510,685,MU,SM,ALP,"T D Govt. Medical College, Alappuzha",MBBS,SM,5,mbbs_p3_final.pdf
2025,3,511,686,MU,SM,MLP,"Govt. Medical College, Manjeri",MBBS,SM,1,mbbs_p3_final.pdf
2025,3,512,687,General,SM,ALP,"T D Govt. Medical College, Alappuzha",MBBS,SM,3,mbbs_p3_final.pdf
2025,3,513,688,MU,SM,ALP,"T D Govt. Medical College, Alappuzha",MBBS,SM,1,mbbs_p3_final.pdf
2025,3,514,689,General,SM,ALP,"T D Govt. Medical College, Alappuzha",MBBS,SM,1,mbbs_p3_final.pdf
2025,3,515,690,BH,SM-BH,TVM,"Govt. Medical College, Thiruvananthapuram",MBBS,SM-BH,1,mbbs_p3_final.pdf
2025,3,516,691,MU,SM,KNM,Government Medical College Kannur,MBBS,SM,3,mbbs_p3_final.pdf
2025,3,517,693,MU,SM,MLP,"Govt. Medical College, Manjeri",MBBS,SM,2,mbbs_p3_final.pdf
2025,3,518,694,MU,SM,MLP,"Govt. Medical College, Manjeri",MBBS,SM,1,mbbs_p3_final.pdf
2025,3,519,696,General,SM,CMC,"Govt. Medical College, Ernakulam",MBBS,SM,5,mbbs_p3_final.pdf
2025,3,520,697,General,SM,ALP,"T D Govt. Medical College, Alappuzha",MBBS,SM,2,mbbs_p3_final.pdf
2025,3,521,699,MU,SM,ALP,"T D Govt. Medical College, Alappuzha",MBBS,SM,5,mbbs_p3_final.pdf
2025,3,522,700,MU,SM,MLP,"Govt. Medical College, Manjeri",MBBS,SM,1,mbbs_p3_final.pdf
2025,3,523,701,MU,SM,MLP,"Govt. Medical College, Manjeri",MBBS,SM,2,mbbs_p3_final.pdf
2025,3,524,702,MU,SM,ALP,"T D Govt. Medical College, Alappuzha",MBBS,SM,3,mbbs_p3_final.pdf
2025,3,525,703,EZ,SM-EZ,TCM,"Govt. Medical College, Thrissur",MBBS,SM-EZ,1,mbbs_p3_final.pdf
2025,3,526,704,MU,SM,MLP,"Govt. Medical College, Manjeri",MBBS,SM,3,mbbs_p3_final.pdf
2025,3,527,706,EW,SM-EW,KKM,"Govt. Medical College, Kozhikkode",MBBS,SM-EW,1,mbbs_p3_final.pdf
2025,3,528,707,MU,SM,MLP,"Govt. Medical College, Manjeri",MBBS,SM,5,mbbs_p3_final.pdf
2025,3,529,709,General,XS,TCM,"Govt. Medical College, Thrissur",MBBS,XS,2,mbbs_p3_final.pdf
2025,3,530,710,EW,SM-EW,KKM,"Govt. Medical College, Kozhikkode",MBBS,SM-EW,1,mbbs_p3_final.pdf
2025,3,531,712,EZ,SM-EZ,KTM,"Govt. Medical College, Kottayam",MBBS,SM-EZ,1,mbbs_p3_final.pdf
2025,3,532,716,MU,SM,MLP,"Govt. Medical College, Manjeri",MBBS,SM,1,mbbs_p3_final.pdf
2025,3,533,718,MU,SM,CMC,"Govt. Medical College, Ernakulam",MBBS,SM,1,mbbs_p3_final.pdf
2025,3,534,719,MU,SM,KNM,Government Medical College Kannur,MBBS,SM,1,mbbs_p3_final.pdf
2025,3,535,720,EZ,SM-EZ,KTM,"Govt. Medical College, Kottayam",MBBS,SM-EZ,1,mbbs_p3_final.pdf
2025,3,536,721,General,SM,ALP,"T D Govt. Medical College, Alappuzha",MBBS,SM,5,mbbs_p3_final.pdf
2025,3,537,722,EZ,SM-EZ,TCM,"Govt. Medical College, Thrissur",MBBS,SM-EZ,2,mbbs_p3_final.pdf
2025,3,538,724,General,SM,ALP,"T D Govt. Medical College, Alappuzha",MBBS,SM,5,mbbs_p3_final.pdf
2025,3,539,725,MU,SM,MLP,"Govt. Medical College, Manjeri",MBBS,SM,2,mbbs_p3_final.pdf
2025,3,540,726,MU,SM,MLP,"Govt. Medical College, Manjeri",MBBS,SM,1,mbbs_p3_final.pdf
2025,3,541,727,General,SM,ALP,"T D Govt. Medical College, Alappuzha",MBBS,SM,2,mbbs_p3_final.pdf
2025,3,542,730,MU,SM,MLP,"Govt. Medical College, Manjeri",MBBS,SM,1,mbbs_p3_final.pdf
2025,3,543,731,General,SM,ALP,"T D Govt. Medical College, Alappuzha",MBBS,SM,1,mbbs_p3_final.pdf
2025,3,544,732,BH,SM-BH,TCM,"Govt. Medical College, Thrissur",MBBS,SM-BH,2,mbbs_p3_final.pdf
2025,3,545,733,EZ,SM-EZ,KTM,"Govt. Medical College, Kottayam",MBBS,SM-EZ,2,mbbs_p3_final.pdf
2025,3,546,734,MU,SM,MLP,"Govt. Medical College, Manjeri",MBBS,SM,3,mbbs_p3_final.pdf
2025,3,547,735,General,SM,ALP,"T D Govt. Medical College, Alappuzha",MBBS,SM,2,mbbs_p3_final.pdf
2025,3,548,736,General,SM,ALP,"T D Govt. Medical College, Alappuzha",MBBS,SM,1,mbbs_p3_final.pdf
2025,3,549,737,General,SM,ALP,"T D Govt. Medical College, Alappuzha",MBBS,SM,3,mbbs_p3_final.pdf
2025,3,550,739,MU,SM,CMC,"Govt. Medical College, Ernakulam",MBBS,SM,3,mbbs_p3_final.pdf
2025,3,551,740,MU,SM,ALP,"T D Govt. Medical College, Alappuzha",MBBS,SM,4,mbbs_p3_final.pdf
2025,3,552,742,BH,SM-BH,KTM,"Govt. Medical College, Kottayam",MBBS,SM-BH,2,mbbs_p3_final.pdf
2025,3,553,743,MU,SM,ALP,"T D Govt. Medical College, Alappuzha",MBBS,SM,3,mbbs_p3_final.pdf
2025,3,554,744,General,SM,ALP,"T D Govt. Medical College, Alappuzha",MBBS,SM,3,mbbs_p3_final.pdf
2025,3,555,745,EZ,SM-EZ,TCM,"Govt. Medical College, Thrissur",MBBS,SM-EZ,2,mbbs_p3_final.pdf
2025,3,556,746,MU,SM,ALP,"T D Govt. Medical College, Alappuzha",MBBS,SM,5,mbbs_p3_final.pdf
2025,3,557,747,MU,SM,ALP,"T D Govt. Medical College, Alappuzha",MBBS,SM,4,mbbs_p3_final.pdf
2025,3,558,748,MU,SM,ALP,"T D Govt. Medical College, Alappuzha",MBBS,SM,3,mbbs_p3_final.pdf
2025,3,559,752,BH,SM-BH,KTM,"Govt. Medical College, Kottayam",MBBS,SM-BH,1,mbbs_p3_final.pdf
2025,3,560,753,MU,SM,MLP,"Govt. Medical College, Manjeri",MBBS,SM,1,mbbs_p3_final.pdf
2025,3,561,754,MU,SM,CMC,"Govt. Medical College, Ernakulam",MBBS,SM,4,mbbs_p3_final.pdf
2025,3,562,755,EW,SM-EW,KKM,"Govt. Medical College, Kozhikkode",MBBS,SM-EW,1,mbbs_p3_final.pdf
2025,3,563,756,LA,SM-LA,TVM,"Govt. Medical College, Thiruvananthapuram",MBBS,SM-LA,1,mbbs_p3_final.pdf
2025,3,564,757,MU,SM,ALP,"T D Govt. Medical College, Alappuzha",MBBS,SM,1,mbbs_p3_final.pdf
2025,3,565,758,General,SM,ALP,"T D Govt. Medical College, Alappuzha",MBBS,SM,5,mbbs_p3_final.pdf
2025,3,566,759,MU,SM,MLP,"Govt. Medical College, Manjeri",MBBS,SM,1,mbbs_p3_final.pdf
2025,3,567,760,VK,SM-VK,TVM,"Govt. Medical College, Thiruvananthapuram",MBBS,SM-VK,1,mbbs_p3_final.pdf
2025,3,568,764,VK,SM-VK,KTM,"Govt. Medical College, Kottayam",MBBS,SM-VK,1,mbbs_p3_final.pdf
2025,3,569,765,General,SM,ALP,"T D Govt. Medical College, Alappuzha",MBBS,SM,5,mbbs_p3_final.pdf
2025,3,570,766,BH,SM-BH,TCM,"Govt. Medical College, Thrissur",MBBS,SM-BH,2,mbbs_p3_final.pdf
2025,3,571,767,MU,SM,ALP,"T D Govt. Medical College, Alappuzha",MBBS,SM,4,mbbs_p3_final.pdf
2025,3,572,768,MU,SM,ALP,"T D Govt. Medical College, Alappuzha",MBBS,SM,3,mbbs_p3_final.pdf
2025,3,573,769,EZ,SM-EZ,TCM,"Govt. Medical College, Thrissur",MBBS,SM-EZ,1,mbbs_p3_final.pdf
2025,3,574,771,EZ,SM,ALP,"T D Govt. Medical College, Alappuzha",MBBS,SM,2,mbbs_p3_final.pdf
2025,3,575,772,EW,SM-EW,KTM,"Govt. Medical College, Kottayam",MBBS,SM-EW,1,mbbs_p3_final.pdf
2025,3,576,773,BH,SM-BH,KTM,"Govt. Medical College, Kottayam",MBBS,SM-BH,1,mbbs_p3_final.pdf
2025,3,577,774,MU,SM,MLP,"Govt. Medical College, Manjeri",MBBS,SM,1,mbbs_p3_final.pdf
2025,3,578,775,General,SM,ALP,"T D Govt. Medical College, Alappuzha",MBBS,SM,1,mbbs_p3_final.pdf
2025,3,579,776,EZ,SM,MLP,"Govt. Medical College, Manjeri",MBBS,SM,1,mbbs_p3_final.pdf
2025,3,580,778,General,SM,ALP,"T D Govt. Medical College, Alappuzha",MBBS,SM,4,mbbs_p3_final.pdf
2025,3,581,780,MU,SM,ALP,"T D Govt. Medical College, Alappuzha",MBBS,SM,1,mbbs_p3_final.pdf
2025,3,582,781,EW,SM-EW,KKM,"Govt. Medical College, Kozhikkode",MBBS,SM-EW,1,mbbs_p3_final.pdf
2025,3,583,782,MU,SM,KNM,Government Medical College Kannur,MBBS,SM,3,mbbs_p3_final.pdf
2025,3,584,783,MU,SM,MLP,"Govt. Medical College, Manjeri",MBBS,SM,1,mbbs_p3_final.pdf
2025,3,585,784,MU,SM,MLP,"Govt. Medical College, Manjeri",MBBS,SM,1,mbbs_p3_final.pdf
2025,3,586,786,MU,SM,ALP,"T D Govt. Medical College, Alappuzha",MBBS,SM,2,mbbs_p3_final.pdf
2025,3,587,787,General,SM,ALP,"T D Govt. Medical College, Alappuzha",MBBS,SM,1,mbbs_p3_final.pdf
2025,3,588,788,General,SM,ALP,"T D Govt. Medical College, Alappuzha",MBBS,SM,5,mbbs_p3_final.pdf
2025,3,589,789,LA,SM-LA,TVM,"Govt. Medical College, Thiruvananthapuram",MBBS,SM-LA,1,mbbs_p3_final.pdf
2025,3,590,791,EZ,SM-EZ,TCM,"Govt. Medical College, Thrissur",MBBS,SM-EZ,1,mbbs_p3_final.pdf
2025,3,591,793,EZ,SM,ALP,"T D Govt. Medical College, Alappuzha",MBBS,SM,1,mbbs_p3_final.pdf
2025,3,592,794,EZ,SM-EZ,TCM,"Govt. Medical College, Thrissur",MBBS,SM-EZ,1,mbbs_p3_final.pdf
2025,3,593,795,LA,SM-LA,KKM,"Govt. Medical College, Kozhikkode",MBBS,SM-LA,1,mbbs_p3_final.pdf
2025,3,594,796,MU,SM,MLP,"Govt. Medical College, Manjeri",MBBS,SM,1,mbbs_p3_final.pdf
2025,3,595,797,BH,SM-BH,TCM,"Govt. Medical College, Thrissur",MBBS,SM-BH,1,mbbs_p3_final.pdf
2025,3,596,798,MU,SM,CMC,"Govt. Medical College, Ernakulam",MBBS,SM,1,mbbs_p3_final.pdf
2025,3,597,799,BH,SM-BH,KTM,"Govt. Medical College, Kottayam",MBBS,SM-BH,1,mbbs_p3_final.pdf
2025,3,598,801,General,SM,MLP,"Govt. Medical College, Manjeri",MBBS,SM,1,mbbs_p3_final.pdf
2025,3,599,802,MU,SM,ALP,"T D Govt. Medical College, Alappuzha",MBBS,SM,1,mbbs_p3_final.pdf
2025,3,600,804,General,SM,CMC,"Govt. Medical College, Ernakulam",MBBS,SM,5,mbbs_p3_final.pdf
2025,3,601,805,MU,SM,ALP,"T D Govt. Medical College, Alappuzha",MBBS,SM,5,mbbs_p3_final.pdf
2025,3,602,809,General,SM,CMC,"Govt. Medical College, Ernakulam",MBBS,SM,1,mbbs_p3_final.pdf
2025,3,603,811,EW,SM-EW,TVM,"Govt. Medical College, Thiruvananthapuram",MBBS,SM-EW,1,mbbs_p3_final.pdf
2025,3,604,812,MU,SM,ALP,"T D Govt. Medical College, Alappuzha",MBBS,SM,5,mbbs_p3_final.pdf
2025,3,605,813,MU,SM,ALP,"T D Govt. Medical College, Alappuzha",MBBS,SM,5,mbbs_p3_final.pdf
2025,3,606,814,MU,SM,KNM,Government Medical College Kannur,MBBS,SM,3,mbbs_p3_final.pdf
2025,3,607,815,EZ,SM-EZ,KTM,"Govt. Medical College, Kottayam",MBBS,SM-EZ,1,mbbs_p3_final.pdf
2025,3,608,816,MU,SM,KNM,Government Medical College Kannur,MBBS,SM,1,mbbs_p3_final.pdf
2025,3,609,817,MU,SM,ALP,"T D Govt. Medical College, Alappuzha",MBBS,SM,5,mbbs_p3_final.pdf
2025,3,610,818,EW,SM-EW,KKM,"Govt. Medical College, Kozhikkode",MBBS,SM-EW,1,mbbs_p3_final.pdf
2025,3,611,819,EZ,SM,MLP,"Govt. Medical College, Manjeri",MBBS,SM,1,mbbs_p3_final.pdf
2025,3,612,820,VK,SM-VK,KTM,"Govt. Medical College, Kottayam",MBBS,SM-VK,3,mbbs_p3_final.pdf
2025,3,613,821,MU,SM,ALP,"T D Govt. Medical College, Alappuzha",MBBS,SM,5,mbbs_p3_final.pdf
2025,3,614,822,MU,SM,ALP,"T D Govt. Medical College, Alappuzha",MBBS,SM,3,mbbs_p3_final.pdf
2025,3,615,823,MU,SM,ALP,"T D Govt. Medical College, Alappuzha",MBBS,SM,5,mbbs_p3_final.pdf
2025,3,616,824,MU,SM,ALP,"T D Govt. Medical College, Alappuzha",MBBS,SM,1,mbbs_p3_final.pdf
2025,3,617,825,MU,SM,ALP,"T D Govt. Medical College, Alappuzha",MBBS,SM,1,mbbs_p3_final.pdf
2025,3,618,826,MU,SM,ALP,"T D Govt. Medical College, Alappuzha",MBBS,SM,4,mbbs_p3_final.pdf
2025,3,619,828,MU,SM,CMC,"Govt. Medical College, Ernakulam",MBBS,SM,4,mbbs_p3_final.pdf
2025,3,620,829,MU,SM,MLP,"Govt. Medical College, Manjeri",MBBS,SM,1,mbbs_p3_final.pdf
2025,3,621,830,MU,SM,MLP,"Govt. Medical College, Manjeri",MBBS,SM,1,mbbs_p3_final.pdf
2025,3,622,831,EW,SM-EW,KKM,"Govt. Medical College, Kozhikkode",MBBS,SM-EW,1,mbbs_p3_final.pdf
2025,3,623,832,MU,SM,KNM,Government Medical College Kannur,MBBS,SM,3,mbbs_p3_final.pdf
2025,3,624,833,MU,SM,KNM,Government Medical College Kannur,MBBS,SM,5,mbbs_p3_final.pdf
2025,3,625,834,MU,SM,ALP,"T D Govt. Medical College, Alappuzha",MBBS,SM,5,mbbs_p3_final.pdf
2025,3,626,838,MU,SM,MLP,"Govt. Medical College, Manjeri",MBBS,SM,1,mbbs_p3_final.pdf
2025,3,627,839,MU,SM,MLP,"Govt. Medical College, Manjeri",MBBS,SM,1,mbbs_p3_final.pdf
2025,3,628,841,General,SM,CMC,"Govt. Medical College, Ernakulam",MBBS,SM,5,mbbs_p3_final.pdf
2025,3,629,842,MU,SM,MLP,"Govt. Medical College, Manjeri",MBBS,SM,1,mbbs_p3_final.pdf
2025,3,630,844,BX,SM-BX,KKM,"Govt. Medical College, Kozhikkode",MBBS,SM-BX,1,mbbs_p3_final.pdf
2025,3,631,846,MU,SM,ALP,"T D Govt. Medical College, Alappuzha",MBBS,SM,3,mbbs_p3_final.pdf
2025,3,632,848,General,SM,CMC,"Govt. Medical College, Ernakulam",MBBS,SM,5,mbbs_p3_final.pdf
2025,3,633,849,BH,SM-BH,TCM,"Govt. Medical College, Thrissur",MBBS,SM-BH,2,mbbs_p3_final.pdf
2025,3,634,850,General,SM,CMC,"Govt. Medical College, Ernakulam",MBBS,SM,4,mbbs_p3_final.pdf
2025,3,635,851,MU,SM-MU,MLP,"Govt. Medical College, Manjeri",MBBS,SM-MU,1,mbbs_p3_final.pdf
2025,3,636,852,General,SM,KLM,"Govt. Medical College, Parippally, Kollam",MBBS,SM,4,mbbs_p3_final.pdf
2025,3,637,853,MU,SM,ALP,"T D Govt. Medical College, Alappuzha",MBBS,SM,5,mbbs_p3_final.pdf
2025,3,638,854,MU,SM-MU,MLP,"Govt. Medical College, Manjeri",MBBS,SM-MU,2,mbbs_p3_final.pdf
2025,3,639,856,MU,SM,CMC,"Govt. Medical College, Ernakulam",MBBS,SM,1,mbbs_p3_final.pdf
2025,3,640,857,EZ,SM,ALP,"T D Govt. Medical College, Alappuzha",MBBS,SM,3,mbbs_p3_final.pdf
2025,3,641,858,General,SM,KNM,Government Medical College Kannur,MBBS,SM,5,mbbs_p3_final.pdf
2025,3,642,859,MU,SM,CMC,"Govt. Medical College, Ernakulam",MBBS,SM,3,mbbs_p3_final.pdf
2025,3,643,861,MU,SM,KNM,Government Medical College Kannur,MBBS,SM,1,mbbs_p3_final.pdf
2025,3,644,862,MU,SM,KNM,Government Medical College Kannur,MBBS,SM,1,mbbs_p3_final.pdf
2025,3,645,863,MU,SM,KNM,Government Medical College Kannur,MBBS,SM,1,mbbs_p3_final.pdf
2025,3,646,865,MU,SM,CMC,"Govt. Medical College, Ernakulam",MBBS,SM,4,mbbs_p3_final.pdf
2025,3,647,866,EZ,SM-EZ,ALP,"T D Govt. Medical College, Alappuzha",MBBS,SM-EZ,4,mbbs_p3_final.pdf
2025,3,648,868,MU,SM,CMC,"Govt. Medical College, Ernakulam",MBBS,SM,4,mbbs_p3_final.pdf
2025,3,649,869,MU,SM-MU,MLP,"Govt. Medical College, Manjeri",MBBS,SM-MU,1,mbbs_p3_final.pdf
2025,3,650,870,MU,SM,KNM,Government Medical College Kannur,MBBS,SM,4,mbbs_p3_final.pdf
2025,3,651,871,MU,SM-MU,MLP,"Govt. Medical College, Manjeri",MBBS,SM-MU,1,mbbs_p3_final.pdf
2025,3,652,872,MU,SM-MU,ALP,"T D Govt. Medical College, Alappuzha",MBBS,SM-MU,5,mbbs_p3_final.pdf
2025,3,653,874,MU,SM,KNM,Government Medical College Kannur,MBBS,SM,1,mbbs_p3_final.pdf
2025,3,654,875,MU,SM,KNM,Government Medical College Kannur,MBBS,SM,1,mbbs_p3_final.pdf
2025,3,655,877,General,SM,CMC,"Govt. Medical College, Ernakulam",MBBS,SM,6,mbbs_p3_final.pdf
2025,3,656,880,EZ,SM-EZ,ALP,"T D Govt. Medical College, Alappuzha",MBBS,SM-EZ,3,mbbs_p3_final.pdf
2025,3,657,881,MU,SM,KNM,Government Medical College Kannur,MBBS,SM,5,mbbs_p3_final.pdf
2025,3,658,883,EZ,SM-EZ,ALP,"T D Govt. Medical College, Alappuzha",MBBS,SM-EZ,2,mbbs_p3_final.pdf
2025,3,659,884,MU,SM-MU,ALP,"T D Govt. Medical College, Alappuzha",MBBS,SM-MU,4,mbbs_p3_final.pdf
2025,3,660,886,MU,SM,KNM,Government Medical College Kannur,MBBS,SM,5,mbbs_p3_final.pdf
2025,3,661,887,MU,SM-MU,MLP,"Govt. Medical College, Manjeri",MBBS,SM-MU,2,mbbs_p3_final.pdf
2025,3,662,888,MU,SM-MU,MLP,"Govt. Medical College, Manjeri",MBBS,SM-MU,1,mbbs_p3_final.pdf
2025,3,663,889,BH,SM-BH,ALP,"T D Govt. Medical College, Alappuzha",MBBS,SM-BH,2,mbbs_p3_final.pdf
2025,3,664,891,MU,SM,CMC,"Govt. Medical College, Ernakulam",MBBS,SM,3,mbbs_p3_final.pdf
2025,3,665,894,BH,SM,CMC,"Govt. Medical College, Ernakulam",MBBS,SM,2,mbbs_p3_final.pdf
2025,3,666,895,MU,SM,CMC,"Govt. Medical College, Ernakulam",MBBS,SM,5,mbbs_p3_final.pdf
2025,3,667,897,EW,SM-EW,KTM,"Govt. Medical College, Kottayam",MBBS,SM-EW,1,mbbs_p3_final.pdf
2025,3,668,898,MU,SM,KNM,Government Medical College Kannur,MBBS,SM,1,mbbs_p3_final.pdf
2025,3,669,899,MU,SM,KNM,Government Medical College Kannur,MBBS,SM,5,mbbs_p3_final.pdf
2025,3,670,901,MU,SM,CMC,"Govt. Medical College, Ernakulam",MBBS,SM,1,mbbs_p3_final.pdf
2025,3,671,902,MU,SM,KNM,Government Medical College Kannur,MBBS,SM,1,mbbs_p3_final.pdf
2025,3,672,904,MU,SM,CMC,"Govt. Medical College, Ernakulam",MBBS,SM,1,mbbs_p3_final.pdf
2025,3,673,905,EZ,SM-EZ,ALP,"T D Govt. Medical College, Alappuzha",MBBS,SM-EZ,2,mbbs_p3_final.pdf
2025,3,674,907,MU,SM-MU,MLP,"Govt. Medical College, Manjeri",MBBS,SM-MU,4,mbbs_p3_final.pdf
2025,3,675,908,MU,MU,ALP,"T D Govt. Medical College, Alappuzha",MBBS,MU,1,mbbs_p3_final.pdf
2025,3,676,909,MU,MU,KNM,Government Medical College Kannur,MBBS,MU,5,mbbs_p3_final.pdf
2025,3,677,910,DV,DV,KKM,"Govt. Medical College, Kozhikkode",MBBS,DV,1,mbbs_p3_final.pdf
2025,3,678,911,MU,MU,KNM,Government Medical College Kannur,MBBS,MU,3,mbbs_p3_final.pdf
2025,3,679,912,EZ,EZ,ALP,"T D Govt. Medical College, Alappuzha",MBBS,EZ,1,mbbs_p3_final.pdf
2025,3,680,915,MU,MU,KNM,Government Medical College Kannur,MBBS,MU,3,mbbs_p3_final.pdf
2025,3,681,918,MU,MU,ALP,"T D Govt. Medical College, Alappuzha",MBBS,MU,5,mbbs_p3_final.pdf
2025,3,682,919,MU,MU,KNM,Government Medical College Kannur,MBBS,MU,1,mbbs_p3_final.pdf
2025,3,683,920,MU,MU,KNM,Government Medical College Kannur,MBBS,MU,5,mbbs_p3_final.pdf
2025,3,684,921,MU,MU,CMC,"Govt. Medical College, Ernakulam",MBBS,MU,5,mbbs_p3_final.pdf
2025,3,685,922,VK,VK,TCM,"Govt. Medical College, Thrissur",MBBS,VK,1,mbbs_p3_final.pdf
2025,3,686,923,EW,EW,TVM,"Govt. Medical College, Thiruvananthapuram",MBBS,EW,1,mbbs_p3_final.pdf
2025,3,687,924,MU,MU,CMC,"Govt. Medical College, Ernakulam",MBBS,MU,5,mbbs_p3_final.pdf
2025,3,688,925,MU,MU,KNM,Government Medical College Kannur,MBBS,MU,3,mbbs_p3_final.pdf
2025,3,689,926,MU,MU,CMC,"Govt. Medical College, Ernakulam",MBBS,MU,1,mbbs_p3_final.pdf
2025,3,690,928,MU,MU,CMC,"Govt. Medical College, Ernakulam",MBBS,MU,5,mbbs_p3_final.pdf
2025,3,691,933,MU,MU,CMC,"Govt. Medical College, Ernakulam",MBBS,MU,5,mbbs_p3_final.pdf
2025,3,692,934,MU,MU,CMC,"Govt. Medical College, Ernakulam",MBBS,MU,3,mbbs_p3_final.pdf
2025,3,693,936,BH,BH,ALP,"T D Govt. Medical College, Alappuzha",MBBS,BH,1,mbbs_p3_final.pdf
2025,3,694,937,MU,FL-MU,KNM,Government Medical College Kannur,MBBS,FL-MU,1,mbbs_p3_final.pdf
2025,3,695,940,MU,MU,CMC,"Govt. Medical College, Ernakulam",MBBS,MU,5,mbbs_p3_final.pdf
2025,3,696,941,LA,LA,KKM,"Govt. Medical College, Kozhikkode",MBBS,LA,1,mbbs_p3_final.pdf
2025,3,697,943,MU,FL-MU,CMC,"Govt. Medical College, Ernakulam",MBBS,FL-MU,1,mbbs_p3_final.pdf
2025,3,698,944,MU,FL-MU,CMC,"Govt. Medical College, Ernakulam",MBBS,FL-MU,1,mbbs_p3_final.pdf
2025,3,699,945,MU,MU,ALP,"T D Govt. Medical College, Alappuzha",MBBS,MU,5,mbbs_p3_final.pdf
2025,3,700,947,LA,LA,KKM,"Govt. Medical College, Kozhikkode",MBBS,LA,1,mbbs_p3_final.pdf
2025,3,701,948,MU,FL-MU,KNM,Government Medical College Kannur,MBBS,FL-MU,3,mbbs_p3_final.pdf
2025,3,702,951,MU,FL-MU,KNM,Government Medical College Kannur,MBBS,FL-MU,1,mbbs_p3_final.pdf
2025,3,703,952,EZ,EZ,MLP,"Govt. Medical College, Manjeri",MBBS,EZ,1,mbbs_p3_final.pdf
2025,3,704,955,MU,MU,ALP,"T D Govt. Medical College, Alappuzha",MBBS,MU,5,mbbs_p3_final.pdf
2025,3,705,956,EW,EW,TVM,"Govt. Medical College, Thiruvananthapuram",MBBS,EW,1,mbbs_p3_final.pdf
2025,3,706,957,EZ,EZ,KNM,Government Medical College Kannur,MBBS,EZ,1,mbbs_p3_final.pdf
2025,3,707,958,DV,DV,TVM,"Govt. Medical College, Thiruvananthapuram",MBBS,DV,1,mbbs_p3_final.pdf
2025,3,708,959,EZ,EZ,ALP,"T D Govt. Medical College, Alappuzha",MBBS,EZ,4,mbbs_p3_final.pdf
2025,3,709,960,MU,FL-MU,KNM,Government Medical College Kannur,MBBS,FL-MU,4,mbbs_p3_final.pdf
2025,3,710,962,MU,FL-MU,KNM,Government Medical College Kannur,MBBS,FL-MU,3,mbbs_p3_final.pdf
2025,3,711,963,MU,FL-MU,KNM,Government Medical College Kannur,MBBS,FL-MU,1,mbbs_p3_final.pdf
2025,3,712,964,MU,FL-MU,CMC,"Govt. Medical College, Ernakulam",MBBS,FL-MU,3,mbbs_p3_final.pdf
2025,3,713,966,MU,FL-MU,CMC,"Govt. Medical College, Ernakulam",MBBS,FL-MU,4,mbbs_p3_final.pdf
2025,3,714,967,BH,BH,ALP,"T D Govt. Medical College, Alappuzha",MBBS,BH,2,mbbs_p3_final.pdf
2025,3,715,968,MU,FL-MU,CMC,"Govt. Medical College, Ernakulam",MBBS,FL-MU,5,mbbs_p3_final.pdf
2025,3,716,969,MU,FL-MU,KNM,Government Medical College Kannur,MBBS,FL-MU,5,mbbs_p3_final.pdf
2025,3,717,972,MU,FL-MU,CMC,"Govt. Medical College, Ernakulam",MBBS,FL-MU,3,mbbs_p3_final.pdf
2025,3,718,973,EW,EW,KKM,"Govt. Medical College, Kozhikkode",MBBS,EW,1,mbbs_p3_final.pdf
2025,3,719,974,MU,MU,ALP,"T D Govt. Medical College, Alappuzha",MBBS,MU,5,mbbs_p3_final.pdf
2025,3,720,975,MU,MU,ALP,"T D Govt. Medical College, Alappuzha",MBBS,MU,5,mbbs_p3_final.pdf
2025,3,721,976,EZ,EZ,ALP,"T D Govt. Medical College, Alappuzha",MBBS,EZ,2,mbbs_p3_final.pdf
2025,3,722,977,EZ,EZ,ALP,"T D Govt. Medical College, Alappuzha",MBBS,EZ,1,mbbs_p3_final.pdf
2025,3,723,978,MU,FL-MU,CMC,"Govt. Medical College, Ernakulam",MBBS,FL-MU,3,mbbs_p3_final.pdf
2025,3,724,981,BH,BH,MLP,"Govt. Medical College, Manjeri",MBBS,BH,2,mbbs_p3_final.pdf
2025,3,725,982,MU,MU,KLM,"Govt. Medical College, Parippally, Kollam",MBBS,MU,1,mbbs_p3_final.pdf
2025,3,726,985,MU,FL-MU,CMC,"Govt. Medical College, Ernakulam",MBBS,FL-MU,5,mbbs_p3_final.pdf
2025,3,727,990,LA,LA,KTM,"Govt. Medical College, Kottayam",MBBS,LA,1,mbbs_p3_final.pdf
2025,3,728,996,EZ,EZ,ALP,"T D Govt. Medical College, Alappuzha",MBBS,EZ,1,mbbs_p3_final.pdf
2025,3,729,997,MU,MU,ALP,"T D Govt. Medical College, Alappuzha",MBBS,MU,5,mbbs_p3_final.pdf
2025,3,730,999,EZ,EZ,KNM,Government Medical College Kannur,MBBS,EZ,5,mbbs_p3_final.pdf
2025,3,731,1000,MU,MU,ALP,"T D Govt. Medical College, Alappuzha",MBBS,MU,1,mbbs_p3_final.pdf
2025,3,732,1002,MU,FL-MU,KNM,Government Medical College Kannur,MBBS,FL-MU,3,mbbs_p3_final.pdf
2025,3,733,1003,MU,MU,ALP,"T D Govt. Medical College, Alappuzha",MBBS,MU,5,mbbs_p3_final.pdf
2025,3,734,1004,MU,MU,KLM,"Govt. Medical College, Parippally, Kollam",MBBS,MU,4,mbbs_p3_final.pdf
2025,3,735,1006,MU,FL-MU,CMC,"Govt. Medical College, Ernakulam",MBBS,FL-MU,6,mbbs_p3_final.pdf
2025,3,736,1007,MU,MU,KLM,"Govt. Medical College, Parippally, Kollam",MBBS,MU,7,mbbs_p3_final.pdf
2025,3,737,1009,EZ,EZ,ALP,"T D Govt. Medical College, Alappuzha",MBBS,EZ,5,mbbs_p3_final.pdf
2025,3,738,1010,MU,FL-MU,CMC,"Govt. Medical College, Ernakulam",MBBS,FL-MU,7,mbbs_p3_final.pdf
2025,3,739,1011,EW,EW,TVM,"Govt. Medical College, Thiruvananthapuram",MBBS,EW,1,mbbs_p3_final.pdf
2025,3,740,1014,EZ,EZ,ALP,"T D Govt. Medical College, Alappuzha",MBBS,EZ,4,mbbs_p3_final.pdf
2025,3,741,1016,EZ,EZ,CMC,"Govt. Medical College, Ernakulam",MBBS,EZ,5,mbbs_p3_final.pdf
2025,3,742,1020,LA,LA,KKM,"Govt. Medical College, Kozhikkode",MBBS,LA,1,mbbs_p3_final.pdf
2025,3,743,1022,EZ,EZ,CMC,"Govt. Medical College, Ernakulam",MBBS,EZ,4,mbbs_p3_final.pdf
2025,3,744,1024,MU,FL-MU,CMC,"Govt. Medical College, Ernakulam",MBBS,FL-MU,6,mbbs_p3_final.pdf
2025,3,745,1026,EZ,EZ,ALP,"T D Govt. Medical College, Alappuzha",MBBS,EZ,1,mbbs_p3_final.pdf
2025,3,746,1027,MU,FL-MU,KNM,Government Medical College Kannur,MBBS,FL-MU,6,mbbs_p3_final.pdf
2025,3,747,1030,MU,FL-MU,CMC,"Govt. Medical College, Ernakulam",MBBS,FL-MU,6,mbbs_p3_final.pdf
2025,3,748,1032,EZ,EZ,KNM,Government Medical College Kannur,MBBS,EZ,3,mbbs_p3_final.pdf
2025,3,749,1033,MU,FL-MU,KNM,Government Medical College Kannur,MBBS,FL-MU,5,mbbs_p3_final.pdf
2025,3,750,1037,MU,FL-MU,CMC,"Govt. Medical College, Ernakulam",MBBS,FL-MU,2,mbbs_p3_final.pdf
2025,3,751,1038,MU,FL-MU,CMC,"Govt. Medical College, Ernakulam",MBBS,FL-MU,5,mbbs_p3_final.pdf
2025,3,752,1039,EW,EW,TVM,"Govt. Medical College, Thiruvananthapuram",MBBS,EW,1,mbbs_p3_final.pdf
2025,3,753,1040,MU,FL-MU,KNM,Government Medical College Kannur,MBBS,FL-MU,7,mbbs_p3_final.pdf
2025,3,754,1045,MU,FL-MU,CMC,"Govt. Medical College, Ernakulam",MBBS,FL-MU,7,mbbs_p3_final.pdf
2025,3,755,1049,MU,FL-MU,KNM,Government Medical College Kannur,MBBS,FL-MU,3,mbbs_p3_final.pdf
2025,3,756,1051,EZ,EZ,CMC,"Govt. Medical College, Ernakulam",MBBS,EZ,5,mbbs_p3_final.pdf
2025,3,757,1053,EZ,EZ,KLM,"Govt. Medical College, Parippally, Kollam",MBBS,EZ,2,mbbs_p3_final.pdf
2025,3,758,1057,EZ,EZ,KNM,Government Medical College Kannur,MBBS,EZ,1,mbbs_p3_final.pdf
2025,3,759,1059,MU,FL-MU,KNM,Government Medical College Kannur,MBBS,FL-MU,7,mbbs_p3_final.pdf
2025,3,760,1061,EW,EW,TVM,"Govt. Medical College, Thiruvananthapuram",MBBS,EW,1,mbbs_p3_final.pdf
2025,3,761,1064,MU,FL-MU,KNM,Government Medical College Kannur,MBBS,FL-MU,7,mbbs_p3_final.pdf
2025,3,762,1066,MU,FL-MU,CMC,"Govt. Medical College, Ernakulam",MBBS,FL-MU,4,mbbs_p3_final.pdf
2025,3,763,1068,LA,LA,KTM,"Govt. Medical College, Kottayam",MBBS,LA,1,mbbs_p3_final.pdf
2025,3,764,1069,MU,FL-MU,CMC,"Govt. Medical College, Ernakulam",MBBS,FL-MU,6,mbbs_p3_final.pdf
2025,3,765,1074,EZ,EZ,CMC,"Govt. Medical College, Ernakulam",MBBS,EZ,3,mbbs_p3_final.pdf
2025,3,766,1075,MU,FL-MU,KNM,Government Medical College Kannur,MBBS,FL-MU,7,mbbs_p3_final.pdf
2025,3,767,1078,EZ,EZ,CMC,"Govt. Medical College, Ernakulam",MBBS,EZ,6,mbbs_p3_final.pdf
2025,3,768,1080,MU,FL-MU,CMC,"Govt. Medical College, Ernakulam",MBBS,FL-MU,7,mbbs_p3_final.pdf
2025,3,769,1083,EZ,EZ,KNM,Government Medical College Kannur,MBBS,EZ,6,mbbs_p3_final.pdf
2025,3,770,1086,EZ,EZ,CMC,"Govt. Medical College, Ernakulam",MBBS,EZ,1,mbbs_p3_final.pdf
2025,3,771,1087,MU,FL-MU,CMC,"Govt. Medical College, Ernakulam",MBBS,FL-MU,7,mbbs_p3_final.pdf
2025,3,772,1089,EZ,EZ,KNM,Government Medical College Kannur,MBBS,EZ,3,mbbs_p3_final.pdf
2025,3,773,1091,BH,BH,KNM,Government Medical College Kannur,MBBS,BH,1,mbbs_p3_final.pdf
2025,3,774,1093,EW,EW,TVM,"Govt. Medical College, Thiruvananthapuram",MBBS,EW,1,mbbs_p3_final.pdf
2025,3,775,1095,MU,FL-MU,KNM,Government Medical College Kannur,MBBS,FL-MU,7,mbbs_p3_final.pdf
2025,3,776,1096,EW,EW,KKM,"Govt. Medical College, Kozhikkode",MBBS,EW,1,mbbs_p3_final.pdf
2025,3,777,1099,EZ,EZ,MLP,"Govt. Medical College, Manjeri",MBBS,EZ,1,mbbs_p3_final.pdf
2025,3,778,1101,MU,FL-MU,CMC,"Govt. Medical College, Ernakulam",MBBS,FL-MU,5,mbbs_p3_final.pdf
2025,3,779,1103,EZ,EZ,CMC,"Govt. Medical College, Ernakulam",MBBS,EZ,5,mbbs_p3_final.pdf
2025,3,780,1104,EW,EW,KKM,"Govt. Medical College, Kozhikkode",MBBS,EW,1,mbbs_p3_final.pdf
2025,3,781,1105,MU,FL-MU,KNM,Government Medical College Kannur,MBBS,FL-MU,1,mbbs_p3_final.pdf
2025,3,782,1110,MU,FL-MU,KNM,Government Medical College Kannur,MBBS,FL-MU,2,mbbs_p3_final.pdf
2025,3,783,1115,EZ,EZ,MLP,"Govt. Medical College, Manjeri",MBBS,EZ,2,mbbs_p3_final.pdf
2025,3,784,1116,MU,MU,KLM,"Govt. Medical College, Parippally, Kollam",MBBS,MU,4,mbbs_p3_final.pdf
2025,3,785,1118,MU,FL-MU,KLM,"Govt. Medical College, Parippally, Kollam",MBBS,FL-MU,8,mbbs_p3_final.pdf
2025,3,786,1122,EZ,EZ,MLP,"Govt. Medical College, Manjeri",MBBS,EZ,1,mbbs_p3_final.pdf
2025,3,787,1127,EW,EW,TVM,"Govt. Medical College, Thiruvananthapuram",MBBS,EW,1,mbbs_p3_final.pdf
2025,3,788,1128,MU,FL-MU,KLM,"Govt. Medical College, Parippally, Kollam",MBBS,FL-MU,9,mbbs_p3_final.pdf
2025,3,789,1135,EW,EW,TVM,"Govt. Medical College, Thiruvananthapuram",MBBS,EW,1,mbbs_p3_final.pdf
2025,3,790,1138,MU,FL-MU,KLM,"Govt. Medical College, Parippally, Kollam",MBBS,FL-MU,9,mbbs_p3_final.pdf
2025,3,791,1139,EZ,EZ,KLM,"Govt. Medical College, Parippally, Kollam",MBBS,EZ,1,mbbs_p3_final.pdf
2025,3,792,1140,EZ,EZ,MLP,"Govt. Medical College, Manjeri",MBBS,EZ,1,mbbs_p3_final.pdf
2025,3,793,1144,MU,MU,WYM,"Govt. Medical College, Wayanad",MBBS,MU,9,mbbs_p3_final.pdf
2025,3,794,1145,EW,EW,TVM,"Govt. Medical College, Thiruvananthapuram",MBBS,EW,1,mbbs_p3_final.pdf
2025,3,795,1149,BX,BX,KKM,"Govt. Medical College, Kozhikkode",MBBS,BX,1,mbbs_p3_final.pdf
2025,3,796,1152,EZ,EZ,KLM,"Govt. Medical College, Parippally, Kollam",MBBS,EZ,5,mbbs_p3_final.pdf
2025,3,797,1154,BH,BH,KNM,Government Medical College Kannur,MBBS,BH,1,mbbs_p3_final.pdf
2025,3,798,1161,EZ,EZ,CMC,"Govt. Medical College, Ernakulam",MBBS,EZ,5,mbbs_p3_final.pdf
2025,3,799,1166,EZ,EZ,MLP,"Govt. Medical College, Manjeri",MBBS,EZ,6,mbbs_p3_final.pdf
2025,3,800,1169,EZ,EZ,KLM,"Govt. Medical College, Parippally, Kollam",MBBS,EZ,6,mbbs_p3_final.pdf
2025,3,801,1172,EZ,EZ,KNM,Government Medical College Kannur,MBBS,EZ,7,mbbs_p3_final.pdf
2025,3,802,1175,EZ,EZ,IDM,Government Medical College Idukki,MBBS,EZ,7,mbbs_p3_final.pdf
2025,3,803,1177,EZ,EZ,KLM,"Govt. Medical College, Parippally, Kollam",MBBS,EZ,2,mbbs_p3_final.pdf
2025,3,804,1179,EW,EW,TVM,"Govt. Medical College, Thiruvananthapuram",MBBS,EW,2,mbbs_p3_final.pdf
2025,3,805,1181,BH,BH,CMC,"Govt. Medical College, Ernakulam",MBBS,BH,5,mbbs_p3_final.pdf
2025,3,806,1183,General,AM,JMC,"Jubilee Mission Medical College, Thrisur",MBBS,AM,9,mbbs_p3_final.pdf
2025,3,807,1194,EZ,FL-EZ,KLM,"Govt. Medical College, Parippally, Kollam",MBBS,FL-EZ,1,mbbs_p3_final.pdf
2025,3,808,1195,LA,LA,KTM,"Govt. Medical College, Kottayam",MBBS,LA,1,mbbs_p3_final.pdf
2025,3,809,1200,LA,LA,KTM,"Govt. Medical College, Kottayam",MBBS,LA,1,mbbs_p3_final.pdf
2025,3,810,1201,DV,DV,KKM,"Govt. Medical College, Kozhikkode",MBBS,DV,1,mbbs_p3_final.pdf
2025,3,811,1204,EW,EW,TVM,"Govt. Medical College, Thiruvananthapuram",MBBS,EW,1,mbbs_p3_final.pdf
2025,3,812,1212,VK,VK,TCM,"Govt. Medical College, Thrissur",MBBS,VK,1,mbbs_p3_final.pdf
2025,3,813,1213,EZ,EZ,MLP,"Govt. Medical College, Manjeri",MBBS,EZ,6,mbbs_p3_final.pdf
2025,3,814,1216,EZ,FL-EZ,KLM,"Govt. Medical College, Parippally, Kollam",MBBS,FL-EZ,5,mbbs_p3_final.pdf
2025,3,815,1218,EZ,FL-EZ,KLM,"Govt. Medical College, Parippally, Kollam",MBBS,FL-EZ,1,mbbs_p3_final.pdf
2025,3,816,1220,EW,EW,ALP,"T D Govt. Medical College, Alappuzha",MBBS,EW,1,mbbs_p3_final.pdf
2025,3,817,1222,General,AM,JMC,"Jubilee Mission Medical College, Thrisur",MBBS,AM,1,mbbs_p3_final.pdf
2025,3,818,1223,VK,VK,TCM,"Govt. Medical College, Thrissur",MBBS,VK,1,mbbs_p3_final.pdf
2025,3,819,1224,EZ,FL-EZ,KLM,"Govt. Medical College, Parippally, Kollam",MBBS,FL-EZ,1,mbbs_p3_final.pdf
2025,3,820,1230,EZ,FL-EZ,KLM,"Govt. Medical College, Parippally, Kollam",MBBS,FL-EZ,4,mbbs_p3_final.pdf
2025,3,821,1234,VK,VK,ALP,"T D Govt. Medical College, Alappuzha",MBBS,VK,1,mbbs_p3_final.pdf
2025,3,822,1238,EW,EW,TCM,"Govt. Medical College, Thrissur",MBBS,EW,1,mbbs_p3_final.pdf
2025,3,823,1240,EW,EW,KTM,"Govt. Medical College, Kottayam",MBBS,EW,1,mbbs_p3_final.pdf
2025,3,824,1241,EW,EW,TVM,"Govt. Medical College, Thiruvananthapuram",MBBS,EW,2,mbbs_p3_final.pdf
2025,3,825,1242,BH,BH,ALP,"T D Govt. Medical College, Alappuzha",MBBS,BH,5,mbbs_p3_final.pdf
2025,3,826,1243,MU,MU,PKM,"Government Medical College, Palakkad",MBBS,MU,6,mbbs_p3_final.pdf
2025,3,827,1250,General,AM,JMC,"Jubilee Mission Medical College, Thrisur",MBBS,AM,5,mbbs_p3_final.pdf
2025,3,828,1251,EZ,FL-EZ,KLM,"Govt. Medical College, Parippally, Kollam",MBBS,FL-EZ,6,mbbs_p3_final.pdf
2025,3,829,1252,EZ,FL-EZ,KLM,"Govt. Medical College, Parippally, Kollam",MBBS,FL-EZ,9,mbbs_p3_final.pdf
2025,3,830,1263,EZ,FL-EZ,KLM,"Govt. Medical College, Parippally, Kollam",MBBS,FL-EZ,1,mbbs_p3_final.pdf
2025,3,831,1264,EZ,FL-EZ,KLM,"Govt. Medical College, Parippally, Kollam",MBBS,FL-EZ,1,mbbs_p3_final.pdf
2025,3,832,1270,EZ,FL-EZ,KLM,"Govt. Medical College, Parippally, Kollam",MBBS,FL-EZ,1,mbbs_p3_final.pdf
2025,3,833,1273,General,XS,MLP,"Govt. Medical College, Manjeri",MBBS,XS,4,mbbs_p3_final.pdf
2025,3,834,1276,EZ,FL-EZ,KLM,"Govt. Medical College, Parippally, Kollam",MBBS,FL-EZ,8,mbbs_p3_final.pdf
2025,3,835,1277,BH,BH,CMC,"Govt. Medical College, Ernakulam",MBBS,BH,4,mbbs_p3_final.pdf
2025,3,836,1278,EZ,EZ,PTM,"Government Medical College, Konni, Pathanamthitta",MBBS,EZ,8,mbbs_p3_final.pdf
2025,3,837,1279,EZ,FL-EZ,KLM,"Govt. Medical College, Parippally, Kollam",MBBS,FL-EZ,9,mbbs_p3_final.pdf
2025,3,838,1280,EZ,EZ,PTM,"Government Medical College, Konni, Pathanamthitta",MBBS,EZ,8,mbbs_p3_final.pdf
2025,3,839,1282,EZ,FL-EZ,KLM,"Govt. Medical College, Parippally, Kollam",MBBS,FL-EZ,9,mbbs_p3_final.pdf
2025,3,840,1284,MU,FL-MU,KLM,"Govt. Medical College, Parippally, Kollam",MBBS,FL-MU,9,mbbs_p3_final.pdf
2025,3,841,1286,EW,EW,KTM,"Govt. Medical College, Kottayam",MBBS,EW,1,mbbs_p3_final.pdf
2025,3,842,1290,EZ,FL-EZ,KLM,"Govt. Medical College, Parippally, Kollam",MBBS,FL-EZ,1,mbbs_p3_final.pdf
2025,3,843,1293,EZ,FL-EZ,KLM,"Govt. Medical College, Parippally, Kollam",MBBS,FL-EZ,6,mbbs_p3_final.pdf
2025,3,844,1294,EW,EW,TVM,"Govt. Medical College, Thiruvananthapuram",MBBS,EW,1,mbbs_p3_final.pdf
2025,3,845,1295,EZ,FL-EZ,KLM,"Govt. Medical College, Parippally, Kollam",MBBS,FL-EZ,1,mbbs_p3_final.pdf
2025,3,846,1297,EZ,FL-EZ,KLM,"Govt. Medical College, Parippally, Kollam",MBBS,FL-EZ,7,mbbs_p3_final.pdf
2025,3,847,1298,EW,EW,KTM,"Govt. Medical College, Kottayam",MBBS,EW,1,mbbs_p3_final.pdf
2025,3,848,1299,VK,VK,MLP,"Govt. Medical College, Manjeri",MBBS,VK,1,mbbs_p3_final.pdf
2025,3,849,1302,MU,FL-MU,KLM,"Govt. Medical College, Parippally, Kollam",MBBS,FL-MU,9,mbbs_p3_final.pdf
2025,3,850,1307,EZ,FL-EZ,KLM,"Govt. Medical College, Parippally, Kollam",MBBS,FL-EZ,6,mbbs_p3_final.pdf
2025,3,851,1310,EW,EW,TCM,"Govt. Medical College, Thrissur",MBBS,EW,1,mbbs_p3_final.pdf
2025,3,852,1317,BH,BH,KLM,"Govt. Medical College, Parippally, Kollam",MBBS,BH,1,mbbs_p3_final.pdf
2025,3,853,1320,MU,MU,PTM,"Government Medical College, Konni, Pathanamthitta",MBBS,MU,9,mbbs_p3_final.pdf
2025,3,854,1323,EW,EW,KTM,"Govt. Medical College, Kottayam",MBBS,EW,1,mbbs_p3_final.pdf
2025,3,855,1326,EW,EW,KTM,"Govt. Medical College, Kottayam",MBBS,EW,1,mbbs_p3_final.pdf
2025,3,856,1328,EW,EW,TVM,"Govt. Medical College, Thiruvananthapuram",MBBS,EW,2,mbbs_p3_final.pdf
2025,3,857,1330,EZ,EZ,IDM,Government Medical College Idukki,MBBS,EZ,9,mbbs_p3_final.pdf
2025,3,858,1333,EZ,EZ,PTM,"Government Medical College, Konni, Pathanamthitta",MBBS,EZ,2,mbbs_p3_final.pdf
2025,3,859,1334,EZ,EZ,PTM,"Government Medical College, Konni, Pathanamthitta",MBBS,EZ,1,mbbs_p3_final.pdf
2025,3,860,1335,EW,EW,TCM,"Govt. Medical College, Thrissur",MBBS,EW,1,mbbs_p3_final.pdf
2025,3,861,1341,BH,BH,KLM,"Govt. Medical College, Parippally, Kollam",MBBS,BH,1,mbbs_p3_final.pdf
2025,3,862,1347,EW,EW,KTM,"Govt. Medical College, Kottayam",MBBS,EW,2,mbbs_p3_final.pdf
2025,3,863,1348,EW,EW,KTM,"Govt. Medical College, Kottayam",MBBS,EW,1,mbbs_p3_final.pdf
2025,3,864,1351,BX,BX,KTM,"Govt. Medical College, Kottayam",MBBS,BX,2,mbbs_p3_final.pdf
2025,3,865,1356,EW,EW,TCM,"Govt. Medical College, Thrissur",MBBS,EW,1,mbbs_p3_final.pdf
2025,3,866,1358,EW,EW,KTM,"Govt. Medical College, Kottayam",MBBS,EW,1,mbbs_p3_final.pdf
2025,3,867,1359,BH,BH,MLP,"Govt. Medical College, Manjeri",MBBS,BH,1,mbbs_p3_final.pdf
2025,3,868,1360,MU,MU,PTM,"Government Medical College, Konni, Pathanamthitta",MBBS,MU,10,mbbs_p3_final.pdf
2025,3,869,1361,General,AM,GMC,"Sree Gokulam Medical College, Venjaramoodu, TVPM",MBBS,AM,3,mbbs_p3_final.pdf
2025,3,870,1363,MU,FL-MU,PKM,"Government Medical College, Palakkad",MBBS,FL-MU,10,mbbs_p3_final.pdf
2025,3,871,1364,BH,BH,CMC,"Govt. Medical College, Ernakulam",MBBS,BH,8,mbbs_p3_final.pdf
2025,3,872,1368,EZ,EZ,PTM,"Government Medical College, Konni, Pathanamthitta",MBBS,EZ,6,mbbs_p3_final.pdf
2025,3,873,1370,EZ,AM,JMC,"Jubilee Mission Medical College, Thrisur",MBBS,AM,7,mbbs_p3_final.pdf
2025,3,874,1387,MU,PT,KKM,"Govt. Medical College, Kozhikkode",MBBS,PT,1,mbbs_p3_final.pdf
2025,3,875,1388,EZ,EZ,IDM,Government Medical College Idukki,MBBS,EZ,9,mbbs_p3_final.pdf
2025,3,876,1392,VK,VK,ALP,"T D Govt. Medical College, Alappuzha",MBBS,VK,1,mbbs_p3_final.pdf
2025,3,877,1394,EZ,EZ,IDM,Government Medical College Idukki,MBBS,EZ,5,mbbs_p3_final.pdf
2025,3,878,1396,BH,BH,IDM,Government Medical College Idukki,MBBS,BH,10,mbbs_p3_final.pdf
2025,3,879,1397,EZ,EZ,PTM,"Government Medical College, Konni, Pathanamthitta",MBBS,EZ,3,mbbs_p3_final.pdf
2025,3,880,1400,LA,LA,TCM,"Govt. Medical College, Thrissur",MBBS,LA,3,mbbs_p3_final.pdf
2025,3,881,1403,EZ,EZ,PTM,"Government Medical College, Konni, Pathanamthitta",MBBS,EZ,10,mbbs_p3_final.pdf
2025,3,882,1410,EZ,FL-EZ,PTM,"Government Medical College, Konni, Pathanamthitta",MBBS,FL-EZ,8,mbbs_p3_final.pdf
2025,3,883,1416,EZ,FL-EZ,PTM,"Government Medical College, Konni, Pathanamthitta",MBBS,FL-EZ,10,mbbs_p3_final.pdf
2025,3,884,1417,EZ,EZ,PKM,"Government Medical College, Palakkad",MBBS,EZ,9,mbbs_p3_final.pdf
2025,3,885,1419,BH,BH,PTM,"Government Medical College, Konni, Pathanamthitta",MBBS,BH,9,mbbs_p3_final.pdf
2025,3,886,1421,BX,BX,TCM,"Govt. Medical College, Thrissur",MBBS,BX,2,mbbs_p3_final.pdf
2025,3,887,1430,EZ,FL-EZ,PTM,"Government Medical College, Konni, Pathanamthitta",MBBS,FL-EZ,1,mbbs_p3_final.pdf
2025,3,888,1432,EZ,FL-EZ,PTM,"Government Medical College, Konni, Pathanamthitta",MBBS,FL-EZ,6,mbbs_p3_final.pdf
2025,3,889,1435,EZ,FL-EZ,PTM,"Government Medical College, Konni, Pathanamthitta",MBBS,FL-EZ,2,mbbs_p3_final.pdf
2025,3,890,1438,LA,LA,TCM,"Govt. Medical College, Thrissur",MBBS,LA,2,mbbs_p3_final.pdf
2025,3,891,1439,VK,VK,CMC,"Govt. Medical College, Ernakulam",MBBS,VK,1,mbbs_p3_final.pdf
2025,3,892,1440,EZ,FL-EZ,PTM,"Government Medical College, Konni, Pathanamthitta",MBBS,FL-EZ,8,mbbs_p3_final.pdf
2025,3,893,1445,EW,EW,KTM,"Govt. Medical College, Kottayam",MBBS,EW,3,mbbs_p3_final.pdf
2025,3,894,1447,EZ,FL-EZ,PTM,"Government Medical College, Konni, Pathanamthitta",MBBS,FL-EZ,1,mbbs_p3_final.pdf
2025,3,895,1450,EW,EW,TCM,"Govt. Medical College, Thrissur",MBBS,EW,1,mbbs_p3_final.pdf
2025,3,896,1457,EW,EW,TCM,"Govt. Medical College, Thrissur",MBBS,EW,1,mbbs_p3_final.pdf
2025,3,897,1459,EZ,FL-EZ,PTM,"Government Medical College, Konni, Pathanamthitta",MBBS,FL-EZ,2,mbbs_p3_final.pdf
2025,3,898,1480,BH,BH,PTM,"Government Medical College, Konni, Pathanamthitta",MBBS,BH,8,mbbs_p3_final.pdf
2025,3,899,1485,VK,VK,KNM,Government Medical College Kannur,MBBS,VK,5,mbbs_p3_final.pdf
2025,3,900,1486,MU,FL-MU,PKM,"Government Medical College, Palakkad",MBBS,FL-MU,10,mbbs_p3_final.pdf
2025,3,901,1487,EZ,FL-EZ,PKM,"Government Medical College, Palakkad",MBBS,FL-EZ,9,mbbs_p3_final.pdf
2025,3,902,1495,BX,BX,ALP,"T D Govt. Medical College, Alappuzha",MBBS,BX,4,mbbs_p3_final.pdf
2025,3,903,1496,EW,EW,KTM,"Govt. Medical College, Kottayam",MBBS,EW,1,mbbs_p3_final.pdf
2025,3,904,1497,EZ,FL-EZ,PTM,"Government Medical College, Konni, Pathanamthitta",MBBS,FL-EZ,9,mbbs_p3_final.pdf
2025,3,905,1498,EW,EW,TCM,"Govt. Medical College, Thrissur",MBBS,EW,1,mbbs_p3_final.pdf
2025,3,906,1502,EZ,FL-EZ,PTM,"Government Medical College, Konni, Pathanamthitta",MBBS,FL-EZ,9,mbbs_p3_final.pdf
2025,3,907,1504,EW,EW,TCM,"Govt. Medical College, Thrissur",MBBS,EW,1,mbbs_p3_final.pdf
2025,3,908,1520,EW,EW,ALP,"T D Govt. Medical College, Alappuzha",MBBS,EW,1,mbbs_p3_final.pdf
2025,3,909,1524,EZ,FL-EZ,PTM,"Government Medical College, Konni, Pathanamthitta",MBBS,FL-EZ,6,mbbs_p3_final.pdf
2025,3,910,1527,General,AM,JMC,"Jubilee Mission Medical College, Thrisur",MBBS,AM,10,mbbs_p3_final.pdf
2025,3,911,1528,General,AM,GMC,"Sree Gokulam Medical College, Venjaramoodu, TVPM",MBBS,AM,1,mbbs_p3_final.pdf
2025,3,912,1531,BH,FL-BH,PTM,"Government Medical College, Konni, Pathanamthitta",MBBS,FL-BH,9,mbbs_p3_final.pdf
2025,3,913,1535,BH,FL-BH,PTM,"Government Medical College, Konni, Pathanamthitta",MBBS,FL-BH,10,mbbs_p3_final.pdf
2025,3,914,1536,VK,VK,KNM,Government Medical College Kannur,MBBS,VK,4,mbbs_p3_final.pdf
2025,3,915,1537,EZ,FL-EZ,PTM,"Government Medical College, Konni, Pathanamthitta",MBBS,FL-EZ,7,mbbs_p3_final.pdf
2025,3,916,1545,BH,FL-BH,PTM,"Government Medical College, Konni, Pathanamthitta",MBBS,FL-BH,9,mbbs_p3_final.pdf
2025,3,917,1548,LA,LA,TCM,"Govt. Medical College, Thrissur",MBBS,LA,1,mbbs_p3_final.pdf
2025,3,918,1549,BH,FL-BH,PTM,"Government Medical College, Konni, Pathanamthitta",MBBS,FL-BH,1,mbbs_p3_final.pdf
2025,3,919,1550,SC,SC,KKM,"Govt. Medical College, Kozhikkode",MBBS,SC,1,mbbs_p3_final.pdf
2025,3,920,1558,EZ,FL-EZ,PTM,"Government Medical College, Konni, Pathanamthitta",MBBS,FL-EZ,4,mbbs_p3_final.pdf
2025,3,921,1564,EW,EW,TCM,"Govt. Medical College, Thrissur",MBBS,EW,1,mbbs_p3_final.pdf
2025,3,922,1565,EZ,FL-EZ,PTM,"Government Medical College, Konni, Pathanamthitta",MBBS,FL-EZ,6,mbbs_p3_final.pdf
2025,3,923,1568,EW,EW,ALP,"T D Govt. Medical College, Alappuzha",MBBS,EW,3,mbbs_p3_final.pdf
2025,3,924,1572,BH,AM,AMC,"Amala Institute of Medical Sciences, Thrissur",MBBS,AM,1,mbbs_p3_final.pdf
2025,3,925,1574,EZ,FL-EZ,PTM,"Government Medical College, Konni, Pathanamthitta",MBBS,FL-EZ,4,mbbs_p3_final.pdf
2025,3,926,1579,EZ,FL-EZ,PTM,"Government Medical College, Konni, Pathanamthitta",MBBS,FL-EZ,6,mbbs_p3_final.pdf
2025,3,927,1580,MU,FL-MU,PKM,"Government Medical College, Palakkad",MBBS,FL-MU,8,mbbs_p3_final.pdf
2025,3,928,1588,EZ,FL-EZ,PTM,"Government Medical College, Konni, Pathanamthitta",MBBS,FL-EZ,9,mbbs_p3_final.pdf
2025,3,929,1597,BH,AM,JMC,"Jubilee Mission Medical College, Thrisur",MBBS,AM,6,mbbs_p3_final.pdf
2025,3,930,1599,EZ,FL-EZ,PTM,"Government Medical College, Konni, Pathanamthitta",MBBS,FL-EZ,9,mbbs_p3_final.pdf
2025,3,931,1600,LA,LA,ALP,"T D Govt. Medical College, Alappuzha",MBBS,LA,1,mbbs_p3_final.pdf
2025,3,932,1602,BX,BX,CMC,"Govt. Medical College, Ernakulam",MBBS,BX,1,mbbs_p3_final.pdf
2025,3,933,1604,BH,FL-BH,PTM,"Government Medical College, Konni, Pathanamthitta",MBBS,FL-BH,9,mbbs_p3_final.pdf
2025,3,934,1605,EZ,FL-EZ,PTM,"Government Medical College, Konni, Pathanamthitta",MBBS,FL-EZ,6,mbbs_p3_final.pdf
2025,3,935,1611,General,PI,KTM,"Govt. Medical College, Kottayam",MBBS,PI,1,mbbs_p3_final.pdf
2025,3,936,1617,EZ,FL-EZ,PTM,"Government Medical College, Konni, Pathanamthitta",MBBS,FL-EZ,1,mbbs_p3_final.pdf
2025,3,937,1622,EZ,FL-EZ,PTM,"Government Medical College, Konni, Pathanamthitta",MBBS,FL-EZ,6,mbbs_p3_final.pdf
2025,3,938,1626,EW,EW,ALP,"T D Govt. Medical College, Alappuzha",MBBS,EW,1,mbbs_p3_final.pdf
2025,3,939,1627,EZ,FL-EZ,PTM,"Government Medical College, Konni, Pathanamthitta",MBBS,FL-EZ,8,mbbs_p3_final.pdf
2025,3,940,1628,EW,EW,ALP,"T D Govt. Medical College, Alappuzha",MBBS,EW,3,mbbs_p3_final.pdf
2025,3,941,1630,EZ,FL-EZ,PKM,"Government Medical College, Palakkad",MBBS,FL-EZ,10,mbbs_p3_final.pdf
2025,3,942,1635,EZ,FL-EZ,PTM,"Government Medical College, Konni, Pathanamthitta",MBBS,FL-EZ,9,mbbs_p3_final.pdf
2025,3,943,1642,EZ,EZ,IDM,Government Medical College Idukki,MBBS,EZ,9,mbbs_p3_final.pdf
2025,3,944,1649,EZ,EZ,IDM,Government Medical College Idukki,MBBS,EZ,10,mbbs_p3_final.pdf
2025,3,945,1656,BH,BH,IDM,Government Medical College Idukki,MBBS,BH,9,mbbs_p3_final.pdf
2025,3,946,1659,MU,MU,PTM,"Government Medical College, Konni, Pathanamthitta",MBBS,MU,4,mbbs_p3_final.pdf
2025,3,947,1660,EW,EW,KLM,"Govt. Medical College, Parippally, Kollam",MBBS,EW,1,mbbs_p3_final.pdf
2025,3,948,1662,EW,EW,ALP,"T D Govt. Medical College, Alappuzha",MBBS,EW,4,mbbs_p3_final.pdf
2025,3,949,1665,EW,EW,ALP,"T D Govt. Medical College, Alappuzha",MBBS,EW,1,mbbs_p3_final.pdf
2025,3,950,1666,EW,EW,TCM,"Govt. Medical College, Thrissur",MBBS,EW,1,mbbs_p3_final.pdf
2025,3,951,1669,EZ,FL-EZ,PTM,"Government Medical College, Konni, Pathanamthitta",MBBS,FL-EZ,7,mbbs_p3_final.pdf
2025,3,952,1672,EW,EW,ALP,"T D Govt. Medical College, Alappuzha",MBBS,EW,1,mbbs_p3_final.pdf
2025,3,953,1676,EW,EW,ALP,"T D Govt. Medical College, Alappuzha",MBBS,EW,1,mbbs_p3_final.pdf
2025,3,954,1679,BH,FL-BH,PTM,"Government Medical College, Konni, Pathanamthitta",MBBS,FL-BH,10,mbbs_p3_final.pdf
2025,3,955,1680,EZ,EZ,IDM,Government Medical College Idukki,MBBS,EZ,8,mbbs_p3_final.pdf
2025,3,956,1686,EZ,FL-EZ,PKM,"Government Medical College, Palakkad",MBBS,FL-EZ,10,mbbs_p3_final.pdf
2025,3,957,1688,EW,EW,TCM,"Govt. Medical College, Thrissur",MBBS,EW,4,mbbs_p3_final.pdf
2025,3,958,1696,EW,EW,ALP,"T D Govt. Medical College, Alappuzha",MBBS,EW,2,mbbs_p3_final.pdf
2025,3,959,1706,VK,VK,PTM,"Government Medical College, Konni, Pathanamthitta",MBBS,VK,6,mbbs_p3_final.pdf
2025,3,960,1717,EW,EW,TCM,"Govt. Medical College, Thrissur",MBBS,EW,1,mbbs_p3_final.pdf
2025,3,961,1721,EZ,EZ,IDM,Government Medical College Idukki,MBBS,EZ,10,mbbs_p3_final.pdf
2025,3,962,1722,General,AM,JMC,"Jubilee Mission Medical College, Thrisur",MBBS,AM,1,mbbs_p3_final.pdf
2025,3,963,1724,BX,BX,KNM,Government Medical College Kannur,MBBS,BX,7,mbbs_p3_final.pdf
2025,3,964,1733,LA,LA,ALP,"T D Govt. Medical College, Alappuzha",MBBS,LA,2,mbbs_p3_final.pdf
2025,3,965,1736,EZ,FL-EZ,PTM,"Government Medical College, Konni, Pathanamthitta",MBBS,FL-EZ,11,mbbs_p3_final.pdf
2025,3,966,1738,General,AM,JMC,"Jubilee Mission Medical College, Thrisur",MBBS,AM,1,mbbs_p3_final.pdf
2025,3,967,1743,BH,FL-BH,PTM,"Government Medical College, Konni, Pathanamthitta",MBBS,FL-BH,9,mbbs_p3_final.pdf
2025,3,968,1746,EW,EW,TCM,"Govt. Medical College, Thrissur",MBBS,EW,2,mbbs_p3_final.pdf
2025,3,969,1747,EW,EW,ALP,"T D Govt. Medical College, Alappuzha",MBBS,EW,1,mbbs_p3_final.pdf
2025,3,970,1752,EW,EW,ALP,"T D Govt. Medical College, Alappuzha",MBBS,EW,5,mbbs_p3_final.pdf
2025,3,971,1753,EW,EW,ALP,"T D Govt. Medical College, Alappuzha",MBBS,EW,1,mbbs_p3_final.pdf
2025,3,972,1754,EW,EW,CMC,"Govt. Medical College, Ernakulam",MBBS,EW,5,mbbs_p3_final.pdf
2025,3,973,1755,EZ,FL-EZ,PTM,"Government Medical College, Konni, Pathanamthitta",MBBS,FL-EZ,10,mbbs_p3_final.pdf
2025,3,974,1757,EZ,FL-EZ,PTM,"Government Medical College, Konni, Pathanamthitta",MBBS,FL-EZ,9,mbbs_p3_final.pdf
2025,3,975,1769,EW,EW,CMC,"Govt. Medical College, Ernakulam",MBBS,EW,1,mbbs_p3_final.pdf
2025,3,976,1779,BH,FL-BH,PTM,"Government Medical College, Konni, Pathanamthitta",MBBS,FL-BH,10,mbbs_p3_final.pdf
2025,3,977,1780,DV,DV,KTM,"Govt. Medical College, Kottayam",MBBS,DV,1,mbbs_p3_final.pdf
2025,3,978,1781,EZ,FL-EZ,PTM,"Government Medical College, Konni, Pathanamthitta",MBBS,FL-EZ,10,mbbs_p3_final.pdf
2025,3,979,1785,EZ,FL-EZ,PTM,"Government Medical College, Konni, Pathanamthitta",MBBS,FL-EZ,7,mbbs_p3_final.pdf
2025,3,980,1788,EZ,EZ,WYM,"Govt. Medical College, Wayanad",MBBS,EZ,10,mbbs_p3_final.pdf
2025,3,981,1794,BX,BX,MLP,"Govt. Medical College, Manjeri",MBBS,BX,3,mbbs_p3_final.pdf
2025,3,982,1795,EW,EW,CMC,"Govt. Medical College, Ernakulam",MBBS,EW,1,mbbs_p3_final.pdf
2025,3,983,1797,EZ,FL-EZ,PTM,"Government Medical College, Konni, Pathanamthitta",MBBS,FL-EZ,10,mbbs_p3_final.pdf
2025,3,984,1801,General,AM,GMC,"Sree Gokulam Medical College, Venjaramoodu, TVPM",MBBS,AM,8,mbbs_p3_final.pdf
2025,3,985,1811,BH,AM,AMC,"Amala Institute of Medical Sciences, Thrissur",MBBS,AM,1,mbbs_p3_final.pdf
2025,3,986,1815,EZ,FL-EZ,IDM,Government Medical College Idukki,MBBS,FL-EZ,9,mbbs_p3_final.pdf
2025,3,987,1818,EW,EW,CMC,"Govt. Medical College, Ernakulam",MBBS,EW,4,mbbs_p3_final.pdf
2025,3,988,1819,VK,VK,KLM,"Govt. Medical College, Parippally, Kollam",MBBS,VK,2,mbbs_p3_final.pdf
2025,3,989,1825,General,AM,JMC,"Jubilee Mission Medical College, Thrisur",MBBS,AM,10,mbbs_p3_final.pdf
2025,3,990,1826,EZ,FL-EZ,IDM,Government Medical College Idukki,MBBS,FL-EZ,12,mbbs_p3_final.pdf
2025,3,991,1827,EW,EW,CMC,"Govt. Medical College, Ernakulam",MBBS,EW,1,mbbs_p3_final.pdf
2025,3,992,1838,MU,MU,PTM,"Government Medical College, Konni, Pathanamthitta",MBBS,MU,11,mbbs_p3_final.pdf
2025,3,993,1853,EW,EW,KNM,Government Medical College Kannur,MBBS,EW,1,mbbs_p3_final.pdf
2025,3,994,1854,MU,MU,PTM,"Government Medical College, Konni, Pathanamthitta",MBBS,MU,11,mbbs_p3_final.pdf
2025,3,995,1872,EW,EW,CMC,"Govt. Medical College, Ernakulam",MBBS,EW,5,mbbs_p3_final.pdf
2025,3,996,1881,EW,EW,MLP,"Govt. Medical College, Manjeri",MBBS,EW,1,mbbs_p3_final.pdf
2025,3,997,1883,BH,FL-BH,PTM,"Government Medical College, Konni, Pathanamthitta",MBBS,FL-BH,9,mbbs_p3_final.pdf
2025,3,998,1888,General,SM,KTD,"Govt. Dental College, Kottayam",BDS,SM,1,mbbs_p3_final.pdf
2025,3,999,1891,DV,DV,TVM,"Govt. Medical College, Thiruvananthapuram",MBBS,DV,1,mbbs_p3_final.pdf
2025,3,1000,1892,BH,FL-BH,PTM,"Government Medical College, Konni, Pathanamthitta",MBBS,FL-BH,10,mbbs_p3_final.pdf
2025,3,1001,1894,EZ,XS,ALP,"T D Govt. Medical College, Alappuzha",MBBS,XS,3,mbbs_p3_final.pdf
2025,3,1002,1897,EW,EW,KNM,Government Medical College Kannur,MBBS,EW,1,mbbs_p3_final.pdf
2025,3,1003,1899,EZ,EZ,WYM,"Govt. Medical College, Wayanad",MBBS,EZ,5,mbbs_p3_final.pdf
2025,3,1004,1901,EZ,AM,JMC,"Jubilee Mission Medical College, Thrisur",MBBS,AM,7,mbbs_p3_final.pdf
2025,3,1005,1902,BH,FL-BH,IDM,Government Medical College Idukki,MBBS,FL-BH,11,mbbs_p3_final.pdf
2025,3,1006,1904,EW,EW,MLP,"Govt. Medical College, Manjeri",MBBS,EW,1,mbbs_p3_final.pdf
2025,3,1007,1908,VK,VK,MLP,"Govt. Medical College, Manjeri",MBBS,VK,1,mbbs_p3_final.pdf
2025,3,1008,1911,EW,EW,CMC,"Govt. Medical College, Ernakulam",MBBS,EW,3,mbbs_p3_final.pdf
2025,3,1009,1932,EW,EW,MLP,"Govt. Medical College, Manjeri",MBBS,EW,6,mbbs_p3_final.pdf
2025,3,1010,1934,LA,LA,TCM,"Govt. Medical College, Thrissur",MBBS,LA,1,mbbs_p3_final.pdf
2025,3,1011,1935,BH,AM,JMC,"Jubilee Mission Medical College, Thrisur",MBBS,AM,10,mbbs_p3_final.pdf
2025,3,1012,1937,EW,EW,CMC,"Govt. Medical College, Ernakulam",MBBS,EW,2,mbbs_p3_final.pdf
2025,3,1013,1938,LA,LA,ALP,"T D Govt. Medical College, Alappuzha",MBBS,LA,1,mbbs_p3_final.pdf
2025,3,1014,1943,EW,EW,CMC,"Govt. Medical College, Ernakulam",MBBS,EW,2,mbbs_p3_final.pdf
2025,3,1015,1946,General,AM,PMC,"Pushpagiri Institute of Medical Science, Thiruvalla",MBBS,AM,9,mbbs_p3_final.pdf
2025,3,1016,1954,EW,EW,KLM,"Govt. Medical College, Parippally, Kollam",MBBS,EW,2,mbbs_p3_final.pdf
2025,3,1017,1980,MU,MU,WYM,"Govt. Medical College, Wayanad",MBBS,MU,10,mbbs_p3_final.pdf
2025,3,1018,1981,BH,AM,JMC,"Jubilee Mission Medical College, Thrisur",MBBS,AM,11,mbbs_p3_final.pdf
2025,3,1019,1985,MU,MU,PTM,"Government Medical College, Konni, Pathanamthitta",MBBS,MU,9,mbbs_p3_final.pdf
2025,3,1020,1990,General,AM,AMC,"Amala Institute of Medical Sciences, Thrissur",MBBS,AM,7,mbbs_p3_final.pdf
2025,3,1021,2002,EW,EW,KNM,Government Medical College Kannur,MBBS,EW,7,mbbs_p3_final.pdf
2025,3,1022,2005,EZ,FL-EZ,IDM,Government Medical College Idukki,MBBS,FL-EZ,12,mbbs_p3_final.pdf
2025,3,1023,2006,EZ,AM,JMC,"Jubilee Mission Medical College, Thrisur",MBBS,AM,12,mbbs_p3_final.pdf
2025,3,1024,2007,General,AM,JMC,"Jubilee Mission Medical College, Thrisur",MBBS,AM,10,mbbs_p3_final.pdf
2025,3,1025,2014,EW,EW,KNM,Government Medical College Kannur,MBBS,EW,1,mbbs_p3_final.pdf
2025,3,1026,2017,EZ,FL-EZ,IDM,Government Medical College Idukki,MBBS,FL-EZ,12,mbbs_p3_final.pdf
2025,3,1027,2024,EZ,FL-EZ,IDM,Government Medical College Idukki,MBBS,FL-EZ,9,mbbs_p3_final.pdf
2025,3,1028,2032,MU,AM,JMC,"Jubilee Mission Medical College, Thrisur",MBBS,AM,1,mbbs_p3_final.pdf
2025,3,1029,2034,EZ,FL-EZ,IDM,Government Medical College Idukki,MBBS,FL-EZ,12,mbbs_p3_final.pdf
2025,3,1030,2039,BX,BX,KLM,"Govt. Medical College, Parippally, Kollam",MBBS,BX,1,mbbs_p3_final.pdf
2025,3,1031,2048,EW,EW,KNM,Government Medical College Kannur,MBBS,EW,1,mbbs_p3_final.pdf
2025,3,1032,2049,EW,EW,MLP,"Govt. Medical College, Manjeri",MBBS,EW,2,mbbs_p3_final.pdf
2025,3,1033,2060,MU,AM,EMC,"MES Medical College, Perinthalmanna, Malappuram",MBBS,AM,1,mbbs_p3_final.pdf
2025,3,1034,2063,BH,FL-BH,IDM,Government Medical College Idukki,MBBS,FL-BH,10,mbbs_p3_final.pdf
2025,3,1035,2064,VK,VK,IDM,Government Medical College Idukki,MBBS,VK,10,mbbs_p3_final.pdf
2025,3,1036,2065,General,AM,SUC,"SUT Accademy of Medical Sciences, Thiruvananthapuram",MBBS,AM,2,mbbs_p3_final.pdf
2025,3,1037,2072,General,AM,AMC,"Amala Institute of Medical Sciences, Thrissur",MBBS,AM,1,mbbs_p3_final.pdf
2025,3,1038,2084,BH,FL-BH,IDM,Government Medical College Idukki,MBBS,FL-BH,11,mbbs_p3_final.pdf
2025,3,1039,2090,EW,EW,KNM,Government Medical College Kannur,MBBS,EW,1,mbbs_p3_final.pdf
2025,3,1040,2091,EW,EW,MLP,"Govt. Medical College, Manjeri",MBBS,EW,2,mbbs_p3_final.pdf
2025,3,1041,2092,EW,EW,MLP,"Govt. Medical College, Manjeri",MBBS,EW,5,mbbs_p3_final.pdf
2025,3,1042,2098,MU,MU,IDM,Government Medical College Idukki,MBBS,MU,9,mbbs_p3_final.pdf
2025,3,1043,2100,MU,MU,PTM,"Government Medical College, Konni, Pathanamthitta",MBBS,MU,8,mbbs_p3_final.pdf
2025,3,1044,2103,LA,LA,ALP,"T D Govt. Medical College, Alappuzha",MBBS,LA,1,mbbs_p3_final.pdf
2025,3,1045,2107,VK,VK,WYM,"Govt. Medical College, Wayanad",MBBS,VK,6,mbbs_p3_final.pdf
2025,3,1046,2109,EW,EW,MLP,"Govt. Medical College, Manjeri",MBBS,EW,1,mbbs_p3_final.pdf
2025,3,1047,2118,EW,EW,MLP,"Govt. Medical College, Manjeri",MBBS,EW,3,mbbs_p3_final.pdf
2025,3,1048,2141,EW,EW,PTM,"Government Medical College, Konni, Pathanamthitta",MBBS,EW,7,mbbs_p3_final.pdf
2025,3,1049,2148,MU,MU,IDM,Government Medical College Idukki,MBBS,MU,11,mbbs_p3_final.pdf
2025,3,1050,2151,LA,LA,CMC,"Govt. Medical College, Ernakulam",MBBS,LA,5,mbbs_p3_final.pdf
2025,3,1051,2153,EW,EW,KNM,Government Medical College Kannur,MBBS,EW,5,mbbs_p3_final.pdf
2025,3,1052,2154,General,AM,JMC,"Jubilee Mission Medical College, Thrisur",MBBS,AM,13,mbbs_p3_final.pdf
2025,3,1053,2159,BH,AM,JMC,"Jubilee Mission Medical College, Thrisur",MBBS,AM,7,mbbs_p3_final.pdf
2025,3,1054,2168,SC,SC,KKM,"Govt. Medical College, Kozhikkode",MBBS,SC,1,mbbs_p3_final.pdf
2025,3,1055,2184,General,AM,JMC,"Jubilee Mission Medical College, Thrisur",MBBS,AM,1,mbbs_p3_final.pdf
2025,3,1056,2185,LA,LA,CMC,"Govt. Medical College, Ernakulam",MBBS,LA,1,mbbs_p3_final.pdf
2025,3,1057,2186,EW,EW,KNM,Government Medical College Kannur,MBBS,EW,5,mbbs_p3_final.pdf
2025,3,1058,2189,LA,LA,CMC,"Govt. Medical College, Ernakulam",MBBS,LA,1,mbbs_p3_final.pdf
2025,3,1059,2197,EZ,FL-EZ,IDM,Government Medical College Idukki,MBBS,FL-EZ,11,mbbs_p3_final.pdf
2025,3,1060,2198,EW,EW,KLM,"Govt. Medical College, Parippally, Kollam",MBBS,EW,9,mbbs_p3_final.pdf
2025,3,1061,2211,MU,AM,DMM,"Dr. Moopens Medical College, Meppadi, Wayanad",MBBS,AM,1,mbbs_p3_final.pdf
2025,3,1062,2221,MU,MU,WYM,"Govt. Medical College, Wayanad",MBBS,MU,11,mbbs_p3_final.pdf
2025,3,1063,2224,EZ,FL-EZ,IDM,Government Medical College Idukki,MBBS,FL-EZ,10,mbbs_p3_final.pdf
2025,3,1064,2227,BH,AM,JMC,"Jubilee Mission Medical College, Thrisur",MBBS,AM,5,mbbs_p3_final.pdf
2025,3,1065,2229,EZ,FL-EZ,IDM,Government Medical College Idukki,MBBS,FL-EZ,12,mbbs_p3_final.pdf
2025,3,1066,2233,LA,LA,PTM,"Government Medical College, Konni, Pathanamthitta",MBBS,LA,1,mbbs_p3_final.pdf
2025,3,1067,2238,General,AC,JMC,"Jubilee Mission Medical College, Thrisur",MBBS,AC,1,mbbs_p3_final.pdf
2025,3,1068,2244,BH,AM,JMC,"Jubilee Mission Medical College, Thrisur",MBBS,AM,1,mbbs_p3_final.pdf
2025,3,1069,2246,EW,EW,KLM,"Govt. Medical College, Parippally, Kollam",MBBS,EW,1,mbbs_p3_final.pdf
2025,3,1070,2247,MU,AM,AMC,"Amala Institute of Medical Sciences, Thrissur",MBBS,AM,10,mbbs_p3_final.pdf
2025,3,1071,2249,MU,MU,IDM,Government Medical College Idukki,MBBS,MU,11,mbbs_p3_final.pdf
2025,3,1072,2253,General,AM,JMC,"Jubilee Mission Medical College, Thrisur",MBBS,AM,1,mbbs_p3_final.pdf
2025,3,1073,2259,MU,MU,IDM,Government Medical College Idukki,MBBS,MU,11,mbbs_p3_final.pdf
2025,3,1074,2268,MU,MU,KSM,"Govt. Medical College, Kasaragod",MBBS,MU,11,mbbs_p3_final.pdf
2025,3,1075,2272,MU,MU,IDM,Government Medical College Idukki,MBBS,MU,10,mbbs_p3_final.pdf
2025,3,1076,2277,BH,AM,JMC,"Jubilee Mission Medical College, Thrisur",MBBS,AM,7,mbbs_p3_final.pdf
2025,3,1077,2278,General,AM,MMC,"Malankara Orthodox Syrian Church MediCollege, Kolenchery",MBBS,AM,1,mbbs_p3_final.pdf
2025,3,1078,2284,BH,BH,WYM,"Govt. Medical College, Wayanad",MBBS,BH,10,mbbs_p3_final.pdf
2025,3,1079,2290,LA,LA,KNM,Government Medical College Kannur,MBBS,LA,6,mbbs_p3_final.pdf
2025,3,1080,2291,EW,EW,KLM,"Govt. Medical College, Parippally, Kollam",MBBS,EW,9,mbbs_p3_final.pdf
2025,3,1081,2293,General,AM,PMC,"Pushpagiri Institute of Medical Science, Thiruvalla",MBBS,AM,1,mbbs_p3_final.pdf
2025,3,1082,2298,EZ,SM,JMC,"Jubilee Mission Medical College, Thrisur",MBBS,SM,11,mbbs_p3_final.pdf
2025,3,1083,2300,General,SM,JMC,"Jubilee Mission Medical College, Thrisur",MBBS,SM,10,mbbs_p3_final.pdf
2025,3,1084,2302,BH,AM,GMC,"Sree Gokulam Medical College, Venjaramoodu, TVPM",MBBS,AM,1,mbbs_p3_final.pdf
2025,3,1085,2304,General,SM,JMC,"Jubilee Mission Medical College, Thrisur",MBBS,SM,5,mbbs_p3_final.pdf
2025,3,1086,2305,EZ,EZ,WYM,"Govt. Medical College, Wayanad",MBBS,EZ,12,mbbs_p3_final.pdf
2025,3,1087,2314,General,AM,MMC,"Malankara Orthodox Syrian Church MediCollege, Kolenchery",MBBS,AM,1,mbbs_p3_final.pdf
2025,3,1088,2316,VK,VK,IDM,Government Medical College Idukki,MBBS,VK,9,mbbs_p3_final.pdf
2025,3,1089,2320,General,SM,JMC,"Jubilee Mission Medical College, Thrisur",MBBS,SM,9,mbbs_p3_final.pdf
2025,3,1090,2324,General,SM,JMC,"Jubilee Mission Medical College, Thrisur",MBBS,SM,13,mbbs_p3_final.pdf
2025,3,1091,2328,BH,FL-BH,IDM,Government Medical College Idukki,MBBS,FL-BH,12,mbbs_p3_final.pdf
2025,3,1092,2330,VK,FL-VK,IDM,Government Medical College Idukki,MBBS,FL-VK,10,mbbs_p3_final.pdf
2025,3,1093,2332,VK,VK,PTM,"Government Medical College, Konni, Pathanamthitta",MBBS,VK,5,mbbs_p3_final.pdf
2025,3,1094,2333,VK,FL-VK,IDM,Government Medical College Idukki,MBBS,FL-VK,8,mbbs_p3_final.pdf
2025,3,1095,2335,MU,MU,IDM,Government Medical College Idukki,MBBS,MU,12,mbbs_p3_final.pdf
2025,3,1096,2337,BH,AM,AMC,"Amala Institute of Medical Sciences, Thrissur",MBBS,AM,1,mbbs_p3_final.pdf
2025,3,1097,2338,MU,SM,KKD,"Govt. Dental College, Kozhikkode",BDS,SM,1,mbbs_p3_final.pdf
2025,3,1098,2339,General,AM,BCM,"Believers Church Medical College Hospital, Thiruvalla",MBBS,AM,10,mbbs_p3_final.pdf
2025,3,1099,2340,MU,FL-MU,WYM,"Govt. Medical College, Wayanad",MBBS,FL-MU,7,mbbs_p3_final.pdf
2025,3,1100,2345,EZ,FL-EZ,IDM,Government Medical College Idukki,MBBS,FL-EZ,12,mbbs_p3_final.pdf
2025,3,1101,2346,MU,FL-MU,IDM,Government Medical College Idukki,MBBS,FL-MU,12,mbbs_p3_final.pdf
2025,3,1102,2348,VK,FL-VK,IDM,Government Medical College Idukki,MBBS,FL-VK,10,mbbs_p3_final.pdf
2025,3,1103,2351,General,SM,JMC,"Jubilee Mission Medical College, Thrisur",MBBS,SM,12,mbbs_p3_final.pdf
2025,3,1104,2352,MU,FL-MU,IDM,Government Medical College Idukki,MBBS,FL-MU,12,mbbs_p3_final.pdf
2025,3,1105,2353,EZ,EZ,WYM,"Govt. Medical College, Wayanad",MBBS,EZ,11,mbbs_p3_final.pdf
2025,3,1106,2357,MU,FL-MU,IDM,Government Medical College Idukki,MBBS,FL-MU,11,mbbs_p3_final.pdf
2025,3,1107,2358,General,SM,JMC,"Jubilee Mission Medical College, Thrisur",MBBS,SM,13,mbbs_p3_final.pdf
2025,3,1108,2359,MU,FL-MU,IDM,Government Medical College Idukki,MBBS,FL-MU,10,mbbs_p3_final.pdf
2025,3,1109,2360,MU,FL-MU,WYM,"Govt. Medical College, Wayanad",MBBS,FL-MU,12,mbbs_p3_final.pdf
2025,3,1110,2361,VK,FL-VK,IDM,Government Medical College Idukki,MBBS,FL-VK,3,mbbs_p3_final.pdf
2025,3,1111,2362,EZ,FL-EZ,IDM,Government Medical College Idukki,MBBS,FL-EZ,8,mbbs_p3_final.pdf
2025,3,1112,2364,MU,FL-MU,IDM,Government Medical College Idukki,MBBS,FL-MU,11,mbbs_p3_final.pdf
2025,3,1113,2365,General,AC,JMC,"Jubilee Mission Medical College, Thrisur",MBBS,AC,1,mbbs_p3_final.pdf
2025,3,1114,2366,MU,FL-MU,WYM,"Govt. Medical College, Wayanad",MBBS,FL-MU,12,mbbs_p3_final.pdf
2025,3,1115,2368,MU,FL-MU,IDM,Government Medical College Idukki,MBBS,FL-MU,11,mbbs_p3_final.pdf
2025,3,1116,2369,EW,EW,PTM,"Government Medical College, Konni, Pathanamthitta",MBBS,EW,1,mbbs_p3_final.pdf
2025,3,1117,2370,General,AM,AMC,"Amala Institute of Medical Sciences, Thrissur",MBBS,AM,1,mbbs_p3_final.pdf
2025,3,1118,2373,MU,FL-MU,IDM,Government Medical College Idukki,MBBS,FL-MU,11,mbbs_p3_final.pdf
2025,3,1119,2377,LA,LA,MLP,"Govt. Medical College, Manjeri",MBBS,LA,1,mbbs_p3_final.pdf
2025,3,1120,2378,MU,FL-MU,WYM,"Govt. Medical College, Wayanad",MBBS,FL-MU,13,mbbs_p3_final.pdf
2025,3,1121,2379,MU,MU,KSM,"Govt. Medical College, Kasaragod",MBBS,MU,13,mbbs_p3_final.pdf
2025,3,1122,2381,MU,FL-MU,WYM,"Govt. Medical College, Wayanad",MBBS,FL-MU,11,mbbs_p3_final.pdf
2025,3,1123,2382,General,AM,AMC,"Amala Institute of Medical Sciences, Thrissur",MBBS,AM,13,mbbs_p3_final.pdf
2025,3,1124,2384,EW,EW,PTM,"Government Medical College, Konni, Pathanamthitta",MBBS,EW,1,mbbs_p3_final.pdf
2025,3,1125,2385,MU,MU,KSM,"Govt. Medical College, Kasaragod",MBBS,MU,13,mbbs_p3_final.pdf
2025,3,1126,2386,MU,FL-MU,WYM,"Govt. Medical College, Wayanad",MBBS,FL-MU,13,mbbs_p3_final.pdf
2025,3,1127,2388,MU,FL-MU,WYM,"Govt. Medical College, Wayanad",MBBS,FL-MU,13,mbbs_p3_final.pdf
2025,3,1128,2389,EZ,EZ,KSM,"Govt. Medical College, Kasaragod",MBBS,EZ,14,mbbs_p3_final.pdf
2025,3,1129,2392,General,SM,JMC,"Jubilee Mission Medical College, Thrisur",MBBS,SM,1,mbbs_p3_final.pdf
2025,3,1130,2394,MU,FL-MU,KSM,"Govt. Medical College, Kasaragod",MBBS,FL-MU,13,mbbs_p3_final.pdf
2025,3,1131,2396,BX,BX,PTM,"Government Medical College, Konni, Pathanamthitta",MBBS,BX,1,mbbs_p3_final.pdf
2025,3,1132,2399,BH,AM,AMC,"Amala Institute of Medical Sciences, Thrissur",MBBS,AM,10,mbbs_p3_final.pdf
2025,3,1133,2401,MU,SM,JMC,"Jubilee Mission Medical College, Thrisur",MBBS,SM,15,mbbs_p3_final.pdf
2025,3,1134,2403,EZ,EZ,KSM,"Govt. Medical College, Kasaragod",MBBS,EZ,13,mbbs_p3_final.pdf
2025,3,1135,2407,EZ,EZ,KSM,"Govt. Medical College, Kasaragod",MBBS,EZ,14,mbbs_p3_final.pdf
2025,3,1136,2408,MU,AM,TRM,"Travancore Medical College, Umayanalloor, Kollam",MBBS,AM,15,mbbs_p3_final.pdf
2025,3,1137,2409,EZ,EZ,KSM,"Govt. Medical College, Kasaragod",MBBS,EZ,14,mbbs_p3_final.pdf
2025,3,1138,2412,EZ,SM,JMC,"Jubilee Mission Medical College, Thrisur",MBBS,SM,15,mbbs_p3_final.pdf
2025,3,1139,2414,General,AM,BCM,"Believers Church Medical College Hospital, Thiruvalla",MBBS,AM,1,mbbs_p3_final.pdf
2025,3,1140,2415,EZ,AM,GMC,"Sree Gokulam Medical College, Venjaramoodu, TVPM",MBBS,AM,13,mbbs_p3_final.pdf
2025,3,1141,2416,MU,SM,JMC,"Jubilee Mission Medical College, Thrisur",MBBS,SM,15,mbbs_p3_final.pdf
2025,3,1142,2419,MU,SM,KKD,"Govt. Dental College, Kozhikkode",BDS,SM,15,mbbs_p3_final.pdf
2025,3,1143,2420,LA,LA,MLP,"Govt. Medical College, Manjeri",MBBS,LA,1,mbbs_p3_final.pdf
2025,3,1144,2422,MU,AM,AMC,"Amala Institute of Medical Sciences, Thrissur",MBBS,AM,15,mbbs_p3_final.pdf
2025,3,1145,2426,EZ,AM,KEM,"Kerala Medical College, Palakkad",MBBS,AM,15,mbbs_p3_final.pdf
2025,3,1146,2427,MU,SM,KKD,"Govt. Dental College, Kozhikkode",BDS,SM,15,mbbs_p3_final.pdf
2025,3,1147,2432,EZ,SM,JMC,"Jubilee Mission Medical College, Thrisur",MBBS,SM,15,mbbs_p3_final.pdf
2025,3,1148,2436,General,SM,KKD,"Govt. Dental College, Kozhikkode",BDS,SM,14,mbbs_p3_final.pdf
2025,3,1149,2438,General,AM,MMC,"Malankara Orthodox Syrian Church MediCollege, Kolenchery",MBBS,AM,13,mbbs_p3_final.pdf
2025,3,1150,2441,MU,AM,AMC,"Amala Institute of Medical Sciences, Thrissur",MBBS,AM,14,mbbs_p3_final.pdf
2025,3,1151,2442,MU,SM,JMC,"Jubilee Mission Medical College, Thrisur",MBBS,SM,15,mbbs_p3_final.pdf
2025,3,1152,2443,General,SM,KKD,"Govt. Dental College, Kozhikkode",BDS,SM,1,mbbs_p3_final.pdf
2025,3,1153,2444,MU,SM,KKD,"Govt. Dental College, Kozhikkode",BDS,SM,15,mbbs_p3_final.pdf
2025,3,1154,2448,EW,EW,PTM,"Government Medical College, Konni, Pathanamthitta",MBBS,EW,5,mbbs_p3_final.pdf
2025,3,1155,2450,General,SM,TVD,"Govt. Dental College, Thiruvananthapuram",BDS,SM,1,mbbs_p3_final.pdf
2025,3,1156,2455,MU,AM,AMC,"Amala Institute of Medical Sciences, Thrissur",MBBS,AM,15,mbbs_p3_final.pdf
2025,3,1157,2457,General,SM,JMC,"Jubilee Mission Medical College, Thrisur",MBBS,SM,9,mbbs_p3_final.pdf
2025,3,1158,2458,General,SD,ALP,"T D Govt. Medical College, Alappuzha",MBBS,SD,4,mbbs_p3_final.pdf
2025,3,1159,2461,BH,AM,AMC,"Amala Institute of Medical Sciences, Thrissur",MBBS,AM,2,mbbs_p3_final.pdf
2025,3,1160,2464,EZ,AM,TRM,"Travancore Medical College, Umayanalloor, Kollam",MBBS,AM,14,mbbs_p3_final.pdf
2025,3,1161,2466,General,AC,JMC,"Jubilee Mission Medical College, Thrisur",MBBS,AC,15,mbbs_p3_final.pdf
2025,3,1162,2470,General,SM,KKD,"Govt. Dental College, Kozhikkode",BDS,SM,15,mbbs_p3_final.pdf
2025,3,1163,2471,BH,SM,JMC,"Jubilee Mission Medical College, Thrisur",MBBS,SM,10,mbbs_p3_final.pdf
2025,3,1164,2474,BX,BX,IDM,Government Medical College Idukki,MBBS,BX,6,mbbs_p3_final.pdf
2025,3,1165,2476,General,AM,GMC,"Sree Gokulam Medical College, Venjaramoodu, TVPM",MBBS,AM,1,mbbs_p3_final.pdf
2025,3,1166,2479,General,SM,KKD,"Govt. Dental College, Kozhikkode",BDS,SM,15,mbbs_p3_final.pdf
2025,3,1167,2482,EW,EW,PTM,"Government Medical College, Konni, Pathanamthitta",MBBS,EW,6,mbbs_p3_final.pdf
2025,3,1168,2485,LA,LA,KNM,Government Medical College Kannur,MBBS,LA,6,mbbs_p3_final.pdf
2025,3,1169,2487,EZ,AM,GMC,"Sree Gokulam Medical College, Venjaramoodu, TVPM",MBBS,AM,15,mbbs_p3_final.pdf
2025,3,1170,2495,General,AM,PMC,"Pushpagiri Institute of Medical Science, Thiruvalla",MBBS,AM,15,mbbs_p3_final.pdf
2025,3,1171,2496,LA,LA,KLM,"Govt. Medical College, Parippally, Kollam",MBBS,LA,8,mbbs_p3_final.pdf
2025,3,1172,2497,General,AM,GMC,"Sree Gokulam Medical College, Venjaramoodu, TVPM",MBBS,AM,15,mbbs_p3_final.pdf
2025,3,1173,2499,EW,EW,PTM,"Government Medical College, Konni, Pathanamthitta",MBBS,EW,8,mbbs_p3_final.pdf
2025,3,1174,2500,EZ,AM,AMC,"Amala Institute of Medical Sciences, Thrissur",MBBS,AM,13,mbbs_p3_final.pdf
2025,3,1175,2503,BH,BH,WYM,"Govt. Medical College, Wayanad",MBBS,BH,13,mbbs_p3_final.pdf
2025,3,1176,2504,General,AM,AMC,"Amala Institute of Medical Sciences, Thrissur",MBBS,AM,1,mbbs_p3_final.pdf
2025,3,1177,2505,General,AC,JMC,"Jubilee Mission Medical College, Thrisur",MBBS,AC,1,mbbs_p3_final.pdf
2025,3,1178,2507,BH,FL-BH,WYM,"Govt. Medical College, Wayanad",MBBS,FL-BH,1,mbbs_p3_final.pdf
2025,3,1179,2511,General,AM,KEM,"Kerala Medical College, Palakkad",MBBS,AM,1,mbbs_p3_final.pdf
2025,3,1180,2513,MU,AM,EMC,"MES Medical College, Perinthalmanna, Malappuram",MBBS,AM,15,mbbs_p3_final.pdf
2025,3,1181,2517,EW,EW,IDM,Government Medical College Idukki,MBBS,EW,1,mbbs_p3_final.pdf
2025,3,1182,2520,BH,BH,KSM,"Govt. Medical College, Kasaragod",MBBS,BH,12,mbbs_p3_final.pdf
2025,3,1183,2522,General,SM,AMC,"Amala Institute of Medical Sciences, Thrissur",MBBS,SM,15,mbbs_p3_final.pdf
2025,3,1184,2525,BH,FL-BH,WYM,"Govt. Medical College, Wayanad",MBBS,FL-BH,13,mbbs_p3_final.pdf
2025,3,1185,2529,MU,AM,EMC,"MES Medical College, Perinthalmanna, Malappuram",MBBS,AM,13,mbbs_p3_final.pdf
2025,3,1186,2532,General,SM,AMC,"Amala Institute of Medical Sciences, Thrissur",MBBS,SM,1,mbbs_p3_final.pdf
2025,3,1187,2540,MU,SM,AMC,"Amala Institute of Medical Sciences, Thrissur",MBBS,SM,15,mbbs_p3_final.pdf
2025,3,1188,2542,MU,AM,DMM,"Dr. Moopens Medical College, Meppadi, Wayanad",MBBS,AM,1,mbbs_p3_final.pdf
2025,3,1189,2546,MU,SM,JMC,"Jubilee Mission Medical College, Thrisur",MBBS,SM,15,mbbs_p3_final.pdf
2025,3,1190,2551,EZ,SM,KKD,"Govt. Dental College, Kozhikkode",BDS,SM,14,mbbs_p3_final.pdf
2025,3,1191,2552,General,AM,PMC,"Pushpagiri Institute of Medical Science, Thiruvalla",MBBS,AM,15,mbbs_p3_final.pdf
2025,3,1192,2555,MU,SM,KKD,"Govt. Dental College, Kozhikkode",BDS,SM,15,mbbs_p3_final.pdf
2025,3,1193,2556,VK,FL-VK,IDM,Government Medical College Idukki,MBBS,FL-VK,11,mbbs_p3_final.pdf
2025,3,1194,2562,BH,FL-BH,WYM,"Govt. Medical College, Wayanad",MBBS,FL-BH,13,mbbs_p3_final.pdf
2025,3,1195,2565,MU,SM,KKD,"Govt. Dental College, Kozhikkode",BDS,SM,10,mbbs_p3_final.pdf
2025,3,1196,2566,General,AM,BCM,"Believers Church Medical College Hospital, Thiruvalla",MBBS,AM,1,mbbs_p3_final.pdf
2025,3,1197,2567,General,SM,AMC,"Amala Institute of Medical Sciences, Thrissur",MBBS,SM,13,mbbs_p3_final.pdf
2025,3,1198,2568,MU,SM,AMC,"Amala Institute of Medical Sciences, Thrissur",MBBS,SM,15,mbbs_p3_final.pdf
2025,3,1199,2571,EW,EW,PTM,"Government Medical College, Konni, Pathanamthitta",MBBS,EW,2,mbbs_p3_final.pdf
2025,3,1200,2572,MU,AM,MMH,"Malabar Medical College Hospital, Kozhikkode",MBBS,AM,15,mbbs_p3_final.pdf
2025,3,1201,2573,LA,LA,PKM,"Government Medical College, Palakkad",MBBS,LA,1,mbbs_p3_final.pdf
2025,3,1202,2577,MU,SM,KKD,"Govt. Dental College, Kozhikkode",BDS,SM,15,mbbs_p3_final.pdf
2025,3,1203,2580,MU,SM,JMC,"Jubilee Mission Medical College, Thrisur",MBBS,SM,6,mbbs_p3_final.pdf
2025,3,1204,2582,General,AM,MMH,"Malabar Medical College Hospital, Kozhikkode",MBBS,AM,15,mbbs_p3_final.pdf
2025,3,1205,2590,MU,SM,KKD,"Govt. Dental College, Kozhikkode",BDS,SM,15,mbbs_p3_final.pdf
2025,3,1206,2591,MU,AM,DMM,"Dr. Moopens Medical College, Meppadi, Wayanad",MBBS,AM,1,mbbs_p3_final.pdf
2025,3,1207,2594,MU,SM,JMC,"Jubilee Mission Medical College, Thrisur",MBBS,SM,15,mbbs_p3_final.pdf
2025,3,1208,2596,BH,AM,GMC,"Sree Gokulam Medical College, Venjaramoodu, TVPM",MBBS,AM,11,mbbs_p3_final.pdf
2025,3,1209,2599,General,SD,MLP,"Govt. Medical College, Manjeri",MBBS,SD,9,mbbs_p3_final.pdf
2025,3,1210,2600,EZ,SM,AMC,"Amala Institute of Medical Sciences, Thrissur",MBBS,SM,15,mbbs_p3_final.pdf
2025,3,1211,2602,General,AM,PMC,"Pushpagiri Institute of Medical Science, Thiruvalla",MBBS,AM,1,mbbs_p3_final.pdf
2025,3,1212,2603,MU,SM,KKD,"Govt. Dental College, Kozhikkode",BDS,SM,15,mbbs_p3_final.pdf
2025,3,1213,2604,LA,LA,PTM,"Government Medical College, Konni, Pathanamthitta",MBBS,LA,9,mbbs_p3_final.pdf
2025,3,1214,2605,MU,MU,JMC,"Jubilee Mission Medical College, Thrisur",MBBS,MU,15,mbbs_p3_final.pdf
2025,3,1215,2607,EW,EW,IDM,Government Medical College Idukki,MBBS,EW,10,mbbs_p3_final.pdf
2025,3,1216,2610,General,AM,MMC,"Malankara Orthodox Syrian Church MediCollege, Kolenchery",MBBS,AM,1,mbbs_p3_final.pdf
2025,3,1217,2612,EZ,SM,TVD,"Govt. Dental College, Thiruvananthapuram",BDS,SM,15,mbbs_p3_final.pdf
2025,3,1218,2613,General,SM,AMC,"Amala Institute of Medical Sciences, Thrissur",MBBS,SM,16,mbbs_p3_final.pdf
2025,3,1219,2614,General,SM,AMC,"Amala Institute of Medical Sciences, Thrissur",MBBS,SM,15,mbbs_p3_final.pdf
2025,3,1220,2617,General,AM,PMC,"Pushpagiri Institute of Medical Science, Thiruvalla",MBBS,AM,1,mbbs_p3_final.pdf
2025,3,1221,2621,General,SM,AMC,"Amala Institute of Medical Sciences, Thrissur",MBBS,SM,16,mbbs_p3_final.pdf
2025,3,1222,2624,MU,AM,EMC,"MES Medical College, Perinthalmanna, Malappuram",MBBS,AM,15,mbbs_p3_final.pdf
2025,3,1223,2625,General,SM,TVD,"Govt. Dental College, Thiruvananthapuram",BDS,SM,15,mbbs_p3_final.pdf
2025,3,1224,2628,General,AM,MMC,"Malankara Orthodox Syrian Church MediCollege, Kolenchery",MBBS,AM,1,mbbs_p3_final.pdf
2025,3,1225,2629,General,AC,JMC,"Jubilee Mission Medical College, Thrisur",MBBS,AC,16,mbbs_p3_final.pdf
2025,3,1226,2632,EW,EW,IDM,Government Medical College Idukki,MBBS,EW,8,mbbs_p3_final.pdf
2025,3,1227,2634,General,AC,JMC,"Jubilee Mission Medical College, Thrisur",MBBS,AC,14,mbbs_p3_final.pdf
2025,3,1228,2637,General,AM,KEM,"Kerala Medical College, Palakkad",MBBS,AM,2,mbbs_p3_final.pdf
2025,3,1229,2638,LA,LA,IDM,Government Medical College Idukki,MBBS,LA,11,mbbs_p3_final.pdf
2025,3,1230,2640,MU,MU,JMC,"Jubilee Mission Medical College, Thrisur",MBBS,MU,15,mbbs_p3_final.pdf
2025,3,1231,2644,MU,AM,KEM,"Kerala Medical College, Palakkad",MBBS,AM,15,mbbs_p3_final.pdf
2025,3,1232,2647,BX,FL-BX,IDM,Government Medical College Idukki,MBBS,FL-BX,11,mbbs_p3_final.pdf
2025,3,1233,2651,General,AM,PMC,"Pushpagiri Institute of Medical Science, Thiruvalla",MBBS,AM,15,mbbs_p3_final.pdf
2025,3,1234,2655,EZ,SM,TVD,"Govt. Dental College, Thiruvananthapuram",BDS,SM,3,mbbs_p3_final.pdf
2025,3,1235,2656,EW,EW,PKM,"Government Medical College, Palakkad",MBBS,EW,4,mbbs_p3_final.pdf
2025,3,1236,2659,MU,SM,AMC,"Amala Institute of Medical Sciences, Thrissur",MBBS,SM,16,mbbs_p3_final.pdf
2025,3,1237,2661,General,SM,TVD,"Govt. Dental College, Thiruvananthapuram",BDS,SM,13,mbbs_p3_final.pdf
2025,3,1238,2663,LA,LA,IDM,Government Medical College Idukki,MBBS,LA,10,mbbs_p3_final.pdf
2025,3,1239,2665,EW,EW,IDM,Government Medical College Idukki,MBBS,EW,7,mbbs_p3_final.pdf
2025,3,1240,2670,DV,DV,KKM,"Govt. Medical College, Kozhikkode",MBBS,DV,1,mbbs_p3_final.pdf
2025,3,1241,2672,EZ,SM,AMC,"Amala Institute of Medical Sciences, Thrissur",MBBS,SM,15,mbbs_p3_final.pdf
2025,3,1242,2674,BX,FL-BX,IDM,Government Medical College Idukki,MBBS,FL-BX,6,mbbs_p3_final.pdf
2025,3,1243,2675,VK,FL-VK,WYM,"Govt. Medical College, Wayanad",MBBS,FL-VK,12,mbbs_p3_final.pdf
2025,3,1244,2678,MU,SM,AMC,"Amala Institute of Medical Sciences, Thrissur",MBBS,SM,16,mbbs_p3_final.pdf
2025,3,1245,2679,EZ,EZ,JMC,"Jubilee Mission Medical College, Thrisur",MBBS,EZ,15,mbbs_p3_final.pdf
2025,3,1246,2680,General,AM,BCM,"Believers Church Medical College Hospital, Thiruvalla",MBBS,AM,15,mbbs_p3_final.pdf
2025,3,1247,2682,General,AM,BCM,"Believers Church Medical College Hospital, Thiruvalla",MBBS,AM,1,mbbs_p3_final.pdf
2025,3,1248,2685,MU,MU,AMC,"Amala Institute of Medical Sciences, Thrissur",MBBS,MU,16,mbbs_p3_final.pdf
2025,3,1249,2686,EW,EW,PTM,"Government Medical College, Konni, Pathanamthitta",MBBS,EW,10,mbbs_p3_final.pdf
2025,3,1250,2687,General,AM,PMC,"Pushpagiri Institute of Medical Science, Thiruvalla",MBBS,AM,15,mbbs_p3_final.pdf
2025,3,1251,2688,EZ,SM,KKD,"Govt. Dental College, Kozhikkode",BDS,SM,15,mbbs_p3_final.pdf
2025,3,1252,2691,EW,EW,IDM,Government Medical College Idukki,MBBS,EW,8,mbbs_p3_final.pdf
2025,3,1253,2693,EZ,AM,MMH,"Malabar Medical College Hospital, Kozhikkode",MBBS,AM,15,mbbs_p3_final.pdf
2025,3,1254,2695,General,AM,PMC,"Pushpagiri Institute of Medical Science, Thiruvalla",MBBS,AM,12,mbbs_p3_final.pdf
2025,3,1255,2696,EZ,DK,TVM,"Govt. Medical College, Thiruvananthapuram",MBBS,DK,2,mbbs_p3_final.pdf
2025,3,1256,2698,EW,EW,IDM,Government Medical College Idukki,MBBS,EW,10,mbbs_p3_final.pdf
2025,3,1257,2699,MU,SM,TCD,"Govt. Dental College, Thrissur",BDS,SM,15,mbbs_p3_final.pdf
2025,3,1258,2707,MU,AM,MMC,"Malankara Orthodox Syrian Church MediCollege, Kolenchery",MBBS,AM,15,mbbs_p3_final.pdf
2025,3,1259,2708,EZ,SM,KKD,"Govt. Dental College, Kozhikkode",BDS,SM,12,mbbs_p3_final.pdf
2025,3,1260,2709,EW,EW,PKM,"Government Medical College, Palakkad",MBBS,EW,9,mbbs_p3_final.pdf
2025,3,1261,2711,General,AM,MMC,"Malankara Orthodox Syrian Church MediCollege, Kolenchery",MBBS,AM,16,mbbs_p3_final.pdf
2025,3,1262,2716,BH,AM,PMC,"Pushpagiri Institute of Medical Science, Thiruvalla",MBBS,AM,9,mbbs_p3_final.pdf
2025,3,1263,2722,EZ,AM,PMC,"Pushpagiri Institute of Medical Science, Thiruvalla",MBBS,AM,15,mbbs_p3_final.pdf
2025,3,1264,2723,EW,EW,IDM,Government Medical College Idukki,MBBS,EW,11,mbbs_p3_final.pdf
2025,3,1265,2724,EW,EW,IDM,Government Medical College Idukki,MBBS,EW,9,mbbs_p3_final.pdf
2025,3,1266,2726,EW,FL-EW,IDM,Government Medical College Idukki,MBBS,FL-EW,1,mbbs_p3_final.pdf
2025,3,1267,2727,MU,SM,KKD,"Govt. Dental College, Kozhikkode",BDS,SM,1,mbbs_p3_final.pdf
2025,3,1268,2730,EW,EW,WYM,"Govt. Medical College, Wayanad",MBBS,EW,1,mbbs_p3_final.pdf
2025,3,1269,2733,LA,FL-LA,IDM,Government Medical College Idukki,MBBS,FL-LA,6,mbbs_p3_final.pdf
2025,3,1270,2734,General,AC,AMC,"Amala Institute of Medical Sciences, Thrissur",MBBS,AC,14,mbbs_p3_final.pdf
2025,3,1271,2736,EZ,SM,ALD,"Government Dental College, Alappuzha",BDS,SM,15,mbbs_p3_final.pdf
2025,3,1272,2738,EZ,EZ,JMC,"Jubilee Mission Medical College, Thrisur",MBBS,EZ,15,mbbs_p3_final.pdf
2025,3,1273,2743,MU,AM,GMC,"Sree Gokulam Medical College, Venjaramoodu, TVPM",MBBS,AM,14,mbbs_p3_final.pdf
2025,3,1274,2746,MU,SM,KKD,"Govt. Dental College, Kozhikkode",BDS,SM,15,mbbs_p3_final.pdf
2025,3,1275,2747,MU,AM,PMC,"Pushpagiri Institute of Medical Science, Thiruvalla",MBBS,AM,15,mbbs_p3_final.pdf
2025,3,1276,2748,BH,FL-BH,WYM,"Govt. Medical College, Wayanad",MBBS,FL-BH,12,mbbs_p3_final.pdf
2025,3,1277,2749,General,AM,MMC,"Malankara Orthodox Syrian Church MediCollege, Kolenchery",MBBS,AM,17,mbbs_p3_final.pdf
2025,3,1278,2752,EW,AC,JMC,"Jubilee Mission Medical College, Thrisur",MBBS,AC,1,mbbs_p3_final.pdf
2025,3,1279,2753,General,AM,PMC,"Pushpagiri Institute of Medical Science, Thiruvalla",MBBS,AM,16,mbbs_p3_final.pdf
2025,3,1280,2755,General,AM,SUC,"SUT Accademy of Medical Sciences, Thiruvananthapuram",MBBS,AM,14,mbbs_p3_final.pdf
2025,3,1281,2756,General,AM,GMC,"Sree Gokulam Medical College, Venjaramoodu, TVPM",MBBS,AM,9,mbbs_p3_final.pdf
2025,3,1282,2758,MU,AM,EMC,"MES Medical College, Perinthalmanna, Malappuram",MBBS,AM,1,mbbs_p3_final.pdf
2025,3,1283,2759,MU,SM,KKD,"Govt. Dental College, Kozhikkode",BDS,SM,1,mbbs_p3_final.pdf
2025,3,1284,2760,EZ,EZ,AMC,"Amala Institute of Medical Sciences, Thrissur",MBBS,EZ,16,mbbs_p3_final.pdf
2025,3,1285,2764,EW,FL-EW,IDM,Government Medical College Idukki,MBBS,FL-EW,1,mbbs_p3_final.pdf
2025,3,1286,2765,EZ,EZ,AMC,"Amala Institute of Medical Sciences, Thrissur",MBBS,EZ,14,mbbs_p3_final.pdf
2025,3,1287,2771,MU,SM,KKD,"Govt. Dental College, Kozhikkode",BDS,SM,3,mbbs_p3_final.pdf
2025,3,1288,2772,EZ,AM,PMC,"Pushpagiri Institute of Medical Science, Thiruvalla",MBBS,AM,15,mbbs_p3_final.pdf
2025,3,1289,2773,MU,AM,KCM,"KMCT Medical College, Mukkom, Kozikkode",MBBS,AM,1,mbbs_p3_final.pdf
2025,3,1290,2776,EZ,SM-EZ,KKD,"Govt. Dental College, Kozhikkode",BDS,SM-EZ,15,mbbs_p3_final.pdf
2025,3,1291,2777,General,AC,JMC,"Jubilee Mission Medical College, Thrisur",MBBS,AC,1,mbbs_p3_final.pdf
2025,3,1292,2778,MU,SM-MU,KKD,"Govt. Dental College, Kozhikkode",BDS,SM-MU,15,mbbs_p3_final.pdf
2025,3,1293,2782,EZ,SM-EZ,KKD,"Govt. Dental College, Kozhikkode",BDS,SM-EZ,15,mbbs_p3_final.pdf
2025,3,1294,2783,EW,FL-EW,IDM,Government Medical College Idukki,MBBS,FL-EW,6,mbbs_p3_final.pdf
2025,3,1295,2785,General,AC,JMC,"Jubilee Mission Medical College, Thrisur",MBBS,AC,1,mbbs_p3_final.pdf
2025,3,1296,2787,General,AC,JMC,"Jubilee Mission Medical College, Thrisur",MBBS,AC,16,mbbs_p3_final.pdf
2025,3,1297,2791,General,AC,MMC,"Malankara Orthodox Syrian Church MediCollege, Kolenchery",MBBS,AC,1,mbbs_p3_final.pdf
2025,3,1298,2798,MU,AM,MMC,"Malankara Orthodox Syrian Church MediCollege, Kolenchery",MBBS,AM,12,mbbs_p3_final.pdf
2025,3,1299,2800,EZ,AM,MMC,"Malankara Orthodox Syrian Church MediCollege, Kolenchery",MBBS,AM,16,mbbs_p3_final.pdf
2025,3,1300,2801,MU,AM,BCM,"Believers Church Medical College Hospital, Thiruvalla",MBBS,AM,1,mbbs_p3_final.pdf
2025,3,1301,2806,MU,MU,AMC,"Amala Institute of Medical Sciences, Thrissur",MBBS,MU,14,mbbs_p3_final.pdf
2025,3,1302,2808,General,AM,TRM,"Travancore Medical College, Umayanalloor, Kollam",MBBS,AM,1,mbbs_p3_final.pdf
2025,3,1303,2812,General,AM,BCM,"Believers Church Medical College Hospital, Thiruvalla",MBBS,AM,1,mbbs_p3_final.pdf
2025,3,1304,2813,MU,AM,EMC,"MES Medical College, Perinthalmanna, Malappuram",MBBS,AM,16,mbbs_p3_final.pdf
2025,3,1305,2818,General,SM,TVD,"Govt. Dental College, Thiruvananthapuram",BDS,SM,15,mbbs_p3_final.pdf
2025,3,1306,2819,General,AM,MMC,"Malankara Orthodox Syrian Church MediCollege, Kolenchery",MBBS,AM,16,mbbs_p3_final.pdf
2025,3,1307,2820,MU,SM-MU,KKD,"Govt. Dental College, Kozhikkode",BDS,SM-MU,7,mbbs_p3_final.pdf
2025,3,1308,2824,MU,AM,BCM,"Believers Church Medical College Hospital, Thiruvalla",MBBS,AM,1,mbbs_p3_final.pdf
2025,3,1309,2825,DV,DV,TVM,"Govt. Medical College, Thiruvananthapuram",MBBS,DV,1,mbbs_p3_final.pdf
2025,3,1310,2826,General,AC,JMC,"Jubilee Mission Medical College, Thrisur",MBBS,AC,1,mbbs_p3_final.pdf
2025,3,1311,2827,EW,FL-EW,IDM,Government Medical College Idukki,MBBS,FL-EW,11,mbbs_p3_final.pdf
2025,3,1312,2831,MU,AM,PMC,"Pushpagiri Institute of Medical Science, Thiruvalla",MBBS,AM,1,mbbs_p3_final.pdf
2025,3,1313,2832,BH,AM,EMC,"MES Medical College, Perinthalmanna, Malappuram",MBBS,AM,1,mbbs_p3_final.pdf
2025,3,1314,2833,BH,FL-BH,WYM,"Govt. Medical College, Wayanad",MBBS,FL-BH,13,mbbs_p3_final.pdf
2025,3,1315,2835,General,SM,PMC,"Pushpagiri Institute of Medical Science, Thiruvalla",MBBS,SM,15,mbbs_p3_final.pdf
2025,3,1316,2839,EW,FL-EW,IDM,Government Medical College Idukki,MBBS,FL-EW,11,mbbs_p3_final.pdf
2025,3,1317,2840,General,AC,JMC,"Jubilee Mission Medical College, Thrisur",MBBS,AC,1,mbbs_p3_final.pdf
2025,3,1318,2842,EW,FL-EW,IDM,Government Medical College Idukki,MBBS,FL-EW,10,mbbs_p3_final.pdf
2025,3,1319,2844,MU,AM,DMM,"Dr. Moopens Medical College, Meppadi, Wayanad",MBBS,AM,1,mbbs_p3_final.pdf
2025,3,1320,2846,General,SM,PMC,"Pushpagiri Institute of Medical Science, Thiruvalla",MBBS,SM,17,mbbs_p3_final.pdf
2025,3,1321,2849,BX,FL-BX,WYM,"Govt. Medical College, Wayanad",MBBS,FL-BX,10,mbbs_p3_final.pdf
2025,3,1322,2853,General,AM,MMC,"Malankara Orthodox Syrian Church MediCollege, Kolenchery",MBBS,AM,17,mbbs_p3_final.pdf
2025,3,1323,2854,EW,EW,WYM,"Govt. Medical College, Wayanad",MBBS,EW,4,mbbs_p3_final.pdf
2025,3,1324,2856,MU,AM,MMC,"Malankara Orthodox Syrian Church MediCollege, Kolenchery",MBBS,AM,17,mbbs_p3_final.pdf
2025,3,1325,2858,General,AM,DMM,"Dr. Moopens Medical College, Meppadi, Wayanad",MBBS,AM,1,mbbs_p3_final.pdf
2025,3,1326,2860,MU,AM,EMC,"MES Medical College, Perinthalmanna, Malappuram",MBBS,AM,15,mbbs_p3_final.pdf
2025,3,1327,2861,MU,SM-MU,KKD,"Govt. Dental College, Kozhikkode",BDS,SM-MU,15,mbbs_p3_final.pdf
2025,3,1328,2863,MU,AM,EMC,"MES Medical College, Perinthalmanna, Malappuram",MBBS,AM,14,mbbs_p3_final.pdf
2025,3,1329,2865,General,AM,GMC,"Sree Gokulam Medical College, Venjaramoodu, TVPM",MBBS,AM,1,mbbs_p3_final.pdf
2025,3,1330,2867,General,AM,GMC,"Sree Gokulam Medical College, Venjaramoodu, TVPM",MBBS,AM,1,mbbs_p3_final.pdf
2025,3,1331,2869,EZ,SM,TVD,"Govt. Dental College, Thiruvananthapuram",BDS,SM,15,mbbs_p3_final.pdf
2025,3,1332,2872,General,AM,MMC,"Malankara Orthodox Syrian Church MediCollege, Kolenchery",MBBS,AM,11,mbbs_p3_final.pdf
2025,3,1333,2873,General,AM,KEM,"Kerala Medical College, Palakkad",MBBS,AM,15,mbbs_p3_final.pdf
2025,3,1334,2875,MU,SM,TVD,"Govt. Dental College, Thiruvananthapuram",BDS,SM,16,mbbs_p3_final.pdf
2025,3,1335,2876,VK,FL-VK,WYM,"Govt. Medical College, Wayanad",MBBS,FL-VK,12,mbbs_p3_final.pdf
2025,3,1336,2883,General,AM,GMC,"Sree Gokulam Medical College, Venjaramoodu, TVPM",MBBS,AM,1,mbbs_p3_final.pdf
2025,3,1337,2886,BH,FL-BH,KSM,"Govt. Medical College, Kasaragod",MBBS,FL-BH,13,mbbs_p3_final.pdf
2025,3,1338,2887,General,SM,PMC,"Pushpagiri Institute of Medical Science, Thiruvalla",MBBS,SM,1,mbbs_p3_final.pdf
2025,3,1339,2889,MU,SM,TVD,"Govt. Dental College, Thiruvananthapuram",BDS,SM,16,mbbs_p3_final.pdf
2025,3,1340,2897,MU,SM,TVD,"Govt. Dental College, Thiruvananthapuram",BDS,SM,16,mbbs_p3_final.pdf
2025,3,1341,2902,General,AM,GMC,"Sree Gokulam Medical College, Venjaramoodu, TVPM",MBBS,AM,1,mbbs_p3_final.pdf
2025,3,1342,2903,MU,AM,EMC,"MES Medical College, Perinthalmanna, Malappuram",MBBS,AM,15,mbbs_p3_final.pdf
2025,3,1343,2905,General,AM,KEM,"Kerala Medical College, Palakkad",MBBS,AM,1,mbbs_p3_final.pdf
2025,3,1344,2906,MU,SM,TVD,"Govt. Dental College, Thiruvananthapuram",BDS,SM,15,mbbs_p3_final.pdf
2025,3,1345,2907,BX,AM,GMC,"Sree Gokulam Medical College, Venjaramoodu, TVPM",MBBS,AM,1,mbbs_p3_final.pdf
2025,3,1346,2908,MU,AM,EMC,"MES Medical College, Perinthalmanna, Malappuram",MBBS,AM,15,mbbs_p3_final.pdf
2025,3,1347,2910,General,AM,GMC,"Sree Gokulam Medical College, Venjaramoodu, TVPM",MBBS,AM,13,mbbs_p3_final.pdf
2025,3,1348,2913,General,AM,GMC,"Sree Gokulam Medical College, Venjaramoodu, TVPM",MBBS,AM,15,mbbs_p3_final.pdf
2025,3,1349,2916,BH,FL-BH,KSM,"Govt. Medical College, Kasaragod",MBBS,FL-BH,13,mbbs_p3_final.pdf
2025,3,1350,2917,EW,EW,WYM,"Govt. Medical College, Wayanad",MBBS,EW,12,mbbs_p3_final.pdf
2025,3,1351,2919,MU,PD,KKM,"Govt. Medical College, Kozhikkode",MBBS,PD,1,mbbs_p3_final.pdf
2025,3,1352,2921,BH,AM,GMC,"Sree Gokulam Medical College, Venjaramoodu, TVPM",MBBS,AM,15,mbbs_p3_final.pdf
2025,3,1353,2923,MU,AM,EMC,"MES Medical College, Perinthalmanna, Malappuram",MBBS,AM,1,mbbs_p3_final.pdf
2025,3,1354,2924,EZ,AM,MMC,"Malankara Orthodox Syrian Church MediCollege, Kolenchery",MBBS,AM,14,mbbs_p3_final.pdf
2025,3,1355,2926,General,SM,MMC,"Malankara Orthodox Syrian Church MediCollege, Kolenchery",MBBS,SM,1,mbbs_p3_final.pdf
2025,3,1356,2928,MU,SM,TVD,"Govt. Dental College, Thiruvananthapuram",BDS,SM,16,mbbs_p3_final.pdf
2025,3,1357,2929,EZ,SM,MMC,"Malankara Orthodox Syrian Church MediCollege, Kolenchery",MBBS,SM,17,mbbs_p3_final.pdf
2025,3,1358,2930,MU,AM,GMC,"Sree Gokulam Medical College, Venjaramoodu, TVPM",MBBS,AM,15,mbbs_p3_final.pdf
2025,3,1359,2933,MU,AM,KEM,"Kerala Medical College, Palakkad",MBBS,AM,1,mbbs_p3_final.pdf
2025,3,1360,2935,EZ,SM,TVD,"Govt. Dental College, Thiruvananthapuram",BDS,SM,15,mbbs_p3_final.pdf
2025,3,1361,2936,General,SM,MMC,"Malankara Orthodox Syrian Church MediCollege, Kolenchery",MBBS,SM,12,mbbs_p3_final.pdf
2025,3,1362,2939,General,SM,MMC,"Malankara Orthodox Syrian Church MediCollege, Kolenchery",MBBS,SM,13,mbbs_p3_final.pdf
2025,3,1363,2940,General,AC,JMC,"Jubilee Mission Medical College, Thrisur",MBBS,AC,1,mbbs_p3_final.pdf
2025,3,1364,2942,General,AC,JMC,"Jubilee Mission Medical College, Thrisur",MBBS,AC,1,mbbs_p3_final.pdf
2025,3,1365,2948,General,AM,BCM,"Believers Church Medical College Hospital, Thiruvalla",MBBS,AM,1,mbbs_p3_final.pdf
2025,3,1366,2953,LA,LA,JMC,"Jubilee Mission Medical College, Thrisur",MBBS,LA,8,mbbs_p3_final.pdf
2025,3,1367,2954,EW,EW,KSM,"Govt. Medical College, Kasaragod",MBBS,EW,8,mbbs_p3_final.pdf
2025,3,1368,2955,LA,FL-LA,IDM,Government Medical College Idukki,MBBS,FL-LA,8,mbbs_p3_final.pdf
2025,3,1369,2957,MU,AM,EMC,"MES Medical College, Perinthalmanna, Malappuram",MBBS,AM,17,mbbs_p3_final.pdf
2025,3,1370,2959,MU,SM,TCD,"Govt. Dental College, Thrissur",BDS,SM,16,mbbs_p3_final.pdf
2025,3,1371,2961,General,SM,MMC,"Malankara Orthodox Syrian Church MediCollege, Kolenchery",MBBS,SM,16,mbbs_p3_final.pdf
2025,3,1372,2965,General,AM,BCM,"Believers Church Medical College Hospital, Thiruvalla",MBBS,AM,1,mbbs_p3_final.pdf
2025,3,1373,2971,MU,SM,PMC,"Pushpagiri Institute of Medical Science, Thiruvalla",MBBS,SM,17,mbbs_p3_final.pdf
2025,3,1374,2973,VK,FL-VK,WYM,"Govt. Medical College, Wayanad",MBBS,FL-VK,10,mbbs_p3_final.pdf
2025,3,1375,2974,MU,SM,KTD,"Govt. Dental College, Kottayam",BDS,SM,16,mbbs_p3_final.pdf
2025,3,1376,2976,MU,SM,MMC,"Malankara Orthodox Syrian Church MediCollege, Kolenchery",MBBS,SM,14,mbbs_p3_final.pdf
2025,3,1377,2978,General,AC,JMC,"Jubilee Mission Medical College, Thrisur",MBBS,AC,12,mbbs_p3_final.pdf
2025,3,1378,2979,MU,SM,TCD,"Govt. Dental College, Thrissur",BDS,SM,16,mbbs_p3_final.pdf
2025,3,1379,2980,BX,AM,SUC,"SUT Accademy of Medical Sciences, Thiruvananthapuram",MBBS,AM,2,mbbs_p3_final.pdf
2025,3,1380,2984,EW,EW,WYM,"Govt. Medical College, Wayanad",MBBS,EW,13,mbbs_p3_final.pdf
2025,3,1381,2986,MU,SM,TCD,"Govt. Dental College, Thrissur",BDS,SM,3,mbbs_p3_final.pdf
2025,3,1382,2991,EW,EW,KSM,"Govt. Medical College, Kasaragod",MBBS,EW,13,mbbs_p3_final.pdf
2025,3,1383,2993,General,AM,BCM,"Believers Church Medical College Hospital, Thiruvalla",MBBS,AM,13,mbbs_p3_final.pdf
2025,3,1384,2994,General,AM,BCM,"Believers Church Medical College Hospital, Thiruvalla",MBBS,AM,1,mbbs_p3_final.pdf
2025,3,1385,2995,EZ,AM,GMC,"Sree Gokulam Medical College, Venjaramoodu, TVPM",MBBS,AM,17,mbbs_p3_final.pdf
2025,3,1386,2998,General,AM,GMC,"Sree Gokulam Medical College, Venjaramoodu, TVPM",MBBS,AM,10,mbbs_p3_final.pdf
2025,3,1387,3000,General,AM,SUC,"SUT Accademy of Medical Sciences, Thiruvananthapuram",MBBS,AM,1,mbbs_p3_final.pdf
2025,3,1388,3001,LA,FL-LA,IDM,Government Medical College Idukki,MBBS,FL-LA,10,mbbs_p3_final.pdf
2025,3,1389,3003,BH,SM,PMC,"Pushpagiri Institute of Medical Science, Thiruvalla",MBBS,SM,4,mbbs_p3_final.pdf
2025,3,1390,3004,EW,EW,KSM,"Govt. Medical College, Kasaragod",MBBS,EW,13,mbbs_p3_final.pdf
2025,3,1391,3005,EW,FL-EW,WYM,"Govt. Medical College, Wayanad",MBBS,FL-EW,1,mbbs_p3_final.pdf
2025,3,1392,3006,General,AM,MMH,"Malabar Medical College Hospital, Kozhikkode",MBBS,AM,1,mbbs_p3_final.pdf
2025,3,1393,3008,LA,FL-LA,IDM,Government Medical College Idukki,MBBS,FL-LA,1,mbbs_p3_final.pdf
2025,3,1394,3009,MU,SM,TVD,"Govt. Dental College, Thiruvananthapuram",BDS,SM,16,mbbs_p3_final.pdf
2025,3,1395,3011,General,AC,JMC,"Jubilee Mission Medical College, Thrisur",MBBS,AC,14,mbbs_p3_final.pdf
2025,3,1396,3014,General,AM,KCM,"KMCT Medical College, Mukkom, Kozikkode",MBBS,AM,1,mbbs_p3_final.pdf
2025,3,1397,3016,VK,VK,KSM,"Govt. Medical College, Kasaragod",MBBS,VK,11,mbbs_p3_final.pdf
2025,3,1398,3018,General,AM,GMC,"Sree Gokulam Medical College, Venjaramoodu, TVPM",MBBS,AM,1,mbbs_p3_final.pdf
2025,3,1399,3020,MU,SM,KND,"Government Dental College, Kannur",BDS,SM,2,mbbs_p3_final.pdf
2025,3,1400,3023,EZ,SM,KND,"Government Dental College, Kannur",BDS,SM,15,mbbs_p3_final.pdf
2025,3,1401,3025,General,AC,JMC,"Jubilee Mission Medical College, Thrisur",MBBS,AC,14,mbbs_p3_final.pdf
2025,3,1402,3028,MU,SM,TCD,"Govt. Dental College, Thrissur",BDS,SM,16,mbbs_p3_final.pdf
2025,3,1403,3037,General,AM,KCM,"KMCT Medical College, Mukkom, Kozikkode",MBBS,AM,15,mbbs_p3_final.pdf
2025,3,1404,3043,EW,EW,KSM,"Govt. Medical College, Kasaragod",MBBS,EW,12,mbbs_p3_final.pdf
2025,3,1405,3050,MU,SM,TCD,"Govt. Dental College, Thrissur",BDS,SM,16,mbbs_p3_final.pdf
2025,3,1406,3051,MU,SM,TCD,"Govt. Dental College, Thrissur",BDS,SM,16,mbbs_p3_final.pdf
2025,3,1407,3057,MU,SM,TVD,"Govt. Dental College, Thiruvananthapuram",BDS,SM,16,mbbs_p3_final.pdf
2025,3,1408,3058,General,AM,BCM,"Believers Church Medical College Hospital, Thiruvalla",MBBS,AM,17,mbbs_p3_final.pdf
2025,3,1409,3065,EW,EW,KSM,"Govt. Medical College, Kasaragod",MBBS,EW,4,mbbs_p3_final.pdf
2025,3,1410,3068,MU,AM,KCM,"KMCT Medical College, Mukkom, Kozikkode",MBBS,AM,1,mbbs_p3_final.pdf
2025,3,1411,3075,General,SM,TVD,"Govt. Dental College, Thiruvananthapuram",BDS,SM,16,mbbs_p3_final.pdf
2025,3,1412,3077,General,AM,KDM,"P K Das Institute of Medical Sciences, Ottapalam",MBBS,AM,15,mbbs_p3_final.pdf
2025,3,1413,3079,MU,AM,EMC,"MES Medical College, Perinthalmanna, Malappuram",MBBS,AM,17,mbbs_p3_final.pdf
2025,3,1414,3080,EZ,SM,ALD,"Government Dental College, Alappuzha",BDS,SM,15,mbbs_p3_final.pdf
2025,3,1415,3083,General,AM,BCM,"Believers Church Medical College Hospital, Thiruvalla",MBBS,AM,1,mbbs_p3_final.pdf
2025,3,1416,3086,General,AC,JMC,"Jubilee Mission Medical College, Thrisur",MBBS,AC,14,mbbs_p3_final.pdf
2025,3,1417,3087,General,AM,TRM,"Travancore Medical College, Umayanalloor, Kollam",MBBS,AM,1,mbbs_p3_final.pdf
2025,3,1418,3091,EZ,SM,TVD,"Govt. Dental College, Thiruvananthapuram",BDS,SM,15,mbbs_p3_final.pdf
2025,3,1419,3094,EW,FL-EW,KSM,"Govt. Medical College, Kasaragod",MBBS,FL-EW,13,mbbs_p3_final.pdf
2025,3,1420,3095,EZ,SM,PMC,"Pushpagiri Institute of Medical Science, Thiruvalla",MBBS,SM,1,mbbs_p3_final.pdf
2025,3,1421,3096,MU,SM,TVD,"Govt. Dental College, Thiruvananthapuram",BDS,SM,16,mbbs_p3_final.pdf
2025,3,1422,3097,EZ,SM,TCD,"Govt. Dental College, Thrissur",BDS,SM,15,mbbs_p3_final.pdf
2025,3,1423,3098,DV,DV,KKM,"Govt. Medical College, Kozhikkode",MBBS,DV,1,mbbs_p3_final.pdf
2025,3,1424,3099,EZ,SM,MMC,"Malankara Orthodox Syrian Church MediCollege, Kolenchery",MBBS,SM,15,mbbs_p3_final.pdf
2025,3,1425,3104,VK,FL-VK,KSM,"Govt. Medical College, Kasaragod",MBBS,FL-VK,10,mbbs_p3_final.pdf
2025,3,1426,3107,EZ,SM,GMC,"Sree Gokulam Medical College, Venjaramoodu, TVPM",MBBS,SM,15,mbbs_p3_final.pdf
2025,3,1427,3108,MU,AM,EMC,"MES Medical College, Perinthalmanna, Malappuram",MBBS,AM,15,mbbs_p3_final.pdf
2025,3,1428,3112,MU,AM,EMC,"MES Medical College, Perinthalmanna, Malappuram",MBBS,AM,17,mbbs_p3_final.pdf
2025,3,1429,3118,General,AM,BCM,"Believers Church Medical College Hospital, Thiruvalla",MBBS,AM,6,mbbs_p3_final.pdf
2025,3,1430,3119,VK,FL-VK,WYM,"Govt. Medical College, Wayanad",MBBS,FL-VK,1,mbbs_p3_final.pdf
2025,3,1431,3120,EZ,SM,BCM,"Believers Church Medical College Hospital, Thiruvalla",MBBS,SM,17,mbbs_p3_final.pdf
2025,3,1432,3121,MU,SM,MMC,"Malankara Orthodox Syrian Church MediCollege, Kolenchery",MBBS,SM,15,mbbs_p3_final.pdf
2025,3,1433,3124,MU,AM,EMC,"MES Medical College, Perinthalmanna, Malappuram",MBBS,AM,17,mbbs_p3_final.pdf
2025,3,1434,3125,MU,SM,KTD,"Govt. Dental College, Kottayam",BDS,SM,7,mbbs_p3_final.pdf
2025,3,1435,3127,MU,SM,KTD,"Govt. Dental College, Kottayam",BDS,SM,16,mbbs_p3_final.pdf
2025,3,1436,3128,EZ,SM,MMC,"Malankara Orthodox Syrian Church MediCollege, Kolenchery",MBBS,SM,15,mbbs_p3_final.pdf
2025,3,1437,3129,General,AM,EMC,"MES Medical College, Perinthalmanna, Malappuram",MBBS,AM,15,mbbs_p3_final.pdf
2025,3,1438,3132,MU,AM,EMC,"MES Medical College, Perinthalmanna, Malappuram",MBBS,AM,12,mbbs_p3_final.pdf
2025,3,1439,3136,MU,MM,EMC,"MES Medical College, Perinthalmanna, Malappuram",MBBS,MM,1,mbbs_p3_final.pdf
2025,3,1440,3137,MU,AM,EMC,"MES Medical College, Perinthalmanna, Malappuram",MBBS,AM,15,mbbs_p3_final.pdf
2025,3,1441,3139,EW,FL-EW,KSM,"Govt. Medical College, Kasaragod",MBBS,FL-EW,12,mbbs_p3_final.pdf
2025,3,1442,3141,BX,SM,PMC,"Pushpagiri Institute of Medical Science, Thiruvalla",MBBS,SM,15,mbbs_p3_final.pdf
2025,3,1443,3143,General,SM,TCD,"Govt. Dental College, Thrissur",BDS,SM,16,mbbs_p3_final.pdf
2025,3,1444,3144,MU,SM,KTD,"Govt. Dental College, Kottayam",BDS,SM,16,mbbs_p3_final.pdf
2025,3,1445,3145,EW,FL-EW,WYM,"Govt. Medical College, Wayanad",MBBS,FL-EW,4,mbbs_p3_final.pdf
2025,3,1446,3147,MU,AM,TRM,"Travancore Medical College, Umayanalloor, Kollam",MBBS,AM,15,mbbs_p3_final.pdf
2025,3,1447,3151,General,AC,JMC,"Jubilee Mission Medical College, Thrisur",MBBS,AC,1,mbbs_p3_final.pdf
2025,3,1448,3153,MU,SM,TCD,"Govt. Dental College, Thrissur",BDS,SM,1,mbbs_p3_final.pdf
2025,3,1449,3155,BH,SM,PMC,"Pushpagiri Institute of Medical Science, Thiruvalla",MBBS,SM,17,mbbs_p3_final.pdf
2025,3,1450,3156,General,SM,BCM,"Believers Church Medical College Hospital, Thiruvalla",MBBS,SM,5,mbbs_p3_final.pdf
2025,3,1451,3157,MU,SM,MMC,"Malankara Orthodox Syrian Church MediCollege, Kolenchery",MBBS,SM,17,mbbs_p3_final.pdf
2025,3,1452,3164,General,SM,GMC,"Sree Gokulam Medical College, Venjaramoodu, TVPM",MBBS,SM,15,mbbs_p3_final.pdf
2025,3,1453,3170,General,AM,KEM,"Kerala Medical College, Palakkad",MBBS,AM,5,mbbs_p3_final.pdf
2025,3,1454,3172,BH,SM,BCM,"Believers Church Medical College Hospital, Thiruvalla",MBBS,SM,17,mbbs_p3_final.pdf
2025,3,1455,3176,MU,SM,PMC,"Pushpagiri Institute of Medical Science, Thiruvalla",MBBS,SM,16,mbbs_p3_final.pdf
2025,3,1456,3177,General,SM,BCM,"Believers Church Medical College Hospital, Thiruvalla",MBBS,SM,1,mbbs_p3_final.pdf
2025,3,1457,3178,General,SM,MMC,"Malankara Orthodox Syrian Church MediCollege, Kolenchery",MBBS,SM,17,mbbs_p3_final.pdf
2025,3,1458,3180,General,SM,GMC,"Sree Gokulam Medical College, Venjaramoodu, TVPM",MBBS,SM,1,mbbs_p3_final.pdf
2025,3,1459,3182,EZ,SM,KTD,"Govt. Dental College, Kottayam",BDS,SM,1,mbbs_p3_final.pdf
2025,3,1460,3183,BH,SM,GMC,"Sree Gokulam Medical College, Venjaramoodu, TVPM",MBBS,SM,13,mbbs_p3_final.pdf
2025,3,1461,3184,MU,SM,BCM,"Believers Church Medical College Hospital, Thiruvalla",MBBS,SM,17,mbbs_p3_final.pdf
2025,3,1462,3185,General,SM,BCM,"Believers Church Medical College Hospital, Thiruvalla",MBBS,SM,17,mbbs_p3_final.pdf
2025,3,1463,3186,EW,FL-EW,WYM,"Govt. Medical College, Wayanad",MBBS,FL-EW,13,mbbs_p3_final.pdf
2025,3,1464,3187,BH,SM,GMC,"Sree Gokulam Medical College, Venjaramoodu, TVPM",MBBS,SM,15,mbbs_p3_final.pdf
2025,3,1465,3189,MU,SM,TCD,"Govt. Dental College, Thrissur",BDS,SM,2,mbbs_p3_final.pdf
2025,3,1466,3190,EW,FL-EW,KSM,"Govt. Medical College, Kasaragod",MBBS,FL-EW,13,mbbs_p3_final.pdf
2025,3,1467,3192,MU,AM,EMC,"MES Medical College, Perinthalmanna, Malappuram",MBBS,AM,16,mbbs_p3_final.pdf
2025,3,1468,3193,BH,AM,SIM,"Sree Narayana Institute of Medical Sciences, Chalakka, Ernakulam.",MBBS,AM,7,mbbs_p3_final.pdf
2025,3,1469,3198,EZ,SM,MMC,"Malankara Orthodox Syrian Church MediCollege, Kolenchery",MBBS,SM,17,mbbs_p3_final.pdf
2025,3,1470,3199,BH,SM,GMC,"Sree Gokulam Medical College, Venjaramoodu, TVPM",MBBS,SM,17,mbbs_p3_final.pdf
2025,3,1471,3204,General,AM,SMC,"Dr. Somervell Memorial CSI Medical College, Karakonam",MBBS,AM,2,mbbs_p3_final.pdf
2025,3,1472,3205,General,AM,MMH,"Malabar Medical College Hospital, Kozhikkode",MBBS,AM,1,mbbs_p3_final.pdf
2025,3,1473,3208,EZ,AM,EMC,"MES Medical College, Perinthalmanna, Malappuram",MBBS,AM,17,mbbs_p3_final.pdf
2025,3,1474,3216,MU,SM,TCD,"Govt. Dental College, Thrissur",BDS,SM,1,mbbs_p3_final.pdf
2025,3,1475,3220,EW,FL-EW,KSM,"Govt. Medical College, Kasaragod",MBBS,FL-EW,13,mbbs_p3_final.pdf
2025,3,1476,3221,EW,FL-EW,KSM,"Govt. Medical College, Kasaragod",MBBS,FL-EW,12,mbbs_p3_final.pdf
2025,3,1477,3223,MU,SM,TCD,"Govt. Dental College, Thrissur",BDS,SM,15,mbbs_p3_final.pdf
2025,3,1478,3224,MU,SM,EMC,"MES Medical College, Perinthalmanna, Malappuram",MBBS,SM,16,mbbs_p3_final.pdf
2025,3,1479,3228,MU,SM,EMC,"MES Medical College, Perinthalmanna, Malappuram",MBBS,SM,1,mbbs_p3_final.pdf
2025,3,1480,3229,EW,FL-EW,WYM,"Govt. Medical College, Wayanad",MBBS,FL-EW,12,mbbs_p3_final.pdf
2025,3,1481,3232,BX,SM,BCM,"Believers Church Medical College Hospital, Thiruvalla",MBBS,SM,1,mbbs_p3_final.pdf
2025,3,1482,3236,General,AM,KEM,"Kerala Medical College, Palakkad",MBBS,AM,5,mbbs_p3_final.pdf
2025,3,1483,3237,MU,SM,TCD,"Govt. Dental College, Thrissur",BDS,SM,1,mbbs_p3_final.pdf
2025,3,1484,3238,General,AM,KCM,"KMCT Medical College, Mukkom, Kozikkode",MBBS,AM,1,mbbs_p3_final.pdf
2025,3,1485,3240,MU,SM,TCD,"Govt. Dental College, Thrissur",BDS,SM,16,mbbs_p3_final.pdf
2025,3,1486,3241,EZ,SM,TVD,"Govt. Dental College, Thiruvananthapuram",BDS,SM,1,mbbs_p3_final.pdf
2025,3,1487,3242,VK,SM,TVD,"Govt. Dental College, Thiruvananthapuram",BDS,SM,5,mbbs_p3_final.pdf
2025,3,1488,3244,EZ,SM,PMC,"Pushpagiri Institute of Medical Science, Thiruvalla",MBBS,SM,17,mbbs_p3_final.pdf
2025,3,1489,3247,MU,AM,KEM,"Kerala Medical College, Palakkad",MBBS,AM,15,mbbs_p3_final.pdf
2025,3,1490,3249,MU,SM,BCM,"Believers Church Medical College Hospital, Thiruvalla",MBBS,SM,17,mbbs_p3_final.pdf
2025,3,1491,3250,General,AC,JMC,"Jubilee Mission Medical College, Thrisur",MBBS,AC,10,mbbs_p3_final.pdf
2025,3,1492,3251,General,SM,GMC,"Sree Gokulam Medical College, Venjaramoodu, TVPM",MBBS,SM,14,mbbs_p3_final.pdf
2025,3,1493,3253,EW,FL-EW,KSM,"Govt. Medical College, Kasaragod",MBBS,FL-EW,12,mbbs_p3_final.pdf
2025,3,1494,3254,General,SM,GMC,"Sree Gokulam Medical College, Venjaramoodu, TVPM",MBBS,SM,17,mbbs_p3_final.pdf
2025,3,1495,3258,EW,FL-EW,KSM,"Govt. Medical College, Kasaragod",MBBS,FL-EW,13,mbbs_p3_final.pdf
2025,3,1496,3259,General,SM,GMC,"Sree Gokulam Medical College, Venjaramoodu, TVPM",MBBS,SM,15,mbbs_p3_final.pdf
2025,3,1497,3261,BH,SM,EMC,"MES Medical College, Perinthalmanna, Malappuram",MBBS,SM,15,mbbs_p3_final.pdf
2025,3,1498,3263,EZ,SM,TCD,"Govt. Dental College, Thrissur",BDS,SM,15,mbbs_p3_final.pdf
2025,3,1499,3265,General,AC,JMC,"Jubilee Mission Medical College, Thrisur",MBBS,AC,15,mbbs_p3_final.pdf
2025,3,1500,3266,MU,SM,EMC,"MES Medical College, Perinthalmanna, Malappuram",MBBS,SM,1,mbbs_p3_final.pdf
2025,3,1501,3267,EW,FL-EW,KSM,"Govt. Medical College, Kasaragod",MBBS,FL-EW,14,mbbs_p3_final.pdf
2025,3,1502,3271,General,SM,PMC,"Pushpagiri Institute of Medical Science, Thiruvalla",MBBS,SM,8,mbbs_p3_final.pdf
2025,3,1503,3273,EW,FL-EW,KSM,"Govt. Medical College, Kasaragod",MBBS,FL-EW,14,mbbs_p3_final.pdf
2025,3,1504,3274,MU,SM,TCD,"Govt. Dental College, Thrissur",BDS,SM,16,mbbs_p3_final.pdf
2025,3,1505,3275,General,AM,KCM,"KMCT Medical College, Mukkom, Kozikkode",MBBS,AM,1,mbbs_p3_final.pdf
2025,3,1506,3279,MU,AM,KEM,"Kerala Medical College, Palakkad",MBBS,AM,1,mbbs_p3_final.pdf
2025,3,1507,3286,EZ,AM,SMC,"Dr. Somervell Memorial CSI Medical College, Karakonam",MBBS,AM,15,mbbs_p3_final.pdf
2025,3,1508,3288,MU,MM,EMC,"MES Medical College, Perinthalmanna, Malappuram",MBBS,MM,1,mbbs_p3_final.pdf
2025,3,1509,3289,General,SM,EMC,"MES Medical College, Perinthalmanna, Malappuram",MBBS,SM,11,mbbs_p3_final.pdf
2025,3,1510,3291,General,AM,KEM,"Kerala Medical College, Palakkad",MBBS,AM,1,mbbs_p3_final.pdf
2025,3,1511,3292,General,AM,DMM,"Dr. Moopens Medical College, Meppadi, Wayanad",MBBS,AM,1,mbbs_p3_final.pdf
2025,3,1512,3293,MU,MM,EMC,"MES Medical College, Perinthalmanna, Malappuram",MBBS,MM,1,mbbs_p3_final.pdf
2025,3,1513,3295,VK,AM,KEM,"Kerala Medical College, Palakkad",MBBS,AM,13,mbbs_p3_final.pdf
2025,3,1514,3296,LA,FL-LA,IDM,Government Medical College Idukki,MBBS,FL-LA,9,mbbs_p3_final.pdf
2025,3,1515,3297,DV,DV,TVM,"Govt. Medical College, Thiruvananthapuram",MBBS,DV,1,mbbs_p3_final.pdf
2025,3,1516,3298,General,SM,GMC,"Sree Gokulam Medical College, Venjaramoodu, TVPM",MBBS,SM,15,mbbs_p3_final.pdf
2025,3,1517,3299,General,AC,JMC,"Jubilee Mission Medical College, Thrisur",MBBS,AC,12,mbbs_p3_final.pdf
2025,3,1518,3303,MU,SM,TCD,"Govt. Dental College, Thrissur",BDS,SM,15,mbbs_p3_final.pdf
2025,3,1519,3308,General,AM,MMH,"Malabar Medical College Hospital, Kozhikkode",MBBS,AM,1,mbbs_p3_final.pdf
2025,3,1520,3313,BH,SM,EMC,"MES Medical College, Perinthalmanna, Malappuram",MBBS,SM,13,mbbs_p3_final.pdf
2025,3,1521,3316,EZ,SM,GMC,"Sree Gokulam Medical College, Venjaramoodu, TVPM",MBBS,SM,14,mbbs_p3_final.pdf
2025,3,1522,3323,MU,AM,MMH,"Malabar Medical College Hospital, Kozhikkode",MBBS,AM,15,mbbs_p3_final.pdf
2025,3,1523,3324,MU,SM,EMC,"MES Medical College, Perinthalmanna, Malappuram",MBBS,SM,17,mbbs_p3_final.pdf
2025,3,1524,3327,BH,AM,MMH,"Malabar Medical College Hospital, Kozhikkode",MBBS,AM,14,mbbs_p3_final.pdf
2025,3,1525,3331,MU,MM,EMC,"MES Medical College, Perinthalmanna, Malappuram",MBBS,MM,17,mbbs_p3_final.pdf
2025,3,1526,3332,EW,FL-EW,KSM,"Govt. Medical College, Kasaragod",MBBS,FL-EW,13,mbbs_p3_final.pdf
2025,3,1527,3334,MU,MM,EMC,"MES Medical College, Perinthalmanna, Malappuram",MBBS,MM,1,mbbs_p3_final.pdf
2025,3,1528,3335,MU,SM-MU,TVD,"Govt. Dental College, Thiruvananthapuram",BDS,SM-MU,16,mbbs_p3_final.pdf
2025,3,1529,3337,MU,SM,EMC,"MES Medical College, Perinthalmanna, Malappuram",MBBS,SM,15,mbbs_p3_final.pdf
2025,3,1530,3339,EZ,EZ,MMC,"Malankara Orthodox Syrian Church MediCollege, Kolenchery",MBBS,EZ,16,mbbs_p3_final.pdf
2025,3,1531,3342,MU,SM,EMC,"MES Medical College, Perinthalmanna, Malappuram",MBBS,SM,15,mbbs_p3_final.pdf
2025,3,1532,3343,General,AM,MMH,"Malabar Medical College Hospital, Kozhikkode",MBBS,AM,1,mbbs_p3_final.pdf
2025,3,1533,3346,General,AM,MMH,"Malabar Medical College Hospital, Kozhikkode",MBBS,AM,1,mbbs_p3_final.pdf
2025,3,1534,3349,MU,SM,KTD,"Govt. Dental College, Kottayam",BDS,SM,16,mbbs_p3_final.pdf
2025,3,1535,3352,BH,SM,GMC,"Sree Gokulam Medical College, Venjaramoodu, TVPM",MBBS,SM,11,mbbs_p3_final.pdf
2025,3,1536,3354,General,AM,MMH,"Malabar Medical College Hospital, Kozhikkode",MBBS,AM,1,mbbs_p3_final.pdf
2025,3,1537,3355,MU,SM,GMC,"Sree Gokulam Medical College, Venjaramoodu, TVPM",MBBS,SM,15,mbbs_p3_final.pdf
2025,3,1538,3356,BH,SM,GMC,"Sree Gokulam Medical College, Venjaramoodu, TVPM",MBBS,SM,15,mbbs_p3_final.pdf
2025,3,1539,3358,MU,MM,EMC,"MES Medical College, Perinthalmanna, Malappuram",MBBS,MM,15,mbbs_p3_final.pdf
2025,3,1540,3359,General,AM,SMC,"Dr. Somervell Memorial CSI Medical College, Karakonam",MBBS,AM,6,mbbs_p3_final.pdf
2025,3,1541,3362,EZ,SM-EZ,KKD,"Govt. Dental College, Kozhikkode",BDS,SM-EZ,15,mbbs_p3_final.pdf
2025,3,1542,3365,General,SM,GMC,"Sree Gokulam Medical College, Venjaramoodu, TVPM",MBBS,SM,1,mbbs_p3_final.pdf
2025,3,1543,3367,LA,LA,KSM,"Govt. Medical College, Kasaragod",MBBS,LA,13,mbbs_p3_final.pdf
2025,3,1544,3370,MU,AM,MMH,"Malabar Medical College Hospital, Kozhikkode",MBBS,AM,15,mbbs_p3_final.pdf
2025,3,1545,3371,MU,MM,EMC,"MES Medical College, Perinthalmanna, Malappuram",MBBS,MM,1,mbbs_p3_final.pdf
2025,3,1546,3372,General,SM,GMC,"Sree Gokulam Medical College, Venjaramoodu, TVPM",MBBS,SM,1,mbbs_p3_final.pdf
2025,3,1547,3373,MU,SM,KTD,"Govt. Dental College, Kottayam",BDS,SM,17,mbbs_p3_final.pdf
2025,3,1548,3376,General,AM,KCM,"KMCT Medical College, Mukkom, Kozikkode",MBBS,AM,1,mbbs_p3_final.pdf
2025,3,1549,3377,General,AM,SUC,"SUT Accademy of Medical Sciences, Thiruvananthapuram",MBBS,AM,1,mbbs_p3_final.pdf
2025,3,1550,3378,General,AM,MMH,"Malabar Medical College Hospital, Kozhikkode",MBBS,AM,1,mbbs_p3_final.pdf
2025,3,1551,3381,MU,SM-MU,TVD,"Govt. Dental College, Thiruvananthapuram",BDS,SM-MU,12,mbbs_p3_final.pdf
2025,3,1552,3382,General,AM,MMH,"Malabar Medical College Hospital, Kozhikkode",MBBS,AM,5,mbbs_p3_final.pdf
2025,3,1553,3393,EW,FL-EW,KSM,"Govt. Medical College, Kasaragod",MBBS,FL-EW,14,mbbs_p3_final.pdf
2025,3,1554,3395,EZ,SM-EZ,TVD,"Govt. Dental College, Thiruvananthapuram",BDS,SM-EZ,1,mbbs_p3_final.pdf
2025,3,1555,3396,MU,SM,EMC,"MES Medical College, Perinthalmanna, Malappuram",MBBS,SM,1,mbbs_p3_final.pdf
2025,3,1556,3397,EZ,SM,BCM,"Believers Church Medical College Hospital, Thiruvalla",MBBS,SM,17,mbbs_p3_final.pdf
2025,3,1557,3399,MU,SM,TCD,"Govt. Dental College, Thrissur",BDS,SM,16,mbbs_p3_final.pdf
2025,3,1558,3400,General,MM,EMC,"MES Medical College, Perinthalmanna, Malappuram",MBBS,MM,1,mbbs_p3_final.pdf
2025,3,1559,3405,EZ,AM,KEM,"Kerala Medical College, Palakkad",MBBS,AM,15,mbbs_p3_final.pdf
2025,3,1560,3406,MU,SM,KTD,"Govt. Dental College, Kottayam",BDS,SM,4,mbbs_p3_final.pdf
2025,3,1561,3407,General,SM,GMC,"Sree Gokulam Medical College, Venjaramoodu, TVPM",MBBS,SM,15,mbbs_p3_final.pdf
2025,3,1562,3408,General,SM,GMC,"Sree Gokulam Medical College, Venjaramoodu, TVPM",MBBS,SM,12,mbbs_p3_final.pdf
2025,3,1563,3410,General,AC,JMC,"Jubilee Mission Medical College, Thrisur",MBBS,AC,14,mbbs_p3_final.pdf
2025,3,1564,3411,EW,FL-EW,KSM,"Govt. Medical College, Kasaragod",MBBS,FL-EW,14,mbbs_p3_final.pdf
2025,3,1565,3413,EZ,SM,GMC,"Sree Gokulam Medical College, Venjaramoodu, TVPM",MBBS,SM,15,mbbs_p3_final.pdf
2025,3,1566,3417,EZ,EZ,MMC,"Malankara Orthodox Syrian Church MediCollege, Kolenchery",MBBS,EZ,17,mbbs_p3_final.pdf
2025,3,1567,3418,MU,SM,TCD,"Govt. Dental College, Thrissur",BDS,SM,16,mbbs_p3_final.pdf
2025,3,1568,3419,MU,SM-MU,TVD,"Govt. Dental College, Thiruvananthapuram",BDS,SM-MU,16,mbbs_p3_final.pdf
2025,3,1569,3423,MU,SM,EMC,"MES Medical College, Perinthalmanna, Malappuram",MBBS,SM,17,mbbs_p3_final.pdf
2025,3,1570,3424,General,AM,KCM,"KMCT Medical College, Mukkom, Kozikkode",MBBS,AM,1,mbbs_p3_final.pdf
2025,3,1571,3427,BH,SM,GMC,"Sree Gokulam Medical College, Venjaramoodu, TVPM",MBBS,SM,15,mbbs_p3_final.pdf
2025,3,1572,3431,General,AM,MMH,"Malabar Medical College Hospital, Kozhikkode",MBBS,AM,1,mbbs_p3_final.pdf
2025,3,1573,3433,General,AM,KCM,"KMCT Medical College, Mukkom, Kozikkode",MBBS,AM,1,mbbs_p3_final.pdf
2025,3,1574,3434,MU,SM,KTD,"Govt. Dental College, Kottayam",BDS,SM,9,mbbs_p3_final.pdf
2025,3,1575,3438,EW,FL-EW,KSM,"Govt. Medical College, Kasaragod",MBBS,FL-EW,11,mbbs_p3_final.pdf
2025,3,1576,3439,BH,SM,GMC,"Sree Gokulam Medical College, Venjaramoodu, TVPM",MBBS,SM,18,mbbs_p3_final.pdf
2025,3,1577,3440,General,SM,GMC,"Sree Gokulam Medical College, Venjaramoodu, TVPM",MBBS,SM,13,mbbs_p3_final.pdf
2025,3,1578,3453,MU,SM,KND,"Government Dental College, Kannur",BDS,SM,1,mbbs_p3_final.pdf
2025,3,1579,3455,General,AM,TRM,"Travancore Medical College, Umayanalloor, Kollam",MBBS,AM,1,mbbs_p3_final.pdf
2025,3,1580,3456,MU,SM,KND,"Government Dental College, Kannur",BDS,SM,16,mbbs_p3_final.pdf
2025,3,1581,3457,LA,LA,WYM,"Govt. Medical College, Wayanad",MBBS,LA,12,mbbs_p3_final.pdf
2025,3,1582,3458,General,AC,JMC,"Jubilee Mission Medical College, Thrisur",MBBS,AC,1,mbbs_p3_final.pdf
2025,3,1583,3461,MU,SM,KND,"Government Dental College, Kannur",BDS,SM,16,mbbs_p3_final.pdf
2025,3,1584,3463,General,SM,EMC,"MES Medical College, Perinthalmanna, Malappuram",MBBS,SM,15,mbbs_p3_final.pdf
2025,3,1585,3464,MU,SM,TCD,"Govt. Dental College, Thrissur",BDS,SM,1,mbbs_p3_final.pdf
2025,3,1586,3467,EW,FL-EW,KSM,"Govt. Medical College, Kasaragod",MBBS,FL-EW,14,mbbs_p3_final.pdf
2025,3,1587,3468,LA,LA,KSM,"Govt. Medical College, Kasaragod",MBBS,LA,13,mbbs_p3_final.pdf
2025,3,1588,3469,EW,AC,MMC,"Malankara Orthodox Syrian Church MediCollege, Kolenchery",MBBS,AC,1,mbbs_p3_final.pdf
2025,3,1589,3473,MU,SM,ALD,"Government Dental College, Alappuzha",BDS,SM,16,mbbs_p3_final.pdf
2025,3,1590,3482,LA,AC,JMC,"Jubilee Mission Medical College, Thrisur",MBBS,AC,8,mbbs_p3_final.pdf
2025,3,1591,3485,EZ,SM,KTD,"Govt. Dental College, Kottayam",BDS,SM,1,mbbs_p3_final.pdf
2025,3,1592,3486,EW,SM-EW,KKD,"Govt. Dental College, Kozhikkode",BDS,SM-EW,15,mbbs_p3_final.pdf
2025,3,1593,3488,EZ,SM-EZ,TCD,"Govt. Dental College, Thrissur",BDS,SM-EZ,15,mbbs_p3_final.pdf
2025,3,1594,3492,General,AC,JMC,"Jubilee Mission Medical College, Thrisur",MBBS,AC,11,mbbs_p3_final.pdf
2025,3,1595,3495,General,AC,JMC,"Jubilee Mission Medical College, Thrisur",MBBS,AC,15,mbbs_p3_final.pdf
2025,3,1596,3497,General,SM,BCM,"Believers Church Medical College Hospital, Thiruvalla",MBBS,SM,18,mbbs_p3_final.pdf
2025,3,1597,3503,BX,AC,JMC,"Jubilee Mission Medical College, Thrisur",MBBS,AC,1,mbbs_p3_final.pdf
2025,3,1598,3507,EZ,SM,KTD,"Govt. Dental College, Kottayam",BDS,SM,9,mbbs_p3_final.pdf
2025,3,1599,3509,MU,SM,KTD,"Govt. Dental College, Kottayam",BDS,SM,16,mbbs_p3_final.pdf
2025,3,1600,3511,MU,SM,EMC,"MES Medical College, Perinthalmanna, Malappuram",MBBS,SM,14,mbbs_p3_final.pdf
2025,3,1601,3512,General,AM,KCM,"KMCT Medical College, Mukkom, Kozikkode",MBBS,AM,1,mbbs_p3_final.pdf
2025,3,1602,3514,MU,SM,KND,"Government Dental College, Kannur",BDS,SM,1,mbbs_p3_final.pdf
2025,3,1603,3518,General,AC,JMC,"Jubilee Mission Medical College, Thrisur",MBBS,AC,8,mbbs_p3_final.pdf
2025,3,1604,3520,BH,AM,KEM,"Kerala Medical College, Palakkad",MBBS,AM,1,mbbs_p3_final.pdf
2025,3,1605,3521,General,AM,SMC,"Dr. Somervell Memorial CSI Medical College, Karakonam",MBBS,AM,1,mbbs_p3_final.pdf
2025,3,1606,3522,General,SM,GMC,"Sree Gokulam Medical College, Venjaramoodu, TVPM",MBBS,SM,1,mbbs_p3_final.pdf
2025,3,1607,3523,LA,FL-LA,KSM,"Govt. Medical College, Kasaragod",MBBS,FL-LA,11,mbbs_p3_final.pdf
2025,3,1608,3524,General,AM,SUC,"SUT Accademy of Medical Sciences, Thiruvananthapuram",MBBS,AM,2,mbbs_p3_final.pdf
2025,3,1609,3525,MU,SM,KTD,"Govt. Dental College, Kottayam",BDS,SM,4,mbbs_p3_final.pdf
2025,3,1610,3528,MU,SM,EMC,"MES Medical College, Perinthalmanna, Malappuram",MBBS,SM,15,mbbs_p3_final.pdf
2025,3,1611,3530,MU,SM,GMC,"Sree Gokulam Medical College, Venjaramoodu, TVPM",MBBS,SM,11,mbbs_p3_final.pdf
2025,3,1612,3533,MU,MU,MMC,"Malankara Orthodox Syrian Church MediCollege, Kolenchery",MBBS,MU,15,mbbs_p3_final.pdf
2025,3,1613,3536,General,AM,SUC,"SUT Accademy of Medical Sciences, Thiruvananthapuram",MBBS,AM,1,mbbs_p3_final.pdf
2025,3,1614,3539,General,AM,KCM,"KMCT Medical College, Mukkom, Kozikkode",MBBS,AM,17,mbbs_p3_final.pdf
2025,3,1615,3541,MU,MU,MMC,"Malankara Orthodox Syrian Church MediCollege, Kolenchery",MBBS,MU,17,mbbs_p3_final.pdf
2025,3,1616,3542,EW,SM-EW,TVD,"Govt. Dental College, Thiruvananthapuram",BDS,SM-EW,15,mbbs_p3_final.pdf
2025,3,1617,3544,General,AM,KCM,"KMCT Medical College, Mukkom, Kozikkode",MBBS,AM,1,mbbs_p3_final.pdf
2025,3,1618,3545,General,SM,GMC,"Sree Gokulam Medical College, Venjaramoodu, TVPM",MBBS,SM,1,mbbs_p3_final.pdf
2025,3,1619,3549,General,AM,KCM,"KMCT Medical College, Mukkom, Kozikkode",MBBS,AM,1,mbbs_p3_final.pdf
2025,3,1620,3552,EZ,SM,GMC,"Sree Gokulam Medical College, Venjaramoodu, TVPM",MBBS,SM,15,mbbs_p3_final.pdf
2025,3,1621,3555,MU,MM,EMC,"MES Medical College, Perinthalmanna, Malappuram",MBBS,MM,10,mbbs_p3_final.pdf
2025,3,1622,3556,MU,SM,EMC,"MES Medical College, Perinthalmanna, Malappuram",MBBS,SM,15,mbbs_p3_final.pdf
2025,3,1623,3562,General,AC,JMC,"Jubilee Mission Medical College, Thrisur",MBBS,AC,15,mbbs_p3_final.pdf
2025,3,1624,3564,General,AM,SMC,"Dr. Somervell Memorial CSI Medical College, Karakonam",MBBS,AM,5,mbbs_p3_final.pdf
2025,3,1625,3565,General,AM,SUC,"SUT Accademy of Medical Sciences, Thiruvananthapuram",MBBS,AM,1,mbbs_p3_final.pdf
2025,3,1626,3567,MU,MM,EMC,"MES Medical College, Perinthalmanna, Malappuram",MBBS,MM,1,mbbs_p3_final.pdf
2025,3,1627,3568,DV,DV,KTM,"Govt. Medical College, Kottayam",MBBS,DV,1,mbbs_p3_final.pdf
2025,3,1628,3570,MU,SM,GMC,"Sree Gokulam Medical College, Venjaramoodu, TVPM",MBBS,SM,15,mbbs_p3_final.pdf
2025,3,1629,3574,General,SM,GMC,"Sree Gokulam Medical College, Venjaramoodu, TVPM",MBBS,SM,13,mbbs_p3_final.pdf
2025,3,1630,3576,LA,FL-LA,KSM,"Govt. Medical College, Kasaragod",MBBS,FL-LA,12,mbbs_p3_final.pdf
2025,3,1631,3577,MU,MM,EMC,"MES Medical College, Perinthalmanna, Malappuram",MBBS,MM,1,mbbs_p3_final.pdf
2025,3,1632,3579,BH,SM,BCM,"Believers Church Medical College Hospital, Thiruvalla",MBBS,SM,13,mbbs_p3_final.pdf
2025,3,1633,3582,General,AM,MMH,"Malabar Medical College Hospital, Kozhikkode",MBBS,AM,5,mbbs_p3_final.pdf
2025,3,1634,3586,EZ,SM,PMC,"Pushpagiri Institute of Medical Science, Thiruvalla",MBBS,SM,18,mbbs_p3_final.pdf
2025,3,1635,3593,General,AC,JMC,"Jubilee Mission Medical College, Thrisur",MBBS,AC,1,mbbs_p3_final.pdf
2025,3,1636,3594,MU,SM,KTD,"Govt. Dental College, Kottayam",BDS,SM,15,mbbs_p3_final.pdf
2025,3,1637,3595,General,AC,JMC,"Jubilee Mission Medical College, Thrisur",MBBS,AC,1,mbbs_p3_final.pdf
2025,3,1638,3599,BX,SM,BCM,"Believers Church Medical College Hospital, Thiruvalla",MBBS,SM,6,mbbs_p3_final.pdf
2025,3,1639,3602,MU,SM-MU,TCD,"Govt. Dental College, Thrissur",BDS,SM-MU,16,mbbs_p3_final.pdf
2025,3,1640,3605,MU,SM,KTD,"Govt. Dental College, Kottayam",BDS,SM,15,mbbs_p3_final.pdf
2025,3,1641,3606,MU,SM-MU,TVD,"Govt. Dental College, Thiruvananthapuram",BDS,SM-MU,16,mbbs_p3_final.pdf
2025,3,1642,3610,General,AM,KCM,"KMCT Medical College, Mukkom, Kozikkode",MBBS,AM,1,mbbs_p3_final.pdf
2025,3,1643,3614,MU,SM,ALD,"Government Dental College, Alappuzha",BDS,SM,16,mbbs_p3_final.pdf
2025,3,1644,3616,MU,SM,ALD,"Government Dental College, Alappuzha",BDS,SM,16,mbbs_p3_final.pdf
2025,3,1645,3617,General,AM,MMH,"Malabar Medical College Hospital, Kozhikkode",MBBS,AM,1,mbbs_p3_final.pdf
2025,3,1646,3618,MU,AM,MMH,"Malabar Medical College Hospital, Kozhikkode",MBBS,AM,1,mbbs_p3_final.pdf
2025,3,1647,3619,MU,MU,PMC,"Pushpagiri Institute of Medical Science, Thiruvalla",MBBS,MU,17,mbbs_p3_final.pdf
2025,3,1648,3620,MU,SM-MU,KTD,"Govt. Dental College, Kottayam",BDS,SM-MU,17,mbbs_p3_final.pdf
2025,3,1649,3621,MU,SM,EMC,"MES Medical College, Perinthalmanna, Malappuram",MBBS,SM,15,mbbs_p3_final.pdf
2025,3,1650,3626,VK,AM,KEM,"Kerala Medical College, Palakkad",MBBS,AM,15,mbbs_p3_final.pdf
2025,3,1651,3633,MU,MM,EMC,"MES Medical College, Perinthalmanna, Malappuram",MBBS,MM,1,mbbs_p3_final.pdf
2025,3,1652,3635,General,SM,GMC,"Sree Gokulam Medical College, Venjaramoodu, TVPM",MBBS,SM,1,mbbs_p3_final.pdf
2025,3,1653,3638,BH,BH,PMC,"Pushpagiri Institute of Medical Science, Thiruvalla",MBBS,BH,13,mbbs_p3_final.pdf
2025,3,1654,3640,General,MM,EMC,"MES Medical College, Perinthalmanna, Malappuram",MBBS,MM,1,mbbs_p3_final.pdf
2025,3,1655,3641,VK,SM-VK,KKD,"Govt. Dental College, Kozhikkode",BDS,SM-VK,1,mbbs_p3_final.pdf
2025,3,1656,3644,MU,SM-MU,TCD,"Govt. Dental College, Thrissur",BDS,SM-MU,16,mbbs_p3_final.pdf
2025,3,1657,3645,General,AC,JMC,"Jubilee Mission Medical College, Thrisur",MBBS,AC,1,mbbs_p3_final.pdf
2025,3,1658,3647,General,AC,JMC,"Jubilee Mission Medical College, Thrisur",MBBS,AC,13,mbbs_p3_final.pdf
2025,3,1659,3648,MU,SM,ALD,"Government Dental College, Alappuzha",BDS,SM,16,mbbs_p3_final.pdf
2025,3,1660,3652,General,AM,MMH,"Malabar Medical College Hospital, Kozhikkode",MBBS,AM,1,mbbs_p3_final.pdf
2025,3,1661,3654,MU,SM,GMC,"Sree Gokulam Medical College, Venjaramoodu, TVPM",MBBS,SM,12,mbbs_p3_final.pdf
2025,3,1662,3655,BH,AM,MMH,"Malabar Medical College Hospital, Kozhikkode",MBBS,AM,1,mbbs_p3_final.pdf
2025,3,1663,3656,General,SM,GMC,"Sree Gokulam Medical College, Venjaramoodu, TVPM",MBBS,SM,11,mbbs_p3_final.pdf
2025,3,1664,3660,General,SM,ALD,"Government Dental College, Alappuzha",BDS,SM,16,mbbs_p3_final.pdf
2025,3,1665,3664,MU,SM-MU,KTD,"Govt. Dental College, Kottayam",BDS,SM-MU,17,mbbs_p3_final.pdf
2025,3,1666,3667,General,AM,MMH,"Malabar Medical College Hospital, Kozhikkode",MBBS,AM,15,mbbs_p3_final.pdf
2025,3,1667,3670,EZ,EZ,PMC,"Pushpagiri Institute of Medical Science, Thiruvalla",MBBS,EZ,15,mbbs_p3_final.pdf
2025,3,1668,3673,MU,MM,EMC,"MES Medical College, Perinthalmanna, Malappuram",MBBS,MM,1,mbbs_p3_final.pdf
2025,3,1669,3675,General,AC,JMC,"Jubilee Mission Medical College, Thrisur",MBBS,AC,1,mbbs_p3_final.pdf
2025,3,1670,3676,EW,AC,JMC,"Jubilee Mission Medical College, Thrisur",MBBS,AC,1,mbbs_p3_final.pdf
2025,3,1671,3679,MU,AM,KEM,"Kerala Medical College, Palakkad",MBBS,AM,1,mbbs_p3_final.pdf
2025,3,1672,3680,LA,FL-LA,KSM,"Govt. Medical College, Kasaragod",MBBS,FL-LA,12,mbbs_p3_final.pdf
2025,3,1673,3682,VK,SM,ALD,"Government Dental College, Alappuzha",BDS,SM,16,mbbs_p3_final.pdf
2025,3,1674,3683,MU,SM,EMC,"MES Medical College, Perinthalmanna, Malappuram",MBBS,SM,15,mbbs_p3_final.pdf
2025,3,1675,3684,EW,SM,GMC,"Sree Gokulam Medical College, Venjaramoodu, TVPM",MBBS,SM,1,mbbs_p3_final.pdf
2025,3,1676,3689,LA,FL-LA,KSM,"Govt. Medical College, Kasaragod",MBBS,FL-LA,8,mbbs_p3_final.pdf
2025,3,1677,3691,General,AM,MMH,"Malabar Medical College Hospital, Kozhikkode",MBBS,AM,1,mbbs_p3_final.pdf
2025,3,1678,3695,General,SM,GMC,"Sree Gokulam Medical College, Venjaramoodu, TVPM",MBBS,SM,18,mbbs_p3_final.pdf
2025,3,1679,3696,General,AM,KCM,"KMCT Medical College, Mukkom, Kozikkode",MBBS,AM,1,mbbs_p3_final.pdf
2025,3,1680,3697,BH,SM,GMC,"Sree Gokulam Medical College, Venjaramoodu, TVPM",MBBS,SM,2,mbbs_p3_final.pdf
2025,3,1681,3701,General,AC,JMC,"Jubilee Mission Medical College, Thrisur",MBBS,AC,1,mbbs_p3_final.pdf
2025,3,1682,3702,MU,SM-MU,TCD,"Govt. Dental College, Thrissur",BDS,SM-MU,16,mbbs_p3_final.pdf
2025,3,1683,3704,EZ,EZ,BCM,"Believers Church Medical College Hospital, Thiruvalla",MBBS,EZ,9,mbbs_p3_final.pdf
2025,3,1684,3709,MU,MM,EMC,"MES Medical College, Perinthalmanna, Malappuram",MBBS,MM,14,mbbs_p3_final.pdf
2025,3,1685,3714,EW,SM-EW,KKD,"Govt. Dental College, Kozhikkode",BDS,SM-EW,15,mbbs_p3_final.pdf
2025,3,1686,3717,MU,SM,EMC,"MES Medical College, Perinthalmanna, Malappuram",MBBS,SM,17,mbbs_p3_final.pdf
2025,3,1687,3720,MU,SM-MU,KTD,"Govt. Dental College, Kottayam",BDS,SM-MU,4,mbbs_p3_final.pdf
2025,3,1688,3721,MU,SM,EMC,"MES Medical College, Perinthalmanna, Malappuram",MBBS,SM,15,mbbs_p3_final.pdf
2025,3,1689,3726,MU,SM,KND,"Government Dental College, Kannur",BDS,SM,14,mbbs_p3_final.pdf
2025,3,1690,3728,BH,SM,GMC,"Sree Gokulam Medical College, Venjaramoodu, TVPM",MBBS,SM,1,mbbs_p3_final.pdf
2025,3,1691,3732,General,AM,KCM,"KMCT Medical College, Mukkom, Kozikkode",MBBS,AM,1,mbbs_p3_final.pdf
2025,3,1692,3733,EZ,SM-EZ,KTD,"Govt. Dental College, Kottayam",BDS,SM-EZ,15,mbbs_p3_final.pdf
2025,3,1693,3734,MU,MU,EMC,"MES Medical College, Perinthalmanna, Malappuram",MBBS,MU,17,mbbs_p3_final.pdf
2025,3,1694,3735,General,AM,SUC,"SUT Accademy of Medical Sciences, Thiruvananthapuram",MBBS,AM,1,mbbs_p3_final.pdf
2025,3,1695,3739,General,SM,GMC,"Sree Gokulam Medical College, Venjaramoodu, TVPM",MBBS,SM,1,mbbs_p3_final.pdf
2025,3,1696,3742,EZ,SM,GMC,"Sree Gokulam Medical College, Venjaramoodu, TVPM",MBBS,SM,1,mbbs_p3_final.pdf
2025,3,1697,3743,EZ,SM-EZ,TCD,"Govt. Dental College, Thrissur",BDS,SM-EZ,15,mbbs_p3_final.pdf
2025,3,1698,3744,General,SM,GMC,"Sree Gokulam Medical College, Venjaramoodu, TVPM",MBBS,SM,1,mbbs_p3_final.pdf
2025,3,1699,3747,MU,AM,TRM,"Travancore Medical College, Umayanalloor, Kollam",MBBS,AM,1,mbbs_p3_final.pdf
2025,3,1700,3751,EZ,AM,KEM,"Kerala Medical College, Palakkad",MBBS,AM,15,mbbs_p3_final.pdf
2025,3,1701,3752,EW,SM-EW,TVD,"Govt. Dental College, Thiruvananthapuram",BDS,SM-EW,15,mbbs_p3_final.pdf
2025,3,1702,3753,General,AC,AMC,"Amala Institute of Medical Sciences, Thrissur",MBBS,AC,16,mbbs_p3_final.pdf
2025,3,1703,3758,EZ,EZ,PMC,"Pushpagiri Institute of Medical Science, Thiruvalla",MBBS,EZ,18,mbbs_p3_final.pdf
2025,3,1704,3760,General,AM,KEM,"Kerala Medical College, Palakkad",MBBS,AM,15,mbbs_p3_final.pdf
2025,3,1705,3761,General,MM,EMC,"MES Medical College, Perinthalmanna, Malappuram",MBBS,MM,16,mbbs_p3_final.pdf
2025,3,1706,3763,MU,MU,EMC,"MES Medical College, Perinthalmanna, Malappuram",MBBS,MU,16,mbbs_p3_final.pdf
2025,3,1707,3767,General,SM,GMC,"Sree Gokulam Medical College, Venjaramoodu, TVPM",MBBS,SM,1,mbbs_p3_final.pdf
2025,3,1708,3772,MU,MU,EMC,"MES Medical College, Perinthalmanna, Malappuram",MBBS,MU,17,mbbs_p3_final.pdf
2025,3,1709,3774,MU,SM,ALD,"Government Dental College, Alappuzha",BDS,SM,15,mbbs_p3_final.pdf
2025,3,1710,3778,EZ,SM-EZ,TCD,"Govt. Dental College, Thrissur",BDS,SM-EZ,15,mbbs_p3_final.pdf
2025,3,1711,3779,EW,SM-EW,KTD,"Govt. Dental College, Kottayam",BDS,SM-EW,15,mbbs_p3_final.pdf
2025,3,1712,3780,General,AC,JMC,"Jubilee Mission Medical College, Thrisur",MBBS,AC,7,mbbs_p3_final.pdf
2025,3,1713,3781,General,SM,GMC,"Sree Gokulam Medical College, Venjaramoodu, TVPM",MBBS,SM,1,mbbs_p3_final.pdf
2025,3,1714,3783,BX,AC,JMC,"Jubilee Mission Medical College, Thrisur",MBBS,AC,15,mbbs_p3_final.pdf
2025,3,1715,3785,General,AC,MMC,"Malankara Orthodox Syrian Church MediCollege, Kolenchery",MBBS,AC,1,mbbs_p3_final.pdf
2025,3,1716,3786,General,AM,KCM,"KMCT Medical College, Mukkom, Kozikkode",MBBS,AM,7,mbbs_p3_final.pdf
2025,3,1717,3787,MU,SM,KND,"Government Dental College, Kannur",BDS,SM,3,mbbs_p3_final.pdf
2025,3,1718,3791,MU,MM,EMC,"MES Medical College, Perinthalmanna, Malappuram",MBBS,MM,18,mbbs_p3_final.pdf
2025,3,1719,3793,General,AC,JMC,"Jubilee Mission Medical College, Thrisur",MBBS,AC,15,mbbs_p3_final.pdf
2025,3,1720,3794,EW,AM,SUC,"SUT Accademy of Medical Sciences, Thiruvananthapuram",MBBS,AM,15,mbbs_p3_final.pdf
2025,3,1721,3796,MU,MM,EMC,"MES Medical College, Perinthalmanna, Malappuram",MBBS,MM,18,mbbs_p3_final.pdf
2025,3,1722,3801,MU,SM,KND,"Government Dental College, Kannur",BDS,SM,3,mbbs_p3_final.pdf
2025,3,1723,3802,EZ,SM-EZ,KTD,"Govt. Dental College, Kottayam",BDS,SM-EZ,15,mbbs_p3_final.pdf
2025,3,1724,3808,EZ,EZ,KTD,"Govt. Dental College, Kottayam",BDS,EZ,1,mbbs_p3_final.pdf
2025,3,1725,3809,MU,MM,EMC,"MES Medical College, Perinthalmanna, Malappuram",MBBS,MM,16,mbbs_p3_final.pdf
2025,3,1726,3811,General,AM,TRM,"Travancore Medical College, Umayanalloor, Kollam",MBBS,AM,1,mbbs_p3_final.pdf
2025,3,1727,3814,MU,AM,MMH,"Malabar Medical College Hospital, Kozhikkode",MBBS,AM,15,mbbs_p3_final.pdf
2025,3,1728,3817,MU,MU,ALD,"Government Dental College, Alappuzha",BDS,MU,17,mbbs_p3_final.pdf
2025,3,1729,3818,General,AC,JMC,"Jubilee Mission Medical College, Thrisur",MBBS,AC,16,mbbs_p3_final.pdf
2025,3,1730,3821,EZ,SM,GMC,"Sree Gokulam Medical College, Venjaramoodu, TVPM",MBBS,SM,15,mbbs_p3_final.pdf
2025,3,1731,3822,BH,BH,EMC,"MES Medical College, Perinthalmanna, Malappuram",MBBS,BH,16,mbbs_p3_final.pdf
2025,3,1732,3823,General,AC,JMC,"Jubilee Mission Medical College, Thrisur",MBBS,AC,1,mbbs_p3_final.pdf
2025,3,1733,3824,MU,MM,EMC,"MES Medical College, Perinthalmanna, Malappuram",MBBS,MM,18,mbbs_p3_final.pdf
2025,3,1734,3826,General,SM,GMC,"Sree Gokulam Medical College, Venjaramoodu, TVPM",MBBS,SM,19,mbbs_p3_final.pdf
2025,3,1735,3827,General,AM,SMC,"Dr. Somervell Memorial CSI Medical College, Karakonam",MBBS,AM,7,mbbs_p3_final.pdf
2025,3,1736,3828,MU,MU,ALD,"Government Dental College, Alappuzha",BDS,MU,19,mbbs_p3_final.pdf
2025,3,1737,3829,LA,AM,SUC,"SUT Accademy of Medical Sciences, Thiruvananthapuram",MBBS,AM,8,mbbs_p3_final.pdf
2025,3,1738,3830,MU,AM,KCM,"KMCT Medical College, Mukkom, Kozikkode",MBBS,AM,15,mbbs_p3_final.pdf
2025,3,1739,3836,General,SM,GMC,"Sree Gokulam Medical College, Venjaramoodu, TVPM",MBBS,SM,1,mbbs_p3_final.pdf
2025,3,1740,3841,General,AM,KCM,"KMCT Medical College, Mukkom, Kozikkode",MBBS,AM,1,mbbs_p3_final.pdf
2025,3,1741,3842,General,AC,JMC,"Jubilee Mission Medical College, Thrisur",MBBS,AC,16,mbbs_p3_final.pdf
2025,3,1742,3843,General,MM,EMC,"MES Medical College, Perinthalmanna, Malappuram",MBBS,MM,16,mbbs_p3_final.pdf
2025,3,1743,3845,General,AM,KCM,"KMCT Medical College, Mukkom, Kozikkode",MBBS,AM,1,mbbs_p3_final.pdf
2025,3,1744,3847,BH,SM,GMC,"Sree Gokulam Medical College, Venjaramoodu, TVPM",MBBS,SM,15,mbbs_p3_final.pdf
2025,3,1745,3848,General,AC,MMC,"Malankara Orthodox Syrian Church MediCollege, Kolenchery",MBBS,AC,1,mbbs_p3_final.pdf
2025,3,1746,3854,General,NR,JMC,"Jubilee Mission Medical College, Thrisur",MBBS,NR,10,mbbs_p3_final.pdf
2025,3,1747,3859,MU,MU,ALD,"Government Dental College, Alappuzha",BDS,MU,16,mbbs_p3_final.pdf
2025,3,1748,3862,General,AM,KCM,"KMCT Medical College, Mukkom, Kozikkode",MBBS,AM,1,mbbs_p3_final.pdf
2025,3,1749,3863,VK,VK,TVD,"Govt. Dental College, Thiruvananthapuram",BDS,VK,16,mbbs_p3_final.pdf
2025,3,1750,3864,EZ,SM,GMC,"Sree Gokulam Medical College, Venjaramoodu, TVPM",MBBS,SM,15,mbbs_p3_final.pdf
2025,3,1751,3866,MU,MU,KND,"Government Dental College, Kannur",BDS,MU,19,mbbs_p3_final.pdf
2025,3,1752,3870,MU,AM,MMH,"Malabar Medical College Hospital, Kozhikkode",MBBS,AM,1,mbbs_p3_final.pdf
2025,3,1753,3871,MU,AM,KCM,"KMCT Medical College, Mukkom, Kozikkode",MBBS,AM,1,mbbs_p3_final.pdf
2025,3,1754,3874,MU,FL-MU,ALD,"Government Dental College, Alappuzha",BDS,FL-MU,16,mbbs_p3_final.pdf
2025,3,1755,3884,SC,SC,KKM,"Govt. Medical College, Kozhikkode",MBBS,SC,1,mbbs_p3_final.pdf
2025,3,1756,3887,DV,DV,KTM,"Govt. Medical College, Kottayam",MBBS,DV,1,mbbs_p3_final.pdf
2025,3,1757,3891,VK,AM,KEM,"Kerala Medical College, Palakkad",MBBS,AM,15,mbbs_p3_final.pdf
2025,3,1758,3892,General,SM,GMC,"Sree Gokulam Medical College, Venjaramoodu, TVPM",MBBS,SM,1,mbbs_p3_final.pdf
2025,3,1759,3893,General,SM,GMC,"Sree Gokulam Medical College, Venjaramoodu, TVPM",MBBS,SM,18,mbbs_p3_final.pdf
2025,3,1760,3895,MU,AM,MMH,"Malabar Medical College Hospital, Kozhikkode",MBBS,AM,1,mbbs_p3_final.pdf
2025,3,1761,3899,ST,ST,KKM,"Govt. Medical College, Kozhikkode",MBBS,ST,1,mbbs_p3_final.pdf
2025,3,1762,3900,General,SM,GMC,"Sree Gokulam Medical College, Venjaramoodu, TVPM",MBBS,SM,8,mbbs_p3_final.pdf
2025,3,1763,3901,VK,VK,TCD,"Govt. Dental College, Thrissur",BDS,VK,18,mbbs_p3_final.pdf
2025,3,1764,3902,MU,FL-MU,ALD,"Government Dental College, Alappuzha",BDS,FL-MU,16,mbbs_p3_final.pdf
2025,3,1765,3904,General,AC,AMC,"Amala Institute of Medical Sciences, Thrissur",MBBS,AC,15,mbbs_p3_final.pdf
2025,3,1766,3908,MU,FL-MU,ALD,"Government Dental College, Alappuzha",BDS,FL-MU,17,mbbs_p3_final.pdf
2025,3,1767,3909,EW,SM,GMC,"Sree Gokulam Medical College, Venjaramoodu, TVPM",MBBS,SM,17,mbbs_p3_final.pdf
2025,3,1768,3910,MU,SM,GMC,"Sree Gokulam Medical College, Venjaramoodu, TVPM",MBBS,SM,1,mbbs_p3_final.pdf
2025,3,1769,3911,General,AC,JMC,"Jubilee Mission Medical College, Thrisur",MBBS,AC,1,mbbs_p3_final.pdf
2025,3,1770,3914,MU,FL-MU,ALD,"Government Dental College, Alappuzha",BDS,FL-MU,19,mbbs_p3_final.pdf
2025,3,1771,3917,EZ,AM,SIM,"Sree Narayana Institute of Medical Sciences, Chalakka, Ernakulam.",MBBS,AM,1,mbbs_p3_final.pdf
2025,3,1772,3919,MU,MM,EMC,"MES Medical College, Perinthalmanna, Malappuram",MBBS,MM,1,mbbs_p3_final.pdf
2025,3,1773,3920,General,AM,MMH,"Malabar Medical College Hospital, Kozhikkode",MBBS,AM,1,mbbs_p3_final.pdf
2025,3,1774,3923,EZ,SM,GMC,"Sree Gokulam Medical College, Venjaramoodu, TVPM",MBBS,SM,15,mbbs_p3_final.pdf
2025,3,1775,3929,VK,VK,KND,"Government Dental College, Kannur",BDS,VK,16,mbbs_p3_final.pdf
2025,3,1776,3930,EZ,SM,GMC,"Sree Gokulam Medical College, Venjaramoodu, TVPM",MBBS,SM,1,mbbs_p3_final.pdf
2025,3,1777,3932,EZ,EZ,TVD,"Govt. Dental College, Thiruvananthapuram",BDS,EZ,15,mbbs_p3_final.pdf
2025,3,1778,3933,General,AM,TRM,"Travancore Medical College, Umayanalloor, Kollam",MBBS,AM,18,mbbs_p3_final.pdf
2025,3,1779,3941,MU,MU,GMC,"Sree Gokulam Medical College, Venjaramoodu, TVPM",MBBS,MU,12,mbbs_p3_final.pdf
2025,3,1780,3942,BH,BH,BCM,"Believers Church Medical College Hospital, Thiruvalla",MBBS,BH,19,mbbs_p3_final.pdf
2025,3,1781,3943,LA,LA,GMC,"Sree Gokulam Medical College, Venjaramoodu, TVPM",MBBS,LA,15,mbbs_p3_final.pdf
2025,3,1782,3948,General,AC,AMC,"Amala Institute of Medical Sciences, Thrissur",MBBS,AC,1,mbbs_p3_final.pdf
2025,3,1783,3950,EZ,AM,SUC,"SUT Accademy of Medical Sciences, Thiruvananthapuram",MBBS,AM,18,mbbs_p3_final.pdf
2025,3,1784,3951,General,AM,SUC,"SUT Accademy of Medical Sciences, Thiruvananthapuram",MBBS,AM,20,mbbs_p3_final.pdf
2025,3,1785,3954,General,AM,TRM,"Travancore Medical College, Umayanalloor, Kollam",MBBS,AM,21,mbbs_p3_final.pdf
2025,3,1786,3955,KU,KU,KKM,"Govt. Medical College, Kozhikkode",MBBS,KU,1,mbbs_p3_final.pdf
2025,3,1787,3957,EZ,EZ,EMC,"MES Medical College, Perinthalmanna, Malappuram",MBBS,EZ,15,mbbs_p3_final.pdf
2025,3,1788,3958,EZ,EZ,TVD,"Govt. Dental College, Thiruvananthapuram",BDS,EZ,15,mbbs_p3_final.pdf
2025,3,1789,3960,General,AM,SUC,"SUT Accademy of Medical Sciences, Thiruvananthapuram",MBBS,AM,1,mbbs_p3_final.pdf
2025,3,1790,3964,General,AC,AMC,"Amala Institute of Medical Sciences, Thrissur",MBBS,AC,1,mbbs_p3_final.pdf
2025,3,1791,3965,BH,BH,GMC,"Sree Gokulam Medical College, Venjaramoodu, TVPM",MBBS,BH,13,mbbs_p3_final.pdf
2025,3,1792,3977,BH,AM,MMH,"Malabar Medical College Hospital, Kozhikkode",MBBS,AM,1,mbbs_p3_final.pdf
2025,3,1793,3978,General,AM,MMH,"Malabar Medical College Hospital, Kozhikkode",MBBS,AM,1,mbbs_p3_final.pdf
2025,3,1794,3980,General,AC,AMC,"Amala Institute of Medical Sciences, Thrissur",MBBS,AC,1,mbbs_p3_final.pdf
2025,3,1795,3981,General,AM,KCM,"KMCT Medical College, Mukkom, Kozikkode",MBBS,AM,17,mbbs_p3_final.pdf
2025,3,1796,3989,General,AM,KEM,"Kerala Medical College, Palakkad",MBBS,AM,15,mbbs_p3_final.pdf
2025,3,1797,3990,MU,FL-MU,ALD,"Government Dental College, Alappuzha",BDS,FL-MU,19,mbbs_p3_final.pdf
2025,3,1798,3991,DV,DV,TCM,"Govt. Medical College, Thrissur",MBBS,DV,1,mbbs_p3_final.pdf
2025,3,1799,3992,General,AM,KEM,"Kerala Medical College, Palakkad",MBBS,AM,15,mbbs_p3_final.pdf
2025,3,1800,3994,General,AC,JMC,"Jubilee Mission Medical College, Thrisur",MBBS,AC,1,mbbs_p3_final.pdf
2025,3,1801,3997,MU,MM,EMC,"MES Medical College, Perinthalmanna, Malappuram",MBBS,MM,18,mbbs_p3_final.pdf
2025,3,1802,4002,MU,MU,KND,"Government Dental College, Kannur",BDS,MU,5,mbbs_p3_final.pdf
2025,3,1803,4007,LA,AM,KEM,"Kerala Medical College, Palakkad",MBBS,AM,15,mbbs_p3_final.pdf
2025,3,1804,4009,BH,BH,TVD,"Govt. Dental College, Thiruvananthapuram",BDS,BH,1,mbbs_p3_final.pdf
2025,3,1805,4013,MU,AM,KCM,"KMCT Medical College, Mukkom, Kozikkode",MBBS,AM,1,mbbs_p3_final.pdf
2025,3,1806,4014,MU,MU,GMC,"Sree Gokulam Medical College, Venjaramoodu, TVPM",MBBS,MU,1,mbbs_p3_final.pdf
2025,3,1807,4018,EZ,EZ,ALD,"Government Dental College, Alappuzha",BDS,EZ,16,mbbs_p3_final.pdf
2025,3,1808,4020,MU,FL-MU,ALD,"Government Dental College, Alappuzha",BDS,FL-MU,19,mbbs_p3_final.pdf
2025,3,1809,4022,BH,AM,DMM,"Dr. Moopens Medical College, Meppadi, Wayanad",MBBS,AM,1,mbbs_p3_final.pdf
2025,3,1810,4023,General,AC,AMC,"Amala Institute of Medical Sciences, Thrissur",MBBS,AC,15,mbbs_p3_final.pdf
2025,3,1811,4026,MU,MM,EMC,"MES Medical College, Perinthalmanna, Malappuram",MBBS,MM,1,mbbs_p3_final.pdf
2025,3,1812,4032,General,AM,MMH,"Malabar Medical College Hospital, Kozhikkode",MBBS,AM,18,mbbs_p3_final.pdf
2025,3,1813,4035,General,AM,KMM,"Karuna Medical College, Vilayodi, Palakkad",MBBS,AM,1,mbbs_p3_final.pdf
2025,3,1814,4038,General,AM,SUC,"SUT Accademy of Medical Sciences, Thiruvananthapuram",MBBS,AM,10,mbbs_p3_final.pdf
2025,3,1815,4041,MU,MM,EMC,"MES Medical College, Perinthalmanna, Malappuram",MBBS,MM,1,mbbs_p3_final.pdf
2025,3,1816,4042,EZ,EZ,EMC,"MES Medical College, Perinthalmanna, Malappuram",MBBS,EZ,1,mbbs_p3_final.pdf
2025,3,1817,4049,MU,MM,EMC,"MES Medical College, Perinthalmanna, Malappuram",MBBS,MM,1,mbbs_p3_final.pdf
2025,3,1818,4053,MU,MM,EMC,"MES Medical College, Perinthalmanna, Malappuram",MBBS,MM,1,mbbs_p3_final.pdf
2025,3,1819,4054,General,SM,KEM,"Kerala Medical College, Palakkad",MBBS,SM,21,mbbs_p3_final.pdf
2025,3,1820,4055,EW,EW,GMC,"Sree Gokulam Medical College, Venjaramoodu, TVPM",MBBS,EW,1,mbbs_p3_final.pdf
2025,3,1821,4056,MU,MM,EMC,"MES Medical College, Perinthalmanna, Malappuram",MBBS,MM,8,mbbs_p3_final.pdf
2025,3,1822,4057,EZ,EZ,GMC,"Sree Gokulam Medical College, Venjaramoodu, TVPM",MBBS,EZ,1,mbbs_p3_final.pdf
2025,3,1823,4069,MU,AM,KCM,"KMCT Medical College, Mukkom, Kozikkode",MBBS,AM,15,mbbs_p3_final.pdf
2025,3,1824,4070,MU,MM,EMC,"MES Medical College, Perinthalmanna, Malappuram",MBBS,MM,1,mbbs_p3_final.pdf
2025,3,1825,4072,KN,KN,TVM,"Govt. Medical College, Thiruvananthapuram",MBBS,KN,1,mbbs_p3_final.pdf
2025,3,1826,4073,EZ,EZ,KKD,"Govt. Dental College, Kozhikkode",BDS,EZ,1,mbbs_p3_final.pdf
2025,3,1827,4076,General,AM,SMC,"Dr. Somervell Memorial CSI Medical College, Karakonam",MBBS,AM,8,mbbs_p3_final.pdf
2025,3,1828,4080,MU,MM,EMC,"MES Medical College, Perinthalmanna, Malappuram",MBBS,MM,1,mbbs_p3_final.pdf
2025,3,1829,4084,MU,AM,TRM,"Travancore Medical College, Umayanalloor, Kollam",MBBS,AM,15,mbbs_p3_final.pdf
2025,3,1830,4090,MU,MM,EMC,"MES Medical College, Perinthalmanna, Malappuram",MBBS,MM,1,mbbs_p3_final.pdf
2025,3,1831,4091,General,AM,MMH,"Malabar Medical College Hospital, Kozhikkode",MBBS,AM,1,mbbs_p3_final.pdf
2025,3,1832,4098,General,AC,AMC,"Amala Institute of Medical Sciences, Thrissur",MBBS,AC,1,mbbs_p3_final.pdf
2025,3,1833,4099,General,AM,KCM,"KMCT Medical College, Mukkom, Kozikkode",MBBS,AM,1,mbbs_p3_final.pdf
2025,3,1834,4101,MU,MU,KND,"Government Dental College, Kannur",BDS,MU,2,mbbs_p3_final.pdf
2025,3,1835,4103,MU,MM,EMC,"MES Medical College, Perinthalmanna, Malappuram",MBBS,MM,15,mbbs_p3_final.pdf
2025,3,1836,4104,General,AM,SUC,"SUT Accademy of Medical Sciences, Thiruvananthapuram",MBBS,AM,1,mbbs_p3_final.pdf
2025,3,1837,4113,EZ,EZ,GMC,"Sree Gokulam Medical College, Venjaramoodu, TVPM",MBBS,EZ,12,mbbs_p3_final.pdf
2025,3,1838,4114,MU,MM,EMC,"MES Medical College, Perinthalmanna, Malappuram",MBBS,MM,1,mbbs_p3_final.pdf
2025,3,1839,4119,MU,AM,KCM,"KMCT Medical College, Mukkom, Kozikkode",MBBS,AM,18,mbbs_p3_final.pdf
2025,3,1840,4120,MU,MM,EMC,"MES Medical College, Perinthalmanna, Malappuram",MBBS,MM,18,mbbs_p3_final.pdf
2025,3,1841,4133,General,AC,JMC,"Jubilee Mission Medical College, Thrisur",MBBS,AC,14,mbbs_p3_final.pdf
2025,3,1842,4134,MU,MU,BCM,"Believers Church Medical College Hospital, Thiruvalla",MBBS,MU,15,mbbs_p3_final.pdf
2025,3,1843,4135,EZ,AM,MMH,"Malabar Medical College Hospital, Kozhikkode",MBBS,AM,1,mbbs_p3_final.pdf
2025,3,1844,4140,MU,MU,KND,"Government Dental College, Kannur",BDS,MU,18,mbbs_p3_final.pdf
2025,3,1845,4141,General,AM,MMH,"Malabar Medical College Hospital, Kozhikkode",MBBS,AM,19,mbbs_p3_final.pdf
2025,3,1846,4143,EZ,AM,KCM,"KMCT Medical College, Mukkom, Kozikkode",MBBS,AM,1,mbbs_p3_final.pdf
2025,3,1847,4144,MU,FL-MU,ALD,"Government Dental College, Alappuzha",BDS,FL-MU,18,mbbs_p3_final.pdf
2025,3,1848,4149,General,AM,KDM,"P K Das Institute of Medical Sciences, Ottapalam",MBBS,AM,1,mbbs_p3_final.pdf
2025,3,1849,4151,General,AC,JMC,"Jubilee Mission Medical College, Thrisur",MBBS,AC,16,mbbs_p3_final.pdf
2025,3,1850,4152,MU,MM,EMC,"MES Medical College, Perinthalmanna, Malappuram",MBBS,MM,18,mbbs_p3_final.pdf
2025,3,1851,4155,VK,VK,ALD,"Government Dental College, Alappuzha",BDS,VK,18,mbbs_p3_final.pdf
2025,3,1852,4159,LA,AC,AMC,"Amala Institute of Medical Sciences, Thrissur",MBBS,AC,15,mbbs_p3_final.pdf
2025,3,1853,4160,EZ,EZ,GMC,"Sree Gokulam Medical College, Venjaramoodu, TVPM",MBBS,EZ,18,mbbs_p3_final.pdf
2025,3,1854,4162,MU,MM,EMC,"MES Medical College, Perinthalmanna, Malappuram",MBBS,MM,18,mbbs_p3_final.pdf
2025,3,1855,4163,General,AM,MMH,"Malabar Medical College Hospital, Kozhikkode",MBBS,AM,20,mbbs_p3_final.pdf
2025,3,1856,4168,General,AM,SIM,"Sree Narayana Institute of Medical Sciences, Chalakka, Ernakulam.",MBBS,AM,1,mbbs_p3_final.pdf
2025,3,1857,4169,MU,MU,GMC,"Sree Gokulam Medical College, Venjaramoodu, TVPM",MBBS,MU,15,mbbs_p3_final.pdf
2025,3,1858,4170,BH,AM,KCM,"KMCT Medical College, Mukkom, Kozikkode",MBBS,AM,1,mbbs_p3_final.pdf
2025,3,1859,4173,MU,FL-MU,KND,"Government Dental College, Kannur",BDS,FL-MU,15,mbbs_p3_final.pdf
2025,3,1860,4174,General,AM,MMH,"Malabar Medical College Hospital, Kozhikkode",MBBS,AM,1,mbbs_p3_final.pdf
2025,3,1861,4177,BH,AM,KCM,"KMCT Medical College, Mukkom, Kozikkode",MBBS,AM,1,mbbs_p3_final.pdf
2025,3,1862,4178,EZ,AM,MMH,"Malabar Medical College Hospital, Kozhikkode",MBBS,AM,1,mbbs_p3_final.pdf
2025,3,1863,4179,LA,LA,BCM,"Believers Church Medical College Hospital, Thiruvalla",MBBS,LA,1,mbbs_p3_final.pdf
2025,3,1864,4185,General,AM,KCM,"KMCT Medical College, Mukkom, Kozikkode",MBBS,AM,1,mbbs_p3_final.pdf
2025,3,1865,4189,MU,MM,EMC,"MES Medical College, Perinthalmanna, Malappuram",MBBS,MM,1,mbbs_p3_final.pdf
2025,3,1866,4191,General,AM,SIM,"Sree Narayana Institute of Medical Sciences, Chalakka, Ernakulam.",MBBS,AM,1,mbbs_p3_final.pdf
2025,3,1867,4196,MU,FL-MU,KND,"Government Dental College, Kannur",BDS,FL-MU,3,mbbs_p3_final.pdf
2025,3,1868,4197,MU,MM,EMC,"MES Medical College, Perinthalmanna, Malappuram",MBBS,MM,1,mbbs_p3_final.pdf
2025,3,1869,4198,MU,MM,EMC,"MES Medical College, Perinthalmanna, Malappuram",MBBS,MM,17,mbbs_p3_final.pdf
2025,3,1870,4199,BH,BH,GMC,"Sree Gokulam Medical College, Venjaramoodu, TVPM",MBBS,BH,15,mbbs_p3_final.pdf
2025,3,1871,4202,General,AM,SIM,"Sree Narayana Institute of Medical Sciences, Chalakka, Ernakulam.",MBBS,AM,1,mbbs_p3_final.pdf
2025,3,1872,4205,MU,MM,EMC,"MES Medical College, Perinthalmanna, Malappuram",MBBS,MM,1,mbbs_p3_final.pdf
2025,3,1873,4208,VK,VK,PMC,"Pushpagiri Institute of Medical Science, Thiruvalla",MBBS,VK,15,mbbs_p3_final.pdf
2025,3,1874,4210,MU,SM,MED,"MES Dental College, Perinthalmanna",BDS,SM,5,mbbs_p3_final.pdf
2025,3,1875,4214,SC,SC,KKM,"Govt. Medical College, Kozhikkode",MBBS,SC,1,mbbs_p3_final.pdf
2025,3,1876,4215,MU,MU,GMC,"Sree Gokulam Medical College, Venjaramoodu, TVPM",MBBS,MU,15,mbbs_p3_final.pdf
2025,3,1877,4218,MU,MU,GMC,"Sree Gokulam Medical College, Venjaramoodu, TVPM",MBBS,MU,1,mbbs_p3_final.pdf
2025,3,1878,4223,EZ,EZ,GMC,"Sree Gokulam Medical College, Venjaramoodu, TVPM",MBBS,EZ,10,mbbs_p3_final.pdf
2025,3,1879,4224,EZ,EZ,ALD,"Government Dental College, Alappuzha",BDS,EZ,16,mbbs_p3_final.pdf
2025,3,1880,4225,KN,KN,KKM,"Govt. Medical College, Kozhikkode",MBBS,KN,1,mbbs_p3_final.pdf
2025,3,1881,4226,EZ,EZ,GMC,"Sree Gokulam Medical College, Venjaramoodu, TVPM",MBBS,EZ,7,mbbs_p3_final.pdf
2025,3,1882,4227,MU,MM,EMC,"MES Medical College, Perinthalmanna, Malappuram",MBBS,MM,6,mbbs_p3_final.pdf
2025,3,1883,4232,EW,AC,JMC,"Jubilee Mission Medical College, Thrisur",MBBS,AC,16,mbbs_p3_final.pdf
2025,3,1884,4233,General,AM,SIM,"Sree Narayana Institute of Medical Sciences, Chalakka, Ernakulam.",MBBS,AM,1,mbbs_p3_final.pdf
2025,3,1885,4236,General,AM,KDM,"P K Das Institute of Medical Sciences, Ottapalam",MBBS,AM,1,mbbs_p3_final.pdf
2025,3,1886,4239,MU,MM,EMC,"MES Medical College, Perinthalmanna, Malappuram",MBBS,MM,1,mbbs_p3_final.pdf
2025,3,1887,4244,MU,FL-MU,ALD,"Government Dental College, Alappuzha",BDS,FL-MU,10,mbbs_p3_final.pdf
2025,3,1888,4248,MU,MM,EMC,"MES Medical College, Perinthalmanna, Malappuram",MBBS,MM,17,mbbs_p3_final.pdf
2025,3,1889,4249,MU,MM,EMC,"MES Medical College, Perinthalmanna, Malappuram",MBBS,MM,1,mbbs_p3_final.pdf
2025,3,1890,4250,EZ,EZ,BCM,"Believers Church Medical College Hospital, Thiruvalla",MBBS,EZ,19,mbbs_p3_final.pdf
2025,3,1891,4252,EW,EW,KKD,"Govt. Dental College, Kozhikkode",BDS,EW,1,mbbs_p3_final.pdf
2025,3,1892,4256,MU,MU,GMC,"Sree Gokulam Medical College, Venjaramoodu, TVPM",MBBS,MU,1,mbbs_p3_final.pdf
2025,3,1893,4262,General,AM,TRM,"Travancore Medical College, Umayanalloor, Kollam",MBBS,AM,1,mbbs_p3_final.pdf
2025,3,1894,4263,EZ,EZ,GMC,"Sree Gokulam Medical College, Venjaramoodu, TVPM",MBBS,EZ,19,mbbs_p3_final.pdf
2025,3,1895,4264,General,AM,KCM,"KMCT Medical College, Mukkom, Kozikkode",MBBS,AM,1,mbbs_p3_final.pdf
2025,3,1896,4265,MU,FL-MU,KND,"Government Dental College, Kannur",BDS,FL-MU,5,mbbs_p3_final.pdf
2025,3,1897,4267,General,AM,SIM,"Sree Narayana Institute of Medical Sciences, Chalakka, Ernakulam.",MBBS,AM,1,mbbs_p3_final.pdf
2025,3,1898,4268,EZ,EZ,GMC,"Sree Gokulam Medical College, Venjaramoodu, TVPM",MBBS,EZ,21,mbbs_p3_final.pdf
2025,3,1899,4270,MU,MU,GMC,"Sree Gokulam Medical College, Venjaramoodu, TVPM",MBBS,MU,1,mbbs_p3_final.pdf
2025,3,1900,4274,MU,AM,KCM,"KMCT Medical College, Mukkom, Kozikkode",MBBS,AM,1,mbbs_p3_final.pdf
2025,3,1901,4275,General,AM,KMM,"Karuna Medical College, Vilayodi, Palakkad",MBBS,AM,1,mbbs_p3_final.pdf
2025,3,1902,4276,EZ,AM,KCM,"KMCT Medical College, Mukkom, Kozikkode",MBBS,AM,1,mbbs_p3_final.pdf
2025,3,1903,4280,EZ,EZ,TVD,"Govt. Dental College, Thiruvananthapuram",BDS,EZ,16,mbbs_p3_final.pdf
2025,3,1904,4282,BH,SM,KEM,"Kerala Medical College, Palakkad",MBBS,SM,15,mbbs_p3_final.pdf
2025,3,1905,4287,General,AC,JMC,"Jubilee Mission Medical College, Thrisur",MBBS,AC,1,mbbs_p3_final.pdf
2025,3,1906,4292,General,AC,AMC,"Amala Institute of Medical Sciences, Thrissur",MBBS,AC,4,mbbs_p3_final.pdf
2025,3,1907,4295,MU,FL-MU,KND,"Government Dental College, Kannur",BDS,FL-MU,7,mbbs_p3_final.pdf
2025,3,1908,4296,EW,AC,JMC,"Jubilee Mission Medical College, Thrisur",MBBS,AC,15,mbbs_p3_final.pdf
2025,3,1909,4297,General,AM,SMC,"Dr. Somervell Memorial CSI Medical College, Karakonam",MBBS,AM,1,mbbs_p3_final.pdf
2025,3,1910,4299,MU,AM,TRM,"Travancore Medical College, Umayanalloor, Kollam",MBBS,AM,15,mbbs_p3_final.pdf
2025,3,1911,4301,EZ,EZ,GMC,"Sree Gokulam Medical College, Venjaramoodu, TVPM",MBBS,EZ,10,mbbs_p3_final.pdf
2025,3,1912,4303,MU,FL-MU,ALD,"Government Dental College, Alappuzha",BDS,FL-MU,18,mbbs_p3_final.pdf
2025,3,1913,4306,General,AM,TRM,"Travancore Medical College, Umayanalloor, Kollam",MBBS,AM,1,mbbs_p3_final.pdf
2025,3,1914,4312,BH,BH,GMC,"Sree Gokulam Medical College, Venjaramoodu, TVPM",MBBS,BH,17,mbbs_p3_final.pdf
2025,3,1915,4313,BH,AM,KCM,"KMCT Medical College, Mukkom, Kozikkode",MBBS,AM,1,mbbs_p3_final.pdf
2025,3,1916,4314,MU,MM,EMC,"MES Medical College, Perinthalmanna, Malappuram",MBBS,MM,16,mbbs_p3_final.pdf
2025,3,1917,4318,MU,MM,EMC,"MES Medical College, Perinthalmanna, Malappuram",MBBS,MM,17,mbbs_p3_final.pdf
2025,3,1918,4319,MU,MM,EMC,"MES Medical College, Perinthalmanna, Malappuram",MBBS,MM,3,mbbs_p3_final.pdf
2025,3,1919,4323,General,MM,EMC,"MES Medical College, Perinthalmanna, Malappuram",MBBS,MM,1,mbbs_p3_final.pdf
2025,3,1920,4326,General,AM,SUC,"SUT Accademy of Medical Sciences, Thiruvananthapuram",MBBS,AM,1,mbbs_p3_final.pdf
2025,3,1921,4329,LA,AC,JMC,"Jubilee Mission Medical College, Thrisur",MBBS,AC,16,mbbs_p3_final.pdf
2025,3,1922,4330,DV,DV,TCM,"Govt. Medical College, Thrissur",MBBS,DV,2,mbbs_p3_final.pdf
2025,3,1923,4334,MU,MU,GMC,"Sree Gokulam Medical College, Venjaramoodu, TVPM",MBBS,MU,15,mbbs_p3_final.pdf
2025,3,1924,4337,MU,MM,EMC,"MES Medical College, Perinthalmanna, Malappuram",MBBS,MM,15,mbbs_p3_final.pdf
2025,3,1925,4349,General,AC,AMC,"Amala Institute of Medical Sciences, Thrissur",MBBS,AC,1,mbbs_p3_final.pdf
2025,3,1926,4350,General,AM,TRM,"Travancore Medical College, Umayanalloor, Kollam",MBBS,AM,16,mbbs_p3_final.pdf
2025,3,1927,4356,MU,MM,EMC,"MES Medical College, Perinthalmanna, Malappuram",MBBS,MM,1,mbbs_p3_final.pdf
2025,3,1928,4360,General,AM,TRM,"Travancore Medical College, Umayanalloor, Kollam",MBBS,AM,1,mbbs_p3_final.pdf
2025,3,1929,4368,General,AM,KMM,"Karuna Medical College, Vilayodi, Palakkad",MBBS,AM,1,mbbs_p3_final.pdf
2025,3,1930,4369,General,AM,MMH,"Malabar Medical College Hospital, Kozhikkode",MBBS,AM,8,mbbs_p3_final.pdf
2025,3,1931,4372,General,AC,JMC,"Jubilee Mission Medical College, Thrisur",MBBS,AC,1,mbbs_p3_final.pdf
2025,3,1932,4376,MU,SM,AZD,"Azeezia College of Dental Science, Meyyannoor, Kollam",BDS,SM,21,mbbs_p3_final.pdf
2025,3,1933,4383,General,AC,MMC,"Malankara Orthodox Syrian Church MediCollege, Kolenchery",MBBS,AC,1,mbbs_p3_final.pdf
2025,3,1934,4385,General,AM,KCM,"KMCT Medical College, Mukkom, Kozikkode",MBBS,AM,1,mbbs_p3_final.pdf
2025,3,1935,4387,BH,AM,MMH,"Malabar Medical College Hospital, Kozhikkode",MBBS,AM,1,mbbs_p3_final.pdf
2025,3,1936,4390,General,AM,TRM,"Travancore Medical College, Umayanalloor, Kollam",MBBS,AM,20,mbbs_p3_final.pdf
2025,3,1937,4400,General,AM,SIM,"Sree Narayana Institute of Medical Sciences, Chalakka, Ernakulam.",MBBS,AM,8,mbbs_p3_final.pdf
2025,3,1938,4403,MU,SM,KEM,"Kerala Medical College, Palakkad",MBBS,SM,16,mbbs_p3_final.pdf
2025,3,1939,4405,LA,AC,PMC,"Pushpagiri Institute of Medical Science, Thiruvalla",MBBS,AC,16,mbbs_p3_final.pdf
2025,3,1940,4407,MU,AM,KMM,"Karuna Medical College, Vilayodi, Palakkad",MBBS,AM,15,mbbs_p3_final.pdf
2025,3,1941,4410,SC,SC,KKM,"Govt. Medical College, Kozhikkode",MBBS,SC,1,mbbs_p3_final.pdf
2025,3,1942,4412,MU,MM,EMC,"MES Medical College, Perinthalmanna, Malappuram",MBBS,MM,1,mbbs_p3_final.pdf
2025,3,1943,4413,ST,ST,KKM,"Govt. Medical College, Kozhikkode",MBBS,ST,1,mbbs_p3_final.pdf
2025,3,1944,4417,EW,AC,AMC,"Amala Institute of Medical Sciences, Thrissur",MBBS,AC,13,mbbs_p3_final.pdf
2025,3,1945,4418,MU,AM,KCM,"KMCT Medical College, Mukkom, Kozikkode",MBBS,AM,1,mbbs_p3_final.pdf
2025,3,1946,4420,General,AM,KDM,"P K Das Institute of Medical Sciences, Ottapalam",MBBS,AM,1,mbbs_p3_final.pdf
2025,3,1947,4422,General,AM,TRM,"Travancore Medical College, Umayanalloor, Kollam",MBBS,AM,9,mbbs_p3_final.pdf
2025,3,1948,4424,MU,MU,GMC,"Sree Gokulam Medical College, Venjaramoodu, TVPM",MBBS,MU,9,mbbs_p3_final.pdf
2025,3,1949,4425,General,AC,MMC,"Malankara Orthodox Syrian Church MediCollege, Kolenchery",MBBS,AC,1,mbbs_p3_final.pdf
2025,3,1950,4426,General,AM,KCM,"KMCT Medical College, Mukkom, Kozikkode",MBBS,AM,20,mbbs_p3_final.pdf
2025,3,1951,4427,BH,AM,TRM,"Travancore Medical College, Umayanalloor, Kollam",MBBS,AM,1,mbbs_p3_final.pdf
2025,3,1952,4428,General,AM,SUC,"SUT Accademy of Medical Sciences, Thiruvananthapuram",MBBS,AM,1,mbbs_p3_final.pdf
2025,3,1953,4434,MU,AM,TRM,"Travancore Medical College, Umayanalloor, Kollam",MBBS,AM,1,mbbs_p3_final.pdf
2025,3,1954,4440,EZ,EZ,GMC,"Sree Gokulam Medical College, Venjaramoodu, TVPM",MBBS,EZ,18,mbbs_p3_final.pdf
2025,3,1955,4441,BH,AM,TRM,"Travancore Medical College, Umayanalloor, Kollam",MBBS,AM,13,mbbs_p3_final.pdf
2025,3,1956,4446,MU,SM,KCM,"KMCT Medical College, Mukkom, Kozikkode",MBBS,SM,1,mbbs_p3_final.pdf
2025,3,1957,4447,BH,AM,SMC,"Dr. Somervell Memorial CSI Medical College, Karakonam",MBBS,AM,14,mbbs_p3_final.pdf
2025,3,1958,4449,MU,AM,TRM,"Travancore Medical College, Umayanalloor, Kollam",MBBS,AM,15,mbbs_p3_final.pdf
2025,3,1959,4451,MU,SM,KCM,"KMCT Medical College, Mukkom, Kozikkode",MBBS,SM,1,mbbs_p3_final.pdf
2025,3,1960,4452,BH,SM,MMH,"Malabar Medical College Hospital, Kozhikkode",MBBS,SM,14,mbbs_p3_final.pdf
2025,3,1961,4456,General,SM,KEM,"Kerala Medical College, Palakkad",MBBS,SM,2,mbbs_p3_final.pdf
2025,3,1962,4457,EW,AC,JMC,"Jubilee Mission Medical College, Thrisur",MBBS,AC,16,mbbs_p3_final.pdf
2025,3,1963,4458,EW,EW,GMC,"Sree Gokulam Medical College, Venjaramoodu, TVPM",MBBS,EW,15,mbbs_p3_final.pdf
2025,3,1964,4460,EW,EW,KTD,"Govt. Dental College, Kottayam",BDS,EW,15,mbbs_p3_final.pdf
2025,3,1965,4463,General,AM,SUC,"SUT Accademy of Medical Sciences, Thiruvananthapuram",MBBS,AM,1,mbbs_p3_final.pdf
2025,3,1966,4464,General,AM,KMM,"Karuna Medical College, Vilayodi, Palakkad",MBBS,AM,1,mbbs_p3_final.pdf
2025,3,1967,4465,General,SM,MMH,"Malabar Medical College Hospital, Kozhikkode",MBBS,SM,1,mbbs_p3_final.pdf
2025,3,1968,4472,General,AM,SIM,"Sree Narayana Institute of Medical Sciences, Chalakka, Ernakulam.",MBBS,AM,1,mbbs_p3_final.pdf
2025,3,1969,4473,General,AM,SMC,"Dr. Somervell Memorial CSI Medical College, Karakonam",MBBS,AM,1,mbbs_p3_final.pdf
2025,3,1970,4475,BH,SM,MMH,"Malabar Medical College Hospital, Kozhikkode",MBBS,SM,1,mbbs_p3_final.pdf
2025,3,1971,4476,General,AM,SMC,"Dr. Somervell Memorial CSI Medical College, Karakonam",MBBS,AM,3,mbbs_p3_final.pdf
2025,3,1972,4479,BH,AM,SMC,"Dr. Somervell Memorial CSI Medical College, Karakonam",MBBS,AM,17,mbbs_p3_final.pdf
2025,3,1973,4480,EZ,SM,MMH,"Malabar Medical College Hospital, Kozhikkode",MBBS,SM,1,mbbs_p3_final.pdf
2025,3,1974,4485,VK,VK,AMC,"Amala Institute of Medical Sciences, Thrissur",MBBS,VK,16,mbbs_p3_final.pdf
2025,3,1975,4486,EW,EW,KKD,"Govt. Dental College, Kozhikkode",BDS,EW,15,mbbs_p3_final.pdf
2025,3,1976,4491,General,SM,KCM,"KMCT Medical College, Mukkom, Kozikkode",MBBS,SM,15,mbbs_p3_final.pdf
2025,3,1977,4494,BH,SM,MMH,"Malabar Medical College Hospital, Kozhikkode",MBBS,SM,1,mbbs_p3_final.pdf
2025,3,1978,4496,EZ,AM,TRM,"Travancore Medical College, Umayanalloor, Kollam",MBBS,AM,16,mbbs_p3_final.pdf
2025,3,1979,4497,EZ,SM,MMH,"Malabar Medical College Hospital, Kozhikkode",MBBS,SM,15,mbbs_p3_final.pdf
2025,3,1980,4501,General,AM,SIM,"Sree Narayana Institute of Medical Sciences, Chalakka, Ernakulam.",MBBS,AM,1,mbbs_p3_final.pdf
2025,3,1981,4504,General,AM,KDM,"P K Das Institute of Medical Sciences, Ottapalam",MBBS,AM,1,mbbs_p3_final.pdf
2025,3,1982,4511,EZ,AM,TRM,"Travancore Medical College, Umayanalloor, Kollam",MBBS,AM,21,mbbs_p3_final.pdf
2025,3,1983,4515,MU,MM,EMC,"MES Medical College, Perinthalmanna, Malappuram",MBBS,MM,16,mbbs_p3_final.pdf
2025,3,1984,4516,General,AC,MMC,"Malankara Orthodox Syrian Church MediCollege, Kolenchery",MBBS,AC,1,mbbs_p3_final.pdf
2025,3,1985,4527,EZ,SM,MMH,"Malabar Medical College Hospital, Kozhikkode",MBBS,SM,1,mbbs_p3_final.pdf
2025,3,1986,4529,LA,AC,AMC,"Amala Institute of Medical Sciences, Thrissur",MBBS,AC,16,mbbs_p3_final.pdf
2025,3,1987,4530,EZ,AM,TRM,"Travancore Medical College, Umayanalloor, Kollam",MBBS,AM,21,mbbs_p3_final.pdf
2025,3,1988,4531,DV,DV,TCM,"Govt. Medical College, Thrissur",MBBS,DV,1,mbbs_p3_final.pdf
2025,3,1989,4533,BH,SM,MMH,"Malabar Medical College Hospital, Kozhikkode",MBBS,SM,15,mbbs_p3_final.pdf
2025,3,1990,4537,General,AM,SUC,"SUT Accademy of Medical Sciences, Thiruvananthapuram",MBBS,AM,16,mbbs_p3_final.pdf
2025,3,1991,4541,General,AM,SUC,"SUT Accademy of Medical Sciences, Thiruvananthapuram",MBBS,AM,17,mbbs_p3_final.pdf
2025,3,1992,4542,MU,SM,KCM,"KMCT Medical College, Mukkom, Kozikkode",MBBS,SM,1,mbbs_p3_final.pdf
2025,3,1993,4545,EW,EW,TCD,"Govt. Dental College, Thrissur",BDS,EW,15,mbbs_p3_final.pdf
2025,3,1994,4546,BH,SM,KCM,"KMCT Medical College, Mukkom, Kozikkode",MBBS,SM,16,mbbs_p3_final.pdf
2025,3,1995,4548,MU,MM,EMC,"MES Medical College, Perinthalmanna, Malappuram",MBBS,MM,1,mbbs_p3_final.pdf
2025,3,1996,4550,General,AC,JMC,"Jubilee Mission Medical College, Thrisur",MBBS,AC,16,mbbs_p3_final.pdf
2025,3,1997,4552,EZ,EZ,ALD,"Government Dental College, Alappuzha",BDS,EZ,16,mbbs_p3_final.pdf
2025,3,1998,4553,MU,MM,EMC,"MES Medical College, Perinthalmanna, Malappuram",MBBS,MM,14,mbbs_p3_final.pdf
2025,3,1999,4554,DV,DV,ALP,"T D Govt. Medical College, Alappuzha",MBBS,DV,3,mbbs_p3_final.pdf
2025,3,2000,4563,VK,VK,MMC,"Malankara Orthodox Syrian Church MediCollege, Kolenchery",MBBS,VK,6,mbbs_p3_final.pdf
2025,3,2001,4567,SC,SC,KKM,"Govt. Medical College, Kozhikkode",MBBS,SC,1,mbbs_p3_final.pdf
2025,3,2002,4577,LA,AC,JMC,"Jubilee Mission Medical College, Thrisur",MBBS,AC,16,mbbs_p3_final.pdf
2025,3,2003,4579,EW,AC,JMC,"Jubilee Mission Medical College, Thrisur",MBBS,AC,11,mbbs_p3_final.pdf
2025,3,2004,4581,MU,MM,EMC,"MES Medical College, Perinthalmanna, Malappuram",MBBS,MM,16,mbbs_p3_final.pdf
2025,3,2005,4583,MU,SM,KEM,"Kerala Medical College, Palakkad",MBBS,SM,1,mbbs_p3_final.pdf
2025,3,2006,4584,General,SM,MMH,"Malabar Medical College Hospital, Kozhikkode",MBBS,SM,18,mbbs_p3_final.pdf
2025,3,2007,4586,EZ,AM,TRM,"Travancore Medical College, Umayanalloor, Kollam",MBBS,AM,15,mbbs_p3_final.pdf
2025,3,2008,4588,MU,MM,EMC,"MES Medical College, Perinthalmanna, Malappuram",MBBS,MM,1,mbbs_p3_final.pdf
2025,3,2009,4592,MU,MU,BCM,"Believers Church Medical College Hospital, Thiruvalla",MBBS,MU,8,mbbs_p3_final.pdf
2025,3,2010,4595,BH,SM,MMH,"Malabar Medical College Hospital, Kozhikkode",MBBS,SM,17,mbbs_p3_final.pdf
2025,3,2011,4597,General,AM,SMC,"Dr. Somervell Memorial CSI Medical College, Karakonam",MBBS,AM,17,mbbs_p3_final.pdf
2025,3,2012,4610,MU,AM,SUC,"SUT Accademy of Medical Sciences, Thiruvananthapuram",MBBS,AM,1,mbbs_p3_final.pdf
2025,3,2013,4611,General,AM,SMC,"Dr. Somervell Memorial CSI Medical College, Karakonam",MBBS,AM,5,mbbs_p3_final.pdf
2025,3,2014,4623,EZ,SM,MMH,"Malabar Medical College Hospital, Kozhikkode",MBBS,SM,17,mbbs_p3_final.pdf
2025,3,2015,4624,General,AM,SUC,"SUT Accademy of Medical Sciences, Thiruvananthapuram",MBBS,AM,1,mbbs_p3_final.pdf
2025,3,2016,4629,BX,AM,SUC,"SUT Accademy of Medical Sciences, Thiruvananthapuram",MBBS,AM,15,mbbs_p3_final.pdf
2025,3,2017,4633,General,SM,MMH,"Malabar Medical College Hospital, Kozhikkode",MBBS,SM,1,mbbs_p3_final.pdf
2025,3,2018,4635,EW,EW,TVD,"Govt. Dental College, Thiruvananthapuram",BDS,EW,1,mbbs_p3_final.pdf
2025,3,2019,4640,General,AC,AMC,"Amala Institute of Medical Sciences, Thrissur",MBBS,AC,1,mbbs_p3_final.pdf
2025,3,2020,4643,BH,SM,MMH,"Malabar Medical College Hospital, Kozhikkode",MBBS,SM,1,mbbs_p3_final.pdf
2025,3,2021,4644,BH,SM,KCM,"KMCT Medical College, Mukkom, Kozikkode",MBBS,SM,18,mbbs_p3_final.pdf
2025,3,2022,4652,General,AM,DMM,"Dr. Moopens Medical College, Meppadi, Wayanad",MBBS,AM,1,mbbs_p3_final.pdf
2025,3,2023,4653,General,AC,PMC,"Pushpagiri Institute of Medical Science, Thiruvalla",MBBS,AC,15,mbbs_p3_final.pdf
2025,3,2024,4656,BH,SM,MMH,"Malabar Medical College Hospital, Kozhikkode",MBBS,SM,1,mbbs_p3_final.pdf
2025,3,2025,4660,General,AC,AMC,"Amala Institute of Medical Sciences, Thrissur",MBBS,AC,15,mbbs_p3_final.pdf
2025,3,2026,4662,BH,SM,MMH,"Malabar Medical College Hospital, Kozhikkode",MBBS,SM,1,mbbs_p3_final.pdf
2025,3,2027,4663,EZ,SM,MMH,"Malabar Medical College Hospital, Kozhikkode",MBBS,SM,15,mbbs_p3_final.pdf
2025,3,2028,4664,MU,SM,KCM,"KMCT Medical College, Mukkom, Kozikkode",MBBS,SM,15,mbbs_p3_final.pdf
2025,3,2029,4666,General,AC,MMC,"Malankara Orthodox Syrian Church MediCollege, Kolenchery",MBBS,AC,1,mbbs_p3_final.pdf
2025,3,2030,4667,MU,MM,EMC,"MES Medical College, Perinthalmanna, Malappuram",MBBS,MM,18,mbbs_p3_final.pdf
2025,3,2031,4671,MU,AM,TRM,"Travancore Medical College, Umayanalloor, Kollam",MBBS,AM,15,mbbs_p3_final.pdf
2025,3,2032,4672,General,AM,SMC,"Dr. Somervell Memorial CSI Medical College, Karakonam",MBBS,AM,15,mbbs_p3_final.pdf
2025,3,2033,4675,EZ,EZ,KND,"Government Dental College, Kannur",BDS,EZ,1,mbbs_p3_final.pdf
2025,3,2034,4677,MU,MM,EMC,"MES Medical College, Perinthalmanna, Malappuram",MBBS,MM,1,mbbs_p3_final.pdf
2025,3,2035,4681,General,SM,KCM,"KMCT Medical College, Mukkom, Kozikkode",MBBS,SM,15,mbbs_p3_final.pdf
2025,3,2036,4685,BH,AM,SMC,"Dr. Somervell Memorial CSI Medical College, Karakonam",MBBS,AM,1,mbbs_p3_final.pdf
2025,3,2037,4688,General,AC,JMC,"Jubilee Mission Medical College, Thrisur",MBBS,AC,15,mbbs_p3_final.pdf
2025,3,2038,4690,General,AM,SUC,"SUT Accademy of Medical Sciences, Thiruvananthapuram",MBBS,AM,1,mbbs_p3_final.pdf
2025,3,2039,4692,General,AM,SUC,"SUT Accademy of Medical Sciences, Thiruvananthapuram",MBBS,AM,1,mbbs_p3_final.pdf
2025,3,2040,4694,General,AM,SIM,"Sree Narayana Institute of Medical Sciences, Chalakka, Ernakulam.",MBBS,AM,1,mbbs_p3_final.pdf
2025,3,2041,4697,MU,AM,TRM,"Travancore Medical College, Umayanalloor, Kollam",MBBS,AM,18,mbbs_p3_final.pdf
2025,3,2042,4699,General,AC,JMC,"Jubilee Mission Medical College, Thrisur",MBBS,AC,1,mbbs_p3_final.pdf
2025,3,2043,4700,MU,SM,KCM,"KMCT Medical College, Mukkom, Kozikkode",MBBS,SM,15,mbbs_p3_final.pdf
2025,3,2044,4702,General,AM,SIM,"Sree Narayana Institute of Medical Sciences, Chalakka, Ernakulam.",MBBS,AM,1,mbbs_p3_final.pdf
2025,3,2045,4705,General,SM,KCM,"KMCT Medical College, Mukkom, Kozikkode",MBBS,SM,1,mbbs_p3_final.pdf
2025,3,2046,4706,General,AM,SIM,"Sree Narayana Institute of Medical Sciences, Chalakka, Ernakulam.",MBBS,AM,1,mbbs_p3_final.pdf
2025,3,2047,4707,EW,AC,JMC,"Jubilee Mission Medical College, Thrisur",MBBS,AC,1,mbbs_p3_final.pdf
2025,3,2048,4712,General,AM,SIM,"Sree Narayana Institute of Medical Sciences, Chalakka, Ernakulam.",MBBS,AM,16,mbbs_p3_final.pdf
2025,3,2049,4714,EZ,EZ,KND,"Government Dental College, Kannur",BDS,EZ,1,mbbs_p3_final.pdf
2025,3,2050,4716,General,AM,SUC,"SUT Accademy of Medical Sciences, Thiruvananthapuram",MBBS,AM,10,mbbs_p3_final.pdf
2025,3,2051,4717,MU,AM,TRM,"Travancore Medical College, Umayanalloor, Kollam",MBBS,AM,21,mbbs_p3_final.pdf
2025,3,2052,4722,General,AM,SUC,"SUT Accademy of Medical Sciences, Thiruvananthapuram",MBBS,AM,1,mbbs_p3_final.pdf
2025,3,2053,4723,EW,AC,JMC,"Jubilee Mission Medical College, Thrisur",MBBS,AC,6,mbbs_p3_final.pdf
2025,3,2054,4730,EZ,EZ,TCD,"Govt. Dental College, Thrissur",BDS,EZ,3,mbbs_p3_final.pdf
2025,3,2055,4731,VK,VK,EMC,"MES Medical College, Perinthalmanna, Malappuram",MBBS,VK,17,mbbs_p3_final.pdf
2025,3,2056,4733,MU,AM,SUC,"SUT Accademy of Medical Sciences, Thiruvananthapuram",MBBS,AM,16,mbbs_p3_final.pdf
2025,3,2057,4735,General,AC,AMC,"Amala Institute of Medical Sciences, Thrissur",MBBS,AC,1,mbbs_p3_final.pdf
2025,3,2058,4736,General,AM,SMC,"Dr. Somervell Memorial CSI Medical College, Karakonam",MBBS,AM,1,mbbs_p3_final.pdf
2025,3,2059,4737,General,AM,SUC,"SUT Accademy of Medical Sciences, Thiruvananthapuram",MBBS,AM,7,mbbs_p3_final.pdf
2025,3,2060,4739,MU,SM,KCM,"KMCT Medical College, Mukkom, Kozikkode",MBBS,SM,1,mbbs_p3_final.pdf
2025,3,2061,4745,General,AM,SUC,"SUT Accademy of Medical Sciences, Thiruvananthapuram",MBBS,AM,16,mbbs_p3_final.pdf
2025,3,2062,4750,MU,SM,KCM,"KMCT Medical College, Mukkom, Kozikkode",MBBS,SM,17,mbbs_p3_final.pdf
2025,3,2063,4752,General,AM,SIM,"Sree Narayana Institute of Medical Sciences, Chalakka, Ernakulam.",MBBS,AM,1,mbbs_p3_final.pdf
2025,3,2064,4754,EZ,SM,MMH,"Malabar Medical College Hospital, Kozhikkode",MBBS,SM,1,mbbs_p3_final.pdf
2025,3,2065,4755,General,AM,TRM,"Travancore Medical College, Umayanalloor, Kollam",MBBS,AM,21,mbbs_p3_final.pdf
2025,3,2066,4756,MU,SM,KCM,"KMCT Medical College, Mukkom, Kozikkode",MBBS,SM,19,mbbs_p3_final.pdf
2025,3,2067,4758,General,AC,MMC,"Malankara Orthodox Syrian Church MediCollege, Kolenchery",MBBS,AC,1,mbbs_p3_final.pdf
2025,3,2068,4759,EW,EW,ALD,"Government Dental College, Alappuzha",BDS,EW,1,mbbs_p3_final.pdf
2025,3,2069,4760,MU,MM,EMC,"MES Medical College, Perinthalmanna, Malappuram",MBBS,MM,14,mbbs_p3_final.pdf
2025,3,2070,4763,General,AM,KDM,"P K Das Institute of Medical Sciences, Ottapalam",MBBS,AM,1,mbbs_p3_final.pdf
2025,3,2071,4764,MU,SM,TRM,"Travancore Medical College, Umayanalloor, Kollam",MBBS,SM,13,mbbs_p3_final.pdf
2025,3,2072,4765,EZ,SM,KEM,"Kerala Medical College, Palakkad",MBBS,SM,15,mbbs_p3_final.pdf
2025,3,2073,4769,General,AM,SMC,"Dr. Somervell Memorial CSI Medical College, Karakonam",MBBS,AM,7,mbbs_p3_final.pdf
2025,3,2074,4770,General,SM,KCM,"KMCT Medical College, Mukkom, Kozikkode",MBBS,SM,1,mbbs_p3_final.pdf
2025,3,2075,4771,MU,SM,MMH,"Malabar Medical College Hospital, Kozhikkode",MBBS,SM,15,mbbs_p3_final.pdf
2025,3,2076,4784,BH,AM,SMC,"Dr. Somervell Memorial CSI Medical College, Karakonam",MBBS,AM,18,mbbs_p3_final.pdf
2025,3,2077,4787,General,SM,KCM,"KMCT Medical College, Mukkom, Kozikkode",MBBS,SM,21,mbbs_p3_final.pdf
2025,3,2078,4808,KN,KN,TVM,"Govt. Medical College, Thiruvananthapuram",MBBS,KN,1,mbbs_p3_final.pdf
2025,3,2079,4810,General,AM,KMM,"Karuna Medical College, Vilayodi, Palakkad",MBBS,AM,1,mbbs_p3_final.pdf
2025,3,2080,4811,General,SM,TRM,"Travancore Medical College, Umayanalloor, Kollam",MBBS,SM,17,mbbs_p3_final.pdf
2025,3,2081,4812,MU,SM,TRM,"Travancore Medical College, Umayanalloor, Kollam",MBBS,SM,15,mbbs_p3_final.pdf
2025,3,2082,4817,DV,DV,CMC,"Govt. Medical College, Ernakulam",MBBS,DV,3,mbbs_p3_final.pdf
2025,3,2083,4820,MU,SM,MMH,"Malabar Medical College Hospital, Kozhikkode",MBBS,SM,1,mbbs_p3_final.pdf
2025,3,2084,4823,VK,FL-VK,ALD,"Government Dental College, Alappuzha",BDS,FL-VK,18,mbbs_p3_final.pdf
2025,3,2085,4827,MU,SM,KCM,"KMCT Medical College, Mukkom, Kozikkode",MBBS,SM,17,mbbs_p3_final.pdf
2025,3,2086,4828,EZ,EZ,KND,"Government Dental College, Kannur",BDS,EZ,1,mbbs_p3_final.pdf
2025,3,2087,4833,BX,AM,SUC,"SUT Accademy of Medical Sciences, Thiruvananthapuram",MBBS,AM,15,mbbs_p3_final.pdf
2025,3,2088,4838,General,AM,SUC,"SUT Accademy of Medical Sciences, Thiruvananthapuram",MBBS,AM,18,mbbs_p3_final.pdf
2025,3,2089,4843,EZ,SM,MMH,"Malabar Medical College Hospital, Kozhikkode",MBBS,SM,1,mbbs_p3_final.pdf
2025,3,2090,4845,General,AM,SUC,"SUT Accademy of Medical Sciences, Thiruvananthapuram",MBBS,AM,1,mbbs_p3_final.pdf
2025,3,2091,4846,General,SM,MMH,"Malabar Medical College Hospital, Kozhikkode",MBBS,SM,20,mbbs_p3_final.pdf
2025,3,2092,4847,SC,SC,KKM,"Govt. Medical College, Kozhikkode",MBBS,SC,1,mbbs_p3_final.pdf
2025,3,2093,4848,EW,EW,GMC,"Sree Gokulam Medical College, Venjaramoodu, TVPM",MBBS,EW,15,mbbs_p3_final.pdf
2025,3,2094,4849,MU,MM,EMC,"MES Medical College, Perinthalmanna, Malappuram",MBBS,MM,17,mbbs_p3_final.pdf
2025,3,2095,4850,MU,AM,SMC,"Dr. Somervell Memorial CSI Medical College, Karakonam",MBBS,AM,19,mbbs_p3_final.pdf
2025,3,2096,4852,General,AM,SMC,"Dr. Somervell Memorial CSI Medical College, Karakonam",MBBS,AM,21,mbbs_p3_final.pdf
2025,3,2097,4854,MU,MM,EMC,"MES Medical College, Perinthalmanna, Malappuram",MBBS,MM,15,mbbs_p3_final.pdf
2025,3,2098,4858,General,AC,BCM,"Believers Church Medical College Hospital, Thiruvalla",MBBS,AC,16,mbbs_p3_final.pdf
2025,3,2099,4860,LA,AM,SMC,"Dr. Somervell Memorial CSI Medical College, Karakonam",MBBS,AM,15,mbbs_p3_final.pdf
2025,3,2100,4862,SC,SC,KTM,"Govt. Medical College, Kottayam",MBBS,SC,1,mbbs_p3_final.pdf
2025,3,2101,4863,General,SM,MMH,"Malabar Medical College Hospital, Kozhikkode",MBBS,SM,17,mbbs_p3_final.pdf
2025,3,2102,4872,SC,SC,KKM,"Govt. Medical College, Kozhikkode",MBBS,SC,1,mbbs_p3_final.pdf
2025,3,2103,4874,MU,SM,TRM,"Travancore Medical College, Umayanalloor, Kollam",MBBS,SM,19,mbbs_p3_final.pdf
2025,3,2104,4876,MU,SM,MMH,"Malabar Medical College Hospital, Kozhikkode",MBBS,SM,15,mbbs_p3_final.pdf
2025,3,2105,4877,MU,SM,MMH,"Malabar Medical College Hospital, Kozhikkode",MBBS,SM,6,mbbs_p3_final.pdf
2025,3,2106,4883,General,SM,MMH,"Malabar Medical College Hospital, Kozhikkode",MBBS,SM,19,mbbs_p3_final.pdf
2025,3,2107,4884,MU,MM,EMC,"MES Medical College, Perinthalmanna, Malappuram",MBBS,MM,16,mbbs_p3_final.pdf
2025,3,2108,4885,MU,SM,KCM,"KMCT Medical College, Mukkom, Kozikkode",MBBS,SM,17,mbbs_p3_final.pdf
2025,3,2109,4893,General,SM,MMH,"Malabar Medical College Hospital, Kozhikkode",MBBS,SM,1,mbbs_p3_final.pdf
2025,3,2110,4894,MU,SM,KCM,"KMCT Medical College, Mukkom, Kozikkode",MBBS,SM,1,mbbs_p3_final.pdf
2025,3,2111,4898,SC,SC,KKM,"Govt. Medical College, Kozhikkode",MBBS,SC,1,mbbs_p3_final.pdf
2025,3,2112,4906,LA,AC,AMC,"Amala Institute of Medical Sciences, Thrissur",MBBS,AC,10,mbbs_p3_final.pdf
2025,3,2113,4907,General,AM,SIM,"Sree Narayana Institute of Medical Sciences, Chalakka, Ernakulam.",MBBS,AM,2,mbbs_p3_final.pdf
2025,3,2114,4908,MU,SM,TRM,"Travancore Medical College, Umayanalloor, Kollam",MBBS,SM,10,mbbs_p3_final.pdf
2025,3,2115,4909,DV,DV,ALP,"T D Govt. Medical College, Alappuzha",MBBS,DV,1,mbbs_p3_final.pdf
2025,3,2116,4911,EZ,SM,MMH,"Malabar Medical College Hospital, Kozhikkode",MBBS,SM,20,mbbs_p3_final.pdf
2025,3,2117,4913,General,AM,SUC,"SUT Accademy of Medical Sciences, Thiruvananthapuram",MBBS,AM,7,mbbs_p3_final.pdf
2025,3,2118,4918,EZ,AM,SIM,"Sree Narayana Institute of Medical Sciences, Chalakka, Ernakulam.",MBBS,AM,20,mbbs_p3_final.pdf
2025,3,2119,4919,BH,SM,TRM,"Travancore Medical College, Umayanalloor, Kollam",MBBS,SM,3,mbbs_p3_final.pdf
2025,3,2120,4926,EW,EW,TCD,"Govt. Dental College, Thrissur",BDS,EW,15,mbbs_p3_final.pdf
2025,3,2121,4927,General,SM,KEM,"Kerala Medical College, Palakkad",MBBS,SM,15,mbbs_p3_final.pdf
2025,3,2122,4928,SC,SC,KKM,"Govt. Medical College, Kozhikkode",MBBS,SC,1,mbbs_p3_final.pdf
2025,3,2123,4930,MU,SM,KCM,"KMCT Medical College, Mukkom, Kozikkode",MBBS,SM,1,mbbs_p3_final.pdf
2025,3,2124,4933,General,AM,KDM,"P K Das Institute of Medical Sciences, Ottapalam",MBBS,AM,1,mbbs_p3_final.pdf
2025,3,2125,4936,General,AM,KDM,"P K Das Institute of Medical Sciences, Ottapalam",MBBS,AM,10,mbbs_p3_final.pdf
2025,3,2126,4937,General,AC,JMC,"Jubilee Mission Medical College, Thrisur",MBBS,AC,1,mbbs_p3_final.pdf
2025,3,2127,4939,MU,MM,EMC,"MES Medical College, Perinthalmanna, Malappuram",MBBS,MM,20,mbbs_p3_final.pdf
2025,3,2128,4941,BH,SM,MMH,"Malabar Medical College Hospital, Kozhikkode",MBBS,SM,1,mbbs_p3_final.pdf
2025,3,2129,4957,General,SM,MMH,"Malabar Medical College Hospital, Kozhikkode",MBBS,SM,12,mbbs_p3_final.pdf
2025,3,2130,4959,MU,MM,EMC,"MES Medical College, Perinthalmanna, Malappuram",MBBS,MM,18,mbbs_p3_final.pdf
2025,3,2131,4960,General,AM,SUC,"SUT Accademy of Medical Sciences, Thiruvananthapuram",MBBS,AM,5,mbbs_p3_final.pdf
2025,3,2132,4961,LA,AC,AMC,"Amala Institute of Medical Sciences, Thrissur",MBBS,AC,14,mbbs_p3_final.pdf
2025,3,2133,4966,EZ,SM,MMH,"Malabar Medical College Hospital, Kozhikkode",MBBS,SM,1,mbbs_p3_final.pdf
2025,3,2134,4967,General,AM,SIM,"Sree Narayana Institute of Medical Sciences, Chalakka, Ernakulam.",MBBS,AM,7,mbbs_p3_final.pdf
2025,3,2135,4968,BH,SM,TRM,"Travancore Medical College, Umayanalloor, Kollam",MBBS,SM,9,mbbs_p3_final.pdf
2025,3,2136,4971,EZ,EZ,KND,"Government Dental College, Kannur",BDS,EZ,13,mbbs_p3_final.pdf
2025,3,2137,4973,DV,DV,KNM,Government Medical College Kannur,MBBS,DV,1,mbbs_p3_final.pdf
2025,3,2138,4977,General,SM,KCM,"KMCT Medical College, Mukkom, Kozikkode",MBBS,SM,1,mbbs_p3_final.pdf
2025,3,2139,4978,General,SM,MMH,"Malabar Medical College Hospital, Kozhikkode",MBBS,SM,1,mbbs_p3_final.pdf
2025,3,2140,4981,General,AM,SIM,"Sree Narayana Institute of Medical Sciences, Chalakka, Ernakulam.",MBBS,AM,1,mbbs_p3_final.pdf
2025,3,2141,4988,General,SM,TRM,"Travancore Medical College, Umayanalloor, Kollam",MBBS,SM,1,mbbs_p3_final.pdf
2025,3,2142,4995,MU,SM,KCM,"KMCT Medical College, Mukkom, Kozikkode",MBBS,SM,1,mbbs_p3_final.pdf
2025,3,2143,4999,EZ,FL-EZ,KND,"Government Dental College, Kannur",BDS,FL-EZ,17,mbbs_p3_final.pdf
2025,3,2144,5000,EZ,SM,TRM,"Travancore Medical College, Umayanalloor, Kollam",MBBS,SM,4,mbbs_p3_final.pdf
2025,3,2145,5001,EZ,SM,TRM,"Travancore Medical College, Umayanalloor, Kollam",MBBS,SM,16,mbbs_p3_final.pdf
2025,3,2146,5002,SC,SC,TVM,"Govt. Medical College, Thiruvananthapuram",MBBS,SC,1,mbbs_p3_final.pdf
2025,3,2147,5007,EW,EW,GMC,"Sree Gokulam Medical College, Venjaramoodu, TVPM",MBBS,EW,17,mbbs_p3_final.pdf
2025,3,2148,5009,MU,SM,KEM,"Kerala Medical College, Palakkad",MBBS,SM,15,mbbs_p3_final.pdf
2025,3,2149,5011,MU,SM,KCM,"KMCT Medical College, Mukkom, Kozikkode",MBBS,SM,1,mbbs_p3_final.pdf
2025,3,2150,5013,EZ,SM,KEM,"Kerala Medical College, Palakkad",MBBS,SM,15,mbbs_p3_final.pdf
2025,3,2151,5014,EZ,SM,SMC,"Dr. Somervell Memorial CSI Medical College, Karakonam",MBBS,SM,17,mbbs_p3_final.pdf
2025,3,2152,5016,General,AC,JMC,"Jubilee Mission Medical College, Thrisur",MBBS,AC,1,mbbs_p3_final.pdf
2025,3,2153,5017,General,AC,JMC,"Jubilee Mission Medical College, Thrisur",MBBS,AC,1,mbbs_p3_final.pdf
2025,3,2154,5018,MU,MM,EMC,"MES Medical College, Perinthalmanna, Malappuram",MBBS,MM,7,mbbs_p3_final.pdf
2025,3,2155,5019,General,AM,SIM,"Sree Narayana Institute of Medical Sciences, Chalakka, Ernakulam.",MBBS,AM,1,mbbs_p3_final.pdf
2025,3,2156,5029,General,AM,SIM,"Sree Narayana Institute of Medical Sciences, Chalakka, Ernakulam.",MBBS,AM,1,mbbs_p3_final.pdf
2025,3,2157,5030,EZ,FL-EZ,ALD,"Government Dental College, Alappuzha",BDS,FL-EZ,18,mbbs_p3_final.pdf
2025,3,2158,5034,General,SM,SMC,"Dr. Somervell Memorial CSI Medical College, Karakonam",MBBS,SM,14,mbbs_p3_final.pdf
2025,3,2159,5037,MU,SM,TRM,"Travancore Medical College, Umayanalloor, Kollam",MBBS,SM,17,mbbs_p3_final.pdf
2025,3,2160,5042,General,SM,TRM,"Travancore Medical College, Umayanalloor, Kollam",MBBS,SM,18,mbbs_p3_final.pdf
2025,3,2161,5044,BH,SM,KCM,"KMCT Medical College, Mukkom, Kozikkode",MBBS,SM,1,mbbs_p3_final.pdf
2025,3,2162,5048,BH,SM,MMH,"Malabar Medical College Hospital, Kozhikkode",MBBS,SM,18,mbbs_p3_final.pdf
2025,3,2163,5052,General,SM,MMH,"Malabar Medical College Hospital, Kozhikkode",MBBS,SM,1,mbbs_p3_final.pdf
2025,3,2164,5055,SC,SC,KKM,"Govt. Medical College, Kozhikkode",MBBS,SC,1,mbbs_p3_final.pdf
2025,3,2165,5059,BH,SM,MMH,"Malabar Medical College Hospital, Kozhikkode",MBBS,SM,1,mbbs_p3_final.pdf
2025,3,2166,5060,General,AC,JMC,"Jubilee Mission Medical College, Thrisur",MBBS,AC,1,mbbs_p3_final.pdf
2025,3,2167,5062,DV,DV,ALP,"T D Govt. Medical College, Alappuzha",MBBS,DV,1,mbbs_p3_final.pdf
2025,3,2168,5063,MU,AM,DMM,"Dr. Moopens Medical College, Meppadi, Wayanad",MBBS,AM,15,mbbs_p3_final.pdf
2025,3,2169,5065,EZ,FL-EZ,KND,"Government Dental College, Kannur",BDS,FL-EZ,2,mbbs_p3_final.pdf
2025,3,2170,5066,MU,SM,KCM,"KMCT Medical College, Mukkom, Kozikkode",MBBS,SM,1,mbbs_p3_final.pdf
2025,3,2171,5068,General,AM,SUC,"SUT Accademy of Medical Sciences, Thiruvananthapuram",MBBS,AM,3,mbbs_p3_final.pdf
2025,3,2172,5070,General,SM,TRM,"Travancore Medical College, Umayanalloor, Kollam",MBBS,SM,1,mbbs_p3_final.pdf
2025,3,2173,5076,General,SM,MMH,"Malabar Medical College Hospital, Kozhikkode",MBBS,SM,16,mbbs_p3_final.pdf
2025,3,2174,5078,General,AC,JMC,"Jubilee Mission Medical College, Thrisur",MBBS,AC,16,mbbs_p3_final.pdf
2025,3,2175,5081,EZ,SM,KCM,"KMCT Medical College, Mukkom, Kozikkode",MBBS,SM,1,mbbs_p3_final.pdf
2025,3,2176,5084,MU,SM,MMH,"Malabar Medical College Hospital, Kozhikkode",MBBS,SM,1,mbbs_p3_final.pdf
2025,3,2177,5085,MU,SM,KCM,"KMCT Medical College, Mukkom, Kozikkode",MBBS,SM,1,mbbs_p3_final.pdf
2025,3,2178,5086,EZ,SM,MMH,"Malabar Medical College Hospital, Kozhikkode",MBBS,SM,15,mbbs_p3_final.pdf
2025,3,2179,5094,BH,SM,TRM,"Travancore Medical College, Umayanalloor, Kollam",MBBS,SM,9,mbbs_p3_final.pdf
2025,3,2180,5096,MU,MM,TRM,"Travancore Medical College, Umayanalloor, Kollam",MBBS,MM,1,mbbs_p3_final.pdf
2025,3,2181,5099,EZ,SM,MMH,"Malabar Medical College Hospital, Kozhikkode",MBBS,SM,1,mbbs_p3_final.pdf
2025,3,2182,5104,MU,AM,DMM,"Dr. Moopens Medical College, Meppadi, Wayanad",MBBS,AM,15,mbbs_p3_final.pdf
2025,3,2183,5108,General,AM,SIM,"Sree Narayana Institute of Medical Sciences, Chalakka, Ernakulam.",MBBS,AM,1,mbbs_p3_final.pdf
2025,3,2184,5119,MU,SM,KCM,"KMCT Medical College, Mukkom, Kozikkode",MBBS,SM,1,mbbs_p3_final.pdf
2025,3,2185,5122,EW,AC,PMC,"Pushpagiri Institute of Medical Science, Thiruvalla",MBBS,AC,12,mbbs_p3_final.pdf
2025,3,2186,5127,General,AM,KDM,"P K Das Institute of Medical Sciences, Ottapalam",MBBS,AM,1,mbbs_p3_final.pdf
2025,3,2187,5129,BH,SM,MMH,"Malabar Medical College Hospital, Kozhikkode",MBBS,SM,16,mbbs_p3_final.pdf
2025,3,2188,5134,General,AM,SIM,"Sree Narayana Institute of Medical Sciences, Chalakka, Ernakulam.",MBBS,AM,1,mbbs_p3_final.pdf
2025,3,2189,5140,General,AM,KDM,"P K Das Institute of Medical Sciences, Ottapalam",MBBS,AM,1,mbbs_p3_final.pdf
2025,3,2190,5142,General,AM,KDM,"P K Das Institute of Medical Sciences, Ottapalam",MBBS,AM,1,mbbs_p3_final.pdf
2025,3,2191,5144,General,SM,KEM,"Kerala Medical College, Palakkad",MBBS,SM,13,mbbs_p3_final.pdf
2025,3,2192,5145,General,AC,JMC,"Jubilee Mission Medical College, Thrisur",MBBS,AC,16,mbbs_p3_final.pdf
2025,3,2193,5146,MU,SM,KEM,"Kerala Medical College, Palakkad",MBBS,SM,21,mbbs_p3_final.pdf
2025,3,2194,5148,MU,SM,KCM,"KMCT Medical College, Mukkom, Kozikkode",MBBS,SM,1,mbbs_p3_final.pdf
2025,3,2195,5155,EZ,FL-EZ,KND,"Government Dental College, Kannur",BDS,FL-EZ,1,mbbs_p3_final.pdf
2025,3,2196,5163,General,AM,AZC,"Azeezia Institute of Medi Science, Meyyannoor, Kollam",MBBS,AM,8,mbbs_p3_final.pdf
2025,3,2197,5167,MU,SM,KCM,"KMCT Medical College, Mukkom, Kozikkode",MBBS,SM,18,mbbs_p3_final.pdf
2025,3,2198,5171,MU,SM,KCM,"KMCT Medical College, Mukkom, Kozikkode",MBBS,SM,18,mbbs_p3_final.pdf
2025,3,2199,5172,General,AM,DMM,"Dr. Moopens Medical College, Meppadi, Wayanad",MBBS,AM,1,mbbs_p3_final.pdf
2025,3,2200,5174,MU,SM,MMH,"Malabar Medical College Hospital, Kozhikkode",MBBS,SM,15,mbbs_p3_final.pdf
2025,3,2201,5175,General,AM,AZC,"Azeezia Institute of Medi Science, Meyyannoor, Kollam",MBBS,AM,1,mbbs_p3_final.pdf
2025,3,2202,5178,EZ,SM,MMH,"Malabar Medical College Hospital, Kozhikkode",MBBS,SM,1,mbbs_p3_final.pdf
2025,3,2203,5179,LA,AC,AMC,"Amala Institute of Medical Sciences, Thrissur",MBBS,AC,15,mbbs_p3_final.pdf
2025,3,2204,5181,General,AM,SUC,"SUT Accademy of Medical Sciences, Thiruvananthapuram",MBBS,AM,10,mbbs_p3_final.pdf
2025,3,2205,5184,MU,SM,KCM,"KMCT Medical College, Mukkom, Kozikkode",MBBS,SM,1,mbbs_p3_final.pdf
2025,3,2206,5186,EZ,SM,KCM,"KMCT Medical College, Mukkom, Kozikkode",MBBS,SM,1,mbbs_p3_final.pdf
2025,3,2207,5191,General,SM,KCM,"KMCT Medical College, Mukkom, Kozikkode",MBBS,SM,1,mbbs_p3_final.pdf
2025,3,2208,5192,General,AC,JMC,"Jubilee Mission Medical College, Thrisur",MBBS,AC,16,mbbs_p3_final.pdf
2025,3,2209,5193,General,SM,MMH,"Malabar Medical College Hospital, Kozhikkode",MBBS,SM,13,mbbs_p3_final.pdf
2025,3,2210,5196,MU,MM,EMC,"MES Medical College, Perinthalmanna, Malappuram",MBBS,MM,22,mbbs_p3_final.pdf
2025,3,2211,5201,General,AM,AZC,"Azeezia Institute of Medi Science, Meyyannoor, Kollam",MBBS,AM,1,mbbs_p3_final.pdf
2025,3,2212,5206,BH,SM,MMH,"Malabar Medical College Hospital, Kozhikkode",MBBS,SM,14,mbbs_p3_final.pdf
2025,3,2213,5209,BH,SM,SUC,"SUT Accademy of Medical Sciences, Thiruvananthapuram",MBBS,SM,15,mbbs_p3_final.pdf
2025,3,2214,5213,General,AM,MZM,"Mount Zion Medical College, Pathanamthitta",MBBS,AM,1,mbbs_p3_final.pdf
2025,3,2215,5218,EZ,SM,SMC,"Dr. Somervell Memorial CSI Medical College, Karakonam",MBBS,SM,18,mbbs_p3_final.pdf
2025,3,2216,5219,MU,MM,EMC,"MES Medical College, Perinthalmanna, Malappuram",MBBS,MM,17,mbbs_p3_final.pdf
2025,3,2217,5220,General,AC,JMC,"Jubilee Mission Medical College, Thrisur",MBBS,AC,1,mbbs_p3_final.pdf
2025,3,2218,5221,EZ,SM,MMH,"Malabar Medical College Hospital, Kozhikkode",MBBS,SM,15,mbbs_p3_final.pdf
2025,3,2219,5222,General,AM,DMM,"Dr. Moopens Medical College, Meppadi, Wayanad",MBBS,AM,1,mbbs_p3_final.pdf
2025,3,2220,5225,SC,SC,TVM,"Govt. Medical College, Thiruvananthapuram",MBBS,SC,1,mbbs_p3_final.pdf
2025,3,2221,5234,General,SM,SIM,"Sree Narayana Institute of Medical Sciences, Chalakka, Ernakulam.",MBBS,SM,1,mbbs_p3_final.pdf
2025,3,2222,5235,EZ,SM,SUC,"SUT Accademy of Medical Sciences, Thiruvananthapuram",MBBS,SM,1,mbbs_p3_final.pdf
2025,3,2223,5236,MU,SM,KCM,"KMCT Medical College, Mukkom, Kozikkode",MBBS,SM,17,mbbs_p3_final.pdf
2025,3,2224,5237,LA,LA,MMC,"Malankara Orthodox Syrian Church MediCollege, Kolenchery",MBBS,LA,17,mbbs_p3_final.pdf
2025,3,2225,5239,BH,SM,MMH,"Malabar Medical College Hospital, Kozhikkode",MBBS,SM,1,mbbs_p3_final.pdf
2025,3,2226,5241,General,AC,JMC,"Jubilee Mission Medical College, Thrisur",MBBS,AC,1,mbbs_p3_final.pdf
2025,3,2227,5243,General,AC,JMC,"Jubilee Mission Medical College, Thrisur",MBBS,AC,8,mbbs_p3_final.pdf
2025,3,2228,5244,VK,SD,KKD,"Govt. Dental College, Kozhikkode",BDS,SD,15,mbbs_p3_final.pdf
2025,3,2229,5246,EZ,SM,KCM,"KMCT Medical College, Mukkom, Kozikkode",MBBS,SM,18,mbbs_p3_final.pdf
2025,3,2230,5249,EZ,FL-EZ,KND,"Government Dental College, Kannur",BDS,FL-EZ,1,mbbs_p3_final.pdf
2025,3,2231,5251,MU,SM,KCM,"KMCT Medical College, Mukkom, Kozikkode",MBBS,SM,1,mbbs_p3_final.pdf
2025,3,2232,5255,EZ,SM,SUC,"SUT Accademy of Medical Sciences, Thiruvananthapuram",MBBS,SM,20,mbbs_p3_final.pdf
2025,3,2233,5258,MU,SM,MMH,"Malabar Medical College Hospital, Kozhikkode",MBBS,SM,1,mbbs_p3_final.pdf
2025,3,2234,5270,General,AC,AMC,"Amala Institute of Medical Sciences, Thrissur",MBBS,AC,16,mbbs_p3_final.pdf
2025,3,2235,5273,EW,AC,AMC,"Amala Institute of Medical Sciences, Thrissur",MBBS,AC,13,mbbs_p3_final.pdf
2025,3,2236,5275,General,AM,KDM,"P K Das Institute of Medical Sciences, Ottapalam",MBBS,AM,10,mbbs_p3_final.pdf
2025,3,2237,5277,General,AM,DMM,"Dr. Moopens Medical College, Meppadi, Wayanad",MBBS,AM,1,mbbs_p3_final.pdf
2025,3,2238,5279,General,SM,TRM,"Travancore Medical College, Umayanalloor, Kollam",MBBS,SM,17,mbbs_p3_final.pdf
2025,3,2239,5281,MU,AM,AZC,"Azeezia Institute of Medi Science, Meyyannoor, Kollam",MBBS,AM,1,mbbs_p3_final.pdf
2025,3,2240,5282,General,AC,AMC,"Amala Institute of Medical Sciences, Thrissur",MBBS,AC,1,mbbs_p3_final.pdf
2025,3,2241,5287,LA,LA,KKD,"Govt. Dental College, Kozhikkode",BDS,LA,15,mbbs_p3_final.pdf
2025,3,2242,5288,VK,SM,MMH,"Malabar Medical College Hospital, Kozhikkode",MBBS,SM,15,mbbs_p3_final.pdf
2025,3,2243,5290,MU,SM,MMH,"Malabar Medical College Hospital, Kozhikkode",MBBS,SM,1,mbbs_p3_final.pdf
2025,3,2244,5292,General,AC,MMC,"Malankara Orthodox Syrian Church MediCollege, Kolenchery",MBBS,AC,1,mbbs_p3_final.pdf
2025,3,2245,5293,General,SM,MMH,"Malabar Medical College Hospital, Kozhikkode",MBBS,SM,1,mbbs_p3_final.pdf
2025,3,2246,5295,MU,MM,KCM,"KMCT Medical College, Mukkom, Kozikkode",MBBS,MM,1,mbbs_p3_final.pdf
2025,3,2247,5296,MU,MM,KCM,"KMCT Medical College, Mukkom, Kozikkode",MBBS,MM,1,mbbs_p3_final.pdf
2025,3,2248,5297,MU,SM,SMC,"Dr. Somervell Memorial CSI Medical College, Karakonam",MBBS,SM,22,mbbs_p3_final.pdf
2025,3,2249,5298,General,SM,TRM,"Travancore Medical College, Umayanalloor, Kollam",MBBS,SM,21,mbbs_p3_final.pdf
2025,3,2250,5299,EW,AC,MMC,"Malankara Orthodox Syrian Church MediCollege, Kolenchery",MBBS,AC,15,mbbs_p3_final.pdf
2025,3,2251,5300,SC,SC,TVM,"Govt. Medical College, Thiruvananthapuram",MBBS,SC,1,mbbs_p3_final.pdf
2025,3,2252,5302,EZ,SM,KCM,"KMCT Medical College, Mukkom, Kozikkode",MBBS,SM,16,mbbs_p3_final.pdf
2025,3,2253,5306,General,SM,KCM,"KMCT Medical College, Mukkom, Kozikkode",MBBS,SM,4,mbbs_p3_final.pdf
2025,3,2254,5308,General,AM,MZM,"Mount Zion Medical College, Pathanamthitta",MBBS,AM,1,mbbs_p3_final.pdf
2025,3,2255,5315,General,AM,KDM,"P K Das Institute of Medical Sciences, Ottapalam",MBBS,AM,1,mbbs_p3_final.pdf
2025,3,2256,5321,SC,SC,TVM,"Govt. Medical College, Thiruvananthapuram",MBBS,SC,1,mbbs_p3_final.pdf
2025,3,2257,5322,LA,LA,GMC,"Sree Gokulam Medical College, Venjaramoodu, TVPM",MBBS,LA,15,mbbs_p3_final.pdf
2025,3,2258,5323,EZ,FL-EZ,KND,"Government Dental College, Kannur",BDS,FL-EZ,20,mbbs_p3_final.pdf
2025,3,2259,5326,MU,SM,TRM,"Travancore Medical College, Umayanalloor, Kollam",MBBS,SM,17,mbbs_p3_final.pdf
2025,3,2260,5337,General,NR,JMC,"Jubilee Mission Medical College, Thrisur",MBBS,NR,1,mbbs_p3_final.pdf
2025,3,2261,5339,General,SM,SUC,"SUT Accademy of Medical Sciences, Thiruvananthapuram",MBBS,SM,1,mbbs_p3_final.pdf
2025,3,2262,5340,General,AC,MMC,"Malankara Orthodox Syrian Church MediCollege, Kolenchery",MBBS,AC,3,mbbs_p3_final.pdf
2025,3,2263,5342,EW,SM,MMH,"Malabar Medical College Hospital, Kozhikkode",MBBS,SM,15,mbbs_p3_final.pdf
2025,3,2264,5344,MU,MM,KCM,"KMCT Medical College, Mukkom, Kozikkode",MBBS,MM,1,mbbs_p3_final.pdf
2025,3,2265,5346,General,AM,AZC,"Azeezia Institute of Medi Science, Meyyannoor, Kollam",MBBS,AM,11,mbbs_p3_final.pdf
2025,3,2266,5349,General,AM,AAM,"Al Azhar Medical college, Thodupuzha",MBBS,AM,1,mbbs_p3_final.pdf
2025,3,2267,5350,BH,SM,MMH,"Malabar Medical College Hospital, Kozhikkode",MBBS,SM,1,mbbs_p3_final.pdf
2025,3,2268,5355,General,SM,MMH,"Malabar Medical College Hospital, Kozhikkode",MBBS,SM,18,mbbs_p3_final.pdf
2025,3,2269,5362,EW,EW,GMC,"Sree Gokulam Medical College, Venjaramoodu, TVPM",MBBS,EW,14,mbbs_p3_final.pdf
2025,3,2270,5364,BX,PD,TVM,"Govt. Medical College, Thiruvananthapuram",MBBS,PD,1,mbbs_p3_final.pdf
2025,3,2271,5367,BH,SM,MMH,"Malabar Medical College Hospital, Kozhikkode",MBBS,SM,1,mbbs_p3_final.pdf
2025,3,2272,5372,EW,EW,TCD,"Govt. Dental College, Thrissur",BDS,EW,16,mbbs_p3_final.pdf
2025,3,2273,5373,General,AC,BCM,"Believers Church Medical College Hospital, Thiruvalla",MBBS,AC,12,mbbs_p3_final.pdf
2025,3,2274,5376,EZ,SM,MMH,"Malabar Medical College Hospital, Kozhikkode",MBBS,SM,1,mbbs_p3_final.pdf
2025,3,2275,5377,EZ,SM,KCM,"KMCT Medical College, Mukkom, Kozikkode",MBBS,SM,15,mbbs_p3_final.pdf
2025,3,2276,5383,EZ,SM,KEM,"Kerala Medical College, Palakkad",MBBS,SM,18,mbbs_p3_final.pdf
2025,3,2277,5385,LA,AC,MMC,"Malankara Orthodox Syrian Church MediCollege, Kolenchery",MBBS,AC,16,mbbs_p3_final.pdf
2025,3,2278,5391,General,SM,SMC,"Dr. Somervell Memorial CSI Medical College, Karakonam",MBBS,SM,13,mbbs_p3_final.pdf
2025,3,2279,5396,EZ,SM,MMH,"Malabar Medical College Hospital, Kozhikkode",MBBS,SM,1,mbbs_p3_final.pdf
2025,3,2280,5397,MU,MM,EMC,"MES Medical College, Perinthalmanna, Malappuram",MBBS,MM,6,mbbs_p3_final.pdf
2025,3,2281,5400,DV,DV,KNM,Government Medical College Kannur,MBBS,DV,6,mbbs_p3_final.pdf
2025,3,2282,5402,General,AM,PIM,"Palakkad Institute of Medical Sciences, Walayar",MBBS,AM,2,mbbs_p3_final.pdf
2025,3,2283,5406,General,AM,DMM,"Dr. Moopens Medical College, Meppadi, Wayanad",MBBS,AM,1,mbbs_p3_final.pdf
2025,3,2284,5408,VK,VK,GMC,"Sree Gokulam Medical College, Venjaramoodu, TVPM",MBBS,VK,1,mbbs_p3_final.pdf
2025,3,2285,5410,EW,EW,KTD,"Govt. Dental College, Kottayam",BDS,EW,15,mbbs_p3_final.pdf
2025,3,2286,5411,General,AM,KDM,"P K Das Institute of Medical Sciences, Ottapalam",MBBS,AM,1,mbbs_p3_final.pdf
2025,3,2287,5413,SC,SC,KKM,"Govt. Medical College, Kozhikkode",MBBS,SC,1,mbbs_p3_final.pdf
2025,3,2288,5414,General,AM,KMM,"Karuna Medical College, Vilayodi, Palakkad",MBBS,AM,7,mbbs_p3_final.pdf
2025,3,2289,5415,General,AM,KMM,"Karuna Medical College, Vilayodi, Palakkad",MBBS,AM,6,mbbs_p3_final.pdf
2025,3,2290,5427,General,AC,AMC,"Amala Institute of Medical Sciences, Thrissur",MBBS,AC,15,mbbs_p3_final.pdf
2025,3,2291,5428,General,AM,AZC,"Azeezia Institute of Medi Science, Meyyannoor, Kollam",MBBS,AM,1,mbbs_p3_final.pdf
2025,3,2292,5429,MU,MM,EMC,"MES Medical College, Perinthalmanna, Malappuram",MBBS,MM,18,mbbs_p3_final.pdf
2025,3,2293,5431,General,SM,TRM,"Travancore Medical College, Umayanalloor, Kollam",MBBS,SM,10,mbbs_p3_final.pdf
2025,3,2294,5432,General,SM,SUC,"SUT Accademy of Medical Sciences, Thiruvananthapuram",MBBS,SM,1,mbbs_p3_final.pdf
2025,3,2295,5435,SC,SC,TCM,"Govt. Medical College, Thrissur",MBBS,SC,1,mbbs_p3_final.pdf
2025,3,2296,5440,EZ,SM,MMH,"Malabar Medical College Hospital, Kozhikkode",MBBS,SM,1,mbbs_p3_final.pdf
2025,3,2297,5442,General,AM,AAM,"Al Azhar Medical college, Thodupuzha",MBBS,AM,1,mbbs_p3_final.pdf
2025,3,2298,5444,General,AM,KDM,"P K Das Institute of Medical Sciences, Ottapalam",MBBS,AM,3,mbbs_p3_final.pdf
2025,3,2299,5446,BH,SM,KCM,"KMCT Medical College, Mukkom, Kozikkode",MBBS,SM,21,mbbs_p3_final.pdf
2025,3,2300,5447,DV,DV,MLP,"Govt. Medical College, Manjeri",MBBS,DV,6,mbbs_p3_final.pdf
2025,3,2301,5448,General,SM,SIM,"Sree Narayana Institute of Medical Sciences, Chalakka, Ernakulam.",MBBS,SM,1,mbbs_p3_final.pdf
2025,3,2302,5449,MU,MM,EMC,"MES Medical College, Perinthalmanna, Malappuram",MBBS,MM,18,mbbs_p3_final.pdf
2025,3,2303,5451,EW,EW,TVD,"Govt. Dental College, Thiruvananthapuram",BDS,EW,15,mbbs_p3_final.pdf
2025,3,2304,5452,MU,MM,TRM,"Travancore Medical College, Umayanalloor, Kollam",MBBS,MM,16,mbbs_p3_final.pdf
2025,3,2305,5454,DV,DV,KLM,"Govt. Medical College, Parippally, Kollam",MBBS,DV,1,mbbs_p3_final.pdf
2025,3,2306,5456,General,AC,AMC,"Amala Institute of Medical Sciences, Thrissur",MBBS,AC,1,mbbs_p3_final.pdf
2025,3,2307,5460,General,AM,DMM,"Dr. Moopens Medical College, Meppadi, Wayanad",MBBS,AM,20,mbbs_p3_final.pdf
2025,3,2308,5461,General,SM,MMH,"Malabar Medical College Hospital, Kozhikkode",MBBS,SM,18,mbbs_p3_final.pdf
2025,3,2309,5463,MU,MM,EMC,"MES Medical College, Perinthalmanna, Malappuram",MBBS,MM,6,mbbs_p3_final.pdf
2025,3,2310,5466,General,SM,MBD,"Mar Baselious Dental College, Kothamangalam",BDS,SM,21,mbbs_p3_final.pdf
2025,3,2311,5469,General,AM,KDM,"P K Das Institute of Medical Sciences, Ottapalam",MBBS,AM,1,mbbs_p3_final.pdf
2025,3,2312,5473,General,SM,MMH,"Malabar Medical College Hospital, Kozhikkode",MBBS,SM,1,mbbs_p3_final.pdf
2025,3,2313,5476,SC,SC,KKM,"Govt. Medical College, Kozhikkode",MBBS,SC,1,mbbs_p3_final.pdf
2025,3,2314,5477,General,AM,DMM,"Dr. Moopens Medical College, Meppadi, Wayanad",MBBS,AM,12,mbbs_p3_final.pdf
2025,3,2315,5480,MU,MM,EMC,"MES Medical College, Perinthalmanna, Malappuram",MBBS,MM,19,mbbs_p3_final.pdf
2025,3,2316,5481,EZ,SM,SUC,"SUT Accademy of Medical Sciences, Thiruvananthapuram",MBBS,SM,1,mbbs_p3_final.pdf
2025,3,2317,5482,MU,SM,MMH,"Malabar Medical College Hospital, Kozhikkode",MBBS,SM,1,mbbs_p3_final.pdf
2025,3,2318,5483,VK,VK,GMC,"Sree Gokulam Medical College, Venjaramoodu, TVPM",MBBS,VK,15,mbbs_p3_final.pdf
2025,3,2319,5485,EZ,SM,KCM,"KMCT Medical College, Mukkom, Kozikkode",MBBS,SM,3,mbbs_p3_final.pdf
2025,3,2320,5488,MU,SM,SMC,"Dr. Somervell Memorial CSI Medical College, Karakonam",MBBS,SM,19,mbbs_p3_final.pdf
2025,3,2321,5489,BX,BX,GMC,"Sree Gokulam Medical College, Venjaramoodu, TVPM",MBBS,BX,13,mbbs_p3_final.pdf
2025,3,2322,5491,General,AM,MZM,"Mount Zion Medical College, Pathanamthitta",MBBS,AM,1,mbbs_p3_final.pdf
2025,3,2323,5492,EZ,SM,SIM,"Sree Narayana Institute of Medical Sciences, Chalakka, Ernakulam.",MBBS,SM,1,mbbs_p3_final.pdf
2025,3,2324,5494,General,AM,AZC,"Azeezia Institute of Medi Science, Meyyannoor, Kollam",MBBS,AM,1,mbbs_p3_final.pdf
2025,3,2325,5498,General,AM,KDM,"P K Das Institute of Medical Sciences, Ottapalam",MBBS,AM,1,mbbs_p3_final.pdf
2025,3,2326,5502,EZ,SM,MMH,"Malabar Medical College Hospital, Kozhikkode",MBBS,SM,15,mbbs_p3_final.pdf
2025,3,2327,5504,General,SM,SUC,"SUT Accademy of Medical Sciences, Thiruvananthapuram",MBBS,SM,19,mbbs_p3_final.pdf
2025,3,2328,5506,EW,EW,ALD,"Government Dental College, Alappuzha",BDS,EW,17,mbbs_p3_final.pdf
2025,3,2329,5509,MU,MM,TRM,"Travancore Medical College, Umayanalloor, Kollam",MBBS,MM,1,mbbs_p3_final.pdf
2025,3,2330,5512,EW,EW,KND,"Government Dental College, Kannur",BDS,EW,1,mbbs_p3_final.pdf
2025,3,2331,5516,General,AM,PIM,"Palakkad Institute of Medical Sciences, Walayar",MBBS,AM,11,mbbs_p3_final.pdf
2025,3,2332,5517,EZ,FL-EZ,KND,"Government Dental College, Kannur",BDS,FL-EZ,20,mbbs_p3_final.pdf
2025,3,2333,5518,BX,SM,SMC,"Dr. Somervell Memorial CSI Medical College, Karakonam",MBBS,SM,10,mbbs_p3_final.pdf
2025,3,2334,5522,General,AC,JMC,"Jubilee Mission Medical College, Thrisur",MBBS,AC,16,mbbs_p3_final.pdf
2025,3,2335,5524,BH,SM,SIM,"Sree Narayana Institute of Medical Sciences, Chalakka, Ernakulam.",MBBS,SM,1,mbbs_p3_final.pdf
2025,3,2336,5525,BH,SM,MMH,"Malabar Medical College Hospital, Kozhikkode",MBBS,SM,1,mbbs_p3_final.pdf
2025,3,2337,5529,BH,AM,KDM,"P K Das Institute of Medical Sciences, Ottapalam",MBBS,AM,21,mbbs_p3_final.pdf
2025,3,2338,5530,BH,SM,MMH,"Malabar Medical College Hospital, Kozhikkode",MBBS,SM,10,mbbs_p3_final.pdf
2025,3,2339,5532,EZ,SM,SUC,"SUT Accademy of Medical Sciences, Thiruvananthapuram",MBBS,SM,15,mbbs_p3_final.pdf
2025,3,2340,5535,General,SM,MMH,"Malabar Medical College Hospital, Kozhikkode",MBBS,SM,1,mbbs_p3_final.pdf
2025,3,2341,5537,SC,SC,TVM,"Govt. Medical College, Thiruvananthapuram",MBBS,SC,1,mbbs_p3_final.pdf
2025,3,2342,5541,DV,DV,MLP,"Govt. Medical College, Manjeri",MBBS,DV,1,mbbs_p3_final.pdf
2025,3,2343,5542,General,SM,MMH,"Malabar Medical College Hospital, Kozhikkode",MBBS,SM,5,mbbs_p3_final.pdf
2025,3,2344,5543,EZ,SM,SMC,"Dr. Somervell Memorial CSI Medical College, Karakonam",MBBS,SM,15,mbbs_p3_final.pdf
2025,3,2345,5544,General,SM,SUC,"SUT Accademy of Medical Sciences, Thiruvananthapuram",MBBS,SM,21,mbbs_p3_final.pdf
2025,3,2346,5545,General,AC,MMC,"Malankara Orthodox Syrian Church MediCollege, Kolenchery",MBBS,AC,1,mbbs_p3_final.pdf
2025,3,2347,5552,LA,LA,KTD,"Govt. Dental College, Kottayam",BDS,LA,15,mbbs_p3_final.pdf
2025,3,2348,5553,General,AC,MMC,"Malankara Orthodox Syrian Church MediCollege, Kolenchery",MBBS,AC,9,mbbs_p3_final.pdf
2025,3,2349,5569,General,AM,KMM,"Karuna Medical College, Vilayodi, Palakkad",MBBS,AM,13,mbbs_p3_final.pdf
2025,3,2350,5572,General,SM,KEM,"Kerala Medical College, Palakkad",MBBS,SM,15,mbbs_p3_final.pdf
2025,3,2351,5574,General,SM,MMH,"Malabar Medical College Hospital, Kozhikkode",MBBS,SM,16,mbbs_p3_final.pdf
2025,3,2352,5577,EZ,SM,MMH,"Malabar Medical College Hospital, Kozhikkode",MBBS,SM,1,mbbs_p3_final.pdf
2025,3,2353,5578,MU,SM,MED,"MES Dental College, Perinthalmanna",BDS,SM,21,mbbs_p3_final.pdf
2025,3,2354,5579,MU,SM,MMH,"Malabar Medical College Hospital, Kozhikkode",MBBS,SM,1,mbbs_p3_final.pdf
2025,3,2355,5580,General,AC,AMC,"Amala Institute of Medical Sciences, Thrissur",MBBS,AC,15,mbbs_p3_final.pdf
2025,3,2356,5582,MU,SM,TRM,"Travancore Medical College, Umayanalloor, Kollam",MBBS,SM,20,mbbs_p3_final.pdf
2025,3,2357,5589,General,AC,MMC,"Malankara Orthodox Syrian Church MediCollege, Kolenchery",MBBS,AC,1,mbbs_p3_final.pdf
2025,3,2358,5591,EZ,FL-EZ,KND,"Government Dental College, Kannur",BDS,FL-EZ,20,mbbs_p3_final.pdf
2025,3,2359,5599,General,SM,SIM,"Sree Narayana Institute of Medical Sciences, Chalakka, Ernakulam.",MBBS,SM,1,mbbs_p3_final.pdf
2025,3,2360,5600,General,AM,MZM,"Mount Zion Medical College, Pathanamthitta",MBBS,AM,1,mbbs_p3_final.pdf
2025,3,2361,5602,General,AC,AMC,"Amala Institute of Medical Sciences, Thrissur",MBBS,AC,13,mbbs_p3_final.pdf
2025,3,2362,5607,General,AM,AZC,"Azeezia Institute of Medi Science, Meyyannoor, Kollam",MBBS,AM,8,mbbs_p3_final.pdf
2025,3,2363,5613,General,SM,MMH,"Malabar Medical College Hospital, Kozhikkode",MBBS,SM,10,mbbs_p3_final.pdf
2025,3,2364,5615,General,SM,MMH,"Malabar Medical College Hospital, Kozhikkode",MBBS,SM,15,mbbs_p3_final.pdf
2025,3,2365,5619,General,AC,AMC,"Amala Institute of Medical Sciences, Thrissur",MBBS,AC,1,mbbs_p3_final.pdf
2025,3,2366,5622,MU,MM,KCM,"KMCT Medical College, Mukkom, Kozikkode",MBBS,MM,15,mbbs_p3_final.pdf
2025,3,2367,5623,SC,SC,KKM,"Govt. Medical College, Kozhikkode",MBBS,SC,1,mbbs_p3_final.pdf
2025,3,2368,5624,EZ,SM,TRM,"Travancore Medical College, Umayanalloor, Kollam",MBBS,SM,1,mbbs_p3_final.pdf
2025,3,2369,5626,EZ,FL-EZ,KND,"Government Dental College, Kannur",BDS,FL-EZ,20,mbbs_p3_final.pdf
2025,3,2370,5630,General,AC,JMC,"Jubilee Mission Medical College, Thrisur",MBBS,AC,16,mbbs_p3_final.pdf
2025,3,2371,5632,General,AC,MMC,"Malankara Orthodox Syrian Church MediCollege, Kolenchery",MBBS,AC,1,mbbs_p3_final.pdf
2025,3,2372,5641,General,AC,PMC,"Pushpagiri Institute of Medical Science, Thiruvalla",MBBS,AC,1,mbbs_p3_final.pdf
2025,3,2373,5642,General,SM,TRM,"Travancore Medical College, Umayanalloor, Kollam",MBBS,SM,7,mbbs_p3_final.pdf
2025,3,2374,5647,General,AC,MMC,"Malankara Orthodox Syrian Church MediCollege, Kolenchery",MBBS,AC,1,mbbs_p3_final.pdf
2025,3,2375,5657,MU,MM,KCM,"KMCT Medical College, Mukkom, Kozikkode",MBBS,MM,1,mbbs_p3_final.pdf
2025,3,2376,5658,BH,SM,MMH,"Malabar Medical College Hospital, Kozhikkode",MBBS,SM,19,mbbs_p3_final.pdf
2025,3,2377,5660,General,SM,SUC,"SUT Accademy of Medical Sciences, Thiruvananthapuram",MBBS,SM,16,mbbs_p3_final.pdf
2025,3,2378,5661,General,AM,KDM,"P K Das Institute of Medical Sciences, Ottapalam",MBBS,AM,1,mbbs_p3_final.pdf
2025,3,2379,5662,LA,LA,TVD,"Govt. Dental College, Thiruvananthapuram",BDS,LA,15,mbbs_p3_final.pdf
2025,3,2380,5665,BH,SM,SUC,"SUT Accademy of Medical Sciences, Thiruvananthapuram",MBBS,SM,15,mbbs_p3_final.pdf
2025,3,2381,5666,General,AC,MMC,"Malankara Orthodox Syrian Church MediCollege, Kolenchery",MBBS,AC,1,mbbs_p3_final.pdf
2025,3,2382,5669,MU,SM,MMH,"Malabar Medical College Hospital, Kozhikkode",MBBS,SM,18,mbbs_p3_final.pdf
2025,3,2383,5673,General,AM,KMM,"Karuna Medical College, Vilayodi, Palakkad",MBBS,AM,12,mbbs_p3_final.pdf
2025,3,2384,5674,MU,SM,KEM,"Kerala Medical College, Palakkad",MBBS,SM,18,mbbs_p3_final.pdf
2025,3,2385,5675,General,AC,PMC,"Pushpagiri Institute of Medical Science, Thiruvalla",MBBS,AC,1,mbbs_p3_final.pdf
2025,3,2386,5681,LA,LA,GMC,"Sree Gokulam Medical College, Venjaramoodu, TVPM",MBBS,LA,15,mbbs_p3_final.pdf
2025,3,2387,5683,LA,SM,KEM,"Kerala Medical College, Palakkad",MBBS,SM,15,mbbs_p3_final.pdf
2025,3,2388,5685,General,AC,BCM,"Believers Church Medical College Hospital, Thiruvalla",MBBS,AC,1,mbbs_p3_final.pdf
2025,3,2389,5688,MU,SM,MMH,"Malabar Medical College Hospital, Kozhikkode",MBBS,SM,1,mbbs_p3_final.pdf
2025,3,2390,5692,VK,SM,KEM,"Kerala Medical College, Palakkad",MBBS,SM,15,mbbs_p3_final.pdf
2025,3,2391,5696,General,AC,MMC,"Malankara Orthodox Syrian Church MediCollege, Kolenchery",MBBS,AC,16,mbbs_p3_final.pdf
2025,3,2392,5709,General,AM,KDM,"P K Das Institute of Medical Sciences, Ottapalam",MBBS,AM,1,mbbs_p3_final.pdf
2025,3,2393,5710,General,AM,AAM,"Al Azhar Medical college, Thodupuzha",MBBS,AM,1,mbbs_p3_final.pdf
2025,3,2394,5716,MU,SM,SMC,"Dr. Somervell Memorial CSI Medical College, Karakonam",MBBS,SM,20,mbbs_p3_final.pdf
2025,3,2395,5719,General,AC,MMC,"Malankara Orthodox Syrian Church MediCollege, Kolenchery",MBBS,AC,1,mbbs_p3_final.pdf
2025,3,2396,5722,MU,SM,MMH,"Malabar Medical College Hospital, Kozhikkode",MBBS,SM,3,mbbs_p3_final.pdf
2025,3,2397,5723,General,AM,KDM,"P K Das Institute of Medical Sciences, Ottapalam",MBBS,AM,2,mbbs_p3_final.pdf
2025,3,2398,5726,BH,SM,SIM,"Sree Narayana Institute of Medical Sciences, Chalakka, Ernakulam.",MBBS,SM,13,mbbs_p3_final.pdf
2025,3,2399,5728,SC,SC,TVM,"Govt. Medical College, Thiruvananthapuram",MBBS,SC,1,mbbs_p3_final.pdf
2025,3,2400,5731,MU,MM,EMC,"MES Medical College, Perinthalmanna, Malappuram",MBBS,MM,20,mbbs_p3_final.pdf
2025,3,2401,5736,General,AM,KDM,"P K Das Institute of Medical Sciences, Ottapalam",MBBS,AM,4,mbbs_p3_final.pdf
2025,3,2402,5740,BX,AC,BCM,"Believers Church Medical College Hospital, Thiruvalla",MBBS,AC,15,mbbs_p3_final.pdf
2025,3,2403,5745,General,SM,SUC,"SUT Accademy of Medical Sciences, Thiruvananthapuram",MBBS,SM,14,mbbs_p3_final.pdf
2025,3,2404,5757,MU,MM,EMC,"MES Medical College, Perinthalmanna, Malappuram",MBBS,MM,17,mbbs_p3_final.pdf
2025,3,2405,5762,MU,SM,MMH,"Malabar Medical College Hospital, Kozhikkode",MBBS,SM,1,mbbs_p3_final.pdf
2025,3,2406,5764,General,SM,MMH,"Malabar Medical College Hospital, Kozhikkode",MBBS,SM,17,mbbs_p3_final.pdf
2025,3,2407,5765,General,AM,KDM,"P K Das Institute of Medical Sciences, Ottapalam",MBBS,AM,7,mbbs_p3_final.pdf
2025,3,2408,5766,General,AC,AMC,"Amala Institute of Medical Sciences, Thrissur",MBBS,AC,16,mbbs_p3_final.pdf
2025,3,2409,5770,BH,SM,MMH,"Malabar Medical College Hospital, Kozhikkode",MBBS,SM,15,mbbs_p3_final.pdf
2025,3,2410,5771,General,SM,SUC,"SUT Accademy of Medical Sciences, Thiruvananthapuram",MBBS,SM,1,mbbs_p3_final.pdf
2025,3,2411,5772,EZ,SM,TRM,"Travancore Medical College, Umayanalloor, Kollam",MBBS,SM,1,mbbs_p3_final.pdf
2025,3,2412,5773,EZ,SM,MMH,"Malabar Medical College Hospital, Kozhikkode",MBBS,SM,1,mbbs_p3_final.pdf
2025,3,2413,5774,General,SM,SMC,"Dr. Somervell Memorial CSI Medical College, Karakonam",MBBS,SM,20,mbbs_p3_final.pdf
2025,3,2414,5776,EZ,SM,MMH,"Malabar Medical College Hospital, Kozhikkode",MBBS,SM,17,mbbs_p3_final.pdf
2025,3,2415,5779,General,AM,AAM,"Al Azhar Medical college, Thodupuzha",MBBS,AM,1,mbbs_p3_final.pdf
2025,3,2416,5780,General,MM,EMC,"MES Medical College, Perinthalmanna, Malappuram",MBBS,MM,18,mbbs_p3_final.pdf
2025,3,2417,5781,EW,EW,KND,"Government Dental College, Kannur",BDS,EW,17,mbbs_p3_final.pdf
2025,3,2418,5789,General,AC,AMC,"Amala Institute of Medical Sciences, Thrissur",MBBS,AC,15,mbbs_p3_final.pdf
2025,3,2419,5790,LA,AC,AMC,"Amala Institute of Medical Sciences, Thrissur",MBBS,AC,15,mbbs_p3_final.pdf
2025,3,2420,5792,EZ,SM,KEM,"Kerala Medical College, Palakkad",MBBS,SM,15,mbbs_p3_final.pdf
2025,3,2421,5794,General,SM,MMH,"Malabar Medical College Hospital, Kozhikkode",MBBS,SM,19,mbbs_p3_final.pdf
2025,3,2422,5798,General,AC,PMC,"Pushpagiri Institute of Medical Science, Thiruvalla",MBBS,AC,1,mbbs_p3_final.pdf
2025,3,2423,5799,EZ,SM,TRM,"Travancore Medical College, Umayanalloor, Kollam",MBBS,SM,21,mbbs_p3_final.pdf
2025,3,2424,5802,EZ,SM,MMH,"Malabar Medical College Hospital, Kozhikkode",MBBS,SM,17,mbbs_p3_final.pdf
2025,3,2425,5804,General,AM,AAM,"Al Azhar Medical college, Thodupuzha",MBBS,AM,1,mbbs_p3_final.pdf
2025,3,2426,5806,General,AC,JMC,"Jubilee Mission Medical College, Thrisur",MBBS,AC,17,mbbs_p3_final.pdf
2025,3,2427,5807,General,AC,BCM,"Believers Church Medical College Hospital, Thiruvalla",MBBS,AC,1,mbbs_p3_final.pdf
2025,3,2428,5809,MU,MM,TRM,"Travancore Medical College, Umayanalloor, Kollam",MBBS,MM,1,mbbs_p3_final.pdf
2025,3,2429,5812,EZ,SM,PMD,"Pushpagiri College of Dental Science, Thiruvalla",BDS,SM,25,mbbs_p3_final.pdf
2025,3,2430,5815,SC,SC,TVM,"Govt. Medical College, Thiruvananthapuram",MBBS,SC,1,mbbs_p3_final.pdf
2025,3,2431,5818,General,SM,SIM,"Sree Narayana Institute of Medical Sciences, Chalakka, Ernakulam.",MBBS,SM,2,mbbs_p3_final.pdf
2025,3,2432,5820,MU,MM,TRM,"Travancore Medical College, Umayanalloor, Kollam",MBBS,MM,16,mbbs_p3_final.pdf
2025,3,2433,5832,General,AM,KMM,"Karuna Medical College, Vilayodi, Palakkad",MBBS,AM,5,mbbs_p3_final.pdf
2025,3,2434,5833,EZ,SM,MMH,"Malabar Medical College Hospital, Kozhikkode",MBBS,SM,17,mbbs_p3_final.pdf
2025,3,2435,5834,General,AM,KMM,"Karuna Medical College, Vilayodi, Palakkad",MBBS,AM,7,mbbs_p3_final.pdf
2025,3,2436,5837,EZ,SM,TRM,"Travancore Medical College, Umayanalloor, Kollam",MBBS,SM,10,mbbs_p3_final.pdf
2025,3,2437,5841,MU,SM,MMH,"Malabar Medical College Hospital, Kozhikkode",MBBS,SM,1,mbbs_p3_final.pdf
2025,3,2438,5842,General,AM,AZC,"Azeezia Institute of Medi Science, Meyyannoor, Kollam",MBBS,AM,1,mbbs_p3_final.pdf
2025,3,2439,5843,BH,SM,SUC,"SUT Accademy of Medical Sciences, Thiruvananthapuram",MBBS,SM,1,mbbs_p3_final.pdf
2025,3,2440,5850,MU,MM,KCM,"KMCT Medical College, Mukkom, Kozikkode",MBBS,MM,1,mbbs_p3_final.pdf
2025,3,2441,5854,EZ,SM,MMH,"Malabar Medical College Hospital, Kozhikkode",MBBS,SM,1,mbbs_p3_final.pdf
2025,3,2442,5856,General,AM,DMM,"Dr. Moopens Medical College, Meppadi, Wayanad",MBBS,AM,1,mbbs_p3_final.pdf
2025,3,2443,5859,General,SM,SUC,"SUT Accademy of Medical Sciences, Thiruvananthapuram",MBBS,SM,1,mbbs_p3_final.pdf
2025,3,2444,5863,SC,SC,KNM,Government Medical College Kannur,MBBS,SC,1,mbbs_p3_final.pdf
2025,3,2445,5869,LA,LA,ALD,"Government Dental College, Alappuzha",BDS,LA,17,mbbs_p3_final.pdf
2025,3,2446,5877,MU,SM,KCM,"KMCT Medical College, Mukkom, Kozikkode",MBBS,SM,19,mbbs_p3_final.pdf
2025,3,2447,5881,General,AM,KDM,"P K Das Institute of Medical Sciences, Ottapalam",MBBS,AM,1,mbbs_p3_final.pdf
2025,3,2448,5884,SC,SC,TVM,"Govt. Medical College, Thiruvananthapuram",MBBS,SC,2,mbbs_p3_final.pdf
2025,3,2449,5887,EW,EW,ALD,"Government Dental College, Alappuzha",BDS,EW,18,mbbs_p3_final.pdf
2025,3,2450,5892,General,AM,KDM,"P K Das Institute of Medical Sciences, Ottapalam",MBBS,AM,1,mbbs_p3_final.pdf
2025,3,2451,5895,MU,AM,DMM,"Dr. Moopens Medical College, Meppadi, Wayanad",MBBS,AM,1,mbbs_p3_final.pdf
2025,3,2452,5903,General,SM,SMC,"Dr. Somervell Memorial CSI Medical College, Karakonam",MBBS,SM,2,mbbs_p3_final.pdf
2025,3,2453,5904,MU,SM,MMH,"Malabar Medical College Hospital, Kozhikkode",MBBS,SM,19,mbbs_p3_final.pdf
2025,3,2454,5906,General,AC,AMC,"Amala Institute of Medical Sciences, Thrissur",MBBS,AC,16,mbbs_p3_final.pdf
2025,3,2455,5910,MU,MU,TRM,"Travancore Medical College, Umayanalloor, Kollam",MBBS,MU,1,mbbs_p3_final.pdf
2025,3,2456,5920,EW,SM,MMH,"Malabar Medical College Hospital, Kozhikkode",MBBS,SM,15,mbbs_p3_final.pdf
2025,3,2457,5923,MU,SM,KCM,"KMCT Medical College, Mukkom, Kozikkode",MBBS,SM,10,mbbs_p3_final.pdf
2025,3,2458,5924,MU,SM,KEM,"Kerala Medical College, Palakkad",MBBS,SM,15,mbbs_p3_final.pdf
2025,3,2459,5926,General,SM,SUC,"SUT Accademy of Medical Sciences, Thiruvananthapuram",MBBS,SM,19,mbbs_p3_final.pdf
2025,3,2460,5927,General,AM,KDM,"P K Das Institute of Medical Sciences, Ottapalam",MBBS,AM,10,mbbs_p3_final.pdf
2025,3,2461,5928,General,SM,SIM,"Sree Narayana Institute of Medical Sciences, Chalakka, Ernakulam.",MBBS,SM,12,mbbs_p3_final.pdf
2025,3,2462,5930,General,SM,KCM,"KMCT Medical College, Mukkom, Kozikkode",MBBS,SM,18,mbbs_p3_final.pdf
2025,3,2463,5931,General,SM,MMH,"Malabar Medical College Hospital, Kozhikkode",MBBS,SM,1,mbbs_p3_final.pdf
2025,3,2464,5937,General,AM,KMM,"Karuna Medical College, Vilayodi, Palakkad",MBBS,AM,11,mbbs_p3_final.pdf
2025,3,2465,5938,EZ,SM,SUC,"SUT Accademy of Medical Sciences, Thiruvananthapuram",MBBS,SM,15,mbbs_p3_final.pdf
2025,3,2466,5941,MU,MM,KCM,"KMCT Medical College, Mukkom, Kozikkode",MBBS,MM,19,mbbs_p3_final.pdf
2025,3,2467,5946,General,SM,KEM,"Kerala Medical College, Palakkad",MBBS,SM,15,mbbs_p3_final.pdf
2025,3,2468,5954,MU,MM,TRM,"Travancore Medical College, Umayanalloor, Kollam",MBBS,MM,1,mbbs_p3_final.pdf
2025,3,2469,5955,General,AM,KDM,"P K Das Institute of Medical Sciences, Ottapalam",MBBS,AM,2,mbbs_p3_final.pdf
2025,3,2470,5956,MU,SM,KCM,"KMCT Medical College, Mukkom, Kozikkode",MBBS,SM,20,mbbs_p3_final.pdf
2025,3,2471,5958,MU,MM,KCM,"KMCT Medical College, Mukkom, Kozikkode",MBBS,MM,1,mbbs_p3_final.pdf
2025,3,2472,5961,MU,MM,KCM,"KMCT Medical College, Mukkom, Kozikkode",MBBS,MM,1,mbbs_p3_final.pdf
2025,3,2473,5962,General,AM,KDM,"P K Das Institute of Medical Sciences, Ottapalam",MBBS,AM,8,mbbs_p3_final.pdf
2025,3,2474,5967,General,AM,KDM,"P K Das Institute of Medical Sciences, Ottapalam",MBBS,AM,1,mbbs_p3_final.pdf
2025,3,2475,5970,SC,SC,TVM,"Govt. Medical College, Thiruvananthapuram",MBBS,SC,2,mbbs_p3_final.pdf
2025,3,2476,5971,General,AM,KDM,"P K Das Institute of Medical Sciences, Ottapalam",MBBS,AM,1,mbbs_p3_final.pdf
2025,3,2477,5972,MU,MM,KCM,"KMCT Medical College, Mukkom, Kozikkode",MBBS,MM,1,mbbs_p3_final.pdf
2025,3,2478,5973,General,AC,JMC,"Jubilee Mission Medical College, Thrisur",MBBS,AC,16,mbbs_p3_final.pdf
2025,3,2479,5977,General,SM,SUC,"SUT Accademy of Medical Sciences, Thiruvananthapuram",MBBS,SM,16,mbbs_p3_final.pdf
2025,3,2480,5979,MU,SM,MMH,"Malabar Medical College Hospital, Kozhikkode",MBBS,SM,19,mbbs_p3_final.pdf
2025,3,2481,5980,BH,BH,TRM,"Travancore Medical College, Umayanalloor, Kollam",MBBS,BH,1,mbbs_p3_final.pdf
2025,3,2482,5983,MU,SM,KCM,"KMCT Medical College, Mukkom, Kozikkode",MBBS,SM,1,mbbs_p3_final.pdf
2025,3,2483,5986,General,AC,MMC,"Malankara Orthodox Syrian Church MediCollege, Kolenchery",MBBS,AC,16,mbbs_p3_final.pdf
2025,3,2484,5989,MU,MU,TRM,"Travancore Medical College, Umayanalloor, Kollam",MBBS,MU,6,mbbs_p3_final.pdf
2025,3,2485,5997,General,SM,SUC,"SUT Accademy of Medical Sciences, Thiruvananthapuram",MBBS,SM,21,mbbs_p3_final.pdf
2025,3,2486,6003,General,MM,TRM,"Travancore Medical College, Umayanalloor, Kollam",MBBS,MM,1,mbbs_p3_final.pdf
2025,3,2487,6004,General,AM,AZC,"Azeezia Institute of Medi Science, Meyyannoor, Kollam",MBBS,AM,2,mbbs_p3_final.pdf
2025,3,2488,6006,BH,SM,SUC,"SUT Accademy of Medical Sciences, Thiruvananthapuram",MBBS,SM,1,mbbs_p3_final.pdf
2025,3,2489,6008,MU,SM,KCM,"KMCT Medical College, Mukkom, Kozikkode",MBBS,SM,17,mbbs_p3_final.pdf
2025,3,2490,6011,General,AM,DMM,"Dr. Moopens Medical College, Meppadi, Wayanad",MBBS,AM,1,mbbs_p3_final.pdf
2025,3,2491,6018,General,SM,SUC,"SUT Accademy of Medical Sciences, Thiruvananthapuram",MBBS,SM,3,mbbs_p3_final.pdf
2025,3,2492,6027,General,MM,TRM,"Travancore Medical College, Umayanalloor, Kollam",MBBS,MM,21,mbbs_p3_final.pdf
2025,3,2493,6031,LA,AC,PMC,"Pushpagiri Institute of Medical Science, Thiruvalla",MBBS,AC,16,mbbs_p3_final.pdf
2025,3,2494,6037,MU,MM,KCM,"KMCT Medical College, Mukkom, Kozikkode",MBBS,MM,1,mbbs_p3_final.pdf
2025,3,2495,6039,EZ,SM,SUC,"SUT Accademy of Medical Sciences, Thiruvananthapuram",MBBS,SM,19,mbbs_p3_final.pdf
2025,3,2496,6043,MU,SM,KEM,"Kerala Medical College, Palakkad",MBBS,SM,21,mbbs_p3_final.pdf
2025,3,2497,6048,BH,SM,SMC,"Dr. Somervell Memorial CSI Medical College, Karakonam",MBBS,SM,19,mbbs_p3_final.pdf
2025,3,2498,6050,BH,BH,MMH,"Malabar Medical College Hospital, Kozhikkode",MBBS,BH,1,mbbs_p3_final.pdf
2025,3,2499,6053,General,AM,KDM,"P K Das Institute of Medical Sciences, Ottapalam",MBBS,AM,4,mbbs_p3_final.pdf
2025,3,2500,6056,General,AM,AZC,"Azeezia Institute of Medi Science, Meyyannoor, Kollam",MBBS,AM,1,mbbs_p3_final.pdf
2025,3,2501,6057,MU,SM,KCM,"KMCT Medical College, Mukkom, Kozikkode",MBBS,SM,15,mbbs_p3_final.pdf
2025,3,2502,6062,BH,SM,SIM,"Sree Narayana Institute of Medical Sciences, Chalakka, Ernakulam.",MBBS,SM,1,mbbs_p3_final.pdf
2025,3,2503,6063,BH,BH,MMH,"Malabar Medical College Hospital, Kozhikkode",MBBS,BH,1,mbbs_p3_final.pdf
2025,3,2504,6064,BH,BH,MMH,"Malabar Medical College Hospital, Kozhikkode",MBBS,BH,21,mbbs_p3_final.pdf
2025,3,2505,6067,BH,SM,KCM,"KMCT Medical College, Mukkom, Kozikkode",MBBS,SM,1,mbbs_p3_final.pdf
2025,3,2506,6068,General,SM,SUC,"SUT Accademy of Medical Sciences, Thiruvananthapuram",MBBS,SM,16,mbbs_p3_final.pdf
2025,3,2507,6069,General,AM,PIM,"Palakkad Institute of Medical Sciences, Walayar",MBBS,AM,2,mbbs_p3_final.pdf
2025,3,2508,6070,EZ,EZ,TRM,"Travancore Medical College, Umayanalloor, Kollam",MBBS,EZ,16,mbbs_p3_final.pdf
2025,3,2509,6071,MU,MM,KCM,"KMCT Medical College, Mukkom, Kozikkode",MBBS,MM,1,mbbs_p3_final.pdf
2025,3,2510,6074,MU,SM,KCM,"KMCT Medical College, Mukkom, Kozikkode",MBBS,SM,10,mbbs_p3_final.pdf
2025,3,2511,6075,General,AM,AZC,"Azeezia Institute of Medi Science, Meyyannoor, Kollam",MBBS,AM,7,mbbs_p3_final.pdf
2025,3,2512,6080,BH,SM,SUC,"SUT Accademy of Medical Sciences, Thiruvananthapuram",MBBS,SM,18,mbbs_p3_final.pdf
2025,3,2513,6082,MU,SM,KEM,"Kerala Medical College, Palakkad",MBBS,SM,14,mbbs_p3_final.pdf
2025,3,2514,6087,General,AM,KMM,"Karuna Medical College, Vilayodi, Palakkad",MBBS,AM,3,mbbs_p3_final.pdf
2025,3,2515,6088,DV,DV,JMC,"Jubilee Mission Medical College, Thrisur",MBBS,DV,6,mbbs_p3_final.pdf
2025,3,2516,6089,MU,SM,KCM,"KMCT Medical College, Mukkom, Kozikkode",MBBS,SM,16,mbbs_p3_final.pdf
2025,3,2517,6090,General,AC,AMC,"Amala Institute of Medical Sciences, Thrissur",MBBS,AC,1,mbbs_p3_final.pdf
2025,3,2518,6093,EZ,SM,KEM,"Kerala Medical College, Palakkad",MBBS,SM,15,mbbs_p3_final.pdf
2025,3,2519,6095,General,AM,KMM,"Karuna Medical College, Vilayodi, Palakkad",MBBS,AM,13,mbbs_p3_final.pdf
2025,3,2520,6100,MU,SM,KEM,"Kerala Medical College, Palakkad",MBBS,SM,19,mbbs_p3_final.pdf
2025,3,2521,6104,MU,MU,TRM,"Travancore Medical College, Umayanalloor, Kollam",MBBS,MU,24,mbbs_p3_final.pdf
2025,3,2522,6106,General,AM,DMM,"Dr. Moopens Medical College, Meppadi, Wayanad",MBBS,AM,13,mbbs_p3_final.pdf
2025,3,2523,6110,MU,MM,KCM,"KMCT Medical College, Mukkom, Kozikkode",MBBS,MM,18,mbbs_p3_final.pdf
2025,3,2524,6112,General,AM,KMM,"Karuna Medical College, Vilayodi, Palakkad",MBBS,AM,13,mbbs_p3_final.pdf
2025,3,2525,6113,General,AC,AMC,"Amala Institute of Medical Sciences, Thrissur",MBBS,AC,1,mbbs_p3_final.pdf
2025,3,2526,6114,General,SM,SUC,"SUT Accademy of Medical Sciences, Thiruvananthapuram",MBBS,SM,1,mbbs_p3_final.pdf
2025,3,2527,6115,General,AC,AMC,"Amala Institute of Medical Sciences, Thrissur",MBBS,AC,16,mbbs_p3_final.pdf
2025,3,2528,6119,General,SM,SIM,"Sree Narayana Institute of Medical Sciences, Chalakka, Ernakulam.",MBBS,SM,23,mbbs_p3_final.pdf
2025,3,2529,6124,BX,SM,KCM,"KMCT Medical College, Mukkom, Kozikkode",MBBS,SM,19,mbbs_p3_final.pdf
2025,3,2530,6126,BX,BX,KTD,"Govt. Dental College, Kottayam",BDS,BX,15,mbbs_p3_final.pdf
2025,3,2531,6129,EZ,EZ,MMH,"Malabar Medical College Hospital, Kozhikkode",MBBS,EZ,15,mbbs_p3_final.pdf
2025,3,2532,6133,MU,MM,TRM,"Travancore Medical College, Umayanalloor, Kollam",MBBS,MM,1,mbbs_p3_final.pdf
2025,3,2533,6134,General,AC,AMC,"Amala Institute of Medical Sciences, Thrissur",MBBS,AC,13,mbbs_p3_final.pdf
2025,3,2534,6138,VK,VK,MMH,"Malabar Medical College Hospital, Kozhikkode",MBBS,VK,22,mbbs_p3_final.pdf
2025,3,2535,6145,General,AM,MZM,"Mount Zion Medical College, Pathanamthitta",MBBS,AM,11,mbbs_p3_final.pdf
2025,3,2536,6148,General,AM,AAM,"Al Azhar Medical college, Thodupuzha",MBBS,AM,1,mbbs_p3_final.pdf
2025,3,2537,6149,MU,SM,KEM,"Kerala Medical College, Palakkad",MBBS,SM,1,mbbs_p3_final.pdf
2025,3,2538,6150,General,AC,PMC,"Pushpagiri Institute of Medical Science, Thiruvalla",MBBS,AC,1,mbbs_p3_final.pdf
2025,3,2539,6151,BH,SM,SIM,"Sree Narayana Institute of Medical Sciences, Chalakka, Ernakulam.",MBBS,SM,17,mbbs_p3_final.pdf
2025,3,2540,6152,MU,MM,KCM,"KMCT Medical College, Mukkom, Kozikkode",MBBS,MM,1,mbbs_p3_final.pdf
2025,3,2541,6158,MU,SM,KCM,"KMCT Medical College, Mukkom, Kozikkode",MBBS,SM,19,mbbs_p3_final.pdf
2025,3,2542,6160,General,AM,DMM,"Dr. Moopens Medical College, Meppadi, Wayanad",MBBS,AM,14,mbbs_p3_final.pdf
2025,3,2543,6162,MU,MM,TRM,"Travancore Medical College, Umayanalloor, Kollam",MBBS,MM,1,mbbs_p3_final.pdf
2025,3,2544,6164,General,AM,KDM,"P K Das Institute of Medical Sciences, Ottapalam",MBBS,AM,21,mbbs_p3_final.pdf
2025,3,2545,6165,General,AM,DMM,"Dr. Moopens Medical College, Meppadi, Wayanad",MBBS,AM,3,mbbs_p3_final.pdf
2025,3,2546,6171,General,AC,PMC,"Pushpagiri Institute of Medical Science, Thiruvalla",MBBS,AC,11,mbbs_p3_final.pdf
2025,3,2547,6172,BH,BH,MMH,"Malabar Medical College Hospital, Kozhikkode",MBBS,BH,1,mbbs_p3_final.pdf
2025,3,2548,6175,MU,SM,EID,"Educare Institute of Dental Sciences, Malappuram",BDS,SM,21,mbbs_p3_final.pdf
2025,3,2549,6177,EW,AC,PMC,"Pushpagiri Institute of Medical Science, Thiruvalla",MBBS,AC,16,mbbs_p3_final.pdf
2025,3,2550,6182,EZ,SM,SUC,"SUT Accademy of Medical Sciences, Thiruvananthapuram",MBBS,SM,19,mbbs_p3_final.pdf
2025,3,2551,6183,MU,MU,MMH,"Malabar Medical College Hospital, Kozhikkode",MBBS,MU,15,mbbs_p3_final.pdf
2025,3,2552,6189,BH,BH,KCM,"KMCT Medical College, Mukkom, Kozikkode",MBBS,BH,23,mbbs_p3_final.pdf
2025,3,2553,6193,General,AM,KMM,"Karuna Medical College, Vilayodi, Palakkad",MBBS,AM,14,mbbs_p3_final.pdf
2025,3,2554,6195,General,SM,SUC,"SUT Accademy of Medical Sciences, Thiruvananthapuram",MBBS,SM,1,mbbs_p3_final.pdf
2025,3,2555,6196,MU,MU,MMH,"Malabar Medical College Hospital, Kozhikkode",MBBS,MU,1,mbbs_p3_final.pdf
2025,3,2556,6198,General,SM,DMM,"Dr. Moopens Medical College, Meppadi, Wayanad",MBBS,SM,15,mbbs_p3_final.pdf
2025,3,2557,6199,General,AC,AMC,"Amala Institute of Medical Sciences, Thrissur",MBBS,AC,16,mbbs_p3_final.pdf
2025,3,2558,6201,General,SM,SIM,"Sree Narayana Institute of Medical Sciences, Chalakka, Ernakulam.",MBBS,SM,20,mbbs_p3_final.pdf
2025,3,2559,6204,General,AM,MZM,"Mount Zion Medical College, Pathanamthitta",MBBS,AM,1,mbbs_p3_final.pdf
2025,3,2560,6208,MU,MM,TRM,"Travancore Medical College, Umayanalloor, Kollam",MBBS,MM,15,mbbs_p3_final.pdf
2025,3,2561,6209,MU,MM,KCM,"KMCT Medical College, Mukkom, Kozikkode",MBBS,MM,3,mbbs_p3_final.pdf
2025,3,2562,6214,EZ,SM,KEM,"Kerala Medical College, Palakkad",MBBS,SM,1,mbbs_p3_final.pdf
2025,3,2563,6215,MU,MM,TRM,"Travancore Medical College, Umayanalloor, Kollam",MBBS,MM,24,mbbs_p3_final.pdf
2025,3,2564,6220,BX,BX,KND,"Government Dental College, Kannur",BDS,BX,17,mbbs_p3_final.pdf
2025,3,2565,6221,General,SM,SUC,"SUT Accademy of Medical Sciences, Thiruvananthapuram",MBBS,SM,10,mbbs_p3_final.pdf
2025,3,2566,6223,General,AM,MZM,"Mount Zion Medical College, Pathanamthitta",MBBS,AM,25,mbbs_p3_final.pdf
2025,3,2567,6226,EZ,EZ,TRM,"Travancore Medical College, Umayanalloor, Kollam",MBBS,EZ,21,mbbs_p3_final.pdf
2025,3,2568,6227,MU,MM,TRM,"Travancore Medical College, Umayanalloor, Kollam",MBBS,MM,21,mbbs_p3_final.pdf
2025,3,2569,6228,General,AM,KDM,"P K Das Institute of Medical Sciences, Ottapalam",MBBS,AM,5,mbbs_p3_final.pdf
2025,3,2570,6230,EW,EW,ALD,"Government Dental College, Alappuzha",BDS,EW,18,mbbs_p3_final.pdf
2025,3,2571,6231,EW,EW,GMC,"Sree Gokulam Medical College, Venjaramoodu, TVPM",MBBS,EW,15,mbbs_p3_final.pdf
2025,3,2572,6233,General,AC,AMC,"Amala Institute of Medical Sciences, Thrissur",MBBS,AC,16,mbbs_p3_final.pdf
2025,3,2573,6234,MU,MM,KCM,"KMCT Medical College, Mukkom, Kozikkode",MBBS,MM,1,mbbs_p3_final.pdf
2025,3,2574,6235,General,SM,SMC,"Dr. Somervell Memorial CSI Medical College, Karakonam",MBBS,SM,4,mbbs_p3_final.pdf
2025,3,2575,6236,EZ,EZ,MMH,"Malabar Medical College Hospital, Kozhikkode",MBBS,EZ,10,mbbs_p3_final.pdf
2025,3,2576,6238,BH,SM,SMC,"Dr. Somervell Memorial CSI Medical College, Karakonam",MBBS,SM,19,mbbs_p3_final.pdf
2025,3,2577,6245,MU,MM,KCM,"KMCT Medical College, Mukkom, Kozikkode",MBBS,MM,1,mbbs_p3_final.pdf
2025,3,2578,6246,General,AM,AAM,"Al Azhar Medical college, Thodupuzha",MBBS,AM,1,mbbs_p3_final.pdf
2025,3,2579,6247,KN,KN,KTM,"Govt. Medical College, Kottayam",MBBS,KN,1,mbbs_p3_final.pdf
2025,3,2580,6248,General,SM,SUC,"SUT Accademy of Medical Sciences, Thiruvananthapuram",MBBS,SM,19,mbbs_p3_final.pdf
2025,3,2581,6250,General,SM,SUC,"SUT Accademy of Medical Sciences, Thiruvananthapuram",MBBS,SM,24,mbbs_p3_final.pdf
2025,3,2582,6251,General,AC,BCM,"Believers Church Medical College Hospital, Thiruvalla",MBBS,AC,1,mbbs_p3_final.pdf
2025,3,2583,6253,SC,SC,TCM,"Govt. Medical College, Thrissur",MBBS,SC,1,mbbs_p3_final.pdf
2025,3,2584,6254,General,AC,JMC,"Jubilee Mission Medical College, Thrisur",MBBS,AC,16,mbbs_p3_final.pdf
2025,3,2585,6257,General,AC,MMC,"Malankara Orthodox Syrian Church MediCollege, Kolenchery",MBBS,AC,1,mbbs_p3_final.pdf
2025,3,2586,6258,EZ,EZ,MMH,"Malabar Medical College Hospital, Kozhikkode",MBBS,EZ,13,mbbs_p3_final.pdf
2025,3,2587,6260,BH,SM,SUC,"SUT Accademy of Medical Sciences, Thiruvananthapuram",MBBS,SM,1,mbbs_p3_final.pdf
2025,3,2588,6262,General,AM,KDM,"P K Das Institute of Medical Sciences, Ottapalam",MBBS,AM,1,mbbs_p3_final.pdf
2025,3,2589,6263,MU,MU,KEM,"Kerala Medical College, Palakkad",MBBS,MU,7,mbbs_p3_final.pdf
2025,3,2590,6266,General,AM,PIM,"Palakkad Institute of Medical Sciences, Walayar",MBBS,AM,14,mbbs_p3_final.pdf
2025,3,2591,6271,General,MM,TRM,"Travancore Medical College, Umayanalloor, Kollam",MBBS,MM,14,mbbs_p3_final.pdf
2025,3,2592,6272,General,SM,SIM,"Sree Narayana Institute of Medical Sciences, Chalakka, Ernakulam.",MBBS,SM,25,mbbs_p3_final.pdf
2025,3,2593,6275,General,AM,AZC,"Azeezia Institute of Medi Science, Meyyannoor, Kollam",MBBS,AM,4,mbbs_p3_final.pdf
2025,3,2594,6278,MU,MU,KCM,"KMCT Medical College, Mukkom, Kozikkode",MBBS,MU,5,mbbs_p3_final.pdf
2025,3,2595,6279,LA,AC,PMC,"Pushpagiri Institute of Medical Science, Thiruvalla",MBBS,AC,1,mbbs_p3_final.pdf
2025,3,2596,6281,BH,SM,SIM,"Sree Narayana Institute of Medical Sciences, Chalakka, Ernakulam.",MBBS,SM,21,mbbs_p3_final.pdf
2025,3,2597,6284,MU,SM,KMD,"KMCT Dental College, Mambatta, Mukkam, Kozhikode",BDS,SM,7,mbbs_p3_final.pdf
2025,3,2598,6293,General,AC,AMC,"Amala Institute of Medical Sciences, Thrissur",MBBS,AC,4,mbbs_p3_final.pdf
2025,3,2599,6301,General,SM,DMM,"Dr. Moopens Medical College, Meppadi, Wayanad",MBBS,SM,18,mbbs_p3_final.pdf
2025,3,2600,6304,EW,EW,TCD,"Govt. Dental College, Thrissur",BDS,EW,10,mbbs_p3_final.pdf
2025,3,2601,6305,General,SM,SUC,"SUT Accademy of Medical Sciences, Thiruvananthapuram",MBBS,SM,15,mbbs_p3_final.pdf
2025,3,2602,6307,DV,DV,IDM,Government Medical College Idukki,MBBS,DV,1,mbbs_p3_final.pdf
2025,3,2603,6312,LA,AC,PMC,"Pushpagiri Institute of Medical Science, Thiruvalla",MBBS,AC,15,mbbs_p3_final.pdf
2025,3,2604,6316,EW,EW,MMH,"Malabar Medical College Hospital, Kozhikkode",MBBS,EW,15,mbbs_p3_final.pdf
2025,3,2605,6318,MU,MM,TRM,"Travancore Medical College, Umayanalloor, Kollam",MBBS,MM,1,mbbs_p3_final.pdf
2025,3,2606,6322,General,AM,KDM,"P K Das Institute of Medical Sciences, Ottapalam",MBBS,AM,8,mbbs_p3_final.pdf
2025,3,2607,6324,EZ,EZ,MMH,"Malabar Medical College Hospital, Kozhikkode",MBBS,EZ,1,mbbs_p3_final.pdf
2025,3,2608,6330,General,AM,KDM,"P K Das Institute of Medical Sciences, Ottapalam",MBBS,AM,12,mbbs_p3_final.pdf
2025,3,2609,6332,General,AC,PMC,"Pushpagiri Institute of Medical Science, Thiruvalla",MBBS,AC,1,mbbs_p3_final.pdf
2025,3,2610,6337,MU,MU,KCM,"KMCT Medical College, Mukkom, Kozikkode",MBBS,MU,17,mbbs_p3_final.pdf
2025,3,2611,6338,General,AM,PIM,"Palakkad Institute of Medical Sciences, Walayar",MBBS,AM,7,mbbs_p3_final.pdf
2025,3,2612,6340,MU,MM,TRM,"Travancore Medical College, Umayanalloor, Kollam",MBBS,MM,19,mbbs_p3_final.pdf
2025,3,2613,6342,General,AM,MZM,"Mount Zion Medical College, Pathanamthitta",MBBS,AM,2,mbbs_p3_final.pdf
2025,3,2614,6343,BH,BH,MMH,"Malabar Medical College Hospital, Kozhikkode",MBBS,BH,15,mbbs_p3_final.pdf
2025,3,2615,6347,General,SM,SIM,"Sree Narayana Institute of Medical Sciences, Chalakka, Ernakulam.",MBBS,SM,1,mbbs_p3_final.pdf
2025,3,2616,6350,General,AC,AMC,"Amala Institute of Medical Sciences, Thrissur",MBBS,AC,1,mbbs_p3_final.pdf
2025,3,2617,6351,General,AM,KMM,"Karuna Medical College, Vilayodi, Palakkad",MBBS,AM,2,mbbs_p3_final.pdf
2025,3,2618,6354,MU,MU,KEM,"Kerala Medical College, Palakkad",MBBS,MU,16,mbbs_p3_final.pdf
2025,3,2619,6355,General,SM,SUC,"SUT Accademy of Medical Sciences, Thiruvananthapuram",MBBS,SM,15,mbbs_p3_final.pdf
2025,3,2620,6359,General,AM,AAM,"Al Azhar Medical college, Thodupuzha",MBBS,AM,1,mbbs_p3_final.pdf
2025,3,2621,6362,MU,MM,TRM,"Travancore Medical College, Umayanalloor, Kollam",MBBS,MM,4,mbbs_p3_final.pdf
2025,3,2622,6363,General,AM,KDM,"P K Das Institute of Medical Sciences, Ottapalam",MBBS,AM,21,mbbs_p3_final.pdf
2025,3,2623,6365,BH,SM,SUC,"SUT Accademy of Medical Sciences, Thiruvananthapuram",MBBS,SM,10,mbbs_p3_final.pdf
2025,3,2624,6367,General,AM,KDM,"P K Das Institute of Medical Sciences, Ottapalam",MBBS,AM,12,mbbs_p3_final.pdf
2025,3,2625,6370,LA,AC,PMC,"Pushpagiri Institute of Medical Science, Thiruvalla",MBBS,AC,16,mbbs_p3_final.pdf
2025,3,2626,6373,SC,SC,KTM,"Govt. Medical College, Kottayam",MBBS,SC,1,mbbs_p3_final.pdf
2025,3,2627,6379,General,AC,AMC,"Amala Institute of Medical Sciences, Thrissur",MBBS,AC,2,mbbs_p3_final.pdf
2025,3,2628,6380,MU,MM,KCM,"KMCT Medical College, Mukkom, Kozikkode",MBBS,MM,1,mbbs_p3_final.pdf
2025,3,2629,6381,MU,MM,KEM,"Kerala Medical College, Palakkad",MBBS,MM,14,mbbs_p3_final.pdf
2025,3,2630,6383,General,SM,KDM,"P K Das Institute of Medical Sciences, Ottapalam",MBBS,SM,23,mbbs_p3_final.pdf
2025,3,2631,6384,MU,MU,KCM,"KMCT Medical College, Mukkom, Kozikkode",MBBS,MU,19,mbbs_p3_final.pdf
2025,3,2632,6385,BX,BX,MMH,"Malabar Medical College Hospital, Kozhikkode",MBBS,BX,1,mbbs_p3_final.pdf
2025,3,2633,6388,SC,SC,KTM,"Govt. Medical College, Kottayam",MBBS,SC,1,mbbs_p3_final.pdf
2025,3,2634,6395,MU,MU,MMH,"Malabar Medical College Hospital, Kozhikkode",MBBS,MU,1,mbbs_p3_final.pdf
2025,3,2635,6397,EZ,EZ,KCM,"KMCT Medical College, Mukkom, Kozikkode",MBBS,EZ,1,mbbs_p3_final.pdf
2025,3,2636,6400,BH,BH,KCM,"KMCT Medical College, Mukkom, Kozikkode",MBBS,BH,17,mbbs_p3_final.pdf
2025,3,2637,6401,General,AM,MZM,"Mount Zion Medical College, Pathanamthitta",MBBS,AM,11,mbbs_p3_final.pdf
2025,3,2638,6402,BH,SM,SUC,"SUT Accademy of Medical Sciences, Thiruvananthapuram",MBBS,SM,15,mbbs_p3_final.pdf
2025,3,2639,6404,MU,MU,KCM,"KMCT Medical College, Mukkom, Kozikkode",MBBS,MU,17,mbbs_p3_final.pdf
2025,3,2640,6408,EZ,EZ,TRM,"Travancore Medical College, Umayanalloor, Kollam",MBBS,EZ,22,mbbs_p3_final.pdf
2025,3,2641,6409,MU,MM,KCM,"KMCT Medical College, Mukkom, Kozikkode",MBBS,MM,1,mbbs_p3_final.pdf
2025,3,2642,6410,General,SM,SMC,"Dr. Somervell Memorial CSI Medical College, Karakonam",MBBS,SM,18,mbbs_p3_final.pdf
2025,3,2643,6412,MU,MM,KCM,"KMCT Medical College, Mukkom, Kozikkode",MBBS,MM,1,mbbs_p3_final.pdf
2025,3,2644,6418,General,SM,SIM,"Sree Narayana Institute of Medical Sciences, Chalakka, Ernakulam.",MBBS,SM,19,mbbs_p3_final.pdf
2025,3,2645,6419,General,AM,PIM,"Palakkad Institute of Medical Sciences, Walayar",MBBS,AM,9,mbbs_p3_final.pdf
2025,3,2646,6431,MU,MU,MMH,"Malabar Medical College Hospital, Kozhikkode",MBBS,MU,16,mbbs_p3_final.pdf
2025,3,2647,6434,General,SM,KDM,"P K Das Institute of Medical Sciences, Ottapalam",MBBS,SM,22,mbbs_p3_final.pdf
2025,3,2648,6438,EZ,EZ,MMH,"Malabar Medical College Hospital, Kozhikkode",MBBS,EZ,19,mbbs_p3_final.pdf
2025,3,2649,6440,LA,AC,AMC,"Amala Institute of Medical Sciences, Thrissur",MBBS,AC,18,mbbs_p3_final.pdf
2025,3,2650,6443,MU,MM,KCM,"KMCT Medical College, Mukkom, Kozikkode",MBBS,MM,1,mbbs_p3_final.pdf
2025,3,2651,6447,General,AM,PIM,"Palakkad Institute of Medical Sciences, Walayar",MBBS,AM,1,mbbs_p3_final.pdf
2025,3,2652,6450,General,AM,AAM,"Al Azhar Medical college, Thodupuzha",MBBS,AM,14,mbbs_p3_final.pdf
2025,3,2653,6458,General,AC,PMC,"Pushpagiri Institute of Medical Science, Thiruvalla",MBBS,AC,15,mbbs_p3_final.pdf
2025,3,2654,6461,General,AM,AAM,"Al Azhar Medical college, Thodupuzha",MBBS,AM,14,mbbs_p3_final.pdf
2025,3,2655,6463,MU,MM,KCM,"KMCT Medical College, Mukkom, Kozikkode",MBBS,MM,1,mbbs_p3_final.pdf
2025,3,2656,6464,MU,MU,MMH,"Malabar Medical College Hospital, Kozhikkode",MBBS,MU,16,mbbs_p3_final.pdf
2025,3,2657,6466,BH,SM,DMM,"Dr. Moopens Medical College, Meppadi, Wayanad",MBBS,SM,1,mbbs_p3_final.pdf
2025,3,2658,6468,MU,MM,KCM,"KMCT Medical College, Mukkom, Kozikkode",MBBS,MM,5,mbbs_p3_final.pdf
2025,3,2659,6469,General,AM,KMM,"Karuna Medical College, Vilayodi, Palakkad",MBBS,AM,14,mbbs_p3_final.pdf
2025,3,2660,6470,General,AM,AZC,"Azeezia Institute of Medi Science, Meyyannoor, Kollam",MBBS,AM,14,mbbs_p3_final.pdf
2025,3,2661,6474,SC,SC,KTM,"Govt. Medical College, Kottayam",MBBS,SC,1,mbbs_p3_final.pdf
2025,3,2662,6477,MU,MM,KCM,"KMCT Medical College, Mukkom, Kozikkode",MBBS,MM,1,mbbs_p3_final.pdf
2025,3,2663,6479,EZ,EZ,MMH,"Malabar Medical College Hospital, Kozhikkode",MBBS,EZ,1,mbbs_p3_final.pdf
2025,3,2664,6488,MU,MM,TRM,"Travancore Medical College, Umayanalloor, Kollam",MBBS,MM,22,mbbs_p3_final.pdf
2025,3,2665,6491,SC,SC,TCM,"Govt. Medical College, Thrissur",MBBS,SC,1,mbbs_p3_final.pdf
2025,3,2666,6492,EZ,SM,PMD,"Pushpagiri College of Dental Science, Thiruvalla",BDS,SM,21,mbbs_p3_final.pdf
2025,3,2667,6493,MU,MU,MMH,"Malabar Medical College Hospital, Kozhikkode",MBBS,MU,15,mbbs_p3_final.pdf
2025,3,2668,6494,General,SM,SUC,"SUT Accademy of Medical Sciences, Thiruvananthapuram",MBBS,SM,15,mbbs_p3_final.pdf
2025,3,2669,6495,EZ,EZ,TRM,"Travancore Medical College, Umayanalloor, Kollam",MBBS,EZ,14,mbbs_p3_final.pdf
2025,3,2670,6505,MU,MU,MMH,"Malabar Medical College Hospital, Kozhikkode",MBBS,MU,15,mbbs_p3_final.pdf
2025,3,2671,6507,EZ,EZ,MMH,"Malabar Medical College Hospital, Kozhikkode",MBBS,EZ,17,mbbs_p3_final.pdf
2025,3,2672,6508,MU,MM,KCM,"KMCT Medical College, Mukkom, Kozikkode",MBBS,MM,1,mbbs_p3_final.pdf
2025,3,2673,6513,EZ,EZ,KCM,"KMCT Medical College, Mukkom, Kozikkode",MBBS,EZ,20,mbbs_p3_final.pdf
2025,3,2674,6514,DV,DV,PTM,"Government Medical College, Konni, Pathanamthitta",MBBS,DV,7,mbbs_p3_final.pdf
2025,3,2675,6517,BX,AC,BCM,"Believers Church Medical College Hospital, Thiruvalla",MBBS,AC,16,mbbs_p3_final.pdf
2025,3,2676,6518,BH,SM,SIM,"Sree Narayana Institute of Medical Sciences, Chalakka, Ernakulam.",MBBS,SM,4,mbbs_p3_final.pdf
2025,3,2677,6522,EZ,AM,AZC,"Azeezia Institute of Medi Science, Meyyannoor, Kollam",MBBS,AM,23,mbbs_p3_final.pdf
2025,3,2678,6525,MU,MU,KCM,"KMCT Medical College, Mukkom, Kozikkode",MBBS,MU,6,mbbs_p3_final.pdf
2025,3,2679,6527,MU,SM,MBD,"Mar Baselious Dental College, Kothamangalam",BDS,SM,21,mbbs_p3_final.pdf
2025,3,2680,6528,BH,SM,SIM,"Sree Narayana Institute of Medical Sciences, Chalakka, Ernakulam.",MBBS,SM,18,mbbs_p3_final.pdf
2025,3,2681,6529,General,SM,SUC,"SUT Accademy of Medical Sciences, Thiruvananthapuram",MBBS,SM,1,mbbs_p3_final.pdf
2025,3,2682,6530,General,AM,AAM,"Al Azhar Medical college, Thodupuzha",MBBS,AM,1,mbbs_p3_final.pdf
2025,3,2683,6532,General,AC,AMC,"Amala Institute of Medical Sciences, Thrissur",MBBS,AC,1,mbbs_p3_final.pdf
2025,3,2684,6533,General,AC,PMC,"Pushpagiri Institute of Medical Science, Thiruvalla",MBBS,AC,1,mbbs_p3_final.pdf
2025,3,2685,6535,General,AM,AAM,"Al Azhar Medical college, Thodupuzha",MBBS,AM,1,mbbs_p3_final.pdf
2025,3,2686,6537,MU,MM,TRM,"Travancore Medical College, Umayanalloor, Kollam",MBBS,MM,1,mbbs_p3_final.pdf
2025,3,2687,6539,General,SM,SMC,"Dr. Somervell Memorial CSI Medical College, Karakonam",MBBS,SM,18,mbbs_p3_final.pdf
2025,3,2688,6542,General,SM,KDM,"P K Das Institute of Medical Sciences, Ottapalam",MBBS,SM,22,mbbs_p3_final.pdf
2025,3,2689,6543,General,AM,AAM,"Al Azhar Medical college, Thodupuzha",MBBS,AM,7,mbbs_p3_final.pdf
2025,3,2690,6547,EW,EW,GMC,"Sree Gokulam Medical College, Venjaramoodu, TVPM",MBBS,EW,15,mbbs_p3_final.pdf
2025,3,2691,6548,EZ,SM,SUC,"SUT Accademy of Medical Sciences, Thiruvananthapuram",MBBS,SM,1,mbbs_p3_final.pdf
2025,3,2692,6549,General,AM,AAM,"Al Azhar Medical college, Thodupuzha",MBBS,AM,1,mbbs_p3_final.pdf
2025,3,2693,6551,EW,AC,PMC,"Pushpagiri Institute of Medical Science, Thiruvalla",MBBS,AC,1,mbbs_p3_final.pdf
2025,3,2694,6552,General,AM,AAM,"Al Azhar Medical college, Thodupuzha",MBBS,AM,1,mbbs_p3_final.pdf
2025,3,2695,6555,General,SM,AZC,"Azeezia Institute of Medi Science, Meyyannoor, Kollam",MBBS,SM,1,mbbs_p3_final.pdf
2025,3,2696,6557,General,SM,KDM,"P K Das Institute of Medical Sciences, Ottapalam",MBBS,SM,22,mbbs_p3_final.pdf
2025,3,2697,6559,General,AM,AAM,"Al Azhar Medical college, Thodupuzha",MBBS,AM,15,mbbs_p3_final.pdf
2025,3,2698,6561,EZ,EZ,KEM,"Kerala Medical College, Palakkad",MBBS,EZ,15,mbbs_p3_final.pdf
2025,3,2699,6566,General,AM,AAM,"Al Azhar Medical college, Thodupuzha",MBBS,AM,1,mbbs_p3_final.pdf
2025,3,2700,6571,BH,SM,SIM,"Sree Narayana Institute of Medical Sciences, Chalakka, Ernakulam.",MBBS,SM,1,mbbs_p3_final.pdf
2025,3,2701,6573,MU,MU,KCM,"KMCT Medical College, Mukkom, Kozikkode",MBBS,MU,19,mbbs_p3_final.pdf
2025,3,2702,6576,MU,MM,TRM,"Travancore Medical College, Umayanalloor, Kollam",MBBS,MM,1,mbbs_p3_final.pdf
2025,3,2703,6577,MU,MM,TRM,"Travancore Medical College, Umayanalloor, Kollam",MBBS,MM,21,mbbs_p3_final.pdf
2025,3,2704,6580,General,AC,PMC,"Pushpagiri Institute of Medical Science, Thiruvalla",MBBS,AC,1,mbbs_p3_final.pdf
2025,3,2705,6585,VK,VK,MMH,"Malabar Medical College Hospital, Kozhikkode",MBBS,VK,17,mbbs_p3_final.pdf
2025,3,2706,6592,General,AC,AMC,"Amala Institute of Medical Sciences, Thrissur",MBBS,AC,1,mbbs_p3_final.pdf
2025,3,2707,6594,DV,DV,AMC,"Amala Institute of Medical Sciences, Thrissur",MBBS,DV,10,mbbs_p3_final.pdf
2025,3,2708,6595,KN,KN,TCM,"Govt. Medical College, Thrissur",MBBS,KN,1,mbbs_p3_final.pdf
2025,3,2709,6596,MU,MM,KCM,"KMCT Medical College, Mukkom, Kozikkode",MBBS,MM,1,mbbs_p3_final.pdf
2025,3,2710,6597,MU,MU,KCM,"KMCT Medical College, Mukkom, Kozikkode",MBBS,MU,17,mbbs_p3_final.pdf
2025,3,2711,6599,General,SM,KDM,"P K Das Institute of Medical Sciences, Ottapalam",MBBS,SM,13,mbbs_p3_final.pdf
2025,3,2712,6601,LA,AC,PMC,"Pushpagiri Institute of Medical Science, Thiruvalla",MBBS,AC,15,mbbs_p3_final.pdf
2025,3,2713,6602,General,AC,MMC,"Malankara Orthodox Syrian Church MediCollege, Kolenchery",MBBS,AC,1,mbbs_p3_final.pdf
2025,3,2714,6604,General,AM,AAM,"Al Azhar Medical college, Thodupuzha",MBBS,AM,1,mbbs_p3_final.pdf
2025,3,2715,6606,General,SM,SUC,"SUT Accademy of Medical Sciences, Thiruvananthapuram",MBBS,SM,1,mbbs_p3_final.pdf
2025,3,2716,6608,General,SM,SUC,"SUT Accademy of Medical Sciences, Thiruvananthapuram",MBBS,SM,21,mbbs_p3_final.pdf
2025,3,2717,6609,BH,SM,SMC,"Dr. Somervell Memorial CSI Medical College, Karakonam",MBBS,SM,17,mbbs_p3_final.pdf
2025,3,2718,6615,BH,SM,SIM,"Sree Narayana Institute of Medical Sciences, Chalakka, Ernakulam.",MBBS,SM,19,mbbs_p3_final.pdf
2025,3,2719,6618,BH,SM,AZC,"Azeezia Institute of Medi Science, Meyyannoor, Kollam",MBBS,SM,21,mbbs_p3_final.pdf
2025,3,2720,6623,General,AM,AAM,"Al Azhar Medical college, Thodupuzha",MBBS,AM,9,mbbs_p3_final.pdf
2025,3,2721,6627,General,AC,BCM,"Believers Church Medical College Hospital, Thiruvalla",MBBS,AC,1,mbbs_p3_final.pdf
2025,3,2722,6629,General,AM,AAM,"Al Azhar Medical college, Thodupuzha",MBBS,AM,12,mbbs_p3_final.pdf
2025,3,2723,6631,MU,MM,TRM,"Travancore Medical College, Umayanalloor, Kollam",MBBS,MM,23,mbbs_p3_final.pdf
2025,3,2724,6634,MU,MU,MMH,"Malabar Medical College Hospital, Kozhikkode",MBBS,MU,1,mbbs_p3_final.pdf
2025,3,2725,6640,General,AC,MMC,"Malankara Orthodox Syrian Church MediCollege, Kolenchery",MBBS,AC,7,mbbs_p3_final.pdf
2025,3,2726,6641,General,AC,AMC,"Amala Institute of Medical Sciences, Thrissur",MBBS,AC,1,mbbs_p3_final.pdf
2025,3,2727,6646,BH,BH,KCM,"KMCT Medical College, Mukkom, Kozikkode",MBBS,BH,6,mbbs_p3_final.pdf
2025,3,2728,6648,EZ,EZ,MMH,"Malabar Medical College Hospital, Kozhikkode",MBBS,EZ,1,mbbs_p3_final.pdf
2025,3,2729,6655,BH,SM,KDM,"P K Das Institute of Medical Sciences, Ottapalam",MBBS,SM,18,mbbs_p3_final.pdf
2025,3,2730,6657,General,AM,MZM,"Mount Zion Medical College, Pathanamthitta",MBBS,AM,6,mbbs_p3_final.pdf
2025,3,2731,6658,MU,SM,SUC,"SUT Accademy of Medical Sciences, Thiruvananthapuram",MBBS,SM,15,mbbs_p3_final.pdf
2025,3,2732,6659,MU,MM,KCM,"KMCT Medical College, Mukkom, Kozikkode",MBBS,MM,22,mbbs_p3_final.pdf
2025,3,2733,6663,BH,SM,SIM,"Sree Narayana Institute of Medical Sciences, Chalakka, Ernakulam.",MBBS,SM,13,mbbs_p3_final.pdf
2025,3,2734,6672,General,SM,SUC,"SUT Accademy of Medical Sciences, Thiruvananthapuram",MBBS,SM,16,mbbs_p3_final.pdf
2025,3,2735,6678,General,AM,PIM,"Palakkad Institute of Medical Sciences, Walayar",MBBS,AM,13,mbbs_p3_final.pdf
2025,3,2736,6679,General,NR,JMC,"Jubilee Mission Medical College, Thrisur",MBBS,NR,1,mbbs_p3_final.pdf
2025,3,2737,6682,MU,AM,KMM,"Karuna Medical College, Vilayodi, Palakkad",MBBS,AM,20,mbbs_p3_final.pdf
2025,3,2738,6687,MU,MM,TRM,"Travancore Medical College, Umayanalloor, Kollam",MBBS,MM,19,mbbs_p3_final.pdf
2025,3,2739,6688,General,AM,KMM,"Karuna Medical College, Vilayodi, Palakkad",MBBS,AM,12,mbbs_p3_final.pdf
2025,3,2740,6690,MU,MM,KCM,"KMCT Medical College, Mukkom, Kozikkode",MBBS,MM,1,mbbs_p3_final.pdf
2025,3,2741,6694,MU,MM,KCM,"KMCT Medical College, Mukkom, Kozikkode",MBBS,MM,1,mbbs_p3_final.pdf
2025,3,2742,6695,General,SM,SUC,"SUT Accademy of Medical Sciences, Thiruvananthapuram",MBBS,SM,1,mbbs_p3_final.pdf
2025,3,2743,6698,General,SM,SUC,"SUT Accademy of Medical Sciences, Thiruvananthapuram",MBBS,SM,24,mbbs_p3_final.pdf
2025,3,2744,6699,BH,BH,KEM,"Kerala Medical College, Palakkad",MBBS,BH,4,mbbs_p3_final.pdf
2025,3,2745,6702,General,SM,SUC,"SUT Accademy of Medical Sciences, Thiruvananthapuram",MBBS,SM,5,mbbs_p3_final.pdf
2025,3,2746,6706,General,AM,AAM,"Al Azhar Medical college, Thodupuzha",MBBS,AM,6,mbbs_p3_final.pdf
2025,3,2747,6713,EW,AC,PMC,"Pushpagiri Institute of Medical Science, Thiruvalla",MBBS,AC,1,mbbs_p3_final.pdf
2025,3,2748,6716,General,AC,AMC,"Amala Institute of Medical Sciences, Thrissur",MBBS,AC,13,mbbs_p3_final.pdf
2025,3,2749,6718,MU,SM,SUC,"SUT Accademy of Medical Sciences, Thiruvananthapuram",MBBS,SM,15,mbbs_p3_final.pdf
2025,3,2750,6723,SC,SC,KNM,Government Medical College Kannur,MBBS,SC,1,mbbs_p3_final.pdf
2025,3,2751,6724,MU,MM,KCM,"KMCT Medical College, Mukkom, Kozikkode",MBBS,MM,1,mbbs_p3_final.pdf
2025,3,2752,6730,BH,SM,SMC,"Dr. Somervell Memorial CSI Medical College, Karakonam",MBBS,SM,25,mbbs_p3_final.pdf
2025,3,2753,6737,EZ,SM,SIM,"Sree Narayana Institute of Medical Sciences, Chalakka, Ernakulam.",MBBS,SM,18,mbbs_p3_final.pdf
2025,3,2754,6739,General,AC,AMC,"Amala Institute of Medical Sciences, Thrissur",MBBS,AC,18,mbbs_p3_final.pdf
2025,3,2755,6742,MU,MM,KCM,"KMCT Medical College, Mukkom, Kozikkode",MBBS,MM,16,mbbs_p3_final.pdf
2025,3,2756,6743,General,AM,MZM,"Mount Zion Medical College, Pathanamthitta",MBBS,AM,2,mbbs_p3_final.pdf
2025,3,2757,6746,General,AM,MZM,"Mount Zion Medical College, Pathanamthitta",MBBS,AM,9,mbbs_p3_final.pdf
2025,3,2758,6752,General,AM,PIM,"Palakkad Institute of Medical Sciences, Walayar",MBBS,AM,1,mbbs_p3_final.pdf
2025,3,2759,6755,General,AM,AAM,"Al Azhar Medical college, Thodupuzha",MBBS,AM,1,mbbs_p3_final.pdf
2025,3,2760,6756,MU,SM,SUC,"SUT Accademy of Medical Sciences, Thiruvananthapuram",MBBS,SM,13,mbbs_p3_final.pdf
2025,3,2761,6757,General,SM,SUC,"SUT Accademy of Medical Sciences, Thiruvananthapuram",MBBS,SM,15,mbbs_p3_final.pdf
2025,3,2762,6765,General,AM,AAM,"Al Azhar Medical college, Thodupuzha",MBBS,AM,1,mbbs_p3_final.pdf
2025,3,2763,6766,MU,MM,KCM,"KMCT Medical College, Mukkom, Kozikkode",MBBS,MM,1,mbbs_p3_final.pdf
2025,3,2764,6771,General,AM,AAM,"Al Azhar Medical college, Thodupuzha",MBBS,AM,1,mbbs_p3_final.pdf
2025,3,2765,6774,General,AC,MMC,"Malankara Orthodox Syrian Church MediCollege, Kolenchery",MBBS,AC,15,mbbs_p3_final.pdf
2025,3,2766,6778,General,AM,KMM,"Karuna Medical College, Vilayodi, Palakkad",MBBS,AM,2,mbbs_p3_final.pdf
2025,3,2767,6781,General,MM,KCM,"KMCT Medical College, Mukkom, Kozikkode",MBBS,MM,7,mbbs_p3_final.pdf
2025,3,2768,6788,MU,SM,SUC,"SUT Accademy of Medical Sciences, Thiruvananthapuram",MBBS,SM,15,mbbs_p3_final.pdf
2025,3,2769,6790,MU,MM,KCM,"KMCT Medical College, Mukkom, Kozikkode",MBBS,MM,1,mbbs_p3_final.pdf
2025,3,2770,6795,General,AM,AAM,"Al Azhar Medical college, Thodupuzha",MBBS,AM,8,mbbs_p3_final.pdf
2025,3,2771,6797,BH,SM,SUC,"SUT Accademy of Medical Sciences, Thiruvananthapuram",MBBS,SM,20,mbbs_p3_final.pdf
2025,3,2772,6799,DV,DV,JMC,"Jubilee Mission Medical College, Thrisur",MBBS,DV,1,mbbs_p3_final.pdf
2025,3,2773,6805,General,SM,DMM,"Dr. Moopens Medical College, Meppadi, Wayanad",MBBS,SM,20,mbbs_p3_final.pdf
2025,3,2774,6808,MU,SM,SUC,"SUT Accademy of Medical Sciences, Thiruvananthapuram",MBBS,SM,1,mbbs_p3_final.pdf
2025,3,2775,6809,MU,SM,PMD,"Pushpagiri College of Dental Science, Thiruvalla",BDS,SM,21,mbbs_p3_final.pdf
2025,3,2776,6812,EZ,EZ,KCM,"KMCT Medical College, Mukkom, Kozikkode",MBBS,EZ,17,mbbs_p3_final.pdf
2025,3,2777,6814,General,SM,SUC,"SUT Accademy of Medical Sciences, Thiruvananthapuram",MBBS,SM,1,mbbs_p3_final.pdf
2025,3,2778,6816,General,SM,SUC,"SUT Accademy of Medical Sciences, Thiruvananthapuram",MBBS,SM,12,mbbs_p3_final.pdf
2025,3,2779,6817,EZ,SM,SUC,"SUT Accademy of Medical Sciences, Thiruvananthapuram",MBBS,SM,16,mbbs_p3_final.pdf
2025,3,2780,6818,BH,SM,DMM,"Dr. Moopens Medical College, Meppadi, Wayanad",MBBS,SM,7,mbbs_p3_final.pdf
2025,3,2781,6819,MU,MM,TRM,"Travancore Medical College, Umayanalloor, Kollam",MBBS,MM,1,mbbs_p3_final.pdf
2025,3,2782,6825,General,AM,MZM,"Mount Zion Medical College, Pathanamthitta",MBBS,AM,17,mbbs_p3_final.pdf
2025,3,2783,6827,BX,SM,SUC,"SUT Accademy of Medical Sciences, Thiruvananthapuram",MBBS,SM,15,mbbs_p3_final.pdf
2025,3,2784,6830,General,AM,MZM,"Mount Zion Medical College, Pathanamthitta",MBBS,AM,13,mbbs_p3_final.pdf
2025,3,2785,6831,MU,MM,TRM,"Travancore Medical College, Umayanalloor, Kollam",MBBS,MM,1,mbbs_p3_final.pdf
2025,3,2786,6832,General,AC,AMC,"Amala Institute of Medical Sciences, Thrissur",MBBS,AC,18,mbbs_p3_final.pdf
2025,3,2787,6833,General,AM,AAM,"Al Azhar Medical college, Thodupuzha",MBBS,AM,2,mbbs_p3_final.pdf
2025,3,2788,6835,General,SM,SUC,"SUT Accademy of Medical Sciences, Thiruvananthapuram",MBBS,SM,1,mbbs_p3_final.pdf
2025,3,2789,6836,General,AC,MMC,"Malankara Orthodox Syrian Church MediCollege, Kolenchery",MBBS,AC,1,mbbs_p3_final.pdf
2025,3,2790,6837,General,AM,MZM,"Mount Zion Medical College, Pathanamthitta",MBBS,AM,1,mbbs_p3_final.pdf
2025,3,2791,6838,General,AM,MZM,"Mount Zion Medical College, Pathanamthitta",MBBS,AM,17,mbbs_p3_final.pdf
2025,3,2792,6839,General,AM,MZM,"Mount Zion Medical College, Pathanamthitta",MBBS,AM,6,mbbs_p3_final.pdf
2025,3,2793,6842,General,AM,MZM,"Mount Zion Medical College, Pathanamthitta",MBBS,AM,15,mbbs_p3_final.pdf
2025,3,2794,6843,General,SM,SUC,"SUT Accademy of Medical Sciences, Thiruvananthapuram",MBBS,SM,16,mbbs_p3_final.pdf
2025,3,2795,6845,General,AM,PIM,"Palakkad Institute of Medical Sciences, Walayar",MBBS,AM,19,mbbs_p3_final.pdf
2025,3,2796,6846,General,SM,DMM,"Dr. Moopens Medical College, Meppadi, Wayanad",MBBS,SM,21,mbbs_p3_final.pdf
2025,3,2797,6849,MU,MM,TRM,"Travancore Medical College, Umayanalloor, Kollam",MBBS,MM,1,mbbs_p3_final.pdf
2025,3,2798,6851,General,AC,AMC,"Amala Institute of Medical Sciences, Thrissur",MBBS,AC,9,mbbs_p3_final.pdf
2025,3,2799,6854,EW,EW,KND,"Government Dental College, Kannur",BDS,EW,20,mbbs_p3_final.pdf
2025,3,2800,6856,General,SM,SUC,"SUT Accademy of Medical Sciences, Thiruvananthapuram",MBBS,SM,20,mbbs_p3_final.pdf
2025,3,2801,6858,MU,MM,TRM,"Travancore Medical College, Umayanalloor, Kollam",MBBS,MM,16,mbbs_p3_final.pdf
2025,3,2802,6860,MU,MM,KCM,"KMCT Medical College, Mukkom, Kozikkode",MBBS,MM,1,mbbs_p3_final.pdf
2025,3,2803,6861,General,SM,SIM,"Sree Narayana Institute of Medical Sciences, Chalakka, Ernakulam.",MBBS,SM,24,mbbs_p3_final.pdf
2025,3,2804,6867,MU,MM,KCM,"KMCT Medical College, Mukkom, Kozikkode",MBBS,MM,15,mbbs_p3_final.pdf
2025,3,2805,6869,BH,BH,SMC,"Dr. Somervell Memorial CSI Medical College, Karakonam",MBBS,BH,23,mbbs_p3_final.pdf
2025,3,2806,6870,MU,MM,KCM,"KMCT Medical College, Mukkom, Kozikkode",MBBS,MM,1,mbbs_p3_final.pdf
2025,3,2807,6872,General,AC,BCM,"Believers Church Medical College Hospital, Thiruvalla",MBBS,AC,16,mbbs_p3_final.pdf
2025,3,2808,6877,General,SM,KDM,"P K Das Institute of Medical Sciences, Ottapalam",MBBS,SM,20,mbbs_p3_final.pdf
2025,3,2809,6879,General,SM,SUC,"SUT Accademy of Medical Sciences, Thiruvananthapuram",MBBS,SM,7,mbbs_p3_final.pdf
2025,3,2810,6881,EZ,EZ,KCM,"KMCT Medical College, Mukkom, Kozikkode",MBBS,EZ,16,mbbs_p3_final.pdf
2025,3,2811,6882,SC,SC,TCM,"Govt. Medical College, Thrissur",MBBS,SC,1,mbbs_p3_final.pdf
2025,3,2812,6888,General,AM,MZM,"Mount Zion Medical College, Pathanamthitta",MBBS,AM,18,mbbs_p3_final.pdf
2025,3,2813,6892,General,AM,MZM,"Mount Zion Medical College, Pathanamthitta",MBBS,AM,15,mbbs_p3_final.pdf
2025,3,2814,6893,BH,SM,KDM,"P K Das Institute of Medical Sciences, Ottapalam",MBBS,SM,1,mbbs_p3_final.pdf
2025,3,2815,6894,General,MM,TRM,"Travancore Medical College, Umayanalloor, Kollam",MBBS,MM,22,mbbs_p3_final.pdf
2025,3,2816,6895,MU,MM,KCM,"KMCT Medical College, Mukkom, Kozikkode",MBBS,MM,18,mbbs_p3_final.pdf
2025,3,2817,6898,MU,MU,MMH,"Malabar Medical College Hospital, Kozhikkode",MBBS,MU,17,mbbs_p3_final.pdf
2025,3,2818,6905,General,AC,AMC,"Amala Institute of Medical Sciences, Thrissur",MBBS,AC,9,mbbs_p3_final.pdf
2025,3,2819,6912,General,SM,DMM,"Dr. Moopens Medical College, Meppadi, Wayanad",MBBS,SM,1,mbbs_p3_final.pdf
2025,3,2820,6913,VK,VK,KCM,"KMCT Medical College, Mukkom, Kozikkode",MBBS,VK,1,mbbs_p3_final.pdf
2025,3,2821,6917,MU,MM,KCM,"KMCT Medical College, Mukkom, Kozikkode",MBBS,MM,1,mbbs_p3_final.pdf
2025,3,2822,6922,General,SM,DMM,"Dr. Moopens Medical College, Meppadi, Wayanad",MBBS,SM,21,mbbs_p3_final.pdf
2025,3,2823,6923,DV,SM,SIM,"Sree Narayana Institute of Medical Sciences, Chalakka, Ernakulam.",MBBS,SM,11,mbbs_p3_final.pdf
2025,3,2824,6925,General,AC,PMC,"Pushpagiri Institute of Medical Science, Thiruvalla",MBBS,AC,18,mbbs_p3_final.pdf
2025,3,2825,6927,MU,MM,TRM,"Travancore Medical College, Umayanalloor, Kollam",MBBS,MM,15,mbbs_p3_final.pdf
2025,3,2826,6931,General,SM,SUC,"SUT Accademy of Medical Sciences, Thiruvananthapuram",MBBS,SM,1,mbbs_p3_final.pdf
2025,3,2827,6932,EZ,EZ,SMC,"Dr. Somervell Memorial CSI Medical College, Karakonam",MBBS,EZ,1,mbbs_p3_final.pdf
2025,3,2828,6933,General,MM,TRM,"Travancore Medical College, Umayanalloor, Kollam",MBBS,MM,22,mbbs_p3_final.pdf
2025,3,2829,6942,General,SM,SUC,"SUT Accademy of Medical Sciences, Thiruvananthapuram",MBBS,SM,1,mbbs_p3_final.pdf
2025,3,2830,6945,General,AC,MMC,"Malankara Orthodox Syrian Church MediCollege, Kolenchery",MBBS,AC,1,mbbs_p3_final.pdf
2025,3,2831,6946,General,AM,PIM,"Palakkad Institute of Medical Sciences, Walayar",MBBS,AM,16,mbbs_p3_final.pdf
2025,3,2832,6949,BH,BH,TVD,"Govt. Dental College, Thiruvananthapuram",BDS,BH,1,mbbs_p3_final.pdf
2025,3,2833,6951,EZ,SM,SUC,"SUT Accademy of Medical Sciences, Thiruvananthapuram",MBBS,SM,1,mbbs_p3_final.pdf
2025,3,2834,6955,General,AM,MZM,"Mount Zion Medical College, Pathanamthitta",MBBS,AM,17,mbbs_p3_final.pdf
2025,3,2835,6956,General,SM,SUC,"SUT Accademy of Medical Sciences, Thiruvananthapuram",MBBS,SM,22,mbbs_p3_final.pdf
2025,3,2836,6958,EZ,EZ,KEM,"Kerala Medical College, Palakkad",MBBS,EZ,1,mbbs_p3_final.pdf
2025,3,2837,6960,MU,MU,MMH,"Malabar Medical College Hospital, Kozhikkode",MBBS,MU,5,mbbs_p3_final.pdf
2025,3,2838,6962,General,SM,KMM,"Karuna Medical College, Vilayodi, Palakkad",MBBS,SM,14,mbbs_p3_final.pdf
2025,3,2839,6964,General,AM,PIM,"Palakkad Institute of Medical Sciences, Walayar",MBBS,AM,17,mbbs_p3_final.pdf
2025,3,2840,6971,MU,MM,KCM,"KMCT Medical College, Mukkom, Kozikkode",MBBS,MM,1,mbbs_p3_final.pdf
2025,3,2841,6973,MU,MM,TRM,"Travancore Medical College, Umayanalloor, Kollam",MBBS,MM,16,mbbs_p3_final.pdf
2025,3,2842,6979,General,AM,AAM,"Al Azhar Medical college, Thodupuzha",MBBS,AM,12,mbbs_p3_final.pdf
2025,3,2843,6981,MU,MM,KCM,"KMCT Medical College, Mukkom, Kozikkode",MBBS,MM,1,mbbs_p3_final.pdf
2025,3,2844,6982,MU,MM,KCM,"KMCT Medical College, Mukkom, Kozikkode",MBBS,MM,1,mbbs_p3_final.pdf
2025,3,2845,6989,EZ,SM,AZC,"Azeezia Institute of Medi Science, Meyyannoor, Kollam",MBBS,SM,2,mbbs_p3_final.pdf
2025,3,2846,6996,MU,MM,KCM,"KMCT Medical College, Mukkom, Kozikkode",MBBS,MM,1,mbbs_p3_final.pdf
2025,3,2847,7000,General,AC,BCM,"Believers Church Medical College Hospital, Thiruvalla",MBBS,AC,1,mbbs_p3_final.pdf
2025,3,2848,7002,General,AM,MZM,"Mount Zion Medical College, Pathanamthitta",MBBS,AM,18,mbbs_p3_final.pdf
2025,3,2849,7003,EZ,EZ,KCM,"KMCT Medical College, Mukkom, Kozikkode",MBBS,EZ,1,mbbs_p3_final.pdf
2025,3,2850,7007,EZ,EZ,MMH,"Malabar Medical College Hospital, Kozhikkode",MBBS,EZ,1,mbbs_p3_final.pdf
2025,3,2851,7008,General,AC,BCM,"Believers Church Medical College Hospital, Thiruvalla",MBBS,AC,1,mbbs_p3_final.pdf
2025,3,2852,7009,General,SM,DMM,"Dr. Moopens Medical College, Meppadi, Wayanad",MBBS,SM,1,mbbs_p3_final.pdf
2025,3,2853,7012,MU,MM,KCM,"KMCT Medical College, Mukkom, Kozikkode",MBBS,MM,16,mbbs_p3_final.pdf
2025,3,2854,7015,General,AC,MMC,"Malankara Orthodox Syrian Church MediCollege, Kolenchery",MBBS,AC,1,mbbs_p3_final.pdf
2025,3,2855,7017,General,AM,AAM,"Al Azhar Medical college, Thodupuzha",MBBS,AM,15,mbbs_p3_final.pdf
2025,3,2856,7022,General,AM,AAM,"Al Azhar Medical college, Thodupuzha",MBBS,AM,16,mbbs_p3_final.pdf
2025,3,2857,7027,MU,MM,KCM,"KMCT Medical College, Mukkom, Kozikkode",MBBS,MM,13,mbbs_p3_final.pdf
2025,3,2858,7034,General,AM,PIM,"Palakkad Institute of Medical Sciences, Walayar",MBBS,AM,20,mbbs_p3_final.pdf
2025,3,2859,7036,General,AM,PIM,"Palakkad Institute of Medical Sciences, Walayar",MBBS,AM,3,mbbs_p3_final.pdf
2025,3,2860,7041,General,AM,AAM,"Al Azhar Medical college, Thodupuzha",MBBS,AM,1,mbbs_p3_final.pdf
2025,3,2861,7042,General,AM,AAM,"Al Azhar Medical college, Thodupuzha",MBBS,AM,18,mbbs_p3_final.pdf
2025,3,2862,7043,EZ,EZ,KEM,"Kerala Medical College, Palakkad",MBBS,EZ,15,mbbs_p3_final.pdf
2025,3,2863,7044,MU,MM,KCM,"KMCT Medical College, Mukkom, Kozikkode",MBBS,MM,16,mbbs_p3_final.pdf
2025,3,2864,7046,General,SM,SUC,"SUT Accademy of Medical Sciences, Thiruvananthapuram",MBBS,SM,16,mbbs_p3_final.pdf
2025,3,2865,7049,EW,EW,KND,"Government Dental College, Kannur",BDS,EW,18,mbbs_p3_final.pdf
2025,3,2866,7053,BH,SM,AZC,"Azeezia Institute of Medi Science, Meyyannoor, Kollam",MBBS,SM,2,mbbs_p3_final.pdf
2025,3,2867,7057,BH,SM,KMM,"Karuna Medical College, Vilayodi, Palakkad",MBBS,SM,25,mbbs_p3_final.pdf
2025,3,2868,7059,General,AC,AMC,"Amala Institute of Medical Sciences, Thrissur",MBBS,AC,4,mbbs_p3_final.pdf
2025,3,2869,7060,General,AC,MMC,"Malankara Orthodox Syrian Church MediCollege, Kolenchery",MBBS,AC,1,mbbs_p3_final.pdf
2025,3,2870,7061,General,SM,KDM,"P K Das Institute of Medical Sciences, Ottapalam",MBBS,SM,1,mbbs_p3_final.pdf
2025,3,2871,7065,General,SM,SIM,"Sree Narayana Institute of Medical Sciences, Chalakka, Ernakulam.",MBBS,SM,1,mbbs_p3_final.pdf
2025,3,2872,7067,SC,SC,TVM,"Govt. Medical College, Thiruvananthapuram",MBBS,SC,1,mbbs_p3_final.pdf
2025,3,2873,7070,EZ,EZ,SMC,"Dr. Somervell Memorial CSI Medical College, Karakonam",MBBS,EZ,21,mbbs_p3_final.pdf
2025,3,2874,7076,MU,MM,TRM,"Travancore Medical College, Umayanalloor, Kollam",MBBS,MM,1,mbbs_p3_final.pdf
2025,3,2875,7078,General,AM,PIM,"Palakkad Institute of Medical Sciences, Walayar",MBBS,AM,17,mbbs_p3_final.pdf
2025,3,2876,7079,General,AC,BCM,"Believers Church Medical College Hospital, Thiruvalla",MBBS,AC,1,mbbs_p3_final.pdf
2025,3,2877,7083,EZ,EZ,MMH,"Malabar Medical College Hospital, Kozhikkode",MBBS,EZ,14,mbbs_p3_final.pdf
2025,3,2878,7086,LA,LA,GMC,"Sree Gokulam Medical College, Venjaramoodu, TVPM",MBBS,LA,9,mbbs_p3_final.pdf
2025,3,2879,7089,General,AM,AAM,"Al Azhar Medical college, Thodupuzha",MBBS,AM,1,mbbs_p3_final.pdf
2025,3,2880,7092,EZ,SM,SIM,"Sree Narayana Institute of Medical Sciences, Chalakka, Ernakulam.",MBBS,SM,17,mbbs_p3_final.pdf
2025,3,2881,7094,General,SM,SUC,"SUT Accademy of Medical Sciences, Thiruvananthapuram",MBBS,SM,25,mbbs_p3_final.pdf
2025,3,2882,7096,General,AC,BCM,"Believers Church Medical College Hospital, Thiruvalla",MBBS,AC,1,mbbs_p3_final.pdf
2025,3,2883,7098,EW,EW,KND,"Government Dental College, Kannur",BDS,EW,18,mbbs_p3_final.pdf
2025,3,2884,7099,MU,MM,TRM,"Travancore Medical College, Umayanalloor, Kollam",MBBS,MM,18,mbbs_p3_final.pdf
2025,3,2885,7100,General,AM,AAM,"Al Azhar Medical college, Thodupuzha",MBBS,AM,18,mbbs_p3_final.pdf
2025,3,2886,7101,General,AM,AAM,"Al Azhar Medical college, Thodupuzha",MBBS,AM,18,mbbs_p3_final.pdf
2025,3,2887,7102,SC,SC,TCM,"Govt. Medical College, Thrissur",MBBS,SC,1,mbbs_p3_final.pdf
2025,3,2888,7104,BX,BX,MMH,"Malabar Medical College Hospital, Kozhikkode",MBBS,BX,15,mbbs_p3_final.pdf
2025,3,2889,7107,General,AM,AAM,"Al Azhar Medical college, Thodupuzha",MBBS,AM,2,mbbs_p3_final.pdf
2025,3,2890,7113,General,SM,DMM,"Dr. Moopens Medical College, Meppadi, Wayanad",MBBS,SM,1,mbbs_p3_final.pdf
2025,3,2891,7118,VK,SM,SUC,"SUT Accademy of Medical Sciences, Thiruvananthapuram",MBBS,SM,15,mbbs_p3_final.pdf
2025,3,2892,7124,VK,SM,SUC,"SUT Accademy of Medical Sciences, Thiruvananthapuram",MBBS,SM,15,mbbs_p3_final.pdf
2025,3,2893,7130,EZ,SM,SUC,"SUT Accademy of Medical Sciences, Thiruvananthapuram",MBBS,SM,1,mbbs_p3_final.pdf
2025,3,2894,7132,SC,SC,KTM,"Govt. Medical College, Kottayam",MBBS,SC,1,mbbs_p3_final.pdf
2025,3,2895,7135,General,SM,KDM,"P K Das Institute of Medical Sciences, Ottapalam",MBBS,SM,2,mbbs_p3_final.pdf
2025,3,2896,7138,MU,MM,KCM,"KMCT Medical College, Mukkom, Kozikkode",MBBS,MM,1,mbbs_p3_final.pdf
2025,3,2897,7143,General,AM,AAM,"Al Azhar Medical college, Thodupuzha",MBBS,AM,1,mbbs_p3_final.pdf
2025,3,2898,7144,MU,MM,KCM,"KMCT Medical College, Mukkom, Kozikkode",MBBS,MM,16,mbbs_p3_final.pdf
2025,3,2899,7150,General,AM,AAM,"Al Azhar Medical college, Thodupuzha",MBBS,AM,18,mbbs_p3_final.pdf
2025,3,2900,7159,MU,SM,KMD,"KMCT Dental College, Mambatta, Mukkam, Kozhikode",BDS,SM,18,mbbs_p3_final.pdf
2025,3,2901,7164,MU,MM,KCM,"KMCT Medical College, Mukkom, Kozikkode",MBBS,MM,1,mbbs_p3_final.pdf
2025,3,2902,7184,MU,MM,KCM,"KMCT Medical College, Mukkom, Kozikkode",MBBS,MM,15,mbbs_p3_final.pdf
2025,3,2903,7185,BH,SM,SUC,"SUT Accademy of Medical Sciences, Thiruvananthapuram",MBBS,SM,4,mbbs_p3_final.pdf
2025,3,2904,7187,General,SM,DMM,"Dr. Moopens Medical College, Meppadi, Wayanad",MBBS,SM,1,mbbs_p3_final.pdf
2025,3,2905,7188,KU,KU,KKM,"Govt. Medical College, Kozhikkode",MBBS,KU,1,mbbs_p3_final.pdf
2025,3,2906,7192,General,SM,KDM,"P K Das Institute of Medical Sciences, Ottapalam",MBBS,SM,17,mbbs_p3_final.pdf
2025,3,2907,7193,MU,MM,KCM,"KMCT Medical College, Mukkom, Kozikkode",MBBS,MM,18,mbbs_p3_final.pdf
2025,3,2908,7195,General,SM,KDM,"P K Das Institute of Medical Sciences, Ottapalam",MBBS,SM,16,mbbs_p3_final.pdf
2025,3,2909,7210,General,PD,TVM,"Govt. Medical College, Thiruvananthapuram",MBBS,PD,1,mbbs_p3_final.pdf
2025,3,2910,7213,EW,DA,KKM,"Govt. Medical College, Kozhikkode",MBBS,DA,1,mbbs_p3_final.pdf
2025,3,2911,7215,LA,DA,KTM,"Govt. Medical College, Kottayam",MBBS,DA,1,mbbs_p3_final.pdf
2025,3,2912,7219,General,SM,DMM,"Dr. Moopens Medical College, Meppadi, Wayanad",MBBS,SM,1,mbbs_p3_final.pdf
2025,3,2913,7221,General,SM,SUC,"SUT Accademy of Medical Sciences, Thiruvananthapuram",MBBS,SM,22,mbbs_p3_final.pdf
2025,3,2914,7222,EZ,EZ,MMH,"Malabar Medical College Hospital, Kozhikkode",MBBS,EZ,22,mbbs_p3_final.pdf
2025,3,2915,7224,EZ,SM,SUC,"SUT Accademy of Medical Sciences, Thiruvananthapuram",MBBS,SM,1,mbbs_p3_final.pdf
2025,3,2916,7227,EZ,EZ,MMH,"Malabar Medical College Hospital, Kozhikkode",MBBS,EZ,1,mbbs_p3_final.pdf
2025,3,2917,7235,MU,MM,TRM,"Travancore Medical College, Umayanalloor, Kollam",MBBS,MM,16,mbbs_p3_final.pdf
2025,3,2918,7247,BX,BX,TRM,"Travancore Medical College, Umayanalloor, Kollam",MBBS,BX,13,mbbs_p3_final.pdf
2025,3,2919,7252,MU,MM,TRM,"Travancore Medical College, Umayanalloor, Kollam",MBBS,MM,18,mbbs_p3_final.pdf
2025,3,2920,7255,MU,MM,KCM,"KMCT Medical College, Mukkom, Kozikkode",MBBS,MM,1,mbbs_p3_final.pdf
2025,3,2921,7256,MU,MM,KCM,"KMCT Medical College, Mukkom, Kozikkode",MBBS,MM,16,mbbs_p3_final.pdf
2025,3,2922,7259,VK,VK,MMH,"Malabar Medical College Hospital, Kozhikkode",MBBS,VK,1,mbbs_p3_final.pdf
2025,3,2923,7262,EZ,SM,SIM,"Sree Narayana Institute of Medical Sciences, Chalakka, Ernakulam.",MBBS,SM,20,mbbs_p3_final.pdf
2025,3,2924,7267,EZ,EZ,MMH,"Malabar Medical College Hospital, Kozhikkode",MBBS,EZ,1,mbbs_p3_final.pdf
2025,3,2925,7273,General,DA,KKM,"Govt. Medical College, Kozhikkode",MBBS,DA,1,mbbs_p3_final.pdf
2025,3,2926,7274,General,AC,BCM,"Believers Church Medical College Hospital, Thiruvalla",MBBS,AC,1,mbbs_p3_final.pdf
2025,3,2927,7280,MU,SM,SIM,"Sree Narayana Institute of Medical Sciences, Chalakka, Ernakulam.",MBBS,SM,15,mbbs_p3_final.pdf
2025,3,2928,7283,MU,MM,KEM,"Kerala Medical College, Palakkad",MBBS,MM,16,mbbs_p3_final.pdf
2025,3,2929,7284,MU,MM,KCM,"KMCT Medical College, Mukkom, Kozikkode",MBBS,MM,19,mbbs_p3_final.pdf
2025,3,2930,7285,General,AC,MMC,"Malankara Orthodox Syrian Church MediCollege, Kolenchery",MBBS,AC,1,mbbs_p3_final.pdf
2025,3,2931,7291,EW,EW,GMC,"Sree Gokulam Medical College, Venjaramoodu, TVPM",MBBS,EW,15,mbbs_p3_final.pdf
2025,3,2932,7297,MU,MM,KEM,"Kerala Medical College, Palakkad",MBBS,MM,15,mbbs_p3_final.pdf
2025,3,2933,7302,MU,MM,TRM,"Travancore Medical College, Umayanalloor, Kollam",MBBS,MM,1,mbbs_p3_final.pdf
2025,3,2934,7305,MU,MM,KCM,"KMCT Medical College, Mukkom, Kozikkode",MBBS,MM,1,mbbs_p3_final.pdf
2025,3,2935,7306,General,MM,KCM,"KMCT Medical College, Mukkom, Kozikkode",MBBS,MM,1,mbbs_p3_final.pdf
2025,3,2936,7307,DV,DV,EMC,"MES Medical College, Perinthalmanna, Malappuram",MBBS,DV,14,mbbs_p3_final.pdf
2025,3,2937,7308,LA,LA,TRM,"Travancore Medical College, Umayanalloor, Kollam",MBBS,LA,3,mbbs_p3_final.pdf
2025,3,2938,7311,MU,SM,SIM,"Sree Narayana Institute of Medical Sciences, Chalakka, Ernakulam.",MBBS,SM,20,mbbs_p3_final.pdf
2025,3,2939,7321,General,AC,BCM,"Believers Church Medical College Hospital, Thiruvalla",MBBS,AC,1,mbbs_p3_final.pdf
2025,3,2940,7327,General,SM,PMD,"Pushpagiri College of Dental Science, Thiruvalla",BDS,SM,21,mbbs_p3_final.pdf
2025,3,2941,7329,SC,SC,KTM,"Govt. Medical College, Kottayam",MBBS,SC,1,mbbs_p3_final.pdf
2025,3,2942,7330,MU,MM,KEM,"Kerala Medical College, Palakkad",MBBS,MM,16,mbbs_p3_final.pdf
2025,3,2943,7335,MU,MU,MMH,"Malabar Medical College Hospital, Kozhikkode",MBBS,MU,1,mbbs_p3_final.pdf
2025,3,2944,7338,EZ,SM,KDM,"P K Das Institute of Medical Sciences, Ottapalam",MBBS,SM,1,mbbs_p3_final.pdf
2025,3,2945,7344,EZ,SM,SUC,"SUT Accademy of Medical Sciences, Thiruvananthapuram",MBBS,SM,15,mbbs_p3_final.pdf
2025,3,2946,7348,EW,FL-EW,KND,"Government Dental College, Kannur",BDS,FL-EW,20,mbbs_p3_final.pdf
2025,3,2947,7350,EZ,SM,SIM,"Sree Narayana Institute of Medical Sciences, Chalakka, Ernakulam.",MBBS,SM,22,mbbs_p3_final.pdf
2025,3,2948,7352,General,SM,KDM,"P K Das Institute of Medical Sciences, Ottapalam",MBBS,SM,22,mbbs_p3_final.pdf
2025,3,2949,7353,MU,MM,KCM,"KMCT Medical College, Mukkom, Kozikkode",MBBS,MM,2,mbbs_p3_final.pdf
2025,3,2950,7357,MU,SM,SUC,"SUT Accademy of Medical Sciences, Thiruvananthapuram",MBBS,SM,15,mbbs_p3_final.pdf
2025,3,2951,7360,MU,MU,MMH,"Malabar Medical College Hospital, Kozhikkode",MBBS,MU,19,mbbs_p3_final.pdf
2025,3,2952,7365,General,AC,PMC,"Pushpagiri Institute of Medical Science, Thiruvalla",MBBS,AC,11,mbbs_p3_final.pdf
2025,3,2953,7372,MU,MM,TRM,"Travancore Medical College, Umayanalloor, Kollam",MBBS,MM,15,mbbs_p3_final.pdf
2025,3,2954,7376,General,SM,SIM,"Sree Narayana Institute of Medical Sciences, Chalakka, Ernakulam.",MBBS,SM,10,mbbs_p3_final.pdf
2025,3,2955,7382,General,SM,SUC,"SUT Accademy of Medical Sciences, Thiruvananthapuram",MBBS,SM,32,mbbs_p3_final.pdf
2025,3,2956,7383,General,SM,SUC,"SUT Accademy of Medical Sciences, Thiruvananthapuram",MBBS,SM,23,mbbs_p3_final.pdf
2025,3,2957,7384,General,AC,MMC,"Malankara Orthodox Syrian Church MediCollege, Kolenchery",MBBS,AC,20,mbbs_p3_final.pdf
2025,3,2958,7393,General,AC,BCM,"Believers Church Medical College Hospital, Thiruvalla",MBBS,AC,1,mbbs_p3_final.pdf
2025,3,2959,7394,MU,SM,MLD,"Malabar Dental College, Edappal",BDS,SM,21,mbbs_p3_final.pdf
2025,3,2960,7396,MU,MM,KCM,"KMCT Medical College, Mukkom, Kozikkode",MBBS,MM,1,mbbs_p3_final.pdf
2025,3,2961,7399,VK,SM,SIM,"Sree Narayana Institute of Medical Sciences, Chalakka, Ernakulam.",MBBS,SM,16,mbbs_p3_final.pdf
2025,3,2962,7404,General,AC,BCM,"Believers Church Medical College Hospital, Thiruvalla",MBBS,AC,1,mbbs_p3_final.pdf
2025,3,2963,7419,General,SM,SUC,"SUT Accademy of Medical Sciences, Thiruvananthapuram",MBBS,SM,20,mbbs_p3_final.pdf
2025,3,2964,7435,General,SM,DMM,"Dr. Moopens Medical College, Meppadi, Wayanad",MBBS,SM,18,mbbs_p3_final.pdf
2025,3,2965,7437,MU,MM,KCM,"KMCT Medical College, Mukkom, Kozikkode",MBBS,MM,13,mbbs_p3_final.pdf
2025,3,2966,7439,DV,DV,MMH,"Malabar Medical College Hospital, Kozhikkode",MBBS,DV,1,mbbs_p3_final.pdf
2025,3,2967,7445,MU,MM,TRM,"Travancore Medical College, Umayanalloor, Kollam",MBBS,MM,21,mbbs_p3_final.pdf
2025,3,2968,7446,MU,SM,SUC,"SUT Accademy of Medical Sciences, Thiruvananthapuram",MBBS,SM,1,mbbs_p3_final.pdf
2025,3,2969,7448,MU,MM,KCM,"KMCT Medical College, Mukkom, Kozikkode",MBBS,MM,16,mbbs_p3_final.pdf
2025,3,2970,7449,EZ,SM,SUC,"SUT Accademy of Medical Sciences, Thiruvananthapuram",MBBS,SM,1,mbbs_p3_final.pdf
2025,3,2971,7450,DV,DV,KSM,"Govt. Medical College, Kasaragod",MBBS,DV,12,mbbs_p3_final.pdf
2025,3,2972,7455,MU,SM,KMM,"Karuna Medical College, Vilayodi, Palakkad",MBBS,SM,1,mbbs_p3_final.pdf
2025,3,2973,7458,MU,MM,KEM,"Kerala Medical College, Palakkad",MBBS,MM,4,mbbs_p3_final.pdf
2025,3,2974,7459,General,AC,BCM,"Believers Church Medical College Hospital, Thiruvalla",MBBS,AC,19,mbbs_p3_final.pdf
2025,3,2975,7460,MU,MM,KCM,"KMCT Medical College, Mukkom, Kozikkode",MBBS,MM,15,mbbs_p3_final.pdf
2025,3,2976,7462,EZ,SM,SUC,"SUT Accademy of Medical Sciences, Thiruvananthapuram",MBBS,SM,1,mbbs_p3_final.pdf
2025,3,2977,7465,DV,DV,TRM,"Travancore Medical College, Umayanalloor, Kollam",MBBS,DV,11,mbbs_p3_final.pdf
2025,3,2978,7466,EZ,EZ,SMC,"Dr. Somervell Memorial CSI Medical College, Karakonam",MBBS,EZ,17,mbbs_p3_final.pdf
2025,3,2979,7471,MU,MM,TRM,"Travancore Medical College, Umayanalloor, Kollam",MBBS,MM,20,mbbs_p3_final.pdf
2025,3,2980,7476,SC,SC,KTM,"Govt. Medical College, Kottayam",MBBS,SC,1,mbbs_p3_final.pdf
2025,3,2981,7478,MU,MM,KCM,"KMCT Medical College, Mukkom, Kozikkode",MBBS,MM,1,mbbs_p3_final.pdf
2025,3,2982,7479,BH,SM,SUC,"SUT Accademy of Medical Sciences, Thiruvananthapuram",MBBS,SM,17,mbbs_p3_final.pdf
2025,3,2983,7486,MU,MU,MMH,"Malabar Medical College Hospital, Kozhikkode",MBBS,MU,17,mbbs_p3_final.pdf
2025,3,2984,7487,MU,MM,KCM,"KMCT Medical College, Mukkom, Kozikkode",MBBS,MM,7,mbbs_p3_final.pdf
2025,3,2985,7489,EZ,EZ,MMH,"Malabar Medical College Hospital, Kozhikkode",MBBS,EZ,15,mbbs_p3_final.pdf
2025,3,2986,7490,MU,SM,DMM,"Dr. Moopens Medical College, Meppadi, Wayanad",MBBS,SM,1,mbbs_p3_final.pdf
2025,3,2987,7493,EZ,SM,SUC,"SUT Accademy of Medical Sciences, Thiruvananthapuram",MBBS,SM,15,mbbs_p3_final.pdf
2025,3,2988,7496,LA,LA,EMC,"MES Medical College, Perinthalmanna, Malappuram",MBBS,LA,6,mbbs_p3_final.pdf
2025,3,2989,7498,BH,SM,SUC,"SUT Accademy of Medical Sciences, Thiruvananthapuram",MBBS,SM,15,mbbs_p3_final.pdf
2025,3,2990,7500,MU,MU,MMH,"Malabar Medical College Hospital, Kozhikkode",MBBS,MU,3,mbbs_p3_final.pdf
2025,3,2991,7503,General,AC,MMC,"Malankara Orthodox Syrian Church MediCollege, Kolenchery",MBBS,AC,18,mbbs_p3_final.pdf
2025,3,2992,7507,MU,MM,TRM,"Travancore Medical College, Umayanalloor, Kollam",MBBS,MM,1,mbbs_p3_final.pdf
2025,3,2993,7509,MU,MM,KCM,"KMCT Medical College, Mukkom, Kozikkode",MBBS,MM,16,mbbs_p3_final.pdf
2025,3,2994,7514,MU,MM,KCM,"KMCT Medical College, Mukkom, Kozikkode",MBBS,MM,1,mbbs_p3_final.pdf
2025,3,2995,7518,EZ,SM,SUC,"SUT Accademy of Medical Sciences, Thiruvananthapuram",MBBS,SM,1,mbbs_p3_final.pdf
2025,3,2996,7521,MU,SM,KMD,"KMCT Dental College, Mambatta, Mukkam, Kozhikode",BDS,SM,21,mbbs_p3_final.pdf
2025,3,2997,7522,MU,PD,KKM,"Govt. Medical College, Kozhikkode",MBBS,PD,1,mbbs_p3_final.pdf
2025,3,2998,7528,EZ,SM,SUC,"SUT Accademy of Medical Sciences, Thiruvananthapuram",MBBS,SM,2,mbbs_p3_final.pdf
2025,3,2999,7530,General,AC,BCM,"Believers Church Medical College Hospital, Thiruvalla",MBBS,AC,1,mbbs_p3_final.pdf
2025,3,3000,7537,General,SM,DMM,"Dr. Moopens Medical College, Meppadi, Wayanad",MBBS,SM,18,mbbs_p3_final.pdf
2025,3,3001,7540,General,SM,KDM,"P K Das Institute of Medical Sciences, Ottapalam",MBBS,SM,1,mbbs_p3_final.pdf
2025,3,3002,7541,MU,SM,KMD,"KMCT Dental College, Mambatta, Mukkam, Kozhikode",BDS,SM,21,mbbs_p3_final.pdf
2025,3,3003,7542,BH,SM,DMM,"Dr. Moopens Medical College, Meppadi, Wayanad",MBBS,SM,1,mbbs_p3_final.pdf
2025,3,3004,7543,MU,MM,KCM,"KMCT Medical College, Mukkom, Kozikkode",MBBS,MM,17,mbbs_p3_final.pdf
2025,3,3005,7546,BH,SM,SUC,"SUT Accademy of Medical Sciences, Thiruvananthapuram",MBBS,SM,25,mbbs_p3_final.pdf
2025,3,3006,7547,DV,DV,SMC,"Dr. Somervell Memorial CSI Medical College, Karakonam",MBBS,DV,18,mbbs_p3_final.pdf
2025,3,3007,7556,General,AC,BCM,"Believers Church Medical College Hospital, Thiruvalla",MBBS,AC,20,mbbs_p3_final.pdf
2025,3,3008,7558,General,SM,SIM,"Sree Narayana Institute of Medical Sciences, Chalakka, Ernakulam.",MBBS,SM,1,mbbs_p3_final.pdf
2025,3,3009,7564,General,SM,SIM,"Sree Narayana Institute of Medical Sciences, Chalakka, Ernakulam.",MBBS,SM,1,mbbs_p3_final.pdf
2025,3,3010,7568,General,AC,MMC,"Malankara Orthodox Syrian Church MediCollege, Kolenchery",MBBS,AC,10,mbbs_p3_final.pdf
2025,3,3011,7570,General,AC,MMC,"Malankara Orthodox Syrian Church MediCollege, Kolenchery",MBBS,AC,18,mbbs_p3_final.pdf
2025,3,3012,7575,General,SM,SUC,"SUT Accademy of Medical Sciences, Thiruvananthapuram",MBBS,SM,3,mbbs_p3_final.pdf
2025,3,3013,7576,BH,SM,SIM,"Sree Narayana Institute of Medical Sciences, Chalakka, Ernakulam.",MBBS,SM,16,mbbs_p3_final.pdf
2025,3,3014,7578,BX,SM,SIM,"Sree Narayana Institute of Medical Sciences, Chalakka, Ernakulam.",MBBS,SM,18,mbbs_p3_final.pdf
2025,3,3015,7582,General,AC,MMC,"Malankara Orthodox Syrian Church MediCollege, Kolenchery",MBBS,AC,19,mbbs_p3_final.pdf
2025,3,3016,7583,MU,SM,KMM,"Karuna Medical College, Vilayodi, Palakkad",MBBS,SM,17,mbbs_p3_final.pdf
2025,3,3017,7587,MU,MM,KCM,"KMCT Medical College, Mukkom, Kozikkode",MBBS,MM,1,mbbs_p3_final.pdf
2025,3,3018,7589,DV,DV,GMC,"Sree Gokulam Medical College, Venjaramoodu, TVPM",MBBS,DV,1,mbbs_p3_final.pdf
2025,3,3019,7590,General,SM,MZM,"Mount Zion Medical College, Pathanamthitta",MBBS,SM,20,mbbs_p3_final.pdf
2025,3,3020,7592,MU,MM,KCM,"KMCT Medical College, Mukkom, Kozikkode",MBBS,MM,14,mbbs_p3_final.pdf
2025,3,3021,7595,LA,AC,PMC,"Pushpagiri Institute of Medical Science, Thiruvalla",MBBS,AC,15,mbbs_p3_final.pdf
2025,3,3022,7596,MU,MM,KCM,"KMCT Medical College, Mukkom, Kozikkode",MBBS,MM,1,mbbs_p3_final.pdf
2025,3,3023,7597,EZ,SM,SUC,"SUT Accademy of Medical Sciences, Thiruvananthapuram",MBBS,SM,9,mbbs_p3_final.pdf
2025,3,3024,7600,BH,SM,DMM,"Dr. Moopens Medical College, Meppadi, Wayanad",MBBS,SM,6,mbbs_p3_final.pdf
2025,3,3025,7622,MU,PD,KKM,"Govt. Medical College, Kozhikkode",MBBS,PD,1,mbbs_p3_final.pdf
2025,3,3026,7623,LA,LA,KEM,"Kerala Medical College, Palakkad",MBBS,LA,16,mbbs_p3_final.pdf
2025,3,3027,7634,MU,MM,KCM,"KMCT Medical College, Mukkom, Kozikkode",MBBS,MM,1,mbbs_p3_final.pdf
2025,3,3028,7639,MU,MM,KCM,"KMCT Medical College, Mukkom, Kozikkode",MBBS,MM,12,mbbs_p3_final.pdf
2025,3,3029,7640,General,SM,SIM,"Sree Narayana Institute of Medical Sciences, Chalakka, Ernakulam.",MBBS,SM,10,mbbs_p3_final.pdf
2025,3,3030,7642,General,AC,MMC,"Malankara Orthodox Syrian Church MediCollege, Kolenchery",MBBS,AC,20,mbbs_p3_final.pdf
2025,3,3031,7644,BH,SM,KDM,"P K Das Institute of Medical Sciences, Ottapalam",MBBS,SM,23,mbbs_p3_final.pdf
2025,3,3032,7655,MU,MM,TRM,"Travancore Medical College, Umayanalloor, Kollam",MBBS,MM,1,mbbs_p3_final.pdf
2025,3,3033,7662,General,AC,MMC,"Malankara Orthodox Syrian Church MediCollege, Kolenchery",MBBS,AC,1,mbbs_p3_final.pdf
2025,3,3034,7665,MU,MM,KCM,"KMCT Medical College, Mukkom, Kozikkode",MBBS,MM,19,mbbs_p3_final.pdf
2025,3,3035,7666,General,AC,BCM,"Believers Church Medical College Hospital, Thiruvalla",MBBS,AC,1,mbbs_p3_final.pdf
2025,3,3036,7667,VK,VK,KCM,"KMCT Medical College, Mukkom, Kozikkode",MBBS,VK,1,mbbs_p3_final.pdf
2025,3,3037,7672,MU,MM,KCM,"KMCT Medical College, Mukkom, Kozikkode",MBBS,MM,18,mbbs_p3_final.pdf
2025,3,3038,7673,BH,SM,SIM,"Sree Narayana Institute of Medical Sciences, Chalakka, Ernakulam.",MBBS,SM,20,mbbs_p3_final.pdf
2025,3,3039,7677,MU,MM,KCM,"KMCT Medical College, Mukkom, Kozikkode",MBBS,MM,18,mbbs_p3_final.pdf
2025,3,3040,7680,General,AC,MMC,"Malankara Orthodox Syrian Church MediCollege, Kolenchery",MBBS,AC,16,mbbs_p3_final.pdf
2025,3,3041,7681,General,AC,MMC,"Malankara Orthodox Syrian Church MediCollege, Kolenchery",MBBS,AC,19,mbbs_p3_final.pdf
2025,3,3042,7683,DV,DV,MMH,"Malabar Medical College Hospital, Kozhikkode",MBBS,DV,1,mbbs_p3_final.pdf
2025,3,3043,7686,BX,AC,SMC,"Dr. Somervell Memorial CSI Medical College, Karakonam",MBBS,AC,15,mbbs_p3_final.pdf
2025,3,3044,7691,General,AC,MMC,"Malankara Orthodox Syrian Church MediCollege, Kolenchery",MBBS,AC,1,mbbs_p3_final.pdf
2025,3,3045,7692,MU,SM,KMM,"Karuna Medical College, Vilayodi, Palakkad",MBBS,SM,21,mbbs_p3_final.pdf
2025,3,3046,7694,General,AC,MMC,"Malankara Orthodox Syrian Church MediCollege, Kolenchery",MBBS,AC,1,mbbs_p3_final.pdf
2025,3,3047,7701,EW,FL-EW,KND,"Government Dental College, Kannur",BDS,FL-EW,5,mbbs_p3_final.pdf
2025,3,3048,7707,EZ,EZ,MMH,"Malabar Medical College Hospital, Kozhikkode",MBBS,EZ,16,mbbs_p3_final.pdf
2025,3,3049,7708,LA,LA,KCM,"KMCT Medical College, Mukkom, Kozikkode",MBBS,LA,1,mbbs_p3_final.pdf
2025,3,3050,7713,BH,SM,SIM,"Sree Narayana Institute of Medical Sciences, Chalakka, Ernakulam.",MBBS,SM,1,mbbs_p3_final.pdf
2025,3,3051,7722,EZ,SM,DMM,"Dr. Moopens Medical College, Meppadi, Wayanad",MBBS,SM,15,mbbs_p3_final.pdf
2025,3,3052,7724,EZ,EZ,KCM,"KMCT Medical College, Mukkom, Kozikkode",MBBS,EZ,1,mbbs_p3_final.pdf
2025,3,3053,7730,DV,SM,SIM,"Sree Narayana Institute of Medical Sciences, Chalakka, Ernakulam.",MBBS,SM,1,mbbs_p3_final.pdf
2025,3,3054,7739,MU,MM,KEM,"Kerala Medical College, Palakkad",MBBS,MM,8,mbbs_p3_final.pdf
2025,3,3055,7741,MU,MM,TRM,"Travancore Medical College, Umayanalloor, Kollam",MBBS,MM,18,mbbs_p3_final.pdf
2025,3,3056,7744,General,AC,MMC,"Malankara Orthodox Syrian Church MediCollege, Kolenchery",MBBS,AC,1,mbbs_p3_final.pdf
2025,3,3057,7747,General,SM,SIM,"Sree Narayana Institute of Medical Sciences, Chalakka, Ernakulam.",MBBS,SM,1,mbbs_p3_final.pdf
2025,3,3058,7750,EW,EW,SUC,"SUT Accademy of Medical Sciences, Thiruvananthapuram",MBBS,EW,1,mbbs_p3_final.pdf
2025,3,3059,7754,EZ,EZ,SUC,"SUT Accademy of Medical Sciences, Thiruvananthapuram",MBBS,EZ,17,mbbs_p3_final.pdf
2025,3,3060,7755,SC,SC,TCM,"Govt. Medical College, Thrissur",MBBS,SC,2,mbbs_p3_final.pdf
2025,3,3061,7757,General,SM,KDM,"P K Das Institute of Medical Sciences, Ottapalam",MBBS,SM,19,mbbs_p3_final.pdf
2025,3,3062,7770,EZ,SM,DMM,"Dr. Moopens Medical College, Meppadi, Wayanad",MBBS,SM,18,mbbs_p3_final.pdf
2025,3,3063,7778,MU,MM,KEM,"Kerala Medical College, Palakkad",MBBS,MM,4,mbbs_p3_final.pdf
2025,3,3064,7782,General,SM,SIM,"Sree Narayana Institute of Medical Sciences, Chalakka, Ernakulam.",MBBS,SM,17,mbbs_p3_final.pdf
2025,3,3065,7785,General,AC,PMC,"Pushpagiri Institute of Medical Science, Thiruvalla",MBBS,AC,11,mbbs_p3_final.pdf
2025,3,3066,7794,General,AC,MMC,"Malankara Orthodox Syrian Church MediCollege, Kolenchery",MBBS,AC,1,mbbs_p3_final.pdf
2025,3,3067,7798,MU,SM,MBD,"Mar Baselious Dental College, Kothamangalam",BDS,SM,26,mbbs_p3_final.pdf
2025,3,3068,7799,BH,BH,ALD,"Government Dental College, Alappuzha",BDS,BH,1,mbbs_p3_final.pdf
2025,3,3069,7807,MU,MM,KCM,"KMCT Medical College, Mukkom, Kozikkode",MBBS,MM,23,mbbs_p3_final.pdf
2025,3,3070,7808,EZ,SM,KDM,"P K Das Institute of Medical Sciences, Ottapalam",MBBS,SM,1,mbbs_p3_final.pdf
2025,3,3071,7815,MU,SM,KMM,"Karuna Medical College, Vilayodi, Palakkad",MBBS,SM,17,mbbs_p3_final.pdf
2025,3,3072,7817,KN,KN,ALP,"T D Govt. Medical College, Alappuzha",MBBS,KN,1,mbbs_p3_final.pdf
2025,3,3073,7818,MU,SM,KDM,"P K Das Institute of Medical Sciences, Ottapalam",MBBS,SM,1,mbbs_p3_final.pdf
2025,3,3074,7819,MU,MM,KCM,"KMCT Medical College, Mukkom, Kozikkode",MBBS,MM,4,mbbs_p3_final.pdf
2025,3,3075,7824,EZ,EZ,MMH,"Malabar Medical College Hospital, Kozhikkode",MBBS,EZ,22,mbbs_p3_final.pdf
2025,3,3076,7826,SC,SC,TCM,"Govt. Medical College, Thrissur",MBBS,SC,1,mbbs_p3_final.pdf
2025,3,3077,7827,General,SM,DMM,"Dr. Moopens Medical College, Meppadi, Wayanad",MBBS,SM,1,mbbs_p3_final.pdf
2025,3,3078,7828,DV,DV,SUC,"SUT Accademy of Medical Sciences, Thiruvananthapuram",MBBS,DV,9,mbbs_p3_final.pdf
2025,3,3079,7830,General,AC,MMC,"Malankara Orthodox Syrian Church MediCollege, Kolenchery",MBBS,AC,15,mbbs_p3_final.pdf
2025,3,3080,7831,General,AC,PMC,"Pushpagiri Institute of Medical Science, Thiruvalla",MBBS,AC,16,mbbs_p3_final.pdf
2025,3,3081,7836,General,AC,MMC,"Malankara Orthodox Syrian Church MediCollege, Kolenchery",MBBS,AC,20,mbbs_p3_final.pdf
2025,3,3082,7840,General,DA,TCM,"Govt. Medical College, Thrissur",MBBS,DA,1,mbbs_p3_final.pdf
2025,3,3083,7844,EZ,SM,KMM,"Karuna Medical College, Vilayodi, Palakkad",MBBS,SM,6,mbbs_p3_final.pdf
2025,3,3084,7848,General,SM,SIM,"Sree Narayana Institute of Medical Sciences, Chalakka, Ernakulam.",MBBS,SM,1,mbbs_p3_final.pdf
2025,3,3085,7849,SC,SC,ALP,"T D Govt. Medical College, Alappuzha",MBBS,SC,1,mbbs_p3_final.pdf
2025,3,3086,7852,BH,SM,SIM,"Sree Narayana Institute of Medical Sciences, Chalakka, Ernakulam.",MBBS,SM,21,mbbs_p3_final.pdf
2025,3,3087,7853,EW,AC,PMC,"Pushpagiri Institute of Medical Science, Thiruvalla",MBBS,AC,1,mbbs_p3_final.pdf
2025,3,3088,7856,MU,SM,DMM,"Dr. Moopens Medical College, Meppadi, Wayanad",MBBS,SM,15,mbbs_p3_final.pdf
2025,3,3089,7860,General,MM,KCM,"KMCT Medical College, Mukkom, Kozikkode",MBBS,MM,19,mbbs_p3_final.pdf
2025,3,3090,7862,General,AC,PMC,"Pushpagiri Institute of Medical Science, Thiruvalla",MBBS,AC,1,mbbs_p3_final.pdf
2025,3,3091,7874,EZ,EZ,KCM,"KMCT Medical College, Mukkom, Kozikkode",MBBS,EZ,16,mbbs_p3_final.pdf
2025,3,3092,7882,SC,SC,TCM,"Govt. Medical College, Thrissur",MBBS,SC,1,mbbs_p3_final.pdf
2025,3,3093,7884,MU,SM,KMM,"Karuna Medical College, Vilayodi, Palakkad",MBBS,SM,1,mbbs_p3_final.pdf
2025,3,3094,7886,General,AC,PMC,"Pushpagiri Institute of Medical Science, Thiruvalla",MBBS,AC,20,mbbs_p3_final.pdf
2025,3,3095,7894,General,SM,KDM,"P K Das Institute of Medical Sciences, Ottapalam",MBBS,SM,23,mbbs_p3_final.pdf
2025,3,3096,7897,General,MM,TRM,"Travancore Medical College, Umayanalloor, Kollam",MBBS,MM,19,mbbs_p3_final.pdf
2025,3,3097,7898,General,AC,BCM,"Believers Church Medical College Hospital, Thiruvalla",MBBS,AC,1,mbbs_p3_final.pdf
2025,3,3098,7904,EZ,SM,DMM,"Dr. Moopens Medical College, Meppadi, Wayanad",MBBS,SM,1,mbbs_p3_final.pdf
2025,3,3099,7905,General,MM,TRM,"Travancore Medical College, Umayanalloor, Kollam",MBBS,MM,2,mbbs_p3_final.pdf
2025,3,3100,7907,EW,AC,PMC,"Pushpagiri Institute of Medical Science, Thiruvalla",MBBS,AC,1,mbbs_p3_final.pdf
2025,3,3101,7908,MU,MM,KCM,"KMCT Medical College, Mukkom, Kozikkode",MBBS,MM,19,mbbs_p3_final.pdf
2025,3,3102,7927,BH,SM,PIM,"Palakkad Institute of Medical Sciences, Walayar",MBBS,SM,21,mbbs_p3_final.pdf
2025,3,3103,7929,LA,AC,PMC,"Pushpagiri Institute of Medical Science, Thiruvalla",MBBS,AC,18,mbbs_p3_final.pdf
2025,3,3104,7932,MU,MM,KCM,"KMCT Medical College, Mukkom, Kozikkode",MBBS,MM,19,mbbs_p3_final.pdf
2025,3,3105,7933,General,SM,DMM,"Dr. Moopens Medical College, Meppadi, Wayanad",MBBS,SM,16,mbbs_p3_final.pdf
2025,3,3106,7935,MU,MM,KCM,"KMCT Medical College, Mukkom, Kozikkode",MBBS,MM,2,mbbs_p3_final.pdf
2025,3,3107,7936,General,AC,BCM,"Believers Church Medical College Hospital, Thiruvalla",MBBS,AC,1,mbbs_p3_final.pdf
2025,3,3108,7937,MU,SM,DMM,"Dr. Moopens Medical College, Meppadi, Wayanad",MBBS,SM,22,mbbs_p3_final.pdf
2025,3,3109,7941,MU,MM,TRM,"Travancore Medical College, Umayanalloor, Kollam",MBBS,MM,1,mbbs_p3_final.pdf
2025,3,3110,7942,General,SM,DMM,"Dr. Moopens Medical College, Meppadi, Wayanad",MBBS,SM,19,mbbs_p3_final.pdf
2025,3,3111,7943,LA,AC,PMC,"Pushpagiri Institute of Medical Science, Thiruvalla",MBBS,AC,1,mbbs_p3_final.pdf
2025,3,3112,7955,General,SM,SIM,"Sree Narayana Institute of Medical Sciences, Chalakka, Ernakulam.",MBBS,SM,22,mbbs_p3_final.pdf
2025,3,3113,7962,MU,MM,TRM,"Travancore Medical College, Umayanalloor, Kollam",MBBS,MM,1,mbbs_p3_final.pdf
2025,3,3114,7965,General,SM,DMM,"Dr. Moopens Medical College, Meppadi, Wayanad",MBBS,SM,20,mbbs_p3_final.pdf
2025,3,3115,7967,MU,SM,AAM,"Al Azhar Medical college, Thodupuzha",MBBS,SM,9,mbbs_p3_final.pdf
2025,3,3116,7970,BH,SM,KDM,"P K Das Institute of Medical Sciences, Ottapalam",MBBS,SM,1,mbbs_p3_final.pdf
2025,3,3117,7972,General,SM,AZC,"Azeezia Institute of Medi Science, Meyyannoor, Kollam",MBBS,SM,18,mbbs_p3_final.pdf
2025,3,3118,7973,EW,AC,BCM,"Believers Church Medical College Hospital, Thiruvalla",MBBS,AC,16,mbbs_p3_final.pdf
2025,3,3119,7978,MU,SM,DMM,"Dr. Moopens Medical College, Meppadi, Wayanad",MBBS,SM,1,mbbs_p3_final.pdf
2025,3,3120,7980,MU,MM,TRM,"Travancore Medical College, Umayanalloor, Kollam",MBBS,MM,1,mbbs_p3_final.pdf
2025,3,3121,7981,EZ,EZ,KCM,"KMCT Medical College, Mukkom, Kozikkode",MBBS,EZ,22,mbbs_p3_final.pdf
2025,3,3122,7983,MU,SM,AZC,"Azeezia Institute of Medi Science, Meyyannoor, Kollam",MBBS,SM,1,mbbs_p3_final.pdf
2025,3,3123,7984,EZ,SM,AZC,"Azeezia Institute of Medi Science, Meyyannoor, Kollam",MBBS,SM,17,mbbs_p3_final.pdf
2025,3,3124,7987,MU,MM,TRM,"Travancore Medical College, Umayanalloor, Kollam",MBBS,MM,21,mbbs_p3_final.pdf
2025,3,3125,7989,MU,MU,SMC,"Dr. Somervell Memorial CSI Medical College, Karakonam",MBBS,MU,20,mbbs_p3_final.pdf
2025,3,3126,7990,KN,KN,CMC,"Govt. Medical College, Ernakulam",MBBS,KN,1,mbbs_p3_final.pdf
2025,3,3127,8000,VK,VK,TRM,"Travancore Medical College, Umayanalloor, Kollam",MBBS,VK,16,mbbs_p3_final.pdf
2025,3,3128,8005,MU,MM,KCM,"KMCT Medical College, Mukkom, Kozikkode",MBBS,MM,20,mbbs_p3_final.pdf
2025,3,3129,8006,EW,AC,PMC,"Pushpagiri Institute of Medical Science, Thiruvalla",MBBS,AC,1,mbbs_p3_final.pdf
2025,3,3130,8009,MU,SM,DMM,"Dr. Moopens Medical College, Meppadi, Wayanad",MBBS,SM,1,mbbs_p3_final.pdf
2025,3,3131,8014,General,SM,KMM,"Karuna Medical College, Vilayodi, Palakkad",MBBS,SM,22,mbbs_p3_final.pdf
2025,3,3132,8016,BH,BH,KTD,"Govt. Dental College, Kottayam",BDS,BH,1,mbbs_p3_final.pdf
2025,3,3133,8019,EZ,EZ,SUC,"SUT Accademy of Medical Sciences, Thiruvananthapuram",MBBS,EZ,24,mbbs_p3_final.pdf
2025,3,3134,8025,MU,SM,SIM,"Sree Narayana Institute of Medical Sciences, Chalakka, Ernakulam.",MBBS,SM,6,mbbs_p3_final.pdf
2025,3,3135,8028,MU,MM,TRM,"Travancore Medical College, Umayanalloor, Kollam",MBBS,MM,1,mbbs_p3_final.pdf
2025,3,3136,8031,EZ,SM,SIM,"Sree Narayana Institute of Medical Sciences, Chalakka, Ernakulam.",MBBS,SM,21,mbbs_p3_final.pdf
2025,3,3137,8035,MU,SM,DMM,"Dr. Moopens Medical College, Meppadi, Wayanad",MBBS,SM,5,mbbs_p3_final.pdf
2025,3,3138,8036,MU,MM,KCM,"KMCT Medical College, Mukkom, Kozikkode",MBBS,MM,2,mbbs_p3_final.pdf
2025,3,3139,8037,MU,SM,DMM,"Dr. Moopens Medical College, Meppadi, Wayanad",MBBS,SM,17,mbbs_p3_final.pdf
2025,3,3140,8043,MU,MM,TRM,"Travancore Medical College, Umayanalloor, Kollam",MBBS,MM,16,mbbs_p3_final.pdf
2025,3,3141,8046,BH,BH,SUC,"SUT Accademy of Medical Sciences, Thiruvananthapuram",MBBS,BH,17,mbbs_p3_final.pdf
2025,3,3142,8052,General,AC,BCM,"Believers Church Medical College Hospital, Thiruvalla",MBBS,AC,3,mbbs_p3_final.pdf
2025,3,3143,8055,MU,MU,SMC,"Dr. Somervell Memorial CSI Medical College, Karakonam",MBBS,MU,23,mbbs_p3_final.pdf
2025,3,3144,8062,DV,DV,WYM,"Govt. Medical College, Wayanad",MBBS,DV,9,mbbs_p3_final.pdf
2025,3,3145,8066,General,AC,PMC,"Pushpagiri Institute of Medical Science, Thiruvalla",MBBS,AC,1,mbbs_p3_final.pdf
2025,3,3146,8068,General,AC,BCM,"Believers Church Medical College Hospital, Thiruvalla",MBBS,AC,9,mbbs_p3_final.pdf
2025,3,3147,8072,BH,SM,DMM,"Dr. Moopens Medical College, Meppadi, Wayanad",MBBS,SM,22,mbbs_p3_final.pdf
2025,3,3148,8073,General,AC,BCM,"Believers Church Medical College Hospital, Thiruvalla",MBBS,AC,2,mbbs_p3_final.pdf
2025,3,3149,8075,General,SM,DMM,"Dr. Moopens Medical College, Meppadi, Wayanad",MBBS,SM,1,mbbs_p3_final.pdf
2025,3,3150,8082,General,SM,SIM,"Sree Narayana Institute of Medical Sciences, Chalakka, Ernakulam.",MBBS,SM,27,mbbs_p3_final.pdf
2025,3,3151,8086,MU,MU,SUC,"SUT Accademy of Medical Sciences, Thiruvananthapuram",MBBS,MU,15,mbbs_p3_final.pdf
2025,3,3152,8088,KN,KN,MLP,"Govt. Medical College, Manjeri",MBBS,KN,1,mbbs_p3_final.pdf
2025,3,3153,8093,MU,MU,SUC,"SUT Accademy of Medical Sciences, Thiruvananthapuram",MBBS,MU,15,mbbs_p3_final.pdf
2025,3,3154,8098,MU,MM,KCM,"KMCT Medical College, Mukkom, Kozikkode",MBBS,MM,20,mbbs_p3_final.pdf
2025,3,3155,8100,MU,MM,KCM,"KMCT Medical College, Mukkom, Kozikkode",MBBS,MM,4,mbbs_p3_final.pdf
2025,3,3156,8103,EW,FL-EW,KND,"Government Dental College, Kannur",BDS,FL-EW,20,mbbs_p3_final.pdf
2025,3,3157,8106,General,AC,BCM,"Believers Church Medical College Hospital, Thiruvalla",MBBS,AC,1,mbbs_p3_final.pdf
2025,3,3158,8108,EW,EW,MMH,"Malabar Medical College Hospital, Kozhikkode",MBBS,EW,15,mbbs_p3_final.pdf
2025,3,3159,8111,General,AC,PMC,"Pushpagiri Institute of Medical Science, Thiruvalla",MBBS,AC,1,mbbs_p3_final.pdf
2025,3,3160,8112,MU,SM,PMD,"Pushpagiri College of Dental Science, Thiruvalla",BDS,SM,21,mbbs_p3_final.pdf
2025,3,3161,8120,General,SM,KMM,"Karuna Medical College, Vilayodi, Palakkad",MBBS,SM,21,mbbs_p3_final.pdf
2025,3,3162,8122,General,AC,PMC,"Pushpagiri Institute of Medical Science, Thiruvalla",MBBS,AC,18,mbbs_p3_final.pdf
2025,3,3163,8125,BX,AC,BCM,"Believers Church Medical College Hospital, Thiruvalla",MBBS,AC,15,mbbs_p3_final.pdf
2025,3,3164,8127,EZ,SM,SIM,"Sree Narayana Institute of Medical Sciences, Chalakka, Ernakulam.",MBBS,SM,1,mbbs_p3_final.pdf
2025,3,3165,8128,MU,MM,TRM,"Travancore Medical College, Umayanalloor, Kollam",MBBS,MM,1,mbbs_p3_final.pdf
2025,3,3166,8135,General,SM,DMM,"Dr. Moopens Medical College, Meppadi, Wayanad",MBBS,SM,12,mbbs_p3_final.pdf
2025,3,3167,8139,MU,SM,DMM,"Dr. Moopens Medical College, Meppadi, Wayanad",MBBS,SM,1,mbbs_p3_final.pdf
2025,3,3168,8140,LA,AC,BCM,"Believers Church Medical College Hospital, Thiruvalla",MBBS,AC,16,mbbs_p3_final.pdf
2025,3,3169,8141,BH,BH,TCD,"Govt. Dental College, Thrissur",BDS,BH,17,mbbs_p3_final.pdf
2025,3,3170,8142,General,SM,SIM,"Sree Narayana Institute of Medical Sciences, Chalakka, Ernakulam.",MBBS,SM,7,mbbs_p3_final.pdf
2025,3,3171,8143,General,SM,DMM,"Dr. Moopens Medical College, Meppadi, Wayanad",MBBS,SM,1,mbbs_p3_final.pdf
2025,3,3172,8146,MU,SM,DMM,"Dr. Moopens Medical College, Meppadi, Wayanad",MBBS,SM,19,mbbs_p3_final.pdf
2025,3,3173,8153,General,MM,KCM,"KMCT Medical College, Mukkom, Kozikkode",MBBS,MM,19,mbbs_p3_final.pdf
2025,3,3174,8158,EZ,SM,SIM,"Sree Narayana Institute of Medical Sciences, Chalakka, Ernakulam.",MBBS,SM,20,mbbs_p3_final.pdf
2025,3,3175,8159,General,AC,PMC,"Pushpagiri Institute of Medical Science, Thiruvalla",MBBS,AC,12,mbbs_p3_final.pdf
2025,3,3176,8161,MU,SM,DMM,"Dr. Moopens Medical College, Meppadi, Wayanad",MBBS,SM,1,mbbs_p3_final.pdf
2025,3,3177,8162,General,AC,PMC,"Pushpagiri Institute of Medical Science, Thiruvalla",MBBS,AC,20,mbbs_p3_final.pdf
2025,3,3178,8166,MU,MU,SUC,"SUT Accademy of Medical Sciences, Thiruvananthapuram",MBBS,MU,16,mbbs_p3_final.pdf
2025,3,3179,8167,General,SM,KDM,"P K Das Institute of Medical Sciences, Ottapalam",MBBS,SM,23,mbbs_p3_final.pdf
2025,3,3180,8170,DV,DV,KCM,"KMCT Medical College, Mukkom, Kozikkode",MBBS,DV,14,mbbs_p3_final.pdf
2025,3,3181,8175,BH,BH,SUC,"SUT Accademy of Medical Sciences, Thiruvananthapuram",MBBS,BH,25,mbbs_p3_final.pdf
2025,3,3182,8177,EZ,EZ,SUC,"SUT Accademy of Medical Sciences, Thiruvananthapuram",MBBS,EZ,23,mbbs_p3_final.pdf
2025,3,3183,8180,MU,MM,KEM,"Kerala Medical College, Palakkad",MBBS,MM,22,mbbs_p3_final.pdf
2025,3,3184,8186,DV,SM,SIM,"Sree Narayana Institute of Medical Sciences, Chalakka, Ernakulam.",MBBS,SM,22,mbbs_p3_final.pdf
2025,3,3185,8187,LA,AC,PMC,"Pushpagiri Institute of Medical Science, Thiruvalla",MBBS,AC,15,mbbs_p3_final.pdf
2025,3,3186,8192,General,AC,PMC,"Pushpagiri Institute of Medical Science, Thiruvalla",MBBS,AC,19,mbbs_p3_final.pdf
2025,3,3187,8193,General,AC,BCM,"Believers Church Medical College Hospital, Thiruvalla",MBBS,AC,1,mbbs_p3_final.pdf
2025,3,3188,8200,General,SM,AAM,"Al Azhar Medical college, Thodupuzha",MBBS,SM,28,mbbs_p3_final.pdf
2025,3,3189,8201,General,SM,PIM,"Palakkad Institute of Medical Sciences, Walayar",MBBS,SM,7,mbbs_p3_final.pdf
2025,3,3190,8204,MU,MM,TRM,"Travancore Medical College, Umayanalloor, Kollam",MBBS,MM,1,mbbs_p3_final.pdf
2025,3,3191,8210,EW,EW,GMC,"Sree Gokulam Medical College, Venjaramoodu, TVPM",MBBS,EW,1,mbbs_p3_final.pdf
2025,3,3192,8217,MU,MM,TRM,"Travancore Medical College, Umayanalloor, Kollam",MBBS,MM,23,mbbs_p3_final.pdf
2025,3,3193,8219,General,AC,PMC,"Pushpagiri Institute of Medical Science, Thiruvalla",MBBS,AC,20,mbbs_p3_final.pdf
2025,3,3194,8223,General,SM,DMM,"Dr. Moopens Medical College, Meppadi, Wayanad",MBBS,SM,1,mbbs_p3_final.pdf
2025,3,3195,8227,MU,MM,KMM,"Karuna Medical College, Vilayodi, Palakkad",MBBS,MM,22,mbbs_p3_final.pdf
2025,3,3196,8228,LA,LA,TCD,"Govt. Dental College, Thrissur",BDS,LA,6,mbbs_p3_final.pdf
2025,3,3197,8229,General,MM,TRM,"Travancore Medical College, Umayanalloor, Kollam",MBBS,MM,11,mbbs_p3_final.pdf
2025,3,3198,8232,MU,MM,KEM,"Kerala Medical College, Palakkad",MBBS,MM,2,mbbs_p3_final.pdf
2025,3,3199,8236,BH,SM,KDM,"P K Das Institute of Medical Sciences, Ottapalam",MBBS,SM,1,mbbs_p3_final.pdf
2025,3,3200,8239,EZ,SM,DMM,"Dr. Moopens Medical College, Meppadi, Wayanad",MBBS,SM,1,mbbs_p3_final.pdf
2025,3,3201,8241,General,AC,PMC,"Pushpagiri Institute of Medical Science, Thiruvalla",MBBS,AC,1,mbbs_p3_final.pdf
2025,3,3202,8242,General,SM,KDM,"P K Das Institute of Medical Sciences, Ottapalam",MBBS,SM,26,mbbs_p3_final.pdf
2025,3,3203,8243,MU,SM,KMM,"Karuna Medical College, Vilayodi, Palakkad",MBBS,SM,4,mbbs_p3_final.pdf
2025,3,3204,8245,General,SM,DMM,"Dr. Moopens Medical College, Meppadi, Wayanad",MBBS,SM,16,mbbs_p3_final.pdf
2025,3,3205,8246,General,AC,MMC,"Malankara Orthodox Syrian Church MediCollege, Kolenchery",MBBS,AC,16,mbbs_p3_final.pdf
2025,3,3206,8247,General,SM,AAM,"Al Azhar Medical college, Thodupuzha",MBBS,SM,13,mbbs_p3_final.pdf
2025,3,3207,8249,EZ,EZ,SUC,"SUT Accademy of Medical Sciences, Thiruvananthapuram",MBBS,EZ,22,mbbs_p3_final.pdf
2025,3,3208,8251,EZ,SM,DMM,"Dr. Moopens Medical College, Meppadi, Wayanad",MBBS,SM,1,mbbs_p3_final.pdf
2025,3,3209,8252,EW,FL-EW,KND,"Government Dental College, Kannur",BDS,FL-EW,6,mbbs_p3_final.pdf
2025,3,3210,8255,EZ,SM,DMM,"Dr. Moopens Medical College, Meppadi, Wayanad",MBBS,SM,1,mbbs_p3_final.pdf
2025,3,3211,8271,EZ,SM,KDM,"P K Das Institute of Medical Sciences, Ottapalam",MBBS,SM,1,mbbs_p3_final.pdf
2025,3,3212,8273,SC,SC,TVM,"Govt. Medical College, Thiruvananthapuram",MBBS,SC,1,mbbs_p3_final.pdf
2025,3,3213,8277,MU,MM,AZC,"Azeezia Institute of Medi Science, Meyyannoor, Kollam",MBBS,MM,19,mbbs_p3_final.pdf
2025,3,3214,8279,BH,BH,SIM,"Sree Narayana Institute of Medical Sciences, Chalakka, Ernakulam.",MBBS,BH,18,mbbs_p3_final.pdf
2025,3,3215,8285,General,SM,DMM,"Dr. Moopens Medical College, Meppadi, Wayanad",MBBS,SM,21,mbbs_p3_final.pdf
2025,3,3216,8292,MU,SM,AAM,"Al Azhar Medical college, Thodupuzha",MBBS,SM,22,mbbs_p3_final.pdf
2025,3,3217,8293,LA,AC,PMC,"Pushpagiri Institute of Medical Science, Thiruvalla",MBBS,AC,20,mbbs_p3_final.pdf
2025,3,3218,8296,General,SM,DMM,"Dr. Moopens Medical College, Meppadi, Wayanad",MBBS,SM,16,mbbs_p3_final.pdf
2025,3,3219,8297,General,AC,PMC,"Pushpagiri Institute of Medical Science, Thiruvalla",MBBS,AC,20,mbbs_p3_final.pdf
2025,3,3220,8298,DV,DV,SIM,"Sree Narayana Institute of Medical Sciences, Chalakka, Ernakulam.",MBBS,DV,1,mbbs_p3_final.pdf
2025,3,3221,8300,EZ,SM,DMM,"Dr. Moopens Medical College, Meppadi, Wayanad",MBBS,SM,1,mbbs_p3_final.pdf
2025,3,3222,8305,BH,SM,DMM,"Dr. Moopens Medical College, Meppadi, Wayanad",MBBS,SM,1,mbbs_p3_final.pdf
2025,3,3223,8310,General,AC,PMC,"Pushpagiri Institute of Medical Science, Thiruvalla",MBBS,AC,1,mbbs_p3_final.pdf
2025,3,3224,8315,KN,KN,KNM,Government Medical College Kannur,MBBS,KN,5,mbbs_p3_final.pdf
2025,3,3225,8316,BH,BH,SIM,"Sree Narayana Institute of Medical Sciences, Chalakka, Ernakulam.",MBBS,BH,22,mbbs_p3_final.pdf
2025,3,3226,8317,SC,SC,ALP,"T D Govt. Medical College, Alappuzha",MBBS,SC,1,mbbs_p3_final.pdf
2025,3,3227,8319,MU,SM,DMM,"Dr. Moopens Medical College, Meppadi, Wayanad",MBBS,SM,3,mbbs_p3_final.pdf
2025,3,3228,8320,MU,SM,KDM,"P K Das Institute of Medical Sciences, Ottapalam",MBBS,SM,1,mbbs_p3_final.pdf
2025,3,3229,8324,BH,BH,SIM,"Sree Narayana Institute of Medical Sciences, Chalakka, Ernakulam.",MBBS,BH,1,mbbs_p3_final.pdf
2025,3,3230,8325,General,SM,AZC,"Azeezia Institute of Medi Science, Meyyannoor, Kollam",MBBS,SM,4,mbbs_p3_final.pdf
2025,3,3231,8326,MU,MM,TRM,"Travancore Medical College, Umayanalloor, Kollam",MBBS,MM,1,mbbs_p3_final.pdf
2025,3,3232,8333,BX,AC,PMC,"Pushpagiri Institute of Medical Science, Thiruvalla",MBBS,AC,17,mbbs_p3_final.pdf
2025,3,3233,8334,General,SM,KDM,"P K Das Institute of Medical Sciences, Ottapalam",MBBS,SM,10,mbbs_p3_final.pdf
2025,3,3234,8343,General,SM,DMM,"Dr. Moopens Medical College, Meppadi, Wayanad",MBBS,SM,22,mbbs_p3_final.pdf
2025,3,3235,8346,MU,SM,KMM,"Karuna Medical College, Vilayodi, Palakkad",MBBS,SM,18,mbbs_p3_final.pdf
2025,3,3236,8347,General,AC,MMC,"Malankara Orthodox Syrian Church MediCollege, Kolenchery",MBBS,AC,10,mbbs_p3_final.pdf
2025,3,3237,8348,MU,SM,KDM,"P K Das Institute of Medical Sciences, Ottapalam",MBBS,SM,1,mbbs_p3_final.pdf
2025,3,3238,8349,BX,AC,BCM,"Believers Church Medical College Hospital, Thiruvalla",MBBS,AC,15,mbbs_p3_final.pdf
2025,3,3239,8352,BH,SM,AAM,"Al Azhar Medical college, Thodupuzha",MBBS,SM,1,mbbs_p3_final.pdf
2025,3,3240,8353,DV,DV,MMH,"Malabar Medical College Hospital, Kozhikkode",MBBS,DV,3,mbbs_p3_final.pdf
2025,3,3241,8354,EZ,SM,PSD,"PSM College of Dental Sciences, Thrissur",BDS,SM,9,mbbs_p3_final.pdf
2025,3,3242,8357,MU,MU,SUC,"SUT Accademy of Medical Sciences, Thiruvananthapuram",MBBS,MU,22,mbbs_p3_final.pdf
2025,3,3243,8362,EZ,SM,KDM,"P K Das Institute of Medical Sciences, Ottapalam",MBBS,SM,21,mbbs_p3_final.pdf
2025,3,3244,8366,General,AC,PMC,"Pushpagiri Institute of Medical Science, Thiruvalla",MBBS,AC,14,mbbs_p3_final.pdf
2025,3,3245,8367,MU,MU,SUC,"SUT Accademy of Medical Sciences, Thiruvananthapuram",MBBS,MU,18,mbbs_p3_final.pdf
2025,3,3246,8368,MU,SM,PMD,"Pushpagiri College of Dental Science, Thiruvalla",BDS,SM,21,mbbs_p3_final.pdf
2025,3,3247,8370,LA,LA,SIM,"Sree Narayana Institute of Medical Sciences, Chalakka, Ernakulam.",MBBS,LA,18,mbbs_p3_final.pdf
2025,3,3248,8378,BH,BH,SIM,"Sree Narayana Institute of Medical Sciences, Chalakka, Ernakulam.",MBBS,BH,1,mbbs_p3_final.pdf
2025,3,3249,8379,MU,MM,TRM,"Travancore Medical College, Umayanalloor, Kollam",MBBS,MM,13,mbbs_p3_final.pdf
2025,3,3250,8387,MU,MM,TRM,"Travancore Medical College, Umayanalloor, Kollam",MBBS,MM,18,mbbs_p3_final.pdf
2025,3,3251,8396,MU,MM,KMM,"Karuna Medical College, Vilayodi, Palakkad",MBBS,MM,1,mbbs_p3_final.pdf
2025,3,3252,8399,General,SM,KDM,"P K Das Institute of Medical Sciences, Ottapalam",MBBS,SM,24,mbbs_p3_final.pdf
2025,3,3253,8402,BH,SM,KDM,"P K Das Institute of Medical Sciences, Ottapalam",MBBS,SM,1,mbbs_p3_final.pdf
2025,3,3254,8405,General,AC,MMC,"Malankara Orthodox Syrian Church MediCollege, Kolenchery",MBBS,AC,20,mbbs_p3_final.pdf
2025,3,3255,8406,MU,SM,KMM,"Karuna Medical College, Vilayodi, Palakkad",MBBS,SM,15,mbbs_p3_final.pdf
2025,3,3256,8409,MU,SM,AZC,"Azeezia Institute of Medi Science, Meyyannoor, Kollam",MBBS,SM,21,mbbs_p3_final.pdf
2025,3,3257,8412,BH,SM,AZC,"Azeezia Institute of Medi Science, Meyyannoor, Kollam",MBBS,SM,22,mbbs_p3_final.pdf
2025,3,3258,8417,MU,SM,KDM,"P K Das Institute of Medical Sciences, Ottapalam",MBBS,SM,4,mbbs_p3_final.pdf
2025,3,3259,8420,MU,MM,TRM,"Travancore Medical College, Umayanalloor, Kollam",MBBS,MM,1,mbbs_p3_final.pdf
2025,3,3260,8421,General,SM,KDM,"P K Das Institute of Medical Sciences, Ottapalam",MBBS,SM,18,mbbs_p3_final.pdf
2025,3,3261,8422,General,AC,MMC,"Malankara Orthodox Syrian Church MediCollege, Kolenchery",MBBS,AC,6,mbbs_p3_final.pdf
2025,3,3262,8423,General,SM,KDM,"P K Das Institute of Medical Sciences, Ottapalam",MBBS,SM,19,mbbs_p3_final.pdf
2025,3,3263,8424,EZ,EZ,SUC,"SUT Accademy of Medical Sciences, Thiruvananthapuram",MBBS,EZ,21,mbbs_p3_final.pdf
2025,3,3264,8427,General,SM,KDM,"P K Das Institute of Medical Sciences, Ottapalam",MBBS,SM,17,mbbs_p3_final.pdf
2025,3,3265,8433,SC,SC,TCM,"Govt. Medical College, Thrissur",MBBS,SC,1,mbbs_p3_final.pdf
2025,3,3266,8434,LA,LA,SMC,"Dr. Somervell Memorial CSI Medical College, Karakonam",MBBS,LA,1,mbbs_p3_final.pdf
2025,3,3267,8436,EW,AC,BCM,"Believers Church Medical College Hospital, Thiruvalla",MBBS,AC,14,mbbs_p3_final.pdf
2025,3,3268,8437,MU,SM,DMM,"Dr. Moopens Medical College, Meppadi, Wayanad",MBBS,SM,1,mbbs_p3_final.pdf
2025,3,3269,8441,EW,AC,PMC,"Pushpagiri Institute of Medical Science, Thiruvalla",MBBS,AC,21,mbbs_p3_final.pdf
2025,3,3270,8443,BH,SM,KMM,"Karuna Medical College, Vilayodi, Palakkad",MBBS,SM,13,mbbs_p3_final.pdf
2025,3,3271,8447,MU,MM,AZC,"Azeezia Institute of Medi Science, Meyyannoor, Kollam",MBBS,MM,18,mbbs_p3_final.pdf
2025,3,3272,8449,EZ,SM,DMM,"Dr. Moopens Medical College, Meppadi, Wayanad",MBBS,SM,22,mbbs_p3_final.pdf
2025,3,3273,8451,EW,FL-EW,KND,"Government Dental College, Kannur",BDS,FL-EW,20,mbbs_p3_final.pdf
2025,3,3274,8457,EZ,EZ,SUC,"SUT Accademy of Medical Sciences, Thiruvananthapuram",MBBS,EZ,25,mbbs_p3_final.pdf
2025,3,3275,8461,EZ,EZ,SIM,"Sree Narayana Institute of Medical Sciences, Chalakka, Ernakulam.",MBBS,EZ,13,mbbs_p3_final.pdf
2025,3,3276,8467,General,SM,DMM,"Dr. Moopens Medical College, Meppadi, Wayanad",MBBS,SM,22,mbbs_p3_final.pdf
2025,3,3277,8468,EZ,EZ,SIM,"Sree Narayana Institute of Medical Sciences, Chalakka, Ernakulam.",MBBS,EZ,1,mbbs_p3_final.pdf
2025,3,3278,8473,DV,SM,KDM,"P K Das Institute of Medical Sciences, Ottapalam",MBBS,SM,15,mbbs_p3_final.pdf
2025,3,3279,8475,SC,SC,TVM,"Govt. Medical College, Thiruvananthapuram",MBBS,SC,1,mbbs_p3_final.pdf
2025,3,3280,8483,General,AC,BCM,"Believers Church Medical College Hospital, Thiruvalla",MBBS,AC,1,mbbs_p3_final.pdf
2025,3,3281,8486,General,MM,TRM,"Travancore Medical College, Umayanalloor, Kollam",MBBS,MM,22,mbbs_p3_final.pdf
2025,3,3282,8488,SC,SC,TVM,"Govt. Medical College, Thiruvananthapuram",MBBS,SC,2,mbbs_p3_final.pdf
2025,3,3283,8493,LA,LA,MMH,"Malabar Medical College Hospital, Kozhikkode",MBBS,LA,1,mbbs_p3_final.pdf
2025,3,3284,8495,MU,SM,AZC,"Azeezia Institute of Medi Science, Meyyannoor, Kollam",MBBS,SM,22,mbbs_p3_final.pdf
2025,3,3285,8498,BH,SM,DMM,"Dr. Moopens Medical College, Meppadi, Wayanad",MBBS,SM,1,mbbs_p3_final.pdf
2025,3,3286,8505,General,SM,KDM,"P K Das Institute of Medical Sciences, Ottapalam",MBBS,SM,19,mbbs_p3_final.pdf
2025,3,3287,8508,MU,SM,DMM,"Dr. Moopens Medical College, Meppadi, Wayanad",MBBS,SM,22,mbbs_p3_final.pdf
2025,3,3288,8512,MU,SM,KDM,"P K Das Institute of Medical Sciences, Ottapalam",MBBS,SM,1,mbbs_p3_final.pdf
2025,3,3289,8523,BX,AC,SMC,"Dr. Somervell Memorial CSI Medical College, Karakonam",MBBS,AC,15,mbbs_p3_final.pdf
2025,3,3290,8526,General,AC,BCM,"Believers Church Medical College Hospital, Thiruvalla",MBBS,AC,8,mbbs_p3_final.pdf
2025,3,3291,8527,EZ,SM,KDM,"P K Das Institute of Medical Sciences, Ottapalam",MBBS,SM,22,mbbs_p3_final.pdf
2025,3,3292,8535,General,AC,BCM,"Believers Church Medical College Hospital, Thiruvalla",MBBS,AC,17,mbbs_p3_final.pdf
2025,3,3293,8537,EZ,EZ,SUC,"SUT Accademy of Medical Sciences, Thiruvananthapuram",MBBS,EZ,19,mbbs_p3_final.pdf
2025,3,3294,8540,MU,MU,SIM,"Sree Narayana Institute of Medical Sciences, Chalakka, Ernakulam.",MBBS,MU,4,mbbs_p3_final.pdf
2025,3,3295,8546,MU,MM,TRM,"Travancore Medical College, Umayanalloor, Kollam",MBBS,MM,15,mbbs_p3_final.pdf
2025,3,3296,8552,DV,DV,MMH,"Malabar Medical College Hospital, Kozhikkode",MBBS,DV,1,mbbs_p3_final.pdf
2025,3,3297,8554,General,AC,BCM,"Believers Church Medical College Hospital, Thiruvalla",MBBS,AC,1,mbbs_p3_final.pdf
2025,3,3298,8555,BH,BH,SUC,"SUT Accademy of Medical Sciences, Thiruvananthapuram",MBBS,BH,23,mbbs_p3_final.pdf
2025,3,3299,8557,BX,AC,BCM,"Believers Church Medical College Hospital, Thiruvalla",MBBS,AC,2,mbbs_p3_final.pdf
2025,3,3300,8561,EZ,SM,AZC,"Azeezia Institute of Medi Science, Meyyannoor, Kollam",MBBS,SM,15,mbbs_p3_final.pdf
2025,3,3301,8563,BH,BH,SUC,"SUT Accademy of Medical Sciences, Thiruvananthapuram",MBBS,BH,21,mbbs_p3_final.pdf
2025,3,3302,8566,SC,SC,TCM,"Govt. Medical College, Thrissur",MBBS,SC,1,mbbs_p3_final.pdf
2025,3,3303,8568,MU,MM,KEM,"Kerala Medical College, Palakkad",MBBS,MM,2,mbbs_p3_final.pdf
2025,3,3304,8573,General,SM,KDM,"P K Das Institute of Medical Sciences, Ottapalam",MBBS,SM,29,mbbs_p3_final.pdf
2025,3,3305,8575,SC,SC,TVM,"Govt. Medical College, Thiruvananthapuram",MBBS,SC,1,mbbs_p3_final.pdf
2025,3,3306,8576,MU,MM,TRM,"Travancore Medical College, Umayanalloor, Kollam",MBBS,MM,1,mbbs_p3_final.pdf
2025,3,3307,8583,General,SM,KDM,"P K Das Institute of Medical Sciences, Ottapalam",MBBS,SM,22,mbbs_p3_final.pdf
2025,3,3308,8584,MU,MM,TRM,"Travancore Medical College, Umayanalloor, Kollam",MBBS,MM,6,mbbs_p3_final.pdf
2025,3,3309,8587,General,AC,BCM,"Believers Church Medical College Hospital, Thiruvalla",MBBS,AC,1,mbbs_p3_final.pdf
2025,3,3310,8593,General,SM,DMM,"Dr. Moopens Medical College, Meppadi, Wayanad",MBBS,SM,3,mbbs_p3_final.pdf
2025,3,3311,8594,BH,SM,KDM,"P K Das Institute of Medical Sciences, Ottapalam",MBBS,SM,1,mbbs_p3_final.pdf
2025,3,3312,8599,EZ,SM,DMM,"Dr. Moopens Medical College, Meppadi, Wayanad",MBBS,SM,1,mbbs_p3_final.pdf
2025,3,3313,8606,General,AC,BCM,"Believers Church Medical College Hospital, Thiruvalla",MBBS,AC,1,mbbs_p3_final.pdf
2025,3,3314,8607,SC,SC,ALP,"T D Govt. Medical College, Alappuzha",MBBS,SC,1,mbbs_p3_final.pdf
2025,3,3315,8608,MU,MM,TRM,"Travancore Medical College, Umayanalloor, Kollam",MBBS,MM,15,mbbs_p3_final.pdf
2025,3,3316,8610,General,MM,TRM,"Travancore Medical College, Umayanalloor, Kollam",MBBS,MM,10,mbbs_p3_final.pdf
2025,3,3317,8623,MU,MM,TRM,"Travancore Medical College, Umayanalloor, Kollam",MBBS,MM,22,mbbs_p3_final.pdf
2025,3,3318,8624,BH,BH,DMM,"Dr. Moopens Medical College, Meppadi, Wayanad",MBBS,BH,1,mbbs_p3_final.pdf
2025,3,3319,8627,MU,MM,TRM,"Travancore Medical College, Umayanalloor, Kollam",MBBS,MM,9,mbbs_p3_final.pdf
2025,3,3320,8628,General,SM,KDM,"P K Das Institute of Medical Sciences, Ottapalam",MBBS,SM,27,mbbs_p3_final.pdf
2025,3,3321,8635,General,AC,BCM,"Believers Church Medical College Hospital, Thiruvalla",MBBS,AC,19,mbbs_p3_final.pdf
2025,3,3322,8636,General,AC,BCM,"Believers Church Medical College Hospital, Thiruvalla",MBBS,AC,21,mbbs_p3_final.pdf
2025,3,3323,8639,EW,EW,SUC,"SUT Accademy of Medical Sciences, Thiruvananthapuram",MBBS,EW,1,mbbs_p3_final.pdf
2025,3,3324,8640,DV,DV,DMM,"Dr. Moopens Medical College, Meppadi, Wayanad",MBBS,DV,1,mbbs_p3_final.pdf
2025,3,3325,8646,General,SM,MZM,"Mount Zion Medical College, Pathanamthitta",MBBS,SM,14,mbbs_p3_final.pdf
2025,3,3326,8647,MU,MU,DMM,"Dr. Moopens Medical College, Meppadi, Wayanad",MBBS,MU,21,mbbs_p3_final.pdf
2025,3,3327,8648,General,AC,PMC,"Pushpagiri Institute of Medical Science, Thiruvalla",MBBS,AC,16,mbbs_p3_final.pdf
2025,3,3328,8649,General,SM,MZM,"Mount Zion Medical College, Pathanamthitta",MBBS,SM,25,mbbs_p3_final.pdf
2025,3,3329,8651,EW,EW,MMH,"Malabar Medical College Hospital, Kozhikkode",MBBS,EW,1,mbbs_p3_final.pdf
2025,3,3330,8652,EZ,EZ,SUC,"SUT Accademy of Medical Sciences, Thiruvananthapuram",MBBS,EZ,17,mbbs_p3_final.pdf
2025,3,3331,8661,General,SM,MZM,"Mount Zion Medical College, Pathanamthitta",MBBS,SM,24,mbbs_p3_final.pdf
2025,3,3332,8664,General,AC,BCM,"Believers Church Medical College Hospital, Thiruvalla",MBBS,AC,12,mbbs_p3_final.pdf
2025,3,3333,8665,General,AC,BCM,"Believers Church Medical College Hospital, Thiruvalla",MBBS,AC,22,mbbs_p3_final.pdf
2025,3,3334,8666,MU,MM,TRM,"Travancore Medical College, Umayanalloor, Kollam",MBBS,MM,18,mbbs_p3_final.pdf
2025,3,3335,8668,General,AC,SMC,"Dr. Somervell Memorial CSI Medical College, Karakonam",MBBS,AC,7,mbbs_p3_final.pdf
2025,3,3336,8669,General,XS,ALD,"Government Dental College, Alappuzha",BDS,XS,7,mbbs_p3_final.pdf
2025,3,3337,8673,SC,SC,TCM,"Govt. Medical College, Thrissur",MBBS,SC,1,mbbs_p3_final.pdf
2025,3,3338,8676,EZ,EZ,DMM,"Dr. Moopens Medical College, Meppadi, Wayanad",MBBS,EZ,19,mbbs_p3_final.pdf
2025,3,3339,8686,LA,LA,MMH,"Malabar Medical College Hospital, Kozhikkode",MBBS,LA,1,mbbs_p3_final.pdf
2025,3,3340,8687,DV,DV,GMC,"Sree Gokulam Medical College, Venjaramoodu, TVPM",MBBS,DV,11,mbbs_p3_final.pdf
2025,3,3341,8689,General,SM,MZM,"Mount Zion Medical College, Pathanamthitta",MBBS,SM,27,mbbs_p3_final.pdf
2025,3,3342,8691,General,AC,BCM,"Believers Church Medical College Hospital, Thiruvalla",MBBS,AC,8,mbbs_p3_final.pdf
2025,3,3343,8693,SC,SC,CMC,"Govt. Medical College, Ernakulam",MBBS,SC,2,mbbs_p3_final.pdf
2025,3,3344,8694,VK,SM,MZM,"Mount Zion Medical College, Pathanamthitta",MBBS,SM,26,mbbs_p3_final.pdf
2025,3,3345,8696,General,SM,PIM,"Palakkad Institute of Medical Sciences, Walayar",MBBS,SM,15,mbbs_p3_final.pdf
2025,3,3346,8700,MU,SM,KDM,"P K Das Institute of Medical Sciences, Ottapalam",MBBS,SM,1,mbbs_p3_final.pdf
2025,3,3347,8701,SC,SC,TVM,"Govt. Medical College, Thiruvananthapuram",MBBS,SC,1,mbbs_p3_final.pdf
2025,3,3348,8704,General,AC,PMC,"Pushpagiri Institute of Medical Science, Thiruvalla",MBBS,AC,22,mbbs_p3_final.pdf
2025,3,3349,8708,General,AC,PMC,"Pushpagiri Institute of Medical Science, Thiruvalla",MBBS,AC,15,mbbs_p3_final.pdf
2025,3,3350,8712,General,SM,MZM,"Mount Zion Medical College, Pathanamthitta",MBBS,SM,8,mbbs_p3_final.pdf
2025,3,3351,8713,EZ,EZ,DMM,"Dr. Moopens Medical College, Meppadi, Wayanad",MBBS,EZ,1,mbbs_p3_final.pdf
2025,3,3352,8714,MU,SM,KDM,"P K Das Institute of Medical Sciences, Ottapalam",MBBS,SM,16,mbbs_p3_final.pdf
2025,3,3353,8718,EZ,EZ,SIM,"Sree Narayana Institute of Medical Sciences, Chalakka, Ernakulam.",MBBS,EZ,21,mbbs_p3_final.pdf
2025,3,3354,8731,EZ,EZ,SUC,"SUT Accademy of Medical Sciences, Thiruvananthapuram",MBBS,EZ,22,mbbs_p3_final.pdf
2025,3,3355,8732,BX,AC,SMC,"Dr. Somervell Memorial CSI Medical College, Karakonam",MBBS,AC,16,mbbs_p3_final.pdf
2025,3,3356,8736,EW,SM,KDM,"P K Das Institute of Medical Sciences, Ottapalam",MBBS,SM,1,mbbs_p3_final.pdf
2025,3,3357,8738,MU,SM,KMM,"Karuna Medical College, Vilayodi, Palakkad",MBBS,SM,19,mbbs_p3_final.pdf
2025,3,3358,8739,BH,BH,DMM,"Dr. Moopens Medical College, Meppadi, Wayanad",MBBS,BH,16,mbbs_p3_final.pdf
2025,3,3359,8744,MU,MM,TRM,"Travancore Medical College, Umayanalloor, Kollam",MBBS,MM,1,mbbs_p3_final.pdf
2025,3,3360,8745,BH,SM,KMM,"Karuna Medical College, Vilayodi, Palakkad",MBBS,SM,24,mbbs_p3_final.pdf
2025,3,3361,8753,KU,KU,ALP,"T D Govt. Medical College, Alappuzha",MBBS,KU,1,mbbs_p3_final.pdf
2025,3,3362,8754,General,SM,KDM,"P K Das Institute of Medical Sciences, Ottapalam",MBBS,SM,3,mbbs_p3_final.pdf
2025,3,3363,8755,EZ,EZ,DMM,"Dr. Moopens Medical College, Meppadi, Wayanad",MBBS,EZ,3,mbbs_p3_final.pdf
2025,3,3364,8759,EW,AC,BCM,"Believers Church Medical College Hospital, Thiruvalla",MBBS,AC,24,mbbs_p3_final.pdf
2025,3,3365,8761,BH,SM,MZM,"Mount Zion Medical College, Pathanamthitta",MBBS,SM,20,mbbs_p3_final.pdf
2025,3,3366,8767,General,SM,AAM,"Al Azhar Medical college, Thodupuzha",MBBS,SM,17,mbbs_p3_final.pdf
2025,3,3367,8783,General,AC,BCM,"Believers Church Medical College Hospital, Thiruvalla",MBBS,AC,24,mbbs_p3_final.pdf
2025,3,3368,8785,General,AC,BCM,"Believers Church Medical College Hospital, Thiruvalla",MBBS,AC,25,mbbs_p3_final.pdf
2025,3,3369,8789,EW,EW,SUC,"SUT Accademy of Medical Sciences, Thiruvananthapuram",MBBS,EW,15,mbbs_p3_final.pdf
2025,3,3370,8790,SC,SC,KTM,"Govt. Medical College, Kottayam",MBBS,SC,1,mbbs_p3_final.pdf
2025,3,3371,8796,BH,BH,DMM,"Dr. Moopens Medical College, Meppadi, Wayanad",MBBS,BH,5,mbbs_p3_final.pdf
2025,3,3372,8807,MU,MU,DMM,"Dr. Moopens Medical College, Meppadi, Wayanad",MBBS,MU,1,mbbs_p3_final.pdf
2025,3,3373,8817,MU,MM,TRM,"Travancore Medical College, Umayanalloor, Kollam",MBBS,MM,1,mbbs_p3_final.pdf
2025,3,3374,8819,General,SM,KDM,"P K Das Institute of Medical Sciences, Ottapalam",MBBS,SM,28,mbbs_p3_final.pdf
2025,3,3375,8821,EZ,EZ,SUC,"SUT Accademy of Medical Sciences, Thiruvananthapuram",MBBS,EZ,15,mbbs_p3_final.pdf
2025,3,3376,8825,General,SM,AAM,"Al Azhar Medical college, Thodupuzha",MBBS,SM,27,mbbs_p3_final.pdf
2025,3,3377,8826,General,SM,AAM,"Al Azhar Medical college, Thodupuzha",MBBS,SM,10,mbbs_p3_final.pdf
2025,3,3378,8827,General,SM,KDM,"P K Das Institute of Medical Sciences, Ottapalam",MBBS,SM,15,mbbs_p3_final.pdf
2025,3,3379,8828,KN,KN,KLM,"Govt. Medical College, Parippally, Kollam",MBBS,KN,1,mbbs_p3_final.pdf
2025,3,3380,8832,MU,SM,PMD,"Pushpagiri College of Dental Science, Thiruvalla",BDS,SM,19,mbbs_p3_final.pdf
2025,3,3381,8836,MU,MM,TRM,"Travancore Medical College, Umayanalloor, Kollam",MBBS,MM,17,mbbs_p3_final.pdf
2025,3,3382,8838,General,AC,BCM,"Believers Church Medical College Hospital, Thiruvalla",MBBS,AC,9,mbbs_p3_final.pdf
2025,3,3383,8839,MU,MM,KMM,"Karuna Medical College, Vilayodi, Palakkad",MBBS,MM,20,mbbs_p3_final.pdf
2025,3,3384,8846,EZ,SM,AAM,"Al Azhar Medical college, Thodupuzha",MBBS,SM,14,mbbs_p3_final.pdf
2025,3,3385,8850,EW,EW,MMH,"Malabar Medical College Hospital, Kozhikkode",MBBS,EW,15,mbbs_p3_final.pdf
2025,3,3386,8858,MU,MU,DMM,"Dr. Moopens Medical College, Meppadi, Wayanad",MBBS,MU,1,mbbs_p3_final.pdf
2025,3,3387,8859,MU,MU,SUC,"SUT Accademy of Medical Sciences, Thiruvananthapuram",MBBS,MU,1,mbbs_p3_final.pdf
2025,3,3388,8862,MU,MU,DMM,"Dr. Moopens Medical College, Meppadi, Wayanad",MBBS,MU,1,mbbs_p3_final.pdf
2025,3,3389,8869,LA,LA,SIM,"Sree Narayana Institute of Medical Sciences, Chalakka, Ernakulam.",MBBS,LA,18,mbbs_p3_final.pdf
2025,3,3390,8873,KN,KN,PTM,"Government Medical College, Konni, Pathanamthitta",MBBS,KN,3,mbbs_p3_final.pdf
2025,3,3391,8880,BH,BH,SUC,"SUT Accademy of Medical Sciences, Thiruvananthapuram",MBBS,BH,22,mbbs_p3_final.pdf
2025,3,3392,8884,MU,MU,SUC,"SUT Accademy of Medical Sciences, Thiruvananthapuram",MBBS,MU,7,mbbs_p3_final.pdf
2025,3,3393,8885,General,AC,BCM,"Believers Church Medical College Hospital, Thiruvalla",MBBS,AC,22,mbbs_p3_final.pdf
2025,3,3394,8886,General,SM,MZM,"Mount Zion Medical College, Pathanamthitta",MBBS,SM,26,mbbs_p3_final.pdf
2025,3,3395,8887,General,SM,PMD,"Pushpagiri College of Dental Science, Thiruvalla",BDS,SM,12,mbbs_p3_final.pdf
2025,3,3396,8889,General,SM,KDM,"P K Das Institute of Medical Sciences, Ottapalam",MBBS,SM,26,mbbs_p3_final.pdf
2025,3,3397,8890,BH,SM,AAM,"Al Azhar Medical college, Thodupuzha",MBBS,SM,20,mbbs_p3_final.pdf
2025,3,3398,8901,EZ,SM,MZM,"Mount Zion Medical College, Pathanamthitta",MBBS,SM,16,mbbs_p3_final.pdf
2025,3,3399,8907,MU,SM,AAM,"Al Azhar Medical college, Thodupuzha",MBBS,SM,1,mbbs_p3_final.pdf
2025,3,3400,8908,EW,EW,MMH,"Malabar Medical College Hospital, Kozhikkode",MBBS,EW,13,mbbs_p3_final.pdf
2025,3,3401,8913,BH,SM,KDM,"P K Das Institute of Medical Sciences, Ottapalam",MBBS,SM,1,mbbs_p3_final.pdf
2025,3,3402,8914,MU,MM,TRM,"Travancore Medical College, Umayanalloor, Kollam",MBBS,MM,1,mbbs_p3_final.pdf
2025,3,3403,8920,LA,AC,MZM,"Mount Zion Medical College, Pathanamthitta",MBBS,AC,28,mbbs_p3_final.pdf
2025,3,3404,8924,BH,SM,MZM,"Mount Zion Medical College, Pathanamthitta",MBBS,SM,12,mbbs_p3_final.pdf
2025,3,3405,8926,SC,SC,CMC,"Govt. Medical College, Ernakulam",MBBS,SC,4,mbbs_p3_final.pdf
2025,3,3406,8930,EW,AC,SMC,"Dr. Somervell Memorial CSI Medical College, Karakonam",MBBS,AC,16,mbbs_p3_final.pdf
2025,3,3407,8940,DV,DV,KCM,"KMCT Medical College, Mukkom, Kozikkode",MBBS,DV,13,mbbs_p3_final.pdf
2025,3,3408,8942,SC,SC,KTM,"Govt. Medical College, Kottayam",MBBS,SC,1,mbbs_p3_final.pdf
2025,3,3409,8946,VK,SM,AAM,"Al Azhar Medical college, Thodupuzha",MBBS,SM,15,mbbs_p3_final.pdf
2025,3,3410,8951,EZ,EZ,DMM,"Dr. Moopens Medical College, Meppadi, Wayanad",MBBS,EZ,1,mbbs_p3_final.pdf
2025,3,3411,8955,KN,KN,GMC,"Sree Gokulam Medical College, Venjaramoodu, TVPM",MBBS,KN,1,mbbs_p3_final.pdf
2025,3,3412,8962,General,SM,KMM,"Karuna Medical College, Vilayodi, Palakkad",MBBS,SM,27,mbbs_p3_final.pdf
2025,3,3413,8964,General,SM,MZM,"Mount Zion Medical College, Pathanamthitta",MBBS,SM,5,mbbs_p3_final.pdf
2025,3,3414,8967,BH,SM,MZM,"Mount Zion Medical College, Pathanamthitta",MBBS,SM,4,mbbs_p3_final.pdf
2025,3,3415,8989,General,SM,KMM,"Karuna Medical College, Vilayodi, Palakkad",MBBS,SM,24,mbbs_p3_final.pdf
2025,3,3416,8990,MU,MM,TRM,"Travancore Medical College, Umayanalloor, Kollam",MBBS,MM,20,mbbs_p3_final.pdf
2025,3,3417,8992,EZ,SM,PMD,"Pushpagiri College of Dental Science, Thiruvalla",BDS,SM,9,mbbs_p3_final.pdf
2025,3,3418,8993,EZ,EZ,SIM,"Sree Narayana Institute of Medical Sciences, Chalakka, Ernakulam.",MBBS,EZ,19,mbbs_p3_final.pdf
2025,3,3419,8995,General,AC,SMC,"Dr. Somervell Memorial CSI Medical College, Karakonam",MBBS,AC,25,mbbs_p3_final.pdf
2025,3,3420,8996,LA,LA,SUC,"SUT Accademy of Medical Sciences, Thiruvananthapuram",MBBS,LA,16,mbbs_p3_final.pdf
2025,3,3421,9005,General,SM,MZM,"Mount Zion Medical College, Pathanamthitta",MBBS,SM,25,mbbs_p3_final.pdf
2025,3,3422,9008,General,SM,MZM,"Mount Zion Medical College, Pathanamthitta",MBBS,SM,29,mbbs_p3_final.pdf
2025,3,3423,9011,MU,MU,DMM,"Dr. Moopens Medical College, Meppadi, Wayanad",MBBS,MU,1,mbbs_p3_final.pdf
2025,3,3424,9014,General,SM,KDM,"P K Das Institute of Medical Sciences, Ottapalam",MBBS,SM,1,mbbs_p3_final.pdf
2025,3,3425,9016,BH,SM,KDM,"P K Das Institute of Medical Sciences, Ottapalam",MBBS,SM,16,mbbs_p3_final.pdf
2025,3,3426,9017,EZ,SM,KDM,"P K Das Institute of Medical Sciences, Ottapalam",MBBS,SM,17,mbbs_p3_final.pdf
2025,3,3427,9021,EZ,EZ,SUC,"SUT Accademy of Medical Sciences, Thiruvananthapuram",MBBS,EZ,13,mbbs_p3_final.pdf
2025,3,3428,9028,BX,AC,SMC,"Dr. Somervell Memorial CSI Medical College, Karakonam",MBBS,AC,1,mbbs_p3_final.pdf
2025,3,3429,9030,EZ,EZ,DMM,"Dr. Moopens Medical College, Meppadi, Wayanad",MBBS,EZ,1,mbbs_p3_final.pdf
2025,3,3430,9035,SC,SC,KTM,"Govt. Medical College, Kottayam",MBBS,SC,2,mbbs_p3_final.pdf
2025,3,3431,9038,SC,SC,ALP,"T D Govt. Medical College, Alappuzha",MBBS,SC,2,mbbs_p3_final.pdf
2025,3,3432,9041,MU,MM,TRM,"Travancore Medical College, Umayanalloor, Kollam",MBBS,MM,24,mbbs_p3_final.pdf
2025,3,3433,9045,General,SM,MZM,"Mount Zion Medical College, Pathanamthitta",MBBS,SM,30,mbbs_p3_final.pdf
2025,3,3434,9047,MU,MM,TRM,"Travancore Medical College, Umayanalloor, Kollam",MBBS,MM,1,mbbs_p3_final.pdf
2025,3,3435,9048,General,AC,SMC,"Dr. Somervell Memorial CSI Medical College, Karakonam",MBBS,AC,28,mbbs_p3_final.pdf
2025,3,3436,9053,MU,SM,KMM,"Karuna Medical College, Vilayodi, Palakkad",MBBS,SM,18,mbbs_p3_final.pdf
2025,3,3437,9055,General,AC,SMC,"Dr. Somervell Memorial CSI Medical College, Karakonam",MBBS,AC,24,mbbs_p3_final.pdf
2025,3,3438,9060,EZ,SM,KMD,"KMCT Dental College, Mambatta, Mukkam, Kozhikode",BDS,SM,21,mbbs_p3_final.pdf
2025,3,3439,9063,General,SM,MZM,"Mount Zion Medical College, Pathanamthitta",MBBS,SM,28,mbbs_p3_final.pdf
2025,3,3440,9068,MU,SM,PSD,"PSM College of Dental Sciences, Thrissur",BDS,SM,21,mbbs_p3_final.pdf
2025,3,3441,9070,General,SM,KDM,"P K Das Institute of Medical Sciences, Ottapalam",MBBS,SM,1,mbbs_p3_final.pdf
2025,3,3442,9072,EZ,EZ,SUC,"SUT Accademy of Medical Sciences, Thiruvananthapuram",MBBS,EZ,21,mbbs_p3_final.pdf
2025,3,3443,9074,MU,MM,TRM,"Travancore Medical College, Umayanalloor, Kollam",MBBS,MM,18,mbbs_p3_final.pdf
2025,3,3444,9078,EW,EW,MMH,"Malabar Medical College Hospital, Kozhikkode",MBBS,EW,18,mbbs_p3_final.pdf
2025,3,3445,9079,LA,LA,TCD,"Govt. Dental College, Thrissur",BDS,LA,15,mbbs_p3_final.pdf
2025,3,3446,9083,EZ,EZ,SUC,"SUT Accademy of Medical Sciences, Thiruvananthapuram",MBBS,EZ,4,mbbs_p3_final.pdf
2025,3,3447,9090,General,SM,KDM,"P K Das Institute of Medical Sciences, Ottapalam",MBBS,SM,17,mbbs_p3_final.pdf
2025,3,3448,9095,LA,AC,SMC,"Dr. Somervell Memorial CSI Medical College, Karakonam",MBBS,AC,22,mbbs_p3_final.pdf
2025,3,3449,9102,MU,SM,KMM,"Karuna Medical College, Vilayodi, Palakkad",MBBS,SM,22,mbbs_p3_final.pdf
2025,3,3450,9104,General,AC,MZM,"Mount Zion Medical College, Pathanamthitta",MBBS,AC,19,mbbs_p3_final.pdf
2025,3,3451,9105,General,SM,KDM,"P K Das Institute of Medical Sciences, Ottapalam",MBBS,SM,19,mbbs_p3_final.pdf
2025,3,3452,9108,LA,AC,SMC,"Dr. Somervell Memorial CSI Medical College, Karakonam",MBBS,AC,26,mbbs_p3_final.pdf
2025,3,3453,9109,LA,LA,SUC,"SUT Accademy of Medical Sciences, Thiruvananthapuram",MBBS,LA,1,mbbs_p3_final.pdf
2025,3,3454,9114,DV,SM,KDM,"P K Das Institute of Medical Sciences, Ottapalam",MBBS,SM,23,mbbs_p3_final.pdf
2025,3,3455,9115,EZ,EZ,SIM,"Sree Narayana Institute of Medical Sciences, Chalakka, Ernakulam.",MBBS,EZ,19,mbbs_p3_final.pdf
2025,3,3456,9118,General,MM,TRM,"Travancore Medical College, Umayanalloor, Kollam",MBBS,MM,24,mbbs_p3_final.pdf
2025,3,3457,9120,General,SM,KDM,"P K Das Institute of Medical Sciences, Ottapalam",MBBS,SM,23,mbbs_p3_final.pdf
2025,3,3458,9126,General,AC,SMC,"Dr. Somervell Memorial CSI Medical College, Karakonam",MBBS,AC,26,mbbs_p3_final.pdf
2025,3,3459,9137,DV,DV,SIM,"Sree Narayana Institute of Medical Sciences, Chalakka, Ernakulam.",MBBS,DV,26,mbbs_p3_final.pdf
2025,3,3460,9138,EZ,EZ,SUC,"SUT Accademy of Medical Sciences, Thiruvananthapuram",MBBS,EZ,22,mbbs_p3_final.pdf
2025,3,3461,9139,General,AC,MZM,"Mount Zion Medical College, Pathanamthitta",MBBS,AC,15,mbbs_p3_final.pdf
2025,3,3462,9140,LA,LA,KCM,"KMCT Medical College, Mukkom, Kozikkode",MBBS,LA,1,mbbs_p3_final.pdf
2025,3,3463,9151,General,AC,SMC,"Dr. Somervell Memorial CSI Medical College, Karakonam",MBBS,AC,24,mbbs_p3_final.pdf
2025,3,3464,9155,General,AC,SMC,"Dr. Somervell Memorial CSI Medical College, Karakonam",MBBS,AC,22,mbbs_p3_final.pdf
2025,3,3465,9156,General,SM,KDM,"P K Das Institute of Medical Sciences, Ottapalam",MBBS,SM,24,mbbs_p3_final.pdf
2025,3,3466,9158,General,SM,KDM,"P K Das Institute of Medical Sciences, Ottapalam",MBBS,SM,24,mbbs_p3_final.pdf
2025,3,3467,9161,MU,MU,SIM,"Sree Narayana Institute of Medical Sciences, Chalakka, Ernakulam.",MBBS,MU,22,mbbs_p3_final.pdf
2025,3,3468,9168,General,AC,SMC,"Dr. Somervell Memorial CSI Medical College, Karakonam",MBBS,AC,12,mbbs_p3_final.pdf
2025,3,3469,9169,EZ,SM,KMM,"Karuna Medical College, Vilayodi, Palakkad",MBBS,SM,5,mbbs_p3_final.pdf
2025,3,3470,9171,General,SM,AAM,"Al Azhar Medical college, Thodupuzha",MBBS,SM,24,mbbs_p3_final.pdf
2025,3,3471,9173,SC,SC,KTM,"Govt. Medical College, Kottayam",MBBS,SC,1,mbbs_p3_final.pdf
2025,3,3472,9174,BX,SM,AAM,"Al Azhar Medical college, Thodupuzha",MBBS,SM,4,mbbs_p3_final.pdf
2025,3,3473,9180,General,SM,KMD,"KMCT Dental College, Mambatta, Mukkam, Kozhikode",BDS,SM,21,mbbs_p3_final.pdf
2025,3,3474,9189,General,SM,KDM,"P K Das Institute of Medical Sciences, Ottapalam",MBBS,SM,22,mbbs_p3_final.pdf
2025,3,3475,9192,General,AC,SMC,"Dr. Somervell Memorial CSI Medical College, Karakonam",MBBS,AC,5,mbbs_p3_final.pdf
2025,3,3476,9196,BH,SM,MZM,"Mount Zion Medical College, Pathanamthitta",MBBS,SM,6,mbbs_p3_final.pdf
2025,3,3477,9205,BX,AC,SMC,"Dr. Somervell Memorial CSI Medical College, Karakonam",MBBS,AC,27,mbbs_p3_final.pdf
2025,3,3478,9207,MU,SM,KMM,"Karuna Medical College, Vilayodi, Palakkad",MBBS,SM,17,mbbs_p3_final.pdf
2025,3,3479,9208,MU,MM,AZC,"Azeezia Institute of Medi Science, Meyyannoor, Kollam",MBBS,MM,5,mbbs_p3_final.pdf
2025,3,3480,9211,General,AC,SMC,"Dr. Somervell Memorial CSI Medical College, Karakonam",MBBS,AC,26,mbbs_p3_final.pdf
2025,3,3481,9214,SC,SC,ALP,"T D Govt. Medical College, Alappuzha",MBBS,SC,1,mbbs_p3_final.pdf
2025,3,3482,9218,BH,BH,KKD,"Govt. Dental College, Kozhikkode",BDS,BH,16,mbbs_p3_final.pdf
2025,3,3483,9219,General,AC,SMC,"Dr. Somervell Memorial CSI Medical College, Karakonam",MBBS,AC,27,mbbs_p3_final.pdf
2025,3,3484,9220,LA,SM,AAM,"Al Azhar Medical college, Thodupuzha",MBBS,SM,25,mbbs_p3_final.pdf
2025,3,3485,9221,MU,MM,TRM,"Travancore Medical College, Umayanalloor, Kollam",MBBS,MM,16,mbbs_p3_final.pdf
2025,3,3486,9231,General,SM,MZM,"Mount Zion Medical College, Pathanamthitta",MBBS,SM,19,mbbs_p3_final.pdf
2025,3,3487,9233,EZ,SM,KDM,"P K Das Institute of Medical Sciences, Ottapalam",MBBS,SM,1,mbbs_p3_final.pdf
2025,3,3488,9234,EW,EW,GMC,"Sree Gokulam Medical College, Venjaramoodu, TVPM",MBBS,EW,22,mbbs_p3_final.pdf
2025,3,3489,9235,MU,MM,AZC,"Azeezia Institute of Medi Science, Meyyannoor, Kollam",MBBS,MM,15,mbbs_p3_final.pdf
2025,3,3490,9237,BH,SM,PIM,"Palakkad Institute of Medical Sciences, Walayar",MBBS,SM,2,mbbs_p3_final.pdf
2025,3,3491,9249,General,AC,SMC,"Dr. Somervell Memorial CSI Medical College, Karakonam",MBBS,AC,23,mbbs_p3_final.pdf
2025,3,3492,9255,General,SM,KMM,"Karuna Medical College, Vilayodi, Palakkad",MBBS,SM,3,mbbs_p3_final.pdf
2025,3,3493,9262,General,SM,KDM,"P K Das Institute of Medical Sciences, Ottapalam",MBBS,SM,16,mbbs_p3_final.pdf
2025,3,3494,9263,VK,VK,SUC,"SUT Accademy of Medical Sciences, Thiruvananthapuram",MBBS,VK,15,mbbs_p3_final.pdf
2025,3,3495,9267,MU,MM,TRM,"Travancore Medical College, Umayanalloor, Kollam",MBBS,MM,1,mbbs_p3_final.pdf
2025,3,3496,9271,BH,SM,KDM,"P K Das Institute of Medical Sciences, Ottapalam",MBBS,SM,3,mbbs_p3_final.pdf
2025,3,3497,9280,EZ,EZ,DMM,"Dr. Moopens Medical College, Meppadi, Wayanad",MBBS,EZ,25,mbbs_p3_final.pdf
2025,3,3498,9285,General,AC,SMC,"Dr. Somervell Memorial CSI Medical College, Karakonam",MBBS,AC,9,mbbs_p3_final.pdf
2025,3,3499,9289,MU,MU,DMM,"Dr. Moopens Medical College, Meppadi, Wayanad",MBBS,MU,1,mbbs_p3_final.pdf
2025,3,3500,9292,EZ,SM,KDM,"P K Das Institute of Medical Sciences, Ottapalam",MBBS,SM,19,mbbs_p3_final.pdf
2025,3,3501,9293,General,SM,KDM,"P K Das Institute of Medical Sciences, Ottapalam",MBBS,SM,2,mbbs_p3_final.pdf
2025,3,3502,9294,MU,MM,AZC,"Azeezia Institute of Medi Science, Meyyannoor, Kollam",MBBS,MM,10,mbbs_p3_final.pdf
2025,3,3503,9298,General,AC,SMC,"Dr. Somervell Memorial CSI Medical College, Karakonam",MBBS,AC,1,mbbs_p3_final.pdf
2025,3,3504,9309,MU,MU,AZC,"Azeezia Institute of Medi Science, Meyyannoor, Kollam",MBBS,MU,24,mbbs_p3_final.pdf
2025,3,3505,9314,BH,SM,PIM,"Palakkad Institute of Medical Sciences, Walayar",MBBS,SM,1,mbbs_p3_final.pdf
2025,3,3506,9315,MU,MM,KEM,"Kerala Medical College, Palakkad",MBBS,MM,2,mbbs_p3_final.pdf
2025,3,3507,9320,General,AC,SMC,"Dr. Somervell Memorial CSI Medical College, Karakonam",MBBS,AC,5,mbbs_p3_final.pdf
2025,3,3508,9323,MU,SM,KMM,"Karuna Medical College, Vilayodi, Palakkad",MBBS,SM,22,mbbs_p3_final.pdf
2025,3,3509,9326,SC,SC,KLM,"Govt. Medical College, Parippally, Kollam",MBBS,SC,1,mbbs_p3_final.pdf
2025,3,3510,9327,EW,EW,MMH,"Malabar Medical College Hospital, Kozhikkode",MBBS,EW,25,mbbs_p3_final.pdf
2025,3,3511,9337,EZ,EZ,AZC,"Azeezia Institute of Medi Science, Meyyannoor, Kollam",MBBS,EZ,17,mbbs_p3_final.pdf
2025,3,3512,9338,SC,SC,KNM,Government Medical College Kannur,MBBS,SC,1,mbbs_p3_final.pdf
2025,3,3513,9350,MU,MM,TRM,"Travancore Medical College, Umayanalloor, Kollam",MBBS,MM,1,mbbs_p3_final.pdf
2025,3,3514,9351,General,AC,SMC,"Dr. Somervell Memorial CSI Medical College, Karakonam",MBBS,AC,1,mbbs_p3_final.pdf
2025,3,3515,9352,BH,SM,MZM,"Mount Zion Medical College, Pathanamthitta",MBBS,SM,22,mbbs_p3_final.pdf
2025,3,3516,9355,EZ,EZ,DMM,"Dr. Moopens Medical College, Meppadi, Wayanad",MBBS,EZ,1,mbbs_p3_final.pdf
2025,3,3517,9369,EZ,EZ,SUC,"SUT Accademy of Medical Sciences, Thiruvananthapuram",MBBS,EZ,22,mbbs_p3_final.pdf
2025,3,3518,9371,MU,SM,KMM,"Karuna Medical College, Vilayodi, Palakkad",MBBS,SM,24,mbbs_p3_final.pdf
2025,3,3519,9375,MU,MM,TRM,"Travancore Medical College, Umayanalloor, Kollam",MBBS,MM,1,mbbs_p3_final.pdf
2025,3,3520,9382,General,SM,KDM,"P K Das Institute of Medical Sciences, Ottapalam",MBBS,SM,26,mbbs_p3_final.pdf
2025,3,3521,9385,General,NR,JMC,"Jubilee Mission Medical College, Thrisur",MBBS,NR,1,mbbs_p3_final.pdf
2025,3,3522,9386,General,SM,AAM,"Al Azhar Medical college, Thodupuzha",MBBS,SM,18,mbbs_p3_final.pdf
2025,3,3523,9390,MU,MM,TRM,"Travancore Medical College, Umayanalloor, Kollam",MBBS,MM,16,mbbs_p3_final.pdf
2025,3,3524,9394,General,SM,AAM,"Al Azhar Medical college, Thodupuzha",MBBS,SM,22,mbbs_p3_final.pdf
2025,3,3525,9398,General,SM,AAM,"Al Azhar Medical college, Thodupuzha",MBBS,SM,24,mbbs_p3_final.pdf
2025,3,3526,9401,MU,SM,KMD,"KMCT Dental College, Mambatta, Mukkam, Kozhikode",BDS,SM,17,mbbs_p3_final.pdf
2025,3,3527,9402,General,SM,AAM,"Al Azhar Medical college, Thodupuzha",MBBS,SM,4,mbbs_p3_final.pdf
2025,3,3528,9404,MU,MM,TRM,"Travancore Medical College, Umayanalloor, Kollam",MBBS,MM,16,mbbs_p3_final.pdf
2025,3,3529,9405,General,SM,KMM,"Karuna Medical College, Vilayodi, Palakkad",MBBS,SM,6,mbbs_p3_final.pdf
2025,3,3530,9412,General,AC,SMC,"Dr. Somervell Memorial CSI Medical College, Karakonam",MBBS,AC,26,mbbs_p3_final.pdf
2025,3,3531,9417,DV,SM,KDM,"P K Das Institute of Medical Sciences, Ottapalam",MBBS,SM,17,mbbs_p3_final.pdf
2025,3,3532,9418,DV,SM,KDM,"P K Das Institute of Medical Sciences, Ottapalam",MBBS,SM,1,mbbs_p3_final.pdf
2025,3,3533,9421,EZ,EZ,SIM,"Sree Narayana Institute of Medical Sciences, Chalakka, Ernakulam.",MBBS,EZ,24,mbbs_p3_final.pdf
2025,3,3534,9422,General,SM,AAM,"Al Azhar Medical college, Thodupuzha",MBBS,SM,28,mbbs_p3_final.pdf
2025,3,3535,9423,EZ,EZ,DMM,"Dr. Moopens Medical College, Meppadi, Wayanad",MBBS,EZ,17,mbbs_p3_final.pdf
2025,3,3536,9425,MU,MM,TRM,"Travancore Medical College, Umayanalloor, Kollam",MBBS,MM,15,mbbs_p3_final.pdf
2025,3,3537,9426,MU,MM,TRM,"Travancore Medical College, Umayanalloor, Kollam",MBBS,MM,27,mbbs_p3_final.pdf
2025,3,3538,9427,EW,EW,MMH,"Malabar Medical College Hospital, Kozhikkode",MBBS,EW,20,mbbs_p3_final.pdf
2025,3,3539,9432,General,SM,KMM,"Karuna Medical College, Vilayodi, Palakkad",MBBS,SM,17,mbbs_p3_final.pdf
2025,3,3540,9436,MU,MU,SIM,"Sree Narayana Institute of Medical Sciences, Chalakka, Ernakulam.",MBBS,MU,16,mbbs_p3_final.pdf
2025,3,3541,9442,MU,MM,TRM,"Travancore Medical College, Umayanalloor, Kollam",MBBS,MM,1,mbbs_p3_final.pdf
2025,3,3542,9443,General,MM,AZC,"Azeezia Institute of Medi Science, Meyyannoor, Kollam",MBBS,MM,1,mbbs_p3_final.pdf
2025,3,3543,9444,General,MM,KMM,"Karuna Medical College, Vilayodi, Palakkad",MBBS,MM,4,mbbs_p3_final.pdf
2025,3,3544,9457,BH,SM,KDM,"P K Das Institute of Medical Sciences, Ottapalam",MBBS,SM,18,mbbs_p3_final.pdf
2025,3,3545,9463,EZ,EZ,DMM,"Dr. Moopens Medical College, Meppadi, Wayanad",MBBS,EZ,17,mbbs_p3_final.pdf
2025,3,3546,9468,BH,SM,KDM,"P K Das Institute of Medical Sciences, Ottapalam",MBBS,SM,1,mbbs_p3_final.pdf
2025,3,3547,9475,BH,SM,KDM,"P K Das Institute of Medical Sciences, Ottapalam",MBBS,SM,1,mbbs_p3_final.pdf
2025,3,3548,9479,VK,VK,DMM,"Dr. Moopens Medical College, Meppadi, Wayanad",MBBS,VK,1,mbbs_p3_final.pdf
2025,3,3549,9482,General,AC,SMC,"Dr. Somervell Memorial CSI Medical College, Karakonam",MBBS,AC,26,mbbs_p3_final.pdf
2025,3,3550,9493,MU,MU,SUC,"SUT Accademy of Medical Sciences, Thiruvananthapuram",MBBS,MU,24,mbbs_p3_final.pdf
2025,3,3551,9495,MU,MM,KMM,"Karuna Medical College, Vilayodi, Palakkad",MBBS,MM,1,mbbs_p3_final.pdf
2025,3,3552,9497,MU,MU,DMM,"Dr. Moopens Medical College, Meppadi, Wayanad",MBBS,MU,12,mbbs_p3_final.pdf
2025,3,3553,9502,MU,MM,KMM,"Karuna Medical College, Vilayodi, Palakkad",MBBS,MM,13,mbbs_p3_final.pdf
2025,3,3554,9503,LA,LA,SIM,"Sree Narayana Institute of Medical Sciences, Chalakka, Ernakulam.",MBBS,LA,25,mbbs_p3_final.pdf
2025,3,3555,9507,LA,LA,MMH,"Malabar Medical College Hospital, Kozhikkode",MBBS,LA,14,mbbs_p3_final.pdf
2025,3,3556,9511,General,SM,KMM,"Karuna Medical College, Vilayodi, Palakkad",MBBS,SM,27,mbbs_p3_final.pdf
2025,3,3557,9513,MU,MU,SUC,"SUT Accademy of Medical Sciences, Thiruvananthapuram",MBBS,MU,15,mbbs_p3_final.pdf
2025,3,3558,9515,MU,MM,KMM,"Karuna Medical College, Vilayodi, Palakkad",MBBS,MM,1,mbbs_p3_final.pdf
2025,3,3559,9518,General,SM,MZM,"Mount Zion Medical College, Pathanamthitta",MBBS,SM,22,mbbs_p3_final.pdf
2025,3,3560,9523,General,SM,KDM,"P K Das Institute of Medical Sciences, Ottapalam",MBBS,SM,21,mbbs_p3_final.pdf
2025,3,3561,9525,BH,SM,AAM,"Al Azhar Medical college, Thodupuzha",MBBS,SM,27,mbbs_p3_final.pdf
2025,3,3562,9526,MU,MM,TRM,"Travancore Medical College, Umayanalloor, Kollam",MBBS,MM,25,mbbs_p3_final.pdf
2025,3,3563,9527,LA,LA,KND,"Government Dental College, Kannur",BDS,LA,15,mbbs_p3_final.pdf
2025,3,3564,9530,General,AC,SMC,"Dr. Somervell Memorial CSI Medical College, Karakonam",MBBS,AC,1,mbbs_p3_final.pdf
2025,3,3565,9531,MU,SM,KMM,"Karuna Medical College, Vilayodi, Palakkad",MBBS,SM,20,mbbs_p3_final.pdf
2025,3,3566,9533,VK,VK,KEM,"Kerala Medical College, Palakkad",MBBS,VK,15,mbbs_p3_final.pdf
2025,3,3567,9534,General,SM,AAM,"Al Azhar Medical college, Thodupuzha",MBBS,SM,18,mbbs_p3_final.pdf
2025,3,3568,9537,MU,SM,AAD,"Al Azhar Dental College, Thodupuzha",BDS,SM,7,mbbs_p3_final.pdf
2025,3,3569,9544,MU,MM,KMM,"Karuna Medical College, Vilayodi, Palakkad",MBBS,MM,1,mbbs_p3_final.pdf
2025,3,3570,9551,EZ,EZ,SUC,"SUT Accademy of Medical Sciences, Thiruvananthapuram",MBBS,EZ,24,mbbs_p3_final.pdf
2025,3,3571,9553,MU,MU,DMM,"Dr. Moopens Medical College, Meppadi, Wayanad",MBBS,MU,20,mbbs_p3_final.pdf
2025,3,3572,9556,General,SM,MZM,"Mount Zion Medical College, Pathanamthitta",MBBS,SM,25,mbbs_p3_final.pdf
2025,3,3573,9557,DV,SM,PIM,"Palakkad Institute of Medical Sciences, Walayar",MBBS,SM,25,mbbs_p3_final.pdf
2025,3,3574,9560,General,SM,KMM,"Karuna Medical College, Vilayodi, Palakkad",MBBS,SM,26,mbbs_p3_final.pdf
2025,3,3575,9562,EZ,SM,AAM,"Al Azhar Medical college, Thodupuzha",MBBS,SM,20,mbbs_p3_final.pdf
2025,3,3576,9566,MU,MM,KEM,"Kerala Medical College, Palakkad",MBBS,MM,2,mbbs_p3_final.pdf
2025,3,3577,9569,DV,SM,KDM,"P K Das Institute of Medical Sciences, Ottapalam",MBBS,SM,19,mbbs_p3_final.pdf
2025,3,3578,9574,General,AC,MZM,"Mount Zion Medical College, Pathanamthitta",MBBS,AC,24,mbbs_p3_final.pdf
2025,3,3579,9575,EZ,SM,AAM,"Al Azhar Medical college, Thodupuzha",MBBS,SM,23,mbbs_p3_final.pdf
2025,3,3580,9577,General,AC,SMC,"Dr. Somervell Memorial CSI Medical College, Karakonam",MBBS,AC,26,mbbs_p3_final.pdf
2025,3,3581,9584,General,AC,SMC,"Dr. Somervell Memorial CSI Medical College, Karakonam",MBBS,AC,18,mbbs_p3_final.pdf
2025,3,3582,9585,KN,KN,IDM,Government Medical College Idukki,MBBS,KN,9,mbbs_p3_final.pdf
2025,3,3583,9587,MU,MM,KMM,"Karuna Medical College, Vilayodi, Palakkad",MBBS,MM,19,mbbs_p3_final.pdf
2025,3,3584,9593,General,AC,SMC,"Dr. Somervell Memorial CSI Medical College, Karakonam",MBBS,AC,22,mbbs_p3_final.pdf
2025,3,3585,9595,General,SM,PIM,"Palakkad Institute of Medical Sciences, Walayar",MBBS,SM,25,mbbs_p3_final.pdf
2025,3,3586,9596,EZ,EZ,SIM,"Sree Narayana Institute of Medical Sciences, Chalakka, Ernakulam.",MBBS,EZ,17,mbbs_p3_final.pdf
2025,3,3587,9605,General,NR,GMC,"Sree Gokulam Medical College, Venjaramoodu, TVPM",MBBS,NR,3,mbbs_p3_final.pdf
2025,3,3588,9608,EW,EW,MMH,"Malabar Medical College Hospital, Kozhikkode",MBBS,EW,22,mbbs_p3_final.pdf
2025,3,3589,9611,General,SM,AAM,"Al Azhar Medical college, Thodupuzha",MBBS,SM,21,mbbs_p3_final.pdf
2025,3,3590,9616,BX,AC,SMC,"Dr. Somervell Memorial CSI Medical College, Karakonam",MBBS,AC,18,mbbs_p3_final.pdf
2025,3,3591,9617,EZ,SM,KDM,"P K Das Institute of Medical Sciences, Ottapalam",MBBS,SM,1,mbbs_p3_final.pdf
2025,3,3592,9619,MU,MM,TRM,"Travancore Medical College, Umayanalloor, Kollam",MBBS,MM,1,mbbs_p3_final.pdf
2025,3,3593,9620,MU,MM,TRM,"Travancore Medical College, Umayanalloor, Kollam",MBBS,MM,1,mbbs_p3_final.pdf
2025,3,3594,9622,BH,SM,KDM,"P K Das Institute of Medical Sciences, Ottapalam",MBBS,SM,27,mbbs_p3_final.pdf
2025,3,3595,9626,EZ,SM,AAM,"Al Azhar Medical college, Thodupuzha",MBBS,SM,1,mbbs_p3_final.pdf
2025,3,3596,9630,General,SM,KDM,"P K Das Institute of Medical Sciences, Ottapalam",MBBS,SM,22,mbbs_p3_final.pdf
2025,3,3597,9633,MU,SM,KDM,"P K Das Institute of Medical Sciences, Ottapalam",MBBS,SM,1,mbbs_p3_final.pdf
2025,3,3598,9634,General,SM,KMM,"Karuna Medical College, Vilayodi, Palakkad",MBBS,SM,17,mbbs_p3_final.pdf
2025,3,3599,9638,VK,VK,SUC,"SUT Accademy of Medical Sciences, Thiruvananthapuram",MBBS,VK,23,mbbs_p3_final.pdf
2025,3,3600,9642,EZ,SM,AAM,"Al Azhar Medical college, Thodupuzha",MBBS,SM,1,mbbs_p3_final.pdf
2025,3,3601,9645,BH,SM,KDM,"P K Das Institute of Medical Sciences, Ottapalam",MBBS,SM,15,mbbs_p3_final.pdf
2025,3,3602,9647,General,SM,PIM,"Palakkad Institute of Medical Sciences, Walayar",MBBS,SM,22,mbbs_p3_final.pdf
2025,3,3603,9653,General,SM,AAM,"Al Azhar Medical college, Thodupuzha",MBBS,SM,25,mbbs_p3_final.pdf
2025,3,3604,9655,MU,SM,KDM,"P K Das Institute of Medical Sciences, Ottapalam",MBBS,SM,6,mbbs_p3_final.pdf
2025,3,3605,9657,MU,MM,KEM,"Kerala Medical College, Palakkad",MBBS,MM,16,mbbs_p3_final.pdf
2025,3,3606,9658,MU,MM,KMM,"Karuna Medical College, Vilayodi, Palakkad",MBBS,MM,1,mbbs_p3_final.pdf
2025,3,3607,9662,SC,SC,ALP,"T D Govt. Medical College, Alappuzha",MBBS,SC,1,mbbs_p3_final.pdf
2025,3,3608,9667,MU,MM,TRM,"Travancore Medical College, Umayanalloor, Kollam",MBBS,MM,7,mbbs_p3_final.pdf
2025,3,3609,9668,EZ,SM,PSD,"PSM College of Dental Sciences, Thrissur",BDS,SM,21,mbbs_p3_final.pdf
2025,3,3610,9677,SC,SC,ALP,"T D Govt. Medical College, Alappuzha",MBBS,SC,1,mbbs_p3_final.pdf
2025,3,3611,9681,EZ,EZ,SIM,"Sree Narayana Institute of Medical Sciences, Chalakka, Ernakulam.",MBBS,EZ,1,mbbs_p3_final.pdf
2025,3,3612,9682,General,SM,KMM,"Karuna Medical College, Vilayodi, Palakkad",MBBS,SM,7,mbbs_p3_final.pdf
2025,3,3613,9685,SC,SC,ALP,"T D Govt. Medical College, Alappuzha",MBBS,SC,4,mbbs_p3_final.pdf
2025,3,3614,9686,General,AC,MZM,"Mount Zion Medical College, Pathanamthitta",MBBS,AC,12,mbbs_p3_final.pdf
2025,3,3615,9688,General,SM,PMS,"PMS College of Dental Sciences, Vattappara, TVPM",BDS,SM,1,mbbs_p3_final.pdf
2025,3,3616,9692,General,SM,KDM,"P K Das Institute of Medical Sciences, Ottapalam",MBBS,SM,22,mbbs_p3_final.pdf
2025,3,3617,9693,General,SM,KDM,"P K Das Institute of Medical Sciences, Ottapalam",MBBS,SM,26,mbbs_p3_final.pdf
2025,3,3618,9694,MU,MU,SUC,"SUT Accademy of Medical Sciences, Thiruvananthapuram",MBBS,MU,1,mbbs_p3_final.pdf
2025,3,3619,9705,MU,MM,KMM,"Karuna Medical College, Vilayodi, Palakkad",MBBS,MM,15,mbbs_p3_final.pdf
2025,3,3620,9711,EZ,SM,KDM,"P K Das Institute of Medical Sciences, Ottapalam",MBBS,SM,17,mbbs_p3_final.pdf
2025,3,3621,9712,EZ,SM,KDM,"P K Das Institute of Medical Sciences, Ottapalam",MBBS,SM,18,mbbs_p3_final.pdf
2025,3,3622,9715,MU,MU,SUC,"SUT Accademy of Medical Sciences, Thiruvananthapuram",MBBS,MU,1,mbbs_p3_final.pdf
2025,3,3623,9723,MU,SM,AAM,"Al Azhar Medical college, Thodupuzha",MBBS,SM,20,mbbs_p3_final.pdf
2025,3,3624,9725,EW,EW,MMH,"Malabar Medical College Hospital, Kozhikkode",MBBS,EW,21,mbbs_p3_final.pdf
2025,3,3625,9726,General,AC,SMC,"Dr. Somervell Memorial CSI Medical College, Karakonam",MBBS,AC,23,mbbs_p3_final.pdf
2025,3,3626,9731,MU,MM,TRM,"Travancore Medical College, Umayanalloor, Kollam",MBBS,MM,27,mbbs_p3_final.pdf
2025,3,3627,9740,LA,AC,SMC,"Dr. Somervell Memorial CSI Medical College, Karakonam",MBBS,AC,16,mbbs_p3_final.pdf
2025,3,3628,9741,SC,SC,KNM,Government Medical College Kannur,MBBS,SC,1,mbbs_p3_final.pdf
2025,3,3629,9743,EZ,EZ,SIM,"Sree Narayana Institute of Medical Sciences, Chalakka, Ernakulam.",MBBS,EZ,16,mbbs_p3_final.pdf
2025,3,3630,9744,EZ,SM,KDM,"P K Das Institute of Medical Sciences, Ottapalam",MBBS,SM,16,mbbs_p3_final.pdf
2025,3,3631,9750,BH,SM,PIM,"Palakkad Institute of Medical Sciences, Walayar",MBBS,SM,1,mbbs_p3_final.pdf
2025,3,3632,9754,MU,MM,TRM,"Travancore Medical College, Umayanalloor, Kollam",MBBS,MM,16,mbbs_p3_final.pdf
2025,3,3633,9755,MU,MU,SIM,"Sree Narayana Institute of Medical Sciences, Chalakka, Ernakulam.",MBBS,MU,4,mbbs_p3_final.pdf
2025,3,3634,9756,EZ,SM,KDM,"P K Das Institute of Medical Sciences, Ottapalam",MBBS,SM,1,mbbs_p3_final.pdf
2025,3,3635,9760,SC,SC,MLP,"Govt. Medical College, Manjeri",MBBS,SC,1,mbbs_p3_final.pdf
2025,3,3636,9761,MU,MM,TRM,"Travancore Medical College, Umayanalloor, Kollam",MBBS,MM,16,mbbs_p3_final.pdf
2025,3,3637,9766,General,SM,KMM,"Karuna Medical College, Vilayodi, Palakkad",MBBS,SM,26,mbbs_p3_final.pdf
2025,3,3638,9771,General,SM,KMM,"Karuna Medical College, Vilayodi, Palakkad",MBBS,SM,29,mbbs_p3_final.pdf
2025,3,3639,9772,General,MM,AZC,"Azeezia Institute of Medi Science, Meyyannoor, Kollam",MBBS,MM,1,mbbs_p3_final.pdf
2025,3,3640,9781,General,SM,AAM,"Al Azhar Medical college, Thodupuzha",MBBS,SM,30,mbbs_p3_final.pdf
2025,3,3641,9783,EZ,PD,KTM,"Govt. Medical College, Kottayam",MBBS,PD,1,mbbs_p3_final.pdf
2025,3,3642,9788,LA,LA,MMH,"Malabar Medical College Hospital, Kozhikkode",MBBS,LA,24,mbbs_p3_final.pdf
2025,3,3643,9791,General,SM,KMM,"Karuna Medical College, Vilayodi, Palakkad",MBBS,SM,29,mbbs_p3_final.pdf
2025,3,3644,9793,BH,BH,MZM,"Mount Zion Medical College, Pathanamthitta",MBBS,BH,17,mbbs_p3_final.pdf
2025,3,3645,9794,SC,SC,CMC,"Govt. Medical College, Ernakulam",MBBS,SC,3,mbbs_p3_final.pdf
2025,3,3646,9795,EZ,EZ,KDM,"P K Das Institute of Medical Sciences, Ottapalam",MBBS,EZ,1,mbbs_p3_final.pdf
2025,3,3647,9800,General,SM,PIM,"Palakkad Institute of Medical Sciences, Walayar",MBBS,SM,1,mbbs_p3_final.pdf
2025,3,3648,9802,MU,MU,KDM,"P K Das Institute of Medical Sciences, Ottapalam",MBBS,MU,17,mbbs_p3_final.pdf
2025,3,3649,9803,EW,SM,PMD,"Pushpagiri College of Dental Science, Thiruvalla",BDS,SM,21,mbbs_p3_final.pdf
2025,3,3650,9805,General,SM,PIM,"Palakkad Institute of Medical Sciences, Walayar",MBBS,SM,32,mbbs_p3_final.pdf
2025,3,3651,9806,General,SM,PMS,"PMS College of Dental Sciences, Vattappara, TVPM",BDS,SM,7,mbbs_p3_final.pdf
2025,3,3652,9810,LA,LA,MMH,"Malabar Medical College Hospital, Kozhikkode",MBBS,LA,21,mbbs_p3_final.pdf
2025,3,3653,9811,KN,FL-KN,IDM,Government Medical College Idukki,MBBS,FL-KN,4,mbbs_p3_final.pdf
2025,3,3654,9824,SC,SC,KLM,"Govt. Medical College, Parippally, Kollam",MBBS,SC,1,mbbs_p3_final.pdf
2025,3,3655,9825,BX,BX,SUC,"SUT Accademy of Medical Sciences, Thiruvananthapuram",MBBS,BX,1,mbbs_p3_final.pdf
2025,3,3656,9826,EZ,SM,PSD,"PSM College of Dental Sciences, Thrissur",BDS,SM,21,mbbs_p3_final.pdf
2025,3,3657,9830,MU,MM,TRM,"Travancore Medical College, Umayanalloor, Kollam",MBBS,MM,16,mbbs_p3_final.pdf
2025,3,3658,9833,LA,AC,SMC,"Dr. Somervell Memorial CSI Medical College, Karakonam",MBBS,AC,26,mbbs_p3_final.pdf
2025,3,3659,9834,General,SM,AAM,"Al Azhar Medical college, Thodupuzha",MBBS,SM,21,mbbs_p3_final.pdf
2025,3,3660,9840,BH,SM,KMM,"Karuna Medical College, Vilayodi, Palakkad",MBBS,SM,27,mbbs_p3_final.pdf
2025,3,3661,9844,General,SM,KMM,"Karuna Medical College, Vilayodi, Palakkad",MBBS,SM,15,mbbs_p3_final.pdf
2025,3,3662,9849,SC,SC,KLM,"Govt. Medical College, Parippally, Kollam",MBBS,SC,3,mbbs_p3_final.pdf
2025,3,3663,9862,BH,BH,KDM,"P K Das Institute of Medical Sciences, Ottapalam",MBBS,BH,25,mbbs_p3_final.pdf
2025,3,3664,9869,LA,LA,SUC,"SUT Accademy of Medical Sciences, Thiruvananthapuram",MBBS,LA,26,mbbs_p3_final.pdf
2025,3,3665,9872,General,SM,AAM,"Al Azhar Medical college, Thodupuzha",MBBS,SM,17,mbbs_p3_final.pdf
2025,3,3666,9876,MU,MM,AZC,"Azeezia Institute of Medi Science, Meyyannoor, Kollam",MBBS,MM,23,mbbs_p3_final.pdf
2025,3,3667,9880,EZ,EZ,KDM,"P K Das Institute of Medical Sciences, Ottapalam",MBBS,EZ,28,mbbs_p3_final.pdf
2025,3,3668,9881,General,SM,PIM,"Palakkad Institute of Medical Sciences, Walayar",MBBS,SM,26,mbbs_p3_final.pdf
2025,3,3669,9888,BH,SM,PIM,"Palakkad Institute of Medical Sciences, Walayar",MBBS,SM,1,mbbs_p3_final.pdf
2025,3,3670,9893,MU,SM,PMD,"Pushpagiri College of Dental Science, Thiruvalla",BDS,SM,1,mbbs_p3_final.pdf
2025,3,3671,9905,LA,LA,KDM,"P K Das Institute of Medical Sciences, Ottapalam",MBBS,LA,7,mbbs_p3_final.pdf
2025,3,3672,9906,DV,DV,SUC,"SUT Accademy of Medical Sciences, Thiruvananthapuram",MBBS,DV,10,mbbs_p3_final.pdf
2025,3,3673,9912,General,SM,PIM,"Palakkad Institute of Medical Sciences, Walayar",MBBS,SM,7,mbbs_p3_final.pdf
2025,3,3674,9917,SC,SC,CMC,"Govt. Medical College, Ernakulam",MBBS,SC,1,mbbs_p3_final.pdf
2025,3,3675,9920,EZ,EZ,KDM,"P K Das Institute of Medical Sciences, Ottapalam",MBBS,EZ,20,mbbs_p3_final.pdf
2025,3,3676,9923,MU,SM,AAM,"Al Azhar Medical college, Thodupuzha",MBBS,SM,23,mbbs_p3_final.pdf
2025,3,3677,9929,MU,MU,SUC,"SUT Accademy of Medical Sciences, Thiruvananthapuram",MBBS,MU,1,mbbs_p3_final.pdf
2025,3,3678,9930,General,AC,SMC,"Dr. Somervell Memorial CSI Medical College, Karakonam",MBBS,AC,32,mbbs_p3_final.pdf
2025,3,3679,9932,BH,SM,AAM,"Al Azhar Medical college, Thodupuzha",MBBS,SM,5,mbbs_p3_final.pdf
2025,3,3680,9936,MU,MU,KMM,"Karuna Medical College, Vilayodi, Palakkad",MBBS,MU,12,mbbs_p3_final.pdf
2025,3,3681,9945,BH,SM,PIM,"Palakkad Institute of Medical Sciences, Walayar",MBBS,SM,20,mbbs_p3_final.pdf
2025,3,3682,9952,General,AC,SMC,"Dr. Somervell Memorial CSI Medical College, Karakonam",MBBS,AC,27,mbbs_p3_final.pdf
2025,3,3683,9961,MU,SM,AAM,"Al Azhar Medical college, Thodupuzha",MBBS,SM,22,mbbs_p3_final.pdf
2025,3,3684,9963,EZ,SM,AAM,"Al Azhar Medical college, Thodupuzha",MBBS,SM,26,mbbs_p3_final.pdf
2025,3,3685,9965,EZ,SM,PIM,"Palakkad Institute of Medical Sciences, Walayar",MBBS,SM,4,mbbs_p3_final.pdf
2025,3,3686,9966,General,SM,PIM,"Palakkad Institute of Medical Sciences, Walayar",MBBS,SM,25,mbbs_p3_final.pdf
2025,3,3687,9967,BH,SM,PIM,"Palakkad Institute of Medical Sciences, Walayar",MBBS,SM,12,mbbs_p3_final.pdf
2025,3,3688,9972,EZ,EZ,KDM,"P K Das Institute of Medical Sciences, Ottapalam",MBBS,EZ,1,mbbs_p3_final.pdf
2025,3,3689,9975,MU,MU,KDM,"P K Das Institute of Medical Sciences, Ottapalam",MBBS,MU,21,mbbs_p3_final.pdf
2025,3,3690,9978,General,SM,PIM,"Palakkad Institute of Medical Sciences, Walayar",MBBS,SM,26,mbbs_p3_final.pdf
2025,3,3691,9979,MU,MM,TRM,"Travancore Medical College, Umayanalloor, Kollam",MBBS,MM,3,mbbs_p3_final.pdf
2025,3,3692,9980,General,SM,PIM,"Palakkad Institute of Medical Sciences, Walayar",MBBS,SM,18,mbbs_p3_final.pdf
2025,3,3693,9982,General,SM,PIM,"Palakkad Institute of Medical Sciences, Walayar",MBBS,SM,1,mbbs_p3_final.pdf
2025,3,3694,9984,MU,MM,TRM,"Travancore Medical College, Umayanalloor, Kollam",MBBS,MM,18,mbbs_p3_final.pdf
2025,3,3695,9987,General,MM,AAM,"Al Azhar Medical college, Thodupuzha",MBBS,MM,28,mbbs_p3_final.pdf
2025,3,3696,9990,General,MM,TRM,"Travancore Medical College, Umayanalloor, Kollam",MBBS,MM,27,mbbs_p3_final.pdf
2025,3,3697,9991,BH,BH,AZC,"Azeezia Institute of Medi Science, Meyyannoor, Kollam",MBBS,BH,17,mbbs_p3_final.pdf
2025,3,3698,9994,DV,SM,AAM,"Al Azhar Medical college, Thodupuzha",MBBS,SM,19,mbbs_p3_final.pdf
2025,3,3699,10001,General,AC,SMC,"Dr. Somervell Memorial CSI Medical College, Karakonam",MBBS,AC,20,mbbs_p3_final.pdf
2025,3,3700,10004,MU,MM,TRM,"Travancore Medical College, Umayanalloor, Kollam",MBBS,MM,4,mbbs_p3_final.pdf
2025,3,3701,10010,MU,MM,TRM,"Travancore Medical College, Umayanalloor, Kollam",MBBS,MM,23,mbbs_p3_final.pdf
2025,3,3702,10012,General,AC,SMC,"Dr. Somervell Memorial CSI Medical College, Karakonam",MBBS,AC,12,mbbs_p3_final.pdf
2025,3,3703,10019,EZ,SM,AAM,"Al Azhar Medical college, Thodupuzha",MBBS,SM,27,mbbs_p3_final.pdf
2025,3,3704,10025,General,SM,AAM,"Al Azhar Medical college, Thodupuzha",MBBS,SM,23,mbbs_p3_final.pdf
2025,3,3705,10026,BH,BH,KMM,"Karuna Medical College, Vilayodi, Palakkad",MBBS,BH,27,mbbs_p3_final.pdf
2025,3,3706,10028,General,SM,PIM,"Palakkad Institute of Medical Sciences, Walayar",MBBS,SM,6,mbbs_p3_final.pdf
2025,3,3707,10034,EZ,EZ,MZM,"Mount Zion Medical College, Pathanamthitta",MBBS,EZ,20,mbbs_p3_final.pdf
2025,3,3708,10036,EZ,SM,AAM,"Al Azhar Medical college, Thodupuzha",MBBS,SM,21,mbbs_p3_final.pdf
2025,3,3709,10037,General,SM,PIM,"Palakkad Institute of Medical Sciences, Walayar",MBBS,SM,21,mbbs_p3_final.pdf
2025,3,3710,10040,MU,MM,KMM,"Karuna Medical College, Vilayodi, Palakkad",MBBS,MM,15,mbbs_p3_final.pdf
2025,3,3711,10041,EZ,EZ,AZC,"Azeezia Institute of Medi Science, Meyyannoor, Kollam",MBBS,EZ,27,mbbs_p3_final.pdf
2025,3,3712,10047,General,SM,AAM,"Al Azhar Medical college, Thodupuzha",MBBS,SM,31,mbbs_p3_final.pdf
2025,3,3713,10048,General,SM,PIM,"Palakkad Institute of Medical Sciences, Walayar",MBBS,SM,25,mbbs_p3_final.pdf
2025,3,3714,10059,General,SM,PIM,"Palakkad Institute of Medical Sciences, Walayar",MBBS,SM,21,mbbs_p3_final.pdf
2025,3,3715,10069,SC,SC,ALP,"T D Govt. Medical College, Alappuzha",MBBS,SC,1,mbbs_p3_final.pdf
2025,3,3716,10072,SC,SC,ALP,"T D Govt. Medical College, Alappuzha",MBBS,SC,1,mbbs_p3_final.pdf
2025,3,3717,10073,MU,MM,AAM,"Al Azhar Medical college, Thodupuzha",MBBS,MM,11,mbbs_p3_final.pdf
2025,3,3718,10079,EZ,EZ,KDM,"P K Das Institute of Medical Sciences, Ottapalam",MBBS,EZ,15,mbbs_p3_final.pdf
2025,3,3719,10086,EZ,SM,AAM,"Al Azhar Medical college, Thodupuzha",MBBS,SM,15,mbbs_p3_final.pdf
2025,3,3720,10087,EZ,SM,AAM,"Al Azhar Medical college, Thodupuzha",MBBS,SM,11,mbbs_p3_final.pdf
2025,3,3721,10088,BX,BX,MZM,"Mount Zion Medical College, Pathanamthitta",MBBS,BX,1,mbbs_p3_final.pdf
2025,3,3722,10100,General,AC,SMC,"Dr. Somervell Memorial CSI Medical College, Karakonam",MBBS,AC,13,mbbs_p3_final.pdf
2025,3,3723,10103,MU,SM,AAM,"Al Azhar Medical college, Thodupuzha",MBBS,SM,22,mbbs_p3_final.pdf
2025,3,3724,10104,General,AC,SMC,"Dr. Somervell Memorial CSI Medical College, Karakonam",MBBS,AC,28,mbbs_p3_final.pdf
2025,3,3725,10105,MU,SM,AAM,"Al Azhar Medical college, Thodupuzha",MBBS,SM,10,mbbs_p3_final.pdf
2025,3,3726,10108,BH,SM,PIM,"Palakkad Institute of Medical Sciences, Walayar",MBBS,SM,14,mbbs_p3_final.pdf
2025,3,3727,10113,BX,BX,SIM,"Sree Narayana Institute of Medical Sciences, Chalakka, Ernakulam.",MBBS,BX,13,mbbs_p3_final.pdf
2025,3,3728,10124,General,SM,PIM,"Palakkad Institute of Medical Sciences, Walayar",MBBS,SM,4,mbbs_p3_final.pdf
2025,3,3729,10129,General,AC,SMC,"Dr. Somervell Memorial CSI Medical College, Karakonam",MBBS,AC,23,mbbs_p3_final.pdf
2025,3,3730,10131,BH,SM,PIM,"Palakkad Institute of Medical Sciences, Walayar",MBBS,SM,17,mbbs_p3_final.pdf
2025,3,3731,10135,General,AC,MZM,"Mount Zion Medical College, Pathanamthitta",MBBS,AC,23,mbbs_p3_final.pdf
2025,3,3732,10145,General,MM,AZC,"Azeezia Institute of Medi Science, Meyyannoor, Kollam",MBBS,MM,4,mbbs_p3_final.pdf
2025,3,3733,10147,KN,KN,KCM,"KMCT Medical College, Mukkom, Kozikkode",MBBS,KN,14,mbbs_p3_final.pdf
2025,3,3734,10157,MU,MU,SUC,"SUT Accademy of Medical Sciences, Thiruvananthapuram",MBBS,MU,10,mbbs_p3_final.pdf
2025,3,3735,10160,General,AC,MZM,"Mount Zion Medical College, Pathanamthitta",MBBS,AC,24,mbbs_p3_final.pdf
2025,3,3736,10161,MU,MM,KEM,"Kerala Medical College, Palakkad",MBBS,MM,2,mbbs_p3_final.pdf
2025,3,3737,10162,LA,LA,DMM,"Dr. Moopens Medical College, Meppadi, Wayanad",MBBS,LA,1,mbbs_p3_final.pdf
2025,3,3738,10163,SC,SC,ALP,"T D Govt. Medical College, Alappuzha",MBBS,SC,2,mbbs_p3_final.pdf
2025,3,3739,10166,EW,EW,SUC,"SUT Accademy of Medical Sciences, Thiruvananthapuram",MBBS,EW,1,mbbs_p3_final.pdf
2025,3,3740,10169,BX,BX,KDM,"P K Das Institute of Medical Sciences, Ottapalam",MBBS,BX,8,mbbs_p3_final.pdf
2025,3,3741,10171,General,SM,AAM,"Al Azhar Medical college, Thodupuzha",MBBS,SM,10,mbbs_p3_final.pdf
2025,3,3742,10172,MU,MM,KMM,"Karuna Medical College, Vilayodi, Palakkad",MBBS,MM,20,mbbs_p3_final.pdf
2025,3,3743,10173,EZ,EZ,KDM,"P K Das Institute of Medical Sciences, Ottapalam",MBBS,EZ,28,mbbs_p3_final.pdf
2025,3,3744,10178,General,AC,PMD,"Pushpagiri College of Dental Science, Thiruvalla",BDS,AC,1,mbbs_p3_final.pdf
2025,3,3745,10183,General,SM,PIM,"Palakkad Institute of Medical Sciences, Walayar",MBBS,SM,3,mbbs_p3_final.pdf
2025,3,3746,10188,General,SM,AAM,"Al Azhar Medical college, Thodupuzha",MBBS,SM,27,mbbs_p3_final.pdf
2025,3,3747,10189,EW,EW,MMH,"Malabar Medical College Hospital, Kozhikkode",MBBS,EW,15,mbbs_p3_final.pdf
2025,3,3748,10190,LA,LA,AZC,"Azeezia Institute of Medi Science, Meyyannoor, Kollam",MBBS,LA,31,mbbs_p3_final.pdf
2025,3,3749,10195,MU,MU,KDM,"P K Das Institute of Medical Sciences, Ottapalam",MBBS,MU,14,mbbs_p3_final.pdf
2025,3,3750,10200,EZ,EZ,MZM,"Mount Zion Medical College, Pathanamthitta",MBBS,EZ,25,mbbs_p3_final.pdf
2025,3,3751,10202,MU,SM,KMD,"KMCT Dental College, Mambatta, Mukkam, Kozhikode",BDS,SM,7,mbbs_p3_final.pdf
2025,3,3752,10213,EZ,SM,AAM,"Al Azhar Medical college, Thodupuzha",MBBS,SM,1,mbbs_p3_final.pdf
2025,3,3753,10214,General,SM,AAM,"Al Azhar Medical college, Thodupuzha",MBBS,SM,23,mbbs_p3_final.pdf
2025,3,3754,10217,MU,MU,KMM,"Karuna Medical College, Vilayodi, Palakkad",MBBS,MU,22,mbbs_p3_final.pdf
2025,3,3755,10220,General,AC,SMC,"Dr. Somervell Memorial CSI Medical College, Karakonam",MBBS,AC,27,mbbs_p3_final.pdf
2025,3,3756,10222,EZ,SM,AAM,"Al Azhar Medical college, Thodupuzha",MBBS,SM,27,mbbs_p3_final.pdf
2025,3,3757,10223,BH,BH,KDM,"P K Das Institute of Medical Sciences, Ottapalam",MBBS,BH,16,mbbs_p3_final.pdf
2025,3,3758,10229,EZ,EZ,DMM,"Dr. Moopens Medical College, Meppadi, Wayanad",MBBS,EZ,28,mbbs_p3_final.pdf
2025,3,3759,10231,SC,SC,KNM,Government Medical College Kannur,MBBS,SC,1,mbbs_p3_final.pdf
2025,3,3760,10239,MU,SM,AAM,"Al Azhar Medical college, Thodupuzha",MBBS,SM,23,mbbs_p3_final.pdf
2025,3,3761,10241,EZ,SM,PIM,"Palakkad Institute of Medical Sciences, Walayar",MBBS,SM,9,mbbs_p3_final.pdf
2025,3,3762,10245,General,AC,SMC,"Dr. Somervell Memorial CSI Medical College, Karakonam",MBBS,AC,6,mbbs_p3_final.pdf
2025,3,3763,10247,BH,BH,KMM,"Karuna Medical College, Vilayodi, Palakkad",MBBS,BH,27,mbbs_p3_final.pdf
2025,3,3764,10251,General,AC,SMC,"Dr. Somervell Memorial CSI Medical College, Karakonam",MBBS,AC,26,mbbs_p3_final.pdf
2025,3,3765,10255,EZ,EZ,KMM,"Karuna Medical College, Vilayodi, Palakkad",MBBS,EZ,29,mbbs_p3_final.pdf
2025,3,3766,10258,General,NR,GMC,"Sree Gokulam Medical College, Venjaramoodu, TVPM",MBBS,NR,11,mbbs_p3_final.pdf
2025,3,3767,10259,MU,MU,KDM,"P K Das Institute of Medical Sciences, Ottapalam",MBBS,MU,3,mbbs_p3_final.pdf
2025,3,3768,10261,General,AC,MZM,"Mount Zion Medical College, Pathanamthitta",MBBS,AC,27,mbbs_p3_final.pdf
2025,3,3769,10262,General,SM,PIM,"Palakkad Institute of Medical Sciences, Walayar",MBBS,SM,25,mbbs_p3_final.pdf
2025,3,3770,10271,EZ,SM,AAM,"Al Azhar Medical college, Thodupuzha",MBBS,SM,26,mbbs_p3_final.pdf
2025,3,3771,10274,EZ,SM,PIM,"Palakkad Institute of Medical Sciences, Walayar",MBBS,SM,13,mbbs_p3_final.pdf
2025,3,3772,10277,EZ,EZ,MZM,"Mount Zion Medical College, Pathanamthitta",MBBS,EZ,18,mbbs_p3_final.pdf
2025,3,3773,10279,EW,EW,KDM,"P K Das Institute of Medical Sciences, Ottapalam",MBBS,EW,14,mbbs_p3_final.pdf
2025,3,3774,10280,KN,KN,JMC,"Jubilee Mission Medical College, Thrisur",MBBS,KN,7,mbbs_p3_final.pdf
2025,3,3775,10282,General,AC,SMC,"Dr. Somervell Memorial CSI Medical College, Karakonam",MBBS,AC,10,mbbs_p3_final.pdf
2025,3,3776,10288,BH,SM,PIM,"Palakkad Institute of Medical Sciences, Walayar",MBBS,SM,6,mbbs_p3_final.pdf
2025,3,3777,10298,MU,MM,TRM,"Travancore Medical College, Umayanalloor, Kollam",MBBS,MM,2,mbbs_p3_final.pdf
2025,3,3778,10302,MU,MM,TRM,"Travancore Medical College, Umayanalloor, Kollam",MBBS,MM,21,mbbs_p3_final.pdf
2025,3,3779,10305,EZ,DA,TCM,"Govt. Medical College, Thrissur",MBBS,DA,1,mbbs_p3_final.pdf
2025,3,3780,10308,MU,MM,KEM,"Kerala Medical College, Palakkad",MBBS,MM,22,mbbs_p3_final.pdf
2025,3,3781,10312,MU,MM,KMM,"Karuna Medical College, Vilayodi, Palakkad",MBBS,MM,1,mbbs_p3_final.pdf
2025,3,3782,10314,MU,SM,AAM,"Al Azhar Medical college, Thodupuzha",MBBS,SM,22,mbbs_p3_final.pdf
2025,3,3783,10321,SC,SC,KNM,Government Medical College Kannur,MBBS,SC,2,mbbs_p3_final.pdf
2025,3,3784,10328,DV,DV,KDM,"P K Das Institute of Medical Sciences, Ottapalam",MBBS,DV,17,mbbs_p3_final.pdf
2025,3,3785,10331,General,SM,PIM,"Palakkad Institute of Medical Sciences, Walayar",MBBS,SM,26,mbbs_p3_final.pdf
2025,3,3786,10332,General,SM,PIM,"Palakkad Institute of Medical Sciences, Walayar",MBBS,SM,33,mbbs_p3_final.pdf
2025,3,3787,10338,MU,SM,AAM,"Al Azhar Medical college, Thodupuzha",MBBS,SM,25,mbbs_p3_final.pdf
2025,3,3788,10343,MU,MU,KMM,"Karuna Medical College, Vilayodi, Palakkad",MBBS,MU,26,mbbs_p3_final.pdf
2025,3,3789,10346,BH,SM,AAM,"Al Azhar Medical college, Thodupuzha",MBBS,SM,15,mbbs_p3_final.pdf
2025,3,3790,10351,General,SM,AAM,"Al Azhar Medical college, Thodupuzha",MBBS,SM,31,mbbs_p3_final.pdf
2025,3,3791,10352,KN,KN,MMH,"Malabar Medical College Hospital, Kozhikkode",MBBS,KN,10,mbbs_p3_final.pdf
2025,3,3792,10373,DV,DV,SUC,"SUT Accademy of Medical Sciences, Thiruvananthapuram",MBBS,DV,27,mbbs_p3_final.pdf
2025,3,3793,10377,SC,SC,MLP,"Govt. Medical College, Manjeri",MBBS,SC,3,mbbs_p3_final.pdf
2025,3,3794,10381,EZ,EZ,KMM,"Karuna Medical College, Vilayodi, Palakkad",MBBS,EZ,29,mbbs_p3_final.pdf
2025,3,3795,10389,BH,SM,PIM,"Palakkad Institute of Medical Sciences, Walayar",MBBS,SM,30,mbbs_p3_final.pdf
2025,3,3796,10393,EZ,SM,AAM,"Al Azhar Medical college, Thodupuzha",MBBS,SM,27,mbbs_p3_final.pdf
2025,3,3797,10394,DV,DV,DMM,"Dr. Moopens Medical College, Meppadi, Wayanad",MBBS,DV,12,mbbs_p3_final.pdf
2025,3,3798,10399,MU,MU,SIM,"Sree Narayana Institute of Medical Sciences, Chalakka, Ernakulam.",MBBS,MU,24,mbbs_p3_final.pdf
2025,3,3799,10401,EZ,SM,AAM,"Al Azhar Medical college, Thodupuzha",MBBS,SM,24,mbbs_p3_final.pdf
2025,3,3800,10404,BH,BH,KDM,"P K Das Institute of Medical Sciences, Ottapalam",MBBS,BH,22,mbbs_p3_final.pdf
2025,3,3801,10407,EZ,EZ,KMM,"Karuna Medical College, Vilayodi, Palakkad",MBBS,EZ,29,mbbs_p3_final.pdf
2025,3,3802,10411,General,SM,PIM,"Palakkad Institute of Medical Sciences, Walayar",MBBS,SM,23,mbbs_p3_final.pdf
2025,3,3803,10413,EZ,SM,AAM,"Al Azhar Medical college, Thodupuzha",MBBS,SM,9,mbbs_p3_final.pdf
2025,3,3804,10415,General,AC,MZM,"Mount Zion Medical College, Pathanamthitta",MBBS,AC,30,mbbs_p3_final.pdf
2025,3,3805,10416,MU,MU,SUC,"SUT Accademy of Medical Sciences, Thiruvananthapuram",MBBS,MU,24,mbbs_p3_final.pdf
2025,3,3806,10420,EZ,EZ,KDM,"P K Das Institute of Medical Sciences, Ottapalam",MBBS,EZ,27,mbbs_p3_final.pdf
2025,3,3807,10429,BH,BH,KDM,"P K Das Institute of Medical Sciences, Ottapalam",MBBS,BH,7,mbbs_p3_final.pdf
2025,3,3808,10430,BX,BX,SUC,"SUT Accademy of Medical Sciences, Thiruvananthapuram",MBBS,BX,1,mbbs_p3_final.pdf
2025,3,3809,10436,General,AC,SMC,"Dr. Somervell Memorial CSI Medical College, Karakonam",MBBS,AC,1,mbbs_p3_final.pdf
2025,3,3810,10438,MU,MM,AZC,"Azeezia Institute of Medi Science, Meyyannoor, Kollam",MBBS,MM,1,mbbs_p3_final.pdf
2025,3,3811,10449,MU,MU,SIM,"Sree Narayana Institute of Medical Sciences, Chalakka, Ernakulam.",MBBS,MU,29,mbbs_p3_final.pdf
2025,3,3812,10451,DV,DV,SUC,"SUT Accademy of Medical Sciences, Thiruvananthapuram",MBBS,DV,20,mbbs_p3_final.pdf
2025,3,3813,10455,BX,AC,SMC,"Dr. Somervell Memorial CSI Medical College, Karakonam",MBBS,AC,26,mbbs_p3_final.pdf
2025,3,3814,10462,MU,MU,AZC,"Azeezia Institute of Medi Science, Meyyannoor, Kollam",MBBS,MU,16,mbbs_p3_final.pdf
2025,3,3815,10482,General,SM,AAM,"Al Azhar Medical college, Thodupuzha",MBBS,SM,29,mbbs_p3_final.pdf
2025,3,3816,10486,LA,AC,SMC,"Dr. Somervell Memorial CSI Medical College, Karakonam",MBBS,AC,27,mbbs_p3_final.pdf
2025,3,3817,10487,VK,VK,DMM,"Dr. Moopens Medical College, Meppadi, Wayanad",MBBS,VK,15,mbbs_p3_final.pdf
2025,3,3818,10489,General,SM,AAM,"Al Azhar Medical college, Thodupuzha",MBBS,SM,7,mbbs_p3_final.pdf
2025,3,3819,10494,MU,MM,KMM,"Karuna Medical College, Vilayodi, Palakkad",MBBS,MM,2,mbbs_p3_final.pdf
2025,3,3820,10501,BX,BX,ALD,"Government Dental College, Alappuzha",BDS,BX,13,mbbs_p3_final.pdf
2025,3,3821,10504,SC,SC,PKM,"Government Medical College, Palakkad",MBBS,SC,1,mbbs_p3_final.pdf
2025,3,3822,10515,MU,MU,SIM,"Sree Narayana Institute of Medical Sciences, Chalakka, Ernakulam.",MBBS,MU,16,mbbs_p3_final.pdf
2025,3,3823,10517,General,AC,SMC,"Dr. Somervell Memorial CSI Medical College, Karakonam",MBBS,AC,26,mbbs_p3_final.pdf
2025,3,3824,10519,BH,BH,KDM,"P K Das Institute of Medical Sciences, Ottapalam",MBBS,BH,29,mbbs_p3_final.pdf
2025,3,3825,10524,General,AC,SMC,"Dr. Somervell Memorial CSI Medical College, Karakonam",MBBS,AC,13,mbbs_p3_final.pdf
2025,3,3826,10529,EZ,EZ,KDM,"P K Das Institute of Medical Sciences, Ottapalam",MBBS,EZ,26,mbbs_p3_final.pdf
2025,3,3827,10530,General,SM,PIM,"Palakkad Institute of Medical Sciences, Walayar",MBBS,SM,15,mbbs_p3_final.pdf
2025,3,3828,10535,MU,SM,AAM,"Al Azhar Medical college, Thodupuzha",MBBS,SM,3,mbbs_p3_final.pdf
2025,3,3829,10539,BH,SM,AAM,"Al Azhar Medical college, Thodupuzha",MBBS,SM,9,mbbs_p3_final.pdf
2025,3,3830,10540,SC,SC,MLP,"Govt. Medical College, Manjeri",MBBS,SC,1,mbbs_p3_final.pdf
2025,3,3831,10542,MU,MM,AZC,"Azeezia Institute of Medi Science, Meyyannoor, Kollam",MBBS,MM,22,mbbs_p3_final.pdf
2025,3,3832,10546,BX,SM,AAM,"Al Azhar Medical college, Thodupuzha",MBBS,SM,22,mbbs_p3_final.pdf
2025,3,3833,10552,General,MM,KEM,"Kerala Medical College, Palakkad",MBBS,MM,2,mbbs_p3_final.pdf
2025,3,3834,10553,MU,MM,AZC,"Azeezia Institute of Medi Science, Meyyannoor, Kollam",MBBS,MM,26,mbbs_p3_final.pdf
2025,3,3835,10555,BH,SM,AAM,"Al Azhar Medical college, Thodupuzha",MBBS,SM,32,mbbs_p3_final.pdf
2025,3,3836,10556,KU,KU,TCM,"Govt. Medical College, Thrissur",MBBS,KU,1,mbbs_p3_final.pdf
2025,3,3837,10559,SC,SC,CMC,"Govt. Medical College, Ernakulam",MBBS,SC,1,mbbs_p3_final.pdf
2025,3,3838,10565,MU,MU,SIM,"Sree Narayana Institute of Medical Sciences, Chalakka, Ernakulam.",MBBS,MU,21,mbbs_p3_final.pdf
2025,3,3839,10571,EZ,SM,PIM,"Palakkad Institute of Medical Sciences, Walayar",MBBS,SM,12,mbbs_p3_final.pdf
2025,3,3840,10573,MU,MM,AZC,"Azeezia Institute of Medi Science, Meyyannoor, Kollam",MBBS,MM,1,mbbs_p3_final.pdf
2025,3,3841,10574,LA,LA,DMM,"Dr. Moopens Medical College, Meppadi, Wayanad",MBBS,LA,27,mbbs_p3_final.pdf
2025,3,3842,10576,DV,SM,PIM,"Palakkad Institute of Medical Sciences, Walayar",MBBS,SM,12,mbbs_p3_final.pdf
2025,3,3843,10577,BH,SM,PIM,"Palakkad Institute of Medical Sciences, Walayar",MBBS,SM,28,mbbs_p3_final.pdf
2025,3,3844,10578,General,AC,MZM,"Mount Zion Medical College, Pathanamthitta",MBBS,AC,23,mbbs_p3_final.pdf
2025,3,3845,10581,General,AC,SMC,"Dr. Somervell Memorial CSI Medical College, Karakonam",MBBS,AC,1,mbbs_p3_final.pdf
2025,3,3846,10583,BX,BX,KMM,"Karuna Medical College, Vilayodi, Palakkad",MBBS,BX,25,mbbs_p3_final.pdf
2025,3,3847,10585,MU,MU,KDM,"P K Das Institute of Medical Sciences, Ottapalam",MBBS,MU,1,mbbs_p3_final.pdf
2025,3,3848,10588,MU,MU,KDM,"P K Das Institute of Medical Sciences, Ottapalam",MBBS,MU,20,mbbs_p3_final.pdf
2025,3,3849,10593,BH,SM,AAM,"Al Azhar Medical college, Thodupuzha",MBBS,SM,28,mbbs_p3_final.pdf
2025,3,3850,10596,EW,EW,SUC,"SUT Accademy of Medical Sciences, Thiruvananthapuram",MBBS,EW,1,mbbs_p3_final.pdf
2025,3,3851,10600,General,NR,JMC,"Jubilee Mission Medical College, Thrisur",MBBS,NR,1,mbbs_p3_final.pdf
2025,3,3852,10605,MU,MM,AZC,"Azeezia Institute of Medi Science, Meyyannoor, Kollam",MBBS,MM,27,mbbs_p3_final.pdf
2025,3,3853,10613,MU,MM,KMM,"Karuna Medical College, Vilayodi, Palakkad",MBBS,MM,1,mbbs_p3_final.pdf
2025,3,3854,10617,MU,MU,KDM,"P K Das Institute of Medical Sciences, Ottapalam",MBBS,MU,20,mbbs_p3_final.pdf
2025,3,3855,10618,SC,FL-SC,PKM,"Government Medical College, Palakkad",MBBS,FL-SC,1,mbbs_p3_final.pdf
2025,3,3856,10623,BH,SM,AAM,"Al Azhar Medical college, Thodupuzha",MBBS,SM,7,mbbs_p3_final.pdf
2025,3,3857,10628,MU,MM,KEM,"Kerala Medical College, Palakkad",MBBS,MM,25,mbbs_p3_final.pdf
2025,3,3858,10634,MU,MM,AZC,"Azeezia Institute of Medi Science, Meyyannoor, Kollam",MBBS,MM,4,mbbs_p3_final.pdf
2025,3,3859,10636,General,AC,SMC,"Dr. Somervell Memorial CSI Medical College, Karakonam",MBBS,AC,24,mbbs_p3_final.pdf
2025,3,3860,10639,MU,MM,AZC,"Azeezia Institute of Medi Science, Meyyannoor, Kollam",MBBS,MM,17,mbbs_p3_final.pdf
2025,3,3861,10641,BH,SM,AAM,"Al Azhar Medical college, Thodupuzha",MBBS,SM,27,mbbs_p3_final.pdf
2025,3,3862,10642,BX,AC,SMC,"Dr. Somervell Memorial CSI Medical College, Karakonam",MBBS,AC,26,mbbs_p3_final.pdf
2025,3,3863,10646,BH,SM,PIM,"Palakkad Institute of Medical Sciences, Walayar",MBBS,SM,29,mbbs_p3_final.pdf
2025,3,3864,10650,EZ,SM,PMD,"Pushpagiri College of Dental Science, Thiruvalla",BDS,SM,21,mbbs_p3_final.pdf
2025,3,3865,10651,LA,LA,SUC,"SUT Accademy of Medical Sciences, Thiruvananthapuram",MBBS,LA,13,mbbs_p3_final.pdf
2025,3,3866,10652,General,AC,MZM,"Mount Zion Medical College, Pathanamthitta",MBBS,AC,22,mbbs_p3_final.pdf
2025,3,3867,10654,General,SM,AAM,"Al Azhar Medical college, Thodupuzha",MBBS,SM,33,mbbs_p3_final.pdf
2025,3,3868,10660,General,SM,AAM,"Al Azhar Medical college, Thodupuzha",MBBS,SM,32,mbbs_p3_final.pdf
2025,3,3869,10661,SC,SC,KLM,"Govt. Medical College, Parippally, Kollam",MBBS,SC,1,mbbs_p3_final.pdf
2025,3,3870,10670,General,SM,AAM,"Al Azhar Medical college, Thodupuzha",MBBS,SM,20,mbbs_p3_final.pdf
2025,3,3871,10671,MU,SM,AAM,"Al Azhar Medical college, Thodupuzha",MBBS,SM,1,mbbs_p3_final.pdf
2025,3,3872,10674,BH,SM,PIM,"Palakkad Institute of Medical Sciences, Walayar",MBBS,SM,10,mbbs_p3_final.pdf
2025,3,3873,10675,BH,SM,AAM,"Al Azhar Medical college, Thodupuzha",MBBS,SM,27,mbbs_p3_final.pdf
2025,3,3874,10677,MU,MU,KDM,"P K Das Institute of Medical Sciences, Ottapalam",MBBS,MU,3,mbbs_p3_final.pdf
2025,3,3875,10678,BH,SM,AAM,"Al Azhar Medical college, Thodupuzha",MBBS,SM,29,mbbs_p3_final.pdf
2025,3,3876,10681,EZ,EZ,KDM,"P K Das Institute of Medical Sciences, Ottapalam",MBBS,EZ,26,mbbs_p3_final.pdf
2025,3,3877,10682,MU,MM,KMM,"Karuna Medical College, Vilayodi, Palakkad",MBBS,MM,15,mbbs_p3_final.pdf
2025,3,3878,10689,General,AC,SMC,"Dr. Somervell Memorial CSI Medical College, Karakonam",MBBS,AC,9,mbbs_p3_final.pdf
2025,3,3879,10690,MU,MM,KMM,"Karuna Medical College, Vilayodi, Palakkad",MBBS,MM,29,mbbs_p3_final.pdf
2025,3,3880,10694,General,SM,ADC,"Annoor Dental College, Puthuppady, Muvattupuzha",BDS,SM,1,mbbs_p3_final.pdf
2025,3,3881,10702,EW,EW,SUC,"SUT Accademy of Medical Sciences, Thiruvananthapuram",MBBS,EW,1,mbbs_p3_final.pdf
2025,3,3882,10706,EZ,EZ,KDM,"P K Das Institute of Medical Sciences, Ottapalam",MBBS,EZ,25,mbbs_p3_final.pdf
2025,3,3883,10711,MU,SM,MBD,"Mar Baselious Dental College, Kothamangalam",BDS,SM,21,mbbs_p3_final.pdf
2025,3,3884,10712,MU,MU,AAM,"Al Azhar Medical college, Thodupuzha",MBBS,MU,7,mbbs_p3_final.pdf
2025,3,3885,10713,LA,LA,SUC,"SUT Accademy of Medical Sciences, Thiruvananthapuram",MBBS,LA,25,mbbs_p3_final.pdf
2025,3,3886,10715,General,AC,MZM,"Mount Zion Medical College, Pathanamthitta",MBBS,AC,25,mbbs_p3_final.pdf
2025,3,3887,10716,General,AC,SMC,"Dr. Somervell Memorial CSI Medical College, Karakonam",MBBS,AC,22,mbbs_p3_final.pdf
2025,3,3888,10718,General,AC,MZM,"Mount Zion Medical College, Pathanamthitta",MBBS,AC,12,mbbs_p3_final.pdf
2025,3,3889,10719,DV,DV,KDM,"P K Das Institute of Medical Sciences, Ottapalam",MBBS,DV,23,mbbs_p3_final.pdf
2025,3,3890,10725,EZ,EZ,KDM,"P K Das Institute of Medical Sciences, Ottapalam",MBBS,EZ,28,mbbs_p3_final.pdf
2025,3,3891,10728,SC,SC,PKM,"Government Medical College, Palakkad",MBBS,SC,1,mbbs_p3_final.pdf
2025,3,3892,10729,MU,MM,KEM,"Kerala Medical College, Palakkad",MBBS,MM,2,mbbs_p3_final.pdf
2025,3,3893,10735,General,AC,SMC,"Dr. Somervell Memorial CSI Medical College, Karakonam",MBBS,AC,15,mbbs_p3_final.pdf
2025,3,3894,10741,MU,MM,KMM,"Karuna Medical College, Vilayodi, Palakkad",MBBS,MM,3,mbbs_p3_final.pdf
2025,3,3895,10744,MU,MM,AZC,"Azeezia Institute of Medi Science, Meyyannoor, Kollam",MBBS,MM,21,mbbs_p3_final.pdf
2025,3,3896,10752,MU,MU,KDM,"P K Das Institute of Medical Sciences, Ottapalam",MBBS,MU,25,mbbs_p3_final.pdf
2025,3,3897,10754,MU,MM,KMM,"Karuna Medical College, Vilayodi, Palakkad",MBBS,MM,1,mbbs_p3_final.pdf
2025,3,3898,10759,KN,KN,MMH,"Malabar Medical College Hospital, Kozhikkode",MBBS,KN,14,mbbs_p3_final.pdf
2025,3,3899,10764,General,SM,PIM,"Palakkad Institute of Medical Sciences, Walayar",MBBS,SM,18,mbbs_p3_final.pdf
2025,3,3900,10765,BH,BH,AAM,"Al Azhar Medical college, Thodupuzha",MBBS,BH,31,mbbs_p3_final.pdf
2025,3,3901,10768,EZ,EZ,AAM,"Al Azhar Medical college, Thodupuzha",MBBS,EZ,3,mbbs_p3_final.pdf
2025,3,3902,10771,DV,DV,KDM,"P K Das Institute of Medical Sciences, Ottapalam",MBBS,DV,21,mbbs_p3_final.pdf
2025,3,3903,10772,EZ,EZ,KDM,"P K Das Institute of Medical Sciences, Ottapalam",MBBS,EZ,31,mbbs_p3_final.pdf
2025,3,3904,10773,DV,DV,AAM,"Al Azhar Medical college, Thodupuzha",MBBS,DV,33,mbbs_p3_final.pdf
2025,3,3905,10776,MU,MM,KEM,"Kerala Medical College, Palakkad",MBBS,MM,2,mbbs_p3_final.pdf
2025,3,3906,10780,EZ,EZ,AAM,"Al Azhar Medical college, Thodupuzha",MBBS,EZ,26,mbbs_p3_final.pdf
2025,3,3907,10790,General,AC,MZM,"Mount Zion Medical College, Pathanamthitta",MBBS,AC,12,mbbs_p3_final.pdf
2025,3,3908,10791,SC,SC,CMC,"Govt. Medical College, Ernakulam",MBBS,SC,3,mbbs_p3_final.pdf
2025,3,3909,10792,MU,MU,KDM,"P K Das Institute of Medical Sciences, Ottapalam",MBBS,MU,17,mbbs_p3_final.pdf
2025,3,3910,10793,LA,AC,SMC,"Dr. Somervell Memorial CSI Medical College, Karakonam",MBBS,AC,22,mbbs_p3_final.pdf
2025,3,3911,10797,MU,MM,AZC,"Azeezia Institute of Medi Science, Meyyannoor, Kollam",MBBS,MM,20,mbbs_p3_final.pdf
2025,3,3912,10803,BH,BH,AAM,"Al Azhar Medical college, Thodupuzha",MBBS,BH,24,mbbs_p3_final.pdf
2025,3,3913,10805,EZ,EZ,AAM,"Al Azhar Medical college, Thodupuzha",MBBS,EZ,25,mbbs_p3_final.pdf
2025,3,3914,10808,General,SM,PMS,"PMS College of Dental Sciences, Vattappara, TVPM",BDS,SM,26,mbbs_p3_final.pdf
2025,3,3915,10815,MU,MU,KDM,"P K Das Institute of Medical Sciences, Ottapalam",MBBS,MU,10,mbbs_p3_final.pdf
2025,3,3916,10823,MU,MM,KMM,"Karuna Medical College, Vilayodi, Palakkad",MBBS,MM,9,mbbs_p3_final.pdf
2025,3,3917,10825,MU,MM,AZC,"Azeezia Institute of Medi Science, Meyyannoor, Kollam",MBBS,MM,30,mbbs_p3_final.pdf
2025,3,3918,10828,MU,MU,AAM,"Al Azhar Medical college, Thodupuzha",MBBS,MU,26,mbbs_p3_final.pdf
2025,3,3919,10829,General,SM,PIM,"Palakkad Institute of Medical Sciences, Walayar",MBBS,SM,35,mbbs_p3_final.pdf
2025,3,3920,10833,EZ,EZ,KDM,"P K Das Institute of Medical Sciences, Ottapalam",MBBS,EZ,16,mbbs_p3_final.pdf
2025,3,3921,10838,General,AC,MZM,"Mount Zion Medical College, Pathanamthitta",MBBS,AC,4,mbbs_p3_final.pdf
2025,3,3922,10839,MU,SM,KMD,"KMCT Dental College, Mambatta, Mukkam, Kozhikode",BDS,SM,1,mbbs_p3_final.pdf
2025,3,3923,10841,General,SM,PIM,"Palakkad Institute of Medical Sciences, Walayar",MBBS,SM,26,mbbs_p3_final.pdf
2025,3,3924,10842,MU,MM,AZC,"Azeezia Institute of Medi Science, Meyyannoor, Kollam",MBBS,MM,30,mbbs_p3_final.pdf
2025,3,3925,10852,EZ,EZ,KDM,"P K Das Institute of Medical Sciences, Ottapalam",MBBS,EZ,30,mbbs_p3_final.pdf
2025,3,3926,10853,EZ,EZ,KDM,"P K Das Institute of Medical Sciences, Ottapalam",MBBS,EZ,24,mbbs_p3_final.pdf
2025,3,3927,10854,General,SM,MBD,"Mar Baselious Dental College, Kothamangalam",BDS,SM,2,mbbs_p3_final.pdf
2025,3,3928,10856,BH,BH,AAM,"Al Azhar Medical college, Thodupuzha",MBBS,BH,19,mbbs_p3_final.pdf
2025,3,3929,10857,MU,MM,KMM,"Karuna Medical College, Vilayodi, Palakkad",MBBS,MM,1,mbbs_p3_final.pdf
2025,3,3930,10859,MU,MM,KEM,"Kerala Medical College, Palakkad",MBBS,MM,16,mbbs_p3_final.pdf
2025,3,3931,10861,MU,MU,AAM,"Al Azhar Medical college, Thodupuzha",MBBS,MU,23,mbbs_p3_final.pdf
2025,3,3932,10870,EZ,EZ,AAM,"Al Azhar Medical college, Thodupuzha",MBBS,EZ,12,mbbs_p3_final.pdf
2025,3,3933,10878,MU,MM,AZC,"Azeezia Institute of Medi Science, Meyyannoor, Kollam",MBBS,MM,16,mbbs_p3_final.pdf
2025,3,3934,10879,MU,MM,AZC,"Azeezia Institute of Medi Science, Meyyannoor, Kollam",MBBS,MM,31,mbbs_p3_final.pdf
2025,3,3935,10885,SC,SC,MLP,"Govt. Medical College, Manjeri",MBBS,SC,1,mbbs_p3_final.pdf
2025,3,3936,10889,MU,MM,AZC,"Azeezia Institute of Medi Science, Meyyannoor, Kollam",MBBS,MM,26,mbbs_p3_final.pdf
2025,3,3937,10894,General,AC,MZM,"Mount Zion Medical College, Pathanamthitta",MBBS,AC,2,mbbs_p3_final.pdf
2025,3,3938,10907,MU,MM,KMM,"Karuna Medical College, Vilayodi, Palakkad",MBBS,MM,18,mbbs_p3_final.pdf
2025,3,3939,10908,BH,BH,PIM,"Palakkad Institute of Medical Sciences, Walayar",MBBS,BH,34,mbbs_p3_final.pdf
2025,3,3940,10910,EZ,EZ,KDM,"P K Das Institute of Medical Sciences, Ottapalam",MBBS,EZ,30,mbbs_p3_final.pdf
2025,3,3941,10913,MU,MU,KDM,"P K Das Institute of Medical Sciences, Ottapalam",MBBS,MU,29,mbbs_p3_final.pdf
2025,3,3942,10914,LA,AC,SMC,"Dr. Somervell Memorial CSI Medical College, Karakonam",MBBS,AC,25,mbbs_p3_final.pdf
2025,3,3943,10915,VK,VK,KDM,"P K Das Institute of Medical Sciences, Ottapalam",MBBS,VK,15,mbbs_p3_final.pdf
2025,3,3944,10916,EZ,EZ,AAM,"Al Azhar Medical college, Thodupuzha",MBBS,EZ,25,mbbs_p3_final.pdf
2025,3,3945,10919,MU,MU,KDM,"P K Das Institute of Medical Sciences, Ottapalam",MBBS,MU,1,mbbs_p3_final.pdf
2025,3,3946,10921,VK,VK,SUC,"SUT Accademy of Medical Sciences, Thiruvananthapuram",MBBS,VK,18,mbbs_p3_final.pdf
2025,3,3947,10928,DV,DV,PIM,"Palakkad Institute of Medical Sciences, Walayar",MBBS,DV,24,mbbs_p3_final.pdf
2025,3,3948,10934,General,AC,SMC,"Dr. Somervell Memorial CSI Medical College, Karakonam",MBBS,AC,16,mbbs_p3_final.pdf
2025,3,3949,10938,MU,MM,KMM,"Karuna Medical College, Vilayodi, Palakkad",MBBS,MM,25,mbbs_p3_final.pdf
2025,3,3950,10941,General,AC,MZM,"Mount Zion Medical College, Pathanamthitta",MBBS,AC,14,mbbs_p3_final.pdf
2025,3,3951,10944,EZ,EZ,PIM,"Palakkad Institute of Medical Sciences, Walayar",MBBS,EZ,19,mbbs_p3_final.pdf
2025,3,3952,10949,BH,BH,PIM,"Palakkad Institute of Medical Sciences, Walayar",MBBS,BH,11,mbbs_p3_final.pdf
2025,3,3953,10952,General,AC,SMC,"Dr. Somervell Memorial CSI Medical College, Karakonam",MBBS,AC,13,mbbs_p3_final.pdf
2025,3,3954,10957,KN,KN,SIM,"Sree Narayana Institute of Medical Sciences, Chalakka, Ernakulam.",MBBS,KN,1,mbbs_p3_final.pdf
2025,3,3955,10967,MU,MM,KMM,"Karuna Medical College, Vilayodi, Palakkad",MBBS,MM,6,mbbs_p3_final.pdf
2025,3,3956,10971,DV,DV,AAM,"Al Azhar Medical college, Thodupuzha",MBBS,DV,6,mbbs_p3_final.pdf
2025,3,3957,10974,General,AC,SMC,"Dr. Somervell Memorial CSI Medical College, Karakonam",MBBS,AC,25,mbbs_p3_final.pdf
2025,3,3958,10985,MU,MM,AZC,"Azeezia Institute of Medi Science, Meyyannoor, Kollam",MBBS,MM,28,mbbs_p3_final.pdf
2025,3,3959,10992,EZ,EZ,AAM,"Al Azhar Medical college, Thodupuzha",MBBS,EZ,21,mbbs_p3_final.pdf
2025,3,3960,10993,MU,MM,AZC,"Azeezia Institute of Medi Science, Meyyannoor, Kollam",MBBS,MM,25,mbbs_p3_final.pdf
2025,3,3961,10996,EZ,EZ,AAM,"Al Azhar Medical college, Thodupuzha",MBBS,EZ,30,mbbs_p3_final.pdf
2025,3,3962,10997,BH,BH,KND,"Government Dental College, Kannur",BDS,BH,21,mbbs_p3_final.pdf
2025,3,3963,11010,EW,EW,SUC,"SUT Accademy of Medical Sciences, Thiruvananthapuram",MBBS,EW,1,mbbs_p3_final.pdf
2025,3,3964,11026,General,AC,SMC,"Dr. Somervell Memorial CSI Medical College, Karakonam",MBBS,AC,31,mbbs_p3_final.pdf
2025,3,3965,11028,MU,MM,AZC,"Azeezia Institute of Medi Science, Meyyannoor, Kollam",MBBS,MM,14,mbbs_p3_final.pdf
2025,3,3966,11034,General,NR,AMC,"Amala Institute of Medical Sciences, Thrissur",MBBS,NR,22,mbbs_p3_final.pdf
2025,3,3967,11036,General,AC,SMC,"Dr. Somervell Memorial CSI Medical College, Karakonam",MBBS,AC,1,mbbs_p3_final.pdf
2025,3,3968,11038,General,AC,SMC,"Dr. Somervell Memorial CSI Medical College, Karakonam",MBBS,AC,28,mbbs_p3_final.pdf
2025,3,3969,11040,KN,KN,KDM,"P K Das Institute of Medical Sciences, Ottapalam",MBBS,KN,1,mbbs_p3_final.pdf
2025,3,3970,11044,General,AC,SMC,"Dr. Somervell Memorial CSI Medical College, Karakonam",MBBS,AC,12,mbbs_p3_final.pdf
2025,3,3971,11047,MU,MU,MZM,"Mount Zion Medical College, Pathanamthitta",MBBS,MU,6,mbbs_p3_final.pdf
2025,3,3972,11051,LA,LA,KDM,"P K Das Institute of Medical Sciences, Ottapalam",MBBS,LA,12,mbbs_p3_final.pdf
2025,3,3973,11055,General,AC,SMC,"Dr. Somervell Memorial CSI Medical College, Karakonam",MBBS,AC,28,mbbs_p3_final.pdf
2025,3,3974,11058,General,AC,MZM,"Mount Zion Medical College, Pathanamthitta",MBBS,AC,32,mbbs_p3_final.pdf
2025,3,3975,11059,General,NR,EMC,"MES Medical College, Perinthalmanna, Malappuram",MBBS,NR,11,mbbs_p3_final.pdf
2025,3,3976,11077,General,MM,KMM,"Karuna Medical College, Vilayodi, Palakkad",MBBS,MM,1,mbbs_p3_final.pdf
2025,3,3977,11078,KN,KN,KDM,"P K Das Institute of Medical Sciences, Ottapalam",MBBS,KN,1,mbbs_p3_final.pdf
2025,3,3978,11088,MU,MM,AZC,"Azeezia Institute of Medi Science, Meyyannoor, Kollam",MBBS,MM,27,mbbs_p3_final.pdf
2025,3,3979,11094,EZ,EZ,AAM,"Al Azhar Medical college, Thodupuzha",MBBS,EZ,29,mbbs_p3_final.pdf
2025,3,3980,11098,MU,MM,KMM,"Karuna Medical College, Vilayodi, Palakkad",MBBS,MM,20,mbbs_p3_final.pdf
2025,3,3981,11102,General,AC,SMC,"Dr. Somervell Memorial CSI Medical College, Karakonam",MBBS,AC,28,mbbs_p3_final.pdf
2025,3,3982,11107,General,AC,SMC,"Dr. Somervell Memorial CSI Medical College, Karakonam",MBBS,AC,26,mbbs_p3_final.pdf
2025,3,3983,11110,SC,SC,MLP,"Govt. Medical College, Manjeri",MBBS,SC,4,mbbs_p3_final.pdf
2025,3,3984,11112,KN,KN,KMM,"Karuna Medical College, Vilayodi, Palakkad",MBBS,KN,9,mbbs_p3_final.pdf
2025,3,3985,11120,EZ,EZ,AAM,"Al Azhar Medical college, Thodupuzha",MBBS,EZ,28,mbbs_p3_final.pdf
2025,3,3986,11127,General,SM,MBD,"Mar Baselious Dental College, Kothamangalam",BDS,SM,22,mbbs_p3_final.pdf
2025,3,3987,11129,General,AC,SMC,"Dr. Somervell Memorial CSI Medical College, Karakonam",MBBS,AC,18,mbbs_p3_final.pdf
2025,3,3988,11136,MU,MM,KMM,"Karuna Medical College, Vilayodi, Palakkad",MBBS,MM,17,mbbs_p3_final.pdf
2025,3,3989,11138,BH,SM,PMS,"PMS College of Dental Sciences, Vattappara, TVPM",BDS,SM,39,mbbs_p3_final.pdf
2025,3,3990,11139,DV,DV,TVD,"Govt. Dental College, Thiruvananthapuram",BDS,DV,36,mbbs_p3_final.pdf
2025,3,3991,11147,EZ,EZ,PIM,"Palakkad Institute of Medical Sciences, Walayar",MBBS,EZ,5,mbbs_p3_final.pdf
2025,3,3992,11149,SC,SC,PTM,"Government Medical College, Konni, Pathanamthitta",MBBS,SC,2,mbbs_p3_final.pdf
2025,3,3993,11163,SC,SC,MLP,"Govt. Medical College, Manjeri",MBBS,SC,1,mbbs_p3_final.pdf
2025,3,3994,11164,SC,SC,CMC,"Govt. Medical College, Ernakulam",MBBS,SC,4,mbbs_p3_final.pdf
2025,3,3995,11173,General,AC,SMC,"Dr. Somervell Memorial CSI Medical College, Karakonam",MBBS,AC,14,mbbs_p3_final.pdf
2025,3,3996,11178,General,AC,SMC,"Dr. Somervell Memorial CSI Medical College, Karakonam",MBBS,AC,27,mbbs_p3_final.pdf
2025,3,3997,11187,General,HR,TCM,"Govt. Medical College, Thrissur",MBBS,HR,2,mbbs_p3_final.pdf
2025,3,3998,11198,DV,DV,TCD,"Govt. Dental College, Thrissur",BDS,DV,36,mbbs_p3_final.pdf
2025,3,3999,11204,MU,MM,AZC,"Azeezia Institute of Medi Science, Meyyannoor, Kollam",MBBS,MM,27,mbbs_p3_final.pdf
2025,3,4000,11207,MU,MM,AZC,"Azeezia Institute of Medi Science, Meyyannoor, Kollam",MBBS,MM,14,mbbs_p3_final.pdf
2025,3,4001,11208,EZ,EZ,PIM,"Palakkad Institute of Medical Sciences, Walayar",MBBS,EZ,33,mbbs_p3_final.pdf
2025,3,4002,11212,MU,MM,KEM,"Kerala Medical College, Palakkad",MBBS,MM,4,mbbs_p3_final.pdf
2025,3,4003,11213,MU,MM,AZC,"Azeezia Institute of Medi Science, Meyyannoor, Kollam",MBBS,MM,15,mbbs_p3_final.pdf
2025,3,4004,11217,MU,MM,KMM,"Karuna Medical College, Vilayodi, Palakkad",MBBS,MM,3,mbbs_p3_final.pdf
2025,3,4005,11223,LA,LA,PIM,"Palakkad Institute of Medical Sciences, Walayar",MBBS,LA,22,mbbs_p3_final.pdf
2025,3,4006,11227,LA,AC,SMC,"Dr. Somervell Memorial CSI Medical College, Karakonam",MBBS,AC,26,mbbs_p3_final.pdf
2025,3,4007,11232,MU,MM,KEM,"Kerala Medical College, Palakkad",MBBS,MM,2,mbbs_p3_final.pdf
2025,3,4008,11239,EW,EW,SIM,"Sree Narayana Institute of Medical Sciences, Chalakka, Ernakulam.",MBBS,EW,19,mbbs_p3_final.pdf
2025,3,4009,11256,EZ,EZ,PIM,"Palakkad Institute of Medical Sciences, Walayar",MBBS,EZ,8,mbbs_p3_final.pdf
2025,3,4010,11264,BH,DA,TVM,"Govt. Medical College, Thiruvananthapuram",MBBS,DA,1,mbbs_p3_final.pdf
2025,3,4011,11275,EZ,EZ,PIM,"Palakkad Institute of Medical Sciences, Walayar",MBBS,EZ,14,mbbs_p3_final.pdf
2025,3,4012,11276,BH,SM,PMS,"PMS College of Dental Sciences, Vattappara, TVPM",BDS,SM,42,mbbs_p3_final.pdf
2025,3,4013,11279,General,NR,AMC,"Amala Institute of Medical Sciences, Thrissur",MBBS,NR,1,mbbs_p3_final.pdf
2025,3,4014,11305,LA,LA,PIM,"Palakkad Institute of Medical Sciences, Walayar",MBBS,LA,1,mbbs_p3_final.pdf
2025,3,4015,11310,EW,EW,SIM,"Sree Narayana Institute of Medical Sciences, Chalakka, Ernakulam.",MBBS,EW,1,mbbs_p3_final.pdf
2025,3,4016,11324,MU,MM,AZC,"Azeezia Institute of Medi Science, Meyyannoor, Kollam",MBBS,MM,23,mbbs_p3_final.pdf
2025,3,4017,11329,General,AC,SMC,"Dr. Somervell Memorial CSI Medical College, Karakonam",MBBS,AC,26,mbbs_p3_final.pdf
2025,3,4018,11337,General,AC,SMC,"Dr. Somervell Memorial CSI Medical College, Karakonam",MBBS,AC,26,mbbs_p3_final.pdf
2025,3,4019,11338,General,AC,SMC,"Dr. Somervell Memorial CSI Medical College, Karakonam",MBBS,AC,12,mbbs_p3_final.pdf
2025,3,4020,11346,General,NR,GMC,"Sree Gokulam Medical College, Venjaramoodu, TVPM",MBBS,NR,16,mbbs_p3_final.pdf
2025,3,4021,11350,MU,MM,AZC,"Azeezia Institute of Medi Science, Meyyannoor, Kollam",MBBS,MM,24,mbbs_p3_final.pdf
2025,3,4022,11351,MU,MM,AZC,"Azeezia Institute of Medi Science, Meyyannoor, Kollam",MBBS,MM,1,mbbs_p3_final.pdf
2025,3,4023,11372,LA,LA,DMM,"Dr. Moopens Medical College, Meppadi, Wayanad",MBBS,LA,1,mbbs_p3_final.pdf
2025,3,4024,11376,SC,SC,AMC,"Amala Institute of Medical Sciences, Thrissur",MBBS,SC,6,mbbs_p3_final.pdf
2025,3,4025,11377,KN,KN,SUC,"SUT Accademy of Medical Sciences, Thiruvananthapuram",MBBS,KN,13,mbbs_p3_final.pdf
2025,3,4026,11385,General,MM,AAM,"Al Azhar Medical college, Thodupuzha",MBBS,MM,2,mbbs_p3_final.pdf
2025,3,4027,11387,DV,DV,ALD,"Government Dental College, Alappuzha",BDS,DV,36,mbbs_p3_final.pdf
2025,3,4028,11389,MU,MM,KMM,"Karuna Medical College, Vilayodi, Palakkad",MBBS,MM,7,mbbs_p3_final.pdf
2025,3,4029,11391,MU,SM,KMD,"KMCT Dental College, Mambatta, Mukkam, Kozhikode",BDS,SM,1,mbbs_p3_final.pdf
2025,3,4030,11396,General,AC,MZM,"Mount Zion Medical College, Pathanamthitta",MBBS,AC,20,mbbs_p3_final.pdf
2025,3,4031,11397,EZ,EZ,PIM,"Palakkad Institute of Medical Sciences, Walayar",MBBS,EZ,19,mbbs_p3_final.pdf
2025,3,4032,11404,SC,SC,MLP,"Govt. Medical College, Manjeri",MBBS,SC,8,mbbs_p3_final.pdf
2025,3,4033,11407,KN,KN,MZM,"Mount Zion Medical College, Pathanamthitta",MBBS,KN,1,mbbs_p3_final.pdf
2025,3,4034,11411,MU,MM,AZC,"Azeezia Institute of Medi Science, Meyyannoor, Kollam",MBBS,MM,26,mbbs_p3_final.pdf
2025,3,4035,11413,General,MM,KEM,"Kerala Medical College, Palakkad",MBBS,MM,11,mbbs_p3_final.pdf
2025,3,4036,11420,General,SM,PMS,"PMS College of Dental Sciences, Vattappara, TVPM",BDS,SM,17,mbbs_p3_final.pdf
2025,3,4037,11424,MU,MM,AZC,"Azeezia Institute of Medi Science, Meyyannoor, Kollam",MBBS,MM,2,mbbs_p3_final.pdf
2025,3,4038,11425,KN,KN,DMM,"Dr. Moopens Medical College, Meppadi, Wayanad",MBBS,KN,1,mbbs_p3_final.pdf
2025,3,4039,11426,General,AC,MZM,"Mount Zion Medical College, Pathanamthitta",MBBS,AC,35,mbbs_p3_final.pdf
2025,3,4040,11435,MU,SM,AZD,"Azeezia College of Dental Science, Meyyannoor, Kollam",BDS,SM,21,mbbs_p3_final.pdf
2025,3,4041,11438,General,AC,MZM,"Mount Zion Medical College, Pathanamthitta",MBBS,AC,25,mbbs_p3_final.pdf
2025,3,4042,11449,BX,BX,KCM,"KMCT Medical College, Mukkom, Kozikkode",MBBS,BX,22,mbbs_p3_final.pdf
2025,3,4043,11454,General,AC,MZM,"Mount Zion Medical College, Pathanamthitta",MBBS,AC,14,mbbs_p3_final.pdf
2025,3,4044,11465,VK,VK,KDM,"P K Das Institute of Medical Sciences, Ottapalam",MBBS,VK,6,mbbs_p3_final.pdf
2025,3,4045,11468,General,AC,MZM,"Mount Zion Medical College, Pathanamthitta",MBBS,AC,14,mbbs_p3_final.pdf
2025,3,4046,11476,MU,MM,KMM,"Karuna Medical College, Vilayodi, Palakkad",MBBS,MM,29,mbbs_p3_final.pdf
2025,3,4047,11491,General,AC,MZM,"Mount Zion Medical College, Pathanamthitta",MBBS,AC,31,mbbs_p3_final.pdf
2025,3,4048,11493,MU,MU,KDM,"P K Das Institute of Medical Sciences, Ottapalam",MBBS,MU,31,mbbs_p3_final.pdf
2025,3,4049,11494,General,SM,PMS,"PMS College of Dental Sciences, Vattappara, TVPM",BDS,SM,9,mbbs_p3_final.pdf
2025,3,4050,11499,MU,MU,PIM,"Palakkad Institute of Medical Sciences, Walayar",MBBS,MU,3,mbbs_p3_final.pdf
2025,3,4051,11514,General,AC,MZM,"Mount Zion Medical College, Pathanamthitta",MBBS,AC,30,mbbs_p3_final.pdf
2025,3,4052,11519,General,AC,MZM,"Mount Zion Medical College, Pathanamthitta",MBBS,AC,26,mbbs_p3_final.pdf
2025,3,4053,11520,SC,SC,JMC,"Jubilee Mission Medical College, Thrisur",MBBS,SC,8,mbbs_p3_final.pdf
2025,3,4054,11522,MU,MM,AZC,"Azeezia Institute of Medi Science, Meyyannoor, Kollam",MBBS,MM,17,mbbs_p3_final.pdf
2025,3,4055,11530,EZ,EZ,PMD,"Pushpagiri College of Dental Science, Thiruvalla",BDS,EZ,41,mbbs_p3_final.pdf
2025,3,4056,11534,General,AC,MZM,"Mount Zion Medical College, Pathanamthitta",MBBS,AC,13,mbbs_p3_final.pdf
2025,3,4057,11537,MU,MM,AZC,"Azeezia Institute of Medi Science, Meyyannoor, Kollam",MBBS,MM,7,mbbs_p3_final.pdf
2025,3,4058,11545,SC,SC,PTM,"Government Medical College, Konni, Pathanamthitta",MBBS,SC,1,mbbs_p3_final.pdf
2025,3,4059,11552,MU,SM,MED,"MES Dental College, Perinthalmanna",BDS,SM,7,mbbs_p3_final.pdf
2025,3,4060,11555,EW,EW,DMM,"Dr. Moopens Medical College, Meppadi, Wayanad",MBBS,EW,1,mbbs_p3_final.pdf
2025,3,4061,11556,MU,MM,KMM,"Karuna Medical College, Vilayodi, Palakkad",MBBS,MM,2,mbbs_p3_final.pdf
2025,3,4062,11557,MU,SM,TRD,"Travancore DentalCollege, Kollam",BDS,SM,21,mbbs_p3_final.pdf
2025,3,4063,11558,EZ,NR,GMC,"Sree Gokulam Medical College, Venjaramoodu, TVPM",MBBS,NR,36,mbbs_p3_final.pdf
2025,3,4064,11562,LA,AC,MZM,"Mount Zion Medical College, Pathanamthitta",MBBS,AC,27,mbbs_p3_final.pdf
2025,3,4065,11564,MU,MM,AZC,"Azeezia Institute of Medi Science, Meyyannoor, Kollam",MBBS,MM,20,mbbs_p3_final.pdf
2025,3,4066,11574,MU,MM,AZC,"Azeezia Institute of Medi Science, Meyyannoor, Kollam",MBBS,MM,26,mbbs_p3_final.pdf
2025,3,4067,11575,General,SM,PMS,"PMS College of Dental Sciences, Vattappara, TVPM",BDS,SM,42,mbbs_p3_final.pdf
2025,3,4068,11581,General,MM,AAM,"Al Azhar Medical college, Thodupuzha",MBBS,MM,5,mbbs_p3_final.pdf
2025,3,4069,11597,MU,MM,KEM,"Kerala Medical College, Palakkad",MBBS,MM,2,mbbs_p3_final.pdf
2025,3,4070,11599,VK,VK,KDM,"P K Das Institute of Medical Sciences, Ottapalam",MBBS,VK,18,mbbs_p3_final.pdf
2025,3,4071,11614,LA,LA,MZM,"Mount Zion Medical College, Pathanamthitta",MBBS,LA,35,mbbs_p3_final.pdf
2025,3,4072,11617,MU,MU,AAM,"Al Azhar Medical college, Thodupuzha",MBBS,MU,5,mbbs_p3_final.pdf
2025,3,4073,11622,MU,MM,KEM,"Kerala Medical College, Palakkad",MBBS,MM,16,mbbs_p3_final.pdf
2025,3,4074,11624,VK,VK,SUC,"SUT Accademy of Medical Sciences, Thiruvananthapuram",MBBS,VK,7,mbbs_p3_final.pdf
2025,3,4075,11630,MU,MU,PIM,"Palakkad Institute of Medical Sciences, Walayar",MBBS,MU,1,mbbs_p3_final.pdf
2025,3,4076,11636,General,SM,KMD,"KMCT Dental College, Mambatta, Mukkam, Kozhikode",BDS,SM,42,mbbs_p3_final.pdf
2025,3,4077,11638,MU,MM,AAM,"Al Azhar Medical college, Thodupuzha",MBBS,MM,1,mbbs_p3_final.pdf
2025,3,4078,11641,EW,EW,MMH,"Malabar Medical College Hospital, Kozhikkode",MBBS,EW,23,mbbs_p3_final.pdf
2025,3,4079,11643,EW,EW,SUC,"SUT Accademy of Medical Sciences, Thiruvananthapuram",MBBS,EW,1,mbbs_p3_final.pdf
2025,3,4080,11648,MU,SM,KMD,"KMCT Dental College, Mambatta, Mukkam, Kozhikode",BDS,SM,21,mbbs_p3_final.pdf
2025,3,4081,11649,General,AC,MZM,"Mount Zion Medical College, Pathanamthitta",MBBS,AC,26,mbbs_p3_final.pdf
2025,3,4082,11651,MU,MU,AAM,"Al Azhar Medical college, Thodupuzha",MBBS,MU,18,mbbs_p3_final.pdf
2025,3,4083,11655,MU,MM,AAM,"Al Azhar Medical college, Thodupuzha",MBBS,MM,28,mbbs_p3_final.pdf
2025,3,4084,11656,ST,ST,KKM,"Govt. Medical College, Kozhikkode",MBBS,ST,1,mbbs_p3_final.pdf
2025,3,4085,11659,EW,EW,SUC,"SUT Accademy of Medical Sciences, Thiruvananthapuram",MBBS,EW,1,mbbs_p3_final.pdf
2025,3,4086,11672,General,MM,KEM,"Kerala Medical College, Palakkad",MBBS,MM,29,mbbs_p3_final.pdf
2025,3,4087,11678,General,AC,MZM,"Mount Zion Medical College, Pathanamthitta",MBBS,AC,25,mbbs_p3_final.pdf
2025,3,4088,11679,MU,MM,AZC,"Azeezia Institute of Medi Science, Meyyannoor, Kollam",MBBS,MM,32,mbbs_p3_final.pdf
2025,3,4089,11681,General,AC,MZM,"Mount Zion Medical College, Pathanamthitta",MBBS,AC,11,mbbs_p3_final.pdf
2025,3,4090,11682,MU,MM,AZC,"Azeezia Institute of Medi Science, Meyyannoor, Kollam",MBBS,MM,31,mbbs_p3_final.pdf
2025,3,4091,11688,MU,MM,KMM,"Karuna Medical College, Vilayodi, Palakkad",MBBS,MM,9,mbbs_p3_final.pdf
2025,3,4092,11694,SC,SC #,PTM,"Government Medical College, Konni, Pathanamthitta",MBBS,SC #,4,mbbs_p3_final.pdf
2025,3,4093,11702,MU,MM,AZC,"Azeezia Institute of Medi Science, Meyyannoor, Kollam",MBBS,MM,30,mbbs_p3_final.pdf
2025,3,4094,11707,BX,BX,DMM,"Dr. Moopens Medical College, Meppadi, Wayanad",MBBS,BX,1,mbbs_p3_final.pdf
2025,3,4095,11712,MU,MM,AAM,"Al Azhar Medical college, Thodupuzha",MBBS,MM,21,mbbs_p3_final.pdf
2025,3,4096,11713,EZ,EZ,PMD,"Pushpagiri College of Dental Science, Thiruvalla",BDS,EZ,39,mbbs_p3_final.pdf
2025,3,4097,11718,SC,SC,PKM,"Government Medical College, Palakkad",MBBS,SC,1,mbbs_p3_final.pdf
2025,3,4098,11724,MU,MM,KMM,"Karuna Medical College, Vilayodi, Palakkad",MBBS,MM,31,mbbs_p3_final.pdf
2025,3,4099,11725,LA,AC,MZM,"Mount Zion Medical College, Pathanamthitta",MBBS,AC,25,mbbs_p3_final.pdf
2025,3,4100,11737,General,AC,MZM,"Mount Zion Medical College, Pathanamthitta",MBBS,AC,37,mbbs_p3_final.pdf
2025,3,4101,11741,EW,EW,SUC,"SUT Accademy of Medical Sciences, Thiruvananthapuram",MBBS,EW,1,mbbs_p3_final.pdf
2025,3,4102,11744,MU,MM,KMM,"Karuna Medical College, Vilayodi, Palakkad",MBBS,MM,13,mbbs_p3_final.pdf
2025,3,4103,11750,EW,EW,DMM,"Dr. Moopens Medical College, Meppadi, Wayanad",MBBS,EW,5,mbbs_p3_final.pdf
2025,3,4104,11757,DV,DV,KKD,"Govt. Dental College, Kozhikkode",BDS,DV,36,mbbs_p3_final.pdf
2025,3,4105,11758,LA,AC,MZM,"Mount Zion Medical College, Pathanamthitta",MBBS,AC,28,mbbs_p3_final.pdf
2025,3,4106,11761,General,AC,MZM,"Mount Zion Medical College, Pathanamthitta",MBBS,AC,29,mbbs_p3_final.pdf
2025,3,4107,11764,General,AC,MZM,"Mount Zion Medical College, Pathanamthitta",MBBS,AC,33,mbbs_p3_final.pdf
2025,3,4108,11766,General,AC,MZM,"Mount Zion Medical College, Pathanamthitta",MBBS,AC,1,mbbs_p3_final.pdf
2025,3,4109,11767,VK,VK,KDM,"P K Das Institute of Medical Sciences, Ottapalam",MBBS,VK,17,mbbs_p3_final.pdf
2025,3,4110,11768,General,AC,MZM,"Mount Zion Medical College, Pathanamthitta",MBBS,AC,26,mbbs_p3_final.pdf
2025,3,4111,11777,SC,SC,PKM,"Government Medical College, Palakkad",MBBS,SC,3,mbbs_p3_final.pdf
2025,3,4112,11778,LA,AC,MZM,"Mount Zion Medical College, Pathanamthitta",MBBS,AC,1,mbbs_p3_final.pdf
2025,3,4113,11789,MU,MM,AAM,"Al Azhar Medical college, Thodupuzha",MBBS,MM,6,mbbs_p3_final.pdf
2025,3,4114,11792,MU,SM,KMD,"KMCT Dental College, Mambatta, Mukkam, Kozhikode",BDS,SM,21,mbbs_p3_final.pdf
2025,3,4115,11806,MU,MM,KMM,"Karuna Medical College, Vilayodi, Palakkad",MBBS,MM,24,mbbs_p3_final.pdf
2025,3,4116,11811,General,AC,MZM,"Mount Zion Medical College, Pathanamthitta",MBBS,AC,26,mbbs_p3_final.pdf
2025,3,4117,11820,LA,LA,KDM,"P K Das Institute of Medical Sciences, Ottapalam",MBBS,LA,1,mbbs_p3_final.pdf
2025,3,4118,11824,General,MM,KEM,"Kerala Medical College, Palakkad",MBBS,MM,8,mbbs_p3_final.pdf
2025,3,4119,11835,MU,MM,KMM,"Karuna Medical College, Vilayodi, Palakkad",MBBS,MM,29,mbbs_p3_final.pdf
2025,3,4120,11838,General,MM,KMM,"Karuna Medical College, Vilayodi, Palakkad",MBBS,MM,26,mbbs_p3_final.pdf
2025,3,4121,11839,MU,MM,AAM,"Al Azhar Medical college, Thodupuzha",MBBS,MM,1,mbbs_p3_final.pdf
2025,3,4122,11840,SC,SC,IDM,Government Medical College Idukki,MBBS,SC,9,mbbs_p3_final.pdf
2025,3,4123,11843,General,AC,MZM,"Mount Zion Medical College, Pathanamthitta",MBBS,AC,17,mbbs_p3_final.pdf
2025,3,4124,11844,SC,SC,PKM,"Government Medical College, Palakkad",MBBS,SC,9,mbbs_p3_final.pdf
2025,3,4125,11846,General,AC,MZM,"Mount Zion Medical College, Pathanamthitta",MBBS,AC,20,mbbs_p3_final.pdf
2025,3,4126,11847,General,MM,AAM,"Al Azhar Medical college, Thodupuzha",MBBS,MM,10,mbbs_p3_final.pdf
2025,3,4127,11849,SC,SC,PKM,"Government Medical College, Palakkad",MBBS,SC,1,mbbs_p3_final.pdf
2025,3,4128,11851,VK,VK,SIM,"Sree Narayana Institute of Medical Sciences, Chalakka, Ernakulam.",MBBS,VK,25,mbbs_p3_final.pdf
2025,3,4129,11855,SC,SC,JMC,"Jubilee Mission Medical College, Thrisur",MBBS,SC,9,mbbs_p3_final.pdf
2025,3,4130,11858,MU,MM,KEM,"Kerala Medical College, Palakkad",MBBS,MM,2,mbbs_p3_final.pdf
2025,3,4131,11863,EW,EW,MMH,"Malabar Medical College Hospital, Kozhikkode",MBBS,EW,15,mbbs_p3_final.pdf
2025,3,4132,11869,General,AC,MZM,"Mount Zion Medical College, Pathanamthitta",MBBS,AC,25,mbbs_p3_final.pdf
2025,3,4133,11872,General,AC,MZM,"Mount Zion Medical College, Pathanamthitta",MBBS,AC,13,mbbs_p3_final.pdf
2025,3,4134,11875,General,AC,MZM,"Mount Zion Medical College, Pathanamthitta",MBBS,AC,39,mbbs_p3_final.pdf
2025,3,4135,11877,MU,MU,AAM,"Al Azhar Medical college, Thodupuzha",MBBS,MU,19,mbbs_p3_final.pdf
2025,3,4136,11895,General,MM,AAM,"Al Azhar Medical college, Thodupuzha",MBBS,MM,1,mbbs_p3_final.pdf
2025,3,4137,11900,MU,MU,AAM,"Al Azhar Medical college, Thodupuzha",MBBS,MU,18,mbbs_p3_final.pdf
2025,3,4138,11909,SC,SC,PKM,"Government Medical College, Palakkad",MBBS,SC,9,mbbs_p3_final.pdf
2025,3,4139,11915,MU,MM,AAM,"Al Azhar Medical college, Thodupuzha",MBBS,MM,1,mbbs_p3_final.pdf
2025,3,4140,11918,General,SM,PMS,"PMS College of Dental Sciences, Vattappara, TVPM",BDS,SM,1,mbbs_p3_final.pdf
2025,3,4141,11920,EZ,SM,MBD,"Mar Baselious Dental College, Kothamangalam",BDS,SM,35,mbbs_p3_final.pdf
2025,3,4142,11921,General,AC,MZM,"Mount Zion Medical College, Pathanamthitta",MBBS,AC,12,mbbs_p3_final.pdf
2025,3,4143,11923,General,AC,MZM,"Mount Zion Medical College, Pathanamthitta",MBBS,AC,23,mbbs_p3_final.pdf
2025,3,4144,11925,MU,MU,AAM,"Al Azhar Medical college, Thodupuzha",MBBS,MU,26,mbbs_p3_final.pdf
2025,3,4145,11926,MU,MM,AZC,"Azeezia Institute of Medi Science, Meyyannoor, Kollam",MBBS,MM,29,mbbs_p3_final.pdf
2025,3,4146,11927,EW,EW,SUC,"SUT Accademy of Medical Sciences, Thiruvananthapuram",MBBS,EW,1,mbbs_p3_final.pdf
2025,3,4147,11930,SC,SC,PKM,"Government Medical College, Palakkad",MBBS,SC,8,mbbs_p3_final.pdf
2025,3,4148,11936,MU,MM,AZC,"Azeezia Institute of Medi Science, Meyyannoor, Kollam",MBBS,MM,16,mbbs_p3_final.pdf
2025,3,4149,11951,MU,MM,AZC,"Azeezia Institute of Medi Science, Meyyannoor, Kollam",MBBS,MM,4,mbbs_p3_final.pdf
2025,3,4150,11955,EW,EW,MMH,"Malabar Medical College Hospital, Kozhikkode",MBBS,EW,1,mbbs_p3_final.pdf
2025,3,4151,11966,MU,MM,AAM,"Al Azhar Medical college, Thodupuzha",MBBS,MM,26,mbbs_p3_final.pdf
2025,3,4152,11967,General,SM,ADC,"Annoor Dental College, Puthuppady, Muvattupuzha",BDS,SM,42,mbbs_p3_final.pdf
2025,3,4153,11968,General,AC,MZM,"Mount Zion Medical College, Pathanamthitta",MBBS,AC,1,mbbs_p3_final.pdf
2025,3,4154,11969,MU,MM,AZC,"Azeezia Institute of Medi Science, Meyyannoor, Kollam",MBBS,MM,20,mbbs_p3_final.pdf
2025,3,4155,11971,EW,EW,SUC,"SUT Accademy of Medical Sciences, Thiruvananthapuram",MBBS,EW,1,mbbs_p3_final.pdf
2025,3,4156,11972,SC,SC,PKM,"Government Medical College, Palakkad",MBBS,SC,10,mbbs_p3_final.pdf
2025,3,4157,11973,ST,ST,TVM,"Govt. Medical College, Thiruvananthapuram",MBBS,ST,1,mbbs_p3_final.pdf
2025,3,4158,11974,MU,MM,AAM,"Al Azhar Medical college, Thodupuzha",MBBS,MM,18,mbbs_p3_final.pdf
2025,3,4159,11975,MU,MM,KEM,"Kerala Medical College, Palakkad",MBBS,MM,22,mbbs_p3_final.pdf
2025,3,4160,11977,General,NR,PMC,"Pushpagiri Institute of Medical Science, Thiruvalla",MBBS,NR,14,mbbs_p3_final.pdf
2025,3,4161,11978,General,AC,MZM,"Mount Zion Medical College, Pathanamthitta",MBBS,AC,1,mbbs_p3_final.pdf
2025,3,4162,11981,MU,MM,KMM,"Karuna Medical College, Vilayodi, Palakkad",MBBS,MM,9,mbbs_p3_final.pdf
2025,3,4163,11987,MU,MM,KMM,"Karuna Medical College, Vilayodi, Palakkad",MBBS,MM,29,mbbs_p3_final.pdf
2025,3,4164,11988,General,AC,MZM,"Mount Zion Medical College, Pathanamthitta",MBBS,AC,20,mbbs_p3_final.pdf
2025,3,4165,11994,DV,DV,KND,"Government Dental College, Kannur",BDS,DV,36,mbbs_p3_final.pdf
2025,3,4166,11995,SC,SC,PKM,"Government Medical College, Palakkad",MBBS,SC,7,mbbs_p3_final.pdf
2025,3,4167,11998,LA,AC,MZM,"Mount Zion Medical College, Pathanamthitta",MBBS,AC,33,mbbs_p3_final.pdf
2025,3,4168,12008,MU,MM,AAM,"Al Azhar Medical college, Thodupuzha",MBBS,MM,16,mbbs_p3_final.pdf
2025,3,4169,12010,SC,SC,PKM,"Government Medical College, Palakkad",MBBS,SC,10,mbbs_p3_final.pdf
2025,3,4170,12012,General,AC,MZM,"Mount Zion Medical College, Pathanamthitta",MBBS,AC,20,mbbs_p3_final.pdf
2025,3,4171,12026,MU,MM,AAM,"Al Azhar Medical college, Thodupuzha",MBBS,MM,22,mbbs_p3_final.pdf
2025,3,4172,12029,MU,MM,AAM,"Al Azhar Medical college, Thodupuzha",MBBS,MM,27,mbbs_p3_final.pdf
2025,3,4173,12047,EW,EW,SUC,"SUT Accademy of Medical Sciences, Thiruvananthapuram",MBBS,EW,15,mbbs_p3_final.pdf
2025,3,4174,12048,SC,SC,IDM,Government Medical College Idukki,MBBS,SC,1,mbbs_p3_final.pdf
2025,3,4175,12051,MU,MM,KMM,"Karuna Medical College, Vilayodi, Palakkad",MBBS,MM,19,mbbs_p3_final.pdf
2025,3,4176,12062,SC,SC,JMC,"Jubilee Mission Medical College, Thrisur",MBBS,SC,7,mbbs_p3_final.pdf
2025,3,4177,12065,MU,MM,AAM,"Al Azhar Medical college, Thodupuzha",MBBS,MM,5,mbbs_p3_final.pdf
2025,3,4178,12067,SC,SC,PKM,"Government Medical College, Palakkad",MBBS,SC,10,mbbs_p3_final.pdf
2025,3,4179,12070,SC,SC,PKM,"Government Medical College, Palakkad",MBBS,SC,6,mbbs_p3_final.pdf
2025,3,4180,12071,General,AC,MZM,"Mount Zion Medical College, Pathanamthitta",MBBS,AC,14,mbbs_p3_final.pdf
2025,3,4181,12078,MU,SM,PSD,"PSM College of Dental Sciences, Thrissur",BDS,SM,1,mbbs_p3_final.pdf
2025,3,4182,12092,MU,MM,AZC,"Azeezia Institute of Medi Science, Meyyannoor, Kollam",MBBS,MM,25,mbbs_p3_final.pdf
2025,3,4183,12115,General,AC,MZM,"Mount Zion Medical College, Pathanamthitta",MBBS,AC,35,mbbs_p3_final.pdf
2025,3,4184,12116,LA,AC,MZM,"Mount Zion Medical College, Pathanamthitta",MBBS,AC,16,mbbs_p3_final.pdf
2025,3,4185,12118,MU,MM,AAM,"Al Azhar Medical college, Thodupuzha",MBBS,MM,1,mbbs_p3_final.pdf
2025,3,4186,12129,General,AC,MZM,"Mount Zion Medical College, Pathanamthitta",MBBS,AC,8,mbbs_p3_final.pdf
2025,3,4187,12134,General,AC,MZM,"Mount Zion Medical College, Pathanamthitta",MBBS,AC,28,mbbs_p3_final.pdf
2025,3,4188,12138,General,AC,MZM,"Mount Zion Medical College, Pathanamthitta",MBBS,AC,28,mbbs_p3_final.pdf
2025,3,4189,12146,General,AC,MZM,"Mount Zion Medical College, Pathanamthitta",MBBS,AC,10,mbbs_p3_final.pdf
2025,3,4190,12150,MU,MM,AAM,"Al Azhar Medical college, Thodupuzha",MBBS,MM,23,mbbs_p3_final.pdf
2025,3,4191,12162,General,NR,AMC,"Amala Institute of Medical Sciences, Thrissur",MBBS,NR,18,mbbs_p3_final.pdf
2025,3,4192,12168,MU,MM,AAM,"Al Azhar Medical college, Thodupuzha",MBBS,MM,20,mbbs_p3_final.pdf
2025,3,4193,12173,MU,MM,AAM,"Al Azhar Medical college, Thodupuzha",MBBS,MM,29,mbbs_p3_final.pdf
2025,3,4194,12188,MU,MM,KMM,"Karuna Medical College, Vilayodi, Palakkad",MBBS,MM,26,mbbs_p3_final.pdf
2025,3,4195,12193,General,AC,MZM,"Mount Zion Medical College, Pathanamthitta",MBBS,AC,1,mbbs_p3_final.pdf
2025,3,4196,12197,MU,MM,AAM,"Al Azhar Medical college, Thodupuzha",MBBS,MM,19,mbbs_p3_final.pdf
2025,3,4197,12201,DV,SM,IGD,"Indira Gandhi Institute of Dental Sciences, Kothamangalam",BDS,SM,43,mbbs_p3_final.pdf
2025,3,4198,12211,General,NR,MMC,"Malankara Orthodox Syrian Church MediCollege, Kolenchery",MBBS,NR,11,mbbs_p3_final.pdf
2025,3,4199,12219,SC,SC,PKM,"Government Medical College, Palakkad",MBBS,SC,1,mbbs_p3_final.pdf
2025,3,4200,12230,General,NR,AMC,"Amala Institute of Medical Sciences, Thrissur",MBBS,NR,1,mbbs_p3_final.pdf
2025,3,4201,12231,VK,VK,PIM,"Palakkad Institute of Medical Sciences, Walayar",MBBS,VK,18,mbbs_p3_final.pdf
2025,3,4202,12232,EW,EW,SUC,"SUT Accademy of Medical Sciences, Thiruvananthapuram",MBBS,EW,15,mbbs_p3_final.pdf
2025,3,4203,12245,General,AC,MZM,"Mount Zion Medical College, Pathanamthitta",MBBS,AC,29,mbbs_p3_final.pdf
2025,3,4204,12253,MU,MM,AZC,"Azeezia Institute of Medi Science, Meyyannoor, Kollam",MBBS,MM,30,mbbs_p3_final.pdf
2025,3,4205,12254,MU,MM,AZC,"Azeezia Institute of Medi Science, Meyyannoor, Kollam",MBBS,MM,20,mbbs_p3_final.pdf
2025,3,4206,12255,BX,BX,AAM,"Al Azhar Medical college, Thodupuzha",MBBS,BX,13,mbbs_p3_final.pdf
2025,3,4207,12256,EW,EW,DMM,"Dr. Moopens Medical College, Meppadi, Wayanad",MBBS,EW,1,mbbs_p3_final.pdf
2025,3,4208,12261,MU,MM,KEM,"Kerala Medical College, Palakkad",MBBS,MM,19,mbbs_p3_final.pdf
2025,3,4209,12266,MU,MM,AAM,"Al Azhar Medical college, Thodupuzha",MBBS,MM,2,mbbs_p3_final.pdf
2025,3,4210,12274,General,SM,MBD,"Mar Baselious Dental College, Kothamangalam",BDS,SM,1,mbbs_p3_final.pdf
2025,3,4211,12276,VK,VK,SIM,"Sree Narayana Institute of Medical Sciences, Chalakka, Ernakulam.",MBBS,VK,19,mbbs_p3_final.pdf
2025,3,4212,12296,MU,MM,KEM,"Kerala Medical College, Palakkad",MBBS,MM,24,mbbs_p3_final.pdf
2025,3,4213,12297,General,AC,MZM,"Mount Zion Medical College, Pathanamthitta",MBBS,AC,18,mbbs_p3_final.pdf
2025,3,4214,12316,MU,MM,AZC,"Azeezia Institute of Medi Science, Meyyannoor, Kollam",MBBS,MM,23,mbbs_p3_final.pdf
2025,3,4215,12319,General,AC,MZM,"Mount Zion Medical College, Pathanamthitta",MBBS,AC,39,mbbs_p3_final.pdf
2025,3,4216,12322,EW,EW,DMM,"Dr. Moopens Medical College, Meppadi, Wayanad",MBBS,EW,1,mbbs_p3_final.pdf
2025,3,4217,12327,BH,SM,AID,"Sree Anjaneya Institue of Dental Scinces, Atholi, Kozhikode",BDS,SM,37,mbbs_p3_final.pdf
2025,3,4218,12329,LA,LA,AAM,"Al Azhar Medical college, Thodupuzha",MBBS,LA,4,mbbs_p3_final.pdf
2025,3,4219,12332,MU,MM,AAM,"Al Azhar Medical college, Thodupuzha",MBBS,MM,8,mbbs_p3_final.pdf
2025,3,4220,12333,MU,MM,AAM,"Al Azhar Medical college, Thodupuzha",MBBS,MM,24,mbbs_p3_final.pdf
2025,3,4221,12336,VK,SM,KMD,"KMCT Dental College, Mambatta, Mukkam, Kozhikode",BDS,SM,21,mbbs_p3_final.pdf
2025,3,4222,12345,MU,MM,AAM,"Al Azhar Medical college, Thodupuzha",MBBS,MM,16,mbbs_p3_final.pdf
2025,3,4223,12357,General,AC,MZM,"Mount Zion Medical College, Pathanamthitta",MBBS,AC,29,mbbs_p3_final.pdf
2025,3,4224,12360,SC,SC,PKM,"Government Medical College, Palakkad",MBBS,SC,1,mbbs_p3_final.pdf
2025,3,4225,12361,MU,SM,KMD,"KMCT Dental College, Mambatta, Mukkam, Kozhikode",BDS,SM,1,mbbs_p3_final.pdf
2025,3,4226,12362,MU,MU,PIM,"Palakkad Institute of Medical Sciences, Walayar",MBBS,MU,19,mbbs_p3_final.pdf
2025,3,4227,12366,VK,VK,AAM,"Al Azhar Medical college, Thodupuzha",MBBS,VK,24,mbbs_p3_final.pdf
2025,3,4228,12371,BX,AC,MZM,"Mount Zion Medical College, Pathanamthitta",MBBS,AC,31,mbbs_p3_final.pdf
2025,3,4229,12373,EZ,SM,MBD,"Mar Baselious Dental College, Kothamangalam",BDS,SM,42,mbbs_p3_final.pdf
2025,3,4230,12377,General,AC,MZM,"Mount Zion Medical College, Pathanamthitta",MBBS,AC,29,mbbs_p3_final.pdf
2025,3,4231,12379,MU,MM,KEM,"Kerala Medical College, Palakkad",MBBS,MM,19,mbbs_p3_final.pdf
2025,3,4232,12385,VK,VK,AAM,"Al Azhar Medical college, Thodupuzha",MBBS,VK,33,mbbs_p3_final.pdf
2025,3,4233,12386,General,MM,AAM,"Al Azhar Medical college, Thodupuzha",MBBS,MM,6,mbbs_p3_final.pdf
2025,3,4234,12403,SC,SC,PKM,"Government Medical College, Palakkad",MBBS,SC,1,mbbs_p3_final.pdf
2025,3,4235,12404,MU,MM,AAM,"Al Azhar Medical college, Thodupuzha",MBBS,MM,23,mbbs_p3_final.pdf
2025,3,4236,12407,MU,MU,PIM,"Palakkad Institute of Medical Sciences, Walayar",MBBS,MU,21,mbbs_p3_final.pdf
2025,3,4237,12408,MU,SM,EID,"Educare Institute of Dental Sciences, Malappuram",BDS,SM,1,mbbs_p3_final.pdf
2025,3,4238,12428,SC,SC,PKM,"Government Medical College, Palakkad",MBBS,SC,8,mbbs_p3_final.pdf
2025,3,4239,12435,EZ,SM,TRD,"Travancore DentalCollege, Kollam",BDS,SM,43,mbbs_p3_final.pdf
2025,3,4240,12440,MU,MM,KMM,"Karuna Medical College, Vilayodi, Palakkad",MBBS,MM,15,mbbs_p3_final.pdf
2025,3,4241,12441,SC,SC,PTM,"Government Medical College, Konni, Pathanamthitta",MBBS,SC,9,mbbs_p3_final.pdf
2025,3,4242,12453,SC,SC,PKM,"Government Medical College, Palakkad",MBBS,SC,8,mbbs_p3_final.pdf
2025,3,4243,12456,SC,SC,PKM,"Government Medical College, Palakkad",MBBS,SC,8,mbbs_p3_final.pdf
2025,3,4244,12458,MU,MM,KEM,"Kerala Medical College, Palakkad",MBBS,MM,2,mbbs_p3_final.pdf
2025,3,4245,12462,SC,SC,PTM,"Government Medical College, Konni, Pathanamthitta",MBBS,SC,3,mbbs_p3_final.pdf
2025,3,4246,12463,SC,SC,PTM,"Government Medical College, Konni, Pathanamthitta",MBBS,SC,10,mbbs_p3_final.pdf
2025,3,4247,12465,General,NR,JMC,"Jubilee Mission Medical College, Thrisur",MBBS,NR,1,mbbs_p3_final.pdf
2025,3,4248,12468,MU,MM,AAM,"Al Azhar Medical college, Thodupuzha",MBBS,MM,7,mbbs_p3_final.pdf
2025,3,4249,12473,SC,SC,PKM,"Government Medical College, Palakkad",MBBS,SC,9,mbbs_p3_final.pdf
2025,3,4250,12482,MU,MM,AAM,"Al Azhar Medical college, Thodupuzha",MBBS,MM,33,mbbs_p3_final.pdf
2025,3,4251,12483,General,AC,MZM,"Mount Zion Medical College, Pathanamthitta",MBBS,AC,28,mbbs_p3_final.pdf
2025,3,4252,12486,MU,MM,KMM,"Karuna Medical College, Vilayodi, Palakkad",MBBS,MM,35,mbbs_p3_final.pdf
2025,3,4253,12497,General,AC,MZM,"Mount Zion Medical College, Pathanamthitta",MBBS,AC,17,mbbs_p3_final.pdf
2025,3,4254,12499,General,AC,MZM,"Mount Zion Medical College, Pathanamthitta",MBBS,AC,33,mbbs_p3_final.pdf
2025,3,4255,12504,SC,SC,IDM,Government Medical College Idukki,MBBS,SC,11,mbbs_p3_final.pdf
2025,3,4256,12517,MU,MU,MZM,"Mount Zion Medical College, Pathanamthitta",MBBS,MU,22,mbbs_p3_final.pdf
2025,3,4257,12525,MU,MM,KEM,"Kerala Medical College, Palakkad",MBBS,MM,2,mbbs_p3_final.pdf
2025,3,4258,12528,SC,SC,IDM,Government Medical College Idukki,MBBS,SC,11,mbbs_p3_final.pdf
2025,3,4259,12531,General,SM,PMS,"PMS College of Dental Sciences, Vattappara, TVPM",BDS,SM,43,mbbs_p3_final.pdf
2025,3,4260,12538,EW,EW,SIM,"Sree Narayana Institute of Medical Sciences, Chalakka, Ernakulam.",MBBS,EW,13,mbbs_p3_final.pdf
2025,3,4261,12539,SC,SC,PKM,"Government Medical College, Palakkad",MBBS,SC,1,mbbs_p3_final.pdf
2025,3,4262,12542,General,AC,MZM,"Mount Zion Medical College, Pathanamthitta",MBBS,AC,15,mbbs_p3_final.pdf
2025,3,4263,12544,SC,SC,MMH,"Malabar Medical College Hospital, Kozhikkode",MBBS,SC,1,mbbs_p3_final.pdf
2025,3,4264,12546,MU,SM,MBD,"Mar Baselious Dental College, Kothamangalam",BDS,SM,1,mbbs_p3_final.pdf
2025,3,4265,12549,LA,LA,KDM,"P K Das Institute of Medical Sciences, Ottapalam",MBBS,LA,27,mbbs_p3_final.pdf
2025,3,4266,12552,MU,MM,KMM,"Karuna Medical College, Vilayodi, Palakkad",MBBS,MM,28,mbbs_p3_final.pdf
2025,3,4267,12554,BX,BX,PIM,"Palakkad Institute of Medical Sciences, Walayar",MBBS,BX,18,mbbs_p3_final.pdf
2025,3,4268,12557,MU,MM,AAM,"Al Azhar Medical college, Thodupuzha",MBBS,MM,22,mbbs_p3_final.pdf
2025,3,4269,12559,MU,MU,PIM,"Palakkad Institute of Medical Sciences, Walayar",MBBS,MU,33,mbbs_p3_final.pdf
2025,3,4270,12569,General,AC,MZM,"Mount Zion Medical College, Pathanamthitta",MBBS,AC,2,mbbs_p3_final.pdf
2025,3,4271,12570,MU,MM,AAM,"Al Azhar Medical college, Thodupuzha",MBBS,MM,11,mbbs_p3_final.pdf
2025,3,4272,12576,MU,MM,AAM,"Al Azhar Medical college, Thodupuzha",MBBS,MM,2,mbbs_p3_final.pdf
2025,3,4273,12580,General,SM,MBD,"Mar Baselious Dental College, Kothamangalam",BDS,SM,41,mbbs_p3_final.pdf
2025,3,4274,12583,MU,MM,AAM,"Al Azhar Medical college, Thodupuzha",MBBS,MM,35,mbbs_p3_final.pdf
2025,3,4275,12587,General,NR,MMC,"Malankara Orthodox Syrian Church MediCollege, Kolenchery",MBBS,NR,1,mbbs_p3_final.pdf
2025,3,4276,12590,General,AC,MZM,"Mount Zion Medical College, Pathanamthitta",MBBS,AC,16,mbbs_p3_final.pdf
2025,3,4277,12592,EW,EW,SUC,"SUT Accademy of Medical Sciences, Thiruvananthapuram",MBBS,EW,16,mbbs_p3_final.pdf
2025,3,4278,12593,MU,MM,KEM,"Kerala Medical College, Palakkad",MBBS,MM,28,mbbs_p3_final.pdf
2025,3,4279,12596,LA,LA,AAM,"Al Azhar Medical college, Thodupuzha",MBBS,LA,7,mbbs_p3_final.pdf
2025,3,4280,12610,MU,MM,KMM,"Karuna Medical College, Vilayodi, Palakkad",MBBS,MM,33,mbbs_p3_final.pdf
2025,3,4281,12618,SC,SC,PKM,"Government Medical College, Palakkad",MBBS,SC,6,mbbs_p3_final.pdf
2025,3,4282,12620,General,SM,MBD,"Mar Baselious Dental College, Kothamangalam",BDS,SM,1,mbbs_p3_final.pdf
2025,3,4283,12622,General,SM,PMS,"PMS College of Dental Sciences, Vattappara, TVPM",BDS,SM,4,mbbs_p3_final.pdf
2025,3,4284,12625,MU,MM,AAM,"Al Azhar Medical college, Thodupuzha",MBBS,MM,15,mbbs_p3_final.pdf
2025,3,4285,12627,MU,MM,KEM,"Kerala Medical College, Palakkad",MBBS,MM,16,mbbs_p3_final.pdf
2025,3,4286,12629,SC,SC,PKM,"Government Medical College, Palakkad",MBBS,SC,4,mbbs_p3_final.pdf
2025,3,4287,12632,EW,EW,SIM,"Sree Narayana Institute of Medical Sciences, Chalakka, Ernakulam.",MBBS,EW,10,mbbs_p3_final.pdf
2025,3,4288,12633,BH,SM,KMD,"KMCT Dental College, Mambatta, Mukkam, Kozhikode",BDS,SM,42,mbbs_p3_final.pdf
2025,3,4289,12634,EZ,SM,PMS,"PMS College of Dental Sciences, Vattappara, TVPM",BDS,SM,22,mbbs_p3_final.pdf
2025,3,4290,12635,MU,MU,PIM,"Palakkad Institute of Medical Sciences, Walayar",MBBS,MU,21,mbbs_p3_final.pdf
2025,3,4291,12637,MU,SM,KMD,"KMCT Dental College, Mambatta, Mukkam, Kozhikode",BDS,SM,19,mbbs_p3_final.pdf
2025,3,4292,12638,SC,SC,IDM,Government Medical College Idukki,MBBS,SC,10,mbbs_p3_final.pdf
2025,3,4293,12642,General,AC,MZM,"Mount Zion Medical College, Pathanamthitta",MBBS,AC,28,mbbs_p3_final.pdf
2025,3,4294,12643,MU,MM,KMM,"Karuna Medical College, Vilayodi, Palakkad",MBBS,MM,11,mbbs_p3_final.pdf
2025,3,4295,12649,General,MM,AAM,"Al Azhar Medical college, Thodupuzha",MBBS,MM,2,mbbs_p3_final.pdf
2025,3,4296,12655,SC,SC,PKM,"Government Medical College, Palakkad",MBBS,SC,5,mbbs_p3_final.pdf
2025,3,4297,12656,MU,MM,KEM,"Kerala Medical College, Palakkad",MBBS,MM,2,mbbs_p3_final.pdf
2025,3,4298,12662,General,AC,MZM,"Mount Zion Medical College, Pathanamthitta",MBBS,AC,38,mbbs_p3_final.pdf
2025,3,4299,12674,SC,SC,PKM,"Government Medical College, Palakkad",MBBS,SC,10,mbbs_p3_final.pdf
2025,3,4300,12680,General,NR,SIM,"Sree Narayana Institute of Medical Sciences, Chalakka, Ernakulam.",MBBS,NR,2,mbbs_p3_final.pdf
2025,3,4301,12682,EZ,NR,JMC,"Jubilee Mission Medical College, Thrisur",MBBS,NR,1,mbbs_p3_final.pdf
2025,3,4302,12686,General,AC,MZM,"Mount Zion Medical College, Pathanamthitta",MBBS,AC,14,mbbs_p3_final.pdf
2025,3,4303,12689,MU,MM,AAM,"Al Azhar Medical college, Thodupuzha",MBBS,MM,10,mbbs_p3_final.pdf
2025,3,4304,12692,SC,SC,PKM,"Government Medical College, Palakkad",MBBS,SC,1,mbbs_p3_final.pdf
2025,3,4305,12697,MU,MM,KEM,"Kerala Medical College, Palakkad",MBBS,MM,11,mbbs_p3_final.pdf
2025,3,4306,12698,SC,SC,PKM,"Government Medical College, Palakkad",MBBS,SC,1,mbbs_p3_final.pdf
2025,3,4307,12702,General,SM,PMS,"PMS College of Dental Sciences, Vattappara, TVPM",BDS,SM,49,mbbs_p3_final.pdf
2025,3,4308,12706,MU,MM,KMM,"Karuna Medical College, Vilayodi, Palakkad",MBBS,MM,10,mbbs_p3_final.pdf
2025,3,4309,12713,SC,SC,PKM,"Government Medical College, Palakkad",MBBS,SC,1,mbbs_p3_final.pdf
2025,3,4310,12714,MU,MM,AAM,"Al Azhar Medical college, Thodupuzha",MBBS,MM,22,mbbs_p3_final.pdf
2025,3,4311,12715,MU,SM,KMD,"KMCT Dental College, Mambatta, Mukkam, Kozhikode",BDS,SM,20,mbbs_p3_final.pdf
2025,3,4312,12718,General,NR,JMC,"Jubilee Mission Medical College, Thrisur",MBBS,NR,1,mbbs_p3_final.pdf
2025,3,4313,12719,MU,MM,AAM,"Al Azhar Medical college, Thodupuzha",MBBS,MM,21,mbbs_p3_final.pdf
2025,3,4314,12725,MU,MM,KEM,"Kerala Medical College, Palakkad",MBBS,MM,21,mbbs_p3_final.pdf
2025,3,4315,12728,MU,NR,EMC,"MES Medical College, Perinthalmanna, Malappuram",MBBS,NR,19,mbbs_p3_final.pdf
2025,3,4316,12733,MU,MM,KMM,"Karuna Medical College, Vilayodi, Palakkad",MBBS,MM,6,mbbs_p3_final.pdf
2025,3,4317,12743,MU,MM,KMM,"Karuna Medical College, Vilayodi, Palakkad",MBBS,MM,18,mbbs_p3_final.pdf
2025,3,4318,12749,MU,MM,AAM,"Al Azhar Medical college, Thodupuzha",MBBS,MM,6,mbbs_p3_final.pdf
2025,3,4319,12752,MU,MM,KMM,"Karuna Medical College, Vilayodi, Palakkad",MBBS,MM,36,mbbs_p3_final.pdf
2025,3,4320,12777,MU,MM,KEM,"Kerala Medical College, Palakkad",MBBS,MM,33,mbbs_p3_final.pdf
2025,3,4321,12790,MU,MM,KMM,"Karuna Medical College, Vilayodi, Palakkad",MBBS,MM,6,mbbs_p3_final.pdf
2025,3,4322,12794,EZ,SM,MBD,"Mar Baselious Dental College, Kothamangalam",BDS,SM,43,mbbs_p3_final.pdf
2025,3,4323,12804,MU,MM,AAM,"Al Azhar Medical college, Thodupuzha",MBBS,MM,12,mbbs_p3_final.pdf
2025,3,4324,12807,EZ,SM,KMD,"KMCT Dental College, Mambatta, Mukkam, Kozhikode",BDS,SM,40,mbbs_p3_final.pdf
2025,3,4325,12809,MU,MM,AAM,"Al Azhar Medical college, Thodupuzha",MBBS,MM,31,mbbs_p3_final.pdf
2025,3,4326,12815,MU,MM,KEM,"Kerala Medical College, Palakkad",MBBS,MM,9,mbbs_p3_final.pdf
2025,3,4327,12828,MU,MM,KMM,"Karuna Medical College, Vilayodi, Palakkad",MBBS,MM,4,mbbs_p3_final.pdf
2025,3,4328,12840,MU,MM,KEM,"Kerala Medical College, Palakkad",MBBS,MM,10,mbbs_p3_final.pdf
2025,3,4329,12857,MU,MM,KMM,"Karuna Medical College, Vilayodi, Palakkad",MBBS,MM,34,mbbs_p3_final.pdf
2025,3,4330,12858,MU,MM,AAM,"Al Azhar Medical college, Thodupuzha",MBBS,MM,16,mbbs_p3_final.pdf
2025,3,4331,12859,SC,SC,PKM,"Government Medical College, Palakkad",MBBS,SC,4,mbbs_p3_final.pdf
2025,3,4332,12862,MU,MM,KEM,"Kerala Medical College, Palakkad",MBBS,MM,2,mbbs_p3_final.pdf
2025,3,4333,12876,SC,SC,AMC,"Amala Institute of Medical Sciences, Thrissur",MBBS,SC,7,mbbs_p3_final.pdf
2025,3,4334,12877,MU,MM,KEM,"Kerala Medical College, Palakkad",MBBS,MM,38,mbbs_p3_final.pdf
2025,3,4335,12885,SC,SC,PKM,"Government Medical College, Palakkad",MBBS,SC,10,mbbs_p3_final.pdf
2025,3,4336,12886,MU,MM,AAM,"Al Azhar Medical college, Thodupuzha",MBBS,MM,35,mbbs_p3_final.pdf
2025,3,4337,12896,LA,LA,KMM,"Karuna Medical College, Vilayodi, Palakkad",MBBS,LA,15,mbbs_p3_final.pdf
2025,3,4338,12925,MU,MM,KEM,"Kerala Medical College, Palakkad",MBBS,MM,30,mbbs_p3_final.pdf
2025,3,4339,12926,MU,MM,KEM,"Kerala Medical College, Palakkad",MBBS,MM,2,mbbs_p3_final.pdf
2025,3,4340,12927,MU,MM,KMM,"Karuna Medical College, Vilayodi, Palakkad",MBBS,MM,35,mbbs_p3_final.pdf
2025,3,4341,12932,VK,SM,MED,"MES Dental College, Perinthalmanna",BDS,SM,42,mbbs_p3_final.pdf
2025,3,4342,12940,General,SM,PMS,"PMS College of Dental Sciences, Vattappara, TVPM",BDS,SM,36,mbbs_p3_final.pdf
2025,3,4343,12947,SC,SC #,PKM,"Government Medical College, Palakkad",MBBS,SC #,1,mbbs_p3_final.pdf
2025,3,4344,12953,EW,EW,SUC,"SUT Accademy of Medical Sciences, Thiruvananthapuram",MBBS,EW,4,mbbs_p3_final.pdf
2025,3,4345,12962,MU,MM,AAM,"Al Azhar Medical college, Thodupuzha",MBBS,MM,10,mbbs_p3_final.pdf
2025,3,4346,12974,General,NR,JMC,"Jubilee Mission Medical College, Thrisur",MBBS,NR,1,mbbs_p3_final.pdf
2025,3,4347,12986,BH,SM,MED,"MES Dental College, Perinthalmanna",BDS,SM,36,mbbs_p3_final.pdf
2025,3,4348,12987,General,SM,PMS,"PMS College of Dental Sciences, Vattappara, TVPM",BDS,SM,37,mbbs_p3_final.pdf
2025,3,4349,12988,MU,NR,JMC,"Jubilee Mission Medical College, Thrisur",MBBS,NR,15,mbbs_p3_final.pdf
2025,3,4350,12993,General,MM,AAM,"Al Azhar Medical college, Thodupuzha",MBBS,MM,8,mbbs_p3_final.pdf
2025,3,4351,12994,MU,MM,KMM,"Karuna Medical College, Vilayodi, Palakkad",MBBS,MM,17,mbbs_p3_final.pdf
2025,3,4352,13004,MU,MM,AAM,"Al Azhar Medical college, Thodupuzha",MBBS,MM,31,mbbs_p3_final.pdf
2025,3,4353,13006,MU,MM,AAM,"Al Azhar Medical college, Thodupuzha",MBBS,MM,7,mbbs_p3_final.pdf
2025,3,4354,13010,MU,MM,KEM,"Kerala Medical College, Palakkad",MBBS,MM,2,mbbs_p3_final.pdf
2025,3,4355,13014,General,DA,ALP,"T D Govt. Medical College, Alappuzha",MBBS,DA,1,mbbs_p3_final.pdf
2025,3,4356,13017,General,SM,PSD,"PSM College of Dental Sciences, Thrissur",BDS,SM,21,mbbs_p3_final.pdf
2025,3,4357,13023,General,SM,MBD,"Mar Baselious Dental College, Kothamangalam",BDS,SM,24,mbbs_p3_final.pdf
2025,3,4358,13028,SC,SC,PKM,"Government Medical College, Palakkad",MBBS,SC,1,mbbs_p3_final.pdf
2025,3,4359,13031,MU,MM,KEM,"Kerala Medical College, Palakkad",MBBS,MM,3,mbbs_p3_final.pdf
2025,3,4360,13046,LA,LA,KMM,"Karuna Medical College, Vilayodi, Palakkad",MBBS,LA,4,mbbs_p3_final.pdf
2025,3,4361,13051,MU,MM,KEM,"Kerala Medical College, Palakkad",MBBS,MM,2,mbbs_p3_final.pdf
2025,3,4362,13056,KU,KU,TVM,"Govt. Medical College, Thiruvananthapuram",MBBS,KU,1,mbbs_p3_final.pdf
2025,3,4363,13059,MU,MM,AAM,"Al Azhar Medical college, Thodupuzha",MBBS,MM,11,mbbs_p3_final.pdf
2025,3,4364,13061,MU,MM,KMM,"Karuna Medical College, Vilayodi, Palakkad",MBBS,MM,33,mbbs_p3_final.pdf
2025,3,4365,13062,SC,SC,PKM,"Government Medical College, Palakkad",MBBS,SC,1,mbbs_p3_final.pdf
2025,3,4366,13063,MU,SM,PMS,"PMS College of Dental Sciences, Vattappara, TVPM",BDS,SM,7,mbbs_p3_final.pdf
2025,3,4367,13064,MU,MM,AAM,"Al Azhar Medical college, Thodupuzha",MBBS,MM,23,mbbs_p3_final.pdf
2025,3,4368,13082,General,NR,JMC,"Jubilee Mission Medical College, Thrisur",MBBS,NR,1,mbbs_p3_final.pdf
2025,3,4369,13083,SC,SC,PKM,"Government Medical College, Palakkad",MBBS,SC,1,mbbs_p3_final.pdf
2025,3,4370,13086,MU,MM,KMM,"Karuna Medical College, Vilayodi, Palakkad",MBBS,MM,22,mbbs_p3_final.pdf
2025,3,4371,13087,MU,MM,KEM,"Kerala Medical College, Palakkad",MBBS,MM,2,mbbs_p3_final.pdf
2025,3,4372,13090,MU,SM,MED,"MES Dental College, Perinthalmanna",BDS,SM,16,mbbs_p3_final.pdf
2025,3,4373,13105,MU,MM,AAM,"Al Azhar Medical college, Thodupuzha",MBBS,MM,31,mbbs_p3_final.pdf
2025,3,4374,13108,EZ,SM,PMS,"PMS College of Dental Sciences, Vattappara, TVPM",BDS,SM,23,mbbs_p3_final.pdf
2025,3,4375,13112,MU,MM,AAM,"Al Azhar Medical college, Thodupuzha",MBBS,MM,3,mbbs_p3_final.pdf
2025,3,4376,13114,General,AC,PMD,"Pushpagiri College of Dental Science, Thiruvalla",BDS,AC,43,mbbs_p3_final.pdf
2025,3,4377,13120,General,SM,MBD,"Mar Baselious Dental College, Kothamangalam",BDS,SM,1,mbbs_p3_final.pdf
2025,3,4378,13125,MU,MM,KMM,"Karuna Medical College, Vilayodi, Palakkad",MBBS,MM,14,mbbs_p3_final.pdf
2025,3,4379,13138,General,SM,MBD,"Mar Baselious Dental College, Kothamangalam",BDS,SM,9,mbbs_p3_final.pdf
2025,3,4380,13163,SC,SC,PKM,"Government Medical College, Palakkad",MBBS,SC,1,mbbs_p3_final.pdf
2025,3,4381,13168,MU,MM,KEM,"Kerala Medical College, Palakkad",MBBS,MM,4,mbbs_p3_final.pdf
2025,3,4382,13170,MU,MM,KEM,"Kerala Medical College, Palakkad",MBBS,MM,22,mbbs_p3_final.pdf
2025,3,4383,13176,MU,MM,KEM,"Kerala Medical College, Palakkad",MBBS,MM,15,mbbs_p3_final.pdf
2025,3,4384,13177,BH,SM,ADC,"Annoor Dental College, Puthuppady, Muvattupuzha",BDS,SM,38,mbbs_p3_final.pdf
2025,3,4385,13185,General,SM,ADC,"Annoor Dental College, Puthuppady, Muvattupuzha",BDS,SM,30,mbbs_p3_final.pdf
2025,3,4386,13186,General,SD,KTD,"Govt. Dental College, Kottayam",BDS,SD,18,mbbs_p3_final.pdf
2025,3,4387,13188,MU,MM,AAM,"Al Azhar Medical college, Thodupuzha",MBBS,MM,4,mbbs_p3_final.pdf
2025,3,4388,13203,BX,SM,AZD,"Azeezia College of Dental Science, Meyyannoor, Kollam",BDS,SM,41,mbbs_p3_final.pdf
2025,3,4389,13205,MU,SM,KMD,"KMCT Dental College, Mambatta, Mukkam, Kozhikode",BDS,SM,1,mbbs_p3_final.pdf
2025,3,4390,13207,SC,SC,PMC,"Pushpagiri Institute of Medical Science, Thiruvalla",MBBS,SC,1,mbbs_p3_final.pdf
2025,3,4391,13208,MU,MM,KMM,"Karuna Medical College, Vilayodi, Palakkad",MBBS,MM,8,mbbs_p3_final.pdf
2025,3,4392,13211,General,SM,KMD,"KMCT Dental College, Mambatta, Mukkam, Kozhikode",BDS,SM,1,mbbs_p3_final.pdf
2025,3,4393,13213,MU,MM,KEM,"Kerala Medical College, Palakkad",MBBS,MM,4,mbbs_p3_final.pdf
2025,3,4394,13216,MU,MM,KEM,"Kerala Medical College, Palakkad",MBBS,MM,35,mbbs_p3_final.pdf
2025,3,4395,13219,MU,MM,KMM,"Karuna Medical College, Vilayodi, Palakkad",MBBS,MM,10,mbbs_p3_final.pdf
2025,3,4396,13222,MU,MM,KMM,"Karuna Medical College, Vilayodi, Palakkad",MBBS,MM,35,mbbs_p3_final.pdf
2025,3,4397,13231,MU,MM,AAM,"Al Azhar Medical college, Thodupuzha",MBBS,MM,31,mbbs_p3_final.pdf
2025,3,4398,13232,MU,MM,AAM,"Al Azhar Medical college, Thodupuzha",MBBS,MM,16,mbbs_p3_final.pdf
2025,3,4399,13238,SC,SC,PKM,"Government Medical College, Palakkad",MBBS,SC,8,mbbs_p3_final.pdf
2025,3,4400,13239,MU,MM,KEM,"Kerala Medical College, Palakkad",MBBS,MM,20,mbbs_p3_final.pdf
2025,3,4401,13262,MU,MM,KMM,"Karuna Medical College, Vilayodi, Palakkad",MBBS,MM,35,mbbs_p3_final.pdf
2025,3,4402,13281,MU,SM,KMD,"KMCT Dental College, Mambatta, Mukkam, Kozhikode",BDS,SM,9,mbbs_p3_final.pdf
2025,3,4403,13290,SC,SC,PKM,"Government Medical College, Palakkad",MBBS,SC,1,mbbs_p3_final.pdf
2025,3,4404,13292,MU,MM,AAM,"Al Azhar Medical college, Thodupuzha",MBBS,MM,33,mbbs_p3_final.pdf
2025,3,4405,13297,MU,MM,KEM,"Kerala Medical College, Palakkad",MBBS,MM,2,mbbs_p3_final.pdf
2025,3,4406,13302,MU,SM,KMD,"KMCT Dental College, Mambatta, Mukkam, Kozhikode",BDS,SM,1,mbbs_p3_final.pdf
2025,3,4407,13306,General,DA,TVM,"Govt. Medical College, Thiruvananthapuram",MBBS,DA,1,mbbs_p3_final.pdf
2025,3,4408,13318,MU,MM,AAM,"Al Azhar Medical college, Thodupuzha",MBBS,MM,34,mbbs_p3_final.pdf
2025,3,4409,13323,General,SM,MBD,"Mar Baselious Dental College, Kothamangalam",BDS,SM,39,mbbs_p3_final.pdf
2025,3,4410,13325,MU,SM,EID,"Educare Institute of Dental Sciences, Malappuram",BDS,SM,1,mbbs_p3_final.pdf
2025,3,4411,13326,LA,LA,KDM,"P K Das Institute of Medical Sciences, Ottapalam",MBBS,LA,25,mbbs_p3_final.pdf
2025,3,4412,13333,MU,MM,KEM,"Kerala Medical College, Palakkad",MBBS,MM,9,mbbs_p3_final.pdf
2025,3,4413,13336,BH,SM,AAD,"Al Azhar Dental College, Thodupuzha",BDS,SM,41,mbbs_p3_final.pdf
2025,3,4414,13347,MU,MM,KEM,"Kerala Medical College, Palakkad",MBBS,MM,22,mbbs_p3_final.pdf
2025,3,4415,13350,MU,MM,KEM,"Kerala Medical College, Palakkad",MBBS,MM,2,mbbs_p3_final.pdf
2025,3,4416,13359,General,MM,KMM,"Karuna Medical College, Vilayodi, Palakkad",MBBS,MM,29,mbbs_p3_final.pdf
2025,3,4417,13367,MU,NR,EMC,"MES Medical College, Perinthalmanna, Malappuram",MBBS,NR,1,mbbs_p3_final.pdf
2025,3,4418,13373,SC,SC,MMC,"Malankara Orthodox Syrian Church MediCollege, Kolenchery",MBBS,SC,1,mbbs_p3_final.pdf
2025,3,4419,13382,BH,SM,MBD,"Mar Baselious Dental College, Kothamangalam",BDS,SM,42,mbbs_p3_final.pdf
2025,3,4420,13393,General,AC,PMD,"Pushpagiri College of Dental Science, Thiruvalla",BDS,AC,16,mbbs_p3_final.pdf
2025,3,4421,13395,MU,MM,AAM,"Al Azhar Medical college, Thodupuzha",MBBS,MM,34,mbbs_p3_final.pdf
2025,3,4422,13397,SC,SC,PMC,"Pushpagiri Institute of Medical Science, Thiruvalla",MBBS,SC,12,mbbs_p3_final.pdf
2025,3,4423,13408,MU,MM,KEM,"Kerala Medical College, Palakkad",MBBS,MM,16,mbbs_p3_final.pdf
2025,3,4424,13412,MU,MM,KMM,"Karuna Medical College, Vilayodi, Palakkad",MBBS,MM,21,mbbs_p3_final.pdf
2025,3,4425,13415,SC,SC,PKM,"Government Medical College, Palakkad",MBBS,SC,7,mbbs_p3_final.pdf
2025,3,4426,13420,MU,MM,KMM,"Karuna Medical College, Vilayodi, Palakkad",MBBS,MM,10,mbbs_p3_final.pdf
2025,3,4427,13430,General,DA,KTM,"Govt. Medical College, Kottayam",MBBS,DA,1,mbbs_p3_final.pdf
2025,3,4428,13434,General,NR,MMC,"Malankara Orthodox Syrian Church MediCollege, Kolenchery",MBBS,NR,21,mbbs_p3_final.pdf
2025,3,4429,13438,MU,PD,KKM,"Govt. Medical College, Kozhikkode",MBBS,PD,1,mbbs_p3_final.pdf
2025,3,4430,13446,MU,SM,NID,"Noorul Islam College of Dental Science, Neyyattinkara",BDS,SM,21,mbbs_p3_final.pdf
2025,3,4431,13448,General,AC,PMD,"Pushpagiri College of Dental Science, Thiruvalla",BDS,AC,47,mbbs_p3_final.pdf
2025,3,4432,13458,MU,MM,AAM,"Al Azhar Medical college, Thodupuzha",MBBS,MM,33,mbbs_p3_final.pdf
2025,3,4433,13460,MU,SM,PMS,"PMS College of Dental Sciences, Vattappara, TVPM",BDS,SM,1,mbbs_p3_final.pdf
2025,3,4434,13472,MU,SM,KMD,"KMCT Dental College, Mambatta, Mukkam, Kozhikode",BDS,SM,1,mbbs_p3_final.pdf
2025,3,4435,13477,MU,MM,AAM,"Al Azhar Medical college, Thodupuzha",MBBS,MM,35,mbbs_p3_final.pdf
2025,3,4436,13481,LA,LA,AAM,"Al Azhar Medical college, Thodupuzha",MBBS,LA,30,mbbs_p3_final.pdf
2025,3,4437,13487,MU,MM,AAM,"Al Azhar Medical college, Thodupuzha",MBBS,MM,20,mbbs_p3_final.pdf
2025,3,4438,13494,EZ,SM,MBD,"Mar Baselious Dental College, Kothamangalam",BDS,SM,8,mbbs_p3_final.pdf
2025,3,4439,13512,SC,SC,PKM,"Government Medical College, Palakkad",MBBS,SC,10,mbbs_p3_final.pdf
2025,3,4440,13515,MU,MM,AAM,"Al Azhar Medical college, Thodupuzha",MBBS,MM,36,mbbs_p3_final.pdf
2025,3,4441,13533,SC,SC,PKM,"Government Medical College, Palakkad",MBBS,SC,2,mbbs_p3_final.pdf
2025,3,4442,13537,VK,SM,KMD,"KMCT Dental College, Mambatta, Mukkam, Kozhikode",BDS,SM,42,mbbs_p3_final.pdf
2025,3,4443,13538,MU,MM,KEM,"Kerala Medical College, Palakkad",MBBS,MM,4,mbbs_p3_final.pdf
2025,3,4444,13540,SC,SC,PKM,"Government Medical College, Palakkad",MBBS,SC,10,mbbs_p3_final.pdf
2025,3,4445,13544,SC,SC,PKM,"Government Medical College, Palakkad",MBBS,SC,7,mbbs_p3_final.pdf
2025,3,4446,13548,General,SM,KMD,"KMCT Dental College, Mambatta, Mukkam, Kozhikode",BDS,SM,42,mbbs_p3_final.pdf
2025,3,4447,13550,SC,SC,PKM,"Government Medical College, Palakkad",MBBS,SC,9,mbbs_p3_final.pdf
2025,3,4448,13551,MU,MM,KEM,"Kerala Medical College, Palakkad",MBBS,MM,16,mbbs_p3_final.pdf
2025,3,4449,13569,MU,MM,KMM,"Karuna Medical College, Vilayodi, Palakkad",MBBS,MM,23,mbbs_p3_final.pdf
2025,3,4450,13574,BH,SM,KMD,"KMCT Dental College, Mambatta, Mukkam, Kozhikode",BDS,SM,42,mbbs_p3_final.pdf
2025,3,4451,13596,SC,SC,PKM,"Government Medical College, Palakkad",MBBS,SC,1,mbbs_p3_final.pdf
2025,3,4452,13600,SC,SC,PKM,"Government Medical College, Palakkad",MBBS,SC,9,mbbs_p3_final.pdf
2025,3,4453,13601,General,SM,MBD,"Mar Baselious Dental College, Kothamangalam",BDS,SM,48,mbbs_p3_final.pdf
2025,3,4454,13604,EW,EW,SIM,"Sree Narayana Institute of Medical Sciences, Chalakka, Ernakulam.",MBBS,EW,5,mbbs_p3_final.pdf
2025,3,4455,13624,MU,SM,PMS,"PMS College of Dental Sciences, Vattappara, TVPM",BDS,SM,21,mbbs_p3_final.pdf
2025,3,4456,13626,MU,SM,AZD,"Azeezia College of Dental Science, Meyyannoor, Kollam",BDS,SM,19,mbbs_p3_final.pdf
2025,3,4457,13639,SC,SC,KSM,"Govt. Medical College, Kasaragod",MBBS,SC,6,mbbs_p3_final.pdf
2025,3,4458,13643,MU,MM,AAM,"Al Azhar Medical college, Thodupuzha",MBBS,MM,21,mbbs_p3_final.pdf
2025,3,4459,13646,General,SM,MBD,"Mar Baselious Dental College, Kothamangalam",BDS,SM,40,mbbs_p3_final.pdf
2025,3,4460,13649,General,NR,MMC,"Malankara Orthodox Syrian Church MediCollege, Kolenchery",MBBS,NR,43,mbbs_p3_final.pdf
2025,3,4461,13650,General,AC,MBD,"Mar Baselious Dental College, Kothamangalam",BDS,AC,36,mbbs_p3_final.pdf
2025,3,4462,13657,MU,MM,AAM,"Al Azhar Medical college, Thodupuzha",MBBS,MM,35,mbbs_p3_final.pdf
2025,3,4463,13670,SC,SC,PKM,"Government Medical College, Palakkad",MBBS,SC,1,mbbs_p3_final.pdf
2025,3,4464,13683,SC,SC,PKM,"Government Medical College, Palakkad",MBBS,SC,10,mbbs_p3_final.pdf
2025,3,4465,13692,MU,MM,KEM,"Kerala Medical College, Palakkad",MBBS,MM,12,mbbs_p3_final.pdf
2025,3,4466,13696,MU,MM,KEM,"Kerala Medical College, Palakkad",MBBS,MM,2,mbbs_p3_final.pdf
2025,3,4467,13702,SC,SC,EMC,"MES Medical College, Perinthalmanna, Malappuram",MBBS,SC,11,mbbs_p3_final.pdf
2025,3,4468,13703,MU,MM,KEM,"Kerala Medical College, Palakkad",MBBS,MM,24,mbbs_p3_final.pdf
2025,3,4469,13718,MU,MM,KEM,"Kerala Medical College, Palakkad",MBBS,MM,3,mbbs_p3_final.pdf
2025,3,4470,13719,SC,SC,GMC,"Sree Gokulam Medical College, Venjaramoodu, TVPM",MBBS,SC,9,mbbs_p3_final.pdf
2025,3,4471,13728,MU,SM,KMD,"KMCT Dental College, Mambatta, Mukkam, Kozhikode",BDS,SM,21,mbbs_p3_final.pdf
2025,3,4472,13734,SC,SC,PKM,"Government Medical College, Palakkad",MBBS,SC,2,mbbs_p3_final.pdf
2025,3,4473,13740,MU,MM,AAM,"Al Azhar Medical college, Thodupuzha",MBBS,MM,25,mbbs_p3_final.pdf
2025,3,4474,13746,EW,EW,DMM,"Dr. Moopens Medical College, Meppadi, Wayanad",MBBS,EW,1,mbbs_p3_final.pdf
2025,3,4475,13760,EZ,DA,MLP,"Govt. Medical College, Manjeri",MBBS,DA,1,mbbs_p3_final.pdf
2025,3,4476,13769,MU,MM,AAM,"Al Azhar Medical college, Thodupuzha",MBBS,MM,37,mbbs_p3_final.pdf
2025,3,4477,13782,MU,MM,AAM,"Al Azhar Medical college, Thodupuzha",MBBS,MM,14,mbbs_p3_final.pdf
2025,3,4478,13784,MU,SM,KMD,"KMCT Dental College, Mambatta, Mukkam, Kozhikode",BDS,SM,20,mbbs_p3_final.pdf
2025,3,4479,13785,MU,MM,KEM,"Kerala Medical College, Palakkad",MBBS,MM,6,mbbs_p3_final.pdf
2025,3,4480,13796,SC,SC,PKM,"Government Medical College, Palakkad",MBBS,SC,1,mbbs_p3_final.pdf
2025,3,4481,13802,MU,MM,KEM,"Kerala Medical College, Palakkad",MBBS,MM,38,mbbs_p3_final.pdf
2025,3,4482,13814,General,PI,MLP,"Govt. Medical College, Manjeri",MBBS,PI,1,mbbs_p3_final.pdf
2025,3,4483,13820,General,SM,PMS,"PMS College of Dental Sciences, Vattappara, TVPM",BDS,SM,5,mbbs_p3_final.pdf
2025,3,4484,13822,MU,MM,AAM,"Al Azhar Medical college, Thodupuzha",MBBS,MM,33,mbbs_p3_final.pdf
2025,3,4485,13845,BH,BH,PMD,"Pushpagiri College of Dental Science, Thiruvalla",BDS,BH,42,mbbs_p3_final.pdf
2025,3,4486,13874,SC,SC,GMC,"Sree Gokulam Medical College, Venjaramoodu, TVPM",MBBS,SC,1,mbbs_p3_final.pdf
2025,3,4487,13894,MU,MM,KEM,"Kerala Medical College, Palakkad",MBBS,MM,35,mbbs_p3_final.pdf
2025,3,4488,13902,EW,PD,TVM,"Govt. Medical College, Thiruvananthapuram",MBBS,PD,1,mbbs_p3_final.pdf
2025,3,4489,13907,SC,SC,PKM,"Government Medical College, Palakkad",MBBS,SC,1,mbbs_p3_final.pdf
2025,3,4490,13911,EW,EW,SIM,"Sree Narayana Institute of Medical Sciences, Chalakka, Ernakulam.",MBBS,EW,21,mbbs_p3_final.pdf
2025,3,4491,13917,MU,MM,AAM,"Al Azhar Medical college, Thodupuzha",MBBS,MM,26,mbbs_p3_final.pdf
2025,3,4492,13922,KN,KN,AAM,"Al Azhar Medical college, Thodupuzha",MBBS,KN,1,mbbs_p3_final.pdf
2025,3,4493,13924,MU,MM,KEM,"Kerala Medical College, Palakkad",MBBS,MM,28,mbbs_p3_final.pdf
2025,3,4494,13932,MU,SM,MED,"MES Dental College, Perinthalmanna",BDS,SM,1,mbbs_p3_final.pdf
2025,3,4495,13937,General,DA,CMC,"Govt. Medical College, Ernakulam",MBBS,DA,1,mbbs_p3_final.pdf
2025,3,4496,13947,General,AC,PMD,"Pushpagiri College of Dental Science, Thiruvalla",BDS,AC,50,mbbs_p3_final.pdf
2025,3,4497,13950,General,MM,KEM,"Kerala Medical College, Palakkad",MBBS,MM,16,mbbs_p3_final.pdf
2025,3,4498,13952,MU,SM,ADC,"Annoor Dental College, Puthuppady, Muvattupuzha",BDS,SM,1,mbbs_p3_final.pdf
2025,3,4499,13953,MU,MM,AAM,"Al Azhar Medical college, Thodupuzha",MBBS,MM,8,mbbs_p3_final.pdf
2025,3,4500,13962,MU,MM,KEM,"Kerala Medical College, Palakkad",MBBS,MM,2,mbbs_p3_final.pdf
2025,3,4501,13968,EZ,SM,KMD,"KMCT Dental College, Mambatta, Mukkam, Kozhikode",BDS,SM,42,mbbs_p3_final.pdf
2025,3,4502,13970,MU,MM,KEM,"Kerala Medical College, Palakkad",MBBS,MM,4,mbbs_p3_final.pdf
2025,3,4503,13975,DV,SM,IGD,"Indira Gandhi Institute of Dental Sciences, Kothamangalam",BDS,SM,42,mbbs_p3_final.pdf
2025,3,4504,13978,EZ,SM,KMD,"KMCT Dental College, Mambatta, Mukkam, Kozhikode",BDS,SM,1,mbbs_p3_final.pdf
2025,3,4505,13989,MU,MM,AAM,"Al Azhar Medical college, Thodupuzha",MBBS,MM,34,mbbs_p3_final.pdf
2025,3,4506,13990,EW,SM,PMS,"PMS College of Dental Sciences, Vattappara, TVPM",BDS,SM,1,mbbs_p3_final.pdf
2025,3,4507,14000,MU,SM,MED,"MES Dental College, Perinthalmanna",BDS,SM,1,mbbs_p3_final.pdf
2025,3,4508,14008,MU,MM,AAM,"Al Azhar Medical college, Thodupuzha",MBBS,MM,13,mbbs_p3_final.pdf
2025,3,4509,14013,MU,MM,AAM,"Al Azhar Medical college, Thodupuzha",MBBS,MM,36,mbbs_p3_final.pdf
2025,3,4510,14027,DV,DV,MBD,"Mar Baselious Dental College, Kothamangalam",BDS,DV,42,mbbs_p3_final.pdf
2025,3,4511,14034,MU,MM,KEM,"Kerala Medical College, Palakkad",MBBS,MM,22,mbbs_p3_final.pdf
2025,3,4512,14036,MU,MU,MBD,"Mar Baselious Dental College, Kothamangalam",BDS,MU,1,mbbs_p3_final.pdf
2025,3,4513,14044,General,NR,BCM,"Believers Church Medical College Hospital, Thiruvalla",MBBS,NR,26,mbbs_p3_final.pdf
2025,3,4514,14048,MU,MM,AAM,"Al Azhar Medical college, Thodupuzha",MBBS,MM,13,mbbs_p3_final.pdf
2025,3,4515,14049,SC,SC,BCM,"Believers Church Medical College Hospital, Thiruvalla",MBBS,SC,1,mbbs_p3_final.pdf
2025,3,4516,14053,MU,SM,MED,"MES Dental College, Perinthalmanna",BDS,SM,14,mbbs_p3_final.pdf
2025,3,4517,14061,General,AC,PMD,"Pushpagiri College of Dental Science, Thiruvalla",BDS,AC,50,mbbs_p3_final.pdf
2025,3,4518,14063,EW,EW,SUC,"SUT Accademy of Medical Sciences, Thiruvananthapuram",MBBS,EW,24,mbbs_p3_final.pdf
2025,3,4519,14077,MU,SM,ADC,"Annoor Dental College, Puthuppady, Muvattupuzha",BDS,SM,49,mbbs_p3_final.pdf
2025,3,4520,14078,EW,EW,SIM,"Sree Narayana Institute of Medical Sciences, Chalakka, Ernakulam.",MBBS,EW,23,mbbs_p3_final.pdf
2025,3,4521,14101,SC,SC,GMC,"Sree Gokulam Medical College, Venjaramoodu, TVPM",MBBS,SC,7,mbbs_p3_final.pdf
2025,3,4522,14110,DV,SM,PMS,"PMS College of Dental Sciences, Vattappara, TVPM",BDS,SM,44,mbbs_p3_final.pdf
2025,3,4523,14111,EW,EW,PIM,"Palakkad Institute of Medical Sciences, Walayar",MBBS,EW,28,mbbs_p3_final.pdf
2025,3,4524,14124,SC,SC,PKM,"Government Medical College, Palakkad",MBBS,SC,4,mbbs_p3_final.pdf
2025,3,4525,14131,SC,SC,PKM,"Government Medical College, Palakkad",MBBS,SC,9,mbbs_p3_final.pdf
2025,3,4526,14134,SC,SC,PKM,"Government Medical College, Palakkad",MBBS,SC,10,mbbs_p3_final.pdf
2025,3,4527,14151,MU,SM,MED,"MES Dental College, Perinthalmanna",BDS,SM,1,mbbs_p3_final.pdf
2025,3,4528,14154,General,SM,PMS,"PMS College of Dental Sciences, Vattappara, TVPM",BDS,SM,42,mbbs_p3_final.pdf
2025,3,4529,14155,KU,KU,TVM,"Govt. Medical College, Thiruvananthapuram",MBBS,KU,1,mbbs_p3_final.pdf
2025,3,4530,14160,SC,SC,PKM,"Government Medical College, Palakkad",MBBS,SC,1,mbbs_p3_final.pdf
2025,3,4531,14176,General,AC,PMD,"Pushpagiri College of Dental Science, Thiruvalla",BDS,AC,50,mbbs_p3_final.pdf
2025,3,4532,14180,General,AC,PMD,"Pushpagiri College of Dental Science, Thiruvalla",BDS,AC,29,mbbs_p3_final.pdf
2025,3,4533,14181,MU,SM,MED,"MES Dental College, Perinthalmanna",BDS,SM,26,mbbs_p3_final.pdf
2025,3,4534,14188,ST,ST,TVM,"Govt. Medical College, Thiruvananthapuram",MBBS,ST,1,mbbs_p3_final.pdf
2025,3,4535,14217,MU,SM,ADC,"Annoor Dental College, Puthuppady, Muvattupuzha",BDS,SM,8,mbbs_p3_final.pdf
2025,3,4536,14224,MU,NR,JMC,"Jubilee Mission Medical College, Thrisur",MBBS,NR,1,mbbs_p3_final.pdf
2025,3,4537,14242,General,NC,JMC,"Jubilee Mission Medical College, Thrisur",MBBS,NC,26,mbbs_p3_final.pdf
2025,3,4538,14260,General,SM,PMS,"PMS College of Dental Sciences, Vattappara, TVPM",BDS,SM,18,mbbs_p3_final.pdf
2025,3,4539,14268,MU,SM,PMS,"PMS College of Dental Sciences, Vattappara, TVPM",BDS,SM,49,mbbs_p3_final.pdf
2025,3,4540,14269,General,NR,PMC,"Pushpagiri Institute of Medical Science, Thiruvalla",MBBS,NR,43,mbbs_p3_final.pdf
2025,3,4541,14281,General,NR,BCM,"Believers Church Medical College Hospital, Thiruvalla",MBBS,NR,36,mbbs_p3_final.pdf
2025,3,4542,14298,MU,NR,MMC,"Malankara Orthodox Syrian Church MediCollege, Kolenchery",MBBS,NR,1,mbbs_p3_final.pdf
2025,3,4543,14333,VK,SM,SVD,"Sri Sankara Dental College, Akathumuri, Varkala",BDS,SM,22,mbbs_p3_final.pdf
2025,3,4544,14365,General,SM,SGD,"St. Gregorios Dental College, Chelad, Kothamangalam",BDS,SM,39,mbbs_p3_final.pdf
2025,3,4545,14366,BH,SM,PSD,"PSM College of Dental Sciences, Thrissur",BDS,SM,33,mbbs_p3_final.pdf
2025,3,4546,14373,SC,SC,PKM,"Government Medical College, Palakkad",MBBS,SC,1,mbbs_p3_final.pdf
2025,3,4547,14380,SC,SC,PKM,"Government Medical College, Palakkad",MBBS,SC,1,mbbs_p3_final.pdf
2025,3,4548,14386,MU,SM,MED,"MES Dental College, Perinthalmanna",BDS,SM,21,mbbs_p3_final.pdf
2025,3,4549,14406,General,SM,AZD,"Azeezia College of Dental Science, Meyyannoor, Kollam",BDS,SM,1,mbbs_p3_final.pdf
2025,3,4550,14415,MU,SM,MED,"MES Dental College, Perinthalmanna",BDS,SM,47,mbbs_p3_final.pdf
2025,3,4551,14445,SC,SC,PKM,"Government Medical College, Palakkad",MBBS,SC,10,mbbs_p3_final.pdf
2025,3,4552,14458,SC,SC,IDM,Government Medical College Idukki,MBBS,SC,3,mbbs_p3_final.pdf
2025,3,4553,14468,MU,SM,KMD,"KMCT Dental College, Mambatta, Mukkam, Kozhikode",BDS,SM,7,mbbs_p3_final.pdf
2025,3,4554,14508,General,AC,PMD,"Pushpagiri College of Dental Science, Thiruvalla",BDS,AC,36,mbbs_p3_final.pdf
2025,3,4555,14509,KN,KN,PIM,"Palakkad Institute of Medical Sciences, Walayar",MBBS,KN,16,mbbs_p3_final.pdf
2025,3,4556,14511,BH,SM,PMS,"PMS College of Dental Sciences, Vattappara, TVPM",BDS,SM,22,mbbs_p3_final.pdf
2025,3,4557,14512,BX,BX,MBD,"Mar Baselious Dental College, Kothamangalam",BDS,BX,43,mbbs_p3_final.pdf
2025,3,4558,14522,BH,SM,MED,"MES Dental College, Perinthalmanna",BDS,SM,36,mbbs_p3_final.pdf
2025,3,4559,14549,General,NR,BCM,"Believers Church Medical College Hospital, Thiruvalla",MBBS,NR,19,mbbs_p3_final.pdf
2025,3,4560,14558,VK,SM,ADC,"Annoor Dental College, Puthuppady, Muvattupuzha",BDS,SM,21,mbbs_p3_final.pdf
2025,3,4561,14588,MU,SM,KMD,"KMCT Dental College, Mambatta, Mukkam, Kozhikode",BDS,SM,21,mbbs_p3_final.pdf
2025,3,4562,14601,EW,EW,DMM,"Dr. Moopens Medical College, Meppadi, Wayanad",MBBS,EW,1,mbbs_p3_final.pdf
2025,3,4563,14615,MU,SM,AID,"Sree Anjaneya Institue of Dental Scinces, Atholi, Kozhikode",BDS,SM,1,mbbs_p3_final.pdf
2025,3,4564,14634,MU,SM,KMD,"KMCT Dental College, Mambatta, Mukkam, Kozhikode",BDS,SM,21,mbbs_p3_final.pdf
2025,3,4565,14639,MU,SM,MED,"MES Dental College, Perinthalmanna",BDS,SM,36,mbbs_p3_final.pdf
2025,3,4566,14641,SC,SC,GMC,"Sree Gokulam Medical College, Venjaramoodu, TVPM",MBBS,SC,8,mbbs_p3_final.pdf
2025,3,4567,14643,SC,SC,KCM,"KMCT Medical College, Mukkom, Kozikkode",MBBS,SC,1,mbbs_p3_final.pdf
2025,3,4568,14646,SC,SC,PKM,"Government Medical College, Palakkad",MBBS,SC,10,mbbs_p3_final.pdf
2025,3,4569,14648,MU,SM,KMD,"KMCT Dental College, Mambatta, Mukkam, Kozhikode",BDS,SM,49,mbbs_p3_final.pdf
2025,3,4570,14651,General,AC,PMD,"Pushpagiri College of Dental Science, Thiruvalla",BDS,AC,43,mbbs_p3_final.pdf
2025,3,4571,14670,MU,SM,KMD,"KMCT Dental College, Mambatta, Mukkam, Kozhikode",BDS,SM,49,mbbs_p3_final.pdf
2025,3,4572,14690,MU,SM,KMD,"KMCT Dental College, Mambatta, Mukkam, Kozhikode",BDS,SM,49,mbbs_p3_final.pdf
2025,3,4573,14695,General,SM,KMD,"KMCT Dental College, Mambatta, Mukkam, Kozhikode",BDS,SM,24,mbbs_p3_final.pdf
2025,3,4574,14704,SC,SC,PKM,"Government Medical College, Palakkad",MBBS,SC,7,mbbs_p3_final.pdf
2025,3,4575,14708,SC,SC,PKM,"Government Medical College, Palakkad",MBBS,SC,10,mbbs_p3_final.pdf
2025,3,4576,14723,BX,AC,PMD,"Pushpagiri College of Dental Science, Thiruvalla",BDS,AC,21,mbbs_p3_final.pdf
2025,3,4577,14734,LA,LA,MBD,"Mar Baselious Dental College, Kothamangalam",BDS,LA,24,mbbs_p3_final.pdf
2025,3,4578,14736,SC,SC,PKM,"Government Medical College, Palakkad",MBBS,SC,1,mbbs_p3_final.pdf
2025,3,4579,14754,VK,SM,PMS,"PMS College of Dental Sciences, Vattappara, TVPM",BDS,SM,41,mbbs_p3_final.pdf
2025,3,4580,14764,General,SM,ADC,"Annoor Dental College, Puthuppady, Muvattupuzha",BDS,SM,42,mbbs_p3_final.pdf
2025,3,4581,14770,EW,EW,MMH,"Malabar Medical College Hospital, Kozhikkode",MBBS,EW,1,mbbs_p3_final.pdf
2025,3,4582,14772,EW,EW,DMM,"Dr. Moopens Medical College, Meppadi, Wayanad",MBBS,EW,1,mbbs_p3_final.pdf
2025,3,4583,14784,General,SM,SGD,"St. Gregorios Dental College, Chelad, Kothamangalam",BDS,SM,29,mbbs_p3_final.pdf
2025,3,4584,14795,EZ,SM,NID,"Noorul Islam College of Dental Science, Neyyattinkara",BDS,SM,21,mbbs_p3_final.pdf
2025,3,4585,14800,DV,SM,PMS,"PMS College of Dental Sciences, Vattappara, TVPM",BDS,SM,1,mbbs_p3_final.pdf
2025,3,4586,14803,SC,SC,KSM,"Govt. Medical College, Kasaragod",MBBS,SC,1,mbbs_p3_final.pdf
2025,3,4587,14819,General,SM,AAD,"Al Azhar Dental College, Thodupuzha",BDS,SM,42,mbbs_p3_final.pdf
2025,3,4588,14835,SC,SC,PKM,"Government Medical College, Palakkad",MBBS,SC,2,mbbs_p3_final.pdf
2025,3,4589,14837,SC,SC,GMC,"Sree Gokulam Medical College, Venjaramoodu, TVPM",MBBS,SC,10,mbbs_p3_final.pdf
2025,3,4590,14842,SC,SC,MMH,"Malabar Medical College Hospital, Kozhikkode",MBBS,SC,1,mbbs_p3_final.pdf
2025,3,4591,14850,MU,MU,PMD,"Pushpagiri College of Dental Science, Thiruvalla",BDS,MU,37,mbbs_p3_final.pdf
2025,3,4592,14851,LA,SM,KMD,"KMCT Dental College, Mambatta, Mukkam, Kozhikode",BDS,SM,1,mbbs_p3_final.pdf
2025,3,4593,14854,General,NR,KEM,"Kerala Medical College, Palakkad",MBBS,NR,10,mbbs_p3_final.pdf
2025,3,4594,14855,ST,ST,TVM,"Govt. Medical College, Thiruvananthapuram",MBBS,ST,1,mbbs_p3_final.pdf
2025,3,4595,14868,MU,SM,MED,"MES Dental College, Perinthalmanna",BDS,SM,49,mbbs_p3_final.pdf
2025,3,4596,14879,KU,KU,KTM,"Govt. Medical College, Kottayam",MBBS,KU,1,mbbs_p3_final.pdf
2025,3,4597,14881,MU,SM,KMD,"KMCT Dental College, Mambatta, Mukkam, Kozhikode",BDS,SM,46,mbbs_p3_final.pdf
2025,3,4598,14887,SC,SC,PKM,"Government Medical College, Palakkad",MBBS,SC,8,mbbs_p3_final.pdf
2025,3,4599,14903,ST,ST,TCM,"Govt. Medical College, Thrissur",MBBS,ST,1,mbbs_p3_final.pdf
2025,3,4600,14910,General,PI,ALP,"T D Govt. Medical College, Alappuzha",MBBS,PI,1,mbbs_p3_final.pdf
2025,3,4601,14912,MU,SM,MED,"MES Dental College, Perinthalmanna",BDS,SM,49,mbbs_p3_final.pdf
2025,3,4602,14932,General,NR,AMC,"Amala Institute of Medical Sciences, Thrissur",MBBS,NR,35,mbbs_p3_final.pdf
2025,3,4603,14935,General,NC,JMC,"Jubilee Mission Medical College, Thrisur",MBBS,NC,28,mbbs_p3_final.pdf
2025,3,4604,14936,General,SM,MED,"MES Dental College, Perinthalmanna",BDS,SM,22,mbbs_p3_final.pdf
2025,3,4605,14937,KN,KN,KTD,"Govt. Dental College, Kottayam",BDS,KN,19,mbbs_p3_final.pdf
2025,3,4606,14941,General,SM,PMS,"PMS College of Dental Sciences, Vattappara, TVPM",BDS,SM,1,mbbs_p3_final.pdf
2025,3,4607,14949,MU,SM,KMD,"KMCT Dental College, Mambatta, Mukkam, Kozhikode",BDS,SM,5,mbbs_p3_final.pdf
2025,3,4608,14954,SC,SC,PKM,"Government Medical College, Palakkad",MBBS,SC,1,mbbs_p3_final.pdf
2025,3,4609,14958,SC,SC,PKM,"Government Medical College, Palakkad",MBBS,SC,6,mbbs_p3_final.pdf
2025,3,4610,14976,SC,SC,PKM,"Government Medical College, Palakkad",MBBS,SC,1,mbbs_p3_final.pdf
2025,3,4611,14981,General,SM,ADC,"Annoor Dental College, Puthuppady, Muvattupuzha",BDS,SM,42,mbbs_p3_final.pdf
2025,3,4612,15004,MU,SM,EID,"Educare Institute of Dental Sciences, Malappuram",BDS,SM,1,mbbs_p3_final.pdf
2025,3,4613,15021,MU,SM,MED,"MES Dental College, Perinthalmanna",BDS,SM,21,mbbs_p3_final.pdf
2025,3,4614,15025,EW,EW,KDM,"P K Das Institute of Medical Sciences, Ottapalam",MBBS,EW,1,mbbs_p3_final.pdf
2025,3,4615,15055,MU,SM,MED,"MES Dental College, Perinthalmanna",BDS,SM,21,mbbs_p3_final.pdf
2025,3,4616,15076,General,NR,AMC,"Amala Institute of Medical Sciences, Thrissur",MBBS,NR,1,mbbs_p3_final.pdf
2025,3,4617,15085,SC,SC,PKM,"Government Medical College, Palakkad",MBBS,SC,1,mbbs_p3_final.pdf
2025,3,4618,15096,SC,SC,WYM,"Govt. Medical College, Wayanad",MBBS,SC,4,mbbs_p3_final.pdf
2025,3,4619,15098,SC,SC,MMH,"Malabar Medical College Hospital, Kozhikkode",MBBS,SC,1,mbbs_p3_final.pdf
2025,3,4620,15109,SC,SC,PKM,"Government Medical College, Palakkad",MBBS,SC,4,mbbs_p3_final.pdf
2025,3,4621,15113,DV,SM,KMD,"KMCT Dental College, Mambatta, Mukkam, Kozhikode",BDS,SM,10,mbbs_p3_final.pdf
2025,3,4622,15148,EW,EW,MMH,"Malabar Medical College Hospital, Kozhikkode",MBBS,EW,15,mbbs_p3_final.pdf
2025,3,4623,15154,VK,VK,MBD,"Mar Baselious Dental College, Kothamangalam",BDS,VK,39,mbbs_p3_final.pdf
2025,3,4624,15158,EW,EW,MMH,"Malabar Medical College Hospital, Kozhikkode",MBBS,EW,14,mbbs_p3_final.pdf
2025,3,4625,15167,MU,SM,MED,"MES Dental College, Perinthalmanna",BDS,SM,31,mbbs_p3_final.pdf
2025,3,4626,15183,SC,SC,GMC,"Sree Gokulam Medical College, Venjaramoodu, TVPM",MBBS,SC,10,mbbs_p3_final.pdf
2025,3,4627,15188,General,NR,AMC,"Amala Institute of Medical Sciences, Thrissur",MBBS,NR,1,mbbs_p3_final.pdf
2025,3,4628,15189,SC,SC,PKM,"Government Medical College, Palakkad",MBBS,SC,1,mbbs_p3_final.pdf
2025,3,4629,15190,General,NR,AMC,"Amala Institute of Medical Sciences, Thrissur",MBBS,NR,26,mbbs_p3_final.pdf
2025,3,4630,15191,General,AC,PMD,"Pushpagiri College of Dental Science, Thiruvalla",BDS,AC,22,mbbs_p3_final.pdf
2025,3,4631,15212,EW,EW,DMM,"Dr. Moopens Medical College, Meppadi, Wayanad",MBBS,EW,20,mbbs_p3_final.pdf
2025,3,4632,15226,MU,SM,MED,"MES Dental College, Perinthalmanna",BDS,SM,21,mbbs_p3_final.pdf
2025,3,4633,15228,SC,SC,PKM,"Government Medical College, Palakkad",MBBS,SC,6,mbbs_p3_final.pdf
2025,3,4634,15239,SC,SC,PKM,"Government Medical College, Palakkad",MBBS,SC,10,mbbs_p3_final.pdf
2025,3,4635,15249,MU,SM,AAD,"Al Azhar Dental College, Thodupuzha",BDS,SM,21,mbbs_p3_final.pdf
2025,3,4636,15272,MU,NR,EMC,"MES Medical College, Perinthalmanna, Malappuram",MBBS,NR,29,mbbs_p3_final.pdf
2025,3,4637,15274,ST,ST,KTM,"Govt. Medical College, Kottayam",MBBS,ST,1,mbbs_p3_final.pdf
2025,3,4638,15275,EW,EW,KDM,"P K Das Institute of Medical Sciences, Ottapalam",MBBS,EW,1,mbbs_p3_final.pdf
2025,3,4639,15282,SC,SC,MMH,"Malabar Medical College Hospital, Kozhikkode",MBBS,SC,1,mbbs_p3_final.pdf
2025,3,4640,15315,SC,SC,MMH,"Malabar Medical College Hospital, Kozhikkode",MBBS,SC,12,mbbs_p3_final.pdf
2025,3,4641,15346,EW,EW,DMM,"Dr. Moopens Medical College, Meppadi, Wayanad",MBBS,EW,2,mbbs_p3_final.pdf
2025,3,4642,15375,MU,SM,PMS,"PMS College of Dental Sciences, Vattappara, TVPM",BDS,SM,8,mbbs_p3_final.pdf
2025,3,4643,15389,EZ,SM,EID,"Educare Institute of Dental Sciences, Malappuram",BDS,SM,10,mbbs_p3_final.pdf
2025,3,4644,15390,EZ,SM,PMS,"PMS College of Dental Sciences, Vattappara, TVPM",BDS,SM,1,mbbs_p3_final.pdf
2025,3,4645,15404,KN,KN,KND,"Government Dental College, Kannur",BDS,KN,16,mbbs_p3_final.pdf
2025,3,4646,15428,General,SM,SGD,"St. Gregorios Dental College, Chelad, Kothamangalam",BDS,SM,1,mbbs_p3_final.pdf
2025,3,4647,15430,General,NC,JMC,"Jubilee Mission Medical College, Thrisur",MBBS,NC,3,mbbs_p3_final.pdf
2025,3,4648,15439,SC,SC,IDM,Government Medical College Idukki,MBBS,SC,10,mbbs_p3_final.pdf
2025,3,4649,15442,MU,SM,KMD,"KMCT Dental College, Mambatta, Mukkam, Kozhikode",BDS,SM,1,mbbs_p3_final.pdf
2025,3,4650,15454,General,NC,AMC,"Amala Institute of Medical Sciences, Thrissur",MBBS,NC,31,mbbs_p3_final.pdf
2025,3,4651,15463,EZ,SM,KMD,"KMCT Dental College, Mambatta, Mukkam, Kozhikode",BDS,SM,1,mbbs_p3_final.pdf
2025,3,4652,15464,EW,EW,KDM,"P K Das Institute of Medical Sciences, Ottapalam",MBBS,EW,1,mbbs_p3_final.pdf
2025,3,4653,15474,MU,NR,EMC,"MES Medical College, Perinthalmanna, Malappuram",MBBS,NR,36,mbbs_p3_final.pdf
2025,3,4654,15479,SC,SC,MMC,"Malankara Orthodox Syrian Church MediCollege, Kolenchery",MBBS,SC,13,mbbs_p3_final.pdf
2025,3,4655,15481,LA,PI,CMC,"Govt. Medical College, Ernakulam",MBBS,PI,1,mbbs_p3_final.pdf
2025,3,4656,15483,EZ,PD,TVM,"Govt. Medical College, Thiruvananthapuram",MBBS,PD,1,mbbs_p3_final.pdf
2025,3,4657,15484,SC,SC,SUC,"SUT Accademy of Medical Sciences, Thiruvananthapuram",MBBS,SC,7,mbbs_p3_final.pdf
2025,3,4658,15486,General,NR,PMC,"Pushpagiri Institute of Medical Science, Thiruvalla",MBBS,NR,43,mbbs_p3_final.pdf
2025,3,4659,15487,SC,SC,WYM,"Govt. Medical College, Wayanad",MBBS,SC,13,mbbs_p3_final.pdf
2025,3,4660,15494,SC,SC,WYM,"Govt. Medical College, Wayanad",MBBS,SC,13,mbbs_p3_final.pdf
2025,3,4661,15497,SC,SC,MMH,"Malabar Medical College Hospital, Kozhikkode",MBBS,SC,9,mbbs_p3_final.pdf
2025,3,4662,15511,EZ,SM,KMD,"KMCT Dental College, Mambatta, Mukkam, Kozhikode",BDS,SM,1,mbbs_p3_final.pdf
2025,3,4663,15516,General,PD,TVM,"Govt. Medical College, Thiruvananthapuram",MBBS,PD,1,mbbs_p3_final.pdf
2025,3,4664,15525,MU,MU,PMD,"Pushpagiri College of Dental Science, Thiruvalla",BDS,MU,36,mbbs_p3_final.pdf
2025,3,4665,15531,LA,SM,PMS,"PMS College of Dental Sciences, Vattappara, TVPM",BDS,SM,1,mbbs_p3_final.pdf
2025,3,4666,15533,BH,SM,AZD,"Azeezia College of Dental Science, Meyyannoor, Kollam",BDS,SM,1,mbbs_p3_final.pdf
2025,3,4667,15548,BH,SM,KMD,"KMCT Dental College, Mambatta, Mukkam, Kozhikode",BDS,SM,34,mbbs_p3_final.pdf
2025,3,4668,15570,General,CC,KTM,"Govt. Medical College, Kottayam",MBBS,CC,1,mbbs_p3_final.pdf
2025,3,4669,15585,MU,SM,KMD,"KMCT Dental College, Mambatta, Mukkam, Kozhikode",BDS,SM,1,mbbs_p3_final.pdf
2025,3,4670,15595,EW,EW,DMM,"Dr. Moopens Medical College, Meppadi, Wayanad",MBBS,EW,15,mbbs_p3_final.pdf
2025,3,4671,15614,EZ,SM,KMD,"KMCT Dental College, Mambatta, Mukkam, Kozhikode",BDS,SM,42,mbbs_p3_final.pdf
2025,3,4672,15618,MU,SM,MED,"MES Dental College, Perinthalmanna",BDS,SM,19,mbbs_p3_final.pdf
2025,3,4673,15624,SC,SC,KSM,"Govt. Medical College, Kasaragod",MBBS,SC,14,mbbs_p3_final.pdf
2025,3,4674,15639,SC,SC,MMH,"Malabar Medical College Hospital, Kozhikkode",MBBS,SC,1,mbbs_p3_final.pdf
2025,3,4675,15649,MU,NR,BCM,"Believers Church Medical College Hospital, Thiruvalla",MBBS,NR,43,mbbs_p3_final.pdf
2025,3,4676,15657,General,NR,BCM,"Believers Church Medical College Hospital, Thiruvalla",MBBS,NR,17,mbbs_p3_final.pdf
2025,3,4677,15659,EW,EW,KDM,"P K Das Institute of Medical Sciences, Ottapalam",MBBS,EW,25,mbbs_p3_final.pdf
2025,3,4678,15664,SC,SC,GMC,"Sree Gokulam Medical College, Venjaramoodu, TVPM",MBBS,SC,1,mbbs_p3_final.pdf
2025,3,4679,15669,SC,SC,SIM,"Sree Narayana Institute of Medical Sciences, Chalakka, Ernakulam.",MBBS,SC,1,mbbs_p3_final.pdf
2025,3,4680,15690,BH,SM,PMS,"PMS College of Dental Sciences, Vattappara, TVPM",BDS,SM,44,mbbs_p3_final.pdf
2025,3,4681,15699,VK,SM,SGD,"St. Gregorios Dental College, Chelad, Kothamangalam",BDS,SM,9,mbbs_p3_final.pdf
2025,3,4682,15708,SC,SC,GMC,"Sree Gokulam Medical College, Venjaramoodu, TVPM",MBBS,SC,1,mbbs_p3_final.pdf
2025,3,4683,15731,General,NC,AMC,"Amala Institute of Medical Sciences, Thrissur",MBBS,NC,1,mbbs_p3_final.pdf
2025,3,4684,15741,MU,SM,KMD,"KMCT Dental College, Mambatta, Mukkam, Kozhikode",BDS,SM,21,mbbs_p3_final.pdf
2025,3,4685,15750,SC,SC,BCM,"Believers Church Medical College Hospital, Thiruvalla",MBBS,SC,15,mbbs_p3_final.pdf
2025,3,4686,15753,KU,KU,CMC,"Govt. Medical College, Ernakulam",MBBS,KU,6,mbbs_p3_final.pdf
2025,3,4687,15756,SC,SC,SIM,"Sree Narayana Institute of Medical Sciences, Chalakka, Ernakulam.",MBBS,SC,1,mbbs_p3_final.pdf
2025,3,4688,15760,SC,SC,EMC,"MES Medical College, Perinthalmanna, Malappuram",MBBS,SC,15,mbbs_p3_final.pdf
2025,3,4689,15763,SC,SC,TRM,"Travancore Medical College, Umayanalloor, Kollam",MBBS,SC,4,mbbs_p3_final.pdf
2025,3,4690,15766,General,AC,PMD,"Pushpagiri College of Dental Science, Thiruvalla",BDS,AC,50,mbbs_p3_final.pdf
2025,3,4691,15768,SC,SC,DMM,"Dr. Moopens Medical College, Meppadi, Wayanad",MBBS,SC,1,mbbs_p3_final.pdf
2025,3,4692,15771,SC,SC,KCM,"KMCT Medical College, Mukkom, Kozikkode",MBBS,SC,1,mbbs_p3_final.pdf
2025,3,4693,15774,MU,NR,GMC,"Sree Gokulam Medical College, Venjaramoodu, TVPM",MBBS,NR,1,mbbs_p3_final.pdf
2025,3,4694,15790,General,AC,PMD,"Pushpagiri College of Dental Science, Thiruvalla",BDS,AC,29,mbbs_p3_final.pdf
2025,3,4695,15804,General,SM,KMD,"KMCT Dental College, Mambatta, Mukkam, Kozhikode",BDS,SM,49,mbbs_p3_final.pdf
2025,3,4696,15834,MU,SM,ADC,"Annoor Dental College, Puthuppady, Muvattupuzha",BDS,SM,49,mbbs_p3_final.pdf
2025,3,4697,15836,MU,CC,IDM,Government Medical College Idukki,MBBS,CC,6,mbbs_p3_final.pdf
2025,3,4698,15852,SC,SC,AAM,"Al Azhar Medical college, Thodupuzha",MBBS,SC,1,mbbs_p3_final.pdf
2025,3,4699,15855,SC,SC,TRM,"Travancore Medical College, Umayanalloor, Kollam",MBBS,SC,7,mbbs_p3_final.pdf
2025,3,4700,15868,SC,SC,KMM,"Karuna Medical College, Vilayodi, Palakkad",MBBS,SC,15,mbbs_p3_final.pdf
2025,3,4701,15891,General,AC,MBD,"Mar Baselious Dental College, Kothamangalam",BDS,AC,50,mbbs_p3_final.pdf
2025,3,4702,15894,BH,SM,KMD,"KMCT Dental College, Mambatta, Mukkam, Kozhikode",BDS,SM,37,mbbs_p3_final.pdf
2025,3,4703,15932,MU,MM,PMS,"PMS College of Dental Sciences, Vattappara, TVPM",BDS,MM,1,mbbs_p3_final.pdf
2025,3,4704,15947,SC,SC,MMH,"Malabar Medical College Hospital, Kozhikkode",MBBS,SC,3,mbbs_p3_final.pdf
2025,3,4705,15959,SC,SC,SIM,"Sree Narayana Institute of Medical Sciences, Chalakka, Ernakulam.",MBBS,SC,13,mbbs_p3_final.pdf
2025,3,4706,15965,SC,SC,KEM,"Kerala Medical College, Palakkad",MBBS,SC,17,mbbs_p3_final.pdf
2025,3,4707,15969,SC,SC,KCM,"KMCT Medical College, Mukkom, Kozikkode",MBBS,SC,1,mbbs_p3_final.pdf
2025,3,4708,15975,EZ,EZ,MBD,"Mar Baselious Dental College, Kothamangalam",BDS,EZ,21,mbbs_p3_final.pdf
2025,3,4709,15989,SC,SC,KDM,"P K Das Institute of Medical Sciences, Ottapalam",MBBS,SC,1,mbbs_p3_final.pdf
2025,3,4710,15995,MU,SM,PMS,"PMS College of Dental Sciences, Vattappara, TVPM",BDS,SM,7,mbbs_p3_final.pdf
2025,3,4711,15999,DV,SM,PMS,"PMS College of Dental Sciences, Vattappara, TVPM",BDS,SM,44,mbbs_p3_final.pdf
2025,3,4712,16030,EZ,EZ,MBD,"Mar Baselious Dental College, Kothamangalam",BDS,EZ,21,mbbs_p3_final.pdf
2025,3,4713,16035,General,SM,PMS,"PMS College of Dental Sciences, Vattappara, TVPM",BDS,SM,37,mbbs_p3_final.pdf
2025,3,4714,16038,MU,SM,PSD,"PSM College of Dental Sciences, Thrissur",BDS,SM,40,mbbs_p3_final.pdf
2025,3,4715,16044,MU,SM,AID,"Sree Anjaneya Institue of Dental Scinces, Atholi, Kozhikode",BDS,SM,28,mbbs_p3_final.pdf
2025,3,4716,16054,SC,SC,KCM,"KMCT Medical College, Mukkom, Kozikkode",MBBS,SC,1,mbbs_p3_final.pdf
2025,3,4717,16077,SC,SC,SUC,"SUT Accademy of Medical Sciences, Thiruvananthapuram",MBBS,SC,16,mbbs_p3_final.pdf
2025,3,4718,16080,SC,SC,SUC,"SUT Accademy of Medical Sciences, Thiruvananthapuram",MBBS,SC,1,mbbs_p3_final.pdf
2025,3,4719,16084,EZ,SM,KMD,"KMCT Dental College, Mambatta, Mukkam, Kozhikode",BDS,SM,1,mbbs_p3_final.pdf
2025,3,4720,16100,General,AC,PMD,"Pushpagiri College of Dental Science, Thiruvalla",BDS,AC,16,mbbs_p3_final.pdf
2025,3,4721,16122,MU,SM,KMD,"KMCT Dental College, Mambatta, Mukkam, Kozhikode",BDS,SM,7,mbbs_p3_final.pdf
2025,3,4722,16129,EW,EW,KDM,"P K Das Institute of Medical Sciences, Ottapalam",MBBS,EW,19,mbbs_p3_final.pdf
2025,3,4723,16155,BX,PT,TVD,"Govt. Dental College, Thiruvananthapuram",BDS,PT,16,mbbs_p3_final.pdf
2025,3,4724,16163,General,AC,MBD,"Mar Baselious Dental College, Kothamangalam",BDS,AC,39,mbbs_p3_final.pdf
2025,3,4725,16175,MU,SM,PMS,"PMS College of Dental Sciences, Vattappara, TVPM",BDS,SM,9,mbbs_p3_final.pdf
2025,3,4726,16176,General,SM,SGD,"St. Gregorios Dental College, Chelad, Kothamangalam",BDS,SM,22,mbbs_p3_final.pdf
2025,3,4727,16209,SC,SC,SMC,"Dr. Somervell Memorial CSI Medical College, Karakonam",MBBS,SC,1,mbbs_p3_final.pdf
2025,3,4728,16225,BH,SM,KMD,"KMCT Dental College, Mambatta, Mukkam, Kozhikode",BDS,SM,36,mbbs_p3_final.pdf
2025,3,4729,16230,EW,EW,KDM,"P K Das Institute of Medical Sciences, Ottapalam",MBBS,EW,1,mbbs_p3_final.pdf
2025,3,4730,16238,MU,SM,MLD,"Malabar Dental College, Edappal",BDS,SM,1,mbbs_p3_final.pdf
2025,3,4731,16241,MU,SM,KMD,"KMCT Dental College, Mambatta, Mukkam, Kozhikode",BDS,SM,31,mbbs_p3_final.pdf
2025,3,4732,16268,MU,MU,KMD,"KMCT Dental College, Mambatta, Mukkam, Kozhikode",BDS,MU,49,mbbs_p3_final.pdf
2025,3,4733,16270,EZ,EZ,MBD,"Mar Baselious Dental College, Kothamangalam",BDS,EZ,21,mbbs_p3_final.pdf
2025,3,4734,16296,EZ,EZ,KMD,"KMCT Dental College, Mambatta, Mukkam, Kozhikode",BDS,EZ,16,mbbs_p3_final.pdf
2025,3,4735,16310,ST,ST,KTM,"Govt. Medical College, Kottayam",MBBS,ST,1,mbbs_p3_final.pdf
2025,3,4736,16316,BH,BH,KMD,"KMCT Dental College, Mambatta, Mukkam, Kozhikode",BDS,BH,42,mbbs_p3_final.pdf
2025,3,4737,16328,General,AC,PMD,"Pushpagiri College of Dental Science, Thiruvalla",BDS,AC,1,mbbs_p3_final.pdf
2025,3,4738,16329,SC,SC,SUC,"SUT Accademy of Medical Sciences, Thiruvananthapuram",MBBS,SC,7,mbbs_p3_final.pdf
2025,3,4739,16337,SC,SC,KDM,"P K Das Institute of Medical Sciences, Ottapalam",MBBS,SC,11,mbbs_p3_final.pdf
2025,3,4740,16357,General,AC,PMD,"Pushpagiri College of Dental Science, Thiruvalla",BDS,AC,8,mbbs_p3_final.pdf
2025,3,4741,16358,General,SM,ADC,"Annoor Dental College, Puthuppady, Muvattupuzha",BDS,SM,1,mbbs_p3_final.pdf
2025,3,4742,16378,SC,SC,MMH,"Malabar Medical College Hospital, Kozhikkode",MBBS,SC,10,mbbs_p3_final.pdf
2025,3,4743,16384,MU,SM,EID,"Educare Institute of Dental Sciences, Malappuram",BDS,SM,1,mbbs_p3_final.pdf
2025,3,4744,16396,SC,SC,SUC,"SUT Accademy of Medical Sciences, Thiruvananthapuram",MBBS,SC,18,mbbs_p3_final.pdf
2025,3,4745,16397,General,SM,SGD,"St. Gregorios Dental College, Chelad, Kothamangalam",BDS,SM,23,mbbs_p3_final.pdf
2025,3,4746,16413,EZ,SM,TRD,"Travancore DentalCollege, Kollam",BDS,SM,35,mbbs_p3_final.pdf
2025,3,4747,16417,General,AC,PMD,"Pushpagiri College of Dental Science, Thiruvalla",BDS,AC,48,mbbs_p3_final.pdf
2025,3,4748,16418,General,SM,AAD,"Al Azhar Dental College, Thodupuzha",BDS,SM,45,mbbs_p3_final.pdf
2025,3,4749,16422,SC,SC,SUC,"SUT Accademy of Medical Sciences, Thiruvananthapuram",MBBS,SC,17,mbbs_p3_final.pdf
2025,3,4750,16444,MU,SM,AAD,"Al Azhar Dental College, Thodupuzha",BDS,SM,1,mbbs_p3_final.pdf
2025,3,4751,16475,General,SM,SGD,"St. Gregorios Dental College, Chelad, Kothamangalam",BDS,SM,1,mbbs_p3_final.pdf
2025,3,4752,16479,BH,SM,MED,"MES Dental College, Perinthalmanna",BDS,SM,42,mbbs_p3_final.pdf
2025,3,4753,16487,MU,MU,KMD,"KMCT Dental College, Mambatta, Mukkam, Kozhikode",BDS,MU,21,mbbs_p3_final.pdf
2025,3,4754,16502,MU,SM,MED,"MES Dental College, Perinthalmanna",BDS,SM,49,mbbs_p3_final.pdf
2025,3,4755,16507,MU,MM,ADC,"Annoor Dental College, Puthuppady, Muvattupuzha",BDS,MM,21,mbbs_p3_final.pdf
2025,3,4756,16540,BX,SM,PMS,"PMS College of Dental Sciences, Vattappara, TVPM",BDS,SM,46,mbbs_p3_final.pdf
2025,3,4757,16557,SC,SC,PIM,"Palakkad Institute of Medical Sciences, Walayar",MBBS,SC,2,mbbs_p3_final.pdf
2025,3,4758,16569,SC,SC,KDM,"P K Das Institute of Medical Sciences, Ottapalam",MBBS,SC,15,mbbs_p3_final.pdf
2025,3,4759,16606,BH,SM,PMS,"PMS College of Dental Sciences, Vattappara, TVPM",BDS,SM,43,mbbs_p3_final.pdf
2025,3,4760,16609,DV,SM,SGD,"St. Gregorios Dental College, Chelad, Kothamangalam",BDS,SM,41,mbbs_p3_final.pdf
2025,3,4761,16616,MU,MU,KMD,"KMCT Dental College, Mambatta, Mukkam, Kozhikode",BDS,MU,21,mbbs_p3_final.pdf
2025,3,4762,16617,General,AC,MBD,"Mar Baselious Dental College, Kothamangalam",BDS,AC,48,mbbs_p3_final.pdf
2025,3,4763,16631,SC,SC,AZC,"Azeezia Institute of Medi Science, Meyyannoor, Kollam",MBBS,SC,15,mbbs_p3_final.pdf
2025,3,4764,16633,SC,SC,KEM,"Kerala Medical College, Palakkad",MBBS,SC,15,mbbs_p3_final.pdf
2025,3,4765,16647,BH,SM,PMS,"PMS College of Dental Sciences, Vattappara, TVPM",BDS,SM,44,mbbs_p3_final.pdf
2025,3,4766,16659,MU,SM,MED,"MES Dental College, Perinthalmanna",BDS,SM,23,mbbs_p3_final.pdf
2025,3,4767,16663,General,SM,TRD,"Travancore DentalCollege, Kollam",BDS,SM,1,mbbs_p3_final.pdf
2025,3,4768,16667,General,NR,TRM,"Travancore Medical College, Umayanalloor, Kollam",MBBS,NR,13,mbbs_p3_final.pdf
2025,3,4769,16669,EZ,SM,AZD,"Azeezia College of Dental Science, Meyyannoor, Kollam",BDS,SM,36,mbbs_p3_final.pdf
2025,3,4770,16671,SC,SC,SIM,"Sree Narayana Institute of Medical Sciences, Chalakka, Ernakulam.",MBBS,SC,17,mbbs_p3_final.pdf
2025,3,4771,16677,SC,SC #,DMM,"Dr. Moopens Medical College, Meppadi, Wayanad",MBBS,SC #,1,mbbs_p3_final.pdf
2025,3,4772,16687,MU,MU,KMD,"KMCT Dental College, Mambatta, Mukkam, Kozhikode",BDS,MU,49,mbbs_p3_final.pdf
2025,3,4773,16692,MU,SM,MED,"MES Dental College, Perinthalmanna",BDS,SM,21,mbbs_p3_final.pdf
2025,3,4774,16700,BH,SM,MED,"MES Dental College, Perinthalmanna",BDS,SM,1,mbbs_p3_final.pdf
2025,3,4775,16710,DV,SM,MED,"MES Dental College, Perinthalmanna",BDS,SM,33,mbbs_p3_final.pdf
2025,3,4776,16713,SC,SC,KCM,"KMCT Medical College, Mukkom, Kozikkode",MBBS,SC,1,mbbs_p3_final.pdf
2025,3,4777,16718,SC,SC,DMM,"Dr. Moopens Medical College, Meppadi, Wayanad",MBBS,SC,20,mbbs_p3_final.pdf
2025,3,4778,16726,EW,EW,PIM,"Palakkad Institute of Medical Sciences, Walayar",MBBS,EW,1,mbbs_p3_final.pdf
2025,3,4779,16732,SC,SC,MMH,"Malabar Medical College Hospital, Kozhikkode",MBBS,SC,18,mbbs_p3_final.pdf
2025,3,4780,16743,KU,KU,KNM,Government Medical College Kannur,MBBS,KU,1,mbbs_p3_final.pdf
2025,3,4781,16746,DV,SM,AAD,"Al Azhar Dental College, Thodupuzha",BDS,SM,43,mbbs_p3_final.pdf
2025,3,4782,16759,EZ,EZ,KMD,"KMCT Dental College, Mambatta, Mukkam, Kozhikode",BDS,EZ,37,mbbs_p3_final.pdf
2025,3,4783,16768,KU,KU,GMC,"Sree Gokulam Medical College, Venjaramoodu, TVPM",MBBS,KU,1,mbbs_p3_final.pdf
2025,3,4784,16789,MU,MM,PMS,"PMS College of Dental Sciences, Vattappara, TVPM",BDS,MM,1,mbbs_p3_final.pdf
2025,3,4785,16790,SC,SC,SIM,"Sree Narayana Institute of Medical Sciences, Chalakka, Ernakulam.",MBBS,SC,12,mbbs_p3_final.pdf
2025,3,4786,16794,MU,MM,PMS,"PMS College of Dental Sciences, Vattappara, TVPM",BDS,MM,49,mbbs_p3_final.pdf
2025,3,4787,16796,General,SM,PMS,"PMS College of Dental Sciences, Vattappara, TVPM",BDS,SM,31,mbbs_p3_final.pdf
2025,3,4788,16804,General,SM,RDC,"Royal Dental College, Chalisery, Palakkad",BDS,SM,23,mbbs_p3_final.pdf
2025,3,4789,16822,SC,SC,DMM,"Dr. Moopens Medical College, Meppadi, Wayanad",MBBS,SC,1,mbbs_p3_final.pdf
2025,3,4790,16830,SC,SC,MZM,"Mount Zion Medical College, Pathanamthitta",MBBS,SC,15,mbbs_p3_final.pdf
2025,3,4791,16845,General,NR,MMC,"Malankara Orthodox Syrian Church MediCollege, Kolenchery",MBBS,NR,1,mbbs_p3_final.pdf
2025,3,4792,16850,General,NR,MMC,"Malankara Orthodox Syrian Church MediCollege, Kolenchery",MBBS,NR,1,mbbs_p3_final.pdf
2025,3,4793,16857,EZ,EZ,KMD,"KMCT Dental College, Mambatta, Mukkam, Kozhikode",BDS,EZ,36,mbbs_p3_final.pdf
2025,3,4794,16860,SC,SC,SIM,"Sree Narayana Institute of Medical Sciences, Chalakka, Ernakulam.",MBBS,SC,1,mbbs_p3_final.pdf
2025,3,4795,16866,SC,SC,TVD,"Govt. Dental College, Thiruvananthapuram",BDS,SC,15,mbbs_p3_final.pdf
2025,3,4796,16880,SC,SC,SUC,"SUT Accademy of Medical Sciences, Thiruvananthapuram",MBBS,SC,3,mbbs_p3_final.pdf
2025,3,4797,16890,MU,MU,KMD,"KMCT Dental College, Mambatta, Mukkam, Kozhikode",BDS,MU,49,mbbs_p3_final.pdf
2025,3,4798,16895,SC,SC,MMH,"Malabar Medical College Hospital, Kozhikkode",MBBS,SC,14,mbbs_p3_final.pdf
2025,3,4799,16898,EW,EW,SIM,"Sree Narayana Institute of Medical Sciences, Chalakka, Ernakulam.",MBBS,EW,23,mbbs_p3_final.pdf
2025,3,4800,16904,SC,SC,SIM,"Sree Narayana Institute of Medical Sciences, Chalakka, Ernakulam.",MBBS,SC,7,mbbs_p3_final.pdf
2025,3,4801,16905,EW,EW,PIM,"Palakkad Institute of Medical Sciences, Walayar",MBBS,EW,1,mbbs_p3_final.pdf
2025,3,4802,16906,General,NR,MMC,"Malankara Orthodox Syrian Church MediCollege, Kolenchery",MBBS,NR,33,mbbs_p3_final.pdf
2025,3,4803,16908,BH,SM,MED,"MES Dental College, Perinthalmanna",BDS,SM,39,mbbs_p3_final.pdf
2025,3,4804,16910,General,PT,TCM,"Govt. Medical College, Thrissur",MBBS,PT,1,mbbs_p3_final.pdf
2025,3,4805,16914,BX,SM,AZD,"Azeezia College of Dental Science, Meyyannoor, Kollam",BDS,SM,42,mbbs_p3_final.pdf
2025,3,4806,16916,General,SM,PSD,"PSM College of Dental Sciences, Thrissur",BDS,SM,21,mbbs_p3_final.pdf
2025,3,4807,16922,VK,SM,ADC,"Annoor Dental College, Puthuppady, Muvattupuzha",BDS,SM,7,mbbs_p3_final.pdf
2025,3,4808,16924,EZ,EZ,MBD,"Mar Baselious Dental College, Kothamangalam",BDS,EZ,21,mbbs_p3_final.pdf
2025,3,4809,16929,EZ,SM,ADC,"Annoor Dental College, Puthuppady, Muvattupuzha",BDS,SM,3,mbbs_p3_final.pdf
2025,3,4810,16936,SC,SC,MMH,"Malabar Medical College Hospital, Kozhikkode",MBBS,SC,17,mbbs_p3_final.pdf
2025,3,4811,16938,SC,SC,MMH,"Malabar Medical College Hospital, Kozhikkode",MBBS,SC,1,mbbs_p3_final.pdf
2025,3,4812,16946,SC,SC,KCM,"KMCT Medical College, Mukkom, Kozikkode",MBBS,SC,20,mbbs_p3_final.pdf
2025,3,4813,16959,KU,KU,MLP,"Govt. Medical College, Manjeri",MBBS,KU,1,mbbs_p3_final.pdf
2025,3,4814,16974,MU,SM,MED,"MES Dental College, Perinthalmanna",BDS,SM,49,mbbs_p3_final.pdf
2025,3,4815,16993,SC,SC,KCM,"KMCT Medical College, Mukkom, Kozikkode",MBBS,SC,17,mbbs_p3_final.pdf
2025,3,4816,16995,MU,SM,MED,"MES Dental College, Perinthalmanna",BDS,SM,3,mbbs_p3_final.pdf
2025,3,4817,16997,SC,SC,KDM,"P K Das Institute of Medical Sciences, Ottapalam",MBBS,SC,19,mbbs_p3_final.pdf
2025,3,4818,17019,SC,SC,SIM,"Sree Narayana Institute of Medical Sciences, Chalakka, Ernakulam.",MBBS,SC,2,mbbs_p3_final.pdf
2025,3,4819,17020,SC,SC,MMH,"Malabar Medical College Hospital, Kozhikkode",MBBS,SC,12,mbbs_p3_final.pdf
2025,3,4820,17022,BH,SM,PMS,"PMS College of Dental Sciences, Vattappara, TVPM",BDS,SM,42,mbbs_p3_final.pdf
2025,3,4821,17032,SC,SC,SUC,"SUT Accademy of Medical Sciences, Thiruvananthapuram",MBBS,SC,7,mbbs_p3_final.pdf
2025,3,4822,17037,General,NR,MMC,"Malankara Orthodox Syrian Church MediCollege, Kolenchery",MBBS,NR,12,mbbs_p3_final.pdf
2025,3,4823,17041,SC,SC,PIM,"Palakkad Institute of Medical Sciences, Walayar",MBBS,SC,5,mbbs_p3_final.pdf
2025,3,4824,17044,MU,SM,ADC,"Annoor Dental College, Puthuppady, Muvattupuzha",BDS,SM,47,mbbs_p3_final.pdf
2025,3,4825,17052,MU,SM,MED,"MES Dental College, Perinthalmanna",BDS,SM,43,mbbs_p3_final.pdf
2025,3,4826,17055,BH,BH,KMD,"KMCT Dental College, Mambatta, Mukkam, Kozhikode",BDS,BH,42,mbbs_p3_final.pdf
2025,3,4827,17065,EZ,EZ,KMD,"KMCT Dental College, Mambatta, Mukkam, Kozhikode",BDS,EZ,42,mbbs_p3_final.pdf
2025,3,4828,17066,BH,SM,EID,"Educare Institute of Dental Sciences, Malappuram",BDS,SM,38,mbbs_p3_final.pdf
2025,3,4829,17070,SC,SC,MZM,"Mount Zion Medical College, Pathanamthitta",MBBS,SC,19,mbbs_p3_final.pdf
2025,3,4830,17071,SC,SC,TCD,"Govt. Dental College, Thrissur",BDS,SC,12,mbbs_p3_final.pdf
2025,3,4831,17080,SC,SC,PIM,"Palakkad Institute of Medical Sciences, Walayar",MBBS,SC,1,mbbs_p3_final.pdf
2025,3,4832,17082,MU,SM,PMS,"PMS College of Dental Sciences, Vattappara, TVPM",BDS,SM,26,mbbs_p3_final.pdf
2025,3,4833,17084,MU,SM,MED,"MES Dental College, Perinthalmanna",BDS,SM,4,mbbs_p3_final.pdf
2025,3,4834,17108,EZ,EZ,PMS,"PMS College of Dental Sciences, Vattappara, TVPM",BDS,EZ,42,mbbs_p3_final.pdf
2025,3,4835,17139,EZ,EZ,PMS,"PMS College of Dental Sciences, Vattappara, TVPM",BDS,EZ,22,mbbs_p3_final.pdf
2025,3,4836,17141,SC,SC,KDM,"P K Das Institute of Medical Sciences, Ottapalam",MBBS,SC,12,mbbs_p3_final.pdf
2025,3,4837,17142,MU,SM,ADC,"Annoor Dental College, Puthuppady, Muvattupuzha",BDS,SM,49,mbbs_p3_final.pdf
2025,3,4838,17148,SC,SC,SUC,"SUT Accademy of Medical Sciences, Thiruvananthapuram",MBBS,SC,1,mbbs_p3_final.pdf
2025,3,4839,17180,MU,SM,MED,"MES Dental College, Perinthalmanna",BDS,SM,1,mbbs_p3_final.pdf
2025,3,4840,17185,BH,BH,PMS,"PMS College of Dental Sciences, Vattappara, TVPM",BDS,BH,43,mbbs_p3_final.pdf
2025,3,4841,17199,BH,SM,ADC,"Annoor Dental College, Puthuppady, Muvattupuzha",BDS,SM,43,mbbs_p3_final.pdf
2025,3,4842,17200,General,SM,RDC,"Royal Dental College, Chalisery, Palakkad",BDS,SM,44,mbbs_p3_final.pdf
2025,3,4843,17204,SC,SC,SUC,"SUT Accademy of Medical Sciences, Thiruvananthapuram",MBBS,SC,15,mbbs_p3_final.pdf
2025,3,4844,17209,SC,SC,AAM,"Al Azhar Medical college, Thodupuzha",MBBS,SC,19,mbbs_p3_final.pdf
2025,3,4845,17221,SC,SC,SIM,"Sree Narayana Institute of Medical Sciences, Chalakka, Ernakulam.",MBBS,SC,1,mbbs_p3_final.pdf
2025,3,4846,17233,SC,CC,KKM,"Govt. Medical College, Kozhikkode",MBBS,CC,1,mbbs_p3_final.pdf
2025,3,4847,17237,BH,SM,SGD,"St. Gregorios Dental College, Chelad, Kothamangalam",BDS,SM,21,mbbs_p3_final.pdf
2025,3,4848,17251,SC,SC,SMC,"Dr. Somervell Memorial CSI Medical College, Karakonam",MBBS,SC,19,mbbs_p3_final.pdf
2025,3,4849,17252,MU,NR,PMC,"Pushpagiri Institute of Medical Science, Thiruvalla",MBBS,NR,29,mbbs_p3_final.pdf
2025,3,4850,17263,SC,SC,KDM,"P K Das Institute of Medical Sciences, Ottapalam",MBBS,SC,1,mbbs_p3_final.pdf
2025,3,4851,17271,EZ,SM,MED,"MES Dental College, Perinthalmanna",BDS,SM,1,mbbs_p3_final.pdf
2025,3,4852,17273,EW,EW,MMH,"Malabar Medical College Hospital, Kozhikkode",MBBS,EW,35,mbbs_p3_final.pdf
2025,3,4853,17277,ST,ST,TVM,"Govt. Medical College, Thiruvananthapuram",MBBS,ST,2,mbbs_p3_final.pdf
2025,3,4854,17289,EW,EW,SIM,"Sree Narayana Institute of Medical Sciences, Chalakka, Ernakulam.",MBBS,EW,14,mbbs_p3_final.pdf
2025,3,4855,17301,MU,SM,MED,"MES Dental College, Perinthalmanna",BDS,SM,1,mbbs_p3_final.pdf
2025,3,4856,17313,General,SM,IGD,"Indira Gandhi Institute of Dental Sciences, Kothamangalam",BDS,SM,1,mbbs_p3_final.pdf
2025,3,4857,17339,EW,PD,TVM,"Govt. Medical College, Thiruvananthapuram",MBBS,PD,1,mbbs_p3_final.pdf
2025,3,4858,17340,SC,SC,DMM,"Dr. Moopens Medical College, Meppadi, Wayanad",MBBS,SC,1,mbbs_p3_final.pdf
2025,3,4859,17346,DV,SM,ADC,"Annoor Dental College, Puthuppady, Muvattupuzha",BDS,SM,42,mbbs_p3_final.pdf
2025,3,4860,17350,EZ,EZ,PMS,"PMS College of Dental Sciences, Vattappara, TVPM",BDS,EZ,21,mbbs_p3_final.pdf
2025,3,4861,17353,SC,SC,KDM,"P K Das Institute of Medical Sciences, Ottapalam",MBBS,SC,13,mbbs_p3_final.pdf
2025,3,4862,17354,LA,LA,KMD,"KMCT Dental College, Mambatta, Mukkam, Kozhikode",BDS,LA,40,mbbs_p3_final.pdf
2025,3,4863,17366,BH,BH,KMD,"KMCT Dental College, Mambatta, Mukkam, Kozhikode",BDS,BH,21,mbbs_p3_final.pdf
2025,3,4864,17372,MU,SM,AZD,"Azeezia College of Dental Science, Meyyannoor, Kollam",BDS,SM,1,mbbs_p3_final.pdf
2025,3,4865,17387,General,SM,MLD,"Malabar Dental College, Edappal",BDS,SM,1,mbbs_p3_final.pdf
2025,3,4866,17388,SC,SC,PIM,"Palakkad Institute of Medical Sciences, Walayar",MBBS,SC,17,mbbs_p3_final.pdf
2025,3,4867,17391,SC,SC,KDM,"P K Das Institute of Medical Sciences, Ottapalam",MBBS,SC,1,mbbs_p3_final.pdf
2025,3,4868,17394,BH,SM,PSD,"PSM College of Dental Sciences, Thrissur",BDS,SM,11,mbbs_p3_final.pdf
2025,3,4869,17397,MU,NR,TRM,"Travancore Medical College, Umayanalloor, Kollam",MBBS,NR,5,mbbs_p3_final.pdf
2025,3,4870,17399,EW,EW,MBD,"Mar Baselious Dental College, Kothamangalam",BDS,EW,22,mbbs_p3_final.pdf
2025,3,4871,17401,General,SM,PSD,"PSM College of Dental Sciences, Thrissur",BDS,SM,1,mbbs_p3_final.pdf
2025,3,4872,17402,SC,SC,KMM,"Karuna Medical College, Vilayodi, Palakkad",MBBS,SC,19,mbbs_p3_final.pdf
2025,3,4873,17405,MU,MU,PMS,"PMS College of Dental Sciences, Vattappara, TVPM",BDS,MU,50,mbbs_p3_final.pdf
2025,3,4874,17420,VK,NR,TRM,"Travancore Medical College, Umayanalloor, Kollam",MBBS,NR,1,mbbs_p3_final.pdf
2025,3,4875,17435,SC,SC,KKD,"Govt. Dental College, Kozhikkode",BDS,SC,15,mbbs_p3_final.pdf
2025,3,4876,17444,General,SM,IGD,"Indira Gandhi Institute of Dental Sciences, Kothamangalam",BDS,SM,23,mbbs_p3_final.pdf
2025,3,4877,17453,MU,MU,KMD,"KMCT Dental College, Mambatta, Mukkam, Kozhikode",BDS,MU,7,mbbs_p3_final.pdf
2025,3,4878,17462,SC,SC,DMM,"Dr. Moopens Medical College, Meppadi, Wayanad",MBBS,SC,1,mbbs_p3_final.pdf
2025,3,4879,17463,General,AC,PMD,"Pushpagiri College of Dental Science, Thiruvalla",BDS,AC,48,mbbs_p3_final.pdf
2025,3,4880,17480,SC,SC,DMM,"Dr. Moopens Medical College, Meppadi, Wayanad",MBBS,SC,1,mbbs_p3_final.pdf
2025,3,4881,17488,MU,MU,KMD,"KMCT Dental College, Mambatta, Mukkam, Kozhikode",BDS,MU,3,mbbs_p3_final.pdf
2025,3,4882,17504,General,AC,SGD,"St. Gregorios Dental College, Chelad, Kothamangalam",BDS,AC,1,mbbs_p3_final.pdf
2025,3,4883,17506,General,NR,KDM,"P K Das Institute of Medical Sciences, Ottapalam",MBBS,NR,1,mbbs_p3_final.pdf
2025,3,4884,17537,General,NR,MMC,"Malankara Orthodox Syrian Church MediCollege, Kolenchery",MBBS,NR,1,mbbs_p3_final.pdf
2025,3,4885,17539,EZ,EZ,KMD,"KMCT Dental College, Mambatta, Mukkam, Kozhikode",BDS,EZ,30,mbbs_p3_final.pdf
2025,3,4886,17546,EW,EW,KDM,"P K Das Institute of Medical Sciences, Ottapalam",MBBS,EW,30,mbbs_p3_final.pdf
2025,3,4887,17553,MU,NR,GMC,"Sree Gokulam Medical College, Venjaramoodu, TVPM",MBBS,NR,1,mbbs_p3_final.pdf
2025,3,4888,17556,SC,SC,KDM,"P K Das Institute of Medical Sciences, Ottapalam",MBBS,SC,1,mbbs_p3_final.pdf
2025,3,4889,17570,SC,SC #,AAM,"Al Azhar Medical college, Thodupuzha",MBBS,SC #,18,mbbs_p3_final.pdf
2025,3,4890,17575,EZ,EZ,PMS,"PMS College of Dental Sciences, Vattappara, TVPM",BDS,EZ,22,mbbs_p3_final.pdf
2025,3,4891,17593,General,SM,EID,"Educare Institute of Dental Sciences, Malappuram",BDS,SM,50,mbbs_p3_final.pdf
2025,3,4892,17598,General,NR,PMC,"Pushpagiri Institute of Medical Science, Thiruvalla",MBBS,NR,1,mbbs_p3_final.pdf
2025,3,4893,17600,EW,EW,KDM,"P K Das Institute of Medical Sciences, Ottapalam",MBBS,EW,15,mbbs_p3_final.pdf
2025,3,4894,17602,MU,MU,PMS,"PMS College of Dental Sciences, Vattappara, TVPM",BDS,MU,7,mbbs_p3_final.pdf
2025,3,4895,17606,MU,SM,AID,"Sree Anjaneya Institue of Dental Scinces, Atholi, Kozhikode",BDS,SM,1,mbbs_p3_final.pdf
2025,3,4896,17616,KN,KN,PMS,"PMS College of Dental Sciences, Vattappara, TVPM",BDS,KN,39,mbbs_p3_final.pdf
2025,3,4897,17625,EW,EW,SIM,"Sree Narayana Institute of Medical Sciences, Chalakka, Ernakulam.",MBBS,EW,35,mbbs_p3_final.pdf
2025,3,4898,17626,General,NC,AMC,"Amala Institute of Medical Sciences, Thrissur",MBBS,NC,27,mbbs_p3_final.pdf
2025,3,4899,17633,EW,EW,KDM,"P K Das Institute of Medical Sciences, Ottapalam",MBBS,EW,15,mbbs_p3_final.pdf
2025,3,4900,17649,MU,NR,EMC,"MES Medical College, Perinthalmanna, Malappuram",MBBS,NR,29,mbbs_p3_final.pdf
2025,3,4901,17675,General,AC,PMD,"Pushpagiri College of Dental Science, Thiruvalla",BDS,AC,50,mbbs_p3_final.pdf
2025,3,4902,17679,SC,SC #,KDM,"P K Das Institute of Medical Sciences, Ottapalam",MBBS,SC #,21,mbbs_p3_final.pdf
2025,3,4903,17681,EW,EW,KDM,"P K Das Institute of Medical Sciences, Ottapalam",MBBS,EW,5,mbbs_p3_final.pdf
2025,3,4904,17682,General,NR,TRM,"Travancore Medical College, Umayanalloor, Kollam",MBBS,NR,1,mbbs_p3_final.pdf
2025,3,4905,17684,General,NC,AMC,"Amala Institute of Medical Sciences, Thrissur",MBBS,NC,3,mbbs_p3_final.pdf
2025,3,4906,17696,SC,SC,DMM,"Dr. Moopens Medical College, Meppadi, Wayanad",MBBS,SC,1,mbbs_p3_final.pdf
2025,3,4907,17717,MU,MU,KMD,"KMCT Dental College, Mambatta, Mukkam, Kozhikode",BDS,MU,6,mbbs_p3_final.pdf
2025,3,4908,17728,MU,NR,EMC,"MES Medical College, Perinthalmanna, Malappuram",MBBS,NR,9,mbbs_p3_final.pdf
2025,3,4909,17731,SC,SC,SUC,"SUT Accademy of Medical Sciences, Thiruvananthapuram",MBBS,SC,24,mbbs_p3_final.pdf
2025,3,4910,17734,MU,MU,PMS,"PMS College of Dental Sciences, Vattappara, TVPM",BDS,MU,49,mbbs_p3_final.pdf
2025,3,4911,17740,SC,SC,SUC,"SUT Accademy of Medical Sciences, Thiruvananthapuram",MBBS,SC,15,mbbs_p3_final.pdf
2025,3,4912,17743,SC,SC,TRM,"Travancore Medical College, Umayanalloor, Kollam",MBBS,SC,6,mbbs_p3_final.pdf
2025,3,4913,17752,MU,MM,ADC,"Annoor Dental College, Puthuppady, Muvattupuzha",BDS,MM,20,mbbs_p3_final.pdf
2025,3,4914,17779,SC,SC,KDM,"P K Das Institute of Medical Sciences, Ottapalam",MBBS,SC,21,mbbs_p3_final.pdf
2025,3,4915,17782,MU,SM,AAD,"Al Azhar Dental College, Thodupuzha",BDS,SM,43,mbbs_p3_final.pdf
2025,3,4916,17783,General,SM,PSD,"PSM College of Dental Sciences, Thrissur",BDS,SM,46,mbbs_p3_final.pdf
2025,3,4917,17788,MU,SM,AID,"Sree Anjaneya Institue of Dental Scinces, Atholi, Kozhikode",BDS,SM,7,mbbs_p3_final.pdf
2025,3,4918,17803,SC,SC,AAM,"Al Azhar Medical college, Thodupuzha",MBBS,SC,14,mbbs_p3_final.pdf
2025,3,4919,17812,ST,ST,KTM,"Govt. Medical College, Kottayam",MBBS,ST,2,mbbs_p3_final.pdf
2025,3,4920,17817,General,SM,KAD,"Kannur Dental College, Anjarakandy, Kannur",BDS,SM,31,mbbs_p3_final.pdf
2025,3,4921,17872,SC,SC,PIM,"Palakkad Institute of Medical Sciences, Walayar",MBBS,SC,15,mbbs_p3_final.pdf
2025,3,4922,17885,BH,SM,MED,"MES Dental College, Perinthalmanna",BDS,SM,43,mbbs_p3_final.pdf
2025,3,4923,17888,SC,SC,AAM,"Al Azhar Medical college, Thodupuzha",MBBS,SC,1,mbbs_p3_final.pdf
2025,3,4924,17902,EZ,EZ,PMS,"PMS College of Dental Sciences, Vattappara, TVPM",BDS,EZ,19,mbbs_p3_final.pdf
2025,3,4925,17905,MU,SM,ADC,"Annoor Dental College, Puthuppady, Muvattupuzha",BDS,SM,49,mbbs_p3_final.pdf
2025,3,4926,17906,SC,SC,SUC,"SUT Accademy of Medical Sciences, Thiruvananthapuram",MBBS,SC,24,mbbs_p3_final.pdf
2025,3,4927,17907,EW,EW,PIM,"Palakkad Institute of Medical Sciences, Walayar",MBBS,EW,22,mbbs_p3_final.pdf
2025,3,4928,17920,MU,SM,MED,"MES Dental College, Perinthalmanna",BDS,SM,37,mbbs_p3_final.pdf
2025,3,4929,17930,SC,SC,SUC,"SUT Accademy of Medical Sciences, Thiruvananthapuram",MBBS,SC,23,mbbs_p3_final.pdf
2025,3,4930,17935,SC,SC,AZC,"Azeezia Institute of Medi Science, Meyyannoor, Kollam",MBBS,SC,19,mbbs_p3_final.pdf
2025,3,4931,17938,MU,MU,PMS,"PMS College of Dental Sciences, Vattappara, TVPM",BDS,MU,11,mbbs_p3_final.pdf
2025,3,4932,17948,SC,SC,KDM,"P K Das Institute of Medical Sciences, Ottapalam",MBBS,SC,20,mbbs_p3_final.pdf
2025,3,4933,17951,SC,SC,AAM,"Al Azhar Medical college, Thodupuzha",MBBS,SC,24,mbbs_p3_final.pdf
2025,3,4934,17965,SC,SC,KDM,"P K Das Institute of Medical Sciences, Ottapalam",MBBS,SC,23,mbbs_p3_final.pdf
2025,3,4935,17967,SC,SC,KDM,"P K Das Institute of Medical Sciences, Ottapalam",MBBS,SC,21,mbbs_p3_final.pdf
2025,3,4936,17968,MU,SM,AAD,"Al Azhar Dental College, Thodupuzha",BDS,SM,50,mbbs_p3_final.pdf
2025,3,4937,17971,BH,BH,PMS,"PMS College of Dental Sciences, Vattappara, TVPM",BDS,BH,45,mbbs_p3_final.pdf
2025,3,4938,18003,SC,SC,KMM,"Karuna Medical College, Vilayodi, Palakkad",MBBS,SC,29,mbbs_p3_final.pdf
2025,3,4939,18010,SC,SC,AAM,"Al Azhar Medical college, Thodupuzha",MBBS,SC,7,mbbs_p3_final.pdf
2025,3,4940,18026,MU,SM,EID,"Educare Institute of Dental Sciences, Malappuram",BDS,SM,9,mbbs_p3_final.pdf
2025,3,4941,18027,BH,SM,AID,"Sree Anjaneya Institue of Dental Scinces, Atholi, Kozhikode",BDS,SM,37,mbbs_p3_final.pdf
2025,3,4942,18029,SC,SC,AAM,"Al Azhar Medical college, Thodupuzha",MBBS,SC,29,mbbs_p3_final.pdf
2025,3,4943,18034,SC,SC,PIM,"Palakkad Institute of Medical Sciences, Walayar",MBBS,SC,34,mbbs_p3_final.pdf
2025,3,4944,18041,BH,PT,TVM,"Govt. Medical College, Thiruvananthapuram",MBBS,PT,1,mbbs_p3_final.pdf
2025,3,4945,18050,VK,SM,PSD,"PSM College of Dental Sciences, Thrissur",BDS,SM,7,mbbs_p3_final.pdf
2025,3,4946,18064,SC,SC,TCD,"Govt. Dental College, Thrissur",BDS,SC,4,mbbs_p3_final.pdf
2025,3,4947,18069,General,NR,TRM,"Travancore Medical College, Umayanalloor, Kollam",MBBS,NR,1,mbbs_p3_final.pdf
2025,3,4948,18071,SC,SC,TVD,"Govt. Dental College, Thiruvananthapuram",BDS,SC,36,mbbs_p3_final.pdf
2025,3,4949,18074,General,SM,IGD,"Indira Gandhi Institute of Dental Sciences, Kothamangalam",BDS,SM,36,mbbs_p3_final.pdf
2025,3,4950,18085,SC,SC,TCD,"Govt. Dental College, Thrissur",BDS,SC,34,mbbs_p3_final.pdf
2025,3,4951,18086,MU,SM,MED,"MES Dental College, Perinthalmanna",BDS,SM,7,mbbs_p3_final.pdf
2025,3,4952,18090,MU,MU,PMS,"PMS College of Dental Sciences, Vattappara, TVPM",BDS,MU,43,mbbs_p3_final.pdf
2025,3,4953,18091,EW,EW,KDM,"P K Das Institute of Medical Sciences, Ottapalam",MBBS,EW,1,mbbs_p3_final.pdf
2025,3,4954,18093,DV,DV,PMS,"PMS College of Dental Sciences, Vattappara, TVPM",BDS,DV,43,mbbs_p3_final.pdf
2025,3,4955,18097,General,NR,PMC,"Pushpagiri Institute of Medical Science, Thiruvalla",MBBS,NR,25,mbbs_p3_final.pdf
2025,3,4956,18101,EZ,NR,GMC,"Sree Gokulam Medical College, Venjaramoodu, TVPM",MBBS,NR,1,mbbs_p3_final.pdf
2025,3,4957,18148,LA,LA,PMD,"Pushpagiri College of Dental Science, Thiruvalla",BDS,LA,3,mbbs_p3_final.pdf
2025,3,4958,18151,EZ,EZ,PMS,"PMS College of Dental Sciences, Vattappara, TVPM",BDS,EZ,38,mbbs_p3_final.pdf
2025,3,4959,18157,MU,SM,EID,"Educare Institute of Dental Sciences, Malappuram",BDS,SM,19,mbbs_p3_final.pdf
2025,3,4960,18165,DV,DV,KMD,"KMCT Dental College, Mambatta, Mukkam, Kozhikode",BDS,DV,34,mbbs_p3_final.pdf
2025,3,4961,18192,EZ,NR,GMC,"Sree Gokulam Medical College, Venjaramoodu, TVPM",MBBS,NR,1,mbbs_p3_final.pdf
2025,3,4962,18197,EW,EW,KDM,"P K Das Institute of Medical Sciences, Ottapalam",MBBS,EW,10,mbbs_p3_final.pdf
2025,3,4963,18199,EZ,PI,KLM,"Govt. Medical College, Parippally, Kollam",MBBS,PI,9,mbbs_p3_final.pdf
2025,3,4964,18209,EZ,EZ,KMD,"KMCT Dental College, Mambatta, Mukkam, Kozhikode",BDS,EZ,1,mbbs_p3_final.pdf
2025,3,4965,18213,General,SM,IGD,"Indira Gandhi Institute of Dental Sciences, Kothamangalam",BDS,SM,1,mbbs_p3_final.pdf
2025,3,4966,18221,EZ,SM,ADC,"Annoor Dental College, Puthuppady, Muvattupuzha",BDS,SM,1,mbbs_p3_final.pdf
2025,3,4967,18245,General,SM,ADC,"Annoor Dental College, Puthuppady, Muvattupuzha",BDS,SM,10,mbbs_p3_final.pdf
2025,3,4968,18261,SC,SC,KKD,"Govt. Dental College, Kozhikkode",BDS,SC,36,mbbs_p3_final.pdf
2025,3,4969,18265,SC,SC,KKD,"Govt. Dental College, Kozhikkode",BDS,SC,36,mbbs_p3_final.pdf
2025,3,4970,18281,MU,SM,MED,"MES Dental College, Perinthalmanna",BDS,SM,23,mbbs_p3_final.pdf
2025,3,4971,18288,MU,SM,TRD,"Travancore DentalCollege, Kollam",BDS,SM,23,mbbs_p3_final.pdf
2025,3,4972,18330,MU,SM,RDC,"Royal Dental College, Chalisery, Palakkad",BDS,SM,1,mbbs_p3_final.pdf
2025,3,4973,18331,DV,SM,NID,"Noorul Islam College of Dental Science, Neyyattinkara",BDS,SM,43,mbbs_p3_final.pdf
2025,3,4974,18342,General,NR,KCM,"KMCT Medical College, Mukkom, Kozikkode",MBBS,NR,1,mbbs_p3_final.pdf
2025,3,4975,18347,SC,SC,TVD,"Govt. Dental College, Thiruvananthapuram",BDS,SC,37,mbbs_p3_final.pdf
2025,3,4976,18365,SC,SC,KND,"Government Dental College, Kannur",BDS,SC,36,mbbs_p3_final.pdf
2025,3,4977,18383,MU,SM,MLD,"Malabar Dental College, Edappal",BDS,SM,1,mbbs_p3_final.pdf
2025,3,4978,18415,MU,SM,ADC,"Annoor Dental College, Puthuppady, Muvattupuzha",BDS,SM,21,mbbs_p3_final.pdf
2025,3,4979,18453,ST,ST,TCM,"Govt. Medical College, Thrissur",MBBS,ST,1,mbbs_p3_final.pdf
2025,3,4980,18484,SC,SC,KTD,"Govt. Dental College, Kottayam",BDS,SC,37,mbbs_p3_final.pdf
2025,3,4981,18488,SC,SC,ALD,"Government Dental College, Alappuzha",BDS,SC,37,mbbs_p3_final.pdf
2025,3,4982,18501,General,AC,PMD,"Pushpagiri College of Dental Science, Thiruvalla",BDS,AC,49,mbbs_p3_final.pdf
2025,3,4983,18519,EZ,SM,NID,"Noorul Islam College of Dental Science, Neyyattinkara",BDS,SM,42,mbbs_p3_final.pdf
2025,3,4984,18533,SC,SC,KND,"Government Dental College, Kannur",BDS,SC,37,mbbs_p3_final.pdf
2025,3,4985,18558,General,SM,AZD,"Azeezia College of Dental Science, Meyyannoor, Kollam",BDS,SM,42,mbbs_p3_final.pdf
2025,3,4986,18566,General,AC,MBD,"Mar Baselious Dental College, Kothamangalam",BDS,AC,1,mbbs_p3_final.pdf
2025,3,4987,18582,General,SM,SGD,"St. Gregorios Dental College, Chelad, Kothamangalam",BDS,SM,6,mbbs_p3_final.pdf
2025,3,4988,18600,BH,SM,AAD,"Al Azhar Dental College, Thodupuzha",BDS,SM,38,mbbs_p3_final.pdf
2025,3,4989,18603,MU,NR,EMC,"MES Medical College, Perinthalmanna, Malappuram",MBBS,NR,26,mbbs_p3_final.pdf
2025,3,4990,18606,General,SM,IGD,"Indira Gandhi Institute of Dental Sciences, Kothamangalam",BDS,SM,2,mbbs_p3_final.pdf
2025,3,4991,18609,LA,SM,SGD,"St. Gregorios Dental College, Chelad, Kothamangalam",BDS,SM,49,mbbs_p3_final.pdf
2025,3,4992,18612,EZ,NR,MMH,"Malabar Medical College Hospital, Kozhikkode",MBBS,NR,24,mbbs_p3_final.pdf
2025,3,4993,18621,General,AC,SGD,"St. Gregorios Dental College, Chelad, Kothamangalam",BDS,AC,1,mbbs_p3_final.pdf
2025,3,4994,18624,MU,SM,MED,"MES Dental College, Perinthalmanna",BDS,SM,21,mbbs_p3_final.pdf
2025,3,4995,18658,EZ,EZ,PMS,"PMS College of Dental Sciences, Vattappara, TVPM",BDS,EZ,21,mbbs_p3_final.pdf
2025,3,4996,18670,MU,SM,MED,"MES Dental College, Perinthalmanna",BDS,SM,23,mbbs_p3_final.pdf
2025,3,4997,18684,EW,EW,PIM,"Palakkad Institute of Medical Sciences, Walayar",MBBS,EW,35,mbbs_p3_final.pdf
2025,3,4998,18689,MU,SM,RDC,"Royal Dental College, Chalisery, Palakkad",BDS,SM,30,mbbs_p3_final.pdf
2025,3,4999,18700,EZ,EZ,ADC,"Annoor Dental College, Puthuppady, Muvattupuzha",BDS,EZ,6,mbbs_p3_final.pdf
2025,3,5000,18705,EW,EW,KDM,"P K Das Institute of Medical Sciences, Ottapalam",MBBS,EW,18,mbbs_p3_final.pdf
2025,3,5001,18708,EZ,EZ,ADC,"Annoor Dental College, Puthuppady, Muvattupuzha",BDS,EZ,9,mbbs_p3_final.pdf
2025,3,5002,18712,EW,EW,PIM,"Palakkad Institute of Medical Sciences, Walayar",MBBS,EW,1,mbbs_p3_final.pdf
2025,3,5003,18713,LA,AC,MBD,"Mar Baselious Dental College, Kothamangalam",BDS,AC,50,mbbs_p3_final.pdf
2025,3,5004,18726,SC,SC,ADC,"Annoor Dental College, Puthuppady, Muvattupuzha",BDS,SC,30,mbbs_p3_final.pdf
2025,3,5005,18733,EW,EW,PIM,"Palakkad Institute of Medical Sciences, Walayar",MBBS,EW,36,mbbs_p3_final.pdf
2025,3,5006,18736,EZ,EZ,KMD,"KMCT Dental College, Mambatta, Mukkam, Kozhikode",BDS,EZ,7,mbbs_p3_final.pdf
2025,3,5007,18790,MU,NR,TRM,"Travancore Medical College, Umayanalloor, Kollam",MBBS,NR,31,mbbs_p3_final.pdf
2025,3,5008,18801,EZ,SM,SGD,"St. Gregorios Dental College, Chelad, Kothamangalam",BDS,SM,23,mbbs_p3_final.pdf
2025,3,5009,18804,SC,SC,ALD,"Government Dental College, Alappuzha",BDS,SC,7,mbbs_p3_final.pdf
2025,3,5010,18807,MU,SM,RDC,"Royal Dental College, Chalisery, Palakkad",BDS,SM,7,mbbs_p3_final.pdf
2025,3,5011,18816,General,SM,SGD,"St. Gregorios Dental College, Chelad, Kothamangalam",BDS,SM,25,mbbs_p3_final.pdf
2025,3,5012,18823,General,AC,PMD,"Pushpagiri College of Dental Science, Thiruvalla",BDS,AC,21,mbbs_p3_final.pdf
2025,3,5013,18841,General,SM,SGD,"St. Gregorios Dental College, Chelad, Kothamangalam",BDS,SM,7,mbbs_p3_final.pdf
2025,3,5014,18848,LA,AC,PMD,"Pushpagiri College of Dental Science, Thiruvalla",BDS,AC,48,mbbs_p3_final.pdf
2025,3,5015,18851,General,AC,MBD,"Mar Baselious Dental College, Kothamangalam",BDS,AC,40,mbbs_p3_final.pdf
2025,3,5016,18864,EW,EW,DMM,"Dr. Moopens Medical College, Meppadi, Wayanad",MBBS,EW,8,mbbs_p3_final.pdf
2025,3,5017,18871,EZ,NR,GMC,"Sree Gokulam Medical College, Venjaramoodu, TVPM",MBBS,NR,1,mbbs_p3_final.pdf
2025,3,5018,18873,MU,SM,MED,"MES Dental College, Perinthalmanna",BDS,SM,1,mbbs_p3_final.pdf
2025,3,5019,18890,General,NC,BCM,"Believers Church Medical College Hospital, Thiruvalla",MBBS,NC,1,mbbs_p3_final.pdf
2025,3,5020,18892,EZ,EZ,KMD,"KMCT Dental College, Mambatta, Mukkam, Kozhikode",BDS,EZ,9,mbbs_p3_final.pdf
2025,3,5021,18897,LA,NR,GMC,"Sree Gokulam Medical College, Venjaramoodu, TVPM",MBBS,NR,1,mbbs_p3_final.pdf
2025,3,5022,18900,General,AC,PMD,"Pushpagiri College of Dental Science, Thiruvalla",BDS,AC,2,mbbs_p3_final.pdf
2025,3,5023,18906,SC,SC,TCD,"Govt. Dental College, Thrissur",BDS,SC,27,mbbs_p3_final.pdf
2025,3,5024,18907,General,SM,MED,"MES Dental College, Perinthalmanna",BDS,SM,2,mbbs_p3_final.pdf
2025,3,5025,18913,DV,SM,MED,"MES Dental College, Perinthalmanna",BDS,SM,43,mbbs_p3_final.pdf
2025,3,5026,18917,MU,SM,PSD,"PSM College of Dental Sciences, Thrissur",BDS,SM,42,mbbs_p3_final.pdf
2025,3,5027,18919,VK,VK,KMD,"KMCT Dental College, Mambatta, Mukkam, Kozhikode",BDS,VK,9,mbbs_p3_final.pdf
2025,3,5028,18928,LA,AC,PMD,"Pushpagiri College of Dental Science, Thiruvalla",BDS,AC,50,mbbs_p3_final.pdf
2025,3,5029,18937,BX,SM,MLD,"Malabar Dental College, Edappal",BDS,SM,42,mbbs_p3_final.pdf
2025,3,5030,18938,BH,SM,MLD,"Malabar Dental College, Edappal",BDS,SM,1,mbbs_p3_final.pdf
2025,3,5031,18940,BH,SM,AAD,"Al Azhar Dental College, Thodupuzha",BDS,SM,13,mbbs_p3_final.pdf
2025,3,5032,18945,MU,SM,IGD,"Indira Gandhi Institute of Dental Sciences, Kothamangalam",BDS,SM,7,mbbs_p3_final.pdf
2025,3,5033,18950,MU,MU,ADC,"Annoor Dental College, Puthuppady, Muvattupuzha",BDS,MU,1,mbbs_p3_final.pdf
2025,3,5034,18985,MU,MM,ADC,"Annoor Dental College, Puthuppady, Muvattupuzha",BDS,MM,1,mbbs_p3_final.pdf
2025,3,5035,19007,General,NC,JMC,"Jubilee Mission Medical College, Thrisur",MBBS,NC,19,mbbs_p3_final.pdf
2025,3,5036,19018,KU,KU,SIM,"Sree Narayana Institute of Medical Sciences, Chalakka, Ernakulam.",MBBS,KU,1,mbbs_p3_final.pdf
2025,3,5037,19020,MU,SM,MED,"MES Dental College, Perinthalmanna",BDS,SM,29,mbbs_p3_final.pdf
2025,3,5038,19037,General,SM,SGD,"St. Gregorios Dental College, Chelad, Kothamangalam",BDS,SM,9,mbbs_p3_final.pdf
2025,3,5039,19047,MU,SM,MED,"MES Dental College, Perinthalmanna",BDS,SM,22,mbbs_p3_final.pdf
2025,3,5040,19063,MU,SM,MED,"MES Dental College, Perinthalmanna",BDS,SM,49,mbbs_p3_final.pdf
2025,3,5041,19065,SC,SC,KND,"Government Dental College, Kannur",BDS,SC,36,mbbs_p3_final.pdf
2025,3,5042,19076,General,SM,AAD,"Al Azhar Dental College, Thodupuzha",BDS,SM,4,mbbs_p3_final.pdf
2025,3,5043,19091,BX,BX,PMS,"PMS College of Dental Sciences, Vattappara, TVPM",BDS,BX,43,mbbs_p3_final.pdf
2025,3,5044,19105,KU,KU,PTM,"Government Medical College, Konni, Pathanamthitta",MBBS,KU,1,mbbs_p3_final.pdf
2025,3,5045,19108,BH,SM,AZD,"Azeezia College of Dental Science, Meyyannoor, Kollam",BDS,SM,35,mbbs_p3_final.pdf
2025,3,5046,19122,ST,ST,ALP,"T D Govt. Medical College, Alappuzha",MBBS,ST,5,mbbs_p3_final.pdf
2025,3,5047,19153,EW,EW,KDM,"P K Das Institute of Medical Sciences, Ottapalam",MBBS,EW,46,mbbs_p3_final.pdf
2025,3,5048,19172,SC,SC,ALD,"Government Dental College, Alappuzha",BDS,SC,16,mbbs_p3_final.pdf
2025,3,5049,19187,SC,SC,KND,"Government Dental College, Kannur",BDS,SC,37,mbbs_p3_final.pdf
2025,3,5050,19195,ST,ST,ALP,"T D Govt. Medical College, Alappuzha",MBBS,ST,1,mbbs_p3_final.pdf
2025,3,5051,19196,EW,EW,PMS,"PMS College of Dental Sciences, Vattappara, TVPM",BDS,EW,1,mbbs_p3_final.pdf
2025,3,5052,19210,ST,ST,MMH,"Malabar Medical College Hospital, Kozhikkode",MBBS,ST,5,mbbs_p3_final.pdf
2025,3,5053,19223,BH,SM,AZD,"Azeezia College of Dental Science, Meyyannoor, Kollam",BDS,SM,43,mbbs_p3_final.pdf
2025,3,5054,19230,EZ,SM,SGD,"St. Gregorios Dental College, Chelad, Kothamangalam",BDS,SM,9,mbbs_p3_final.pdf
2025,3,5055,19234,General,NR,EMC,"MES Medical College, Perinthalmanna, Malappuram",MBBS,NR,1,mbbs_p3_final.pdf
2025,3,5056,19236,EW,EW,KDM,"P K Das Institute of Medical Sciences, Ottapalam",MBBS,EW,2,mbbs_p3_final.pdf
2025,3,5057,19249,SC,SC,PMD,"Pushpagiri College of Dental Science, Thiruvalla",BDS,SC,21,mbbs_p3_final.pdf
2025,3,5058,19250,ST,ST,MLP,"Govt. Medical College, Manjeri",MBBS,ST,2,mbbs_p3_final.pdf
2025,3,5059,19261,EZ,EZ,KMD,"KMCT Dental College, Mambatta, Mukkam, Kozhikode",BDS,EZ,15,mbbs_p3_final.pdf
2025,3,5060,19287,LA,SM,NID,"Noorul Islam College of Dental Science, Neyyattinkara",BDS,SM,49,mbbs_p3_final.pdf
2025,3,5061,19288,BX,BX,KMD,"KMCT Dental College, Mambatta, Mukkam, Kozhikode",BDS,BX,22,mbbs_p3_final.pdf
2025,3,5062,19298,ST,ST,CMC,"Govt. Medical College, Ernakulam",MBBS,ST,1,mbbs_p3_final.pdf
2025,3,5063,19301,EW,EW,PMS,"PMS College of Dental Sciences, Vattappara, TVPM",BDS,EW,25,mbbs_p3_final.pdf
2025,3,5064,19305,EZ,SM,SGD,"St. Gregorios Dental College, Chelad, Kothamangalam",BDS,SM,41,mbbs_p3_final.pdf
2025,3,5065,19323,MU,SM,MED,"MES Dental College, Perinthalmanna",BDS,SM,14,mbbs_p3_final.pdf
2025,3,5066,19325,EW,EW,KDM,"P K Das Institute of Medical Sciences, Ottapalam",MBBS,EW,26,mbbs_p3_final.pdf
2025,3,5067,19326,SC,SC,KTD,"Govt. Dental College, Kottayam",BDS,SC,37,mbbs_p3_final.pdf
2025,3,5068,19376,SC,SC,PMS,"PMS College of Dental Sciences, Vattappara, TVPM",BDS,SC,36,mbbs_p3_final.pdf
2025,3,5069,19379,SC,SC,KTD,"Govt. Dental College, Kottayam",BDS,SC,39,mbbs_p3_final.pdf
2025,3,5070,19399,MU,SM,MLD,"Malabar Dental College, Edappal",BDS,SM,24,mbbs_p3_final.pdf
2025,3,5071,19415,BH,BH,ADC,"Annoor Dental College, Puthuppady, Muvattupuzha",BDS,BH,42,mbbs_p3_final.pdf
2025,3,5072,19419,General,SM,MED,"MES Dental College, Perinthalmanna",BDS,SM,42,mbbs_p3_final.pdf
2025,3,5073,19432,General,SM,MED,"MES Dental College, Perinthalmanna",BDS,SM,3,mbbs_p3_final.pdf
2025,3,5074,19446,MU,SM,AAD,"Al Azhar Dental College, Thodupuzha",BDS,SM,21,mbbs_p3_final.pdf
2025,3,5075,19451,MU,SM,MED,"MES Dental College, Perinthalmanna",BDS,SM,1,mbbs_p3_final.pdf
2025,3,5076,19470,MU,SM,EID,"Educare Institute of Dental Sciences, Malappuram",BDS,SM,1,mbbs_p3_final.pdf
2025,3,5077,19471,SC,SC,MBD,"Mar Baselious Dental College, Kothamangalam",BDS,SC,42,mbbs_p3_final.pdf
2025,3,5078,19472,EZ,SM,MED,"MES Dental College, Perinthalmanna",BDS,SM,11,mbbs_p3_final.pdf
2025,3,5079,19490,MU,SM,PSD,"PSM College of Dental Sciences, Thrissur",BDS,SM,1,mbbs_p3_final.pdf
2025,3,5080,19511,General,SM,IGD,"Indira Gandhi Institute of Dental Sciences, Kothamangalam",BDS,SM,10,mbbs_p3_final.pdf
2025,3,5081,19525,SC,SC,PMS,"PMS College of Dental Sciences, Vattappara, TVPM",BDS,SC,42,mbbs_p3_final.pdf
2025,3,5082,19527,MU,SM,EID,"Educare Institute of Dental Sciences, Malappuram",BDS,SM,1,mbbs_p3_final.pdf
2025,3,5083,19528,MU,SM,MLD,"Malabar Dental College, Edappal",BDS,SM,1,mbbs_p3_final.pdf
2025,3,5084,19546,General,NC,MMC,"Malankara Orthodox Syrian Church MediCollege, Kolenchery",MBBS,NC,36,mbbs_p3_final.pdf
2025,3,5085,19569,General,SM,PSD,"PSM College of Dental Sciences, Thrissur",BDS,SM,1,mbbs_p3_final.pdf
2025,3,5086,19570,EZ,SM,TRD,"Travancore DentalCollege, Kollam",BDS,SM,42,mbbs_p3_final.pdf
2025,3,5087,19586,General,NR,PMC,"Pushpagiri Institute of Medical Science, Thiruvalla",MBBS,NR,3,mbbs_p3_final.pdf
2025,3,5088,19591,SC,SM,AID,"Sree Anjaneya Institue of Dental Scinces, Atholi, Kozhikode",BDS,SM,33,mbbs_p3_final.pdf
2025,3,5089,19597,MU,SM,MED,"MES Dental College, Perinthalmanna",BDS,SM,6,mbbs_p3_final.pdf
2025,3,5090,19664,SC,SC,ADC,"Annoor Dental College, Puthuppady, Muvattupuzha",BDS,SC,42,mbbs_p3_final.pdf
2025,3,5091,19674,MU,SM,IGD,"Indira Gandhi Institute of Dental Sciences, Kothamangalam",BDS,SM,51,mbbs_p3_final.pdf
2025,3,5092,19685,KN,KN,ALD,"Government Dental College, Alappuzha",BDS,KN,21,mbbs_p3_final.pdf
2025,3,5093,19693,LA,SM,SGD,"St. Gregorios Dental College, Chelad, Kothamangalam",BDS,SM,7,mbbs_p3_final.pdf
2025,3,5094,19696,BH,SM,SGD,"St. Gregorios Dental College, Chelad, Kothamangalam",BDS,SM,45,mbbs_p3_final.pdf
2025,3,5095,19700,General,SM,AZD,"Azeezia College of Dental Science, Meyyannoor, Kollam",BDS,SM,43,mbbs_p3_final.pdf
2025,3,5096,19703,LA,SM,MED,"MES Dental College, Perinthalmanna",BDS,SM,48,mbbs_p3_final.pdf
2025,3,5097,19754,DV,SM,AAD,"Al Azhar Dental College, Thodupuzha",BDS,SM,42,mbbs_p3_final.pdf
2025,3,5098,19760,General,SM,SGD,"St. Gregorios Dental College, Chelad, Kothamangalam",BDS,SM,23,mbbs_p3_final.pdf
2025,3,5099,19762,General,NR,SIM,"Sree Narayana Institute of Medical Sciences, Chalakka, Ernakulam.",MBBS,NR,1,mbbs_p3_final.pdf
2025,3,5100,19778,VK,VK,PMS,"PMS College of Dental Sciences, Vattappara, TVPM",BDS,VK,17,mbbs_p3_final.pdf
2025,3,5101,19782,MU,SM,AAD,"Al Azhar Dental College, Thodupuzha",BDS,SM,42,mbbs_p3_final.pdf
2025,3,5102,19806,MU,SM,RDC,"Royal Dental College, Chalisery, Palakkad",BDS,SM,28,mbbs_p3_final.pdf
2025,3,5103,19810,General,SM,AZD,"Azeezia College of Dental Science, Meyyannoor, Kollam",BDS,SM,1,mbbs_p3_final.pdf
2025,3,5104,19815,General,SM,EID,"Educare Institute of Dental Sciences, Malappuram",BDS,SM,42,mbbs_p3_final.pdf
2025,3,5105,19827,General,SM,MLD,"Malabar Dental College, Edappal",BDS,SM,3,mbbs_p3_final.pdf
2025,3,5106,19856,MU,SM,MED,"MES Dental College, Perinthalmanna",BDS,SM,28,mbbs_p3_final.pdf
2025,3,5107,19864,General,SM,SGD,"St. Gregorios Dental College, Chelad, Kothamangalam",BDS,SM,22,mbbs_p3_final.pdf
2025,3,5108,19910,EZ,SM,IGD,"Indira Gandhi Institute of Dental Sciences, Kothamangalam",BDS,SM,1,mbbs_p3_final.pdf
2025,3,5109,19931,MU,MU,MED,"MES Dental College, Perinthalmanna",BDS,MU,22,mbbs_p3_final.pdf
2025,3,5110,19936,General,SM,IGD,"Indira Gandhi Institute of Dental Sciences, Kothamangalam",BDS,SM,12,mbbs_p3_final.pdf
2025,3,5111,19937,LA,LA,PMS,"PMS College of Dental Sciences, Vattappara, TVPM",BDS,LA,31,mbbs_p3_final.pdf
2025,3,5112,19941,General,NR,GMC,"Sree Gokulam Medical College, Venjaramoodu, TVPM",MBBS,NR,1,mbbs_p3_final.pdf
2025,3,5113,19951,EZ,EZ,MED,"MES Dental College, Perinthalmanna",BDS,EZ,1,mbbs_p3_final.pdf
2025,3,5114,19952,ST,ST,KNM,Government Medical College Kannur,MBBS,ST,1,mbbs_p3_final.pdf
2025,3,5115,19955,General,MM,ADC,"Annoor Dental College, Puthuppady, Muvattupuzha",BDS,MM,6,mbbs_p3_final.pdf
2025,3,5116,19959,General,SM,PSD,"PSM College of Dental Sciences, Thrissur",BDS,SM,1,mbbs_p3_final.pdf
2025,3,5117,19966,EZ,SM,AAD,"Al Azhar Dental College, Thodupuzha",BDS,SM,28,mbbs_p3_final.pdf
2025,3,5118,19967,MU,MU,MED,"MES Dental College, Perinthalmanna",BDS,MU,25,mbbs_p3_final.pdf
2025,3,5119,19991,KN,SM,PSD,"PSM College of Dental Sciences, Thrissur",BDS,SM,40,mbbs_p3_final.pdf
2025,3,5120,19993,BH,SM,KAD,"Kannur Dental College, Anjarakandy, Kannur",BDS,SM,43,mbbs_p3_final.pdf
2025,3,5121,19996,BH,BH,MED,"MES Dental College, Perinthalmanna",BDS,BH,23,mbbs_p3_final.pdf
2025,3,5122,20021,MU,SM,KAD,"Kannur Dental College, Anjarakandy, Kannur",BDS,SM,14,mbbs_p3_final.pdf
2025,3,5123,20024,General,NR,KCM,"KMCT Medical College, Mukkom, Kozikkode",MBBS,NR,33,mbbs_p3_final.pdf
2025,3,5124,20048,BH,BH,MED,"MES Dental College, Perinthalmanna",BDS,BH,1,mbbs_p3_final.pdf
2025,3,5125,20063,General,NC,JMC,"Jubilee Mission Medical College, Thrisur",MBBS,NC,1,mbbs_p3_final.pdf
2025,3,5126,20070,SC,SC,PMS,"PMS College of Dental Sciences, Vattappara, TVPM",BDS,SC,43,mbbs_p3_final.pdf
2025,3,5127,20087,SC,SM,AZD,"Azeezia College of Dental Science, Meyyannoor, Kollam",BDS,SM,37,mbbs_p3_final.pdf
2025,3,5128,20093,General,SM,NID,"Noorul Islam College of Dental Science, Neyyattinkara",BDS,SM,2,mbbs_p3_final.pdf
2025,3,5129,20097,MU,MM,TRD,"Travancore DentalCollege, Kollam",BDS,MM,1,mbbs_p3_final.pdf
2025,3,5130,20102,BH,SM,AAD,"Al Azhar Dental College, Thodupuzha",BDS,SM,1,mbbs_p3_final.pdf
2025,3,5131,20110,General,SM,IGD,"Indira Gandhi Institute of Dental Sciences, Kothamangalam",BDS,SM,42,mbbs_p3_final.pdf
2025,3,5132,20115,MU,MU,MED,"MES Dental College, Perinthalmanna",BDS,MU,30,mbbs_p3_final.pdf
2025,3,5133,20124,EW,EW,PMS,"PMS College of Dental Sciences, Vattappara, TVPM",BDS,EW,42,mbbs_p3_final.pdf
2025,3,5134,20125,EW,AC,SGD,"St. Gregorios Dental College, Chelad, Kothamangalam",BDS,AC,50,mbbs_p3_final.pdf
2025,3,5135,20134,General,SM,AID,"Sree Anjaneya Institue of Dental Scinces, Atholi, Kozhikode",BDS,SM,18,mbbs_p3_final.pdf
2025,3,5136,20147,General,SM,KAD,"Kannur Dental College, Anjarakandy, Kannur",BDS,SM,1,mbbs_p3_final.pdf
2025,3,5137,20159,MU,NR,EMC,"MES Medical College, Perinthalmanna, Malappuram",MBBS,NR,1,mbbs_p3_final.pdf
2025,3,5138,20162,DV,DV,MED,"MES Dental College, Perinthalmanna",BDS,DV,1,mbbs_p3_final.pdf
2025,3,5139,20165,General,SM,IGD,"Indira Gandhi Institute of Dental Sciences, Kothamangalam",BDS,SM,14,mbbs_p3_final.pdf
2025,3,5140,20168,General,NR,GMC,"Sree Gokulam Medical College, Venjaramoodu, TVPM",MBBS,NR,26,mbbs_p3_final.pdf
2025,3,5141,20175,BX,SM,AID,"Sree Anjaneya Institue of Dental Scinces, Atholi, Kozhikode",BDS,SM,29,mbbs_p3_final.pdf
2025,3,5142,20179,ST,ST,KLM,"Govt. Medical College, Parippally, Kollam",MBBS,ST,2,mbbs_p3_final.pdf
2025,3,5143,20186,SC,SM,RDC,"Royal Dental College, Chalisery, Palakkad",BDS,SM,42,mbbs_p3_final.pdf
2025,3,5144,20212,EW,SM,AZD,"Azeezia College of Dental Science, Meyyannoor, Kollam",BDS,SM,54,mbbs_p3_final.pdf
2025,3,5145,20214,KU,KU,IDM,Government Medical College Idukki,MBBS,KU,1,mbbs_p3_final.pdf
2025,3,5146,20238,MU,MU,PMS,"PMS College of Dental Sciences, Vattappara, TVPM",BDS,MU,22,mbbs_p3_final.pdf
2025,3,5147,20243,MU,NR,EMC,"MES Medical College, Perinthalmanna, Malappuram",MBBS,NR,1,mbbs_p3_final.pdf
2025,3,5148,20246,KU,KU,JMC,"Jubilee Mission Medical College, Thrisur",MBBS,KU,7,mbbs_p3_final.pdf
2025,3,5149,20262,BX,SM,NID,"Noorul Islam College of Dental Science, Neyyattinkara",BDS,SM,50,mbbs_p3_final.pdf
2025,3,5150,20265,MU,NR,SIM,"Sree Narayana Institute of Medical Sciences, Chalakka, Ernakulam.",MBBS,NR,46,mbbs_p3_final.pdf
2025,3,5151,20273,MU,MU,MED,"MES Dental College, Perinthalmanna",BDS,MU,4,mbbs_p3_final.pdf
2025,3,5152,20290,General,NC,BCM,"Believers Church Medical College Hospital, Thiruvalla",MBBS,NC,34,mbbs_p3_final.pdf
2025,3,5153,20315,MU,MU,MED,"MES Dental College, Perinthalmanna",BDS,MU,49,mbbs_p3_final.pdf
2025,3,5154,20318,General,SM,AAD,"Al Azhar Dental College, Thodupuzha",BDS,SM,25,mbbs_p3_final.pdf
2025,3,5155,20341,General,SM,IGD,"Indira Gandhi Institute of Dental Sciences, Kothamangalam",BDS,SM,1,mbbs_p3_final.pdf
2025,3,5156,20344,MU,SM,KAD,"Kannur Dental College, Anjarakandy, Kannur",BDS,SM,47,mbbs_p3_final.pdf
2025,3,5157,20350,LA,LA,KMD,"KMCT Dental College, Mambatta, Mukkam, Kozhikode",BDS,LA,42,mbbs_p3_final.pdf
2025,3,5158,20405,KU,KU,MMH,"Malabar Medical College Hospital, Kozhikkode",MBBS,KU,14,mbbs_p3_final.pdf
2025,3,5159,20409,General,NR,GMC,"Sree Gokulam Medical College, Venjaramoodu, TVPM",MBBS,NR,6,mbbs_p3_final.pdf
2025,3,5160,20467,EZ,EZ,MED,"MES Dental College, Perinthalmanna",BDS,EZ,22,mbbs_p3_final.pdf
2025,3,5161,20475,MU,MM,TRD,"Travancore DentalCollege, Kollam",BDS,MM,1,mbbs_p3_final.pdf
2025,3,5162,20503,BH,SM,IGD,"Indira Gandhi Institute of Dental Sciences, Kothamangalam",BDS,SM,45,mbbs_p3_final.pdf
2025,3,5163,20512,ST,ST,IDM,Government Medical College Idukki,MBBS,ST,2,mbbs_p3_final.pdf
2025,3,5164,20564,General,NR,SIM,"Sree Narayana Institute of Medical Sciences, Chalakka, Ernakulam.",MBBS,NR,11,mbbs_p3_final.pdf
2025,3,5165,20570,SC,SC #,KMD,"KMCT Dental College, Mambatta, Mukkam, Kozhikode",BDS,SC #,42,mbbs_p3_final.pdf
2025,3,5166,20571,MU,MU,ADC,"Annoor Dental College, Puthuppady, Muvattupuzha",BDS,MU,50,mbbs_p3_final.pdf
2025,3,5167,20572,EW,AC,SGD,"St. Gregorios Dental College, Chelad, Kothamangalam",BDS,AC,4,mbbs_p3_final.pdf
2025,3,5168,20590,MU,SM,IGD,"Indira Gandhi Institute of Dental Sciences, Kothamangalam",BDS,SM,21,mbbs_p3_final.pdf
2025,3,5169,20604,BH,BH,SGD,"St. Gregorios Dental College, Chelad, Kothamangalam",BDS,BH,47,mbbs_p3_final.pdf
2025,3,5170,20615,KN,SM,RDC,"Royal Dental College, Chalisery, Palakkad",BDS,SM,45,mbbs_p3_final.pdf
2025,3,5171,20626,BH,SM,IGD,"Indira Gandhi Institute of Dental Sciences, Kothamangalam",BDS,SM,46,mbbs_p3_final.pdf
2025,3,5172,20627,SC,SC,MBD,"Mar Baselious Dental College, Kothamangalam",BDS,SC,42,mbbs_p3_final.pdf
2025,3,5173,20641,General,NR,GMC,"Sree Gokulam Medical College, Venjaramoodu, TVPM",MBBS,NR,28,mbbs_p3_final.pdf
2025,3,5174,20656,EZ,SM,TRD,"Travancore DentalCollege, Kollam",BDS,SM,43,mbbs_p3_final.pdf
2025,3,5175,20660,MU,SM,EID,"Educare Institute of Dental Sciences, Malappuram",BDS,SM,1,mbbs_p3_final.pdf
2025,3,5176,20662,BH,BH,MED,"MES Dental College, Perinthalmanna",BDS,BH,12,mbbs_p3_final.pdf
2025,3,5177,20668,General,NR,EMC,"MES Medical College, Perinthalmanna, Malappuram",MBBS,NR,43,mbbs_p3_final.pdf
2025,3,5178,20671,General,SM,AID,"Sree Anjaneya Institue of Dental Scinces, Atholi, Kozhikode",BDS,SM,1,mbbs_p3_final.pdf
2025,3,5179,20687,General,SM,PSD,"PSM College of Dental Sciences, Thrissur",BDS,SM,7,mbbs_p3_final.pdf
2025,3,5180,20696,MU,SM,AID,"Sree Anjaneya Institue of Dental Scinces, Atholi, Kozhikode",BDS,SM,1,mbbs_p3_final.pdf
2025,3,5181,20723,ST,ST,ALP,"T D Govt. Medical College, Alappuzha",MBBS,ST,1,mbbs_p3_final.pdf
2025,3,5182,20747,General,AC,SGD,"St. Gregorios Dental College, Chelad, Kothamangalam",BDS,AC,38,mbbs_p3_final.pdf
2025,3,5183,20749,General,NC,PMC,"Pushpagiri Institute of Medical Science, Thiruvalla",MBBS,NC,1,mbbs_p3_final.pdf
2025,3,5184,20772,EZ,SM,AAD,"Al Azhar Dental College, Thodupuzha",BDS,SM,1,mbbs_p3_final.pdf
2025,3,5185,20784,MU,MU,MED,"MES Dental College, Perinthalmanna",BDS,MU,50,mbbs_p3_final.pdf
2025,3,5186,20787,General,SM,AID,"Sree Anjaneya Institue of Dental Scinces, Atholi, Kozhikode",BDS,SM,1,mbbs_p3_final.pdf
2025,3,5187,20790,General,NR,KEM,"Kerala Medical College, Palakkad",MBBS,NR,2,mbbs_p3_final.pdf
2025,3,5188,20796,MU,MU,SGD,"St. Gregorios Dental College, Chelad, Kothamangalam",BDS,MU,1,mbbs_p3_final.pdf
2025,3,5189,20800,MU,SM,RDC,"Royal Dental College, Chalisery, Palakkad",BDS,SM,7,mbbs_p3_final.pdf
2025,3,5190,20802,EZ,SM,AAD,"Al Azhar Dental College, Thodupuzha",BDS,SM,19,mbbs_p3_final.pdf
2025,3,5191,20831,General,PT,IDM,Government Medical College Idukki,MBBS,PT,1,mbbs_p3_final.pdf
2025,3,5192,20834,SC,SC,MBD,"Mar Baselious Dental College, Kothamangalam",BDS,SC,42,mbbs_p3_final.pdf
2025,3,5193,20850,KU,KU,SUC,"SUT Accademy of Medical Sciences, Thiruvananthapuram",MBBS,KU,1,mbbs_p3_final.pdf
2025,3,5194,20861,SC,SC,KMD,"KMCT Dental College, Mambatta, Mukkam, Kozhikode",BDS,SC,42,mbbs_p3_final.pdf
2025,3,5195,20866,General,AC,SGD,"St. Gregorios Dental College, Chelad, Kothamangalam",BDS,AC,45,mbbs_p3_final.pdf
2025,3,5196,20868,VK,VK,KMD,"KMCT Dental College, Mambatta, Mukkam, Kozhikode",BDS,VK,34,mbbs_p3_final.pdf
2025,3,5197,20875,MU,SM,EID,"Educare Institute of Dental Sciences, Malappuram",BDS,SM,1,mbbs_p3_final.pdf
2025,3,5198,20883,MU,MM,PMS,"PMS College of Dental Sciences, Vattappara, TVPM",BDS,MM,1,mbbs_p3_final.pdf
2025,3,5199,20887,BX,BX,MED,"MES Dental College, Perinthalmanna",BDS,BX,33,mbbs_p3_final.pdf
2025,3,5200,20903,KU,KU,MMH,"Malabar Medical College Hospital, Kozhikkode",MBBS,KU,1,mbbs_p3_final.pdf
2025,3,5201,20933,MU,NR,EMC,"MES Medical College, Perinthalmanna, Malappuram",MBBS,NR,1,mbbs_p3_final.pdf
2025,3,5202,20938,ST,ST,IDM,Government Medical College Idukki,MBBS,ST,2,mbbs_p3_final.pdf
2025,3,5203,20948,SC,SC,KMD,"KMCT Dental College, Mambatta, Mukkam, Kozhikode",BDS,SC,42,mbbs_p3_final.pdf
2025,3,5204,20954,BX,SM,NID,"Noorul Islam College of Dental Science, Neyyattinkara",BDS,SM,49,mbbs_p3_final.pdf
2025,3,5205,20956,EZ,EZ,ADC,"Annoor Dental College, Puthuppady, Muvattupuzha",BDS,EZ,7,mbbs_p3_final.pdf
2025,3,5206,20967,General,NR,MZM,"Mount Zion Medical College, Pathanamthitta",MBBS,NR,43,mbbs_p3_final.pdf
2025,3,5207,20969,EW,SM,AAD,"Al Azhar Dental College, Thodupuzha",BDS,SM,42,mbbs_p3_final.pdf
2025,3,5208,20984,BH,SM,RDC,"Royal Dental College, Chalisery, Palakkad",BDS,SM,1,mbbs_p3_final.pdf
2025,3,5209,20993,MU,MU,MED,"MES Dental College, Perinthalmanna",BDS,MU,47,mbbs_p3_final.pdf
2025,3,5210,20997,SC,SM,SVD,"Sri Sankara Dental College, Akathumuri, Varkala",BDS,SM,42,mbbs_p3_final.pdf
2025,3,5211,21002,MU,SM,PSD,"PSM College of Dental Sciences, Thrissur",BDS,SM,1,mbbs_p3_final.pdf
2025,3,5212,21014,SC,SC,KMD,"KMCT Dental College, Mambatta, Mukkam, Kozhikode",BDS,SC,42,mbbs_p3_final.pdf
2025,3,5213,21022,BX,SM,IGD,"Indira Gandhi Institute of Dental Sciences, Kothamangalam",BDS,SM,50,mbbs_p3_final.pdf
2025,3,5214,21032,General,SM,PSD,"PSM College of Dental Sciences, Thrissur",BDS,SM,21,mbbs_p3_final.pdf
2025,3,5215,21057,EW,EW,PMS,"PMS College of Dental Sciences, Vattappara, TVPM",BDS,EW,46,mbbs_p3_final.pdf
2025,3,5216,21061,MU,MU,MED,"MES Dental College, Perinthalmanna",BDS,MU,1,mbbs_p3_final.pdf
2025,3,5217,21081,MU,MU,SGD,"St. Gregorios Dental College, Chelad, Kothamangalam",BDS,MU,49,mbbs_p3_final.pdf
2025,3,5218,21096,EW,SM,PSD,"PSM College of Dental Sciences, Thrissur",BDS,SM,11,mbbs_p3_final.pdf
2025,3,5219,21099,MU,SM,EID,"Educare Institute of Dental Sciences, Malappuram",BDS,SM,7,mbbs_p3_final.pdf
2025,3,5220,21102,SC,SM,AAD,"Al Azhar Dental College, Thodupuzha",BDS,SM,42,mbbs_p3_final.pdf
2025,3,5221,21114,SC,SM,AZD,"Azeezia College of Dental Science, Meyyannoor, Kollam",BDS,SM,26,mbbs_p3_final.pdf
2025,3,5222,21124,EZ,EZ,SGD,"St. Gregorios Dental College, Chelad, Kothamangalam",BDS,EZ,44,mbbs_p3_final.pdf
2025,3,5223,21143,General,SM,AZD,"Azeezia College of Dental Science, Meyyannoor, Kollam",BDS,SM,24,mbbs_p3_final.pdf
2025,3,5224,21149,General,AC,SGD,"St. Gregorios Dental College, Chelad, Kothamangalam",BDS,AC,1,mbbs_p3_final.pdf
2025,3,5225,21152,EZ,SM,AZD,"Azeezia College of Dental Science, Meyyannoor, Kollam",BDS,SM,2,mbbs_p3_final.pdf
2025,3,5226,21188,BX,NR,SMC,"Dr. Somervell Memorial CSI Medical College, Karakonam",MBBS,NR,1,mbbs_p3_final.pdf
2025,3,5227,21189,EZ,SM,AAD,"Al Azhar Dental College, Thodupuzha",BDS,SM,7,mbbs_p3_final.pdf
2025,3,5228,21197,SC,SC,PMS,"PMS College of Dental Sciences, Vattappara, TVPM",BDS,SC,44,mbbs_p3_final.pdf
2025,3,5229,21199,MU,SM,EID,"Educare Institute of Dental Sciences, Malappuram",BDS,SM,21,mbbs_p3_final.pdf
2025,3,5230,21202,General,NR,MZM,"Mount Zion Medical College, Pathanamthitta",MBBS,NR,1,mbbs_p3_final.pdf
2025,3,5231,21238,LA,SM,IGD,"Indira Gandhi Institute of Dental Sciences, Kothamangalam",BDS,SM,21,mbbs_p3_final.pdf
2025,3,5232,21248,MU,NR,GMC,"Sree Gokulam Medical College, Venjaramoodu, TVPM",MBBS,NR,1,mbbs_p3_final.pdf
2025,3,5233,21253,General,SM,MLD,"Malabar Dental College, Edappal",BDS,SM,1,mbbs_p3_final.pdf
2025,3,5234,21258,MU,PD,KKM,"Govt. Medical College, Kozhikkode",MBBS,PD,1,mbbs_p3_final.pdf
2025,3,5235,21264,General,NC,MMC,"Malankara Orthodox Syrian Church MediCollege, Kolenchery",MBBS,NC,40,mbbs_p3_final.pdf
2025,3,5236,21270,SC,SC,KMD,"KMCT Dental College, Mambatta, Mukkam, Kozhikode",BDS,SC,42,mbbs_p3_final.pdf
2025,3,5237,21273,SC,SC,ADC,"Annoor Dental College, Puthuppady, Muvattupuzha",BDS,SC,35,mbbs_p3_final.pdf
2025,3,5238,21297,SC,SC,PMS,"PMS College of Dental Sciences, Vattappara, TVPM",BDS,SC,44,mbbs_p3_final.pdf
2025,3,5239,21300,General,SM,AAD,"Al Azhar Dental College, Thodupuzha",BDS,SM,39,mbbs_p3_final.pdf
2025,3,5240,21305,SC,SC,PMS,"PMS College of Dental Sciences, Vattappara, TVPM",BDS,SC,44,mbbs_p3_final.pdf
2025,3,5241,21309,General,NR,KDM,"P K Das Institute of Medical Sciences, Ottapalam",MBBS,NR,23,mbbs_p3_final.pdf
2025,3,5242,21311,VK,SM,MLD,"Malabar Dental College, Edappal",BDS,SM,44,mbbs_p3_final.pdf
2025,3,5243,21315,EW,PD,KTM,"Govt. Medical College, Kottayam",MBBS,PD,1,mbbs_p3_final.pdf
2025,3,5244,21333,General,NR,SUC,"SUT Accademy of Medical Sciences, Thiruvananthapuram",MBBS,NR,1,mbbs_p3_final.pdf
2025,3,5245,21336,SC,SM,AAD,"Al Azhar Dental College, Thodupuzha",BDS,SM,40,mbbs_p3_final.pdf
2025,3,5246,21371,General,SM,IGD,"Indira Gandhi Institute of Dental Sciences, Kothamangalam",BDS,SM,13,mbbs_p3_final.pdf
2025,3,5247,21380,General,NC,BCM,"Believers Church Medical College Hospital, Thiruvalla",MBBS,NC,1,mbbs_p3_final.pdf
2025,3,5248,21389,MU,SM,MLD,"Malabar Dental College, Edappal",BDS,SM,24,mbbs_p3_final.pdf
2025,3,5249,21401,SC,SC,KMD,"KMCT Dental College, Mambatta, Mukkam, Kozhikode",BDS,SC,36,mbbs_p3_final.pdf
2025,3,5250,21405,EZ,SM,TRD,"Travancore DentalCollege, Kollam",BDS,SM,16,mbbs_p3_final.pdf
2025,3,5251,21407,General,NC,PMC,"Pushpagiri Institute of Medical Science, Thiruvalla",MBBS,NC,30,mbbs_p3_final.pdf
2025,3,5252,21411,ST,ST,MLP,"Govt. Medical College, Manjeri",MBBS,ST,1,mbbs_p3_final.pdf
2025,3,5253,21412,SC,SC,MED,"MES Dental College, Perinthalmanna",BDS,SC,39,mbbs_p3_final.pdf
2025,3,5254,21421,BH,NR,KCM,"KMCT Medical College, Mukkom, Kozikkode",MBBS,NR,36,mbbs_p3_final.pdf
2025,3,5255,21422,MU,SM,PSD,"PSM College of Dental Sciences, Thrissur",BDS,SM,2,mbbs_p3_final.pdf
2025,3,5256,21426,MU,PT,PTM,"Government Medical College, Konni, Pathanamthitta",MBBS,PT,11,mbbs_p3_final.pdf
2025,3,5257,21429,MU,SM,AAD,"Al Azhar Dental College, Thodupuzha",BDS,SM,49,mbbs_p3_final.pdf
2025,3,5258,21433,MU,SM,PSD,"PSM College of Dental Sciences, Thrissur",BDS,SM,1,mbbs_p3_final.pdf
2025,3,5259,21439,LA,SM,NID,"Noorul Islam College of Dental Science, Neyyattinkara",BDS,SM,1,mbbs_p3_final.pdf
2025,3,5260,21445,MU,SM,PSD,"PSM College of Dental Sciences, Thrissur",BDS,SM,1,mbbs_p3_final.pdf
2025,3,5261,21467,KN,SM,EID,"Educare Institute of Dental Sciences, Malappuram",BDS,SM,7,mbbs_p3_final.pdf
2025,3,5262,21469,General,NR,TRM,"Travancore Medical College, Umayanalloor, Kollam",MBBS,NR,2,mbbs_p3_final.pdf
2025,3,5263,21474,BX,SM,AAD,"Al Azhar Dental College, Thodupuzha",BDS,SM,43,mbbs_p3_final.pdf
2025,3,5264,21479,SC,SM,TRD,"Travancore DentalCollege, Kollam",BDS,SM,41,mbbs_p3_final.pdf
2025,3,5265,21494,General,NC,BCM,"Believers Church Medical College Hospital, Thiruvalla",MBBS,NC,1,mbbs_p3_final.pdf
2025,3,5266,21496,BH,SM,IGD,"Indira Gandhi Institute of Dental Sciences, Kothamangalam",BDS,SM,24,mbbs_p3_final.pdf
2025,3,5267,21502,MU,SM,EID,"Educare Institute of Dental Sciences, Malappuram",BDS,SM,7,mbbs_p3_final.pdf
2025,3,5268,21532,MU,SM,AZD,"Azeezia College of Dental Science, Meyyannoor, Kollam",BDS,SM,14,mbbs_p3_final.pdf
2025,3,5269,21542,SC,SM,IGD,"Indira Gandhi Institute of Dental Sciences, Kothamangalam",BDS,SM,42,mbbs_p3_final.pdf
2025,3,5270,21555,General,NR,GMC,"Sree Gokulam Medical College, Venjaramoodu, TVPM",MBBS,NR,1,mbbs_p3_final.pdf
2025,3,5271,21571,General,NC,MMC,"Malankara Orthodox Syrian Church MediCollege, Kolenchery",MBBS,NC,43,mbbs_p3_final.pdf
2025,3,5272,21591,MU,SM,AZD,"Azeezia College of Dental Science, Meyyannoor, Kollam",BDS,SM,23,mbbs_p3_final.pdf
2025,3,5273,21609,General,SM,IGD,"Indira Gandhi Institute of Dental Sciences, Kothamangalam",BDS,SM,51,mbbs_p3_final.pdf
2025,3,5274,21624,MU,SM,IGD,"Indira Gandhi Institute of Dental Sciences, Kothamangalam",BDS,SM,1,mbbs_p3_final.pdf
2025,3,5275,21632,MU,SM,AID,"Sree Anjaneya Institue of Dental Scinces, Atholi, Kozhikode",BDS,SM,22,mbbs_p3_final.pdf
2025,3,5276,21633,General,NR,KCM,"KMCT Medical College, Mukkom, Kozikkode",MBBS,NR,1,mbbs_p3_final.pdf
2025,3,5277,21645,EZ,SM,PSD,"PSM College of Dental Sciences, Thrissur",BDS,SM,21,mbbs_p3_final.pdf
2025,3,5278,21651,General,SM,AID,"Sree Anjaneya Institue of Dental Scinces, Atholi, Kozhikode",BDS,SM,21,mbbs_p3_final.pdf
2025,3,5279,21670,MU,NR,TRM,"Travancore Medical College, Umayanalloor, Kollam",MBBS,NR,3,mbbs_p3_final.pdf
2025,3,5280,21696,General,SM,KAD,"Kannur Dental College, Anjarakandy, Kannur",BDS,SM,7,mbbs_p3_final.pdf
2025,3,5281,21703,General,SM,AZD,"Azeezia College of Dental Science, Meyyannoor, Kollam",BDS,SM,23,mbbs_p3_final.pdf
2025,3,5282,21716,MU,MM,PMS,"PMS College of Dental Sciences, Vattappara, TVPM",BDS,MM,8,mbbs_p3_final.pdf
2025,3,5283,21769,MU,SM,MLD,"Malabar Dental College, Edappal",BDS,SM,2,mbbs_p3_final.pdf
2025,3,5284,21774,MU,SM,PSD,"PSM College of Dental Sciences, Thrissur",BDS,SM,1,mbbs_p3_final.pdf
2025,3,5285,21782,MU,SM,MLD,"Malabar Dental College, Edappal",BDS,SM,11,mbbs_p3_final.pdf
2025,3,5286,21792,SC,SC,PMS,"PMS College of Dental Sciences, Vattappara, TVPM",BDS,SC,24,mbbs_p3_final.pdf
2025,3,5287,21796,General,SM,AID,"Sree Anjaneya Institue of Dental Scinces, Atholi, Kozhikode",BDS,SM,21,mbbs_p3_final.pdf
2025,3,5288,21802,General,NR,TRM,"Travancore Medical College, Umayanalloor, Kollam",MBBS,NR,1,mbbs_p3_final.pdf
2025,3,5289,21808,MU,MU,ADC,"Annoor Dental College, Puthuppady, Muvattupuzha",BDS,MU,47,mbbs_p3_final.pdf
2025,3,5290,21828,General,SM,EID,"Educare Institute of Dental Sciences, Malappuram",BDS,SM,45,mbbs_p3_final.pdf
2025,3,5291,21843,General,NR,MMH,"Malabar Medical College Hospital, Kozhikkode",MBBS,NR,37,mbbs_p3_final.pdf
2025,3,5292,21845,SC,SM,AZD,"Azeezia College of Dental Science, Meyyannoor, Kollam",BDS,SM,30,mbbs_p3_final.pdf
2025,3,5293,21855,BX,SM,NID,"Noorul Islam College of Dental Science, Neyyattinkara",BDS,SM,38,mbbs_p3_final.pdf
2025,3,5294,21860,SC,SM,NID,"Noorul Islam College of Dental Science, Neyyattinkara",BDS,SM,41,mbbs_p3_final.pdf
2025,3,5295,21861,EZ,SM,PSD,"PSM College of Dental Sciences, Thrissur",BDS,SM,1,mbbs_p3_final.pdf
2025,3,5296,21897,EZ,SM,PSD,"PSM College of Dental Sciences, Thrissur",BDS,SM,1,mbbs_p3_final.pdf
2025,3,5297,21916,SC,SM,AZD,"Azeezia College of Dental Science, Meyyannoor, Kollam",BDS,SM,42,mbbs_p3_final.pdf
2025,3,5298,21923,MU,SM,TRD,"Travancore DentalCollege, Kollam",BDS,SM,47,mbbs_p3_final.pdf
2025,3,5299,21926,General,NR,SUC,"SUT Accademy of Medical Sciences, Thiruvananthapuram",MBBS,NR,1,mbbs_p3_final.pdf
2025,3,5300,21934,General,NR,SIM,"Sree Narayana Institute of Medical Sciences, Chalakka, Ernakulam.",MBBS,NR,1,mbbs_p3_final.pdf
2025,3,5301,21951,MU,MM,ADC,"Annoor Dental College, Puthuppady, Muvattupuzha",BDS,MM,27,mbbs_p3_final.pdf
2025,3,5302,21965,EZ,SM,PSD,"PSM College of Dental Sciences, Thrissur",BDS,SM,42,mbbs_p3_final.pdf
2025,3,5303,21974,General,NC,BCM,"Believers Church Medical College Hospital, Thiruvalla",MBBS,NC,5,mbbs_p3_final.pdf
2025,3,5304,21975,MU,MM,AZD,"Azeezia College of Dental Science, Meyyannoor, Kollam",BDS,MM,1,mbbs_p3_final.pdf
2025,3,5305,21982,SC,SM,AZD,"Azeezia College of Dental Science, Meyyannoor, Kollam",BDS,SM,40,mbbs_p3_final.pdf
2025,3,5306,21983,SC,SM,AAD,"Al Azhar Dental College, Thodupuzha",BDS,SM,24,mbbs_p3_final.pdf
2025,3,5307,21986,MU,SM,AAD,"Al Azhar Dental College, Thodupuzha",BDS,SM,1,mbbs_p3_final.pdf
2025,3,5308,22002,General,SM,PSD,"PSM College of Dental Sciences, Thrissur",BDS,SM,1,mbbs_p3_final.pdf
2025,3,5309,22003,MU,SM,EID,"Educare Institute of Dental Sciences, Malappuram",BDS,SM,1,mbbs_p3_final.pdf
2025,3,5310,22009,EZ,SM,IGD,"Indira Gandhi Institute of Dental Sciences, Kothamangalam",BDS,SM,1,mbbs_p3_final.pdf
2025,3,5311,22017,General,NC,BCM,"Believers Church Medical College Hospital, Thiruvalla",MBBS,NC,5,mbbs_p3_final.pdf
2025,3,5312,22019,General,SM,AID,"Sree Anjaneya Institue of Dental Scinces, Atholi, Kozhikode",BDS,SM,28,mbbs_p3_final.pdf
2025,3,5313,22030,KU,KU,KCM,"KMCT Medical College, Mukkom, Kozikkode",MBBS,KU,1,mbbs_p3_final.pdf
2025,3,5314,22048,MU,SM,NID,"Noorul Islam College of Dental Science, Neyyattinkara",BDS,SM,9,mbbs_p3_final.pdf
2025,3,5315,22069,SC,SM,PSD,"PSM College of Dental Sciences, Thrissur",BDS,SM,45,mbbs_p3_final.pdf
2025,3,5316,22083,EW,EW,KMD,"KMCT Dental College, Mambatta, Mukkam, Kozhikode",BDS,EW,53,mbbs_p3_final.pdf
2025,3,5317,22088,KU,KU,KDM,"P K Das Institute of Medical Sciences, Ottapalam",MBBS,KU,1,mbbs_p3_final.pdf
2025,3,5318,22104,SC,SC,MED,"MES Dental College, Perinthalmanna",BDS,SC,42,mbbs_p3_final.pdf
2025,3,5319,22110,DV,DM,PTM,"Government Medical College, Konni, Pathanamthitta",MBBS,DM,1,mbbs_p3_final.pdf
2025,3,5320,22113,EZ,NR,EMC,"MES Medical College, Perinthalmanna, Malappuram",MBBS,NR,24,mbbs_p3_final.pdf
2025,3,5321,22120,General,NC,BCM,"Believers Church Medical College Hospital, Thiruvalla",MBBS,NC,1,mbbs_p3_final.pdf
2025,3,5322,22133,General,NR,TRM,"Travancore Medical College, Umayanalloor, Kollam",MBBS,NR,1,mbbs_p3_final.pdf
2025,3,5323,22151,General,SM,PSD,"PSM College of Dental Sciences, Thrissur",BDS,SM,1,mbbs_p3_final.pdf
2025,3,5324,22178,MU,SM,EID,"Educare Institute of Dental Sciences, Malappuram",BDS,SM,48,mbbs_p3_final.pdf
2025,3,5325,22181,General,NR,KEM,"Kerala Medical College, Palakkad",MBBS,NR,36,mbbs_p3_final.pdf
2025,3,5326,22195,General,SM,PSD,"PSM College of Dental Sciences, Thrissur",BDS,SM,54,mbbs_p3_final.pdf
2025,3,5327,22213,KU,KU,SMC,"Dr. Somervell Memorial CSI Medical College, Karakonam",MBBS,KU,22,mbbs_p3_final.pdf
2025,3,5328,22214,MU,SM,PSD,"PSM College of Dental Sciences, Thrissur",BDS,SM,4,mbbs_p3_final.pdf
2025,3,5329,22218,BH,SM,AID,"Sree Anjaneya Institue of Dental Scinces, Atholi, Kozhikode",BDS,SM,1,mbbs_p3_final.pdf
2025,3,5330,22223,MU,NQ,TVM,"Govt. Medical College, Thiruvananthapuram",MBBS,NQ,1,mbbs_p3_final.pdf
2025,3,5331,22225,MU,SM,MLD,"Malabar Dental College, Edappal",BDS,SM,3,mbbs_p3_final.pdf
2025,3,5332,22227,BX,SM,SVD,"Sri Sankara Dental College, Akathumuri, Varkala",BDS,SM,3,mbbs_p3_final.pdf
2025,3,5333,22231,SC,SM,TRD,"Travancore DentalCollege, Kollam",BDS,SM,4,mbbs_p3_final.pdf
2025,3,5334,22260,BH,SM,PSD,"PSM College of Dental Sciences, Thrissur",BDS,SM,30,mbbs_p3_final.pdf
2025,3,5335,22261,KN,KN,MED,"MES Dental College, Perinthalmanna",BDS,KN,42,mbbs_p3_final.pdf
2025,3,5336,22270,MU,SM,PSD,"PSM College of Dental Sciences, Thrissur",BDS,SM,5,mbbs_p3_final.pdf
2025,3,5337,22299,BX,SM,RDC,"Royal Dental College, Chalisery, Palakkad",BDS,SM,46,mbbs_p3_final.pdf
2025,3,5338,22302,SC,SM,AID,"Sree Anjaneya Institue of Dental Scinces, Atholi, Kozhikode",BDS,SM,39,mbbs_p3_final.pdf
2025,3,5339,22332,MU,NR,KCM,"KMCT Medical College, Mukkom, Kozikkode",MBBS,NR,1,mbbs_p3_final.pdf
2025,3,5340,22333,General,SM,EID,"Educare Institute of Dental Sciences, Malappuram",BDS,SM,1,mbbs_p3_final.pdf
2025,3,5341,22343,EW,EW,SGD,"St. Gregorios Dental College, Chelad, Kothamangalam",BDS,EW,1,mbbs_p3_final.pdf
2025,3,5342,22349,BH,SM,PSD,"PSM College of Dental Sciences, Thrissur",BDS,SM,12,mbbs_p3_final.pdf
2025,3,5343,22351,DV,DV,ADC,"Annoor Dental College, Puthuppady, Muvattupuzha",BDS,DV,44,mbbs_p3_final.pdf
2025,3,5344,22377,VK,VK,MED,"MES Dental College, Perinthalmanna",BDS,VK,37,mbbs_p3_final.pdf
2025,3,5345,22403,MU,SM,MLD,"Malabar Dental College, Edappal",BDS,SM,23,mbbs_p3_final.pdf
2025,3,5346,22404,General,SM,PSD,"PSM College of Dental Sciences, Thrissur",BDS,SM,7,mbbs_p3_final.pdf
2025,3,5347,22405,MU,MM,PMS,"PMS College of Dental Sciences, Vattappara, TVPM",BDS,MM,1,mbbs_p3_final.pdf
2025,3,5348,22416,MU,PD,KKM,"Govt. Medical College, Kozhikkode",MBBS,PD,1,mbbs_p3_final.pdf
2025,3,5349,22426,MU,SM,MLD,"Malabar Dental College, Edappal",BDS,SM,2,mbbs_p3_final.pdf
2025,3,5350,22436,DV,NR,MMH,"Malabar Medical College Hospital, Kozhikkode",MBBS,NR,24,mbbs_p3_final.pdf
2025,3,5351,22440,General,SM,RDC,"Royal Dental College, Chalisery, Palakkad",BDS,SM,4,mbbs_p3_final.pdf
2025,3,5352,22458,EZ,NR,KCM,"KMCT Medical College, Mukkom, Kozikkode",MBBS,NR,7,mbbs_p3_final.pdf
2025,3,5353,22466,MU,SM,EID,"Educare Institute of Dental Sciences, Malappuram",BDS,SM,48,mbbs_p3_final.pdf
2025,3,5354,22481,EZ,SM,TRD,"Travancore DentalCollege, Kollam",BDS,SM,19,mbbs_p3_final.pdf
2025,3,5355,22490,MU,SM,NID,"Noorul Islam College of Dental Science, Neyyattinkara",BDS,SM,1,mbbs_p3_final.pdf
2025,3,5356,22493,LA,LA,ADC,"Annoor Dental College, Puthuppady, Muvattupuzha",BDS,LA,27,mbbs_p3_final.pdf
2025,3,5357,22515,General,NC,JMC,"Jubilee Mission Medical College, Thrisur",MBBS,NC,1,mbbs_p3_final.pdf
2025,3,5358,22516,MU,SM,IGD,"Indira Gandhi Institute of Dental Sciences, Kothamangalam",BDS,SM,4,mbbs_p3_final.pdf
2025,3,5359,22517,MU,SM,AAD,"Al Azhar Dental College, Thodupuzha",BDS,SM,30,mbbs_p3_final.pdf
2025,3,5360,22524,EW,EW,KMD,"KMCT Dental College, Mambatta, Mukkam, Kozhikode",BDS,EW,32,mbbs_p3_final.pdf
2025,3,5361,22542,BX,NR,SMC,"Dr. Somervell Memorial CSI Medical College, Karakonam",MBBS,NR,11,mbbs_p3_final.pdf
2025,3,5362,22550,General,SM,MLD,"Malabar Dental College, Edappal",BDS,SM,9,mbbs_p3_final.pdf
2025,3,5363,22554,General,NR,TRM,"Travancore Medical College, Umayanalloor, Kollam",MBBS,NR,35,mbbs_p3_final.pdf
2025,3,5364,22561,SC,SM #,NID,"Noorul Islam College of Dental Science, Neyyattinkara",BDS,SM #,39,mbbs_p3_final.pdf
2025,3,5365,22570,SC,SM,AZD,"Azeezia College of Dental Science, Meyyannoor, Kollam",BDS,SM,46,mbbs_p3_final.pdf
2025,3,5366,22571,MU,SM,IGD,"Indira Gandhi Institute of Dental Sciences, Kothamangalam",BDS,SM,7,mbbs_p3_final.pdf
2025,3,5367,22582,General,NR,SIM,"Sree Narayana Institute of Medical Sciences, Chalakka, Ernakulam.",MBBS,NR,1,mbbs_p3_final.pdf
2025,3,5368,22594,EZ,NR,GMC,"Sree Gokulam Medical College, Venjaramoodu, TVPM",MBBS,NR,1,mbbs_p3_final.pdf
2025,3,5369,22619,MU,SM,EID,"Educare Institute of Dental Sciences, Malappuram",BDS,SM,1,mbbs_p3_final.pdf
2025,3,5370,22638,KN,KN,ADC,"Annoor Dental College, Puthuppady, Muvattupuzha",BDS,KN,37,mbbs_p3_final.pdf
2025,3,5371,22643,MU,NR,EMC,"MES Medical College, Perinthalmanna, Malappuram",MBBS,NR,1,mbbs_p3_final.pdf
2025,3,5372,22645,KU,KU,PIM,"Palakkad Institute of Medical Sciences, Walayar",MBBS,KU,1,mbbs_p3_final.pdf
2025,3,5373,22656,General,NC,AMC,"Amala Institute of Medical Sciences, Thrissur",MBBS,NC,13,mbbs_p3_final.pdf
2025,3,5374,22666,EW,EW,SGD,"St. Gregorios Dental College, Chelad, Kothamangalam",BDS,EW,25,mbbs_p3_final.pdf
2025,3,5375,22675,MU,SM,EID,"Educare Institute of Dental Sciences, Malappuram",BDS,SM,1,mbbs_p3_final.pdf
2025,3,5376,22680,MU,NR,KCM,"KMCT Medical College, Mukkom, Kozikkode",MBBS,NR,1,mbbs_p3_final.pdf
2025,3,5377,22681,DV,SM,TRD,"Travancore DentalCollege, Kollam",BDS,SM,38,mbbs_p3_final.pdf
2025,3,5378,22685,MU,SM,EID,"Educare Institute of Dental Sciences, Malappuram",BDS,SM,49,mbbs_p3_final.pdf
2025,3,5379,22698,EZ,PI,KKD,"Govt. Dental College, Kozhikkode",BDS,PI,15,mbbs_p3_final.pdf
2025,3,5380,22721,DV,SM,PSD,"PSM College of Dental Sciences, Thrissur",BDS,SM,1,mbbs_p3_final.pdf
2025,3,5381,22722,MU,SM,AID,"Sree Anjaneya Institue of Dental Scinces, Atholi, Kozhikode",BDS,SM,1,mbbs_p3_final.pdf
2025,3,5382,22749,ST,ST,PKM,"Government Medical College, Palakkad",MBBS,ST,7,mbbs_p3_final.pdf
2025,3,5383,22753,ST,ST,PKM,"Government Medical College, Palakkad",MBBS,ST,8,mbbs_p3_final.pdf
2025,3,5384,22756,General,NC,JMC,"Jubilee Mission Medical College, Thrisur",MBBS,NC,1,mbbs_p3_final.pdf
2025,3,5385,22783,MU,SM,AID,"Sree Anjaneya Institue of Dental Scinces, Atholi, Kozhikode",BDS,SM,1,mbbs_p3_final.pdf
2025,3,5386,22789,SC,SC,SGD,"St. Gregorios Dental College, Chelad, Kothamangalam",BDS,SC,35,mbbs_p3_final.pdf
2025,3,5387,22819,SC,SC,KMD,"KMCT Dental College, Mambatta, Mukkam, Kozhikode",BDS,SC,36,mbbs_p3_final.pdf
2025,3,5388,22871,MU,MM,RDC,"Royal Dental College, Chalisery, Palakkad",BDS,MM,1,mbbs_p3_final.pdf
2025,3,5389,22881,EZ,EZ,MED,"MES Dental College, Perinthalmanna",BDS,EZ,2,mbbs_p3_final.pdf
2025,3,5390,22898,EZ,EZ,SGD,"St. Gregorios Dental College, Chelad, Kothamangalam",BDS,EZ,7,mbbs_p3_final.pdf
2025,3,5391,22899,BH,SM,AAD,"Al Azhar Dental College, Thodupuzha",BDS,SM,7,mbbs_p3_final.pdf
2025,3,5392,22900,BH,SM,MLD,"Malabar Dental College, Edappal",BDS,SM,45,mbbs_p3_final.pdf
2025,3,5393,22905,General,SM,NID,"Noorul Islam College of Dental Science, Neyyattinkara",BDS,SM,37,mbbs_p3_final.pdf
2025,3,5394,22920,ST,ST,KNM,Government Medical College Kannur,MBBS,ST,1,mbbs_p3_final.pdf
2025,3,5395,22960,MU,SM,MLD,"Malabar Dental College, Edappal",BDS,SM,12,mbbs_p3_final.pdf
2025,3,5396,22967,SC,SM,EID,"Educare Institute of Dental Sciences, Malappuram",BDS,SM,42,mbbs_p3_final.pdf
2025,3,5397,22971,General,NC,BCM,"Believers Church Medical College Hospital, Thiruvalla",MBBS,NC,1,mbbs_p3_final.pdf
2025,3,5398,22985,DV,SM,PSD,"PSM College of Dental Sciences, Thrissur",BDS,SM,21,mbbs_p3_final.pdf
2025,3,5399,22998,SC,SM,PSD,"PSM College of Dental Sciences, Thrissur",BDS,SM,1,mbbs_p3_final.pdf
2025,3,5400,23000,EW,EW,SGD,"St. Gregorios Dental College, Chelad, Kothamangalam",BDS,EW,23,mbbs_p3_final.pdf
2025,3,5401,23027,EZ,PD,KKM,"Govt. Medical College, Kozhikkode",MBBS,PD,1,mbbs_p3_final.pdf
2025,3,5402,23028,General,NR,MMH,"Malabar Medical College Hospital, Kozhikkode",MBBS,NR,1,mbbs_p3_final.pdf
2025,3,5403,23033,VK,SM,RDC,"Royal Dental College, Chalisery, Palakkad",BDS,SM,23,mbbs_p3_final.pdf
2025,3,5404,23052,EW,SM,RDC,"Royal Dental College, Chalisery, Palakkad",BDS,SM,17,mbbs_p3_final.pdf
2025,3,5405,23059,LA,SM,PSD,"PSM College of Dental Sciences, Thrissur",BDS,SM,1,mbbs_p3_final.pdf
2025,3,5406,23071,General,NC,JMC,"Jubilee Mission Medical College, Thrisur",MBBS,NC,1,mbbs_p3_final.pdf
2025,3,5407,23082,EZ,SM,AAD,"Al Azhar Dental College, Thodupuzha",BDS,SM,44,mbbs_p3_final.pdf
2025,3,5408,23094,EW,EW,KMD,"KMCT Dental College, Mambatta, Mukkam, Kozhikode",BDS,EW,23,mbbs_p3_final.pdf
2025,3,5409,23101,General,SM,NID,"Noorul Islam College of Dental Science, Neyyattinkara",BDS,SM,29,mbbs_p3_final.pdf
2025,3,5410,23151,MU,NR,KCM,"KMCT Medical College, Mukkom, Kozikkode",MBBS,NR,43,mbbs_p3_final.pdf
2025,3,5411,23170,EZ,SM,PSD,"PSM College of Dental Sciences, Thrissur",BDS,SM,45,mbbs_p3_final.pdf
2025,3,5412,23190,LA,LA,PMS,"PMS College of Dental Sciences, Vattappara, TVPM",BDS,LA,7,mbbs_p3_final.pdf
2025,3,5413,23192,ST,ST,JMC,"Jubilee Mission Medical College, Thrisur",MBBS,ST,1,mbbs_p3_final.pdf
2025,3,5414,23195,General,SM,TRD,"Travancore DentalCollege, Kollam",BDS,SM,1,mbbs_p3_final.pdf
2025,3,5415,23196,EZ,EZ,MED,"MES Dental College, Perinthalmanna",BDS,EZ,7,mbbs_p3_final.pdf
2025,3,5416,23204,General,DK,KTM,"Govt. Medical College, Kottayam",MBBS,DK,1,mbbs_p3_final.pdf
2025,3,5417,23227,BH,SM,MLD,"Malabar Dental College, Edappal",BDS,SM,35,mbbs_p3_final.pdf
2025,3,5418,23233,MU,SM,IGD,"Indira Gandhi Institute of Dental Sciences, Kothamangalam",BDS,SM,1,mbbs_p3_final.pdf
2025,3,5419,23237,SC,SM,AID,"Sree Anjaneya Institue of Dental Scinces, Atholi, Kozhikode",BDS,SM,1,mbbs_p3_final.pdf
2025,3,5420,23243,General,MM,PMS,"PMS College of Dental Sciences, Vattappara, TVPM",BDS,MM,46,mbbs_p3_final.pdf
2025,3,5421,23244,General,SM,IGD,"Indira Gandhi Institute of Dental Sciences, Kothamangalam",BDS,SM,22,mbbs_p3_final.pdf
2025,3,5422,23258,BH,SM,RDC,"Royal Dental College, Chalisery, Palakkad",BDS,SM,10,mbbs_p3_final.pdf
2025,3,5423,23264,SC,SM,SVD,"Sri Sankara Dental College, Akathumuri, Varkala",BDS,SM,36,mbbs_p3_final.pdf
2025,3,5424,23300,MU,SM,EID,"Educare Institute of Dental Sciences, Malappuram",BDS,SM,5,mbbs_p3_final.pdf
2025,3,5425,23315,BX,SM,AZD,"Azeezia College of Dental Science, Meyyannoor, Kollam",BDS,SM,42,mbbs_p3_final.pdf
2025,3,5426,23325,General,SM,AID,"Sree Anjaneya Institue of Dental Scinces, Atholi, Kozhikode",BDS,SM,8,mbbs_p3_final.pdf
2025,3,5427,23330,MU,MM,AZD,"Azeezia College of Dental Science, Meyyannoor, Kollam",BDS,MM,53,mbbs_p3_final.pdf
2025,3,5428,23335,General,SM,PSD,"PSM College of Dental Sciences, Thrissur",BDS,SM,26,mbbs_p3_final.pdf
2025,3,5429,23342,MU,SM,AID,"Sree Anjaneya Institue of Dental Scinces, Atholi, Kozhikode",BDS,SM,1,mbbs_p3_final.pdf
2025,3,5430,23368,BH,SM,AID,"Sree Anjaneya Institue of Dental Scinces, Atholi, Kozhikode",BDS,SM,36,mbbs_p3_final.pdf
2025,3,5431,23372,EZ,EZ,SGD,"St. Gregorios Dental College, Chelad, Kothamangalam",BDS,EZ,44,mbbs_p3_final.pdf
2025,3,5432,23388,LA,SM,PSD,"PSM College of Dental Sciences, Thrissur",BDS,SM,7,mbbs_p3_final.pdf
2025,3,5433,23390,MU,MM,EID,"Educare Institute of Dental Sciences, Malappuram",BDS,MM,1,mbbs_p3_final.pdf
2025,3,5434,23406,General,AC,SGD,"St. Gregorios Dental College, Chelad, Kothamangalam",BDS,AC,21,mbbs_p3_final.pdf
2025,3,5435,23414,ST,ST,MMH,"Malabar Medical College Hospital, Kozhikkode",MBBS,ST,4,mbbs_p3_final.pdf
2025,3,5436,23417,DV,SM,MLD,"Malabar Dental College, Edappal",BDS,SM,41,mbbs_p3_final.pdf
2025,3,5437,23452,EZ,NR,SIM,"Sree Narayana Institute of Medical Sciences, Chalakka, Ernakulam.",MBBS,NR,18,mbbs_p3_final.pdf
2025,3,5438,23455,SC,SC,KMD,"KMCT Dental College, Mambatta, Mukkam, Kozhikode",BDS,SC,42,mbbs_p3_final.pdf
2025,3,5439,23457,MU,SM,AAD,"Al Azhar Dental College, Thodupuzha",BDS,SM,50,mbbs_p3_final.pdf
2025,3,5440,23503,MU,MM,EID,"Educare Institute of Dental Sciences, Malappuram",BDS,MM,1,mbbs_p3_final.pdf
2025,3,5441,23511,General,SM,AAD,"Al Azhar Dental College, Thodupuzha",BDS,SM,30,mbbs_p3_final.pdf
2025,3,5442,23520,SC,SM,EID,"Educare Institute of Dental Sciences, Malappuram",BDS,SM,36,mbbs_p3_final.pdf
2025,3,5443,23533,SC,SM,IGD,"Indira Gandhi Institute of Dental Sciences, Kothamangalam",BDS,SM,42,mbbs_p3_final.pdf
2025,3,5444,23543,BX,SM,MLD,"Malabar Dental College, Edappal",BDS,SM,40,mbbs_p3_final.pdf
2025,3,5445,23568,MU,SM,MLD,"Malabar Dental College, Edappal",BDS,SM,3,mbbs_p3_final.pdf
2025,3,5446,23569,EZ,PI,KNM,Government Medical College Kannur,MBBS,PI,1,mbbs_p3_final.pdf
2025,3,5447,23574,MU,MM,RDC,"Royal Dental College, Chalisery, Palakkad",BDS,MM,51,mbbs_p3_final.pdf
2025,3,5448,23593,MU,PD,KKM,"Govt. Medical College, Kozhikkode",MBBS,PD,1,mbbs_p3_final.pdf
2025,3,5449,23598,LA,SM,NID,"Noorul Islam College of Dental Science, Neyyattinkara",BDS,SM,43,mbbs_p3_final.pdf
2025,3,5450,23617,MU,SM,PSD,"PSM College of Dental Sciences, Thrissur",BDS,SM,19,mbbs_p3_final.pdf
2025,3,5451,23644,BH,SM,MLD,"Malabar Dental College, Edappal",BDS,SM,1,mbbs_p3_final.pdf
2025,3,5452,23688,SC,SM,NID,"Noorul Islam College of Dental Science, Neyyattinkara",BDS,SM,42,mbbs_p3_final.pdf
2025,3,5453,23694,General,AC,SGD,"St. Gregorios Dental College, Chelad, Kothamangalam",BDS,AC,39,mbbs_p3_final.pdf
2025,3,5454,23695,General,SM,AAD,"Al Azhar Dental College, Thodupuzha",BDS,SM,41,mbbs_p3_final.pdf
2025,3,5455,23710,MU,SM,IGD,"Indira Gandhi Institute of Dental Sciences, Kothamangalam",BDS,SM,21,mbbs_p3_final.pdf
2025,3,5456,23711,BH,SM,AAD,"Al Azhar Dental College, Thodupuzha",BDS,SM,15,mbbs_p3_final.pdf
2025,3,5457,23718,EZ,SM,AID,"Sree Anjaneya Institue of Dental Scinces, Atholi, Kozhikode",BDS,SM,42,mbbs_p3_final.pdf
2025,3,5458,23724,General,SM,AAD,"Al Azhar Dental College, Thodupuzha",BDS,SM,29,mbbs_p3_final.pdf
2025,3,5459,23725,MU,MM,PMS,"PMS College of Dental Sciences, Vattappara, TVPM",BDS,MM,50,mbbs_p3_final.pdf
2025,3,5460,23733,EZ,SM,RDC,"Royal Dental College, Chalisery, Palakkad",BDS,SM,21,mbbs_p3_final.pdf
2025,3,5461,23735,SC,SM,IGD,"Indira Gandhi Institute of Dental Sciences, Kothamangalam",BDS,SM,42,mbbs_p3_final.pdf
2025,3,5462,23740,MU,NR,KCM,"KMCT Medical College, Mukkom, Kozikkode",MBBS,NR,1,mbbs_p3_final.pdf
2025,3,5463,23744,MU,SM,AID,"Sree Anjaneya Institue of Dental Scinces, Atholi, Kozhikode",BDS,SM,8,mbbs_p3_final.pdf
2025,3,5464,23749,EZ,EZ,ADC,"Annoor Dental College, Puthuppady, Muvattupuzha",BDS,EZ,18,mbbs_p3_final.pdf
2025,3,5465,23752,EZ,SM,PSD,"PSM College of Dental Sciences, Thrissur",BDS,SM,21,mbbs_p3_final.pdf
2025,3,5466,23753,General,AC,SGD,"St. Gregorios Dental College, Chelad, Kothamangalam",BDS,AC,6,mbbs_p3_final.pdf
2025,3,5467,23779,General,SM,PSD,"PSM College of Dental Sciences, Thrissur",BDS,SM,5,mbbs_p3_final.pdf
2025,3,5468,23786,MU,SM,AAD,"Al Azhar Dental College, Thodupuzha",BDS,SM,4,mbbs_p3_final.pdf
2025,3,5469,23789,EZ,SM,AZD,"Azeezia College of Dental Science, Meyyannoor, Kollam",BDS,SM,24,mbbs_p3_final.pdf
2025,3,5470,23804,SC,SM,AID,"Sree Anjaneya Institue of Dental Scinces, Atholi, Kozhikode",BDS,SM,42,mbbs_p3_final.pdf
2025,3,5471,23806,SC,SM,IGD,"Indira Gandhi Institute of Dental Sciences, Kothamangalam",BDS,SM,21,mbbs_p3_final.pdf
2025,3,5472,23837,General,NR,GMC,"Sree Gokulam Medical College, Venjaramoodu, TVPM",MBBS,NR,1,mbbs_p3_final.pdf
2025,3,5473,23839,SC,SM,IGD,"Indira Gandhi Institute of Dental Sciences, Kothamangalam",BDS,SM,43,mbbs_p3_final.pdf
2025,3,5474,23853,General,AC,SGD,"St. Gregorios Dental College, Chelad, Kothamangalam",BDS,AC,8,mbbs_p3_final.pdf
2025,3,5475,23863,KN,SM,AAD,"Al Azhar Dental College, Thodupuzha",BDS,SM,12,mbbs_p3_final.pdf
2025,3,5476,23872,General,NC,JMC,"Jubilee Mission Medical College, Thrisur",MBBS,NC,25,mbbs_p3_final.pdf
2025,3,5477,23875,EZ,NR,TRM,"Travancore Medical College, Umayanalloor, Kollam",MBBS,NR,1,mbbs_p3_final.pdf
2025,3,5478,23880,SC,SM,AID,"Sree Anjaneya Institue of Dental Scinces, Atholi, Kozhikode",BDS,SM,5,mbbs_p3_final.pdf
2025,3,5479,23897,KN,SM,AAD,"Al Azhar Dental College, Thodupuzha",BDS,SM,41,mbbs_p3_final.pdf
2025,3,5480,23929,MU,SM,EID,"Educare Institute of Dental Sciences, Malappuram",BDS,SM,1,mbbs_p3_final.pdf
2025,3,5481,23966,General,SM,KAD,"Kannur Dental College, Anjarakandy, Kannur",BDS,SM,29,mbbs_p3_final.pdf
2025,3,5482,23993,General,SM,IGD,"Indira Gandhi Institute of Dental Sciences, Kothamangalam",BDS,SM,2,mbbs_p3_final.pdf
2025,3,5483,24002,ST,ST,KCM,"KMCT Medical College, Mukkom, Kozikkode",MBBS,ST,6,mbbs_p3_final.pdf
2025,3,5484,24003,MU,NR,TRM,"Travancore Medical College, Umayanalloor, Kollam",MBBS,NR,1,mbbs_p3_final.pdf
2025,3,5485,24012,General,NR,TRM,"Travancore Medical College, Umayanalloor, Kollam",MBBS,NR,29,mbbs_p3_final.pdf
2025,3,5486,24034,BH,PD,TVM,"Govt. Medical College, Thiruvananthapuram",MBBS,PD,1,mbbs_p3_final.pdf
2025,3,5487,24043,General,NC,JMC,"Jubilee Mission Medical College, Thrisur",MBBS,NC,1,mbbs_p3_final.pdf
2025,3,5488,24046,SC,SM,AAD,"Al Azhar Dental College, Thodupuzha",BDS,SM,42,mbbs_p3_final.pdf
2025,3,5489,24049,DV,SM,AID,"Sree Anjaneya Institue of Dental Scinces, Atholi, Kozhikode",BDS,SM,42,mbbs_p3_final.pdf
2025,3,5490,24067,SC,SC,MED,"MES Dental College, Perinthalmanna",BDS,SC,37,mbbs_p3_final.pdf
2025,3,5491,24069,SC,SM,PSD,"PSM College of Dental Sciences, Thrissur",BDS,SM,39,mbbs_p3_final.pdf
2025,3,5492,24077,MU,NR,EMC,"MES Medical College, Perinthalmanna, Malappuram",MBBS,NR,1,mbbs_p3_final.pdf
2025,3,5493,24078,General,SM,SVD,"Sri Sankara Dental College, Akathumuri, Varkala",BDS,SM,44,mbbs_p3_final.pdf
2025,3,5494,24093,General,NR,MMH,"Malabar Medical College Hospital, Kozhikkode",MBBS,NR,8,mbbs_p3_final.pdf
2025,3,5495,24102,LA,LA,SGD,"St. Gregorios Dental College, Chelad, Kothamangalam",BDS,LA,46,mbbs_p3_final.pdf
2025,3,5496,24116,EZ,SM,MLD,"Malabar Dental College, Edappal",BDS,SM,27,mbbs_p3_final.pdf
2025,3,5497,24122,EZ,SM,NID,"Noorul Islam College of Dental Science, Neyyattinkara",BDS,SM,8,mbbs_p3_final.pdf
2025,3,5498,24132,General,NR,MMH,"Malabar Medical College Hospital, Kozhikkode",MBBS,NR,22,mbbs_p3_final.pdf
2025,3,5499,24147,SC,SC,TRD,"Travancore DentalCollege, Kollam",BDS,SC,42,mbbs_p3_final.pdf
2025,3,5500,24153,General,SM,KAD,"Kannur Dental College, Anjarakandy, Kannur",BDS,SM,21,mbbs_p3_final.pdf
2025,3,5501,24154,SC,SM,AZD,"Azeezia College of Dental Science, Meyyannoor, Kollam",BDS,SM,44,mbbs_p3_final.pdf
2025,3,5502,24188,ST,ST,PTM,"Government Medical College, Konni, Pathanamthitta",MBBS,ST,1,mbbs_p3_final.pdf
2025,3,5503,24189,MU,SM,AAD,"Al Azhar Dental College, Thodupuzha",BDS,SM,1,mbbs_p3_final.pdf
2025,3,5504,24193,EW,SM,PSD,"PSM College of Dental Sciences, Thrissur",BDS,SM,21,mbbs_p3_final.pdf
2025,3,5505,24197,VK,VK,MED,"MES Dental College, Perinthalmanna",BDS,VK,8,mbbs_p3_final.pdf
2025,3,5506,24206,General,NR,SMC,"Dr. Somervell Memorial CSI Medical College, Karakonam",MBBS,NR,1,mbbs_p3_final.pdf
2025,3,5507,24209,DV,SM,PSD,"PSM College of Dental Sciences, Thrissur",BDS,SM,40,mbbs_p3_final.pdf
2025,3,5508,24217,MU,SM,PSD,"PSM College of Dental Sciences, Thrissur",BDS,SM,9,mbbs_p3_final.pdf
2025,3,5509,24233,EZ,SM,NID,"Noorul Islam College of Dental Science, Neyyattinkara",BDS,SM,1,mbbs_p3_final.pdf
2025,3,5510,24246,KN,SM,IGD,"Indira Gandhi Institute of Dental Sciences, Kothamangalam",BDS,SM,1,mbbs_p3_final.pdf
2025,3,5511,24280,MU,SM,MLD,"Malabar Dental College, Edappal",BDS,SM,3,mbbs_p3_final.pdf
2025,3,5512,24290,MU,NR,KCM,"KMCT Medical College, Mukkom, Kozikkode",MBBS,NR,1,mbbs_p3_final.pdf
2025,3,5513,24308,KU,KU,KDM,"P K Das Institute of Medical Sciences, Ottapalam",MBBS,KU,1,mbbs_p3_final.pdf
2025,3,5514,24312,SC,SC,SGD,"St. Gregorios Dental College, Chelad, Kothamangalam",BDS,SC,30,mbbs_p3_final.pdf
2025,3,5515,24362,General,SM,EID,"Educare Institute of Dental Sciences, Malappuram",BDS,SM,22,mbbs_p3_final.pdf
2025,3,5516,24375,General,AC,SGD,"St. Gregorios Dental College, Chelad, Kothamangalam",BDS,AC,57,mbbs_p3_final.pdf
2025,3,5517,24376,SC,SM,AAD,"Al Azhar Dental College, Thodupuzha",BDS,SM,45,mbbs_p3_final.pdf
2025,3,5518,24407,KU,KU,WYM,"Govt. Medical College, Wayanad",MBBS,KU,3,mbbs_p3_final.pdf
2025,3,5519,24416,General,SM,AZD,"Azeezia College of Dental Science, Meyyannoor, Kollam",BDS,SM,38,mbbs_p3_final.pdf
2025,3,5520,24421,BH,SM,PSD,"PSM College of Dental Sciences, Thrissur",BDS,SM,44,mbbs_p3_final.pdf
2025,3,5521,24438,SC,SM,MLD,"Malabar Dental College, Edappal",BDS,SM,16,mbbs_p3_final.pdf
2025,3,5522,24459,LA,SM,KAD,"Kannur Dental College, Anjarakandy, Kannur",BDS,SM,23,mbbs_p3_final.pdf
2025,3,5523,24463,MU,NR,KCM,"KMCT Medical College, Mukkom, Kozikkode",MBBS,NR,1,mbbs_p3_final.pdf
2025,3,5524,24468,SC,SM,IGD,"Indira Gandhi Institute of Dental Sciences, Kothamangalam",BDS,SM,41,mbbs_p3_final.pdf
2025,3,5525,24471,EZ,SM,RDC,"Royal Dental College, Chalisery, Palakkad",BDS,SM,22,mbbs_p3_final.pdf
2025,3,5526,24474,General,SM,PSD,"PSM College of Dental Sciences, Thrissur",BDS,SM,21,mbbs_p3_final.pdf
2025,3,5527,24479,ST,ST,KSM,"Govt. Medical College, Kasaragod",MBBS,ST,1,mbbs_p3_final.pdf
2025,3,5528,24489,General,SM,IGD,"Indira Gandhi Institute of Dental Sciences, Kothamangalam",BDS,SM,1,mbbs_p3_final.pdf
2025,3,5529,24497,BX,SM,PSD,"PSM College of Dental Sciences, Thrissur",BDS,SM,5,mbbs_p3_final.pdf
2025,3,5530,24517,MU,SM,MLD,"Malabar Dental College, Edappal",BDS,SM,1,mbbs_p3_final.pdf
2025,3,5531,24520,General,NR,DMM,"Dr. Moopens Medical College, Meppadi, Wayanad",MBBS,NR,12,mbbs_p3_final.pdf
2025,3,5532,24552,SC,SM,KAD,"Kannur Dental College, Anjarakandy, Kannur",BDS,SM,31,mbbs_p3_final.pdf
2025,3,5533,24554,LA,NC,BCM,"Believers Church Medical College Hospital, Thiruvalla",MBBS,NC,1,mbbs_p3_final.pdf
2025,3,5534,24556,General,SM,NID,"Noorul Islam College of Dental Science, Neyyattinkara",BDS,SM,24,mbbs_p3_final.pdf
2025,3,5535,24594,DV,SM,AID,"Sree Anjaneya Institue of Dental Scinces, Atholi, Kozhikode",BDS,SM,40,mbbs_p3_final.pdf
2025,3,5536,24615,General,SM,AAD,"Al Azhar Dental College, Thodupuzha",BDS,SM,17,mbbs_p3_final.pdf
2025,3,5537,24627,BH,SM,RDC,"Royal Dental College, Chalisery, Palakkad",BDS,SM,1,mbbs_p3_final.pdf
2025,3,5538,24643,General,NC,AMC,"Amala Institute of Medical Sciences, Thrissur",MBBS,NC,27,mbbs_p3_final.pdf
2025,3,5539,24690,SC,SM,IGD,"Indira Gandhi Institute of Dental Sciences, Kothamangalam",BDS,SM,36,mbbs_p3_final.pdf
2025,3,5540,24705,VK,SM,IGD,"Indira Gandhi Institute of Dental Sciences, Kothamangalam",BDS,SM,22,mbbs_p3_final.pdf
2025,3,5541,24712,VK,VK,ADC,"Annoor Dental College, Puthuppady, Muvattupuzha",BDS,VK,22,mbbs_p3_final.pdf
2025,3,5542,24716,LA,SM,NID,"Noorul Islam College of Dental Science, Neyyattinkara",BDS,SM,2,mbbs_p3_final.pdf
2025,3,5543,24721,BH,SM,NID,"Noorul Islam College of Dental Science, Neyyattinkara",BDS,SM,42,mbbs_p3_final.pdf
2025,3,5544,24738,SC,SM,EID,"Educare Institute of Dental Sciences, Malappuram",BDS,SM,36,mbbs_p3_final.pdf
2025,3,5545,24751,General,NR,MBD,"Mar Baselious Dental College, Kothamangalam",BDS,NR,4,mbbs_p3_final.pdf
2025,3,5546,24791,MU,SM,AZD,"Azeezia College of Dental Science, Meyyannoor, Kollam",BDS,SM,37,mbbs_p3_final.pdf
2025,3,5547,24792,General,SM,AAD,"Al Azhar Dental College, Thodupuzha",BDS,SM,1,mbbs_p3_final.pdf
2025,3,5548,24796,EW,PD,TVM,"Govt. Medical College, Thiruvananthapuram",MBBS,PD,1,mbbs_p3_final.pdf
2025,3,5549,24798,MU,SM,AID,"Sree Anjaneya Institue of Dental Scinces, Atholi, Kozhikode",BDS,SM,7,mbbs_p3_final.pdf
2025,3,5550,24800,General,NC,AMC,"Amala Institute of Medical Sciences, Thrissur",MBBS,NC,42,mbbs_p3_final.pdf
2025,3,5551,24802,VK,SM,AZD,"Azeezia College of Dental Science, Meyyannoor, Kollam",BDS,SM,27,mbbs_p3_final.pdf
2025,3,5552,24817,EW,EW,MED,"MES Dental College, Perinthalmanna",BDS,EW,40,mbbs_p3_final.pdf
2025,3,5553,24862,BH,SM,PSD,"PSM College of Dental Sciences, Thrissur",BDS,SM,44,mbbs_p3_final.pdf
2025,3,5554,24871,ST,ST,PTM,"Government Medical College, Konni, Pathanamthitta",MBBS,ST,5,mbbs_p3_final.pdf
2025,3,5555,24879,MU,MM,PMS,"PMS College of Dental Sciences, Vattappara, TVPM",BDS,MM,17,mbbs_p3_final.pdf
2025,3,5556,24884,SC,SM,AID,"Sree Anjaneya Institue of Dental Scinces, Atholi, Kozhikode",BDS,SM,43,mbbs_p3_final.pdf
2025,3,5557,24891,DV,SM,PSD,"PSM College of Dental Sciences, Thrissur",BDS,SM,42,mbbs_p3_final.pdf
2025,3,5558,24895,EW,EW,SGD,"St. Gregorios Dental College, Chelad, Kothamangalam",BDS,EW,1,mbbs_p3_final.pdf
2025,3,5559,24904,ST,ST,DMM,"Dr. Moopens Medical College, Meppadi, Wayanad",MBBS,ST,1,mbbs_p3_final.pdf
2025,3,5560,24906,SC,SM,AID,"Sree Anjaneya Institue of Dental Scinces, Atholi, Kozhikode",BDS,SM,42,mbbs_p3_final.pdf
2025,3,5561,24927,MU,PD,KKM,"Govt. Medical College, Kozhikkode",MBBS,PD,1,mbbs_p3_final.pdf
2025,3,5562,24931,General,NR,MMH,"Malabar Medical College Hospital, Kozhikkode",MBBS,NR,1,mbbs_p3_final.pdf
2025,3,5563,24936,BX,SM,AZD,"Azeezia College of Dental Science, Meyyannoor, Kollam",BDS,SM,13,mbbs_p3_final.pdf
2025,3,5564,24937,LA,SM,IGD,"Indira Gandhi Institute of Dental Sciences, Kothamangalam",BDS,SM,49,mbbs_p3_final.pdf
2025,3,5565,24969,MU,NR,KEM,"Kerala Medical College, Palakkad",MBBS,NR,3,mbbs_p3_final.pdf
2025,3,5566,24970,General,NC,PMC,"Pushpagiri Institute of Medical Science, Thiruvalla",MBBS,NC,1,mbbs_p3_final.pdf
2025,3,5567,24977,MU,MM,AZD,"Azeezia College of Dental Science, Meyyannoor, Kollam",BDS,MM,1,mbbs_p3_final.pdf
2025,3,5568,24980,SC,SM,AAD,"Al Azhar Dental College, Thodupuzha",BDS,SM,42,mbbs_p3_final.pdf
2025,3,5569,24985,MU,SM,MLD,"Malabar Dental College, Edappal",BDS,SM,1,mbbs_p3_final.pdf
2025,3,5570,24999,General,NR,MZM,"Mount Zion Medical College, Pathanamthitta",MBBS,NR,28,mbbs_p3_final.pdf
2025,3,5571,25008,DV,SM,AZD,"Azeezia College of Dental Science, Meyyannoor, Kollam",BDS,SM,36,mbbs_p3_final.pdf
2025,3,5572,25032,BH,SM,PSD,"PSM College of Dental Sciences, Thrissur",BDS,SM,45,mbbs_p3_final.pdf
2025,3,5573,25063,BX,SM,AAD,"Al Azhar Dental College, Thodupuzha",BDS,SM,43,mbbs_p3_final.pdf
2025,3,5574,25095,SC,SM,EID,"Educare Institute of Dental Sciences, Malappuram",BDS,SM,36,mbbs_p3_final.pdf
2025,3,5575,25103,SC,SM,AID,"Sree Anjaneya Institue of Dental Scinces, Atholi, Kozhikode",BDS,SM,42,mbbs_p3_final.pdf
2025,3,5576,25110,ST,ST,DMM,"Dr. Moopens Medical College, Meppadi, Wayanad",MBBS,ST,1,mbbs_p3_final.pdf
2025,3,5577,25120,General,NR,SIM,"Sree Narayana Institute of Medical Sciences, Chalakka, Ernakulam.",MBBS,NR,1,mbbs_p3_final.pdf
2025,3,5578,25133,SC,SC,SGD,"St. Gregorios Dental College, Chelad, Kothamangalam",BDS,SC,46,mbbs_p3_final.pdf
2025,3,5579,25144,MU,SM,AID,"Sree Anjaneya Institue of Dental Scinces, Atholi, Kozhikode",BDS,SM,15,mbbs_p3_final.pdf
2025,3,5580,25154,General,SM,AAD,"Al Azhar Dental College, Thodupuzha",BDS,SM,1,mbbs_p3_final.pdf
2025,3,5581,25183,General,NR,GMC,"Sree Gokulam Medical College, Venjaramoodu, TVPM",MBBS,NR,1,mbbs_p3_final.pdf
2025,3,5582,25214,SC,SM,AAD,"Al Azhar Dental College, Thodupuzha",BDS,SM,26,mbbs_p3_final.pdf
2025,3,5583,25223,General,NC,MMC,"Malankara Orthodox Syrian Church MediCollege, Kolenchery",MBBS,NC,1,mbbs_p3_final.pdf
2025,3,5584,25225,General,NR,EMC,"MES Medical College, Perinthalmanna, Malappuram",MBBS,NR,24,mbbs_p3_final.pdf
2025,3,5585,25235,MU,SM,KAD,"Kannur Dental College, Anjarakandy, Kannur",BDS,SM,19,mbbs_p3_final.pdf
2025,3,5586,25246,BX,NR,SMC,"Dr. Somervell Memorial CSI Medical College, Karakonam",MBBS,NR,43,mbbs_p3_final.pdf
2025,3,5587,25251,MU,PD,KKM,"Govt. Medical College, Kozhikkode",MBBS,PD,1,mbbs_p3_final.pdf
2025,3,5588,25269,BX,SM,NID,"Noorul Islam College of Dental Science, Neyyattinkara",BDS,SM,43,mbbs_p3_final.pdf
2025,3,5589,25284,General,NC,PMC,"Pushpagiri Institute of Medical Science, Thiruvalla",MBBS,NC,1,mbbs_p3_final.pdf
2025,3,5590,25300,MU,SM,AZD,"Azeezia College of Dental Science, Meyyannoor, Kollam",BDS,SM,8,mbbs_p3_final.pdf
2025,3,5591,25310,BH,SM,AID,"Sree Anjaneya Institue of Dental Scinces, Atholi, Kozhikode",BDS,SM,37,mbbs_p3_final.pdf
2025,3,5592,25327,SC,SC,MED,"MES Dental College, Perinthalmanna",BDS,SC,45,mbbs_p3_final.pdf
2025,3,5593,25332,SC,SC,MED,"MES Dental College, Perinthalmanna",BDS,SC,46,mbbs_p3_final.pdf
2025,3,5594,25338,General,NR,SUC,"SUT Accademy of Medical Sciences, Thiruvananthapuram",MBBS,NR,1,mbbs_p3_final.pdf
2025,3,5595,25347,SC,SM,IGD,"Indira Gandhi Institute of Dental Sciences, Kothamangalam",BDS,SM,22,mbbs_p3_final.pdf
2025,3,5596,25371,BH,SM,RDC,"Royal Dental College, Chalisery, Palakkad",BDS,SM,43,mbbs_p3_final.pdf
2025,3,5597,25380,VK,VK,PSD,"PSM College of Dental Sciences, Thrissur",BDS,VK,1,mbbs_p3_final.pdf
2025,3,5598,25392,SC,SM,SVD,"Sri Sankara Dental College, Akathumuri, Varkala",BDS,SM,4,mbbs_p3_final.pdf
2025,3,5599,25414,MU,MM,TRD,"Travancore DentalCollege, Kollam",BDS,MM,1,mbbs_p3_final.pdf
2025,3,5600,25421,ST,ST,WYM,"Govt. Medical College, Wayanad",MBBS,ST,12,mbbs_p3_final.pdf
2025,3,5601,25429,MU,SM,AID,"Sree Anjaneya Institue of Dental Scinces, Atholi, Kozhikode",BDS,SM,6,mbbs_p3_final.pdf
2025,3,5602,25448,SC,SM,SVD,"Sri Sankara Dental College, Akathumuri, Varkala",BDS,SM,38,mbbs_p3_final.pdf
2025,3,5603,25451,BH,SM,MLD,"Malabar Dental College, Edappal",BDS,SM,3,mbbs_p3_final.pdf
2025,3,5604,25472,MU,MM,TRD,"Travancore DentalCollege, Kollam",BDS,MM,5,mbbs_p3_final.pdf
2025,3,5605,25507,KN,SM,EID,"Educare Institute of Dental Sciences, Malappuram",BDS,SM,1,mbbs_p3_final.pdf
2025,3,5606,25509,BX,NR,SMC,"Dr. Somervell Memorial CSI Medical College, Karakonam",MBBS,NR,17,mbbs_p3_final.pdf
2025,3,5607,25517,General,NR,SUC,"SUT Accademy of Medical Sciences, Thiruvananthapuram",MBBS,NR,1,mbbs_p3_final.pdf
2025,3,5608,25522,SC,SM,KAD,"Kannur Dental College, Anjarakandy, Kannur",BDS,SM,1,mbbs_p3_final.pdf
2025,3,5609,25523,General,NR,PMD,"Pushpagiri College of Dental Science, Thiruvalla",BDS,NR,1,mbbs_p3_final.pdf
2025,3,5610,25535,MU,PD,MLP,"Govt. Medical College, Manjeri",MBBS,PD,2,mbbs_p3_final.pdf
2025,3,5611,25541,SC,SM,AID,"Sree Anjaneya Institue of Dental Scinces, Atholi, Kozhikode",BDS,SM,4,mbbs_p3_final.pdf
2025,3,5612,25543,KU,KU,KND,"Government Dental College, Kannur",BDS,KU,1,mbbs_p3_final.pdf
2025,3,5613,25557,LA,SM,NID,"Noorul Islam College of Dental Science, Neyyattinkara",BDS,SM,38,mbbs_p3_final.pdf
2025,3,5614,25558,LA,SM,KAD,"Kannur Dental College, Anjarakandy, Kannur",BDS,SM,7,mbbs_p3_final.pdf
2025,3,5615,25574,LA,SM,IGD,"Indira Gandhi Institute of Dental Sciences, Kothamangalam",BDS,SM,31,mbbs_p3_final.pdf
2025,3,5616,25579,EZ,EZ,MED,"MES Dental College, Perinthalmanna",BDS,EZ,15,mbbs_p3_final.pdf
2025,3,5617,25600,EZ,EZ,PSD,"PSM College of Dental Sciences, Thrissur",BDS,EZ,9,mbbs_p3_final.pdf
2025,3,5618,25601,ST,ST,EMC,"MES Medical College, Perinthalmanna, Malappuram",MBBS,ST,14,mbbs_p3_final.pdf
2025,3,5619,25620,SC,SC,MED,"MES Dental College, Perinthalmanna",BDS,SC,43,mbbs_p3_final.pdf
2025,3,5620,25621,General,SM,AZD,"Azeezia College of Dental Science, Meyyannoor, Kollam",BDS,SM,37,mbbs_p3_final.pdf
2025,3,5621,25626,EW,SM,AAD,"Al Azhar Dental College, Thodupuzha",BDS,SM,28,mbbs_p3_final.pdf
2025,3,5622,25643,MU,SM,AZD,"Azeezia College of Dental Science, Meyyannoor, Kollam",BDS,SM,55,mbbs_p3_final.pdf
2025,3,5623,25658,General,NC,PMC,"Pushpagiri Institute of Medical Science, Thiruvalla",MBBS,NC,1,mbbs_p3_final.pdf
2025,3,5624,25662,LA,NR,SMC,"Dr. Somervell Memorial CSI Medical College, Karakonam",MBBS,NR,1,mbbs_p3_final.pdf
2025,3,5625,25666,DV,DV,MED,"MES Dental College, Perinthalmanna",BDS,DV,1,mbbs_p3_final.pdf
2025,3,5626,25683,VK,SM,NID,"Noorul Islam College of Dental Science, Neyyattinkara",BDS,SM,38,mbbs_p3_final.pdf
2025,3,5627,25695,SC,SM,KAD,"Kannur Dental College, Anjarakandy, Kannur",BDS,SM,19,mbbs_p3_final.pdf
2025,3,5628,25719,MU,MM,EID,"Educare Institute of Dental Sciences, Malappuram",BDS,MM,9,mbbs_p3_final.pdf
2025,3,5629,25739,MU,SM,AAD,"Al Azhar Dental College, Thodupuzha",BDS,SM,1,mbbs_p3_final.pdf
2025,3,5630,25766,BH,SM,AZD,"Azeezia College of Dental Science, Meyyannoor, Kollam",BDS,SM,8,mbbs_p3_final.pdf
2025,3,5631,25795,General,NC,MMC,"Malankara Orthodox Syrian Church MediCollege, Kolenchery",MBBS,NC,3,mbbs_p3_final.pdf
2025,3,5632,25814,VK,SM,IGD,"Indira Gandhi Institute of Dental Sciences, Kothamangalam",BDS,SM,44,mbbs_p3_final.pdf
2025,3,5633,25820,BH,SM,AAD,"Al Azhar Dental College, Thodupuzha",BDS,SM,36,mbbs_p3_final.pdf
2025,3,5634,25822,General,SM,AAD,"Al Azhar Dental College, Thodupuzha",BDS,SM,28,mbbs_p3_final.pdf
2025,3,5635,25827,General,NR,MMH,"Malabar Medical College Hospital, Kozhikkode",MBBS,NR,1,mbbs_p3_final.pdf
2025,3,5636,25833,ST,ST,AAM,"Al Azhar Medical college, Thodupuzha",MBBS,ST,11,mbbs_p3_final.pdf
2025,3,5637,25834,KU,KU,AAM,"Al Azhar Medical college, Thodupuzha",MBBS,KU,9,mbbs_p3_final.pdf
2025,3,5638,25835,MU,MU,TRD,"Travancore DentalCollege, Kollam",BDS,MU,21,mbbs_p3_final.pdf
2025,3,5639,25839,ST,ST,GMC,"Sree Gokulam Medical College, Venjaramoodu, TVPM",MBBS,ST,1,mbbs_p3_final.pdf
2025,3,5640,25844,SC,SM,AID,"Sree Anjaneya Institue of Dental Scinces, Atholi, Kozhikode",BDS,SM,34,mbbs_p3_final.pdf
2025,3,5641,25845,KU,KU,MZM,"Mount Zion Medical College, Pathanamthitta",MBBS,KU,24,mbbs_p3_final.pdf
2025,3,5642,25856,SC,PD,TVM,"Govt. Medical College, Thiruvananthapuram",MBBS,PD,1,mbbs_p3_final.pdf
2025,3,5643,25871,General,PD,KTM,"Govt. Medical College, Kottayam",MBBS,PD,1,mbbs_p3_final.pdf
2025,3,5644,25886,SC,SM,RDC,"Royal Dental College, Chalisery, Palakkad",BDS,SM,36,mbbs_p3_final.pdf
2025,3,5645,25904,SC,SM,RDC,"Royal Dental College, Chalisery, Palakkad",BDS,SM,23,mbbs_p3_final.pdf
2025,3,5646,25907,EW,SM,NID,"Noorul Islam College of Dental Science, Neyyattinkara",BDS,SM,8,mbbs_p3_final.pdf
2025,3,5647,25915,SC,SM,MLD,"Malabar Dental College, Edappal",BDS,SM,42,mbbs_p3_final.pdf
2025,3,5648,25946,General,SM,KAD,"Kannur Dental College, Anjarakandy, Kannur",BDS,SM,39,mbbs_p3_final.pdf
2025,3,5649,25954,MU,SM,AZD,"Azeezia College of Dental Science, Meyyannoor, Kollam",BDS,SM,23,mbbs_p3_final.pdf
2025,3,5650,25956,BH,SM,AAD,"Al Azhar Dental College, Thodupuzha",BDS,SM,1,mbbs_p3_final.pdf
2025,3,5651,25958,MU,NR,TRM,"Travancore Medical College, Umayanalloor, Kollam",MBBS,NR,1,mbbs_p3_final.pdf
2025,3,5652,25990,DV,DV,SGD,"St. Gregorios Dental College, Chelad, Kothamangalam",BDS,DV,44,mbbs_p3_final.pdf
2025,3,5653,26025,KU,KU,DMM,"Dr. Moopens Medical College, Meppadi, Wayanad",MBBS,KU,20,mbbs_p3_final.pdf
2025,3,5654,26041,General,NC,PMC,"Pushpagiri Institute of Medical Science, Thiruvalla",MBBS,NC,1,mbbs_p3_final.pdf
2025,3,5655,26042,ST,ST,GMC,"Sree Gokulam Medical College, Venjaramoodu, TVPM",MBBS,ST,1,mbbs_p3_final.pdf
2025,3,5656,26062,MU,MM,PMS,"PMS College of Dental Sciences, Vattappara, TVPM",BDS,MM,36,mbbs_p3_final.pdf
2025,3,5657,26076,MU,MM,EID,"Educare Institute of Dental Sciences, Malappuram",BDS,MM,1,mbbs_p3_final.pdf
2025,3,5658,26090,EW,EW,KMD,"KMCT Dental College, Mambatta, Mukkam, Kozhikode",BDS,EW,42,mbbs_p3_final.pdf
2025,3,5659,26092,MU,MM,EID,"Educare Institute of Dental Sciences, Malappuram",BDS,MM,49,mbbs_p3_final.pdf
2025,3,5660,26113,General,SM,IGD,"Indira Gandhi Institute of Dental Sciences, Kothamangalam",BDS,SM,46,mbbs_p3_final.pdf
2025,3,5661,26169,ST,ST,SUC,"SUT Accademy of Medical Sciences, Thiruvananthapuram",MBBS,ST,8,mbbs_p3_final.pdf
2025,3,5662,26173,SC,SM,AZD,"Azeezia College of Dental Science, Meyyannoor, Kollam",BDS,SM,42,mbbs_p3_final.pdf
2025,3,5663,26186,MU,MU,PSD,"PSM College of Dental Sciences, Thrissur",BDS,MU,9,mbbs_p3_final.pdf
2025,3,5664,26187,ST,ST,PMC,"Pushpagiri Institute of Medical Science, Thiruvalla",MBBS,ST,1,mbbs_p3_final.pdf
2025,3,5665,26189,General,SM,AID,"Sree Anjaneya Institue of Dental Scinces, Atholi, Kozhikode",BDS,SM,1,mbbs_p3_final.pdf
2025,3,5666,26200,MU,NR,KCM,"KMCT Medical College, Mukkom, Kozikkode",MBBS,NR,1,mbbs_p3_final.pdf
2025,3,5667,26270,SC,SM,IGD,"Indira Gandhi Institute of Dental Sciences, Kothamangalam",BDS,SM,42,mbbs_p3_final.pdf
2025,3,5668,26271,VK,SM,MLD,"Malabar Dental College, Edappal",BDS,SM,37,mbbs_p3_final.pdf
2025,3,5669,26273,General,SM,AZD,"Azeezia College of Dental Science, Meyyannoor, Kollam",BDS,SM,8,mbbs_p3_final.pdf
2025,3,5670,26274,ST,ST,MMH,"Malabar Medical College Hospital, Kozhikkode",MBBS,ST,1,mbbs_p3_final.pdf
2025,3,5671,26290,General,NR,TRM,"Travancore Medical College, Umayanalloor, Kollam",MBBS,NR,1,mbbs_p3_final.pdf
2025,3,5672,26291,SC,SC,MED,"MES Dental College, Perinthalmanna",BDS,SC,41,mbbs_p3_final.pdf
2025,3,5673,26296,MU,SM,AID,"Sree Anjaneya Institue of Dental Scinces, Atholi, Kozhikode",BDS,SM,20,mbbs_p3_final.pdf
2025,3,5674,26298,DV,SM,IGD,"Indira Gandhi Institute of Dental Sciences, Kothamangalam",BDS,SM,27,mbbs_p3_final.pdf
2025,3,5675,26320,VK,SM,AAD,"Al Azhar Dental College, Thodupuzha",BDS,SM,44,mbbs_p3_final.pdf
2025,3,5676,26331,MU,NR,KDM,"P K Das Institute of Medical Sciences, Ottapalam",MBBS,NR,1,mbbs_p3_final.pdf
2025,3,5677,26340,MU,NR,KCM,"KMCT Medical College, Mukkom, Kozikkode",MBBS,NR,30,mbbs_p3_final.pdf
2025,3,5678,26342,General,SM,IGD,"Indira Gandhi Institute of Dental Sciences, Kothamangalam",BDS,SM,41,mbbs_p3_final.pdf
2025,3,5679,26352,EZ,SM,MLD,"Malabar Dental College, Edappal",BDS,SM,24,mbbs_p3_final.pdf
2025,3,5680,26353,LA,SM,AZD,"Azeezia College of Dental Science, Meyyannoor, Kollam",BDS,SM,53,mbbs_p3_final.pdf
2025,3,5681,26365,General,NR,MMH,"Malabar Medical College Hospital, Kozhikkode",MBBS,NR,1,mbbs_p3_final.pdf
2025,3,5682,26388,General,NR,GMC,"Sree Gokulam Medical College, Venjaramoodu, TVPM",MBBS,NR,1,mbbs_p3_final.pdf
2025,3,5683,26391,MU,MM,PMS,"PMS College of Dental Sciences, Vattappara, TVPM",BDS,MM,1,mbbs_p3_final.pdf
2025,3,5684,26397,KN,KN,PSD,"PSM College of Dental Sciences, Thrissur",BDS,KN,40,mbbs_p3_final.pdf
2025,3,5685,26402,DV,SM,IGD,"Indira Gandhi Institute of Dental Sciences, Kothamangalam",BDS,SM,5,mbbs_p3_final.pdf
2025,3,5686,26403,General,SM,MLD,"Malabar Dental College, Edappal",BDS,SM,1,mbbs_p3_final.pdf
2025,3,5687,26419,EZ,SM,AID,"Sree Anjaneya Institue of Dental Scinces, Atholi, Kozhikode",BDS,SM,1,mbbs_p3_final.pdf
2025,3,5688,26431,SC,SM,IGD,"Indira Gandhi Institute of Dental Sciences, Kothamangalam",BDS,SM,28,mbbs_p3_final.pdf
2025,3,5689,26464,LA,PD,TCM,"Govt. Medical College, Thrissur",MBBS,PD,1,mbbs_p3_final.pdf
2025,3,5690,26470,General,NC,PMC,"Pushpagiri Institute of Medical Science, Thiruvalla",MBBS,NC,30,mbbs_p3_final.pdf
2025,3,5691,26474,General,PD,KTM,"Govt. Medical College, Kottayam",MBBS,PD,1,mbbs_p3_final.pdf
2025,3,5692,26489,MU,MM,TRD,"Travancore DentalCollege, Kollam",BDS,MM,21,mbbs_p3_final.pdf
2025,3,5693,26493,General,SM,NID,"Noorul Islam College of Dental Science, Neyyattinkara",BDS,SM,10,mbbs_p3_final.pdf
2025,3,5694,26495,EW,EW,PSD,"PSM College of Dental Sciences, Thrissur",BDS,EW,1,mbbs_p3_final.pdf
2025,3,5695,26501,EZ,NR,GMC,"Sree Gokulam Medical College, Venjaramoodu, TVPM",MBBS,NR,1,mbbs_p3_final.pdf
2025,3,5696,26524,General,SM,KAD,"Kannur Dental College, Anjarakandy, Kannur",BDS,SM,42,mbbs_p3_final.pdf
2025,3,5697,26530,KU,KU,KTD,"Govt. Dental College, Kottayam",BDS,KU,36,mbbs_p3_final.pdf
2025,3,5698,26560,General,SM,AAD,"Al Azhar Dental College, Thodupuzha",BDS,SM,49,mbbs_p3_final.pdf
2025,3,5699,26583,BH,SM,AAD,"Al Azhar Dental College, Thodupuzha",BDS,SM,47,mbbs_p3_final.pdf
2025,3,5700,26586,DV,DV,KMD,"KMCT Dental College, Mambatta, Mukkam, Kozhikode",BDS,DV,44,mbbs_p3_final.pdf
2025,3,5701,26590,SC,SC,MED,"MES Dental College, Perinthalmanna",BDS,SC,43,mbbs_p3_final.pdf
2025,3,5702,26606,VK,VK,TRD,"Travancore DentalCollege, Kollam",BDS,VK,21,mbbs_p3_final.pdf
2025,3,5703,26609,General,SM,EID,"Educare Institute of Dental Sciences, Malappuram",BDS,SM,25,mbbs_p3_final.pdf
2025,3,5704,26620,General,SM,EID,"Educare Institute of Dental Sciences, Malappuram",BDS,SM,47,mbbs_p3_final.pdf
2025,3,5705,26629,MU,NR,EMC,"MES Medical College, Perinthalmanna, Malappuram",MBBS,NR,9,mbbs_p3_final.pdf
2025,3,5706,26632,MU,SM,MLD,"Malabar Dental College, Edappal",BDS,SM,21,mbbs_p3_final.pdf
2025,3,5707,26645,MU,SM,AAD,"Al Azhar Dental College, Thodupuzha",BDS,SM,3,mbbs_p3_final.pdf
2025,3,5708,26678,ST,ST,SMC,"Dr. Somervell Memorial CSI Medical College, Karakonam",MBBS,ST,14,mbbs_p3_final.pdf
2025,3,5709,26680,MU,SM,IGD,"Indira Gandhi Institute of Dental Sciences, Kothamangalam",BDS,SM,3,mbbs_p3_final.pdf
2025,3,5710,26684,SC,SM,KAD,"Kannur Dental College, Anjarakandy, Kannur",BDS,SM,24,mbbs_p3_final.pdf
2025,3,5711,26687,MU,SM,EID,"Educare Institute of Dental Sciences, Malappuram",BDS,SM,1,mbbs_p3_final.pdf
2025,3,5712,26688,General,SM,AAD,"Al Azhar Dental College, Thodupuzha",BDS,SM,9,mbbs_p3_final.pdf
2025,3,5713,26715,BH,SM,IGD,"Indira Gandhi Institute of Dental Sciences, Kothamangalam",BDS,SM,10,mbbs_p3_final.pdf
2025,3,5714,26721,General,SM,RDC,"Royal Dental College, Chalisery, Palakkad",BDS,SM,3,mbbs_p3_final.pdf
2025,3,5715,26763,MU,SM,RDC,"Royal Dental College, Chalisery, Palakkad",BDS,SM,7,mbbs_p3_final.pdf
2025,3,5716,26770,MU,SM,MLD,"Malabar Dental College, Edappal",BDS,SM,1,mbbs_p3_final.pdf
2025,3,5717,26789,DV,SM,AAD,"Al Azhar Dental College, Thodupuzha",BDS,SM,1,mbbs_p3_final.pdf
2025,3,5718,26794,General,SM,AAD,"Al Azhar Dental College, Thodupuzha",BDS,SM,9,mbbs_p3_final.pdf
2025,3,5719,26795,General,SM,MLD,"Malabar Dental College, Edappal",BDS,SM,36,mbbs_p3_final.pdf
2025,3,5720,26813,EZ,SM,AZD,"Azeezia College of Dental Science, Meyyannoor, Kollam",BDS,SM,8,mbbs_p3_final.pdf
2025,3,5721,26825,BH,SM,SVD,"Sri Sankara Dental College, Akathumuri, Varkala",BDS,SM,37,mbbs_p3_final.pdf
2025,3,5722,26831,MU,SM,AID,"Sree Anjaneya Institue of Dental Scinces, Atholi, Kozhikode",BDS,SM,3,mbbs_p3_final.pdf
2025,3,5723,26857,ST,ST,KCM,"KMCT Medical College, Mukkom, Kozikkode",MBBS,ST,17,mbbs_p3_final.pdf
2025,3,5724,26878,EZ,SM,MLD,"Malabar Dental College, Edappal",BDS,SM,21,mbbs_p3_final.pdf
2025,3,5725,26891,MU,MM,PMS,"PMS College of Dental Sciences, Vattappara, TVPM",BDS,MM,39,mbbs_p3_final.pdf
2025,3,5726,26902,DV,SM,RDC,"Royal Dental College, Chalisery, Palakkad",BDS,SM,19,mbbs_p3_final.pdf
2025,3,5727,26903,General,SM,SVD,"Sri Sankara Dental College, Akathumuri, Varkala",BDS,SM,1,mbbs_p3_final.pdf
2025,3,5728,26912,MU,MU,SGD,"St. Gregorios Dental College, Chelad, Kothamangalam",BDS,MU,9,mbbs_p3_final.pdf
2025,3,5729,26919,KN,SM,AZD,"Azeezia College of Dental Science, Meyyannoor, Kollam",BDS,SM,41,mbbs_p3_final.pdf
2025,3,5730,26921,MU,NR,EMC,"MES Medical College, Perinthalmanna, Malappuram",MBBS,NR,43,mbbs_p3_final.pdf
2025,3,5731,26922,General,SM,EID,"Educare Institute of Dental Sciences, Malappuram",BDS,SM,5,mbbs_p3_final.pdf
2025,3,5732,26934,General,SM,RDC,"Royal Dental College, Chalisery, Palakkad",BDS,SM,9,mbbs_p3_final.pdf
2025,3,5733,26943,General,SM,AAD,"Al Azhar Dental College, Thodupuzha",BDS,SM,10,mbbs_p3_final.pdf
2025,3,5734,26944,MU,NR,KCM,"KMCT Medical College, Mukkom, Kozikkode",MBBS,NR,3,mbbs_p3_final.pdf
2025,3,5735,26948,BH,SM,RDC,"Royal Dental College, Chalisery, Palakkad",BDS,SM,10,mbbs_p3_final.pdf
2025,3,5736,26963,DV,SM,MLD,"Malabar Dental College, Edappal",BDS,SM,41,mbbs_p3_final.pdf
2025,3,5737,26974,General,SM,RDC,"Royal Dental College, Chalisery, Palakkad",BDS,SM,8,mbbs_p3_final.pdf
2025,3,5738,26980,SC,SC,PSD,"PSM College of Dental Sciences, Thrissur",BDS,SC,38,mbbs_p3_final.pdf
2025,3,5739,27021,MU,SM,SVD,"Sri Sankara Dental College, Akathumuri, Varkala",BDS,SM,3,mbbs_p3_final.pdf
2025,3,5740,27025,SC,SM,RDC,"Royal Dental College, Chalisery, Palakkad",BDS,SM,44,mbbs_p3_final.pdf
2025,3,5741,27028,DV,SM,AID,"Sree Anjaneya Institue of Dental Scinces, Atholi, Kozhikode",BDS,SM,45,mbbs_p3_final.pdf
2025,3,5742,27058,KN,SM,IGD,"Indira Gandhi Institute of Dental Sciences, Kothamangalam",BDS,SM,45,mbbs_p3_final.pdf
2025,3,5743,27062,General,NR,KCM,"KMCT Medical College, Mukkom, Kozikkode",MBBS,NR,5,mbbs_p3_final.pdf
2025,3,5744,27064,MU,MM,TRD,"Travancore DentalCollege, Kollam",BDS,MM,35,mbbs_p3_final.pdf
2025,3,5745,27066,BH,SM,IGD,"Indira Gandhi Institute of Dental Sciences, Kothamangalam",BDS,SM,48,mbbs_p3_final.pdf
2025,3,5746,27070,MU,SM,AID,"Sree Anjaneya Institue of Dental Scinces, Atholi, Kozhikode",BDS,SM,49,mbbs_p3_final.pdf
2025,3,5747,27074,MU,NR,KCM,"KMCT Medical College, Mukkom, Kozikkode",MBBS,NR,43,mbbs_p3_final.pdf
2025,3,5748,27090,BH,SM,MLD,"Malabar Dental College, Edappal",BDS,SM,5,mbbs_p3_final.pdf
2025,3,5749,27093,General,SM,RDC,"Royal Dental College, Chalisery, Palakkad",BDS,SM,22,mbbs_p3_final.pdf
2025,3,5750,27095,BH,BH,NID,"Noorul Islam College of Dental Science, Neyyattinkara",BDS,BH,30,mbbs_p3_final.pdf
2025,3,5751,27101,BX,BX,NID,"Noorul Islam College of Dental Science, Neyyattinkara",BDS,BX,1,mbbs_p3_final.pdf
2025,3,5752,27104,EZ,SM,EID,"Educare Institute of Dental Sciences, Malappuram",BDS,SM,4,mbbs_p3_final.pdf
2025,3,5753,27114,EZ,SM,SVD,"Sri Sankara Dental College, Akathumuri, Varkala",BDS,SM,10,mbbs_p3_final.pdf
2025,3,5754,27120,SC,SM,AAD,"Al Azhar Dental College, Thodupuzha",BDS,SM,2,mbbs_p3_final.pdf
2025,3,5755,27132,General,NR,MMH,"Malabar Medical College Hospital, Kozhikkode",MBBS,NR,1,mbbs_p3_final.pdf
2025,3,5756,27136,General,NC,PMC,"Pushpagiri Institute of Medical Science, Thiruvalla",MBBS,NC,43,mbbs_p3_final.pdf
2025,3,5757,27141,SC,SM,RDC,"Royal Dental College, Chalisery, Palakkad",BDS,SM,36,mbbs_p3_final.pdf
2025,3,5758,27163,BH,SM,MLD,"Malabar Dental College, Edappal",BDS,SM,4,mbbs_p3_final.pdf
2025,3,5759,27180,MU,NR,EMC,"MES Medical College, Perinthalmanna, Malappuram",MBBS,NR,1,mbbs_p3_final.pdf
2025,3,5760,27183,SC,SC,PSD,"PSM College of Dental Sciences, Thrissur",BDS,SC,42,mbbs_p3_final.pdf
2025,3,5761,27208,LA,SM,SVD,"Sri Sankara Dental College, Akathumuri, Varkala",BDS,SM,46,mbbs_p3_final.pdf
2025,3,5762,27230,MU,SM,AAD,"Al Azhar Dental College, Thodupuzha",BDS,SM,3,mbbs_p3_final.pdf
2025,3,5763,27232,MU,SM,IGD,"Indira Gandhi Institute of Dental Sciences, Kothamangalam",BDS,SM,45,mbbs_p3_final.pdf
2025,3,5764,27237,KU,KU,PSD,"PSM College of Dental Sciences, Thrissur",BDS,KU,42,mbbs_p3_final.pdf
2025,3,5765,27239,MU,NR,TRM,"Travancore Medical College, Umayanalloor, Kollam",MBBS,NR,43,mbbs_p3_final.pdf
2025,3,5766,27240,MU,NR,EMC,"MES Medical College, Perinthalmanna, Malappuram",MBBS,NR,39,mbbs_p3_final.pdf
2025,3,5767,27251,General,NR,SMC,"Dr. Somervell Memorial CSI Medical College, Karakonam",MBBS,NR,15,mbbs_p3_final.pdf
2025,3,5768,27260,LA,LA,KMD,"KMCT Dental College, Mambatta, Mukkam, Kozhikode",BDS,LA,43,mbbs_p3_final.pdf
2025,3,5769,27272,General,SM,AZD,"Azeezia College of Dental Science, Meyyannoor, Kollam",BDS,SM,1,mbbs_p3_final.pdf
2025,3,5770,27282,General,SM,RDC,"Royal Dental College, Chalisery, Palakkad",BDS,SM,47,mbbs_p3_final.pdf
2025,3,5771,27294,MU,SM,MLD,"Malabar Dental College, Edappal",BDS,SM,12,mbbs_p3_final.pdf
2025,3,5772,27310,BH,SM,AZD,"Azeezia College of Dental Science, Meyyannoor, Kollam",BDS,SM,41,mbbs_p3_final.pdf
2025,3,5773,27319,MU,SM,EID,"Educare Institute of Dental Sciences, Malappuram",BDS,SM,19,mbbs_p3_final.pdf
2025,3,5774,27321,BH,SM,AID,"Sree Anjaneya Institue of Dental Scinces, Atholi, Kozhikode",BDS,SM,42,mbbs_p3_final.pdf
2025,3,5775,27341,ST,ST,SUC,"SUT Accademy of Medical Sciences, Thiruvananthapuram",MBBS,ST,14,mbbs_p3_final.pdf
2025,3,5776,27346,SC,SM,AID,"Sree Anjaneya Institue of Dental Scinces, Atholi, Kozhikode",BDS,SM,6,mbbs_p3_final.pdf
2025,3,5777,27353,DV,DV,PSD,"PSM College of Dental Sciences, Thrissur",BDS,DV,43,mbbs_p3_final.pdf
2025,3,5778,27364,MU,MU,PSD,"PSM College of Dental Sciences, Thrissur",BDS,MU,1,mbbs_p3_final.pdf
2025,3,5779,27371,BX,SM,IGD,"Indira Gandhi Institute of Dental Sciences, Kothamangalam",BDS,SM,54,mbbs_p3_final.pdf
2025,3,5780,27375,General,NR,MMH,"Malabar Medical College Hospital, Kozhikkode",MBBS,NR,26,mbbs_p3_final.pdf
2025,3,5781,27400,DV,SM,MLD,"Malabar Dental College, Edappal",BDS,SM,2,mbbs_p3_final.pdf
2025,3,5782,27405,ST,ST,AAM,"Al Azhar Medical college, Thodupuzha",MBBS,ST,9,mbbs_p3_final.pdf
2025,3,5783,27408,MU,MU,RDC,"Royal Dental College, Chalisery, Palakkad",BDS,MU,23,mbbs_p3_final.pdf
2025,3,5784,27410,LA,SM,EID,"Educare Institute of Dental Sciences, Malappuram",BDS,SM,42,mbbs_p3_final.pdf
2025,3,5785,27419,EZ,NR,GMC,"Sree Gokulam Medical College, Venjaramoodu, TVPM",MBBS,NR,1,mbbs_p3_final.pdf
2025,3,5786,27421,General,NR,KCM,"KMCT Medical College, Mukkom, Kozikkode",MBBS,NR,7,mbbs_p3_final.pdf
2025,3,5787,27426,SC,SC,IGD,"Indira Gandhi Institute of Dental Sciences, Kothamangalam",BDS,SC,47,mbbs_p3_final.pdf
2025,3,5788,27431,LA,NR,SMC,"Dr. Somervell Memorial CSI Medical College, Karakonam",MBBS,NR,1,mbbs_p3_final.pdf
2025,3,5789,27432,General,NR,KEM,"Kerala Medical College, Palakkad",MBBS,NR,4,mbbs_p3_final.pdf
2025,3,5790,27434,General,NR,KDM,"P K Das Institute of Medical Sciences, Ottapalam",MBBS,NR,6,mbbs_p3_final.pdf
2025,3,5791,27462,LA,LA,NID,"Noorul Islam College of Dental Science, Neyyattinkara",BDS,LA,37,mbbs_p3_final.pdf
2025,3,5792,27477,MU,NR,KCM,"KMCT Medical College, Mukkom, Kozikkode",MBBS,NR,1,mbbs_p3_final.pdf
2025,3,5793,27481,SC,SM,AZD,"Azeezia College of Dental Science, Meyyannoor, Kollam",BDS,SM,34,mbbs_p3_final.pdf
2025,3,5794,27484,SC,SC,MED,"MES Dental College, Perinthalmanna",BDS,SC,43,mbbs_p3_final.pdf
2025,3,5795,27493,SC,SM,EID,"Educare Institute of Dental Sciences, Malappuram",BDS,SM,30,mbbs_p3_final.pdf
2025,3,5796,27494,EZ,SM,KAD,"Kannur Dental College, Anjarakandy, Kannur",BDS,SM,31,mbbs_p3_final.pdf
2025,3,5797,27510,BH,NR,SIM,"Sree Narayana Institute of Medical Sciences, Chalakka, Ernakulam.",MBBS,NR,1,mbbs_p3_final.pdf
2025,3,5798,27543,BH,SM,MLD,"Malabar Dental College, Edappal",BDS,SM,47,mbbs_p3_final.pdf
2025,3,5799,27548,MU,MU,NID,"Noorul Islam College of Dental Science, Neyyattinkara",BDS,MU,1,mbbs_p3_final.pdf
2025,3,5800,27585,General,NC,BCM,"Believers Church Medical College Hospital, Thiruvalla",MBBS,NC,12,mbbs_p3_final.pdf
2025,3,5801,27603,LA,LA,PSD,"PSM College of Dental Sciences, Thrissur",BDS,LA,27,mbbs_p3_final.pdf
2025,3,5802,27605,KU,KU,PMS,"PMS College of Dental Sciences, Vattappara, TVPM",BDS,KU,37,mbbs_p3_final.pdf
2025,3,5803,27608,General,NR,MMH,"Malabar Medical College Hospital, Kozhikkode",MBBS,NR,30,mbbs_p3_final.pdf
2025,3,5804,27616,VK,SM,AZD,"Azeezia College of Dental Science, Meyyannoor, Kollam",BDS,SM,1,mbbs_p3_final.pdf
2025,3,5805,27621,EZ,SM,SVD,"Sri Sankara Dental College, Akathumuri, Varkala",BDS,SM,11,mbbs_p3_final.pdf
2025,3,5806,27648,General,NR,SIM,"Sree Narayana Institute of Medical Sciences, Chalakka, Ernakulam.",MBBS,NR,2,mbbs_p3_final.pdf
2025,3,5807,27695,SC,SC,IGD,"Indira Gandhi Institute of Dental Sciences, Kothamangalam",BDS,SC,42,mbbs_p3_final.pdf
2025,3,5808,27698,KU,SM,MLD,"Malabar Dental College, Edappal",BDS,SM,36,mbbs_p3_final.pdf
2025,3,5809,27714,SC,SC,AAD,"Al Azhar Dental College, Thodupuzha",BDS,SC,37,mbbs_p3_final.pdf
2025,3,5810,27729,EW,SM,KAD,"Kannur Dental College, Anjarakandy, Kannur",BDS,SM,21,mbbs_p3_final.pdf
2025,3,5811,27740,DV,DV,PSD,"PSM College of Dental Sciences, Thrissur",BDS,DV,25,mbbs_p3_final.pdf
2025,3,5812,27753,SC,SM,SVD,"Sri Sankara Dental College, Akathumuri, Varkala",BDS,SM,43,mbbs_p3_final.pdf
2025,3,5813,27766,EZ,SM,SVD,"Sri Sankara Dental College, Akathumuri, Varkala",BDS,SM,27,mbbs_p3_final.pdf
2025,3,5814,27795,EZ,EZ,NID,"Noorul Islam College of Dental Science, Neyyattinkara",BDS,EZ,3,mbbs_p3_final.pdf
2025,3,5815,27798,BX,SM,EID,"Educare Institute of Dental Sciences, Malappuram",BDS,SM,42,mbbs_p3_final.pdf
2025,3,5816,27801,ST,ST,SIM,"Sree Narayana Institute of Medical Sciences, Chalakka, Ernakulam.",MBBS,ST,1,mbbs_p3_final.pdf
2025,3,5817,27802,LA,NR,SIM,"Sree Narayana Institute of Medical Sciences, Chalakka, Ernakulam.",MBBS,NR,1,mbbs_p3_final.pdf
2025,3,5818,27807,General,NR,PMD,"Pushpagiri College of Dental Science, Thiruvalla",BDS,NR,6,mbbs_p3_final.pdf
2025,3,5819,27811,General,SM,SVD,"Sri Sankara Dental College, Akathumuri, Varkala",BDS,SM,27,mbbs_p3_final.pdf
2025,3,5820,27823,General,NR,SMC,"Dr. Somervell Memorial CSI Medical College, Karakonam",MBBS,NR,1,mbbs_p3_final.pdf
2025,3,5821,27827,MU,NR,TRM,"Travancore Medical College, Umayanalloor, Kollam",MBBS,NR,26,mbbs_p3_final.pdf
2025,3,5822,27829,EW,EW,ADC,"Annoor Dental College, Puthuppady, Muvattupuzha",BDS,EW,42,mbbs_p3_final.pdf
2025,3,5823,27835,General,SM,EID,"Educare Institute of Dental Sciences, Malappuram",BDS,SM,26,mbbs_p3_final.pdf
2025,3,5824,27857,General,SM,AID,"Sree Anjaneya Institue of Dental Scinces, Atholi, Kozhikode",BDS,SM,10,mbbs_p3_final.pdf
2025,3,5825,27865,MU,NR,MMH,"Malabar Medical College Hospital, Kozhikkode",MBBS,NR,1,mbbs_p3_final.pdf
2025,3,5826,27868,VK,SM,MLD,"Malabar Dental College, Edappal",BDS,SM,1,mbbs_p3_final.pdf
2025,3,5827,27887,SC,SC,IGD,"Indira Gandhi Institute of Dental Sciences, Kothamangalam",BDS,SC,41,mbbs_p3_final.pdf
2025,3,5828,27897,MU,SM,MLD,"Malabar Dental College, Edappal",BDS,SM,1,mbbs_p3_final.pdf
2025,3,5829,27900,General,NR,GMC,"Sree Gokulam Medical College, Venjaramoodu, TVPM",MBBS,NR,17,mbbs_p3_final.pdf
2025,3,5830,27908,General,SM,KAD,"Kannur Dental College, Anjarakandy, Kannur",BDS,SM,5,mbbs_p3_final.pdf
2025,3,5831,27915,General,SM,MLD,"Malabar Dental College, Edappal",BDS,SM,8,mbbs_p3_final.pdf
2025,3,5832,27947,General,NR,SMC,"Dr. Somervell Memorial CSI Medical College, Karakonam",MBBS,NR,1,mbbs_p3_final.pdf
2025,3,5833,27966,LA,SM,EID,"Educare Institute of Dental Sciences, Malappuram",BDS,SM,1,mbbs_p3_final.pdf
2025,3,5834,27969,SC,SC,IGD,"Indira Gandhi Institute of Dental Sciences, Kothamangalam",BDS,SC,45,mbbs_p3_final.pdf
2025,3,5835,27988,SC,SC,AAD,"Al Azhar Dental College, Thodupuzha",BDS,SC,45,mbbs_p3_final.pdf
2025,3,5836,27992,SC,SM,EID,"Educare Institute of Dental Sciences, Malappuram",BDS,SM,1,mbbs_p3_final.pdf
2025,3,5837,28004,SC,SC,NID,"Noorul Islam College of Dental Science, Neyyattinkara",BDS,SC,42,mbbs_p3_final.pdf
2025,3,5838,28020,SC,SM,KAD,"Kannur Dental College, Anjarakandy, Kannur",BDS,SM,42,mbbs_p3_final.pdf
2025,3,5839,28023,MU,MU,AAD,"Al Azhar Dental College, Thodupuzha",BDS,MU,1,mbbs_p3_final.pdf
2025,3,5840,28045,EW,NR,MZM,"Mount Zion Medical College, Pathanamthitta",MBBS,NR,29,mbbs_p3_final.pdf
2025,3,5841,28046,MU,NR,MMH,"Malabar Medical College Hospital, Kozhikkode",MBBS,NR,1,mbbs_p3_final.pdf
2025,3,5842,28049,MU,SM,EID,"Educare Institute of Dental Sciences, Malappuram",BDS,SM,1,mbbs_p3_final.pdf
2025,3,5843,28056,BH,SM,EID,"Educare Institute of Dental Sciences, Malappuram",BDS,SM,9,mbbs_p3_final.pdf
2025,3,5844,28063,MU,MU,AAD,"Al Azhar Dental College, Thodupuzha",BDS,MU,1,mbbs_p3_final.pdf
2025,3,5845,28073,MU,SM,EID,"Educare Institute of Dental Sciences, Malappuram",BDS,SM,1,mbbs_p3_final.pdf
2025,3,5846,28082,ST,ST,SUC,"SUT Accademy of Medical Sciences, Thiruvananthapuram",MBBS,ST,14,mbbs_p3_final.pdf
2025,3,5847,28111,General,NR,MBD,"Mar Baselious Dental College, Kothamangalam",BDS,NR,4,mbbs_p3_final.pdf
2025,3,5848,28112,DV,DV,IGD,"Indira Gandhi Institute of Dental Sciences, Kothamangalam",BDS,DV,1,mbbs_p3_final.pdf
2025,3,5849,28135,SC,SC,NID,"Noorul Islam College of Dental Science, Neyyattinkara",BDS,SC,45,mbbs_p3_final.pdf
2025,3,5850,28143,MU,SM,MLD,"Malabar Dental College, Edappal",BDS,SM,7,mbbs_p3_final.pdf
2025,3,5851,28152,MU,NR,MMH,"Malabar Medical College Hospital, Kozhikkode",MBBS,NR,1,mbbs_p3_final.pdf
2025,3,5852,28165,MU,MU,EID,"Educare Institute of Dental Sciences, Malappuram",BDS,MU,22,mbbs_p3_final.pdf
2025,3,5853,28188,ST,ST,KDM,"P K Das Institute of Medical Sciences, Ottapalam",MBBS,ST,19,mbbs_p3_final.pdf
2025,3,5854,28201,EZ,SM,AID,"Sree Anjaneya Institue of Dental Scinces, Atholi, Kozhikode",BDS,SM,1,mbbs_p3_final.pdf
2025,3,5855,28211,SC,SC,IGD,"Indira Gandhi Institute of Dental Sciences, Kothamangalam",BDS,SC,36,mbbs_p3_final.pdf
2025,3,5856,28213,DV,SM,KAD,"Kannur Dental College, Anjarakandy, Kannur",BDS,SM,29,mbbs_p3_final.pdf
2025,3,5857,28240,SC,SC,EID,"Educare Institute of Dental Sciences, Malappuram",BDS,SC,1,mbbs_p3_final.pdf
2025,3,5858,28263,LA,SM,AZD,"Azeezia College of Dental Science, Meyyannoor, Kollam",BDS,SM,3,mbbs_p3_final.pdf
2025,3,5859,28300,MU,NR,TRM,"Travancore Medical College, Umayanalloor, Kollam",MBBS,NR,1,mbbs_p3_final.pdf
2025,3,5860,28327,MU,MU,AAD,"Al Azhar Dental College, Thodupuzha",BDS,MU,1,mbbs_p3_final.pdf
2025,3,5861,28329,MU,MU,AAD,"Al Azhar Dental College, Thodupuzha",BDS,MU,1,mbbs_p3_final.pdf
2025,3,5862,28336,SC,SC,IGD,"Indira Gandhi Institute of Dental Sciences, Kothamangalam",BDS,SC,1,mbbs_p3_final.pdf
2025,3,5863,28378,General,NR,TRM,"Travancore Medical College, Umayanalloor, Kollam",MBBS,NR,45,mbbs_p3_final.pdf
2025,3,5864,28389,SC,SM,MLD,"Malabar Dental College, Edappal",BDS,SM,3,mbbs_p3_final.pdf
2025,3,5865,28406,General,SM,MLD,"Malabar Dental College, Edappal",BDS,SM,23,mbbs_p3_final.pdf
2025,3,5866,28415,General,NR,SUC,"SUT Accademy of Medical Sciences, Thiruvananthapuram",MBBS,NR,1,mbbs_p3_final.pdf
2025,3,5867,28431,MU,SM,AID,"Sree Anjaneya Institue of Dental Scinces, Atholi, Kozhikode",BDS,SM,1,mbbs_p3_final.pdf
2025,3,5868,28433,DV,SM,MLD,"Malabar Dental College, Edappal",BDS,SM,45,mbbs_p3_final.pdf
2025,3,5869,28444,MU,MM,PMS,"PMS College of Dental Sciences, Vattappara, TVPM",BDS,MM,7,mbbs_p3_final.pdf
2025,3,5870,28460,ST,ST,TRM,"Travancore Medical College, Umayanalloor, Kollam",MBBS,ST,4,mbbs_p3_final.pdf
2025,3,5871,28497,General,NR,SIM,"Sree Narayana Institute of Medical Sciences, Chalakka, Ernakulam.",MBBS,NR,1,mbbs_p3_final.pdf
2025,3,5872,28507,General,SM,AZD,"Azeezia College of Dental Science, Meyyannoor, Kollam",BDS,SM,59,mbbs_p3_final.pdf
2025,3,5873,28517,ST,ST,SIM,"Sree Narayana Institute of Medical Sciences, Chalakka, Ernakulam.",MBBS,ST,1,mbbs_p3_final.pdf
2025,3,5874,28529,General,NR,TRM,"Travancore Medical College, Umayanalloor, Kollam",MBBS,NR,2,mbbs_p3_final.pdf
2025,3,5875,28549,MU,MU,EID,"Educare Institute of Dental Sciences, Malappuram",BDS,MU,7,mbbs_p3_final.pdf
2025,3,5876,28558,General,SM,KAD,"Kannur Dental College, Anjarakandy, Kannur",BDS,SM,6,mbbs_p3_final.pdf
2025,3,5877,28565,General,NR,MMH,"Malabar Medical College Hospital, Kozhikkode",MBBS,NR,1,mbbs_p3_final.pdf
2025,3,5878,28598,SC,SC,IGD,"Indira Gandhi Institute of Dental Sciences, Kothamangalam",BDS,SC,44,mbbs_p3_final.pdf
2025,3,5879,28606,SC,SC,AAD,"Al Azhar Dental College, Thodupuzha",BDS,SC,1,mbbs_p3_final.pdf
2025,3,5880,28608,MU,NR,KCM,"KMCT Medical College, Mukkom, Kozikkode",MBBS,NR,45,mbbs_p3_final.pdf
2025,3,5881,28672,SC,SC,EID,"Educare Institute of Dental Sciences, Malappuram",BDS,SC,1,mbbs_p3_final.pdf
2025,3,5882,28684,SC,SM,AZD,"Azeezia College of Dental Science, Meyyannoor, Kollam",BDS,SM,42,mbbs_p3_final.pdf
2025,3,5883,28699,EW,NR,SMC,"Dr. Somervell Memorial CSI Medical College, Karakonam",MBBS,NR,6,mbbs_p3_final.pdf
2025,3,5884,28708,MU,NR,KCM,"KMCT Medical College, Mukkom, Kozikkode",MBBS,NR,1,mbbs_p3_final.pdf
2025,3,5885,28712,DV,DV,AAD,"Al Azhar Dental College, Thodupuzha",BDS,DV,9,mbbs_p3_final.pdf
2025,3,5886,28713,MU,MU,PSD,"PSM College of Dental Sciences, Thrissur",BDS,MU,9,mbbs_p3_final.pdf
2025,3,5887,28740,LA,LA,PSD,"PSM College of Dental Sciences, Thrissur",BDS,LA,40,mbbs_p3_final.pdf
2025,3,5888,28747,General,SM,SVD,"Sri Sankara Dental College, Akathumuri, Varkala",BDS,SM,7,mbbs_p3_final.pdf
2025,3,5889,28748,LA,LA,IGD,"Indira Gandhi Institute of Dental Sciences, Kothamangalam",BDS,LA,1,mbbs_p3_final.pdf
2025,3,5890,28760,General,NR,SIM,"Sree Narayana Institute of Medical Sciences, Chalakka, Ernakulam.",MBBS,NR,1,mbbs_p3_final.pdf
2025,3,5891,28764,General,NR,MMH,"Malabar Medical College Hospital, Kozhikkode",MBBS,NR,1,mbbs_p3_final.pdf
2025,3,5892,28775,General,HR,CMC,"Govt. Medical College, Ernakulam",MBBS,HR,1,mbbs_p3_final.pdf
2025,3,5893,28819,ST,ST,KEM,"Kerala Medical College, Palakkad",MBBS,ST,15,mbbs_p3_final.pdf
2025,3,5894,28826,ST,ST,KDM,"P K Das Institute of Medical Sciences, Ottapalam",MBBS,ST,1,mbbs_p3_final.pdf
2025,3,5895,28829,MU,MM,RDC,"Royal Dental College, Chalisery, Palakkad",BDS,MM,1,mbbs_p3_final.pdf
2025,3,5896,28835,BH,SM,AID,"Sree Anjaneya Institue of Dental Scinces, Atholi, Kozhikode",BDS,SM,4,mbbs_p3_final.pdf
2025,3,5897,28836,ST,ST,KDM,"P K Das Institute of Medical Sciences, Ottapalam",MBBS,ST,7,mbbs_p3_final.pdf
2025,3,5898,28882,VK,VK,AAD,"Al Azhar Dental College, Thodupuzha",BDS,VK,44,mbbs_p3_final.pdf
2025,3,5899,28888,SC,SC,PSD,"PSM College of Dental Sciences, Thrissur",BDS,SC,21,mbbs_p3_final.pdf
2025,3,5900,28889,BH,NR,SUC,"SUT Accademy of Medical Sciences, Thiruvananthapuram",MBBS,NR,1,mbbs_p3_final.pdf
2025,3,5901,28906,SC,SC,AAD,"Al Azhar Dental College, Thodupuzha",BDS,SC,34,mbbs_p3_final.pdf
2025,3,5902,28912,MU,NM,TRM,"Travancore Medical College, Umayanalloor, Kollam",MBBS,NM,3,mbbs_p3_final.pdf
2025,3,5903,28915,MU,MU,RDC,"Royal Dental College, Chalisery, Palakkad",BDS,MU,55,mbbs_p3_final.pdf
2025,3,5904,28922,LA,LA,AAD,"Al Azhar Dental College, Thodupuzha",BDS,LA,1,mbbs_p3_final.pdf
2025,3,5905,28929,SC,SC,MLD,"Malabar Dental College, Edappal",BDS,SC,44,mbbs_p3_final.pdf
2025,3,5906,28934,General,SM,AZD,"Azeezia College of Dental Science, Meyyannoor, Kollam",BDS,SM,8,mbbs_p3_final.pdf
2025,3,5907,28949,SC,SM,AID,"Sree Anjaneya Institue of Dental Scinces, Atholi, Kozhikode",BDS,SM,37,mbbs_p3_final.pdf
2025,3,5908,28956,VK,VK,RDC,"Royal Dental College, Chalisery, Palakkad",BDS,VK,47,mbbs_p3_final.pdf
2025,3,5909,28993,BH,BH,EID,"Educare Institute of Dental Sciences, Malappuram",BDS,BH,1,mbbs_p3_final.pdf
2025,3,5910,29020,LA,NR,SUC,"SUT Accademy of Medical Sciences, Thiruvananthapuram",MBBS,NR,43,mbbs_p3_final.pdf
2025,3,5911,29022,General,NR,SUC,"SUT Accademy of Medical Sciences, Thiruvananthapuram",MBBS,NR,13,mbbs_p3_final.pdf
2025,3,5912,29043,MU,SM,AID,"Sree Anjaneya Institue of Dental Scinces, Atholi, Kozhikode",BDS,SM,1,mbbs_p3_final.pdf
2025,3,5913,29059,MU,SM,AID,"Sree Anjaneya Institue of Dental Scinces, Atholi, Kozhikode",BDS,SM,11,mbbs_p3_final.pdf
2025,3,5914,29061,SC,SC,PSD,"PSM College of Dental Sciences, Thrissur",BDS,SC,23,mbbs_p3_final.pdf
2025,3,5915,29070,SC,SM,KAD,"Kannur Dental College, Anjarakandy, Kannur",BDS,SM,42,mbbs_p3_final.pdf
2025,3,5916,29076,MU,SM,AID,"Sree Anjaneya Institue of Dental Scinces, Atholi, Kozhikode",BDS,SM,8,mbbs_p3_final.pdf
2025,3,5917,29105,SC,SC,NID,"Noorul Islam College of Dental Science, Neyyattinkara",BDS,SC,41,mbbs_p3_final.pdf
2025,3,5918,29111,MU,MU,IGD,"Indira Gandhi Institute of Dental Sciences, Kothamangalam",BDS,MU,3,mbbs_p3_final.pdf
2025,3,5919,29117,SC,SM,SVD,"Sri Sankara Dental College, Akathumuri, Varkala",BDS,SM,24,mbbs_p3_final.pdf
2025,3,5920,29122,MU,MU,IGD,"Indira Gandhi Institute of Dental Sciences, Kothamangalam",BDS,MU,7,mbbs_p3_final.pdf
2025,3,5921,29124,General,NR,KDM,"P K Das Institute of Medical Sciences, Ottapalam",MBBS,NR,8,mbbs_p3_final.pdf
2025,3,5922,29125,General,SM,AZD,"Azeezia College of Dental Science, Meyyannoor, Kollam",BDS,SM,8,mbbs_p3_final.pdf
2025,3,5923,29146,SC,NR,SMC,"Dr. Somervell Memorial CSI Medical College, Karakonam",MBBS,NR,1,mbbs_p3_final.pdf
2025,3,5924,29153,General,NR,AZC,"Azeezia Institute of Medi Science, Meyyannoor, Kollam",MBBS,NR,16,mbbs_p3_final.pdf
2025,3,5925,29155,MU,MU,AZD,"Azeezia College of Dental Science, Meyyannoor, Kollam",BDS,MU,1,mbbs_p3_final.pdf
2025,3,5926,29158,SC,SC,AAD,"Al Azhar Dental College, Thodupuzha",BDS,SC,44,mbbs_p3_final.pdf
2025,3,5927,29209,SC,SC,IGD,"Indira Gandhi Institute of Dental Sciences, Kothamangalam",BDS,SC,24,mbbs_p3_final.pdf
2025,3,5928,29214,SC,SM,SVD,"Sri Sankara Dental College, Akathumuri, Varkala",BDS,SM,1,mbbs_p3_final.pdf
2025,3,5929,29218,General,SM,SVD,"Sri Sankara Dental College, Akathumuri, Varkala",BDS,SM,49,mbbs_p3_final.pdf
2025,3,5930,29231,General,NR,SUC,"SUT Accademy of Medical Sciences, Thiruvananthapuram",MBBS,NR,1,mbbs_p3_final.pdf
2025,3,5931,29265,General,NR,SIM,"Sree Narayana Institute of Medical Sciences, Chalakka, Ernakulam.",MBBS,NR,5,mbbs_p3_final.pdf
2025,3,5932,29270,MU,MM,RDC,"Royal Dental College, Chalisery, Palakkad",BDS,MM,14,mbbs_p3_final.pdf
2025,3,5933,29271,SC,SC,MLD,"Malabar Dental College, Edappal",BDS,SC,42,mbbs_p3_final.pdf
2025,3,5934,29275,SC,SC,AAD,"Al Azhar Dental College, Thodupuzha",BDS,SC,50,mbbs_p3_final.pdf
2025,3,5935,29304,ST,ST,SUC,"SUT Accademy of Medical Sciences, Thiruvananthapuram",MBBS,ST,9,mbbs_p3_final.pdf
2025,3,5936,29309,SC,SC,AAD,"Al Azhar Dental College, Thodupuzha",BDS,SC,45,mbbs_p3_final.pdf
2025,3,5937,29314,LA,LA,AAD,"Al Azhar Dental College, Thodupuzha",BDS,LA,1,mbbs_p3_final.pdf
2025,3,5938,29317,MU,MU,AAD,"Al Azhar Dental College, Thodupuzha",BDS,MU,1,mbbs_p3_final.pdf
2025,3,5939,29320,MU,SM,AID,"Sree Anjaneya Institue of Dental Scinces, Atholi, Kozhikode",BDS,SM,3,mbbs_p3_final.pdf
2025,3,5940,29343,SC,SC,PSD,"PSM College of Dental Sciences, Thrissur",BDS,SC,19,mbbs_p3_final.pdf
2025,3,5941,29349,EZ,EZ,MED,"MES Dental College, Perinthalmanna",BDS,EZ,42,mbbs_p3_final.pdf
2025,3,5942,29355,MU,SM,AID,"Sree Anjaneya Institue of Dental Scinces, Atholi, Kozhikode",BDS,SM,7,mbbs_p3_final.pdf
2025,3,5943,29364,General,SM,SVD,"Sri Sankara Dental College, Akathumuri, Varkala",BDS,SM,30,mbbs_p3_final.pdf
2025,3,5944,29366,EW,EW,KMD,"KMCT Dental College, Mambatta, Mukkam, Kozhikode",BDS,EW,53,mbbs_p3_final.pdf
2025,3,5945,29388,ST,ST,PIM,"Palakkad Institute of Medical Sciences, Walayar",MBBS,ST,7,mbbs_p3_final.pdf
2025,3,5946,29397,General,NR,SIM,"Sree Narayana Institute of Medical Sciences, Chalakka, Ernakulam.",MBBS,NR,3,mbbs_p3_final.pdf
2025,3,5947,29404,General,NR,PMD,"Pushpagiri College of Dental Science, Thiruvalla",BDS,NR,51,mbbs_p3_final.pdf
2025,3,5948,29420,ST,ST,KDM,"P K Das Institute of Medical Sciences, Ottapalam",MBBS,ST,31,mbbs_p3_final.pdf
2025,3,5949,29422,General,SM,AID,"Sree Anjaneya Institue of Dental Scinces, Atholi, Kozhikode",BDS,SM,16,mbbs_p3_final.pdf
2025,3,5950,29429,VK,VK,IGD,"Indira Gandhi Institute of Dental Sciences, Kothamangalam",BDS,VK,49,mbbs_p3_final.pdf
2025,3,5951,29431,MU,PD,TCM,"Govt. Medical College, Thrissur",MBBS,PD,1,mbbs_p3_final.pdf
2025,3,5952,29459,EZ,NR,DMM,"Dr. Moopens Medical College, Meppadi, Wayanad",MBBS,NR,1,mbbs_p3_final.pdf
2025,3,5953,29462,MU,MU,EID,"Educare Institute of Dental Sciences, Malappuram",BDS,MU,1,mbbs_p3_final.pdf
2025,3,5954,29469,SC,SM,AID,"Sree Anjaneya Institue of Dental Scinces, Atholi, Kozhikode",BDS,SM,41,mbbs_p3_final.pdf
2025,3,5955,29510,MU,MU,EID,"Educare Institute of Dental Sciences, Malappuram",BDS,MU,1,mbbs_p3_final.pdf
2025,3,5956,29512,SC,SM,AID,"Sree Anjaneya Institue of Dental Scinces, Atholi, Kozhikode",BDS,SM,2,mbbs_p3_final.pdf
2025,3,5957,29531,General,SM,SVD,"Sri Sankara Dental College, Akathumuri, Varkala",BDS,SM,51,mbbs_p3_final.pdf
2025,3,5958,29539,LA,LA,RDC,"Royal Dental College, Chalisery, Palakkad",BDS,LA,1,mbbs_p3_final.pdf
2025,3,5959,29561,General,SM,KAD,"Kannur Dental College, Anjarakandy, Kannur",BDS,SM,1,mbbs_p3_final.pdf
2025,3,5960,29572,EW,EW,ADC,"Annoor Dental College, Puthuppady, Muvattupuzha",BDS,EW,10,mbbs_p3_final.pdf
2025,3,5961,29574,SC,SC,AID,"Sree Anjaneya Institue of Dental Scinces, Atholi, Kozhikode",BDS,SC,41,mbbs_p3_final.pdf
2025,3,5962,29588,BH,BH,AZD,"Azeezia College of Dental Science, Meyyannoor, Kollam",BDS,BH,45,mbbs_p3_final.pdf
2025,3,5963,29598,DV,DV,MLD,"Malabar Dental College, Edappal",BDS,DV,17,mbbs_p3_final.pdf
2025,3,5964,29607,VK,VK,AID,"Sree Anjaneya Institue of Dental Scinces, Atholi, Kozhikode",BDS,VK,1,mbbs_p3_final.pdf
2025,3,5965,29620,LA,LA,AID,"Sree Anjaneya Institue of Dental Scinces, Atholi, Kozhikode",BDS,LA,1,mbbs_p3_final.pdf
2025,3,5966,29627,SC,NR,MZM,"Mount Zion Medical College, Pathanamthitta",MBBS,NR,1,mbbs_p3_final.pdf
2025,3,5967,29633,SC,NR,KCM,"KMCT Medical College, Mukkom, Kozikkode",MBBS,NR,1,mbbs_p3_final.pdf
2025,3,5968,29634,VK,VK,EID,"Educare Institute of Dental Sciences, Malappuram",BDS,VK,19,mbbs_p3_final.pdf
2025,3,5969,29640,MU,MM,PMS,"PMS College of Dental Sciences, Vattappara, TVPM",BDS,MM,8,mbbs_p3_final.pdf
2025,3,5970,29643,DV,DV,TRD,"Travancore DentalCollege, Kollam",BDS,DV,37,mbbs_p3_final.pdf
2025,3,5971,29646,General,SM,SVD,"Sri Sankara Dental College, Akathumuri, Varkala",BDS,SM,2,mbbs_p3_final.pdf
2025,3,5972,29653,General,NR,SUC,"SUT Accademy of Medical Sciences, Thiruvananthapuram",MBBS,NR,16,mbbs_p3_final.pdf
2025,3,5973,29682,General,NR,DMM,"Dr. Moopens Medical College, Meppadi, Wayanad",MBBS,NR,27,mbbs_p3_final.pdf
2025,3,5974,29688,General,NR,SUC,"SUT Accademy of Medical Sciences, Thiruvananthapuram",MBBS,NR,5,mbbs_p3_final.pdf
2025,3,5975,29691,MU,MM,EID,"Educare Institute of Dental Sciences, Malappuram",BDS,MM,1,mbbs_p3_final.pdf
2025,3,5976,29697,SC,SC,EID,"Educare Institute of Dental Sciences, Malappuram",BDS,SC,1,mbbs_p3_final.pdf
2025,3,5977,29701,EZ,EZ,AAD,"Al Azhar Dental College, Thodupuzha",BDS,EZ,1,mbbs_p3_final.pdf
2025,3,5978,29722,SC,SM,KAD,"Kannur Dental College, Anjarakandy, Kannur",BDS,SM,22,mbbs_p3_final.pdf
2025,3,5979,29724,General,NR,KDM,"P K Das Institute of Medical Sciences, Ottapalam",MBBS,NR,23,mbbs_p3_final.pdf
2025,3,5980,29735,MU,NR,KCM,"KMCT Medical College, Mukkom, Kozikkode",MBBS,NR,3,mbbs_p3_final.pdf
2025,3,5981,29757,MU,MU,EID,"Educare Institute of Dental Sciences, Malappuram",BDS,MU,1,mbbs_p3_final.pdf
2025,3,5982,29787,SC,SC,EID,"Educare Institute of Dental Sciences, Malappuram",BDS,SC,6,mbbs_p3_final.pdf
2025,3,5983,29791,MU,MU,AZD,"Azeezia College of Dental Science, Meyyannoor, Kollam",BDS,MU,23,mbbs_p3_final.pdf
2025,3,5984,29792,DV,DV,AAD,"Al Azhar Dental College, Thodupuzha",BDS,DV,46,mbbs_p3_final.pdf
2025,3,5985,29793,General,NR,SIM,"Sree Narayana Institute of Medical Sciences, Chalakka, Ernakulam.",MBBS,NR,1,mbbs_p3_final.pdf
2025,3,5986,29806,LA,LA,MED,"MES Dental College, Perinthalmanna",BDS,LA,42,mbbs_p3_final.pdf
2025,3,5987,29809,BH,BH,AZD,"Azeezia College of Dental Science, Meyyannoor, Kollam",BDS,BH,49,mbbs_p3_final.pdf
2025,3,5988,29815,BX,BX,IGD,"Indira Gandhi Institute of Dental Sciences, Kothamangalam",BDS,BX,45,mbbs_p3_final.pdf
2025,3,5989,29830,General,SM,SVD,"Sri Sankara Dental College, Akathumuri, Varkala",BDS,SM,26,mbbs_p3_final.pdf
2025,3,5990,29853,MU,MU,IGD,"Indira Gandhi Institute of Dental Sciences, Kothamangalam",BDS,MU,28,mbbs_p3_final.pdf
2025,3,5991,29863,MU,NM,TRM,"Travancore Medical College, Umayanalloor, Kollam",MBBS,NM,41,mbbs_p3_final.pdf
2025,3,5992,29865,BH,BH,IGD,"Indira Gandhi Institute of Dental Sciences, Kothamangalam",BDS,BH,8,mbbs_p3_final.pdf
2025,3,5993,29873,SC,SC,RDC,"Royal Dental College, Chalisery, Palakkad",BDS,SC,42,mbbs_p3_final.pdf
2025,3,5994,29875,LA,PD,KTM,"Govt. Medical College, Kottayam",MBBS,PD,1,mbbs_p3_final.pdf
2025,3,5995,29878,SC,SC,AZD,"Azeezia College of Dental Science, Meyyannoor, Kollam",BDS,SC,43,mbbs_p3_final.pdf
2025,3,5996,29887,MU,NM,TRM,"Travancore Medical College, Umayanalloor, Kollam",MBBS,NM,19,mbbs_p3_final.pdf
2025,3,5997,29901,SC,SC,RDC,"Royal Dental College, Chalisery, Palakkad",BDS,SC,12,mbbs_p3_final.pdf
2025,3,5998,29904,General,NR,DMM,"Dr. Moopens Medical College, Meppadi, Wayanad",MBBS,NR,1,mbbs_p3_final.pdf
2025,3,5999,29924,VK,VK,MLD,"Malabar Dental College, Edappal",BDS,VK,1,mbbs_p3_final.pdf
2025,3,6000,29949,DV,DV,EID,"Educare Institute of Dental Sciences, Malappuram",BDS,DV,20,mbbs_p3_final.pdf
2025,3,6001,29965,DV,DV,AID,"Sree Anjaneya Institue of Dental Scinces, Atholi, Kozhikode",BDS,DV,24,mbbs_p3_final.pdf
2025,3,6002,29969,General,NR,KDM,"P K Das Institute of Medical Sciences, Ottapalam",MBBS,NR,1,mbbs_p3_final.pdf
2025,3,6003,29988,General,NM,TRM,"Travancore Medical College, Umayanalloor, Kollam",MBBS,NM,1,mbbs_p3_final.pdf
2025,3,6004,29993,General,NR,KDM,"P K Das Institute of Medical Sciences, Ottapalam",MBBS,NR,1,mbbs_p3_final.pdf
2025,3,6005,30007,MU,MU,RDC,"Royal Dental College, Chalisery, Palakkad",BDS,MU,3,mbbs_p3_final.pdf
2025,3,6006,30008,BX,SM,KAD,"Kannur Dental College, Anjarakandy, Kannur",BDS,SM,1,mbbs_p3_final.pdf
2025,3,6007,30009,SC,SM,KAD,"Kannur Dental College, Anjarakandy, Kannur",BDS,SM,37,mbbs_p3_final.pdf
2025,3,6008,30017,MU,MM,EID,"Educare Institute of Dental Sciences, Malappuram",BDS,MM,1,mbbs_p3_final.pdf
2025,3,6009,30029,SC,SC,EID,"Educare Institute of Dental Sciences, Malappuram",BDS,SC,7,mbbs_p3_final.pdf
2025,3,6010,30034,BX,BX,AAD,"Al Azhar Dental College, Thodupuzha",BDS,BX,43,mbbs_p3_final.pdf
2025,3,6011,30040,General,NR,EMC,"MES Medical College, Perinthalmanna, Malappuram",MBBS,NR,40,mbbs_p3_final.pdf
2025,3,6012,30042,EZ,EZ,AZD,"Azeezia College of Dental Science, Meyyannoor, Kollam",BDS,EZ,21,mbbs_p3_final.pdf
2025,3,6013,30055,EZ,EZ,PSD,"PSM College of Dental Sciences, Thrissur",BDS,EZ,19,mbbs_p3_final.pdf
2025,3,6014,30065,BH,BH,AAD,"Al Azhar Dental College, Thodupuzha",BDS,BH,27,mbbs_p3_final.pdf
2025,3,6015,30070,General,SM,KAD,"Kannur Dental College, Anjarakandy, Kannur",BDS,SM,13,mbbs_p3_final.pdf
2025,3,6016,30074,General,NR,KCM,"KMCT Medical College, Mukkom, Kozikkode",MBBS,NR,1,mbbs_p3_final.pdf
2025,3,6017,30079,MU,MU,PSD,"PSM College of Dental Sciences, Thrissur",BDS,MU,1,mbbs_p3_final.pdf
2025,3,6018,30094,SC,SC,PSD,"PSM College of Dental Sciences, Thrissur",BDS,SC,41,mbbs_p3_final.pdf
2025,3,6019,30102,SC,SC,RDC,"Royal Dental College, Chalisery, Palakkad",BDS,SC,45,mbbs_p3_final.pdf
2025,3,6020,30106,MU,MM,PMS,"PMS College of Dental Sciences, Vattappara, TVPM",BDS,MM,10,mbbs_p3_final.pdf
2025,3,6021,30141,SC,SC,RDC,"Royal Dental College, Chalisery, Palakkad",BDS,SC,18,mbbs_p3_final.pdf
2025,3,6022,30153,EZ,EZ,AAD,"Al Azhar Dental College, Thodupuzha",BDS,EZ,1,mbbs_p3_final.pdf
2025,3,6023,30156,KN,KN,KMD,"KMCT Dental College, Mambatta, Mukkam, Kozhikode",BDS,KN,37,mbbs_p3_final.pdf
2025,3,6024,30167,SC,SC,RDC,"Royal Dental College, Chalisery, Palakkad",BDS,SC,49,mbbs_p3_final.pdf
2025,3,6025,30176,SC,SC,PSD,"PSM College of Dental Sciences, Thrissur",BDS,SC,20,mbbs_p3_final.pdf
2025,3,6026,30187,SC,SC,NID,"Noorul Islam College of Dental Science, Neyyattinkara",BDS,SC,4,mbbs_p3_final.pdf
2025,3,6027,30203,EZ,EZ,TRD,"Travancore DentalCollege, Kollam",BDS,EZ,2,mbbs_p3_final.pdf
2025,3,6028,30205,BH,BH,PSD,"PSM College of Dental Sciences, Thrissur",BDS,BH,23,mbbs_p3_final.pdf
2025,3,6029,30226,MU,MM,AZD,"Azeezia College of Dental Science, Meyyannoor, Kollam",BDS,MM,46,mbbs_p3_final.pdf
2025,3,6030,30240,General,SM,KAD,"Kannur Dental College, Anjarakandy, Kannur",BDS,SM,5,mbbs_p3_final.pdf
2025,3,6031,30241,BX,SM,SVD,"Sri Sankara Dental College, Akathumuri, Varkala",BDS,SM,16,mbbs_p3_final.pdf
2025,3,6032,30244,SC,SC,MLD,"Malabar Dental College, Edappal",BDS,SC,21,mbbs_p3_final.pdf
2025,3,6033,30245,SC,SC,EID,"Educare Institute of Dental Sciences, Malappuram",BDS,SC,44,mbbs_p3_final.pdf
2025,3,6034,30267,General,SM,KAD,"Kannur Dental College, Anjarakandy, Kannur",BDS,SM,34,mbbs_p3_final.pdf
2025,3,6035,30270,MU,MM,EID,"Educare Institute of Dental Sciences, Malappuram",BDS,MM,1,mbbs_p3_final.pdf
2025,3,6036,30303,BX,BX,AID,"Sree Anjaneya Institue of Dental Scinces, Atholi, Kozhikode",BDS,BX,49,mbbs_p3_final.pdf
2025,3,6037,30323,DV,DV,AID,"Sree Anjaneya Institue of Dental Scinces, Atholi, Kozhikode",BDS,DV,28,mbbs_p3_final.pdf
2025,3,6038,30330,General,NR,KDM,"P K Das Institute of Medical Sciences, Ottapalam",MBBS,NR,1,mbbs_p3_final.pdf
2025,3,6039,30334,MU,MU,PSD,"PSM College of Dental Sciences, Thrissur",BDS,MU,1,mbbs_p3_final.pdf
2025,3,6040,30335,EZ,NR,KDM,"P K Das Institute of Medical Sciences, Ottapalam",MBBS,NR,1,mbbs_p3_final.pdf
2025,3,6041,30357,SC,SM,SVD,"Sri Sankara Dental College, Akathumuri, Varkala",BDS,SM,6,mbbs_p3_final.pdf
2025,3,6042,30359,EZ,EZ,IGD,"Indira Gandhi Institute of Dental Sciences, Kothamangalam",BDS,EZ,1,mbbs_p3_final.pdf
2025,3,6043,30366,General,NR,KCM,"KMCT Medical College, Mukkom, Kozikkode",MBBS,NR,1,mbbs_p3_final.pdf
2025,3,6044,30369,BX,BX,PSD,"PSM College of Dental Sciences, Thrissur",BDS,BX,54,mbbs_p3_final.pdf
2025,3,6045,30394,SC,SM,SVD,"Sri Sankara Dental College, Akathumuri, Varkala",BDS,SM,45,mbbs_p3_final.pdf
2025,3,6046,30398,General,NR,KMM,"Karuna Medical College, Vilayodi, Palakkad",MBBS,NR,19,mbbs_p3_final.pdf
2025,3,6047,30410,EZ,EZ,AAD,"Al Azhar Dental College, Thodupuzha",BDS,EZ,10,mbbs_p3_final.pdf
2025,3,6048,30422,SC,SC,AZD,"Azeezia College of Dental Science, Meyyannoor, Kollam",BDS,SC,41,mbbs_p3_final.pdf
2025,3,6049,30423,General,SM,SVD,"Sri Sankara Dental College, Akathumuri, Varkala",BDS,SM,27,mbbs_p3_final.pdf
2025,3,6050,30424,MU,MU,EID,"Educare Institute of Dental Sciences, Malappuram",BDS,MU,2,mbbs_p3_final.pdf
2025,3,6051,30433,MU,MU,AZD,"Azeezia College of Dental Science, Meyyannoor, Kollam",BDS,MU,1,mbbs_p3_final.pdf
2025,3,6052,30443,General,SM,KAD,"Kannur Dental College, Anjarakandy, Kannur",BDS,SM,21,mbbs_p3_final.pdf
2025,3,6053,30451,General,NR,KCM,"KMCT Medical College, Mukkom, Kozikkode",MBBS,NR,1,mbbs_p3_final.pdf
2025,3,6054,30485,MU,PD,TVM,"Govt. Medical College, Thiruvananthapuram",MBBS,PD,2,mbbs_p3_final.pdf
2025,3,6055,30486,LA,LA,PSD,"PSM College of Dental Sciences, Thrissur",BDS,LA,26,mbbs_p3_final.pdf
2025,3,6056,30494,MU,MU,MLD,"Malabar Dental College, Edappal",BDS,MU,21,mbbs_p3_final.pdf
2025,3,6057,30497,SC,SC,AZD,"Azeezia College of Dental Science, Meyyannoor, Kollam",BDS,SC,13,mbbs_p3_final.pdf
2025,3,6058,30503,KU,KU,KMD,"KMCT Dental College, Mambatta, Mukkam, Kozhikode",BDS,KU,1,mbbs_p3_final.pdf
2025,3,6059,30504,SC,SC,AZD,"Azeezia College of Dental Science, Meyyannoor, Kollam",BDS,SC,42,mbbs_p3_final.pdf
2025,3,6060,30513,LA,NC,SMC,"Dr. Somervell Memorial CSI Medical College, Karakonam",MBBS,NC,18,mbbs_p3_final.pdf
2025,3,6061,30515,MU,NR,DMM,"Dr. Moopens Medical College, Meppadi, Wayanad",MBBS,NR,1,mbbs_p3_final.pdf
2025,3,6062,30530,General,NR,KDM,"P K Das Institute of Medical Sciences, Ottapalam",MBBS,NR,5,mbbs_p3_final.pdf
2025,3,6063,30545,BH,BH,AAD,"Al Azhar Dental College, Thodupuzha",BDS,BH,31,mbbs_p3_final.pdf
2025,3,6064,30564,SC,SC,AZD,"Azeezia College of Dental Science, Meyyannoor, Kollam",BDS,SC,44,mbbs_p3_final.pdf
2025,3,6065,30569,BX,BX,EID,"Educare Institute of Dental Sciences, Malappuram",BDS,BX,50,mbbs_p3_final.pdf
2025,3,6066,30571,EZ,NR,SIM,"Sree Narayana Institute of Medical Sciences, Chalakka, Ernakulam.",MBBS,NR,36,mbbs_p3_final.pdf
2025,3,6067,30594,SC,SM,SVD,"Sri Sankara Dental College, Akathumuri, Varkala",BDS,SM,16,mbbs_p3_final.pdf
2025,3,6068,30607,LA,LA,AZD,"Azeezia College of Dental Science, Meyyannoor, Kollam",BDS,LA,13,mbbs_p3_final.pdf
2025,3,6069,30627,EZ,EZ,AID,"Sree Anjaneya Institue of Dental Scinces, Atholi, Kozhikode",BDS,EZ,2,mbbs_p3_final.pdf
2025,3,6070,30649,General,SM,SVD,"Sri Sankara Dental College, Akathumuri, Varkala",BDS,SM,12,mbbs_p3_final.pdf
2025,3,6071,30669,EW,EW,AID,"Sree Anjaneya Institue of Dental Scinces, Atholi, Kozhikode",BDS,EW,42,mbbs_p3_final.pdf
2025,3,6072,30681,MU,MU,PSD,"PSM College of Dental Sciences, Thrissur",BDS,MU,1,mbbs_p3_final.pdf
2025,3,6073,30684,MU,MM,EID,"Educare Institute of Dental Sciences, Malappuram",BDS,MM,1,mbbs_p3_final.pdf
2025,3,6074,30693,BX,BX,MLD,"Malabar Dental College, Edappal",BDS,BX,45,mbbs_p3_final.pdf
2025,3,6075,30700,General,NC,SMC,"Dr. Somervell Memorial CSI Medical College, Karakonam",MBBS,NC,36,mbbs_p3_final.pdf
2025,3,6076,30706,SC,SC,PSD,"PSM College of Dental Sciences, Thrissur",BDS,SC,31,mbbs_p3_final.pdf
2025,3,6077,30738,BH,SM,SVD,"Sri Sankara Dental College, Akathumuri, Varkala",BDS,SM,23,mbbs_p3_final.pdf
2025,3,6078,30741,MU,MU,EID,"Educare Institute of Dental Sciences, Malappuram",BDS,MU,2,mbbs_p3_final.pdf
2025,3,6079,30750,General,SM,SVD,"Sri Sankara Dental College, Akathumuri, Varkala",BDS,SM,20,mbbs_p3_final.pdf
2025,3,6080,30766,General,SM,SVD,"Sri Sankara Dental College, Akathumuri, Varkala",BDS,SM,43,mbbs_p3_final.pdf
2025,3,6081,30785,General,SM,SVD,"Sri Sankara Dental College, Akathumuri, Varkala",BDS,SM,50,mbbs_p3_final.pdf
2025,3,6082,30787,BH,BH,MLD,"Malabar Dental College, Edappal",BDS,BH,5,mbbs_p3_final.pdf
2025,3,6083,30811,SC,SC,MLD,"Malabar Dental College, Edappal",BDS,SC,50,mbbs_p3_final.pdf
2025,3,6084,30821,General,PD,KTM,"Govt. Medical College, Kottayam",MBBS,PD,1,mbbs_p3_final.pdf
2025,3,6085,30822,KU,KU,MED,"MES Dental College, Perinthalmanna",BDS,KU,41,mbbs_p3_final.pdf
2025,3,6086,30834,MU,NR,DMM,"Dr. Moopens Medical College, Meppadi, Wayanad",MBBS,NR,24,mbbs_p3_final.pdf
2025,3,6087,30850,General,PD,TCM,"Govt. Medical College, Thrissur",MBBS,PD,1,mbbs_p3_final.pdf
2025,3,6088,30866,General,NR,SUC,"SUT Accademy of Medical Sciences, Thiruvananthapuram",MBBS,NR,36,mbbs_p3_final.pdf
2025,3,6089,30895,EZ,EZ,PSD,"PSM College of Dental Sciences, Thrissur",BDS,EZ,24,mbbs_p3_final.pdf
2025,3,6090,30941,General,NR,KDM,"P K Das Institute of Medical Sciences, Ottapalam",MBBS,NR,7,mbbs_p3_final.pdf
2025,3,6091,30950,General,NR,MMH,"Malabar Medical College Hospital, Kozhikkode",MBBS,NR,38,mbbs_p3_final.pdf
2025,3,6092,30951,SC,SM,SVD,"Sri Sankara Dental College, Akathumuri, Varkala",BDS,SM,40,mbbs_p3_final.pdf
2025,3,6093,30993,General,NR,KDM,"P K Das Institute of Medical Sciences, Ottapalam",MBBS,NR,20,mbbs_p3_final.pdf
2025,3,6094,30994,MU,NM,TRM,"Travancore Medical College, Umayanalloor, Kollam",MBBS,NM,1,mbbs_p3_final.pdf
2025,3,6095,31012,EW,EW,MLD,"Malabar Dental College, Edappal",BDS,EW,1,mbbs_p3_final.pdf
2025,3,6096,31013,EZ,EZ,AAD,"Al Azhar Dental College, Thodupuzha",BDS,EZ,43,mbbs_p3_final.pdf
2025,3,6097,31025,General,NR,DMM,"Dr. Moopens Medical College, Meppadi, Wayanad",MBBS,NR,2,mbbs_p3_final.pdf
2025,3,6098,31043,MU,NR,DMM,"Dr. Moopens Medical College, Meppadi, Wayanad",MBBS,NR,1,mbbs_p3_final.pdf
2025,3,6099,31054,General,NC,SMC,"Dr. Somervell Memorial CSI Medical College, Karakonam",MBBS,NC,30,mbbs_p3_final.pdf
2025,3,6100,31062,SC,SC,AID,"Sree Anjaneya Institue of Dental Scinces, Atholi, Kozhikode",BDS,SC,6,mbbs_p3_final.pdf
2025,3,6101,31070,MU,NR,MMH,"Malabar Medical College Hospital, Kozhikkode",MBBS,NR,33,mbbs_p3_final.pdf
2025,3,6102,31078,EZ,EZ,AAD,"Al Azhar Dental College, Thodupuzha",BDS,EZ,21,mbbs_p3_final.pdf
2025,3,6103,31087,MU,MM,EID,"Educare Institute of Dental Sciences, Malappuram",BDS,MM,1,mbbs_p3_final.pdf
2025,3,6104,31102,MU,MU,MLD,"Malabar Dental College, Edappal",BDS,MU,7,mbbs_p3_final.pdf
2025,3,6105,31113,EZ,EZ,RDC,"Royal Dental College, Chalisery, Palakkad",BDS,EZ,14,mbbs_p3_final.pdf
2025,3,6106,31152,MU,MU,MLD,"Malabar Dental College, Edappal",BDS,MU,1,mbbs_p3_final.pdf
2025,3,6107,31176,SC,SM,SVD,"Sri Sankara Dental College, Akathumuri, Varkala",BDS,SM,51,mbbs_p3_final.pdf
2025,3,6108,31178,SC,SC,AID,"Sree Anjaneya Institue of Dental Scinces, Atholi, Kozhikode",BDS,SC,54,mbbs_p3_final.pdf
2025,3,6109,31195,MU,SM,KAD,"Kannur Dental College, Anjarakandy, Kannur",BDS,SM,51,mbbs_p3_final.pdf
2025,3,6110,31231,EZ,EZ,MLD,"Malabar Dental College, Edappal",BDS,EZ,42,mbbs_p3_final.pdf
2025,3,6111,31289,EW,EW,NID,"Noorul Islam College of Dental Science, Neyyattinkara",BDS,EW,21,mbbs_p3_final.pdf
2025,3,6112,31298,BH,BH,AID,"Sree Anjaneya Institue of Dental Scinces, Atholi, Kozhikode",BDS,BH,8,mbbs_p3_final.pdf
2025,3,6113,31304,DV,DV,EID,"Educare Institute of Dental Sciences, Malappuram",BDS,DV,44,mbbs_p3_final.pdf
2025,3,6114,31311,BH,SM,KAD,"Kannur Dental College, Anjarakandy, Kannur",BDS,SM,42,mbbs_p3_final.pdf
2025,3,6115,31325,EZ,PD,TCM,"Govt. Medical College, Thrissur",MBBS,PD,1,mbbs_p3_final.pdf
2025,3,6116,31334,BX,SM,SVD,"Sri Sankara Dental College, Akathumuri, Varkala",BDS,SM,27,mbbs_p3_final.pdf
2025,3,6117,31338,General,NR,MMH,"Malabar Medical College Hospital, Kozhikkode",MBBS,NR,11,mbbs_p3_final.pdf
2025,3,6118,31343,MU,NM,TRM,"Travancore Medical College, Umayanalloor, Kollam",MBBS,NM,1,mbbs_p3_final.pdf
2025,3,6119,31350,MU,NR,PMD,"Pushpagiri College of Dental Science, Thiruvalla",BDS,NR,4,mbbs_p3_final.pdf
2025,3,6120,31362,General,SM,SVD,"Sri Sankara Dental College, Akathumuri, Varkala",BDS,SM,25,mbbs_p3_final.pdf
2025,3,6121,31374,ST,ST,KKD,"Govt. Dental College, Kozhikkode",BDS,ST,35,mbbs_p3_final.pdf
2025,3,6122,31380,VK,VK,AZD,"Azeezia College of Dental Science, Meyyannoor, Kollam",BDS,VK,21,mbbs_p3_final.pdf
2025,3,6123,31384,MU,NR,MBD,"Mar Baselious Dental College, Kothamangalam",BDS,NR,8,mbbs_p3_final.pdf
2025,3,6124,31385,MU,MU,MLD,"Malabar Dental College, Edappal",BDS,MU,15,mbbs_p3_final.pdf
2025,3,6125,31386,EZ,NR,KDM,"P K Das Institute of Medical Sciences, Ottapalam",MBBS,NR,25,mbbs_p3_final.pdf
2025,3,6126,31392,BH,BH,EID,"Educare Institute of Dental Sciences, Malappuram",BDS,BH,8,mbbs_p3_final.pdf
2025,3,6127,31417,SC,SC,AID,"Sree Anjaneya Institue of Dental Scinces, Atholi, Kozhikode",BDS,SC,35,mbbs_p3_final.pdf
2025,3,6128,31424,BX,SM,KAD,"Kannur Dental College, Anjarakandy, Kannur",BDS,SM,28,mbbs_p3_final.pdf
2025,3,6129,31434,EZ,EZ,TRD,"Travancore DentalCollege, Kollam",BDS,EZ,39,mbbs_p3_final.pdf
2025,3,6130,31439,MU,NR,KCM,"KMCT Medical College, Mukkom, Kozikkode",MBBS,NR,1,mbbs_p3_final.pdf
2025,3,6131,31469,BH,BH,RDC,"Royal Dental College, Chalisery, Palakkad",BDS,BH,9,mbbs_p3_final.pdf
2025,3,6132,31476,SC,SC,MLD,"Malabar Dental College, Edappal",BDS,SC,46,mbbs_p3_final.pdf
2025,3,6133,31484,General,NC,SMC,"Dr. Somervell Memorial CSI Medical College, Karakonam",MBBS,NC,26,mbbs_p3_final.pdf
2025,3,6134,31488,SC,SC,MLD,"Malabar Dental College, Edappal",BDS,SC,41,mbbs_p3_final.pdf
2025,3,6135,31489,DV,DV,AZD,"Azeezia College of Dental Science, Meyyannoor, Kollam",BDS,DV,46,mbbs_p3_final.pdf
2025,3,6136,31498,SC,SM,SVD,"Sri Sankara Dental College, Akathumuri, Varkala",BDS,SM,50,mbbs_p3_final.pdf
2025,3,6137,31503,General,NR,SIM,"Sree Narayana Institute of Medical Sciences, Chalakka, Ernakulam.",MBBS,NR,6,mbbs_p3_final.pdf
2025,3,6138,31518,SC,SC,EID,"Educare Institute of Dental Sciences, Malappuram",BDS,SC,42,mbbs_p3_final.pdf
2025,3,6139,31519,EZ,EZ,PSD,"PSM College of Dental Sciences, Thrissur",BDS,EZ,22,mbbs_p3_final.pdf
2025,3,6140,31522,SC,SC,MLD,"Malabar Dental College, Edappal",BDS,SC,44,mbbs_p3_final.pdf
2025,3,6141,31576,MU,SM,KAD,"Kannur Dental College, Anjarakandy, Kannur",BDS,SM,10,mbbs_p3_final.pdf
2025,3,6142,31577,MU,MU,RDC,"Royal Dental College, Chalisery, Palakkad",BDS,MU,3,mbbs_p3_final.pdf
2025,3,6143,31591,MU,MU,AID,"Sree Anjaneya Institue of Dental Scinces, Atholi, Kozhikode",BDS,MU,1,mbbs_p3_final.pdf
2025,3,6144,31594,General,NR,SUC,"SUT Accademy of Medical Sciences, Thiruvananthapuram",MBBS,NR,38,mbbs_p3_final.pdf
2025,3,6145,31597,SC,SC,MLD,"Malabar Dental College, Edappal",BDS,SC,44,mbbs_p3_final.pdf
2025,3,6146,31617,SC,SC,AID,"Sree Anjaneya Institue of Dental Scinces, Atholi, Kozhikode",BDS,SC,46,mbbs_p3_final.pdf
2025,3,6147,31620,BH,BH,AID,"Sree Anjaneya Institue of Dental Scinces, Atholi, Kozhikode",BDS,BH,39,mbbs_p3_final.pdf
2025,3,6148,31622,General,SM,SVD,"Sri Sankara Dental College, Akathumuri, Varkala",BDS,SM,59,mbbs_p3_final.pdf
2025,3,6149,31647,General,NR,SIM,"Sree Narayana Institute of Medical Sciences, Chalakka, Ernakulam.",MBBS,NR,5,mbbs_p3_final.pdf
2025,3,6150,31648,General,NR,DMM,"Dr. Moopens Medical College, Meppadi, Wayanad",MBBS,NR,1,mbbs_p3_final.pdf
2025,3,6151,31659,SC,SC,MLD,"Malabar Dental College, Edappal",BDS,SC,34,mbbs_p3_final.pdf
2025,3,6152,31674,MU,MU,MLD,"Malabar Dental College, Edappal",BDS,MU,1,mbbs_p3_final.pdf
2025,3,6153,31679,SC,SC,MLD,"Malabar Dental College, Edappal",BDS,SC,50,mbbs_p3_final.pdf
2025,3,6154,31682,SC,SM,SVD,"Sri Sankara Dental College, Akathumuri, Varkala",BDS,SM,46,mbbs_p3_final.pdf
2025,3,6155,31699,MU,MU,AZD,"Azeezia College of Dental Science, Meyyannoor, Kollam",BDS,MU,1,mbbs_p3_final.pdf
2025,3,6156,31713,General,NR,KDM,"P K Das Institute of Medical Sciences, Ottapalam",MBBS,NR,8,mbbs_p3_final.pdf
2025,3,6157,31714,EZ,EZ,IGD,"Indira Gandhi Institute of Dental Sciences, Kothamangalam",BDS,EZ,7,mbbs_p3_final.pdf
2025,3,6158,31717,SC,SC,AID,"Sree Anjaneya Institue of Dental Scinces, Atholi, Kozhikode",BDS,SC,49,mbbs_p3_final.pdf
2025,3,6159,31720,SC,SC,AID,"Sree Anjaneya Institue of Dental Scinces, Atholi, Kozhikode",BDS,SC,43,mbbs_p3_final.pdf
2025,3,6160,31731,ST,ST,KND,"Government Dental College, Kannur",BDS,ST,36,mbbs_p3_final.pdf
2025,3,6161,31742,MU,MU,AAD,"Al Azhar Dental College, Thodupuzha",BDS,MU,1,mbbs_p3_final.pdf
2025,3,6162,31759,BH,BH,AAD,"Al Azhar Dental College, Thodupuzha",BDS,BH,8,mbbs_p3_final.pdf
2025,3,6163,31770,MU,MM,EID,"Educare Institute of Dental Sciences, Malappuram",BDS,MM,1,mbbs_p3_final.pdf
2025,3,6164,31775,General,SM,SVD,"Sri Sankara Dental College, Akathumuri, Varkala",BDS,SM,24,mbbs_p3_final.pdf
2025,3,6165,31776,EZ,NR,SUC,"SUT Accademy of Medical Sciences, Thiruvananthapuram",MBBS,NR,1,mbbs_p3_final.pdf
2025,3,6166,31790,EW,EW,MED,"MES Dental College, Perinthalmanna",BDS,EW,1,mbbs_p3_final.pdf
2025,3,6167,31803,EZ,EZ,AAD,"Al Azhar Dental College, Thodupuzha",BDS,EZ,8,mbbs_p3_final.pdf
2025,3,6168,31819,MU,MM,AZD,"Azeezia College of Dental Science, Meyyannoor, Kollam",BDS,MM,15,mbbs_p3_final.pdf
2025,3,6169,31835,General,NC,SMC,"Dr. Somervell Memorial CSI Medical College, Karakonam",MBBS,NC,20,mbbs_p3_final.pdf
2025,3,6170,31866,BH,SM,KAD,"Kannur Dental College, Anjarakandy, Kannur",BDS,SM,50,mbbs_p3_final.pdf
2025,3,6171,31875,General,NR,KCM,"KMCT Medical College, Mukkom, Kozikkode",MBBS,NR,31,mbbs_p3_final.pdf
2025,3,6172,31877,BH,NR,AZC,"Azeezia Institute of Medi Science, Meyyannoor, Kollam",MBBS,NR,34,mbbs_p3_final.pdf
2025,3,6173,31886,General,NR,MMH,"Malabar Medical College Hospital, Kozhikkode",MBBS,NR,1,mbbs_p3_final.pdf
2025,3,6174,31889,EW,EW,NID,"Noorul Islam College of Dental Science, Neyyattinkara",BDS,EW,9,mbbs_p3_final.pdf
2025,3,6175,31906,SC,SM,SVD,"Sri Sankara Dental College, Akathumuri, Varkala",BDS,SM,44,mbbs_p3_final.pdf
2025,3,6176,31907,SC,SC,AID,"Sree Anjaneya Institue of Dental Scinces, Atholi, Kozhikode",BDS,SC,3,mbbs_p3_final.pdf
2025,3,6177,31911,SC,SM,KAD,"Kannur Dental College, Anjarakandy, Kannur",BDS,SM,47,mbbs_p3_final.pdf
2025,3,6178,31919,MU,MU,AAD,"Al Azhar Dental College, Thodupuzha",BDS,MU,22,mbbs_p3_final.pdf
2025,3,6179,31920,SC,SM,KAD,"Kannur Dental College, Anjarakandy, Kannur",BDS,SM,7,mbbs_p3_final.pdf
2025,3,6180,31925,EZ,SM,SVD,"Sri Sankara Dental College, Akathumuri, Varkala",BDS,SM,1,mbbs_p3_final.pdf
2025,3,6181,31937,BH,PD,TCM,"Govt. Medical College, Thrissur",MBBS,PD,1,mbbs_p3_final.pdf
2025,3,6182,31950,General,MM,RDC,"Royal Dental College, Chalisery, Palakkad",BDS,MM,5,mbbs_p3_final.pdf
2025,3,6183,31963,DV,DV,RDC,"Royal Dental College, Chalisery, Palakkad",BDS,DV,3,mbbs_p3_final.pdf
2025,3,6184,31984,MU,MM,TRD,"Travancore DentalCollege, Kollam",BDS,MM,1,mbbs_p3_final.pdf
2025,3,6185,31985,SC,SM,SVD,"Sri Sankara Dental College, Akathumuri, Varkala",BDS,SM,58,mbbs_p3_final.pdf
2025,3,6186,31986,LA,LA,AID,"Sree Anjaneya Institue of Dental Scinces, Atholi, Kozhikode",BDS,LA,1,mbbs_p3_final.pdf
2025,3,6187,31989,MU,MM,RDC,"Royal Dental College, Chalisery, Palakkad",BDS,MM,2,mbbs_p3_final.pdf
2025,3,6188,32002,MU,MM,AZD,"Azeezia College of Dental Science, Meyyannoor, Kollam",BDS,MM,1,mbbs_p3_final.pdf
2025,3,6189,32013,General,SM,SVD,"Sri Sankara Dental College, Akathumuri, Varkala",BDS,SM,11,mbbs_p3_final.pdf
2025,3,6190,32025,SC,SM,SVD,"Sri Sankara Dental College, Akathumuri, Varkala",BDS,SM,41,mbbs_p3_final.pdf
2025,3,6191,32034,General,NR,KCM,"KMCT Medical College, Mukkom, Kozikkode",MBBS,NR,1,mbbs_p3_final.pdf
2025,3,6192,32043,SC,SM,KAD,"Kannur Dental College, Anjarakandy, Kannur",BDS,SM,45,mbbs_p3_final.pdf
2025,3,6193,32048,MU,NR,KCM,"KMCT Medical College, Mukkom, Kozikkode",MBBS,NR,16,mbbs_p3_final.pdf
2025,3,6194,32056,VK,VK,AID,"Sree Anjaneya Institue of Dental Scinces, Atholi, Kozhikode",BDS,VK,4,mbbs_p3_final.pdf
2025,3,6195,32078,EZ,EZ,RDC,"Royal Dental College, Chalisery, Palakkad",BDS,EZ,42,mbbs_p3_final.pdf
2025,3,6196,32087,General,SM,KAD,"Kannur Dental College, Anjarakandy, Kannur",BDS,SM,24,mbbs_p3_final.pdf
2025,3,6197,32088,MU,MM,EID,"Educare Institute of Dental Sciences, Malappuram",BDS,MM,8,mbbs_p3_final.pdf
2025,3,6198,32089,General,NR,AZC,"Azeezia Institute of Medi Science, Meyyannoor, Kollam",MBBS,NR,1,mbbs_p3_final.pdf
2025,3,6199,32095,SC,SM,SVD,"Sri Sankara Dental College, Akathumuri, Varkala",BDS,SM,56,mbbs_p3_final.pdf
2025,3,6200,32101,General,NR,KDM,"P K Das Institute of Medical Sciences, Ottapalam",MBBS,NR,1,mbbs_p3_final.pdf
2025,3,6201,32102,SC,SM,SVD,"Sri Sankara Dental College, Akathumuri, Varkala",BDS,SM,56,mbbs_p3_final.pdf
2025,3,6202,32110,MU,MU,AZD,"Azeezia College of Dental Science, Meyyannoor, Kollam",BDS,MU,22,mbbs_p3_final.pdf
2025,3,6203,32121,SC,SM,SVD,"Sri Sankara Dental College, Akathumuri, Varkala",BDS,SM,56,mbbs_p3_final.pdf
2025,3,6204,32124,General,SM,SVD,"Sri Sankara Dental College, Akathumuri, Varkala",BDS,SM,24,mbbs_p3_final.pdf
2025,3,6205,32142,General,SM,SVD,"Sri Sankara Dental College, Akathumuri, Varkala",BDS,SM,21,mbbs_p3_final.pdf
2025,3,6206,32162,MU,MU,MLD,"Malabar Dental College, Edappal",BDS,MU,1,mbbs_p3_final.pdf
2025,3,6207,32165,BH,BH,AID,"Sree Anjaneya Institue of Dental Scinces, Atholi, Kozhikode",BDS,BH,3,mbbs_p3_final.pdf
2025,3,6208,32185,SC,SM,SVD,"Sri Sankara Dental College, Akathumuri, Varkala",BDS,SM,22,mbbs_p3_final.pdf
2025,3,6209,32196,General,MM,KAD,"Kannur Dental College, Anjarakandy, Kannur",BDS,MM,1,mbbs_p3_final.pdf
2025,3,6210,32207,General,SM,SVD,"Sri Sankara Dental College, Akathumuri, Varkala",BDS,SM,58,mbbs_p3_final.pdf
2025,3,6211,32249,MU,MU,AID,"Sree Anjaneya Institue of Dental Scinces, Atholi, Kozhikode",BDS,MU,25,mbbs_p3_final.pdf
2025,3,6212,32259,General,SM,SVD,"Sri Sankara Dental College, Akathumuri, Varkala",BDS,SM,56,mbbs_p3_final.pdf
2025,3,6213,32275,BH,NR,SIM,"Sree Narayana Institute of Medical Sciences, Chalakka, Ernakulam.",MBBS,NR,2,mbbs_p3_final.pdf
2025,3,6214,32278,SC,SM,KAD,"Kannur Dental College, Anjarakandy, Kannur",BDS,SM,51,mbbs_p3_final.pdf
2025,3,6215,32279,LA,SM,SVD,"Sri Sankara Dental College, Akathumuri, Varkala",BDS,SM,1,mbbs_p3_final.pdf
2025,3,6216,32284,General,SM,SVD,"Sri Sankara Dental College, Akathumuri, Varkala",BDS,SM,3,mbbs_p3_final.pdf
2025,3,6217,32289,General,NR,KEM,"Kerala Medical College, Palakkad",MBBS,NR,36,mbbs_p3_final.pdf
2025,3,6218,32302,SC,SM,SVD,"Sri Sankara Dental College, Akathumuri, Varkala",BDS,SM,53,mbbs_p3_final.pdf
2025,3,6219,32320,SC,SM,SVD,"Sri Sankara Dental College, Akathumuri, Varkala",BDS,SM,52,mbbs_p3_final.pdf
2025,3,6220,32331,SC,SM,SVD,"Sri Sankara Dental College, Akathumuri, Varkala",BDS,SM,44,mbbs_p3_final.pdf
2025,3,6221,32332,MU,MU,IGD,"Indira Gandhi Institute of Dental Sciences, Kothamangalam",BDS,MU,42,mbbs_p3_final.pdf
2025,3,6222,32355,MU,MM,EID,"Educare Institute of Dental Sciences, Malappuram",BDS,MM,2,mbbs_p3_final.pdf
2025,3,6223,32380,VK,VK,AAD,"Al Azhar Dental College, Thodupuzha",BDS,VK,1,mbbs_p3_final.pdf
2025,3,6224,32388,MU,MM,TRD,"Travancore DentalCollege, Kollam",BDS,MM,1,mbbs_p3_final.pdf
2025,3,6225,32399,General,SM,SVD,"Sri Sankara Dental College, Akathumuri, Varkala",BDS,SM,17,mbbs_p3_final.pdf
2025,3,6226,32401,General,NM,AZC,"Azeezia Institute of Medi Science, Meyyannoor, Kollam",MBBS,NM,19,mbbs_p3_final.pdf
2025,3,6227,32406,General,NR,KCM,"KMCT Medical College, Mukkom, Kozikkode",MBBS,NR,1,mbbs_p3_final.pdf
2025,3,6228,32416,General,NR,SUC,"SUT Accademy of Medical Sciences, Thiruvananthapuram",MBBS,NR,1,mbbs_p3_final.pdf
2025,3,6229,32433,ST,ST,TCD,"Govt. Dental College, Thrissur",BDS,ST,4,mbbs_p3_final.pdf
2025,3,6230,32443,MU,MM,EID,"Educare Institute of Dental Sciences, Malappuram",BDS,MM,51,mbbs_p3_final.pdf
2025,3,6231,32465,General,NR,SIM,"Sree Narayana Institute of Medical Sciences, Chalakka, Ernakulam.",MBBS,NR,27,mbbs_p3_final.pdf
2025,3,6232,32478,MU,MM,RDC,"Royal Dental College, Chalisery, Palakkad",BDS,MM,8,mbbs_p3_final.pdf
2025,3,6233,32482,ST,ST,ALD,"Government Dental College, Alappuzha",BDS,ST,7,mbbs_p3_final.pdf
2025,3,6234,32494,BX,SM,SVD,"Sri Sankara Dental College, Akathumuri, Varkala",BDS,SM,58,mbbs_p3_final.pdf
2025,3,6235,32500,SC,SM,KAD,"Kannur Dental College, Anjarakandy, Kannur",BDS,SM,13,mbbs_p3_final.pdf
2025,3,6236,32506,SC,SC,SVD,"Sri Sankara Dental College, Akathumuri, Varkala",BDS,SC,50,mbbs_p3_final.pdf
2025,3,6237,32515,MU,NM,TRM,"Travancore Medical College, Umayanalloor, Kollam",MBBS,NM,3,mbbs_p3_final.pdf
2025,3,6238,32519,General,NR,MZM,"Mount Zion Medical College, Pathanamthitta",MBBS,NR,20,mbbs_p3_final.pdf
2025,3,6239,32531,General,SM,KAD,"Kannur Dental College, Anjarakandy, Kannur",BDS,SM,60,mbbs_p3_final.pdf
2025,3,6240,32539,General,NR,SIM,"Sree Narayana Institute of Medical Sciences, Chalakka, Ernakulam.",MBBS,NR,27,mbbs_p3_final.pdf
2025,3,6241,32544,SC,SM,KAD,"Kannur Dental College, Anjarakandy, Kannur",BDS,SM,42,mbbs_p3_final.pdf
2025,3,6242,32553,BX,SM,KAD,"Kannur Dental College, Anjarakandy, Kannur",BDS,SM,1,mbbs_p3_final.pdf
2025,3,6243,32567,ST,ST,AAD,"Al Azhar Dental College, Thodupuzha",BDS,ST,1,mbbs_p3_final.pdf
2025,3,6244,32575,BH,BH,MLD,"Malabar Dental College, Edappal",BDS,BH,48,mbbs_p3_final.pdf
2025,3,6245,32625,BX,BX,SVD,"Sri Sankara Dental College, Akathumuri, Varkala",BDS,BX,28,mbbs_p3_final.pdf
2025,3,6246,32656,KU,SM,KAD,"Kannur Dental College, Anjarakandy, Kannur",BDS,SM,42,mbbs_p3_final.pdf
2025,3,6247,32664,MU,MU,PSD,"PSM College of Dental Sciences, Thrissur",BDS,MU,45,mbbs_p3_final.pdf
2025,3,6248,32665,MU,MU,MLD,"Malabar Dental College, Edappal",BDS,MU,21,mbbs_p3_final.pdf
2025,3,6249,32666,EZ,EZ,NID,"Noorul Islam College of Dental Science, Neyyattinkara",BDS,EZ,21,mbbs_p3_final.pdf
2025,3,6250,32702,SC,SM,KAD,"Kannur Dental College, Anjarakandy, Kannur",BDS,SM,42,mbbs_p3_final.pdf
2025,3,6251,32708,General,NR,MMH,"Malabar Medical College Hospital, Kozhikkode",MBBS,NR,16,mbbs_p3_final.pdf
2025,3,6252,32719,MU,MU,AID,"Sree Anjaneya Institue of Dental Scinces, Atholi, Kozhikode",BDS,MU,2,mbbs_p3_final.pdf
2025,3,6253,32725,MU,NM,TRM,"Travancore Medical College, Umayanalloor, Kollam",MBBS,NM,1,mbbs_p3_final.pdf
2025,3,6254,32759,General,NR,MBD,"Mar Baselious Dental College, Kothamangalam",BDS,NR,9,mbbs_p3_final.pdf
2025,3,6255,32769,SC,SC,SVD,"Sri Sankara Dental College, Akathumuri, Varkala",BDS,SC,3,mbbs_p3_final.pdf
2025,3,6256,32771,EW,EW,MLD,"Malabar Dental College, Edappal",BDS,EW,21,mbbs_p3_final.pdf
2025,3,6257,32790,BH,BH,IGD,"Indira Gandhi Institute of Dental Sciences, Kothamangalam",BDS,BH,19,mbbs_p3_final.pdf
2025,3,6258,32799,General,NR,SUC,"SUT Accademy of Medical Sciences, Thiruvananthapuram",MBBS,NR,4,mbbs_p3_final.pdf
2025,3,6259,32815,BH,BH,SVD,"Sri Sankara Dental College, Akathumuri, Varkala",BDS,BH,47,mbbs_p3_final.pdf
2025,3,6260,32817,General,NR,KDM,"P K Das Institute of Medical Sciences, Ottapalam",MBBS,NR,1,mbbs_p3_final.pdf
2025,3,6261,32820,MU,MU,IGD,"Indira Gandhi Institute of Dental Sciences, Kothamangalam",BDS,MU,8,mbbs_p3_final.pdf
2025,3,6262,32860,MU,NM,TRM,"Travancore Medical College, Umayanalloor, Kollam",MBBS,NM,1,mbbs_p3_final.pdf
2025,3,6263,32864,SC,SC,SVD,"Sri Sankara Dental College, Akathumuri, Varkala",BDS,SC,45,mbbs_p3_final.pdf
2025,3,6264,32871,BH,BH,PSD,"PSM College of Dental Sciences, Thrissur",BDS,BH,54,mbbs_p3_final.pdf
2025,3,6265,32879,KN,KN,MLD,"Malabar Dental College, Edappal",BDS,KN,45,mbbs_p3_final.pdf
2025,3,6266,32884,General,PD,TCM,"Govt. Medical College, Thrissur",MBBS,PD,1,mbbs_p3_final.pdf
2025,3,6267,32889,DV,DV,IGD,"Indira Gandhi Institute of Dental Sciences, Kothamangalam",BDS,DV,32,mbbs_p3_final.pdf
2025,3,6268,32907,MU,MU,MLD,"Malabar Dental College, Edappal",BDS,MU,8,mbbs_p3_final.pdf
2025,3,6269,32920,EW,EW,AID,"Sree Anjaneya Institue of Dental Scinces, Atholi, Kozhikode",BDS,EW,2,mbbs_p3_final.pdf
2025,3,6270,32923,General,NR,MZM,"Mount Zion Medical College, Pathanamthitta",MBBS,NR,1,mbbs_p3_final.pdf
2025,3,6271,32925,General,NC,SMC,"Dr. Somervell Memorial CSI Medical College, Karakonam",MBBS,NC,18,mbbs_p3_final.pdf
2025,3,6272,32993,MU,NR,KCM,"KMCT Medical College, Mukkom, Kozikkode",MBBS,NR,43,mbbs_p3_final.pdf
2025,3,6273,33003,MU,MU,NID,"Noorul Islam College of Dental Science, Neyyattinkara",BDS,MU,3,mbbs_p3_final.pdf
2025,3,6274,33008,General,NR,SUC,"SUT Accademy of Medical Sciences, Thiruvananthapuram",MBBS,NR,2,mbbs_p3_final.pdf
2025,3,6275,33012,KU,KU,AAD,"Al Azhar Dental College, Thodupuzha",BDS,KU,42,mbbs_p3_final.pdf
2025,3,6276,33030,SC,SC,SVD,"Sri Sankara Dental College, Akathumuri, Varkala",BDS,SC,52,mbbs_p3_final.pdf
2025,3,6277,33037,SC,SC,KAD,"Kannur Dental College, Anjarakandy, Kannur",BDS,SC,36,mbbs_p3_final.pdf
2025,3,6278,33043,SC,SC,SVD,"Sri Sankara Dental College, Akathumuri, Varkala",BDS,SC,46,mbbs_p3_final.pdf
2025,3,6279,33062,General,NR,KMM,"Karuna Medical College, Vilayodi, Palakkad",MBBS,NR,21,mbbs_p3_final.pdf
2025,3,6280,33127,SC,SC,SVD,"Sri Sankara Dental College, Akathumuri, Varkala",BDS,SC,58,mbbs_p3_final.pdf
2025,3,6281,33130,SC,SC,SVD,"Sri Sankara Dental College, Akathumuri, Varkala",BDS,SC,50,mbbs_p3_final.pdf
2025,3,6282,33139,LA,NR *,MZM,"Mount Zion Medical College, Pathanamthitta",MBBS,NR *,1,mbbs_p3_final.pdf
2025,3,6283,33166,EZ,NR,KDM,"P K Das Institute of Medical Sciences, Ottapalam",MBBS,NR,1,mbbs_p3_final.pdf
2025,3,6284,33216,General,MM,TRD,"Travancore DentalCollege, Kollam",BDS,MM,8,mbbs_p3_final.pdf
2025,3,6285,33224,SC,SC,KAD,"Kannur Dental College, Anjarakandy, Kannur",BDS,SC,59,mbbs_p3_final.pdf
2025,3,6286,33229,EW,NR,SIM,"Sree Narayana Institute of Medical Sciences, Chalakka, Ernakulam.",MBBS,NR,14,mbbs_p3_final.pdf
2025,3,6287,33243,EZ,NR,MMH,"Malabar Medical College Hospital, Kozhikkode",MBBS,NR,1,mbbs_p3_final.pdf
2025,3,6288,33247,DV,DV,MLD,"Malabar Dental College, Edappal",BDS,DV,14,mbbs_p3_final.pdf
2025,3,6289,33281,SC,SC,SVD,"Sri Sankara Dental College, Akathumuri, Varkala",BDS,SC,26,mbbs_p3_final.pdf
2025,3,6290,33293,LA,LA,IGD,"Indira Gandhi Institute of Dental Sciences, Kothamangalam",BDS,LA,4,mbbs_p3_final.pdf
2025,3,6291,33310,General,NR,SUC,"SUT Accademy of Medical Sciences, Thiruvananthapuram",MBBS,NR,1,mbbs_p3_final.pdf
2025,3,6292,33334,MU,MU,IGD,"Indira Gandhi Institute of Dental Sciences, Kothamangalam",BDS,MU,8,mbbs_p3_final.pdf
2025,3,6293,33354,DV,DV,NID,"Noorul Islam College of Dental Science, Neyyattinkara",BDS,DV,46,mbbs_p3_final.pdf
2025,3,6294,33369,General,NR,MZM,"Mount Zion Medical College, Pathanamthitta",MBBS,NR,1,mbbs_p3_final.pdf
2025,3,6295,33371,General,NR,KDM,"P K Das Institute of Medical Sciences, Ottapalam",MBBS,NR,30,mbbs_p3_final.pdf
2025,3,6296,33376,MU,MM,AZD,"Azeezia College of Dental Science, Meyyannoor, Kollam",BDS,MM,39,mbbs_p3_final.pdf
2025,3,6297,33397,MU,MM,EID,"Educare Institute of Dental Sciences, Malappuram",BDS,MM,8,mbbs_p3_final.pdf
2025,3,6298,33411,SC,SC,SVD,"Sri Sankara Dental College, Akathumuri, Varkala",BDS,SC,42,mbbs_p3_final.pdf
2025,3,6299,33445,SC,SC,KAD,"Kannur Dental College, Anjarakandy, Kannur",BDS,SC,59,mbbs_p3_final.pdf
2025,3,6300,33463,MU,MU,IGD,"Indira Gandhi Institute of Dental Sciences, Kothamangalam",BDS,MU,1,mbbs_p3_final.pdf
2025,3,6301,33485,EZ,EZ,NID,"Noorul Islam College of Dental Science, Neyyattinkara",BDS,EZ,2,mbbs_p3_final.pdf
2025,3,6302,33514,BX,BX,KAD,"Kannur Dental College, Anjarakandy, Kannur",BDS,BX,59,mbbs_p3_final.pdf
2025,3,6303,33515,General,NR,MBD,"Mar Baselious Dental College, Kothamangalam",BDS,NR,1,mbbs_p3_final.pdf
2025,3,6304,33521,General,NR,SUC,"SUT Accademy of Medical Sciences, Thiruvananthapuram",MBBS,NR,1,mbbs_p3_final.pdf
2025,3,6305,33524,BH,BH,IGD,"Indira Gandhi Institute of Dental Sciences, Kothamangalam",BDS,BH,43,mbbs_p3_final.pdf
2025,3,6306,33531,MU,MM,TRD,"Travancore DentalCollege, Kollam",BDS,MM,1,mbbs_p3_final.pdf
2025,3,6307,33557,SC,SC,KAD,"Kannur Dental College, Anjarakandy, Kannur",BDS,SC,57,mbbs_p3_final.pdf
2025,3,6308,33655,MU,NM,AZC,"Azeezia Institute of Medi Science, Meyyannoor, Kollam",MBBS,NM,1,mbbs_p3_final.pdf
2025,3,6309,33665,MU,NR,MMH,"Malabar Medical College Hospital, Kozhikkode",MBBS,NR,1,mbbs_p3_final.pdf
2025,3,6310,33710,MU,MU,AID,"Sree Anjaneya Institue of Dental Scinces, Atholi, Kozhikode",BDS,MU,13,mbbs_p3_final.pdf
2025,3,6311,33711,LA,NR,DMM,"Dr. Moopens Medical College, Meppadi, Wayanad",MBBS,NR,1,mbbs_p3_final.pdf
2025,3,6312,33715,MU,MM,TRD,"Travancore DentalCollege, Kollam",BDS,MM,1,mbbs_p3_final.pdf
2025,3,6313,33727,MU,NR,KCM,"KMCT Medical College, Mukkom, Kozikkode",MBBS,NR,1,mbbs_p3_final.pdf
2025,3,6314,33728,MU,MU,NID,"Noorul Islam College of Dental Science, Neyyattinkara",BDS,MU,14,mbbs_p3_final.pdf
2025,3,6315,33738,EZ,EZ,PSD,"PSM College of Dental Sciences, Thrissur",BDS,EZ,6,mbbs_p3_final.pdf
2025,3,6316,33742,SC,SC,KAD,"Kannur Dental College, Anjarakandy, Kannur",BDS,SC,1,mbbs_p3_final.pdf
2025,3,6317,33766,SC,SC,KAD,"Kannur Dental College, Anjarakandy, Kannur",BDS,SC,47,mbbs_p3_final.pdf
2025,3,6318,33787,MU,MM,AZD,"Azeezia College of Dental Science, Meyyannoor, Kollam",BDS,MM,4,mbbs_p3_final.pdf
2025,3,6319,33788,BH,BH,PSD,"PSM College of Dental Sciences, Thrissur",BDS,BH,42,mbbs_p3_final.pdf
2025,3,6320,33802,EZ,NR,PIM,"Palakkad Institute of Medical Sciences, Walayar",MBBS,NR,1,mbbs_p3_final.pdf
2025,3,6321,33820,ST,ST,TVD,"Govt. Dental College, Thiruvananthapuram",BDS,ST,22,mbbs_p3_final.pdf
2025,3,6322,33828,VK,VK,MLD,"Malabar Dental College, Edappal",BDS,VK,10,mbbs_p3_final.pdf
2025,3,6323,33830,MU,NR,KCM,"KMCT Medical College, Mukkom, Kozikkode",MBBS,NR,6,mbbs_p3_final.pdf
2025,3,6324,33833,SC,SC,KAD,"Kannur Dental College, Anjarakandy, Kannur",BDS,SC,11,mbbs_p3_final.pdf
2025,3,6325,33877,DV,DV,SVD,"Sri Sankara Dental College, Akathumuri, Varkala",BDS,DV,4,mbbs_p3_final.pdf
2025,3,6326,33945,DV,DV,KAD,"Kannur Dental College, Anjarakandy, Kannur",BDS,DV,53,mbbs_p3_final.pdf
2025,3,6327,33948,General,NC,SMC,"Dr. Somervell Memorial CSI Medical College, Karakonam",MBBS,NC,1,mbbs_p3_final.pdf
2025,3,6328,33955,MU,NR,AAD,"Al Azhar Dental College, Thodupuzha",BDS,NR,1,mbbs_p3_final.pdf
2025,3,6329,33960,EZ,EZ,PSD,"PSM College of Dental Sciences, Thrissur",BDS,EZ,1,mbbs_p3_final.pdf
2025,3,6330,33963,LA,LA,IGD,"Indira Gandhi Institute of Dental Sciences, Kothamangalam",BDS,LA,25,mbbs_p3_final.pdf
2025,3,6331,33979,LA,LA,MLD,"Malabar Dental College, Edappal",BDS,LA,7,mbbs_p3_final.pdf
2025,3,6332,34011,ST,ST,MBD,"Mar Baselious Dental College, Kothamangalam",BDS,ST,31,mbbs_p3_final.pdf
2025,3,6333,34015,MU,MU,AID,"Sree Anjaneya Institue of Dental Scinces, Atholi, Kozhikode",BDS,MU,28,mbbs_p3_final.pdf
2025,3,6334,34021,MU,NR,KCM,"KMCT Medical College, Mukkom, Kozikkode",MBBS,NR,10,mbbs_p3_final.pdf
2025,3,6335,34026,MU,MM,AZD,"Azeezia College of Dental Science, Meyyannoor, Kollam",BDS,MM,3,mbbs_p3_final.pdf
2025,3,6336,34028,EZ,EZ,MED,"MES Dental College, Perinthalmanna",BDS,EZ,45,mbbs_p3_final.pdf
2025,3,6337,34062,EZ,EZ,IGD,"Indira Gandhi Institute of Dental Sciences, Kothamangalam",BDS,EZ,5,mbbs_p3_final.pdf
2025,3,6338,34077,MU,MU,AID,"Sree Anjaneya Institue of Dental Scinces, Atholi, Kozhikode",BDS,MU,8,mbbs_p3_final.pdf
2025,3,6339,34084,General,NR,SUC,"SUT Accademy of Medical Sciences, Thiruvananthapuram",MBBS,NR,11,mbbs_p3_final.pdf
2025,3,6340,34101,EZ,EZ,AID,"Sree Anjaneya Institue of Dental Scinces, Atholi, Kozhikode",BDS,EZ,2,mbbs_p3_final.pdf
2025,3,6341,34115,MU,MU,AID,"Sree Anjaneya Institue of Dental Scinces, Atholi, Kozhikode",BDS,MU,14,mbbs_p3_final.pdf
2025,3,6342,34134,MU,PD,CMC,"Govt. Medical College, Ernakulam",MBBS,PD,1,mbbs_p3_final.pdf
2025,3,6343,34139,General,NR,SUC,"SUT Accademy of Medical Sciences, Thiruvananthapuram",MBBS,NR,1,mbbs_p3_final.pdf
2025,3,6344,34150,KN,KN,AID,"Sree Anjaneya Institue of Dental Scinces, Atholi, Kozhikode",BDS,KN,23,mbbs_p3_final.pdf
2025,3,6345,34168,EZ,EZ,MLD,"Malabar Dental College, Edappal",BDS,EZ,4,mbbs_p3_final.pdf
2025,3,6346,34174,MU,MU,AID,"Sree Anjaneya Institue of Dental Scinces, Atholi, Kozhikode",BDS,MU,17,mbbs_p3_final.pdf
2025,3,6347,34194,EZ,EZ,AZD,"Azeezia College of Dental Science, Meyyannoor, Kollam",BDS,EZ,8,mbbs_p3_final.pdf
2025,3,6348,34242,General,NR,KDM,"P K Das Institute of Medical Sciences, Ottapalam",MBBS,NR,4,mbbs_p3_final.pdf
2025,3,6349,34260,LA,LA,AZD,"Azeezia College of Dental Science, Meyyannoor, Kollam",BDS,LA,47,mbbs_p3_final.pdf
2025,3,6350,34263,EZ,EZ,NID,"Noorul Islam College of Dental Science, Neyyattinkara",BDS,EZ,1,mbbs_p3_final.pdf
2025,3,6351,34265,MU,NR,SUC,"SUT Accademy of Medical Sciences, Thiruvananthapuram",MBBS,NR,21,mbbs_p3_final.pdf
2025,3,6352,34281,EZ,EZ,IGD,"Indira Gandhi Institute of Dental Sciences, Kothamangalam",BDS,EZ,45,mbbs_p3_final.pdf
2025,3,6353,34319,MU,MM,AZD,"Azeezia College of Dental Science, Meyyannoor, Kollam",BDS,MM,2,mbbs_p3_final.pdf
2025,3,6354,34375,MU,NM,AZC,"Azeezia Institute of Medi Science, Meyyannoor, Kollam",MBBS,NM,31,mbbs_p3_final.pdf
2025,3,6355,34434,EZ,NR,KDM,"P K Das Institute of Medical Sciences, Ottapalam",MBBS,NR,44,mbbs_p3_final.pdf
2025,3,6356,34446,General,NR,AAM,"Al Azhar Medical college, Thodupuzha",MBBS,NR,22,mbbs_p3_final.pdf
2025,3,6357,34464,General,NR,MMH,"Malabar Medical College Hospital, Kozhikkode",MBBS,NR,30,mbbs_p3_final.pdf
2025,3,6358,34497,General,MM,KAD,"Kannur Dental College, Anjarakandy, Kannur",BDS,MM,4,mbbs_p3_final.pdf
2025,3,6359,34504,MU,MU,TRD,"Travancore DentalCollege, Kollam",BDS,MU,26,mbbs_p3_final.pdf
2025,3,6360,34507,General,NR *,AAM,"Al Azhar Medical college, Thodupuzha",MBBS,NR *,1,mbbs_p3_final.pdf
2025,3,6361,34509,General,NC,SMC,"Dr. Somervell Memorial CSI Medical College, Karakonam",MBBS,NC,47,mbbs_p3_final.pdf
2025,3,6362,34514,EZ,EZ,SVD,"Sri Sankara Dental College, Akathumuri, Varkala",BDS,EZ,1,mbbs_p3_final.pdf
2025,3,6363,34587,EZ,EZ,EID,"Educare Institute of Dental Sciences, Malappuram",BDS,EZ,36,mbbs_p3_final.pdf
2025,3,6364,34613,MU,MM,TRD,"Travancore DentalCollege, Kollam",BDS,MM,3,mbbs_p3_final.pdf
2025,3,6365,34628,General,NR,KCM,"KMCT Medical College, Mukkom, Kozikkode",MBBS,NR,44,mbbs_p3_final.pdf
2025,3,6366,34661,General,PD,KLM,"Govt. Medical College, Parippally, Kollam",MBBS,PD,1,mbbs_p3_final.pdf
2025,3,6367,34682,MU,MM,AZD,"Azeezia College of Dental Science, Meyyannoor, Kollam",BDS,MM,4,mbbs_p3_final.pdf
2025,3,6368,34704,MU,NR,KCM,"KMCT Medical College, Mukkom, Kozikkode",MBBS,NR,1,mbbs_p3_final.pdf
2025,3,6369,34713,LA,LA,MED,"MES Dental College, Perinthalmanna",BDS,LA,14,mbbs_p3_final.pdf
2025,3,6370,34746,LA,LA,EID,"Educare Institute of Dental Sciences, Malappuram",BDS,LA,42,mbbs_p3_final.pdf
2025,3,6371,34752,MU,NR,AAM,"Al Azhar Medical college, Thodupuzha",MBBS,NR,1,mbbs_p3_final.pdf
2025,3,6372,34756,EZ,EZ,AAD,"Al Azhar Dental College, Thodupuzha",BDS,EZ,16,mbbs_p3_final.pdf
2025,3,6373,34757,BH,BH,MLD,"Malabar Dental College, Edappal",BDS,BH,51,mbbs_p3_final.pdf
2025,3,6374,34781,General,NR,MMH,"Malabar Medical College Hospital, Kozhikkode",MBBS,NR,1,mbbs_p3_final.pdf
2025,3,6375,34820,LA,LA,MLD,"Malabar Dental College, Edappal",BDS,LA,18,mbbs_p3_final.pdf
2025,3,6376,34821,MU,PD,MLP,"Govt. Medical College, Manjeri",MBBS,PD,1,mbbs_p3_final.pdf
2025,3,6377,34833,EZ,NR,KDM,"P K Das Institute of Medical Sciences, Ottapalam",MBBS,NR,30,mbbs_p3_final.pdf
2025,3,6378,34918,MU,NR,KDM,"P K Das Institute of Medical Sciences, Ottapalam",MBBS,NR,1,mbbs_p3_final.pdf
2025,3,6379,34948,EZ,EZ,IGD,"Indira Gandhi Institute of Dental Sciences, Kothamangalam",BDS,EZ,3,mbbs_p3_final.pdf
2025,3,6380,34966,General,NR,SUC,"SUT Accademy of Medical Sciences, Thiruvananthapuram",MBBS,NR,21,mbbs_p3_final.pdf
2025,3,6381,34982,BH,BH,SVD,"Sri Sankara Dental College, Akathumuri, Varkala",BDS,BH,8,mbbs_p3_final.pdf
2025,3,6382,35033,EZ,EZ,AID,"Sree Anjaneya Institue of Dental Scinces, Atholi, Kozhikode",BDS,EZ,1,mbbs_p3_final.pdf
2025,3,6383,35048,LA,LA,MED,"MES Dental College, Perinthalmanna",BDS,LA,28,mbbs_p3_final.pdf
2025,3,6384,35067,MU,NR,MMH,"Malabar Medical College Hospital, Kozhikkode",MBBS,NR,1,mbbs_p3_final.pdf
2025,3,6385,35096,EZ,EZ,PSD,"PSM College of Dental Sciences, Thrissur",BDS,EZ,4,mbbs_p3_final.pdf
2025,3,6386,35107,MU,MU,KAD,"Kannur Dental College, Anjarakandy, Kannur",BDS,MU,12,mbbs_p3_final.pdf
2025,3,6387,35112,BH,BH,SVD,"Sri Sankara Dental College, Akathumuri, Varkala",BDS,BH,19,mbbs_p3_final.pdf
2025,3,6388,35136,General,NR,SUC,"SUT Accademy of Medical Sciences, Thiruvananthapuram",MBBS,NR,3,mbbs_p3_final.pdf
2025,3,6389,35145,EZ,EZ,KAD,"Kannur Dental College, Anjarakandy, Kannur",BDS,EZ,1,mbbs_p3_final.pdf
2025,3,6390,35167,MU,MM,AZD,"Azeezia College of Dental Science, Meyyannoor, Kollam",BDS,MM,18,mbbs_p3_final.pdf
2025,3,6391,35193,MU,MM,AZD,"Azeezia College of Dental Science, Meyyannoor, Kollam",BDS,MM,5,mbbs_p3_final.pdf
2025,3,6392,35214,EZ,EZ,AZD,"Azeezia College of Dental Science, Meyyannoor, Kollam",BDS,EZ,11,mbbs_p3_final.pdf
2025,3,6393,35246,EZ,EZ,MED,"MES Dental College, Perinthalmanna",BDS,EZ,1,mbbs_p3_final.pdf
2025,3,6394,35260,MU,MM,AZD,"Azeezia College of Dental Science, Meyyannoor, Kollam",BDS,MM,21,mbbs_p3_final.pdf
2025,3,6395,35279,MU,MM,TRD,"Travancore DentalCollege, Kollam",BDS,MM,22,mbbs_p3_final.pdf
2025,3,6396,35307,EZ,NR,MMH,"Malabar Medical College Hospital, Kozhikkode",MBBS,NR,1,mbbs_p3_final.pdf
2025,3,6397,35337,EZ,EZ,EID,"Educare Institute of Dental Sciences, Malappuram",BDS,EZ,1,mbbs_p3_final.pdf
2025,3,6398,35355,LA,LA,AID,"Sree Anjaneya Institue of Dental Scinces, Atholi, Kozhikode",BDS,LA,11,mbbs_p3_final.pdf
2025,3,6399,35374,MU,MM,AZD,"Azeezia College of Dental Science, Meyyannoor, Kollam",BDS,MM,9,mbbs_p3_final.pdf
2025,3,6400,35375,General,PD,CMC,"Govt. Medical College, Ernakulam",MBBS,PD,1,mbbs_p3_final.pdf
2025,3,6401,35392,EW,EW,ADC,"Annoor Dental College, Puthuppady, Muvattupuzha",BDS,EW,28,mbbs_p3_final.pdf
2025,3,6402,35426,General,NR,MMH,"Malabar Medical College Hospital, Kozhikkode",MBBS,NR,1,mbbs_p3_final.pdf
2025,3,6403,35433,BH,BH,KAD,"Kannur Dental College, Anjarakandy, Kannur",BDS,BH,60,mbbs_p3_final.pdf
2025,3,6404,35448,ST,ST,ADC,"Annoor Dental College, Puthuppady, Muvattupuzha",BDS,ST,36,mbbs_p3_final.pdf
2025,3,6405,35481,General,NC,SMC,"Dr. Somervell Memorial CSI Medical College, Karakonam",MBBS,NC,24,mbbs_p3_final.pdf
2025,3,6406,35491,BX,NR,SUC,"SUT Accademy of Medical Sciences, Thiruvananthapuram",MBBS,NR,1,mbbs_p3_final.pdf
2025,3,6407,35492,BH,BH,KAD,"Kannur Dental College, Anjarakandy, Kannur",BDS,BH,4,mbbs_p3_final.pdf
2025,3,6408,35516,MU,MM,AZD,"Azeezia College of Dental Science, Meyyannoor, Kollam",BDS,MM,5,mbbs_p3_final.pdf
2025,3,6409,35536,EZ,EZ,MLD,"Malabar Dental College, Edappal",BDS,EZ,43,mbbs_p3_final.pdf
2025,3,6410,35539,MU,MM,AZD,"Azeezia College of Dental Science, Meyyannoor, Kollam",BDS,MM,61,mbbs_p3_final.pdf
2025,3,6411,35561,MU,NR,SUC,"SUT Accademy of Medical Sciences, Thiruvananthapuram",MBBS,NR,27,mbbs_p3_final.pdf
2025,3,6412,35619,General,NR,SUC,"SUT Accademy of Medical Sciences, Thiruvananthapuram",MBBS,NR,28,mbbs_p3_final.pdf
2025,3,6413,35646,ST,ST,KMD,"KMCT Dental College, Mambatta, Mukkam, Kozhikode",BDS,ST,42,mbbs_p3_final.pdf
2025,3,6414,35683,MU,MU,SVD,"Sri Sankara Dental College, Akathumuri, Varkala",BDS,MU,38,mbbs_p3_final.pdf
2025,3,6415,35697,MU,PD,CMC,"Govt. Medical College, Ernakulam",MBBS,PD,1,mbbs_p3_final.pdf
2025,3,6416,35700,General,NR,AAM,"Al Azhar Medical college, Thodupuzha",MBBS,NR,7,mbbs_p3_final.pdf
2025,3,6417,35709,BX,NC,SMC,"Dr. Somervell Memorial CSI Medical College, Karakonam",MBBS,NC,43,mbbs_p3_final.pdf
2025,3,6418,35752,MU,MM,AZD,"Azeezia College of Dental Science, Meyyannoor, Kollam",BDS,MM,8,mbbs_p3_final.pdf
2025,3,6419,35775,General,NR,KDM,"P K Das Institute of Medical Sciences, Ottapalam",MBBS,NR,1,mbbs_p3_final.pdf
2025,3,6420,35780,MU,NR,MMH,"Malabar Medical College Hospital, Kozhikkode",MBBS,NR,1,mbbs_p3_final.pdf
2025,3,6421,35790,EW,NR,AAM,"Al Azhar Medical college, Thodupuzha",MBBS,NR,34,mbbs_p3_final.pdf
2025,3,6422,35825,MU,NR,KCM,"KMCT Medical College, Mukkom, Kozikkode",MBBS,NR,6,mbbs_p3_final.pdf
2025,3,6423,35827,MU,MU,KAD,"Kannur Dental College, Anjarakandy, Kannur",BDS,MU,59,mbbs_p3_final.pdf
2025,3,6424,35831,General,NR,MMH,"Malabar Medical College Hospital, Kozhikkode",MBBS,NR,1,mbbs_p3_final.pdf
2025,3,6425,35835,General,NR,DMM,"Dr. Moopens Medical College, Meppadi, Wayanad",MBBS,NR,10,mbbs_p3_final.pdf
2025,3,6426,35865,EZ,EZ,MED,"MES Dental College, Perinthalmanna",BDS,EZ,46,mbbs_p3_final.pdf
2025,3,6427,35870,MU,MM,AZD,"Azeezia College of Dental Science, Meyyannoor, Kollam",BDS,MM,10,mbbs_p3_final.pdf
2025,3,6428,35901,MU,MU,KAD,"Kannur Dental College, Anjarakandy, Kannur",BDS,MU,11,mbbs_p3_final.pdf
2025,3,6429,35904,MU,MU,SVD,"Sri Sankara Dental College, Akathumuri, Varkala",BDS,MU,26,mbbs_p3_final.pdf
2025,3,6430,35915,EZ,EZ,MLD,"Malabar Dental College, Edappal",BDS,EZ,1,mbbs_p3_final.pdf
2025,3,6431,35920,ST,ST,IGD,"Indira Gandhi Institute of Dental Sciences, Kothamangalam",BDS,ST,36,mbbs_p3_final.pdf
2025,3,6432,35927,MU,NR,AAM,"Al Azhar Medical college, Thodupuzha",MBBS,NR,37,mbbs_p3_final.pdf
2025,3,6433,35977,MU,MM,KAD,"Kannur Dental College, Anjarakandy, Kannur",BDS,MM,49,mbbs_p3_final.pdf
2025,3,6434,35991,General,NR,SUC,"SUT Accademy of Medical Sciences, Thiruvananthapuram",MBBS,NR,8,mbbs_p3_final.pdf
2025,3,6435,36039,MU,MM,AZD,"Azeezia College of Dental Science, Meyyannoor, Kollam",BDS,MM,7,mbbs_p3_final.pdf
2025,3,6436,36079,General,NR,KDM,"P K Das Institute of Medical Sciences, Ottapalam",MBBS,NR,26,mbbs_p3_final.pdf
2025,3,6437,36097,EZ,EZ,AID,"Sree Anjaneya Institue of Dental Scinces, Atholi, Kozhikode",BDS,EZ,1,mbbs_p3_final.pdf
2025,3,6438,36144,General,NR,MMH,"Malabar Medical College Hospital, Kozhikkode",MBBS,NR,1,mbbs_p3_final.pdf
2025,3,6439,36159,MU,PD,ALP,"T D Govt. Medical College, Alappuzha",MBBS,PD,1,mbbs_p3_final.pdf
2025,3,6440,36180,LA,LA,EID,"Educare Institute of Dental Sciences, Malappuram",BDS,LA,12,mbbs_p3_final.pdf
2025,3,6441,36182,EZ,EZ,SVD,"Sri Sankara Dental College, Akathumuri, Varkala",BDS,EZ,1,mbbs_p3_final.pdf
2025,3,6442,36231,General,NR,KDM,"P K Das Institute of Medical Sciences, Ottapalam",MBBS,NR,2,mbbs_p3_final.pdf
2025,3,6443,36234,EZ,EZ,AAD,"Al Azhar Dental College, Thodupuzha",BDS,EZ,1,mbbs_p3_final.pdf
2025,3,6444,36246,MU,MM,TRD,"Travancore DentalCollege, Kollam",BDS,MM,15,mbbs_p3_final.pdf
2025,3,6445,36275,MU,NR,MMH,"Malabar Medical College Hospital, Kozhikkode",MBBS,NR,1,mbbs_p3_final.pdf
2025,3,6446,36297,General,NC,SMC,"Dr. Somervell Memorial CSI Medical College, Karakonam",MBBS,NC,48,mbbs_p3_final.pdf
2025,3,6447,36306,VK,VK,IGD,"Indira Gandhi Institute of Dental Sciences, Kothamangalam",BDS,VK,1,mbbs_p3_final.pdf
2025,3,6448,36316,General,NR,AAM,"Al Azhar Medical college, Thodupuzha",MBBS,NR,1,mbbs_p3_final.pdf
2025,3,6449,36402,MU,MM,TRD,"Travancore DentalCollege, Kollam",BDS,MM,18,mbbs_p3_final.pdf
2025,3,6450,36467,MU,MU,KAD,"Kannur Dental College, Anjarakandy, Kannur",BDS,MU,36,mbbs_p3_final.pdf
2025,3,6451,36469,MU,MM,TRD,"Travancore DentalCollege, Kollam",BDS,MM,44,mbbs_p3_final.pdf
2025,3,6452,36490,General,NR,MZM,"Mount Zion Medical College, Pathanamthitta",MBBS,NR,10,mbbs_p3_final.pdf
2025,3,6453,36496,EZ,EZ,PSD,"PSM College of Dental Sciences, Thrissur",BDS,EZ,9,mbbs_p3_final.pdf
2025,3,6454,36518,VK,VK,EID,"Educare Institute of Dental Sciences, Malappuram",BDS,VK,6,mbbs_p3_final.pdf
2025,3,6455,36536,General,NR,MMH,"Malabar Medical College Hospital, Kozhikkode",MBBS,NR,19,mbbs_p3_final.pdf
2025,3,6456,36554,EW,EW,RDC,"Royal Dental College, Chalisery, Palakkad",BDS,EW,1,mbbs_p3_final.pdf
2025,3,6457,36601,General,NR,KDM,"P K Das Institute of Medical Sciences, Ottapalam",MBBS,NR,8,mbbs_p3_final.pdf
2025,3,6458,36618,MU,MU,SVD,"Sri Sankara Dental College, Akathumuri, Varkala",BDS,MU,8,mbbs_p3_final.pdf
2025,3,6459,36626,EW,EW,MLD,"Malabar Dental College, Edappal",BDS,EW,1,mbbs_p3_final.pdf
2025,3,6460,36629,MU,NM,AZC,"Azeezia Institute of Medi Science, Meyyannoor, Kollam",MBBS,NM,13,mbbs_p3_final.pdf
2025,3,6461,36644,General,PD,TCM,"Govt. Medical College, Thrissur",MBBS,PD,1,mbbs_p3_final.pdf
2025,3,6462,36697,EZ,EZ,IGD,"Indira Gandhi Institute of Dental Sciences, Kothamangalam",BDS,EZ,1,mbbs_p3_final.pdf
2025,3,6463,36762,MU,MU,KAD,"Kannur Dental College, Anjarakandy, Kannur",BDS,MU,18,mbbs_p3_final.pdf
2025,3,6464,36770,MU,NR,AAM,"Al Azhar Medical college, Thodupuzha",MBBS,NR,1,mbbs_p3_final.pdf
2025,3,6465,36778,EW,EW,RDC,"Royal Dental College, Chalisery, Palakkad",BDS,EW,1,mbbs_p3_final.pdf
2025,3,6466,36789,MU,MU,KAD,"Kannur Dental College, Anjarakandy, Kannur",BDS,MU,17,mbbs_p3_final.pdf
2025,3,6467,36792,EZ,NR,PIM,"Palakkad Institute of Medical Sciences, Walayar",MBBS,NR,2,mbbs_p3_final.pdf
2025,3,6468,36809,MU,MM,TRD,"Travancore DentalCollege, Kollam",BDS,MM,6,mbbs_p3_final.pdf
2025,3,6469,36848,MU,NR,AAM,"Al Azhar Medical college, Thodupuzha",MBBS,NR,3,mbbs_p3_final.pdf
2025,3,6470,36870,General,NR,PMS,"PMS College of Dental Sciences, Vattappara, TVPM",BDS,NR,1,mbbs_p3_final.pdf
2025,3,6471,36873,MU,NR,KEM,"Kerala Medical College, Palakkad",MBBS,NR,3,mbbs_p3_final.pdf
2025,3,6472,36880,EW,EW,NID,"Noorul Islam College of Dental Science, Neyyattinkara",BDS,EW,21,mbbs_p3_final.pdf
2025,3,6473,36900,MU,NR,MMH,"Malabar Medical College Hospital, Kozhikkode",MBBS,NR,5,mbbs_p3_final.pdf
2025,3,6474,36914,MU,NR,KCM,"KMCT Medical College, Mukkom, Kozikkode",MBBS,NR,10,mbbs_p3_final.pdf
2025,3,6475,36959,LA,LA,EID,"Educare Institute of Dental Sciences, Malappuram",BDS,LA,1,mbbs_p3_final.pdf
2025,3,6476,36965,EZ,EZ,MLD,"Malabar Dental College, Edappal",BDS,EZ,4,mbbs_p3_final.pdf
2025,3,6477,36967,MU,MM,TRD,"Travancore DentalCollege, Kollam",BDS,MM,3,mbbs_p3_final.pdf
2025,3,6478,36990,General,NR *,MMH,"Malabar Medical College Hospital, Kozhikkode",MBBS,NR *,4,mbbs_p3_final.pdf
2025,3,6479,36998,EZ,EZ,AID,"Sree Anjaneya Institue of Dental Scinces, Atholi, Kozhikode",BDS,EZ,1,mbbs_p3_final.pdf
2025,3,6480,37001,General,NR,MZM,"Mount Zion Medical College, Pathanamthitta",MBBS,NR,3,mbbs_p3_final.pdf
2025,3,6481,37009,General,NR,PSD,"PSM College of Dental Sciences, Thrissur",BDS,NR,3,mbbs_p3_final.pdf
2025,3,6482,37011,General,NR,KDM,"P K Das Institute of Medical Sciences, Ottapalam",MBBS,NR,1,mbbs_p3_final.pdf
2025,3,6483,37062,KN,KN,KAD,"Kannur Dental College, Anjarakandy, Kannur",BDS,KN,44,mbbs_p3_final.pdf
2025,3,6484,37067,EZ,EZ,IGD,"Indira Gandhi Institute of Dental Sciences, Kothamangalam",BDS,EZ,20,mbbs_p3_final.pdf
2025,3,6485,37107,EZ,EZ,IGD,"Indira Gandhi Institute of Dental Sciences, Kothamangalam",BDS,EZ,23,mbbs_p3_final.pdf
2025,3,6486,37132,General,NR,KDM,"P K Das Institute of Medical Sciences, Ottapalam",MBBS,NR,1,mbbs_p3_final.pdf
2025,3,6487,37157,General,NR,MBD,"Mar Baselious Dental College, Kothamangalam",BDS,NR,1,mbbs_p3_final.pdf
2025,3,6488,37183,EZ,EZ,MLD,"Malabar Dental College, Edappal",BDS,EZ,7,mbbs_p3_final.pdf
2025,3,6489,37194,General,PD,KTM,"Govt. Medical College, Kottayam",MBBS,PD,1,mbbs_p3_final.pdf
2025,3,6490,37235,MU,MM,KAD,"Kannur Dental College, Anjarakandy, Kannur",BDS,MM,50,mbbs_p3_final.pdf
2025,3,6491,37245,MU,NR,AAM,"Al Azhar Medical college, Thodupuzha",MBBS,NR,41,mbbs_p3_final.pdf
2025,3,6492,37324,MU,MM,TRD,"Travancore DentalCollege, Kollam",BDS,MM,4,mbbs_p3_final.pdf
2025,3,6493,37350,General,NR,SUC,"SUT Accademy of Medical Sciences, Thiruvananthapuram",MBBS,NR,19,mbbs_p3_final.pdf
2025,3,6494,37391,EZ,PD,MLP,"Govt. Medical College, Manjeri",MBBS,PD,1,mbbs_p3_final.pdf
2025,3,6495,37397,ST,ST,KMD,"KMCT Dental College, Mambatta, Mukkam, Kozhikode",BDS,ST,36,mbbs_p3_final.pdf
2025,3,6496,37429,General,NR,DMM,"Dr. Moopens Medical College, Meppadi, Wayanad",MBBS,NR,9,mbbs_p3_final.pdf
2025,3,6497,37442,EW,EW,ADC,"Annoor Dental College, Puthuppady, Muvattupuzha",BDS,EW,48,mbbs_p3_final.pdf
2025,3,6498,37526,General,NR,KDM,"P K Das Institute of Medical Sciences, Ottapalam",MBBS,NR,1,mbbs_p3_final.pdf
2025,3,6499,37564,General,NR,PMS,"PMS College of Dental Sciences, Vattappara, TVPM",BDS,NR,1,mbbs_p3_final.pdf
2025,3,6500,37578,MU,MU,SVD,"Sri Sankara Dental College, Akathumuri, Varkala",BDS,MU,22,mbbs_p3_final.pdf
2025,3,6501,37583,VK,VK,KAD,"Kannur Dental College, Anjarakandy, Kannur",BDS,VK,48,mbbs_p3_final.pdf
2025,3,6502,37619,General,NR,KDM,"P K Das Institute of Medical Sciences, Ottapalam",MBBS,NR,1,mbbs_p3_final.pdf
2025,3,6503,37684,MU,MM,KAD,"Kannur Dental College, Anjarakandy, Kannur",BDS,MM,4,mbbs_p3_final.pdf
2025,3,6504,37708,KU,KU,MLD,"Malabar Dental College, Edappal",BDS,KU,48,mbbs_p3_final.pdf
2025,3,6505,37728,EZ,EZ,AZD,"Azeezia College of Dental Science, Meyyannoor, Kollam",BDS,EZ,46,mbbs_p3_final.pdf
2025,3,6506,37746,MU,PD,ALP,"T D Govt. Medical College, Alappuzha",MBBS,PD,1,mbbs_p3_final.pdf
2025,3,6507,37814,MU,MM,KAD,"Kannur Dental College, Anjarakandy, Kannur",BDS,MM,1,mbbs_p3_final.pdf
2025,3,6508,37836,MU,MM,TRD,"Travancore DentalCollege, Kollam",BDS,MM,47,mbbs_p3_final.pdf
2025,3,6509,37912,MU,MU,SVD,"Sri Sankara Dental College, Akathumuri, Varkala",BDS,MU,22,mbbs_p3_final.pdf
2025,3,6510,37916,General,NR,KDM,"P K Das Institute of Medical Sciences, Ottapalam",MBBS,NR,40,mbbs_p3_final.pdf
2025,3,6511,37928,LA,NR,DMM,"Dr. Moopens Medical College, Meppadi, Wayanad",MBBS,NR,50,mbbs_p3_final.pdf
2025,3,6512,37966,KU,KU,IGD,"Indira Gandhi Institute of Dental Sciences, Kothamangalam",BDS,KU,20,mbbs_p3_final.pdf
2025,3,6513,37992,MU,MM,TRD,"Travancore DentalCollege, Kollam",BDS,MM,2,mbbs_p3_final.pdf
2025,3,6514,38015,MU,MU,SVD,"Sri Sankara Dental College, Akathumuri, Varkala",BDS,MU,30,mbbs_p3_final.pdf
2025,3,6515,38032,General,NR,AAM,"Al Azhar Medical college, Thodupuzha",MBBS,NR,1,mbbs_p3_final.pdf
2025,3,6516,38035,LA,NR,AAM,"Al Azhar Medical college, Thodupuzha",MBBS,NR,29,mbbs_p3_final.pdf
2025,3,6517,38057,ST,ST,SGD,"St. Gregorios Dental College, Chelad, Kothamangalam",BDS,ST,43,mbbs_p3_final.pdf
2025,3,6518,38084,MU,MM,TRD,"Travancore DentalCollege, Kollam",BDS,MM,2,mbbs_p3_final.pdf
2025,3,6519,38086,General,NR,TRD,"Travancore DentalCollege, Kollam",BDS,NR,1,mbbs_p3_final.pdf
2025,3,6520,38102,General,NR,DMM,"Dr. Moopens Medical College, Meppadi, Wayanad",MBBS,NR,1,mbbs_p3_final.pdf
2025,3,6521,38103,General,NR,SVD,"Sri Sankara Dental College, Akathumuri, Varkala",BDS,NR,1,mbbs_p3_final.pdf
2025,3,6522,38117,General,NR,MZM,"Mount Zion Medical College, Pathanamthitta",MBBS,NR,1,mbbs_p3_final.pdf
2025,3,6523,38176,General,NR,DMM,"Dr. Moopens Medical College, Meppadi, Wayanad",MBBS,NR,4,mbbs_p3_final.pdf
2025,3,6524,38183,EW,EW,SVD,"Sri Sankara Dental College, Akathumuri, Varkala",BDS,EW,7,mbbs_p3_final.pdf
2025,3,6525,38206,KN,KN,IGD,"Indira Gandhi Institute of Dental Sciences, Kothamangalam",BDS,KN,47,mbbs_p3_final.pdf
2025,3,6526,38215,EZ,EZ,AID,"Sree Anjaneya Institue of Dental Scinces, Atholi, Kozhikode",BDS,EZ,1,mbbs_p3_final.pdf
2025,3,6527,38241,General,NR,KDM,"P K Das Institute of Medical Sciences, Ottapalam",MBBS,NR,1,mbbs_p3_final.pdf
2025,3,6528,38251,General,NR,KEM,"Kerala Medical College, Palakkad",MBBS,NR,3,mbbs_p3_final.pdf
2025,3,6529,38295,EW,EW,SVD,"Sri Sankara Dental College, Akathumuri, Varkala",BDS,EW,23,mbbs_p3_final.pdf
2025,3,6530,38304,General,NR,PMS,"PMS College of Dental Sciences, Vattappara, TVPM",BDS,NR,1,mbbs_p3_final.pdf
2025,3,6531,38331,General,NR *,KDM,"P K Das Institute of Medical Sciences, Ottapalam",MBBS,NR *,1,mbbs_p3_final.pdf
2025,3,6532,38373,MU,NR,KEM,"Kerala Medical College, Palakkad",MBBS,NR,3,mbbs_p3_final.pdf
2025,3,6533,38396,EW,EW,MLD,"Malabar Dental College, Edappal",BDS,EW,46,mbbs_p3_final.pdf
2025,3,6534,38465,General,NR,MZM,"Mount Zion Medical College, Pathanamthitta",MBBS,NR,1,mbbs_p3_final.pdf
2025,3,6535,38468,MU,MU,SVD,"Sri Sankara Dental College, Akathumuri, Varkala",BDS,MU,6,mbbs_p3_final.pdf
2025,3,6536,38502,General,PD,ALP,"T D Govt. Medical College, Alappuzha",MBBS,PD,2,mbbs_p3_final.pdf
2025,3,6537,38503,MU,MM,TRD,"Travancore DentalCollege, Kollam",BDS,MM,23,mbbs_p3_final.pdf
2025,3,6538,38556,LA,LA,KAD,"Kannur Dental College, Anjarakandy, Kannur",BDS,LA,15,mbbs_p3_final.pdf
2025,3,6539,38566,EZ,EZ,SVD,"Sri Sankara Dental College, Akathumuri, Varkala",BDS,EZ,11,mbbs_p3_final.pdf
2025,3,6540,38602,MU,MM,KAD,"Kannur Dental College, Anjarakandy, Kannur",BDS,MM,2,mbbs_p3_final.pdf
2025,3,6541,38624,General,NR,KDM,"P K Das Institute of Medical Sciences, Ottapalam",MBBS,NR,33,mbbs_p3_final.pdf
2025,3,6542,38638,LA,LA,MLD,"Malabar Dental College, Edappal",BDS,LA,15,mbbs_p3_final.pdf
2025,3,6543,38645,General,NR,KMM,"Karuna Medical College, Vilayodi, Palakkad",MBBS,NR,1,mbbs_p3_final.pdf
2025,3,6544,38652,MU,MM,KAD,"Kannur Dental College, Anjarakandy, Kannur",BDS,MM,22,mbbs_p3_final.pdf
2025,3,6545,38653,MU,MM,TRD,"Travancore DentalCollege, Kollam",BDS,MM,22,mbbs_p3_final.pdf
2025,3,6546,38656,LA,LA,KAD,"Kannur Dental College, Anjarakandy, Kannur",BDS,LA,7,mbbs_p3_final.pdf
2025,3,6547,38660,General,NR,KDM,"P K Das Institute of Medical Sciences, Ottapalam",MBBS,NR,31,mbbs_p3_final.pdf
2025,3,6548,38808,BX,NR,SUC,"SUT Accademy of Medical Sciences, Thiruvananthapuram",MBBS,NR,24,mbbs_p3_final.pdf
2025,3,6549,38828,MU,MM,TRD,"Travancore DentalCollege, Kollam",BDS,MM,29,mbbs_p3_final.pdf
2025,3,6550,38904,ST,ST,AID,"Sree Anjaneya Institue of Dental Scinces, Atholi, Kozhikode",BDS,ST,38,mbbs_p3_final.pdf
2025,3,6551,38920,BX,NR,AAM,"Al Azhar Medical college, Thodupuzha",MBBS,NR,5,mbbs_p3_final.pdf
2025,3,6552,38941,General,NR *,MBD,"Mar Baselious Dental College, Kothamangalam",BDS,NR *,1,mbbs_p3_final.pdf
2025,3,6553,38968,MU,MM,KAD,"Kannur Dental College, Anjarakandy, Kannur",BDS,MM,32,mbbs_p3_final.pdf
2025,3,6554,38971,General,NR,MZM,"Mount Zion Medical College, Pathanamthitta",MBBS,NR,1,mbbs_p3_final.pdf
2025,3,6555,39021,MU,MM,KAD,"Kannur Dental College, Anjarakandy, Kannur",BDS,MM,32,mbbs_p3_final.pdf
2025,3,6556,39025,VK,PD,ALP,"T D Govt. Medical College, Alappuzha",MBBS,PD,1,mbbs_p3_final.pdf
2025,3,6557,39063,MU,MM,KAD,"Kannur Dental College, Anjarakandy, Kannur",BDS,MM,24,mbbs_p3_final.pdf
2025,3,6558,39076,EZ,EZ,AZD,"Azeezia College of Dental Science, Meyyannoor, Kollam",BDS,EZ,2,mbbs_p3_final.pdf
2025,3,6559,39084,EZ,NR,MMH,"Malabar Medical College Hospital, Kozhikkode",MBBS,NR,16,mbbs_p3_final.pdf
2025,3,6560,39124,KN,KN,AAD,"Al Azhar Dental College, Thodupuzha",BDS,KN,22,mbbs_p3_final.pdf
2025,3,6561,39132,LA,LA,SVD,"Sri Sankara Dental College, Akathumuri, Varkala",BDS,LA,34,mbbs_p3_final.pdf
2025,3,6562,39155,MU,NR,MMH,"Malabar Medical College Hospital, Kozhikkode",MBBS,NR,31,mbbs_p3_final.pdf
2025,3,6563,39178,MU,NR,DMM,"Dr. Moopens Medical College, Meppadi, Wayanad",MBBS,NR,1,mbbs_p3_final.pdf
2025,3,6564,39188,EZ,EZ,SVD,"Sri Sankara Dental College, Akathumuri, Varkala",BDS,EZ,45,mbbs_p3_final.pdf
2025,3,6565,39220,EW,EW,PSD,"PSM College of Dental Sciences, Thrissur",BDS,EW,11,mbbs_p3_final.pdf
2025,3,6566,39253,EW,PD,ALP,"T D Govt. Medical College, Alappuzha",MBBS,PD,1,mbbs_p3_final.pdf
2025,3,6567,39271,VK,VK,PSD,"PSM College of Dental Sciences, Thrissur",BDS,VK,5,mbbs_p3_final.pdf
2025,3,6568,39276,ST,ST,MED,"MES Dental College, Perinthalmanna",BDS,ST,43,mbbs_p3_final.pdf
2025,3,6569,39309,MU,NR,AAM,"Al Azhar Medical college, Thodupuzha",MBBS,NR,6,mbbs_p3_final.pdf
2025,3,6570,39318,EW,EW,MLD,"Malabar Dental College, Edappal",BDS,EW,7,mbbs_p3_final.pdf
2025,3,6571,39362,General,NR,DMM,"Dr. Moopens Medical College, Meppadi, Wayanad",MBBS,NR,1,mbbs_p3_final.pdf
2025,3,6572,39400,General,NR,PMS,"PMS College of Dental Sciences, Vattappara, TVPM",BDS,NR,1,mbbs_p3_final.pdf
2025,3,6573,39421,MU,NR,RDC,"Royal Dental College, Chalisery, Palakkad",BDS,NR,13,mbbs_p3_final.pdf
2025,3,6574,39437,General,PD,ALP,"T D Govt. Medical College, Alappuzha",MBBS,PD,2,mbbs_p3_final.pdf
2025,3,6575,39447,General,NR,IGD,"Indira Gandhi Institute of Dental Sciences, Kothamangalam",BDS,NR,1,mbbs_p3_final.pdf
2025,3,6576,39454,VK,VK,NID,"Noorul Islam College of Dental Science, Neyyattinkara",BDS,VK,42,mbbs_p3_final.pdf
2025,3,6577,39496,General,NR,SUC,"SUT Accademy of Medical Sciences, Thiruvananthapuram",MBBS,NR,11,mbbs_p3_final.pdf
2025,3,6578,39529,MU,NR,KEM,"Kerala Medical College, Palakkad",MBBS,NR,3,mbbs_p3_final.pdf
2025,3,6579,39634,EZ,EZ,AZD,"Azeezia College of Dental Science, Meyyannoor, Kollam",BDS,EZ,4,mbbs_p3_final.pdf
2025,3,6580,39643,General,PD,CMC,"Govt. Medical College, Ernakulam",MBBS,PD,1,mbbs_p3_final.pdf
2025,3,6581,39660,MU,NR,AAM,"Al Azhar Medical college, Thodupuzha",MBBS,NR,43,mbbs_p3_final.pdf
2025,3,6582,39698,EW,EW,NID,"Noorul Islam College of Dental Science, Neyyattinkara",BDS,EW,1,mbbs_p3_final.pdf
2025,3,6583,39701,MU,NR,AZD,"Azeezia College of Dental Science, Meyyannoor, Kollam",BDS,NR,1,mbbs_p3_final.pdf
2025,3,6584,39715,General,NR,KDM,"P K Das Institute of Medical Sciences, Ottapalam",MBBS,NR,27,mbbs_p3_final.pdf
2025,3,6585,39727,BH,PD,KNM,Government Medical College Kannur,MBBS,PD,5,mbbs_p3_final.pdf
2025,3,6586,39845,General,NR,ADC,"Annoor Dental College, Puthuppady, Muvattupuzha",BDS,NR,1,mbbs_p3_final.pdf
2025,3,6587,39855,MU,NR,KEM,"Kerala Medical College, Palakkad",MBBS,NR,39,mbbs_p3_final.pdf
2025,3,6588,39940,General,PD,ALP,"T D Govt. Medical College, Alappuzha",MBBS,PD,1,mbbs_p3_final.pdf
2025,3,6589,39974,MU,MM,KAD,"Kannur Dental College, Anjarakandy, Kannur",BDS,MM,69,mbbs_p3_final.pdf
2025,3,6590,40029,BH,NR,DMM,"Dr. Moopens Medical College, Meppadi, Wayanad",MBBS,NR,6,mbbs_p3_final.pdf
2025,3,6591,40045,EZ,EZ,MLD,"Malabar Dental College, Edappal",BDS,EZ,30,mbbs_p3_final.pdf
2025,3,6592,40098,MU,NR,AAM,"Al Azhar Medical college, Thodupuzha",MBBS,NR,3,mbbs_p3_final.pdf
2025,3,6593,40127,MU,NR,KMM,"Karuna Medical College, Vilayodi, Palakkad",MBBS,NR,1,mbbs_p3_final.pdf
2025,3,6594,40280,EZ,NR,PIM,"Palakkad Institute of Medical Sciences, Walayar",MBBS,NR,2,mbbs_p3_final.pdf
2025,3,6595,40333,EZ,NR,KDM,"P K Das Institute of Medical Sciences, Ottapalam",MBBS,NR,2,mbbs_p3_final.pdf
2025,3,6596,40358,ST,ST,EID,"Educare Institute of Dental Sciences, Malappuram",BDS,ST,29,mbbs_p3_final.pdf
2025,3,6597,40373,EW,EW,MLD,"Malabar Dental College, Edappal",BDS,EW,27,mbbs_p3_final.pdf
2025,3,6598,40407,EZ,NR,DMM,"Dr. Moopens Medical College, Meppadi, Wayanad",MBBS,NR,4,mbbs_p3_final.pdf
2025,3,6599,40427,EZ,NR,MZM,"Mount Zion Medical College, Pathanamthitta",MBBS,NR,14,mbbs_p3_final.pdf
2025,3,6600,40432,LA,LA,SVD,"Sri Sankara Dental College, Akathumuri, Varkala",BDS,LA,25,mbbs_p3_final.pdf
2025,3,6601,40459,EW,PD,KNM,Government Medical College Kannur,MBBS,PD,1,mbbs_p3_final.pdf
2025,3,6602,40492,EZ,NR,PMS,"PMS College of Dental Sciences, Vattappara, TVPM",BDS,NR,2,mbbs_p3_final.pdf
2025,3,6603,40510,MU,NM,AZC,"Azeezia Institute of Medi Science, Meyyannoor, Kollam",MBBS,NM,28,mbbs_p3_final.pdf
2025,3,6604,40526,EZ,EZ,RDC,"Royal Dental College, Chalisery, Palakkad",BDS,EZ,2,mbbs_p3_final.pdf
2025,3,6605,40571,EZ,EZ,MLD,"Malabar Dental College, Edappal",BDS,EZ,9,mbbs_p3_final.pdf
2025,3,6606,40611,KU,KU,NID,"Noorul Islam College of Dental Science, Neyyattinkara",BDS,KU,42,mbbs_p3_final.pdf
2025,3,6607,40645,General,NR,AAM,"Al Azhar Medical college, Thodupuzha",MBBS,NR,1,mbbs_p3_final.pdf
2025,3,6608,40667,General,NR,KMM,"Karuna Medical College, Vilayodi, Palakkad",MBBS,NR,8,mbbs_p3_final.pdf
2025,3,6609,40681,EZ,EZ,SVD,"Sri Sankara Dental College, Akathumuri, Varkala",BDS,EZ,3,mbbs_p3_final.pdf
2025,3,6610,40697,MU,MM,KAD,"Kannur Dental College, Anjarakandy, Kannur",BDS,MM,10,mbbs_p3_final.pdf
2025,3,6611,40743,EZ,EZ,RDC,"Royal Dental College, Chalisery, Palakkad",BDS,EZ,7,mbbs_p3_final.pdf
2025,3,6612,40754,General,NR,KMM,"Karuna Medical College, Vilayodi, Palakkad",MBBS,NR,5,mbbs_p3_final.pdf
2025,3,6613,40764,LA,NR,MZM,"Mount Zion Medical College, Pathanamthitta",MBBS,NR,1,mbbs_p3_final.pdf
2025,3,6614,40785,General,NR,PMS,"PMS College of Dental Sciences, Vattappara, TVPM",BDS,NR,1,mbbs_p3_final.pdf
2025,3,6615,40803,MU,NM,AZC,"Azeezia Institute of Medi Science, Meyyannoor, Kollam",MBBS,NM,1,mbbs_p3_final.pdf
2025,3,6616,40831,ST,ST,EID,"Educare Institute of Dental Sciences, Malappuram",BDS,ST,43,mbbs_p3_final.pdf
2025,3,6617,40872,General,NR,KEM,"Kerala Medical College, Palakkad",MBBS,NR,43,mbbs_p3_final.pdf
2025,3,6618,40883,MU,NR,TRD,"Travancore DentalCollege, Kollam",BDS,NR,45,mbbs_p3_final.pdf
2025,3,6619,40957,EZ,NR,PMS,"PMS College of Dental Sciences, Vattappara, TVPM",BDS,NR,1,mbbs_p3_final.pdf
2025,3,6620,41059,General,PD,KLM,"Govt. Medical College, Parippally, Kollam",MBBS,PD,1,mbbs_p3_final.pdf
2025,3,6621,41073,KU,KU,AZD,"Azeezia College of Dental Science, Meyyannoor, Kollam",BDS,KU,43,mbbs_p3_final.pdf
2025,3,6622,41080,EZ,EZ,KAD,"Kannur Dental College, Anjarakandy, Kannur",BDS,EZ,1,mbbs_p3_final.pdf
2025,3,6623,41106,General,NR,PSD,"PSM College of Dental Sciences, Thrissur",BDS,NR,1,mbbs_p3_final.pdf
2025,3,6624,41165,General,NR,PMD,"Pushpagiri College of Dental Science, Thiruvalla",BDS,NR,2,mbbs_p3_final.pdf
2025,3,6625,41170,General,NR,KEM,"Kerala Medical College, Palakkad",MBBS,NR,2,mbbs_p3_final.pdf
2025,3,6626,41171,General,NR,AAM,"Al Azhar Medical college, Thodupuzha",MBBS,NR,1,mbbs_p3_final.pdf
2025,3,6627,41217,General,NR,MZM,"Mount Zion Medical College, Pathanamthitta",MBBS,NR,23,mbbs_p3_final.pdf
2025,3,6628,41247,MU,MM,KAD,"Kannur Dental College, Anjarakandy, Kannur",BDS,MM,31,mbbs_p3_final.pdf
2025,3,6629,41291,EZ,EZ,SVD,"Sri Sankara Dental College, Akathumuri, Varkala",BDS,EZ,1,mbbs_p3_final.pdf
2025,3,6630,41335,EZ,EZ,MLD,"Malabar Dental College, Edappal",BDS,EZ,31,mbbs_p3_final.pdf
2025,3,6631,41343,General,NR,SUC,"SUT Accademy of Medical Sciences, Thiruvananthapuram",MBBS,NR,42,mbbs_p3_final.pdf
2025,3,6632,41385,EW,EW,MED,"MES Dental College, Perinthalmanna",BDS,EW,1,mbbs_p3_final.pdf
2025,3,6633,41392,General,NR,DMM,"Dr. Moopens Medical College, Meppadi, Wayanad",MBBS,NR,2,mbbs_p3_final.pdf
2025,3,6634,41412,MU,NR,AAM,"Al Azhar Medical college, Thodupuzha",MBBS,NR,1,mbbs_p3_final.pdf
2025,3,6635,41418,General,NR,PMD,"Pushpagiri College of Dental Science, Thiruvalla",BDS,NR,3,mbbs_p3_final.pdf
2025,3,6636,41529,MU,NR,KMM,"Karuna Medical College, Vilayodi, Palakkad",MBBS,NR,1,mbbs_p3_final.pdf
2025,3,6637,41551,KN,KN,EID,"Educare Institute of Dental Sciences, Malappuram",BDS,KN,53,mbbs_p3_final.pdf
2025,3,6638,41564,MU,MM,KAD,"Kannur Dental College, Anjarakandy, Kannur",BDS,MM,12,mbbs_p3_final.pdf
2025,3,6639,41575,MU,PD,KNM,Government Medical College Kannur,MBBS,PD,1,mbbs_p3_final.pdf
2025,3,6640,41577,General,NR,IGD,"Indira Gandhi Institute of Dental Sciences, Kothamangalam",BDS,NR,1,mbbs_p3_final.pdf
2025,3,6641,41608,General,NR,AAM,"Al Azhar Medical college, Thodupuzha",MBBS,NR,25,mbbs_p3_final.pdf
2025,3,6642,41680,EZ,EZ,EID,"Educare Institute of Dental Sciences, Malappuram",BDS,EZ,57,mbbs_p3_final.pdf
2025,3,6643,41686,EZ,EZ,EID,"Educare Institute of Dental Sciences, Malappuram",BDS,EZ,6,mbbs_p3_final.pdf
2025,3,6644,41697,VK,VK,SVD,"Sri Sankara Dental College, Akathumuri, Varkala",BDS,VK,56,mbbs_p3_final.pdf
2025,3,6645,41698,MU,PD,KNM,Government Medical College Kannur,MBBS,PD,1,mbbs_p3_final.pdf
2025,3,6646,41767,General,NR,ADC,"Annoor Dental College, Puthuppady, Muvattupuzha",BDS,NR,2,mbbs_p3_final.pdf
2025,3,6647,41829,EZ,NR,SUC,"SUT Accademy of Medical Sciences, Thiruvananthapuram",MBBS,NR,4,mbbs_p3_final.pdf
2025,3,6648,41854,General,NR,KMM,"Karuna Medical College, Vilayodi, Palakkad",MBBS,NR,44,mbbs_p3_final.pdf
2025,3,6649,41883,VK,VK,SVD,"Sri Sankara Dental College, Akathumuri, Varkala",BDS,VK,20,mbbs_p3_final.pdf
2025,3,6650,41933,ST,ST,AID,"Sree Anjaneya Institue of Dental Scinces, Atholi, Kozhikode",BDS,ST,39,mbbs_p3_final.pdf
2025,3,6651,41988,MU,NR,KEM,"Kerala Medical College, Palakkad",MBBS,NR,5,mbbs_p3_final.pdf
2025,3,6652,42020,BX,NR,SUC,"SUT Accademy of Medical Sciences, Thiruvananthapuram",MBBS,NR,29,mbbs_p3_final.pdf
2025,3,6653,42162,LA,NR,SUC,"SUT Accademy of Medical Sciences, Thiruvananthapuram",MBBS,NR,36,mbbs_p3_final.pdf
2025,3,6654,42163,BH,NR,NID,"Noorul Islam College of Dental Science, Neyyattinkara",BDS,NR,2,mbbs_p3_final.pdf
2025,3,6655,42164,General,NR,MBD,"Mar Baselious Dental College, Kothamangalam",BDS,NR,1,mbbs_p3_final.pdf
2025,3,6656,42196,LA,LA,SVD,"Sri Sankara Dental College, Akathumuri, Varkala",BDS,LA,25,mbbs_p3_final.pdf
2025,3,6657,42215,General,NR,IGD,"Indira Gandhi Institute of Dental Sciences, Kothamangalam",BDS,NR,1,mbbs_p3_final.pdf
2025,3,6658,42231,General,NR,SUC,"SUT Accademy of Medical Sciences, Thiruvananthapuram",MBBS,NR,23,mbbs_p3_final.pdf
2025,3,6659,42237,MU,MM,KAD,"Kannur Dental College, Anjarakandy, Kannur",BDS,MM,25,mbbs_p3_final.pdf
2025,3,6660,42250,MU,MM,KAD,"Kannur Dental College, Anjarakandy, Kannur",BDS,MM,70,mbbs_p3_final.pdf
2025,3,6661,42258,General,NR,IGD,"Indira Gandhi Institute of Dental Sciences, Kothamangalam",BDS,NR,1,mbbs_p3_final.pdf
2025,3,6662,42273,EW,EW,SVD,"Sri Sankara Dental College, Akathumuri, Varkala",BDS,EW,28,mbbs_p3_final.pdf
2025,3,6663,42298,MU,MM,KAD,"Kannur Dental College, Anjarakandy, Kannur",BDS,MM,10,mbbs_p3_final.pdf
2025,3,6664,42306,General,NR,RDC,"Royal Dental College, Chalisery, Palakkad",BDS,NR,2,mbbs_p3_final.pdf
2025,3,6665,42327,EZ,EZ,EID,"Educare Institute of Dental Sciences, Malappuram",BDS,EZ,22,mbbs_p3_final.pdf
2025,3,6666,42359,General,NR,IGD,"Indira Gandhi Institute of Dental Sciences, Kothamangalam",BDS,NR,1,mbbs_p3_final.pdf
2025,3,6667,42368,General,NR,KMM,"Karuna Medical College, Vilayodi, Palakkad",MBBS,NR,1,mbbs_p3_final.pdf
2025,3,6668,42370,EW,EW,MLD,"Malabar Dental College, Edappal",BDS,EW,2,mbbs_p3_final.pdf
2025,3,6669,42432,General,NR,SUC,"SUT Accademy of Medical Sciences, Thiruvananthapuram",MBBS,NR,46,mbbs_p3_final.pdf
2025,3,6670,42478,General,NR,RDC,"Royal Dental College, Chalisery, Palakkad",BDS,NR,1,mbbs_p3_final.pdf
2025,3,6671,42556,EZ,NR,DMM,"Dr. Moopens Medical College, Meppadi, Wayanad",MBBS,NR,5,mbbs_p3_final.pdf
2025,3,6672,42617,General,NR,SUC,"SUT Accademy of Medical Sciences, Thiruvananthapuram",MBBS,NR,39,mbbs_p3_final.pdf
2025,3,6673,42669,ST,ST,KAD,"Kannur Dental College, Anjarakandy, Kannur",BDS,ST,30,mbbs_p3_final.pdf
2025,3,6674,42726,MU,MM,KAD,"Kannur Dental College, Anjarakandy, Kannur",BDS,MM,8,mbbs_p3_final.pdf
2025,3,6675,42739,BX,NR,MZM,"Mount Zion Medical College, Pathanamthitta",MBBS,NR,3,mbbs_p3_final.pdf
2025,3,6676,42757,KU,KU,AID,"Sree Anjaneya Institue of Dental Scinces, Atholi, Kozhikode",BDS,KU,42,mbbs_p3_final.pdf
2025,3,6677,42761,MU,NM,AZC,"Azeezia Institute of Medi Science, Meyyannoor, Kollam",MBBS,NM,3,mbbs_p3_final.pdf
2025,3,6678,42775,MU,MM,KAD,"Kannur Dental College, Anjarakandy, Kannur",BDS,MM,70,mbbs_p3_final.pdf
2025,3,6679,42863,SC,CC,ALD,"Government Dental College, Alappuzha",BDS,CC,1,mbbs_p3_final.pdf
2025,3,6680,42889,BH,NR,AAM,"Al Azhar Medical college, Thodupuzha",MBBS,NR,37,mbbs_p3_final.pdf
2025,3,6681,42969,MU,PD,CMC,"Govt. Medical College, Ernakulam",MBBS,PD,1,mbbs_p3_final.pdf
2025,3,6682,43000,MU,NR,KEM,"Kerala Medical College, Palakkad",MBBS,NR,5,mbbs_p3_final.pdf
2025,3,6683,43008,MU,NM,AZC,"Azeezia Institute of Medi Science, Meyyannoor, Kollam",MBBS,NM,30,mbbs_p3_final.pdf
2025,3,6684,43026,MU,NR,TRD,"Travancore DentalCollege, Kollam",BDS,NR,1,mbbs_p3_final.pdf
2025,3,6685,43073,MU,NM,AZC,"Azeezia Institute of Medi Science, Meyyannoor, Kollam",MBBS,NM,18,mbbs_p3_final.pdf
2025,3,6686,43197,MU,MM,KAD,"Kannur Dental College, Anjarakandy, Kannur",BDS,MM,72,mbbs_p3_final.pdf
2025,3,6687,43279,MU,MM,KAD,"Kannur Dental College, Anjarakandy, Kannur",BDS,MM,68,mbbs_p3_final.pdf
2025,3,6688,43323,EZ,EZ,EID,"Educare Institute of Dental Sciences, Malappuram",BDS,EZ,1,mbbs_p3_final.pdf
2025,3,6689,43351,MU,PD,MLP,"Govt. Medical College, Manjeri",MBBS,PD,1,mbbs_p3_final.pdf
2025,3,6690,43357,EZ,EZ,AID,"Sree Anjaneya Institue of Dental Scinces, Atholi, Kozhikode",BDS,EZ,46,mbbs_p3_final.pdf
2025,3,6691,43397,MU,NR,TRD,"Travancore DentalCollege, Kollam",BDS,NR,1,mbbs_p3_final.pdf
2025,3,6692,43408,KU,KU,SVD,"Sri Sankara Dental College, Akathumuri, Varkala",BDS,KU,51,mbbs_p3_final.pdf
2025,3,6693,43449,ST,ST,PSD,"PSM College of Dental Sciences, Thrissur",BDS,ST,41,mbbs_p3_final.pdf
2025,3,6694,43535,EZ,EZ,KAD,"Kannur Dental College, Anjarakandy, Kannur",BDS,EZ,1,mbbs_p3_final.pdf
2025,3,6695,43596,MU,NR,KEM,"Kerala Medical College, Palakkad",MBBS,NR,43,mbbs_p3_final.pdf
2025,3,6696,43614,EZ,EZ,EID,"Educare Institute of Dental Sciences, Malappuram",BDS,EZ,4,mbbs_p3_final.pdf
2025,3,6697,43623,MU,NM,AZC,"Azeezia Institute of Medi Science, Meyyannoor, Kollam",MBBS,NM,13,mbbs_p3_final.pdf
2025,3,6698,43642,EZ,PD,MLP,"Govt. Medical College, Manjeri",MBBS,PD,1,mbbs_p3_final.pdf
2025,3,6699,43653,SC,NR #,AAM,"Al Azhar Medical college, Thodupuzha",MBBS,NR #,46,mbbs_p3_final.pdf
2025,3,6700,43712,General,PD,PTM,"Government Medical College, Konni, Pathanamthitta",MBBS,PD,1,mbbs_p3_final.pdf
2025,3,6701,43724,MU,NM,AZC,"Azeezia Institute of Medi Science, Meyyannoor, Kollam",MBBS,NM,6,mbbs_p3_final.pdf
2025,3,6702,43725,MU,NR,AAM,"Al Azhar Medical college, Thodupuzha",MBBS,NR,26,mbbs_p3_final.pdf
2025,3,6703,43735,BH,PD,PTM,"Government Medical College, Konni, Pathanamthitta",MBBS,PD,3,mbbs_p3_final.pdf
2025,3,6704,43809,MU,MM,KAD,"Kannur Dental College, Anjarakandy, Kannur",BDS,MM,30,mbbs_p3_final.pdf
2025,3,6705,43821,General,PD,PTM,"Government Medical College, Konni, Pathanamthitta",MBBS,PD,1,mbbs_p3_final.pdf
2025,3,6706,43854,EZ,EZ,KAD,"Kannur Dental College, Anjarakandy, Kannur",BDS,EZ,34,mbbs_p3_final.pdf
2025,3,6707,43873,EZ,NR,AAM,"Al Azhar Medical college, Thodupuzha",MBBS,NR,18,mbbs_p3_final.pdf
2025,3,6708,43947,MU,PD,KLM,"Govt. Medical College, Parippally, Kollam",MBBS,PD,9,mbbs_p3_final.pdf
2025,3,6709,43963,BX,NR,PIM,"Palakkad Institute of Medical Sciences, Walayar",MBBS,NR,1,mbbs_p3_final.pdf
2025,3,6710,43969,ST,ST,IGD,"Indira Gandhi Institute of Dental Sciences, Kothamangalam",BDS,ST,37,mbbs_p3_final.pdf
2025,3,6711,43987,MU,NR,AZD,"Azeezia College of Dental Science, Meyyannoor, Kollam",BDS,NR,1,mbbs_p3_final.pdf
2025,3,6712,44014,MU,NR,PMS,"PMS College of Dental Sciences, Vattappara, TVPM",BDS,NR,4,mbbs_p3_final.pdf
2025,3,6713,44071,MU,MM,KAD,"Kannur Dental College, Anjarakandy, Kannur",BDS,MM,2,mbbs_p3_final.pdf
2025,3,6714,44137,MU,PD,WYM,"Govt. Medical College, Wayanad",MBBS,PD,1,mbbs_p3_final.pdf
2025,3,6715,44319,KU,KU,KAD,"Kannur Dental College, Anjarakandy, Kannur",BDS,KU,55,mbbs_p3_final.pdf
2025,3,6716,44350,MU,NR,PMS,"PMS College of Dental Sciences, Vattappara, TVPM",BDS,NR,3,mbbs_p3_final.pdf
2025,3,6717,44447,KU,KU,EID,"Educare Institute of Dental Sciences, Malappuram",BDS,KU,57,mbbs_p3_final.pdf
2025,3,6718,44474,MU,NM,AZC,"Azeezia Institute of Medi Science, Meyyannoor, Kollam",MBBS,NM,36,mbbs_p3_final.pdf
2025,3,6719,44475,KN,KN,AZD,"Azeezia College of Dental Science, Meyyannoor, Kollam",BDS,KN,40,mbbs_p3_final.pdf
2025,3,6720,44562,EZ,EZ,SVD,"Sri Sankara Dental College, Akathumuri, Varkala",BDS,EZ,3,mbbs_p3_final.pdf
2025,3,6721,44659,MU,MM,KAD,"Kannur Dental College, Anjarakandy, Kannur",BDS,MM,3,mbbs_p3_final.pdf
2025,3,6722,44673,MU,NR,MZM,"Mount Zion Medical College, Pathanamthitta",MBBS,NR,27,mbbs_p3_final.pdf
2025,3,6723,44704,ST,ST,AZD,"Azeezia College of Dental Science, Meyyannoor, Kollam",BDS,ST,39,mbbs_p3_final.pdf
2025,3,6724,44709,MU,PD,IDM,Government Medical College Idukki,MBBS,PD,9,mbbs_p3_final.pdf
2025,3,6725,44825,MU,NR,ADC,"Annoor Dental College, Puthuppady, Muvattupuzha",BDS,NR,3,mbbs_p3_final.pdf
