stratum_id,label,outcome,metric,x,density,note
tamil_cant_afford_nonmetro_none,Tamil · cannot afford private · non-metro · no prep,government_mbbs,annual_if_employed_kde,46499.08895111566,3.5358151218845207e-07,bins are display-only; KDE from continuous Monte Carlo draws
tamil_cant_afford_nonmetro_none,Tamil · cannot afford private · non-metro · no prep,government_mbbs,annual_if_employed_kde,80643.81241379719,8.306980958060473e-07,bins are display-only; KDE from continuous Monte Carlo draws
tamil_cant_afford_nonmetro_none,Tamil · cannot afford private · non-metro · no prep,government_mbbs,annual_if_employed_kde,114788.53587647874,1.180035179642356e-06,bins are display-only; KDE from continuous Monte Carlo draws
tamil_cant_afford_nonmetro_none,Tamil · cannot afford private · non-metro · no prep,government_mbbs,annual_if_employed_kde,148933.2593391603,1.2690435658153279e-06,bins are display-only; KDE from continuous Monte Carlo draws
tamil_cant_afford_nonmetro_none,Tamil · cannot afford private · non-metro · no prep,government_mbbs,annual_if_employed_kde,183077.9828018418,1.2969068339617815e-06,bins are display-only; KDE from continuous Monte Carlo draws
tamil_cant_afford_nonmetro_none,Tamil · cannot afford private · non-metro · no prep,government_mbbs,annual_if_employed_kde,217222.70626452338,1.3199554841402472e-06,bins are display-only; KDE from continuous Monte Carlo draws
tamil_cant_afford_nonmetro_none,Tamil · cannot afford private · non-metro · no prep,government_mbbs,annual_if_employed_kde,251367.4297272049,1.2923196205035561e-06,bins are display-only; KDE from continuous Monte Carlo draws
tamil_cant_afford_nonmetro_none,Tamil · cannot afford private · non-metro · no prep,government_mbbs,annual_if_employed_kde,285512.1531898864,1.2627711616466484e-06,bins are display-only; KDE from continuous Monte Carlo draws
tamil_cant_afford_nonmetro_none,Tamil · cannot afford private · non-metro · no prep,government_mbbs,annual_if_employed_kde,319656.876652568,1.2069146948851625e-06,bins are display-only; KDE from continuous Monte Carlo draws
tamil_cant_afford_nonmetro_none,Tamil · cannot afford private · non-metro · no prep,government_mbbs,annual_if_employed_kde,353801.6001152495,1.126889929497157e-06,bins are display-only; KDE from continuous Monte Carlo draws
tamil_cant_afford_nonmetro_none,Tamil · cannot afford private · non-metro · no prep,government_mbbs,annual_if_employed_kde,387946.3235779311,1.0614975404287582e-06,bins are display-only; KDE from continuous Monte Carlo draws
tamil_cant_afford_nonmetro_none,Tamil · cannot afford private · non-metro · no prep,government_mbbs,annual_if_employed_kde,422091.0470406126,1.013997079765047e-06,bins are display-only; KDE from continuous Monte Carlo draws
tamil_cant_afford_nonmetro_none,Tamil · cannot afford private · non-metro · no prep,government_mbbs,annual_if_employed_kde,456235.77050329413,9.706190246001987e-07,bins are display-only; KDE from continuous Monte Carlo draws
tamil_cant_afford_nonmetro_none,Tamil · cannot afford private · non-metro · no prep,government_mbbs,annual_if_employed_kde,490380.4939659757,9.237404951349902e-07,bins are display-only; KDE from continuous Monte Carlo draws
tamil_cant_afford_nonmetro_none,Tamil · cannot afford private · non-metro · no prep,government_mbbs,annual_if_employed_kde,524525.2174286572,8.728682470835885e-07,bins are display-only; KDE from continuous Monte Carlo draws
tamil_cant_afford_nonmetro_none,Tamil · cannot afford private · non-metro · no prep,government_mbbs,annual_if_employed_kde,558669.9408913387,8.204735025343699e-07,bins are display-only; KDE from continuous Monte Carlo draws
tamil_cant_afford_nonmetro_none,Tamil · cannot afford private · non-metro · no prep,government_mbbs,annual_if_employed_kde,592814.6643540203,7.688094841885404e-07,bins are display-only; KDE from continuous Monte Carlo draws
tamil_cant_afford_nonmetro_none,Tamil · cannot afford private · non-metro · no prep,government_mbbs,annual_if_employed_kde,626959.3878167018,7.192537645149151e-07,bins are display-only; KDE from continuous Monte Carlo draws
tamil_cant_afford_nonmetro_none,Tamil · cannot afford private · non-metro · no prep,government_mbbs,annual_if_employed_kde,661104.1112793833,6.726870213714013e-07,bins are display-only; KDE from continuous Monte Carlo draws
tamil_cant_afford_nonmetro_none,Tamil · cannot afford private · non-metro · no prep,government_mbbs,annual_if_employed_kde,695248.8347420649,6.296323665397786e-07,bins are display-only; KDE from continuous Monte Carlo draws
tamil_cant_afford_nonmetro_none,Tamil · cannot afford private · non-metro · no prep,government_mbbs,annual_if_employed_kde,729393.5582047465,5.902103369019392e-07,bins are display-only; KDE from continuous Monte Carlo draws
tamil_cant_afford_nonmetro_none,Tamil · cannot afford private · non-metro · no prep,government_mbbs,annual_if_employed_kde,763538.281667428,5.54159821946124e-07,bins are display-only; KDE from continuous Monte Carlo draws
tamil_cant_afford_nonmetro_none,Tamil · cannot afford private · non-metro · no prep,government_mbbs,annual_if_employed_kde,797683.0051301095,5.209410779718134e-07,bins are display-only; KDE from continuous Monte Carlo draws
tamil_cant_afford_nonmetro_none,Tamil · cannot afford private · non-metro · no prep,government_mbbs,annual_if_employed_kde,831827.728592791,4.898667259785519e-07,bins are display-only; KDE from continuous Monte Carlo draws
tamil_cant_afford_nonmetro_none,Tamil · cannot afford private · non-metro · no prep,government_mbbs,annual_if_employed_kde,865972.4520554725,4.602463659197968e-07,bins are display-only; KDE from continuous Monte Carlo draws
tamil_cant_afford_nonmetro_none,Tamil · cannot afford private · non-metro · no prep,government_mbbs,annual_if_employed_kde,900117.1755181542,4.315415309638829e-07,bins are display-only; KDE from continuous Monte Carlo draws
tamil_cant_afford_nonmetro_none,Tamil · cannot afford private · non-metro · no prep,government_mbbs,annual_if_employed_kde,934261.8989808357,4.0349026364541044e-07,bins are display-only; KDE from continuous Monte Carlo draws
tamil_cant_afford_nonmetro_none,Tamil · cannot afford private · non-metro · no prep,government_mbbs,annual_if_employed_kde,968406.6224435172,3.7614181083810456e-07,bins are display-only; KDE from continuous Monte Carlo draws
tamil_cant_afford_nonmetro_none,Tamil · cannot afford private · non-metro · no prep,government_mbbs,annual_if_employed_kde,1002551.3459061987,3.4978159344711524e-07,bins are display-only; KDE from continuous Monte Carlo draws
tamil_cant_afford_nonmetro_none,Tamil · cannot afford private · non-metro · no prep,government_mbbs,annual_if_employed_kde,1036696.0693688802,3.2478822688816366e-07,bins are display-only; KDE from continuous Monte Carlo draws
tamil_cant_afford_nonmetro_none,Tamil · cannot afford private · non-metro · no prep,government_mbbs,annual_if_employed_kde,1070840.792831562,3.014923654637915e-07,bins are display-only; KDE from continuous Monte Carlo draws
tamil_cant_afford_nonmetro_none,Tamil · cannot afford private · non-metro · no prep,government_mbbs,annual_if_employed_kde,1104985.5162942435,2.800883752687747e-07,bins are display-only; KDE from continuous Monte Carlo draws
tamil_cant_afford_nonmetro_none,Tamil · cannot afford private · non-metro · no prep,government_mbbs,annual_if_employed_kde,1139130.239756925,2.606111339104128e-07,bins are display-only; KDE from continuous Monte Carlo draws
tamil_cant_afford_nonmetro_none,Tamil · cannot afford private · non-metro · no prep,government_mbbs,annual_if_employed_kde,1173274.9632196066,2.4296130426338465e-07,bins are display-only; KDE from continuous Monte Carlo draws
tamil_cant_afford_nonmetro_none,Tamil · cannot afford private · non-metro · no prep,government_mbbs,annual_if_employed_kde,1207419.686682288,2.2695339960634395e-07,bins are display-only; KDE from continuous Monte Carlo draws
tamil_cant_afford_nonmetro_none,Tamil · cannot afford private · non-metro · no prep,government_mbbs,annual_if_employed_kde,1241564.4101449696,2.123657826065081e-07,bins are display-only; KDE from continuous Monte Carlo draws
tamil_cant_afford_nonmetro_none,Tamil · cannot afford private · non-metro · no prep,government_mbbs,annual_if_employed_kde,1275709.133607651,1.9898073416387468e-07,bins are display-only; KDE from continuous Monte Carlo draws
tamil_cant_afford_nonmetro_none,Tamil · cannot afford private · non-metro · no prep,government_mbbs,annual_if_employed_kde,1309853.8570703326,1.8661018055544966e-07,bins are display-only; KDE from continuous Monte Carlo draws
tamil_cant_afford_nonmetro_none,Tamil · cannot afford private · non-metro · no prep,government_mbbs,annual_if_employed_kde,1343998.5805330144,1.7510730180055475e-07,bins are display-only; KDE from continuous Monte Carlo draws
tamil_cant_afford_nonmetro_none,Tamil · cannot afford private · non-metro · no prep,government_mbbs,annual_if_employed_kde,1378143.303995696,1.6436674836194387e-07,bins are display-only; KDE from continuous Monte Carlo draws
tamil_cant_afford_nonmetro_none,Tamil · cannot afford private · non-metro · no prep,government_mbbs,annual_if_employed_kde,1412288.0274583774,1.543173429515345e-07,bins are display-only; KDE from continuous Monte Carlo draws
tamil_cant_afford_nonmetro_none,Tamil · cannot afford private · non-metro · no prep,government_mbbs,annual_if_employed_kde,1446432.750921059,1.449113159828882e-07,bins are display-only; KDE from continuous Monte Carlo draws
tamil_cant_afford_nonmetro_none,Tamil · cannot afford private · non-metro · no prep,government_mbbs,annual_if_employed_kde,1480577.4743837405,1.3611351935121218e-07,bins are display-only; KDE from continuous Monte Carlo draws
tamil_cant_afford_nonmetro_none,Tamil · cannot afford private · non-metro · no prep,government_mbbs,annual_if_employed_kde,1514722.197846422,1.2789294809925325e-07,bins are display-only; KDE from continuous Monte Carlo draws
tamil_cant_afford_nonmetro_none,Tamil · cannot afford private · non-metro · no prep,government_mbbs,annual_if_employed_kde,1548866.9213091035,1.2021762167374467e-07,bins are display-only; KDE from continuous Monte Carlo draws
tamil_cant_afford_nonmetro_none,Tamil · cannot afford private · non-metro · no prep,government_mbbs,annual_if_employed_kde,1583011.644771785,1.1305276280401189e-07,bins are display-only; KDE from continuous Monte Carlo draws
tamil_cant_afford_nonmetro_none,Tamil · cannot afford private · non-metro · no prep,government_mbbs,annual_if_employed_kde,1617156.3682344665,1.0636146923095203e-07,bins are display-only; KDE from continuous Monte Carlo draws
tamil_cant_afford_nonmetro_none,Tamil · cannot afford private · non-metro · no prep,government_mbbs,annual_if_employed_kde,1651301.091697148,1.0010675778175031e-07,bins are display-only; KDE from continuous Monte Carlo draws
tamil_cant_afford_nonmetro_none,Tamil · cannot afford private · non-metro · no prep,government_mbbs,annual_if_employed_kde,1685445.8151598296,9.425390713969126e-08,bins are display-only; KDE from continuous Monte Carlo draws
tamil_cant_afford_nonmetro_none,Tamil · cannot afford private · non-metro · no prep,government_mbbs,annual_if_employed_kde,1719590.5386225113,8.877230589831549e-08,bins are display-only; KDE from continuous Monte Carlo draws
tamil_cant_afford_nonmetro_none,Tamil · cannot afford private · non-metro · no prep,government_mbbs,annual_if_employed_kde,1753735.2620851928,8.363638567993431e-08,bins are display-only; KDE from continuous Monte Carlo draws
tamil_cant_afford_nonmetro_none,Tamil · cannot afford private · non-metro · no prep,government_mbbs,annual_if_employed_kde,1787879.9855478744,7.882557036456291e-08,bins are display-only; KDE from continuous Monte Carlo draws
tamil_cant_afford_nonmetro_none,Tamil · cannot afford private · non-metro · no prep,government_mbbs,annual_if_employed_kde,1822024.7090105559,7.43234299422607e-08,bins are display-only; KDE from continuous Monte Carlo draws
tamil_cant_afford_nonmetro_none,Tamil · cannot afford private · non-metro · no prep,government_mbbs,annual_if_employed_kde,1856169.4324732374,7.011636381972859e-08,bins are display-only; KDE from continuous Monte Carlo draws
tamil_cant_afford_nonmetro_none,Tamil · cannot afford private · non-metro · no prep,government_mbbs,annual_if_employed_kde,1890314.155935919,6.61921619073525e-08,bins are display-only; KDE from continuous Monte Carlo draws
tamil_cant_afford_nonmetro_none,Tamil · cannot afford private · non-metro · no prep,government_mbbs,annual_if_employed_kde,1924458.8793986004,6.253873282490167e-08,bins are display-only; KDE from continuous Monte Carlo draws
tamil_cant_afford_nonmetro_none,Tamil · cannot afford private · non-metro · no prep,government_mbbs,annual_if_employed_kde,1958603.602861282,5.9143185524528374e-08,bins are display-only; KDE from continuous Monte Carlo draws
tamil_cant_afford_nonmetro_none,Tamil · cannot afford private · non-metro · no prep,government_mbbs,annual_if_employed_kde,1992748.3263239635,5.599133897931598e-08,bins are display-only; KDE from continuous Monte Carlo draws
tamil_cant_afford_nonmetro_none,Tamil · cannot afford private · non-metro · no prep,government_mbbs,annual_if_employed_kde,2026893.049786645,5.3067640033358844e-08,bins are display-only; KDE from continuous Monte Carlo draws
tamil_cant_afford_nonmetro_none,Tamil · cannot afford private · non-metro · no prep,government_mbbs,annual_if_employed_kde,2061037.7732493265,5.0355405706053885e-08,bins are display-only; KDE from continuous Monte Carlo draws
tamil_cant_afford_nonmetro_none,Tamil · cannot afford private · non-metro · no prep,private_mbbs,annual_if_employed_kde,46499.08895111566,4.023231520772373e-07,bins are display-only; KDE from continuous Monte Carlo draws
tamil_cant_afford_nonmetro_none,Tamil · cannot afford private · non-metro · no prep,private_mbbs,annual_if_employed_kde,80643.81241379719,8.612875773771299e-07,bins are display-only; KDE from continuous Monte Carlo draws
tamil_cant_afford_nonmetro_none,Tamil · cannot afford private · non-metro · no prep,private_mbbs,annual_if_employed_kde,114788.53587647874,1.1680750177626102e-06,bins are display-only; KDE from continuous Monte Carlo draws
tamil_cant_afford_nonmetro_none,Tamil · cannot afford private · non-metro · no prep,private_mbbs,annual_if_employed_kde,148933.2593391603,1.2937256583301443e-06,bins are display-only; KDE from continuous Monte Carlo draws
tamil_cant_afford_nonmetro_none,Tamil · cannot afford private · non-metro · no prep,private_mbbs,annual_if_employed_kde,183077.9828018418,1.3662854315243068e-06,bins are display-only; KDE from continuous Monte Carlo draws
tamil_cant_afford_nonmetro_none,Tamil · cannot afford private · non-metro · no prep,private_mbbs,annual_if_employed_kde,217222.70626452338,1.3443176331462658e-06,bins are display-only; KDE from continuous Monte Carlo draws
tamil_cant_afford_nonmetro_none,Tamil · cannot afford private · non-metro · no prep,private_mbbs,annual_if_employed_kde,251367.4297272049,1.323868158954333e-06,bins are display-only; KDE from continuous Monte Carlo draws
tamil_cant_afford_nonmetro_none,Tamil · cannot afford private · non-metro · no prep,private_mbbs,annual_if_employed_kde,285512.1531898864,1.290975357275589e-06,bins are display-only; KDE from continuous Monte Carlo draws
tamil_cant_afford_nonmetro_none,Tamil · cannot afford private · non-metro · no prep,private_mbbs,annual_if_employed_kde,319656.876652568,1.2183478032328527e-06,bins are display-only; KDE from continuous Monte Carlo draws
tamil_cant_afford_nonmetro_none,Tamil · cannot afford private · non-metro · no prep,private_mbbs,annual_if_employed_kde,353801.6001152495,1.1415755451676741e-06,bins are display-only; KDE from continuous Monte Carlo draws
tamil_cant_afford_nonmetro_none,Tamil · cannot afford private · non-metro · no prep,private_mbbs,annual_if_employed_kde,387946.3235779311,1.0799128006806605e-06,bins are display-only; KDE from continuous Monte Carlo draws
tamil_cant_afford_nonmetro_none,Tamil · cannot afford private · non-metro · no prep,private_mbbs,annual_if_employed_kde,422091.0470406126,1.0237989362381365e-06,bins are display-only; KDE from continuous Monte Carlo draws
tamil_cant_afford_nonmetro_none,Tamil · cannot afford private · non-metro · no prep,private_mbbs,annual_if_employed_kde,456235.77050329413,9.645738810180239e-07,bins are display-only; KDE from continuous Monte Carlo draws
tamil_cant_afford_nonmetro_none,Tamil · cannot afford private · non-metro · no prep,private_mbbs,annual_if_employed_kde,490380.4939659757,9.023402254669001e-07,bins are display-only; KDE from continuous Monte Carlo draws
tamil_cant_afford_nonmetro_none,Tamil · cannot afford private · non-metro · no prep,private_mbbs,annual_if_employed_kde,524525.2174286572,8.406240786192848e-07,bins are display-only; KDE from continuous Monte Carlo draws
tamil_cant_afford_nonmetro_none,Tamil · cannot afford private · non-metro · no prep,private_mbbs,annual_if_employed_kde,558669.9408913387,7.836330170949735e-07,bins are display-only; KDE from continuous Monte Carlo draws
tamil_cant_afford_nonmetro_none,Tamil · cannot afford private · non-metro · no prep,private_mbbs,annual_if_employed_kde,592814.6643540203,7.342262097028198e-07,bins are display-only; KDE from continuous Monte Carlo draws
tamil_cant_afford_nonmetro_none,Tamil · cannot afford private · non-metro · no prep,private_mbbs,annual_if_employed_kde,626959.3878167018,6.923670647095306e-07,bins are display-only; KDE from continuous Monte Carlo draws
tamil_cant_afford_nonmetro_none,Tamil · cannot afford private · non-metro · no prep,private_mbbs,annual_if_employed_kde,661104.1112793833,6.557082301855349e-07,bins are display-only; KDE from continuous Monte Carlo draws
tamil_cant_afford_nonmetro_none,Tamil · cannot afford private · non-metro · no prep,private_mbbs,annual_if_employed_kde,695248.8347420649,6.212920937111419e-07,bins are display-only; KDE from continuous Monte Carlo draws
tamil_cant_afford_nonmetro_none,Tamil · cannot afford private · non-metro · no prep,private_mbbs,annual_if_employed_kde,729393.5582047465,5.868808186683662e-07,bins are display-only; KDE from continuous Monte Carlo draws
tamil_cant_afford_nonmetro_none,Tamil · cannot afford private · non-metro · no prep,private_mbbs,annual_if_employed_kde,763538.281667428,5.515395944660224e-07,bins are display-only; KDE from continuous Monte Carlo draws
tamil_cant_afford_nonmetro_none,Tamil · cannot afford private · non-metro · no prep,private_mbbs,annual_if_employed_kde,797683.0051301095,5.155828376640364e-07,bins are display-only; KDE from continuous Monte Carlo draws
tamil_cant_afford_nonmetro_none,Tamil · cannot afford private · non-metro · no prep,private_mbbs,annual_if_employed_kde,831827.728592791,4.800638615215242e-07,bins are display-only; KDE from continuous Monte Carlo draws
tamil_cant_afford_nonmetro_none,Tamil · cannot afford private · non-metro · no prep,private_mbbs,annual_if_employed_kde,865972.4520554725,4.4611954497973645e-07,bins are display-only; KDE from continuous Monte Carlo draws
tamil_cant_afford_nonmetro_none,Tamil · cannot afford private · non-metro · no prep,private_mbbs,annual_if_employed_kde,900117.1755181542,4.145099475386145e-07,bins are display-only; KDE from continuous Monte Carlo draws
tamil_cant_afford_nonmetro_none,Tamil · cannot afford private · non-metro · no prep,private_mbbs,annual_if_employed_kde,934261.8989808357,3.8549975952637876e-07,bins are display-only; KDE from continuous Monte Carlo draws
tamil_cant_afford_nonmetro_none,Tamil · cannot afford private · non-metro · no prep,private_mbbs,annual_if_employed_kde,968406.6224435172,3.589923714385415e-07,bins are display-only; KDE from continuous Monte Carlo draws
tamil_cant_afford_nonmetro_none,Tamil · cannot afford private · non-metro · no prep,private_mbbs,annual_if_employed_kde,1002551.3459061987,3.3473314609217917e-07,bins are display-only; KDE from continuous Monte Carlo draws
tamil_cant_afford_nonmetro_none,Tamil · cannot afford private · non-metro · no prep,private_mbbs,annual_if_employed_kde,1036696.0693688802,3.1245217718199676e-07,bins are display-only; KDE from continuous Monte Carlo draws
tamil_cant_afford_nonmetro_none,Tamil · cannot afford private · non-metro · no prep,private_mbbs,annual_if_employed_kde,1070840.792831562,2.919170191131662e-07,bins are display-only; KDE from continuous Monte Carlo draws
tamil_cant_afford_nonmetro_none,Tamil · cannot afford private · non-metro · no prep,private_mbbs,annual_if_employed_kde,1104985.5162942435,2.7293000868374784e-07,bins are display-only; KDE from continuous Monte Carlo draws
tamil_cant_afford_nonmetro_none,Tamil · cannot afford private · non-metro · no prep,private_mbbs,annual_if_employed_kde,1139130.239756925,2.5531466741956577e-07,bins are display-only; KDE from continuous Monte Carlo draws
tamil_cant_afford_nonmetro_none,Tamil · cannot afford private · non-metro · no prep,private_mbbs,annual_if_employed_kde,1173274.9632196066,2.3891439663319966e-07,bins are display-only; KDE from continuous Monte Carlo draws
tamil_cant_afford_nonmetro_none,Tamil · cannot afford private · non-metro · no prep,private_mbbs,annual_if_employed_kde,1207419.686682288,2.2360285049335805e-07,bins are display-only; KDE from continuous Monte Carlo draws
tamil_cant_afford_nonmetro_none,Tamil · cannot afford private · non-metro · no prep,private_mbbs,annual_if_employed_kde,1241564.4101449696,2.0929413018269195e-07,bins are display-only; KDE from continuous Monte Carlo draws
tamil_cant_afford_nonmetro_none,Tamil · cannot afford private · non-metro · no prep,private_mbbs,annual_if_employed_kde,1275709.133607651,1.9594282003864813e-07,bins are display-only; KDE from continuous Monte Carlo draws
tamil_cant_afford_nonmetro_none,Tamil · cannot afford private · non-metro · no prep,private_mbbs,annual_if_employed_kde,1309853.8570703326,1.835319416091379e-07,bins are display-only; KDE from continuous Monte Carlo draws
tamil_cant_afford_nonmetro_none,Tamil · cannot afford private · non-metro · no prep,private_mbbs,annual_if_employed_kde,1343998.5805330144,1.720539855680558e-07,bins are display-only; KDE from continuous Monte Carlo draws
tamil_cant_afford_nonmetro_none,Tamil · cannot afford private · non-metro · no prep,private_mbbs,annual_if_employed_kde,1378143.303995696,1.614927253086589e-07,bins are display-only; KDE from continuous Monte Carlo draws
tamil_cant_afford_nonmetro_none,Tamil · cannot afford private · non-metro · no prep,private_mbbs,annual_if_employed_kde,1412288.0274583774,1.5181173752115752e-07,bins are display-only; KDE from continuous Monte Carlo draws
tamil_cant_afford_nonmetro_none,Tamil · cannot afford private · non-metro · no prep,private_mbbs,annual_if_employed_kde,1446432.750921059,1.4295171468671758e-07,bins are display-only; KDE from continuous Monte Carlo draws
tamil_cant_afford_nonmetro_none,Tamil · cannot afford private · non-metro · no prep,private_mbbs,annual_if_employed_kde,1480577.4743837405,1.3483511355777913e-07,bins are display-only; KDE from continuous Monte Carlo draws
tamil_cant_afford_nonmetro_none,Tamil · cannot afford private · non-metro · no prep,private_mbbs,annual_if_employed_kde,1514722.197846422,1.2737477692074715e-07,bins are display-only; KDE from continuous Monte Carlo draws
tamil_cant_afford_nonmetro_none,Tamil · cannot afford private · non-metro · no prep,private_mbbs,annual_if_employed_kde,1548866.9213091035,1.2048303864864794e-07,bins are display-only; KDE from continuous Monte Carlo draws
tamil_cant_afford_nonmetro_none,Tamil · cannot afford private · non-metro · no prep,private_mbbs,annual_if_employed_kde,1583011.644771785,1.1407886440232141e-07,bins are display-only; KDE from continuous Monte Carlo draws
tamil_cant_afford_nonmetro_none,Tamil · cannot afford private · non-metro · no prep,private_mbbs,annual_if_employed_kde,1617156.3682344665,1.0809199074319702e-07,bins are display-only; KDE from continuous Monte Carlo draws
tamil_cant_afford_nonmetro_none,Tamil · cannot afford private · non-metro · no prep,private_mbbs,annual_if_employed_kde,1651301.091697148,1.0246420098774625e-07,bins are display-only; KDE from continuous Monte Carlo draws
tamil_cant_afford_nonmetro_none,Tamil · cannot afford private · non-metro · no prep,private_mbbs,annual_if_employed_kde,1685445.8151598296,9.714854788927818e-08,bins are display-only; KDE from continuous Monte Carlo draws
tamil_cant_afford_nonmetro_none,Tamil · cannot afford private · non-metro · no prep,private_mbbs,annual_if_employed_kde,1719590.5386225113,9.210751209970741e-08,bins are display-only; KDE from continuous Monte Carlo draws
tamil_cant_afford_nonmetro_none,Tamil · cannot afford private · non-metro · no prep,private_mbbs,annual_if_employed_kde,1753735.2620851928,8.731093082217934e-08,bins are display-only; KDE from continuous Monte Carlo draws
tamil_cant_afford_nonmetro_none,Tamil · cannot afford private · non-metro · no prep,private_mbbs,annual_if_employed_kde,1787879.9855478744,8.273423003184209e-08,bins are display-only; KDE from continuous Monte Carlo draws
tamil_cant_afford_nonmetro_none,Tamil · cannot afford private · non-metro · no prep,private_mbbs,annual_if_employed_kde,1822024.7090105559,7.83571890608426e-08,bins are display-only; KDE from continuous Monte Carlo draws
tamil_cant_afford_nonmetro_none,Tamil · cannot afford private · non-metro · no prep,private_mbbs,annual_if_employed_kde,1856169.4324732374,7.416323579701347e-08,bins are display-only; KDE from continuous Monte Carlo draws
tamil_cant_afford_nonmetro_none,Tamil · cannot afford private · non-metro · no prep,private_mbbs,annual_if_employed_kde,1890314.155935919,7.013913661039072e-08,bins are display-only; KDE from continuous Monte Carlo draws
tamil_cant_afford_nonmetro_none,Tamil · cannot afford private · non-metro · no prep,private_mbbs,annual_if_employed_kde,1924458.8793986004,6.627489615700743e-08,bins are display-only; KDE from continuous Monte Carlo draws
tamil_cant_afford_nonmetro_none,Tamil · cannot afford private · non-metro · no prep,private_mbbs,annual_if_employed_kde,1958603.602861282,6.256369334451583e-08,bins are display-only; KDE from continuous Monte Carlo draws
tamil_cant_afford_nonmetro_none,Tamil · cannot afford private · non-metro · no prep,private_mbbs,annual_if_employed_kde,1992748.3263239635,5.900172485544726e-08,bins are display-only; KDE from continuous Monte Carlo draws
tamil_cant_afford_nonmetro_none,Tamil · cannot afford private · non-metro · no prep,private_mbbs,annual_if_employed_kde,2026893.049786645,5.558788548828539e-08,bins are display-only; KDE from continuous Monte Carlo draws
tamil_cant_afford_nonmetro_none,Tamil · cannot afford private · non-metro · no prep,private_mbbs,annual_if_employed_kde,2061037.7732493265,5.2323270377325846e-08,bins are display-only; KDE from continuous Monte Carlo draws
tamil_cant_afford_nonmetro_none,Tamil · cannot afford private · non-metro · no prep,engineering,annual_if_employed_kde,46499.08895111566,3.300619471226292e-07,bins are display-only; KDE from continuous Monte Carlo draws
tamil_cant_afford_nonmetro_none,Tamil · cannot afford private · non-metro · no prep,engineering,annual_if_employed_kde,80643.81241379719,1.1757357291901565e-06,bins are display-only; KDE from continuous Monte Carlo draws
tamil_cant_afford_nonmetro_none,Tamil · cannot afford private · non-metro · no prep,engineering,annual_if_employed_kde,114788.53587647874,1.712536382201283e-06,bins are display-only; KDE from continuous Monte Carlo draws
tamil_cant_afford_nonmetro_none,Tamil · cannot afford private · non-metro · no prep,engineering,annual_if_employed_kde,148933.2593391603,2.0153518626805222e-06,bins are display-only; KDE from continuous Monte Carlo draws
tamil_cant_afford_nonmetro_none,Tamil · cannot afford private · non-metro · no prep,engineering,annual_if_employed_kde,183077.9828018418,2.0506495002490365e-06,bins are display-only; KDE from continuous Monte Carlo draws
tamil_cant_afford_nonmetro_none,Tamil · cannot afford private · non-metro · no prep,engineering,annual_if_employed_kde,217222.70626452338,1.9962670861961827e-06,bins are display-only; KDE from continuous Monte Carlo draws
tamil_cant_afford_nonmetro_none,Tamil · cannot afford private · non-metro · no prep,engineering,annual_if_employed_kde,251367.4297272049,1.8831081836730273e-06,bins are display-only; KDE from continuous Monte Carlo draws
tamil_cant_afford_nonmetro_none,Tamil · cannot afford private · non-metro · no prep,engineering,annual_if_employed_kde,285512.1531898864,1.7734069451169703e-06,bins are display-only; KDE from continuous Monte Carlo draws
tamil_cant_afford_nonmetro_none,Tamil · cannot afford private · non-metro · no prep,engineering,annual_if_employed_kde,319656.876652568,1.6465769786597196e-06,bins are display-only; KDE from continuous Monte Carlo draws
tamil_cant_afford_nonmetro_none,Tamil · cannot afford private · non-metro · no prep,engineering,annual_if_employed_kde,353801.6001152495,1.4878566858596335e-06,bins are display-only; KDE from continuous Monte Carlo draws
tamil_cant_afford_nonmetro_none,Tamil · cannot afford private · non-metro · no prep,engineering,annual_if_employed_kde,387946.3235779311,1.3472613891878412e-06,bins are display-only; KDE from continuous Monte Carlo draws
tamil_cant_afford_nonmetro_none,Tamil · cannot afford private · non-metro · no prep,engineering,annual_if_employed_kde,422091.0470406126,1.2267253861979677e-06,bins are display-only; KDE from continuous Monte Carlo draws
tamil_cant_afford_nonmetro_none,Tamil · cannot afford private · non-metro · no prep,engineering,annual_if_employed_kde,456235.77050329413,1.1048322409612332e-06,bins are display-only; KDE from continuous Monte Carlo draws
tamil_cant_afford_nonmetro_none,Tamil · cannot afford private · non-metro · no prep,engineering,annual_if_employed_kde,490380.4939659757,9.846708378317646e-07,bins are display-only; KDE from continuous Monte Carlo draws
tamil_cant_afford_nonmetro_none,Tamil · cannot afford private · non-metro · no prep,engineering,annual_if_employed_kde,524525.2174286572,8.736075870559411e-07,bins are display-only; KDE from continuous Monte Carlo draws
tamil_cant_afford_nonmetro_none,Tamil · cannot afford private · non-metro · no prep,engineering,annual_if_employed_kde,558669.9408913387,7.705127237414015e-07,bins are display-only; KDE from continuous Monte Carlo draws
tamil_cant_afford_nonmetro_none,Tamil · cannot afford private · non-metro · no prep,engineering,annual_if_employed_kde,592814.6643540203,6.776163760998813e-07,bins are display-only; KDE from continuous Monte Carlo draws
tamil_cant_afford_nonmetro_none,Tamil · cannot afford private · non-metro · no prep,engineering,annual_if_employed_kde,626959.3878167018,5.993404825410425e-07,bins are display-only; KDE from continuous Monte Carlo draws
tamil_cant_afford_nonmetro_none,Tamil · cannot afford private · non-metro · no prep,engineering,annual_if_employed_kde,661104.1112793833,5.352336699766189e-07,bins are display-only; KDE from continuous Monte Carlo draws
tamil_cant_afford_nonmetro_none,Tamil · cannot afford private · non-metro · no prep,engineering,annual_if_employed_kde,695248.8347420649,4.813524510782795e-07,bins are display-only; KDE from continuous Monte Carlo draws
tamil_cant_afford_nonmetro_none,Tamil · cannot afford private · non-metro · no prep,engineering,annual_if_employed_kde,729393.5582047465,4.342555576353074e-07,bins are display-only; KDE from continuous Monte Carlo draws
tamil_cant_afford_nonmetro_none,Tamil · cannot afford private · non-metro · no prep,engineering,annual_if_employed_kde,763538.281667428,3.921077830715078e-07,bins are display-only; KDE from continuous Monte Carlo draws
tamil_cant_afford_nonmetro_none,Tamil · cannot afford private · non-metro · no prep,engineering,annual_if_employed_kde,797683.0051301095,3.541038262861767e-07,bins are display-only; KDE from continuous Monte Carlo draws
tamil_cant_afford_nonmetro_none,Tamil · cannot afford private · non-metro · no prep,engineering,annual_if_employed_kde,831827.728592791,3.198466845225815e-07,bins are display-only; KDE from continuous Monte Carlo draws
tamil_cant_afford_nonmetro_none,Tamil · cannot afford private · non-metro · no prep,engineering,annual_if_employed_kde,865972.4520554725,2.8897998125557665e-07,bins are display-only; KDE from continuous Monte Carlo draws
tamil_cant_afford_nonmetro_none,Tamil · cannot afford private · non-metro · no prep,engineering,annual_if_employed_kde,900117.1755181542,2.6108007738995525e-07,bins are display-only; KDE from continuous Monte Carlo draws
tamil_cant_afford_nonmetro_none,Tamil · cannot afford private · non-metro · no prep,engineering,annual_if_employed_kde,934261.8989808357,2.3575840602156784e-07,bins are display-only; KDE from continuous Monte Carlo draws
tamil_cant_afford_nonmetro_none,Tamil · cannot afford private · non-metro · no prep,engineering,annual_if_employed_kde,968406.6224435172,2.1279022117368053e-07,bins are display-only; KDE from continuous Monte Carlo draws
tamil_cant_afford_nonmetro_none,Tamil · cannot afford private · non-metro · no prep,engineering,annual_if_employed_kde,1002551.3459061987,1.9211437646830362e-07,bins are display-only; KDE from continuous Monte Carlo draws
tamil_cant_afford_nonmetro_none,Tamil · cannot afford private · non-metro · no prep,engineering,annual_if_employed_kde,1036696.0693688802,1.7371183453402777e-07,bins are display-only; KDE from continuous Monte Carlo draws
tamil_cant_afford_nonmetro_none,Tamil · cannot afford private · non-metro · no prep,engineering,annual_if_employed_kde,1070840.792831562,1.5747474369500035e-07,bins are display-only; KDE from continuous Monte Carlo draws
tamil_cant_afford_nonmetro_none,Tamil · cannot afford private · non-metro · no prep,engineering,annual_if_employed_kde,1104985.5162942435,1.4315639726930174e-07,bins are display-only; KDE from continuous Monte Carlo draws
tamil_cant_afford_nonmetro_none,Tamil · cannot afford private · non-metro · no prep,engineering,annual_if_employed_kde,1139130.239756925,1.3041375797254307e-07,bins are display-only; KDE from continuous Monte Carlo draws
tamil_cant_afford_nonmetro_none,Tamil · cannot afford private · non-metro · no prep,engineering,annual_if_employed_kde,1173274.9632196066,1.1889741653109823e-07,bins are display-only; KDE from continuous Monte Carlo draws
tamil_cant_afford_nonmetro_none,Tamil · cannot afford private · non-metro · no prep,engineering,annual_if_employed_kde,1207419.686682288,1.0833337422397503e-07,bins are display-only; KDE from continuous Monte Carlo draws
tamil_cant_afford_nonmetro_none,Tamil · cannot afford private · non-metro · no prep,engineering,annual_if_employed_kde,1241564.4101449696,9.856168887323555e-08,bins are display-only; KDE from continuous Monte Carlo draws
tamil_cant_afford_nonmetro_none,Tamil · cannot afford private · non-metro · no prep,engineering,annual_if_employed_kde,1275709.133607651,8.952622689476985e-08,bins are display-only; KDE from continuous Monte Carlo draws
tamil_cant_afford_nonmetro_none,Tamil · cannot afford private · non-metro · no prep,engineering,annual_if_employed_kde,1309853.8570703326,8.123218085021084e-08,bins are display-only; KDE from continuous Monte Carlo draws
tamil_cant_afford_nonmetro_none,Tamil · cannot afford private · non-metro · no prep,engineering,annual_if_employed_kde,1343998.5805330144,7.369670772209552e-08,bins are display-only; KDE from continuous Monte Carlo draws
tamil_cant_afford_nonmetro_none,Tamil · cannot afford private · non-metro · no prep,engineering,annual_if_employed_kde,1378143.303995696,6.691334994346383e-08,bins are display-only; KDE from continuous Monte Carlo draws
tamil_cant_afford_nonmetro_none,Tamil · cannot afford private · non-metro · no prep,engineering,annual_if_employed_kde,1412288.0274583774,6.083876821212026e-08,bins are display-only; KDE from continuous Monte Carlo draws
tamil_cant_afford_nonmetro_none,Tamil · cannot afford private · non-metro · no prep,engineering,annual_if_employed_kde,1446432.750921059,5.5398550754840334e-08,bins are display-only; KDE from continuous Monte Carlo draws
tamil_cant_afford_nonmetro_none,Tamil · cannot afford private · non-metro · no prep,engineering,annual_if_employed_kde,1480577.4743837405,5.0502737677947156e-08,bins are display-only; KDE from continuous Monte Carlo draws
tamil_cant_afford_nonmetro_none,Tamil · cannot afford private · non-metro · no prep,engineering,annual_if_employed_kde,1514722.197846422,4.606190520908173e-08,bins are display-only; KDE from continuous Monte Carlo draws
tamil_cant_afford_nonmetro_none,Tamil · cannot afford private · non-metro · no prep,engineering,annual_if_employed_kde,1548866.9213091035,4.199850654163316e-08,bins are display-only; KDE from continuous Monte Carlo draws
tamil_cant_afford_nonmetro_none,Tamil · cannot afford private · non-metro · no prep,engineering,annual_if_employed_kde,1583011.644771785,3.825231167607103e-08,bins are display-only; KDE from continuous Monte Carlo draws
tamil_cant_afford_nonmetro_none,Tamil · cannot afford private · non-metro · no prep,engineering,annual_if_employed_kde,1617156.3682344665,3.478124308267741e-08,bins are display-only; KDE from continuous Monte Carlo draws
tamil_cant_afford_nonmetro_none,Tamil · cannot afford private · non-metro · no prep,engineering,annual_if_employed_kde,1651301.091697148,3.155946540289788e-08,bins are display-only; KDE from continuous Monte Carlo draws
tamil_cant_afford_nonmetro_none,Tamil · cannot afford private · non-metro · no prep,engineering,annual_if_employed_kde,1685445.8151598296,2.8574091362817184e-08,bins are display-only; KDE from continuous Monte Carlo draws
tamil_cant_afford_nonmetro_none,Tamil · cannot afford private · non-metro · no prep,engineering,annual_if_employed_kde,1719590.5386225113,2.5821228479661106e-08,bins are display-only; KDE from continuous Monte Carlo draws
tamil_cant_afford_nonmetro_none,Tamil · cannot afford private · non-metro · no prep,engineering,annual_if_employed_kde,1753735.2620851928,2.33017752645061e-08,bins are display-only; KDE from continuous Monte Carlo draws
tamil_cant_afford_nonmetro_none,Tamil · cannot afford private · non-metro · no prep,engineering,annual_if_employed_kde,1787879.9855478744,2.101737298587136e-08,bins are display-only; KDE from continuous Monte Carlo draws
tamil_cant_afford_nonmetro_none,Tamil · cannot afford private · non-metro · no prep,engineering,annual_if_employed_kde,1822024.7090105559,1.8967001299380375e-08,bins are display-only; KDE from continuous Monte Carlo draws
tamil_cant_afford_nonmetro_none,Tamil · cannot afford private · non-metro · no prep,engineering,annual_if_employed_kde,1856169.4324732374,1.714467540771451e-08,bins are display-only; KDE from continuous Monte Carlo draws
tamil_cant_afford_nonmetro_none,Tamil · cannot afford private · non-metro · no prep,engineering,annual_if_employed_kde,1890314.155935919,1.5538505010644156e-08,bins are display-only; KDE from continuous Monte Carlo draws
tamil_cant_afford_nonmetro_none,Tamil · cannot afford private · non-metro · no prep,engineering,annual_if_employed_kde,1924458.8793986004,1.4131082279484383e-08,bins are display-only; KDE from continuous Monte Carlo draws
tamil_cant_afford_nonmetro_none,Tamil · cannot afford private · non-metro · no prep,engineering,annual_if_employed_kde,1958603.602861282,1.2900894238844696e-08,bins are display-only; KDE from continuous Monte Carlo draws
tamil_cant_afford_nonmetro_none,Tamil · cannot afford private · non-metro · no prep,engineering,annual_if_employed_kde,1992748.3263239635,1.182429440609607e-08,bins are display-only; KDE from continuous Monte Carlo draws
tamil_cant_afford_nonmetro_none,Tamil · cannot afford private · non-metro · no prep,engineering,annual_if_employed_kde,2026893.049786645,1.0877549594521707e-08,bins are display-only; KDE from continuous Monte Carlo draws
tamil_cant_afford_nonmetro_none,Tamil · cannot afford private · non-metro · no prep,engineering,annual_if_employed_kde,2061037.7732493265,1.0038575552047792e-08,bins are display-only; KDE from continuous Monte Carlo draws
tamil_cant_afford_nonmetro_none,Tamil · cannot afford private · non-metro · no prep,law,annual_if_employed_kde,46499.08895111566,5.919554087795399e-07,bins are display-only; KDE from continuous Monte Carlo draws
tamil_cant_afford_nonmetro_none,Tamil · cannot afford private · non-metro · no prep,law,annual_if_employed_kde,80643.81241379719,1.7058944821571288e-06,bins are display-only; KDE from continuous Monte Carlo draws
tamil_cant_afford_nonmetro_none,Tamil · cannot afford private · non-metro · no prep,law,annual_if_employed_kde,114788.53587647874,2.470061579892169e-06,bins are display-only; KDE from continuous Monte Carlo draws
tamil_cant_afford_nonmetro_none,Tamil · cannot afford private · non-metro · no prep,law,annual_if_employed_kde,148933.2593391603,2.748814393648165e-06,bins are display-only; KDE from continuous Monte Carlo draws
tamil_cant_afford_nonmetro_none,Tamil · cannot afford private · non-metro · no prep,law,annual_if_employed_kde,183077.9828018418,2.8058255458766923e-06,bins are display-only; KDE from continuous Monte Carlo draws
tamil_cant_afford_nonmetro_none,Tamil · cannot afford private · non-metro · no prep,law,annual_if_employed_kde,217222.70626452338,2.568872787331962e-06,bins are display-only; KDE from continuous Monte Carlo draws
tamil_cant_afford_nonmetro_none,Tamil · cannot afford private · non-metro · no prep,law,annual_if_employed_kde,251367.4297272049,2.3405387067827278e-06,bins are display-only; KDE from continuous Monte Carlo draws
tamil_cant_afford_nonmetro_none,Tamil · cannot afford private · non-metro · no prep,law,annual_if_employed_kde,285512.1531898864,2.0649443853371796e-06,bins are display-only; KDE from continuous Monte Carlo draws
tamil_cant_afford_nonmetro_none,Tamil · cannot afford private · non-metro · no prep,law,annual_if_employed_kde,319656.876652568,1.7695312394009402e-06,bins are display-only; KDE from continuous Monte Carlo draws
tamil_cant_afford_nonmetro_none,Tamil · cannot afford private · non-metro · no prep,law,annual_if_employed_kde,353801.6001152495,1.5045165364501898e-06,bins are display-only; KDE from continuous Monte Carlo draws
tamil_cant_afford_nonmetro_none,Tamil · cannot afford private · non-metro · no prep,law,annual_if_employed_kde,387946.3235779311,1.2680115144818085e-06,bins are display-only; KDE from continuous Monte Carlo draws
tamil_cant_afford_nonmetro_none,Tamil · cannot afford private · non-metro · no prep,law,annual_if_employed_kde,422091.0470406126,1.0669567217372235e-06,bins are display-only; KDE from continuous Monte Carlo draws
tamil_cant_afford_nonmetro_none,Tamil · cannot afford private · non-metro · no prep,law,annual_if_employed_kde,456235.77050329413,9.052993361674748e-07,bins are display-only; KDE from continuous Monte Carlo draws
tamil_cant_afford_nonmetro_none,Tamil · cannot afford private · non-metro · no prep,law,annual_if_employed_kde,490380.4939659757,7.675741838325703e-07,bins are display-only; KDE from continuous Monte Carlo draws
tamil_cant_afford_nonmetro_none,Tamil · cannot afford private · non-metro · no prep,law,annual_if_employed_kde,524525.2174286572,6.467818693413694e-07,bins are display-only; KDE from continuous Monte Carlo draws
tamil_cant_afford_nonmetro_none,Tamil · cannot afford private · non-metro · no prep,law,annual_if_employed_kde,558669.9408913387,5.466390706287539e-07,bins are display-only; KDE from continuous Monte Carlo draws
tamil_cant_afford_nonmetro_none,Tamil · cannot afford private · non-metro · no prep,law,annual_if_employed_kde,592814.6643540203,4.664923938246679e-07,bins are display-only; KDE from continuous Monte Carlo draws
tamil_cant_afford_nonmetro_none,Tamil · cannot afford private · non-metro · no prep,law,annual_if_employed_kde,626959.3878167018,4.015531454700979e-07,bins are display-only; KDE from continuous Monte Carlo draws
tamil_cant_afford_nonmetro_none,Tamil · cannot afford private · non-metro · no prep,law,annual_if_employed_kde,661104.1112793833,3.4792738027244507e-07,bins are display-only; KDE from continuous Monte Carlo draws
tamil_cant_afford_nonmetro_none,Tamil · cannot afford private · non-metro · no prep,law,annual_if_employed_kde,695248.8347420649,3.0278479185737123e-07,bins are display-only; KDE from continuous Monte Carlo draws
tamil_cant_afford_nonmetro_none,Tamil · cannot afford private · non-metro · no prep,law,annual_if_employed_kde,729393.5582047465,2.634719182507844e-07,bins are display-only; KDE from continuous Monte Carlo draws
tamil_cant_afford_nonmetro_none,Tamil · cannot afford private · non-metro · no prep,law,annual_if_employed_kde,763538.281667428,2.2801138032487347e-07,bins are display-only; KDE from continuous Monte Carlo draws
tamil_cant_afford_nonmetro_none,Tamil · cannot afford private · non-metro · no prep,law,annual_if_employed_kde,797683.0051301095,1.956024969640573e-07,bins are display-only; KDE from continuous Monte Carlo draws
tamil_cant_afford_nonmetro_none,Tamil · cannot afford private · non-metro · no prep,law,annual_if_employed_kde,831827.728592791,1.6638730054812796e-07,bins are display-only; KDE from continuous Monte Carlo draws
tamil_cant_afford_nonmetro_none,Tamil · cannot afford private · non-metro · no prep,law,annual_if_employed_kde,865972.4520554725,1.4095110504888123e-07,bins are display-only; KDE from continuous Monte Carlo draws
tamil_cant_afford_nonmetro_none,Tamil · cannot afford private · non-metro · no prep,law,annual_if_employed_kde,900117.1755181542,1.1982573880946665e-07,bins are display-only; KDE from continuous Monte Carlo draws
tamil_cant_afford_nonmetro_none,Tamil · cannot afford private · non-metro · no prep,law,annual_if_employed_kde,934261.8989808357,1.0304972817979032e-07,bins are display-only; KDE from continuous Monte Carlo draws
tamil_cant_afford_nonmetro_none,Tamil · cannot afford private · non-metro · no prep,law,annual_if_employed_kde,968406.6224435172,8.999917809715608e-08,bins are display-only; KDE from continuous Monte Carlo draws
tamil_cant_afford_nonmetro_none,Tamil · cannot afford private · non-metro · no prep,law,annual_if_employed_kde,1002551.3459061987,7.96213556425958e-08,bins are display-only; KDE from continuous Monte Carlo draws
tamil_cant_afford_nonmetro_none,Tamil · cannot afford private · non-metro · no prep,law,annual_if_employed_kde,1036696.0693688802,7.087914772934137e-08,bins are display-only; KDE from continuous Monte Carlo draws
tamil_cant_afford_nonmetro_none,Tamil · cannot afford private · non-metro · no prep,law,annual_if_employed_kde,1070840.792831562,6.30839752867084e-08,bins are display-only; KDE from continuous Monte Carlo draws
tamil_cant_afford_nonmetro_none,Tamil · cannot afford private · non-metro · no prep,law,annual_if_employed_kde,1104985.5162942435,5.596036412303026e-08,bins are display-only; KDE from continuous Monte Carlo draws
tamil_cant_afford_nonmetro_none,Tamil · cannot afford private · non-metro · no prep,law,annual_if_employed_kde,1139130.239756925,4.950784928665337e-08,bins are display-only; KDE from continuous Monte Carlo draws
tamil_cant_afford_nonmetro_none,Tamil · cannot afford private · non-metro · no prep,law,annual_if_employed_kde,1173274.9632196066,4.381244053995416e-08,bins are display-only; KDE from continuous Monte Carlo draws
tamil_cant_afford_nonmetro_none,Tamil · cannot afford private · non-metro · no prep,law,annual_if_employed_kde,1207419.686682288,3.8915733291670925e-08,bins are display-only; KDE from continuous Monte Carlo draws
tamil_cant_afford_nonmetro_none,Tamil · cannot afford private · non-metro · no prep,law,annual_if_employed_kde,1241564.4101449696,3.476973704846548e-08,bins are display-only; KDE from continuous Monte Carlo draws
tamil_cant_afford_nonmetro_none,Tamil · cannot afford private · non-metro · no prep,law,annual_if_employed_kde,1275709.133607651,3.125405449604393e-08,bins are display-only; KDE from continuous Monte Carlo draws
tamil_cant_afford_nonmetro_none,Tamil · cannot afford private · non-metro · no prep,law,annual_if_employed_kde,1309853.8570703326,2.8218755212863755e-08,bins are display-only; KDE from continuous Monte Carlo draws
tamil_cant_afford_nonmetro_none,Tamil · cannot afford private · non-metro · no prep,law,annual_if_employed_kde,1343998.5805330144,2.5524860662870088e-08,bins are display-only; KDE from continuous Monte Carlo draws
tamil_cant_afford_nonmetro_none,Tamil · cannot afford private · non-metro · no prep,law,annual_if_employed_kde,1378143.303995696,2.30686892663491e-08,bins are display-only; KDE from continuous Monte Carlo draws
tamil_cant_afford_nonmetro_none,Tamil · cannot afford private · non-metro · no prep,law,annual_if_employed_kde,1412288.0274583774,2.078816557568817e-08,bins are display-only; KDE from continuous Monte Carlo draws
tamil_cant_afford_nonmetro_none,Tamil · cannot afford private · non-metro · no prep,law,annual_if_employed_kde,1446432.750921059,1.8656106512296544e-08,bins are display-only; KDE from continuous Monte Carlo draws
tamil_cant_afford_nonmetro_none,Tamil · cannot afford private · non-metro · no prep,law,annual_if_employed_kde,1480577.4743837405,1.6667690747086502e-08,bins are display-only; KDE from continuous Monte Carlo draws
tamil_cant_afford_nonmetro_none,Tamil · cannot afford private · non-metro · no prep,law,annual_if_employed_kde,1514722.197846422,1.4828167050611363e-08,bins are display-only; KDE from continuous Monte Carlo draws
tamil_cant_afford_nonmetro_none,Tamil · cannot afford private · non-metro · no prep,law,annual_if_employed_kde,1548866.9213091035,1.3144143589166008e-08,bins are display-only; KDE from continuous Monte Carlo draws
tamil_cant_afford_nonmetro_none,Tamil · cannot afford private · non-metro · no prep,law,annual_if_employed_kde,1583011.644771785,1.1619117689273219e-08,bins are display-only; KDE from continuous Monte Carlo draws
tamil_cant_afford_nonmetro_none,Tamil · cannot afford private · non-metro · no prep,law,annual_if_employed_kde,1617156.3682344665,1.025221208711768e-08,bins are display-only; KDE from continuous Monte Carlo draws
tamil_cant_afford_nonmetro_none,Tamil · cannot afford private · non-metro · no prep,law,annual_if_employed_kde,1651301.091697148,9.038576655094308e-09,bins are display-only; KDE from continuous Monte Carlo draws
tamil_cant_afford_nonmetro_none,Tamil · cannot afford private · non-metro · no prep,law,annual_if_employed_kde,1685445.8151598296,7.970244349279832e-09,bins are display-only; KDE from continuous Monte Carlo draws
tamil_cant_afford_nonmetro_none,Tamil · cannot afford private · non-metro · no prep,law,annual_if_employed_kde,1719590.5386225113,7.036862711561578e-09,bins are display-only; KDE from continuous Monte Carlo draws
tamil_cant_afford_nonmetro_none,Tamil · cannot afford private · non-metro · no prep,law,annual_if_employed_kde,1753735.2620851928,6.226240305489517e-09,bins are display-only; KDE from continuous Monte Carlo draws
tamil_cant_afford_nonmetro_none,Tamil · cannot afford private · non-metro · no prep,law,annual_if_employed_kde,1787879.9855478744,5.524877317561973e-09,bins are display-only; KDE from continuous Monte Carlo draws
tamil_cant_afford_nonmetro_none,Tamil · cannot afford private · non-metro · no prep,law,annual_if_employed_kde,1822024.7090105559,4.918627662005531e-09,bins are display-only; KDE from continuous Monte Carlo draws
tamil_cant_afford_nonmetro_none,Tamil · cannot afford private · non-metro · no prep,law,annual_if_employed_kde,1856169.4324732374,4.3935014379938905e-09,bins are display-only; KDE from continuous Monte Carlo draws
tamil_cant_afford_nonmetro_none,Tamil · cannot afford private · non-metro · no prep,law,annual_if_employed_kde,1890314.155935919,3.936490142101224e-09,bins are display-only; KDE from continuous Monte Carlo draws
tamil_cant_afford_nonmetro_none,Tamil · cannot afford private · non-metro · no prep,law,annual_if_employed_kde,1924458.8793986004,3.5362498386632817e-09,bins are display-only; KDE from continuous Monte Carlo draws
tamil_cant_afford_nonmetro_none,Tamil · cannot afford private · non-metro · no prep,law,annual_if_employed_kde,1958603.602861282,3.183512082312791e-09,bins are display-only; KDE from continuous Monte Carlo draws
tamil_cant_afford_nonmetro_none,Tamil · cannot afford private · non-metro · no prep,law,annual_if_employed_kde,1992748.3263239635,2.871172927305783e-09,bins are display-only; KDE from continuous Monte Carlo draws
tamil_cant_afford_nonmetro_none,Tamil · cannot afford private · non-metro · no prep,law,annual_if_employed_kde,2026893.049786645,2.5940936807175663e-09,bins are display-only; KDE from continuous Monte Carlo draws
tamil_cant_afford_nonmetro_none,Tamil · cannot afford private · non-metro · no prep,law,annual_if_employed_kde,2061037.7732493265,2.34870334831947e-09,bins are display-only; KDE from continuous Monte Carlo draws
tamil_cant_afford_nonmetro_none,Tamil · cannot afford private · non-metro · no prep,other_graduate,annual_if_employed_kde,46499.08895111566,1.5998993719850505e-06,bins are display-only; KDE from continuous Monte Carlo draws
tamil_cant_afford_nonmetro_none,Tamil · cannot afford private · non-metro · no prep,other_graduate,annual_if_employed_kde,80643.81241379719,3.288244430205222e-06,bins are display-only; KDE from continuous Monte Carlo draws
tamil_cant_afford_nonmetro_none,Tamil · cannot afford private · non-metro · no prep,other_graduate,annual_if_employed_kde,114788.53587647874,3.6973639891196253e-06,bins are display-only; KDE from continuous Monte Carlo draws
tamil_cant_afford_nonmetro_none,Tamil · cannot afford private · non-metro · no prep,other_graduate,annual_if_employed_kde,148933.2593391603,3.4745842386285636e-06,bins are display-only; KDE from continuous Monte Carlo draws
tamil_cant_afford_nonmetro_none,Tamil · cannot afford private · non-metro · no prep,other_graduate,annual_if_employed_kde,183077.9828018418,2.965629027520998e-06,bins are display-only; KDE from continuous Monte Carlo draws
tamil_cant_afford_nonmetro_none,Tamil · cannot afford private · non-metro · no prep,other_graduate,annual_if_employed_kde,217222.70626452338,2.4717321400404404e-06,bins are display-only; KDE from continuous Monte Carlo draws
tamil_cant_afford_nonmetro_none,Tamil · cannot afford private · non-metro · no prep,other_graduate,annual_if_employed_kde,251367.4297272049,2.115997599703572e-06,bins are display-only; KDE from continuous Monte Carlo draws
tamil_cant_afford_nonmetro_none,Tamil · cannot afford private · non-metro · no prep,other_graduate,annual_if_employed_kde,285512.1531898864,1.7528539114705081e-06,bins are display-only; KDE from continuous Monte Carlo draws
tamil_cant_afford_nonmetro_none,Tamil · cannot afford private · non-metro · no prep,other_graduate,annual_if_employed_kde,319656.876652568,1.3831237874021547e-06,bins are display-only; KDE from continuous Monte Carlo draws
tamil_cant_afford_nonmetro_none,Tamil · cannot afford private · non-metro · no prep,other_graduate,annual_if_employed_kde,353801.6001152495,1.10134277414833e-06,bins are display-only; KDE from continuous Monte Carlo draws
tamil_cant_afford_nonmetro_none,Tamil · cannot afford private · non-metro · no prep,other_graduate,annual_if_employed_kde,387946.3235779311,9.043266789802656e-07,bins are display-only; KDE from continuous Monte Carlo draws
tamil_cant_afford_nonmetro_none,Tamil · cannot afford private · non-metro · no prep,other_graduate,annual_if_employed_kde,422091.0470406126,7.517883777934176e-07,bins are display-only; KDE from continuous Monte Carlo draws
tamil_cant_afford_nonmetro_none,Tamil · cannot afford private · non-metro · no prep,other_graduate,annual_if_employed_kde,456235.77050329413,6.224931149856051e-07,bins are display-only; KDE from continuous Monte Carlo draws
tamil_cant_afford_nonmetro_none,Tamil · cannot afford private · non-metro · no prep,other_graduate,annual_if_employed_kde,490380.4939659757,5.114006915304304e-07,bins are display-only; KDE from continuous Monte Carlo draws
tamil_cant_afford_nonmetro_none,Tamil · cannot afford private · non-metro · no prep,other_graduate,annual_if_employed_kde,524525.2174286572,4.1954317908674057e-07,bins are display-only; KDE from continuous Monte Carlo draws
tamil_cant_afford_nonmetro_none,Tamil · cannot afford private · non-metro · no prep,other_graduate,annual_if_employed_kde,558669.9408913387,3.452545113858629e-07,bins are display-only; KDE from continuous Monte Carlo draws
tamil_cant_afford_nonmetro_none,Tamil · cannot afford private · non-metro · no prep,other_graduate,annual_if_employed_kde,592814.6643540203,2.85564855795755e-07,bins are display-only; KDE from continuous Monte Carlo draws
tamil_cant_afford_nonmetro_none,Tamil · cannot afford private · non-metro · no prep,other_graduate,annual_if_employed_kde,626959.3878167018,2.37569741992361e-07,bins are display-only; KDE from continuous Monte Carlo draws
tamil_cant_afford_nonmetro_none,Tamil · cannot afford private · non-metro · no prep,other_graduate,annual_if_employed_kde,661104.1112793833,1.9834679522586472e-07,bins are display-only; KDE from continuous Monte Carlo draws
tamil_cant_afford_nonmetro_none,Tamil · cannot afford private · non-metro · no prep,other_graduate,annual_if_employed_kde,695248.8347420649,1.6572754744505105e-07,bins are display-only; KDE from continuous Monte Carlo draws
tamil_cant_afford_nonmetro_none,Tamil · cannot afford private · non-metro · no prep,other_graduate,annual_if_employed_kde,729393.5582047465,1.385509947136653e-07,bins are display-only; KDE from continuous Monte Carlo draws
tamil_cant_afford_nonmetro_none,Tamil · cannot afford private · non-metro · no prep,other_graduate,annual_if_employed_kde,763538.281667428,1.1615051365674887e-07,bins are display-only; KDE from continuous Monte Carlo draws
tamil_cant_afford_nonmetro_none,Tamil · cannot afford private · non-metro · no prep,other_graduate,annual_if_employed_kde,797683.0051301095,9.791052280935292e-08,bins are display-only; KDE from continuous Monte Carlo draws
tamil_cant_afford_nonmetro_none,Tamil · cannot afford private · non-metro · no prep,other_graduate,annual_if_employed_kde,831827.728592791,8.314194129275613e-08,bins are display-only; KDE from continuous Monte Carlo draws
tamil_cant_afford_nonmetro_none,Tamil · cannot afford private · non-metro · no prep,other_graduate,annual_if_employed_kde,865972.4520554725,7.113635246086655e-08,bins are display-only; KDE from continuous Monte Carlo draws
tamil_cant_afford_nonmetro_none,Tamil · cannot afford private · non-metro · no prep,other_graduate,annual_if_employed_kde,900117.1755181542,6.126045491928429e-08,bins are display-only; KDE from continuous Monte Carlo draws
tamil_cant_afford_nonmetro_none,Tamil · cannot afford private · non-metro · no prep,other_graduate,annual_if_employed_kde,934261.8989808357,5.301566352328999e-08,bins are display-only; KDE from continuous Monte Carlo draws
tamil_cant_afford_nonmetro_none,Tamil · cannot afford private · non-metro · no prep,other_graduate,annual_if_employed_kde,968406.6224435172,4.6045773357500127e-08,bins are display-only; KDE from continuous Monte Carlo draws
tamil_cant_afford_nonmetro_none,Tamil · cannot afford private · non-metro · no prep,other_graduate,annual_if_employed_kde,1002551.3459061987,4.0110678157279656e-08,bins are display-only; KDE from continuous Monte Carlo draws
tamil_cant_afford_nonmetro_none,Tamil · cannot afford private · non-metro · no prep,other_graduate,annual_if_employed_kde,1036696.0693688802,3.504820281552316e-08,bins are display-only; KDE from continuous Monte Carlo draws
tamil_cant_afford_nonmetro_none,Tamil · cannot afford private · non-metro · no prep,other_graduate,annual_if_employed_kde,1070840.792831562,3.073749358391163e-08,bins are display-only; KDE from continuous Monte Carlo draws
tamil_cant_afford_nonmetro_none,Tamil · cannot afford private · non-metro · no prep,other_graduate,annual_if_employed_kde,1104985.5162942435,2.7071437881438597e-08,bins are display-only; KDE from continuous Monte Carlo draws
tamil_cant_afford_nonmetro_none,Tamil · cannot afford private · non-metro · no prep,other_graduate,annual_if_employed_kde,1139130.239756925,2.394266219048269e-08,bins are display-only; KDE from continuous Monte Carlo draws
tamil_cant_afford_nonmetro_none,Tamil · cannot afford private · non-metro · no prep,other_graduate,annual_if_employed_kde,1173274.9632196066,2.124369617047487e-08,bins are display-only; KDE from continuous Monte Carlo draws
tamil_cant_afford_nonmetro_none,Tamil · cannot afford private · non-metro · no prep,other_graduate,annual_if_employed_kde,1207419.686682288,1.8876755628379395e-08,bins are display-only; KDE from continuous Monte Carlo draws
tamil_cant_afford_nonmetro_none,Tamil · cannot afford private · non-metro · no prep,other_graduate,annual_if_employed_kde,1241564.4101449696,1.6765360629647266e-08,bins are display-only; KDE from continuous Monte Carlo draws
tamil_cant_afford_nonmetro_none,Tamil · cannot afford private · non-metro · no prep,other_graduate,annual_if_employed_kde,1275709.133607651,1.4860772536658779e-08,bins are display-only; KDE from continuous Monte Carlo draws
tamil_cant_afford_nonmetro_none,Tamil · cannot afford private · non-metro · no prep,other_graduate,annual_if_employed_kde,1309853.8570703326,1.3140175813029812e-08,bins are display-only; KDE from continuous Monte Carlo draws
tamil_cant_afford_nonmetro_none,Tamil · cannot afford private · non-metro · no prep,other_graduate,annual_if_employed_kde,1343998.5805330144,1.1598026251650609e-08,bins are display-only; KDE from continuous Monte Carlo draws
tamil_cant_afford_nonmetro_none,Tamil · cannot afford private · non-metro · no prep,other_graduate,annual_if_employed_kde,1378143.303995696,1.0234744552421425e-08,bins are display-only; KDE from continuous Monte Carlo draws
tamil_cant_afford_nonmetro_none,Tamil · cannot afford private · non-metro · no prep,other_graduate,annual_if_employed_kde,1412288.0274583774,9.047169559565472e-09,bins are display-only; KDE from continuous Monte Carlo draws
tamil_cant_afford_nonmetro_none,Tamil · cannot afford private · non-metro · no prep,other_graduate,annual_if_employed_kde,1446432.750921059,8.023516886084788e-09,bins are display-only; KDE from continuous Monte Carlo draws
tamil_cant_afford_nonmetro_none,Tamil · cannot afford private · non-metro · no prep,other_graduate,annual_if_employed_kde,1480577.4743837405,7.143269792835543e-09,bins are display-only; KDE from continuous Monte Carlo draws
tamil_cant_afford_nonmetro_none,Tamil · cannot afford private · non-metro · no prep,other_graduate,annual_if_employed_kde,1514722.197846422,6.38059049220642e-09,bins are display-only; KDE from continuous Monte Carlo draws
tamil_cant_afford_nonmetro_none,Tamil · cannot afford private · non-metro · no prep,other_graduate,annual_if_employed_kde,1548866.9213091035,5.709059204449102e-09,bins are display-only; KDE from continuous Monte Carlo draws
tamil_cant_afford_nonmetro_none,Tamil · cannot afford private · non-metro · no prep,other_graduate,annual_if_employed_kde,1583011.644771785,5.1057942699992644e-09,bins are display-only; KDE from continuous Monte Carlo draws
tamil_cant_afford_nonmetro_none,Tamil · cannot afford private · non-metro · no prep,other_graduate,annual_if_employed_kde,1617156.3682344665,4.553851371519057e-09,bins are display-only; KDE from continuous Monte Carlo draws
tamil_cant_afford_nonmetro_none,Tamil · cannot afford private · non-metro · no prep,other_graduate,annual_if_employed_kde,1651301.091697148,4.042726207587904e-09,bins are display-only; KDE from continuous Monte Carlo draws
tamil_cant_afford_nonmetro_none,Tamil · cannot afford private · non-metro · no prep,other_graduate,annual_if_employed_kde,1685445.8151598296,3.5674284951950496e-09,bins are display-only; KDE from continuous Monte Carlo draws
tamil_cant_afford_nonmetro_none,Tamil · cannot afford private · non-metro · no prep,other_graduate,annual_if_employed_kde,1719590.5386225113,3.1268365336626337e-09,bins are display-only; KDE from continuous Monte Carlo draws
tamil_cant_afford_nonmetro_none,Tamil · cannot afford private · non-metro · no prep,other_graduate,annual_if_employed_kde,1753735.2620851928,2.7219600452322947e-09,bins are display-only; KDE from continuous Monte Carlo draws
tamil_cant_afford_nonmetro_none,Tamil · cannot afford private · non-metro · no prep,other_graduate,annual_if_employed_kde,1787879.9855478744,2.3545008504012425e-09,bins are display-only; KDE from continuous Monte Carlo draws
tamil_cant_afford_nonmetro_none,Tamil · cannot afford private · non-metro · no prep,other_graduate,annual_if_employed_kde,1822024.7090105559,2.0258571362793424e-09,bins are display-only; KDE from continuous Monte Carlo draws
tamil_cant_afford_nonmetro_none,Tamil · cannot afford private · non-metro · no prep,other_graduate,annual_if_employed_kde,1856169.4324732374,1.736551255891082e-09,bins are display-only; KDE from continuous Monte Carlo draws
tamil_cant_afford_nonmetro_none,Tamil · cannot afford private · non-metro · no prep,other_graduate,annual_if_employed_kde,1890314.155935919,1.4859879446093553e-09,bins are display-only; KDE from continuous Monte Carlo draws
tamil_cant_afford_nonmetro_none,Tamil · cannot afford private · non-metro · no prep,other_graduate,annual_if_employed_kde,1924458.8793986004,1.2724426628586171e-09,bins are display-only; KDE from continuous Monte Carlo draws
tamil_cant_afford_nonmetro_none,Tamil · cannot afford private · non-metro · no prep,other_graduate,annual_if_employed_kde,1958603.602861282,1.0932011446418932e-09,bins are display-only; KDE from continuous Monte Carlo draws
tamil_cant_afford_nonmetro_none,Tamil · cannot afford private · non-metro · no prep,other_graduate,annual_if_employed_kde,1992748.3263239635,9.447938176220301e-10,bins are display-only; KDE from continuous Monte Carlo draws
tamil_cant_afford_nonmetro_none,Tamil · cannot afford private · non-metro · no prep,other_graduate,annual_if_employed_kde,2026893.049786645,8.232814886790093e-10,bins are display-only; KDE from continuous Monte Carlo draws
tamil_cant_afford_nonmetro_none,Tamil · cannot afford private · non-metro · no prep,other_graduate,annual_if_employed_kde,2061037.7732493265,7.245530048714624e-10,bins are display-only; KDE from continuous Monte Carlo draws
tamil_cant_afford_nonmetro_none,Tamil · cannot afford private · non-metro · no prep,non_professional_graduate,annual_if_employed_kde,46499.08895111566,1.4470601772231705e-06,bins are display-only; KDE from continuous Monte Carlo draws
tamil_cant_afford_nonmetro_none,Tamil · cannot afford private · non-metro · no prep,non_professional_graduate,annual_if_employed_kde,80643.81241379719,2.3194283646646152e-06,bins are display-only; KDE from continuous Monte Carlo draws
tamil_cant_afford_nonmetro_none,Tamil · cannot afford private · non-metro · no prep,non_professional_graduate,annual_if_employed_kde,114788.53587647874,2.725544501726152e-06,bins are display-only; KDE from continuous Monte Carlo draws
tamil_cant_afford_nonmetro_none,Tamil · cannot afford private · non-metro · no prep,non_professional_graduate,annual_if_employed_kde,148933.2593391603,2.6996846042769355e-06,bins are display-only; KDE from continuous Monte Carlo draws
tamil_cant_afford_nonmetro_none,Tamil · cannot afford private · non-metro · no prep,non_professional_graduate,annual_if_employed_kde,183077.9828018418,2.4003666882343556e-06,bins are display-only; KDE from continuous Monte Carlo draws
tamil_cant_afford_nonmetro_none,Tamil · cannot afford private · non-metro · no prep,non_professional_graduate,annual_if_employed_kde,217222.70626452338,2.1344014056759558e-06,bins are display-only; KDE from continuous Monte Carlo draws
tamil_cant_afford_nonmetro_none,Tamil · cannot afford private · non-metro · no prep,non_professional_graduate,annual_if_employed_kde,251367.4297272049,1.9141882549391653e-06,bins are display-only; KDE from continuous Monte Carlo draws
tamil_cant_afford_nonmetro_none,Tamil · cannot afford private · non-metro · no prep,non_professional_graduate,annual_if_employed_kde,285512.1531898864,1.6829306201485036e-06,bins are display-only; KDE from continuous Monte Carlo draws
tamil_cant_afford_nonmetro_none,Tamil · cannot afford private · non-metro · no prep,non_professional_graduate,annual_if_employed_kde,319656.876652568,1.4355513484614013e-06,bins are display-only; KDE from continuous Monte Carlo draws
tamil_cant_afford_nonmetro_none,Tamil · cannot afford private · non-metro · no prep,non_professional_graduate,annual_if_employed_kde,353801.6001152495,1.2266207413835312e-06,bins are display-only; KDE from continuous Monte Carlo draws
tamil_cant_afford_nonmetro_none,Tamil · cannot afford private · non-metro · no prep,non_professional_graduate,annual_if_employed_kde,387946.3235779311,1.057826374439762e-06,bins are display-only; KDE from continuous Monte Carlo draws
tamil_cant_afford_nonmetro_none,Tamil · cannot afford private · non-metro · no prep,non_professional_graduate,annual_if_employed_kde,422091.0470406126,9.140208699720794e-07,bins are display-only; KDE from continuous Monte Carlo draws
tamil_cant_afford_nonmetro_none,Tamil · cannot afford private · non-metro · no prep,non_professional_graduate,annual_if_employed_kde,456235.77050329413,7.906171980427491e-07,bins are display-only; KDE from continuous Monte Carlo draws
tamil_cant_afford_nonmetro_none,Tamil · cannot afford private · non-metro · no prep,non_professional_graduate,annual_if_employed_kde,490380.4939659757,6.865199603883702e-07,bins are display-only; KDE from continuous Monte Carlo draws
tamil_cant_afford_nonmetro_none,Tamil · cannot afford private · non-metro · no prep,non_professional_graduate,annual_if_employed_kde,524525.2174286572,5.995999790628487e-07,bins are display-only; KDE from continuous Monte Carlo draws
tamil_cant_afford_nonmetro_none,Tamil · cannot afford private · non-metro · no prep,non_professional_graduate,annual_if_employed_kde,558669.9408913387,5.261859981777919e-07,bins are display-only; KDE from continuous Monte Carlo draws
tamil_cant_afford_nonmetro_none,Tamil · cannot afford private · non-metro · no prep,non_professional_graduate,annual_if_employed_kde,592814.6643540203,4.626538528210305e-07,bins are display-only; KDE from continuous Monte Carlo draws
tamil_cant_afford_nonmetro_none,Tamil · cannot afford private · non-metro · no prep,non_professional_graduate,annual_if_employed_kde,626959.3878167018,4.068875078094292e-07,bins are display-only; KDE from continuous Monte Carlo draws
tamil_cant_afford_nonmetro_none,Tamil · cannot afford private · non-metro · no prep,non_professional_graduate,annual_if_employed_kde,661104.1112793833,3.581601112833722e-07,bins are display-only; KDE from continuous Monte Carlo draws
tamil_cant_afford_nonmetro_none,Tamil · cannot afford private · non-metro · no prep,non_professional_graduate,annual_if_employed_kde,695248.8347420649,3.1620626910607e-07,bins are display-only; KDE from continuous Monte Carlo draws
tamil_cant_afford_nonmetro_none,Tamil · cannot afford private · non-metro · no prep,non_professional_graduate,annual_if_employed_kde,729393.5582047465,2.806138536124499e-07,bins are display-only; KDE from continuous Monte Carlo draws
tamil_cant_afford_nonmetro_none,Tamil · cannot afford private · non-metro · no prep,non_professional_graduate,annual_if_employed_kde,763538.281667428,2.506840853591802e-07,bins are display-only; KDE from continuous Monte Carlo draws
tamil_cant_afford_nonmetro_none,Tamil · cannot afford private · non-metro · no prep,non_professional_graduate,annual_if_employed_kde,797683.0051301095,2.2547686251399093e-07,bins are display-only; KDE from continuous Monte Carlo draws
tamil_cant_afford_nonmetro_none,Tamil · cannot afford private · non-metro · no prep,non_professional_graduate,annual_if_employed_kde,831827.728592791,2.039236892862843e-07,bins are display-only; KDE from continuous Monte Carlo draws
tamil_cant_afford_nonmetro_none,Tamil · cannot afford private · non-metro · no prep,non_professional_graduate,annual_if_employed_kde,865972.4520554725,1.8500112180190893e-07,bins are display-only; KDE from continuous Monte Carlo draws
tamil_cant_afford_nonmetro_none,Tamil · cannot afford private · non-metro · no prep,non_professional_graduate,annual_if_employed_kde,900117.1755181542,1.6790411686105853e-07,bins are display-only; KDE from continuous Monte Carlo draws
tamil_cant_afford_nonmetro_none,Tamil · cannot afford private · non-metro · no prep,non_professional_graduate,annual_if_employed_kde,934261.8989808357,1.521322376545293e-07,bins are display-only; KDE from continuous Monte Carlo draws
tamil_cant_afford_nonmetro_none,Tamil · cannot afford private · non-metro · no prep,non_professional_graduate,annual_if_employed_kde,968406.6224435172,1.374627587623344e-07,bins are display-only; KDE from continuous Monte Carlo draws
tamil_cant_afford_nonmetro_none,Tamil · cannot afford private · non-metro · no prep,non_professional_graduate,annual_if_employed_kde,1002551.3459061987,1.238559679166988e-07,bins are display-only; KDE from continuous Monte Carlo draws
tamil_cant_afford_nonmetro_none,Tamil · cannot afford private · non-metro · no prep,non_professional_graduate,annual_if_employed_kde,1036696.0693688802,1.1135591431545519e-07,bins are display-only; KDE from continuous Monte Carlo draws
tamil_cant_afford_nonmetro_none,Tamil · cannot afford private · non-metro · no prep,non_professional_graduate,annual_if_employed_kde,1070840.792831562,1.0002200517582286e-07,bins are display-only; KDE from continuous Monte Carlo draws
tamil_cant_afford_nonmetro_none,Tamil · cannot afford private · non-metro · no prep,non_professional_graduate,annual_if_employed_kde,1104985.5162942435,8.989294260895737e-08,bins are display-only; KDE from continuous Monte Carlo draws
tamil_cant_afford_nonmetro_none,Tamil · cannot afford private · non-metro · no prep,non_professional_graduate,annual_if_employed_kde,1139130.239756925,8.096956774952301e-08,bins are display-only; KDE from continuous Monte Carlo draws
tamil_cant_afford_nonmetro_none,Tamil · cannot afford private · non-metro · no prep,non_professional_graduate,annual_if_employed_kde,1173274.9632196066,7.320630976920637e-08,bins are display-only; KDE from continuous Monte Carlo draws
tamil_cant_afford_nonmetro_none,Tamil · cannot afford private · non-metro · no prep,non_professional_graduate,annual_if_employed_kde,1207419.686682288,6.650928538500978e-08,bins are display-only; KDE from continuous Monte Carlo draws
tamil_cant_afford_nonmetro_none,Tamil · cannot afford private · non-metro · no prep,non_professional_graduate,annual_if_employed_kde,1241564.4101449696,6.074310806413923e-08,bins are display-only; KDE from continuous Monte Carlo draws
tamil_cant_afford_nonmetro_none,Tamil · cannot afford private · non-metro · no prep,non_professional_graduate,annual_if_employed_kde,1275709.133607651,5.574674386937621e-08,bins are display-only; KDE from continuous Monte Carlo draws
tamil_cant_afford_nonmetro_none,Tamil · cannot afford private · non-metro · no prep,non_professional_graduate,annual_if_employed_kde,1309853.8570703326,5.1354843817916254e-08,bins are display-only; KDE from continuous Monte Carlo draws
tamil_cant_afford_nonmetro_none,Tamil · cannot afford private · non-metro · no prep,non_professional_graduate,annual_if_employed_kde,1343998.5805330144,4.7418601260217115e-08,bins are display-only; KDE from continuous Monte Carlo draws
tamil_cant_afford_nonmetro_none,Tamil · cannot afford private · non-metro · no prep,non_professional_graduate,annual_if_employed_kde,1378143.303995696,4.382071387594144e-08,bins are display-only; KDE from continuous Monte Carlo draws
tamil_cant_afford_nonmetro_none,Tamil · cannot afford private · non-metro · no prep,non_professional_graduate,annual_if_employed_kde,1412288.0274583774,4.04816715319712e-08,bins are display-only; KDE from continuous Monte Carlo draws
tamil_cant_afford_nonmetro_none,Tamil · cannot afford private · non-metro · no prep,non_professional_graduate,annual_if_employed_kde,1446432.750921059,3.735768220084244e-08,bins are display-only; KDE from continuous Monte Carlo draws
tamil_cant_afford_nonmetro_none,Tamil · cannot afford private · non-metro · no prep,non_professional_graduate,annual_if_employed_kde,1480577.4743837405,3.443275337615872e-08,bins are display-only; KDE from continuous Monte Carlo draws
tamil_cant_afford_nonmetro_none,Tamil · cannot afford private · non-metro · no prep,non_professional_graduate,annual_if_employed_kde,1514722.197846422,3.170825013702504e-08,bins are display-only; KDE from continuous Monte Carlo draws
tamil_cant_afford_nonmetro_none,Tamil · cannot afford private · non-metro · no prep,non_professional_graduate,annual_if_employed_kde,1548866.9213091035,2.9192852021174842e-08,bins are display-only; KDE from continuous Monte Carlo draws
tamil_cant_afford_nonmetro_none,Tamil · cannot afford private · non-metro · no prep,non_professional_graduate,annual_if_employed_kde,1583011.644771785,2.689477652768301e-08,bins are display-only; KDE from continuous Monte Carlo draws
tamil_cant_afford_nonmetro_none,Tamil · cannot afford private · non-metro · no prep,non_professional_graduate,annual_if_employed_kde,1617156.3682344665,2.481697921966819e-08,bins are display-only; KDE from continuous Monte Carlo draws
tamil_cant_afford_nonmetro_none,Tamil · cannot afford private · non-metro · no prep,non_professional_graduate,annual_if_employed_kde,1651301.091697148,2.2955142839216122e-08,bins are display-only; KDE from continuous Monte Carlo draws
tamil_cant_afford_nonmetro_none,Tamil · cannot afford private · non-metro · no prep,non_professional_graduate,annual_if_employed_kde,1685445.8151598296,2.1297767285417024e-08,bins are display-only; KDE from continuous Monte Carlo draws
tamil_cant_afford_nonmetro_none,Tamil · cannot afford private · non-metro · no prep,non_professional_graduate,annual_if_employed_kde,1719590.5386225113,1.9827533970130992e-08,bins are display-only; KDE from continuous Monte Carlo draws
tamil_cant_afford_nonmetro_none,Tamil · cannot afford private · non-metro · no prep,non_professional_graduate,annual_if_employed_kde,1753735.2620851928,1.8523221659073028e-08,bins are display-only; KDE from continuous Monte Carlo draws
tamil_cant_afford_nonmetro_none,Tamil · cannot afford private · non-metro · no prep,non_professional_graduate,annual_if_employed_kde,1787879.9855478744,1.736166388953554e-08,bins are display-only; KDE from continuous Monte Carlo draws
tamil_cant_afford_nonmetro_none,Tamil · cannot afford private · non-metro · no prep,non_professional_graduate,annual_if_employed_kde,1822024.7090105559,1.6319458865927628e-08,bins are display-only; KDE from continuous Monte Carlo draws
tamil_cant_afford_nonmetro_none,Tamil · cannot afford private · non-metro · no prep,non_professional_graduate,annual_if_employed_kde,1856169.4324732374,1.537431488034391e-08,bins are display-only; KDE from continuous Monte Carlo draws
tamil_cant_afford_nonmetro_none,Tamil · cannot afford private · non-metro · no prep,non_professional_graduate,annual_if_employed_kde,1890314.155935919,1.4506020953826642e-08,bins are display-only; KDE from continuous Monte Carlo draws
tamil_cant_afford_nonmetro_none,Tamil · cannot afford private · non-metro · no prep,non_professional_graduate,annual_if_employed_kde,1924458.8793986004,1.3697082260555242e-08,bins are display-only; KDE from continuous Monte Carlo draws
tamil_cant_afford_nonmetro_none,Tamil · cannot afford private · non-metro · no prep,non_professional_graduate,annual_if_employed_kde,1958603.602861282,1.2933072598262271e-08,bins are display-only; KDE from continuous Monte Carlo draws
tamil_cant_afford_nonmetro_none,Tamil · cannot afford private · non-metro · no prep,non_professional_graduate,annual_if_employed_kde,1992748.3263239635,1.220275142109287e-08,bins are display-only; KDE from continuous Monte Carlo draws
tamil_cant_afford_nonmetro_none,Tamil · cannot afford private · non-metro · no prep,non_professional_graduate,annual_if_employed_kde,2026893.049786645,1.149798484127648e-08,bins are display-only; KDE from continuous Monte Carlo draws
tamil_cant_afford_nonmetro_none,Tamil · cannot afford private · non-metro · no prep,non_professional_graduate,annual_if_employed_kde,2061037.7732493265,1.0813505558254117e-08,bins are display-only; KDE from continuous Monte Carlo draws
tamil_cant_afford_nonmetro_none,Tamil · cannot afford private · non-metro · no prep,no_college,annual_if_employed_kde,46499.08895111566,5.491545356088904e-06,bins are display-only; KDE from continuous Monte Carlo draws
tamil_cant_afford_nonmetro_none,Tamil · cannot afford private · non-metro · no prep,no_college,annual_if_employed_kde,80643.81241379719,5.495588789299444e-06,bins are display-only; KDE from continuous Monte Carlo draws
tamil_cant_afford_nonmetro_none,Tamil · cannot afford private · non-metro · no prep,no_college,annual_if_employed_kde,114788.53587647874,4.22586691399788e-06,bins are display-only; KDE from continuous Monte Carlo draws
tamil_cant_afford_nonmetro_none,Tamil · cannot afford private · non-metro · no prep,no_college,annual_if_employed_kde,148933.2593391603,3.086813574092169e-06,bins are display-only; KDE from continuous Monte Carlo draws
tamil_cant_afford_nonmetro_none,Tamil · cannot afford private · non-metro · no prep,no_college,annual_if_employed_kde,183077.9828018418,2.2689023370494336e-06,bins are display-only; KDE from continuous Monte Carlo draws
tamil_cant_afford_nonmetro_none,Tamil · cannot afford private · non-metro · no prep,no_college,annual_if_employed_kde,217222.70626452338,1.6874729366621108e-06,bins are display-only; KDE from continuous Monte Carlo draws
tamil_cant_afford_nonmetro_none,Tamil · cannot afford private · non-metro · no prep,no_college,annual_if_employed_kde,251367.4297272049,1.2664418710705301e-06,bins are display-only; KDE from continuous Monte Carlo draws
tamil_cant_afford_nonmetro_none,Tamil · cannot afford private · non-metro · no prep,no_college,annual_if_employed_kde,285512.1531898864,9.444661216472089e-07,bins are display-only; KDE from continuous Monte Carlo draws
tamil_cant_afford_nonmetro_none,Tamil · cannot afford private · non-metro · no prep,no_college,annual_if_employed_kde,319656.876652568,7.155048699334383e-07,bins are display-only; KDE from continuous Monte Carlo draws
tamil_cant_afford_nonmetro_none,Tamil · cannot afford private · non-metro · no prep,no_college,annual_if_employed_kde,353801.6001152495,5.482903833409047e-07,bins are display-only; KDE from continuous Monte Carlo draws
tamil_cant_afford_nonmetro_none,Tamil · cannot afford private · non-metro · no prep,no_college,annual_if_employed_kde,387946.3235779311,4.2667929798473604e-07,bins are display-only; KDE from continuous Monte Carlo draws
tamil_cant_afford_nonmetro_none,Tamil · cannot afford private · non-metro · no prep,no_college,annual_if_employed_kde,422091.0470406126,3.400567678151223e-07,bins are display-only; KDE from continuous Monte Carlo draws
tamil_cant_afford_nonmetro_none,Tamil · cannot afford private · non-metro · no prep,no_college,annual_if_employed_kde,456235.77050329413,2.794227741637829e-07,bins are display-only; KDE from continuous Monte Carlo draws
tamil_cant_afford_nonmetro_none,Tamil · cannot afford private · non-metro · no prep,no_college,annual_if_employed_kde,490380.4939659757,2.3444731627059658e-07,bins are display-only; KDE from continuous Monte Carlo draws
tamil_cant_afford_nonmetro_none,Tamil · cannot afford private · non-metro · no prep,no_college,annual_if_employed_kde,524525.2174286572,1.9709282925600675e-07,bins are display-only; KDE from continuous Monte Carlo draws
tamil_cant_afford_nonmetro_none,Tamil · cannot afford private · non-metro · no prep,no_college,annual_if_employed_kde,558669.9408913387,1.6392083760749287e-07,bins are display-only; KDE from continuous Monte Carlo draws
tamil_cant_afford_nonmetro_none,Tamil · cannot afford private · non-metro · no prep,no_college,annual_if_employed_kde,592814.6643540203,1.3452708208887843e-07,bins are display-only; KDE from continuous Monte Carlo draws
tamil_cant_afford_nonmetro_none,Tamil · cannot afford private · non-metro · no prep,no_college,annual_if_employed_kde,626959.3878167018,1.0928298729853645e-07,bins are display-only; KDE from continuous Monte Carlo draws
tamil_cant_afford_nonmetro_none,Tamil · cannot afford private · non-metro · no prep,no_college,annual_if_employed_kde,661104.1112793833,8.827787311416701e-08,bins are display-only; KDE from continuous Monte Carlo draws
tamil_cant_afford_nonmetro_none,Tamil · cannot afford private · non-metro · no prep,no_college,annual_if_employed_kde,695248.8347420649,7.124089305317312e-08,bins are display-only; KDE from continuous Monte Carlo draws
tamil_cant_afford_nonmetro_none,Tamil · cannot afford private · non-metro · no prep,no_college,annual_if_employed_kde,729393.5582047465,5.7735838563119543e-08,bins are display-only; KDE from continuous Monte Carlo draws
tamil_cant_afford_nonmetro_none,Tamil · cannot afford private · non-metro · no prep,no_college,annual_if_employed_kde,763538.281667428,4.727673735660875e-08,bins are display-only; KDE from continuous Monte Carlo draws
tamil_cant_afford_nonmetro_none,Tamil · cannot afford private · non-metro · no prep,no_college,annual_if_employed_kde,797683.0051301095,3.9328902430296115e-08,bins are display-only; KDE from continuous Monte Carlo draws
tamil_cant_afford_nonmetro_none,Tamil · cannot afford private · non-metro · no prep,no_college,annual_if_employed_kde,831827.728592791,3.330565514397057e-08,bins are display-only; KDE from continuous Monte Carlo draws
tamil_cant_afford_nonmetro_none,Tamil · cannot afford private · non-metro · no prep,no_college,annual_if_employed_kde,865972.4520554725,2.8634406938227486e-08,bins are display-only; KDE from continuous Monte Carlo draws
tamil_cant_afford_nonmetro_none,Tamil · cannot afford private · non-metro · no prep,no_college,annual_if_employed_kde,900117.1755181542,2.485346558325453e-08,bins are display-only; KDE from continuous Monte Carlo draws
tamil_cant_afford_nonmetro_none,Tamil · cannot afford private · non-metro · no prep,no_college,annual_if_employed_kde,934261.8989808357,2.166530262188777e-08,bins are display-only; KDE from continuous Monte Carlo draws
tamil_cant_afford_nonmetro_none,Tamil · cannot afford private · non-metro · no prep,no_college,annual_if_employed_kde,968406.6224435172,1.892113270668907e-08,bins are display-only; KDE from continuous Monte Carlo draws
tamil_cant_afford_nonmetro_none,Tamil · cannot afford private · non-metro · no prep,no_college,annual_if_employed_kde,1002551.3459061987,1.6563872879723278e-08,bins are display-only; KDE from continuous Monte Carlo draws
tamil_cant_afford_nonmetro_none,Tamil · cannot afford private · non-metro · no prep,no_college,annual_if_employed_kde,1036696.0693688802,1.4568802354167593e-08,bins are display-only; KDE from continuous Monte Carlo draws
tamil_cant_afford_nonmetro_none,Tamil · cannot afford private · non-metro · no prep,no_college,annual_if_employed_kde,1070840.792831562,1.2905623078058067e-08,bins are display-only; KDE from continuous Monte Carlo draws
tamil_cant_afford_nonmetro_none,Tamil · cannot afford private · non-metro · no prep,no_college,annual_if_employed_kde,1104985.5162942435,1.152607016645799e-08,bins are display-only; KDE from continuous Monte Carlo draws
tamil_cant_afford_nonmetro_none,Tamil · cannot afford private · non-metro · no prep,no_college,annual_if_employed_kde,1139130.239756925,1.0369404425118572e-08,bins are display-only; KDE from continuous Monte Carlo draws
tamil_cant_afford_nonmetro_none,Tamil · cannot afford private · non-metro · no prep,no_college,annual_if_employed_kde,1173274.9632196066,9.374889831166353e-09,bins are display-only; KDE from continuous Monte Carlo draws
tamil_cant_afford_nonmetro_none,Tamil · cannot afford private · non-metro · no prep,no_college,annual_if_employed_kde,1207419.686682288,8.492676148748246e-09,bins are display-only; KDE from continuous Monte Carlo draws
tamil_cant_afford_nonmetro_none,Tamil · cannot afford private · non-metro · no prep,no_college,annual_if_employed_kde,1241564.4101449696,7.68897703461647e-09,bins are display-only; KDE from continuous Monte Carlo draws
tamil_cant_afford_nonmetro_none,Tamil · cannot afford private · non-metro · no prep,no_college,annual_if_employed_kde,1275709.133607651,6.945464478242436e-09,bins are display-only; KDE from continuous Monte Carlo draws
tamil_cant_afford_nonmetro_none,Tamil · cannot afford private · non-metro · no prep,no_college,annual_if_employed_kde,1309853.8570703326,6.255063743152211e-09,bins are display-only; KDE from continuous Monte Carlo draws
tamil_cant_afford_nonmetro_none,Tamil · cannot afford private · non-metro · no prep,no_college,annual_if_employed_kde,1343998.5805330144,5.616756069443473e-09,bins are display-only; KDE from continuous Monte Carlo draws
tamil_cant_afford_nonmetro_none,Tamil · cannot afford private · non-metro · no prep,no_college,annual_if_employed_kde,1378143.303995696,5.0312666928374194e-09,bins are display-only; KDE from continuous Monte Carlo draws
tamil_cant_afford_nonmetro_none,Tamil · cannot afford private · non-metro · no prep,no_college,annual_if_employed_kde,1412288.0274583774,4.498450098342162e-09,bins are display-only; KDE from continuous Monte Carlo draws
tamil_cant_afford_nonmetro_none,Tamil · cannot afford private · non-metro · no prep,no_college,annual_if_employed_kde,1446432.750921059,4.016327727292133e-09,bins are display-only; KDE from continuous Monte Carlo draws
tamil_cant_afford_nonmetro_none,Tamil · cannot afford private · non-metro · no prep,no_college,annual_if_employed_kde,1480577.4743837405,3.581278268766407e-09,bins are display-only; KDE from continuous Monte Carlo draws
tamil_cant_afford_nonmetro_none,Tamil · cannot afford private · non-metro · no prep,no_college,annual_if_employed_kde,1514722.197846422,3.1887807014433463e-09,bins are display-only; KDE from continuous Monte Carlo draws
tamil_cant_afford_nonmetro_none,Tamil · cannot afford private · non-metro · no prep,no_college,annual_if_employed_kde,1548866.9213091035,2.8342264911877945e-09,bins are display-only; KDE from continuous Monte Carlo draws
tamil_cant_afford_nonmetro_none,Tamil · cannot afford private · non-metro · no prep,no_college,annual_if_employed_kde,1583011.644771785,2.513515311322237e-09,bins are display-only; KDE from continuous Monte Carlo draws
tamil_cant_afford_nonmetro_none,Tamil · cannot afford private · non-metro · no prep,no_college,annual_if_employed_kde,1617156.3682344665,2.223336727287606e-09,bins are display-only; KDE from continuous Monte Carlo draws
tamil_cant_afford_nonmetro_none,Tamil · cannot afford private · non-metro · no prep,no_college,annual_if_employed_kde,1651301.091697148,1.9611726516277618e-09,bins are display-only; KDE from continuous Monte Carlo draws
tamil_cant_afford_nonmetro_none,Tamil · cannot afford private · non-metro · no prep,no_college,annual_if_employed_kde,1685445.8151598296,1.7251211973905695e-09,bins are display-only; KDE from continuous Monte Carlo draws
tamil_cant_afford_nonmetro_none,Tamil · cannot afford private · non-metro · no prep,no_college,annual_if_employed_kde,1719590.5386225113,1.5136527302972325e-09,bins are display-only; KDE from continuous Monte Carlo draws
tamil_cant_afford_nonmetro_none,Tamil · cannot afford private · non-metro · no prep,no_college,annual_if_employed_kde,1753735.2620851928,1.3253841858287642e-09,bins are display-only; KDE from continuous Monte Carlo draws
tamil_cant_afford_nonmetro_none,Tamil · cannot afford private · non-metro · no prep,no_college,annual_if_employed_kde,1787879.9855478744,1.1589194590341292e-09,bins are display-only; KDE from continuous Monte Carlo draws
tamil_cant_afford_nonmetro_none,Tamil · cannot afford private · non-metro · no prep,no_college,annual_if_employed_kde,1822024.7090105559,1.0127680727565108e-09,bins are display-only; KDE from continuous Monte Carlo draws
tamil_cant_afford_nonmetro_none,Tamil · cannot afford private · non-metro · no prep,no_college,annual_if_employed_kde,1856169.4324732374,8.85330081033318e-10,bins are display-only; KDE from continuous Monte Carlo draws
tamil_cant_afford_nonmetro_none,Tamil · cannot afford private · non-metro · no prep,no_college,annual_if_employed_kde,1890314.155935919,7.749241338764655e-10,bins are display-only; KDE from continuous Monte Carlo draws
tamil_cant_afford_nonmetro_none,Tamil · cannot afford private · non-metro · no prep,no_college,annual_if_employed_kde,1924458.8793986004,6.798351841570694e-10,bins are display-only; KDE from continuous Monte Carlo draws
tamil_cant_afford_nonmetro_none,Tamil · cannot afford private · non-metro · no prep,no_college,annual_if_employed_kde,1958603.602861282,5.98364000939642e-10,bins are display-only; KDE from continuous Monte Carlo draws
tamil_cant_afford_nonmetro_none,Tamil · cannot afford private · non-metro · no prep,no_college,annual_if_employed_kde,1992748.3263239635,5.288682595629693e-10,bins are display-only; KDE from continuous Monte Carlo draws
tamil_cant_afford_nonmetro_none,Tamil · cannot afford private · non-metro · no prep,no_college,annual_if_employed_kde,2026893.049786645,4.697916423768919e-10,bins are display-only; KDE from continuous Monte Carlo draws
tamil_cant_afford_nonmetro_none,Tamil · cannot afford private · non-metro · no prep,no_college,annual_if_employed_kde,2061037.7732493265,4.196817924658489e-10,bins are display-only; KDE from continuous Monte Carlo draws
tamil_cant_afford_nonmetro_none,Tamil · cannot afford private · non-metro · no prep,physician_public_sector,annual_if_employed_kde,46499.08895111566,3.1263181693449263e-07,bins are display-only; KDE from continuous Monte Carlo draws
tamil_cant_afford_nonmetro_none,Tamil · cannot afford private · non-metro · no prep,physician_public_sector,annual_if_employed_kde,80643.81241379719,7.976550988770887e-07,bins are display-only; KDE from continuous Monte Carlo draws
tamil_cant_afford_nonmetro_none,Tamil · cannot afford private · non-metro · no prep,physician_public_sector,annual_if_employed_kde,114788.53587647874,9.516726518168239e-07,bins are display-only; KDE from continuous Monte Carlo draws
tamil_cant_afford_nonmetro_none,Tamil · cannot afford private · non-metro · no prep,physician_public_sector,annual_if_employed_kde,148933.2593391603,1.0002717058413508e-06,bins are display-only; KDE from continuous Monte Carlo draws
tamil_cant_afford_nonmetro_none,Tamil · cannot afford private · non-metro · no prep,physician_public_sector,annual_if_employed_kde,183077.9828018418,1.0126267253160196e-06,bins are display-only; KDE from continuous Monte Carlo draws
tamil_cant_afford_nonmetro_none,Tamil · cannot afford private · non-metro · no prep,physician_public_sector,annual_if_employed_kde,217222.70626452338,1.0024409207602975e-06,bins are display-only; KDE from continuous Monte Carlo draws
tamil_cant_afford_nonmetro_none,Tamil · cannot afford private · non-metro · no prep,physician_public_sector,annual_if_employed_kde,251367.4297272049,1.0001049647711667e-06,bins are display-only; KDE from continuous Monte Carlo draws
tamil_cant_afford_nonmetro_none,Tamil · cannot afford private · non-metro · no prep,physician_public_sector,annual_if_employed_kde,285512.1531898864,9.797935481341107e-07,bins are display-only; KDE from continuous Monte Carlo draws
tamil_cant_afford_nonmetro_none,Tamil · cannot afford private · non-metro · no prep,physician_public_sector,annual_if_employed_kde,319656.876652568,9.57617721433447e-07,bins are display-only; KDE from continuous Monte Carlo draws
tamil_cant_afford_nonmetro_none,Tamil · cannot afford private · non-metro · no prep,physician_public_sector,annual_if_employed_kde,353801.6001152495,9.455607511988815e-07,bins are display-only; KDE from continuous Monte Carlo draws
tamil_cant_afford_nonmetro_none,Tamil · cannot afford private · non-metro · no prep,physician_public_sector,annual_if_employed_kde,387946.3235779311,9.264541174411075e-07,bins are display-only; KDE from continuous Monte Carlo draws
tamil_cant_afford_nonmetro_none,Tamil · cannot afford private · non-metro · no prep,physician_public_sector,annual_if_employed_kde,422091.0470406126,8.943609362162048e-07,bins are display-only; KDE from continuous Monte Carlo draws
tamil_cant_afford_nonmetro_none,Tamil · cannot afford private · non-metro · no prep,physician_public_sector,annual_if_employed_kde,456235.77050329413,8.5797470529388e-07,bins are display-only; KDE from continuous Monte Carlo draws
tamil_cant_afford_nonmetro_none,Tamil · cannot afford private · non-metro · no prep,physician_public_sector,annual_if_employed_kde,490380.4939659757,8.227857420922039e-07,bins are display-only; KDE from continuous Monte Carlo draws
tamil_cant_afford_nonmetro_none,Tamil · cannot afford private · non-metro · no prep,physician_public_sector,annual_if_employed_kde,524525.2174286572,7.888538240381478e-07,bins are display-only; KDE from continuous Monte Carlo draws
tamil_cant_afford_nonmetro_none,Tamil · cannot afford private · non-metro · no prep,physician_public_sector,annual_if_employed_kde,558669.9408913387,7.561611125094299e-07,bins are display-only; KDE from continuous Monte Carlo draws
tamil_cant_afford_nonmetro_none,Tamil · cannot afford private · non-metro · no prep,physician_public_sector,annual_if_employed_kde,592814.6643540203,7.249051530112906e-07,bins are display-only; KDE from continuous Monte Carlo draws
tamil_cant_afford_nonmetro_none,Tamil · cannot afford private · non-metro · no prep,physician_public_sector,annual_if_employed_kde,626959.3878167018,6.945035892891195e-07,bins are display-only; KDE from continuous Monte Carlo draws
tamil_cant_afford_nonmetro_none,Tamil · cannot afford private · non-metro · no prep,physician_public_sector,annual_if_employed_kde,661104.1112793833,6.64240113145825e-07,bins are display-only; KDE from continuous Monte Carlo draws
tamil_cant_afford_nonmetro_none,Tamil · cannot afford private · non-metro · no prep,physician_public_sector,annual_if_employed_kde,695248.8347420649,6.339634180310499e-07,bins are display-only; KDE from continuous Monte Carlo draws
tamil_cant_afford_nonmetro_none,Tamil · cannot afford private · non-metro · no prep,physician_public_sector,annual_if_employed_kde,729393.5582047465,6.039789595816061e-07,bins are display-only; KDE from continuous Monte Carlo draws
tamil_cant_afford_nonmetro_none,Tamil · cannot afford private · non-metro · no prep,physician_public_sector,annual_if_employed_kde,763538.281667428,5.746978421585582e-07,bins are display-only; KDE from continuous Monte Carlo draws
tamil_cant_afford_nonmetro_none,Tamil · cannot afford private · non-metro · no prep,physician_public_sector,annual_if_employed_kde,797683.0051301095,5.464738005454565e-07,bins are display-only; KDE from continuous Monte Carlo draws
tamil_cant_afford_nonmetro_none,Tamil · cannot afford private · non-metro · no prep,physician_public_sector,annual_if_employed_kde,831827.728592791,5.195737119484267e-07,bins are display-only; KDE from continuous Monte Carlo draws
tamil_cant_afford_nonmetro_none,Tamil · cannot afford private · non-metro · no prep,physician_public_sector,annual_if_employed_kde,865972.4520554725,4.941535545982278e-07,bins are display-only; KDE from continuous Monte Carlo draws
tamil_cant_afford_nonmetro_none,Tamil · cannot afford private · non-metro · no prep,physician_public_sector,annual_if_employed_kde,900117.1755181542,4.7023278210223394e-07,bins are display-only; KDE from continuous Monte Carlo draws
tamil_cant_afford_nonmetro_none,Tamil · cannot afford private · non-metro · no prep,physician_public_sector,annual_if_employed_kde,934261.8989808357,4.47706672564932e-07,bins are display-only; KDE from continuous Monte Carlo draws
tamil_cant_afford_nonmetro_none,Tamil · cannot afford private · non-metro · no prep,physician_public_sector,annual_if_employed_kde,968406.6224435172,4.263999527981373e-07,bins are display-only; KDE from continuous Monte Carlo draws
tamil_cant_afford_nonmetro_none,Tamil · cannot afford private · non-metro · no prep,physician_public_sector,annual_if_employed_kde,1002551.3459061987,4.061292635343032e-07,bins are display-only; KDE from continuous Monte Carlo draws
tamil_cant_afford_nonmetro_none,Tamil · cannot afford private · non-metro · no prep,physician_public_sector,annual_if_employed_kde,1036696.0693688802,3.8674327651718467e-07,bins are display-only; KDE from continuous Monte Carlo draws
tamil_cant_afford_nonmetro_none,Tamil · cannot afford private · non-metro · no prep,physician_public_sector,annual_if_employed_kde,1070840.792831562,3.681323206520883e-07,bins are display-only; KDE from continuous Monte Carlo draws
tamil_cant_afford_nonmetro_none,Tamil · cannot afford private · non-metro · no prep,physician_public_sector,annual_if_employed_kde,1104985.5162942435,3.5021879735882634e-07,bins are display-only; KDE from continuous Monte Carlo draws
tamil_cant_afford_nonmetro_none,Tamil · cannot afford private · non-metro · no prep,physician_public_sector,annual_if_employed_kde,1139130.239756925,3.329444485811921e-07,bins are display-only; KDE from continuous Monte Carlo draws
tamil_cant_afford_nonmetro_none,Tamil · cannot afford private · non-metro · no prep,physician_public_sector,annual_if_employed_kde,1173274.9632196066,3.162643055111667e-07,bins are display-only; KDE from continuous Monte Carlo draws
tamil_cant_afford_nonmetro_none,Tamil · cannot afford private · non-metro · no prep,physician_public_sector,annual_if_employed_kde,1207419.686682288,3.001483897172705e-07,bins are display-only; KDE from continuous Monte Carlo draws
tamil_cant_afford_nonmetro_none,Tamil · cannot afford private · non-metro · no prep,physician_public_sector,annual_if_employed_kde,1241564.4101449696,2.845867748954396e-07,bins are display-only; KDE from continuous Monte Carlo draws
tamil_cant_afford_nonmetro_none,Tamil · cannot afford private · non-metro · no prep,physician_public_sector,annual_if_employed_kde,1275709.133607651,2.695927063916994e-07,bins are display-only; KDE from continuous Monte Carlo draws
tamil_cant_afford_nonmetro_none,Tamil · cannot afford private · non-metro · no prep,physician_public_sector,annual_if_employed_kde,1309853.8570703326,2.552005395279834e-07,bins are display-only; KDE from continuous Monte Carlo draws
tamil_cant_afford_nonmetro_none,Tamil · cannot afford private · non-metro · no prep,physician_public_sector,annual_if_employed_kde,1343998.5805330144,2.4145814895697184e-07,bins are display-only; KDE from continuous Monte Carlo draws
tamil_cant_afford_nonmetro_none,Tamil · cannot afford private · non-metro · no prep,physician_public_sector,annual_if_employed_kde,1378143.303995696,2.2841571882184307e-07,bins are display-only; KDE from continuous Monte Carlo draws
tamil_cant_afford_nonmetro_none,Tamil · cannot afford private · non-metro · no prep,physician_public_sector,annual_if_employed_kde,1412288.0274583774,2.1611388108805338e-07,bins are display-only; KDE from continuous Monte Carlo draws
tamil_cant_afford_nonmetro_none,Tamil · cannot afford private · non-metro · no prep,physician_public_sector,annual_if_employed_kde,1446432.750921059,2.0457407621039372e-07,bins are display-only; KDE from continuous Monte Carlo draws
tamil_cant_afford_nonmetro_none,Tamil · cannot afford private · non-metro · no prep,physician_public_sector,annual_if_employed_kde,1480577.4743837405,1.937931130915947e-07,bins are display-only; KDE from continuous Monte Carlo draws
tamil_cant_afford_nonmetro_none,Tamil · cannot afford private · non-metro · no prep,physician_public_sector,annual_if_employed_kde,1514722.197846422,1.8374264162230717e-07,bins are display-only; KDE from continuous Monte Carlo draws
tamil_cant_afford_nonmetro_none,Tamil · cannot afford private · non-metro · no prep,physician_public_sector,annual_if_employed_kde,1548866.9213091035,1.7437302951634509e-07,bins are display-only; KDE from continuous Monte Carlo draws
tamil_cant_afford_nonmetro_none,Tamil · cannot afford private · non-metro · no prep,physician_public_sector,annual_if_employed_kde,1583011.644771785,1.6562025700337424e-07,bins are display-only; KDE from continuous Monte Carlo draws
tamil_cant_afford_nonmetro_none,Tamil · cannot afford private · non-metro · no prep,physician_public_sector,annual_if_employed_kde,1617156.3682344665,1.5741405571501423e-07,bins are display-only; KDE from continuous Monte Carlo draws
tamil_cant_afford_nonmetro_none,Tamil · cannot afford private · non-metro · no prep,physician_public_sector,annual_if_employed_kde,1651301.091697148,1.4968561061574364e-07,bins are display-only; KDE from continuous Monte Carlo draws
tamil_cant_afford_nonmetro_none,Tamil · cannot afford private · non-metro · no prep,physician_public_sector,annual_if_employed_kde,1685445.8151598296,1.423735844609006e-07,bins are display-only; KDE from continuous Monte Carlo draws
tamil_cant_afford_nonmetro_none,Tamil · cannot afford private · non-metro · no prep,physician_public_sector,annual_if_employed_kde,1719590.5386225113,1.3542782540406784e-07,bins are display-only; KDE from continuous Monte Carlo draws
tamil_cant_afford_nonmetro_none,Tamil · cannot afford private · non-metro · no prep,physician_public_sector,annual_if_employed_kde,1753735.2620851928,1.2881070141649084e-07,bins are display-only; KDE from continuous Monte Carlo draws
tamil_cant_afford_nonmetro_none,Tamil · cannot afford private · non-metro · no prep,physician_public_sector,annual_if_employed_kde,1787879.9855478744,1.224964452930846e-07,bins are display-only; KDE from continuous Monte Carlo draws
tamil_cant_afford_nonmetro_none,Tamil · cannot afford private · non-metro · no prep,physician_public_sector,annual_if_employed_kde,1822024.7090105559,1.1646913663443114e-07,bins are display-only; KDE from continuous Monte Carlo draws
tamil_cant_afford_nonmetro_none,Tamil · cannot afford private · non-metro · no prep,physician_public_sector,annual_if_employed_kde,1856169.4324732374,1.1072000004835717e-07,bins are display-only; KDE from continuous Monte Carlo draws
tamil_cant_afford_nonmetro_none,Tamil · cannot afford private · non-metro · no prep,physician_public_sector,annual_if_employed_kde,1890314.155935919,1.0524460997101645e-07,bins are display-only; KDE from continuous Monte Carlo draws
tamil_cant_afford_nonmetro_none,Tamil · cannot afford private · non-metro · no prep,physician_public_sector,annual_if_employed_kde,1924458.8793986004,1.0004042539557042e-07,bins are display-only; KDE from continuous Monte Carlo draws
tamil_cant_afford_nonmetro_none,Tamil · cannot afford private · non-metro · no prep,physician_public_sector,annual_if_employed_kde,1958603.602861282,9.510489113629997e-08,bins are display-only; KDE from continuous Monte Carlo draws
tamil_cant_afford_nonmetro_none,Tamil · cannot afford private · non-metro · no prep,physician_public_sector,annual_if_employed_kde,1992748.3263239635,9.04341783645736e-08,bins are display-only; KDE from continuous Monte Carlo draws
tamil_cant_afford_nonmetro_none,Tamil · cannot afford private · non-metro · no prep,physician_public_sector,annual_if_employed_kde,2026893.049786645,8.602251848499607e-08,bins are display-only; KDE from continuous Monte Carlo draws
tamil_cant_afford_nonmetro_none,Tamil · cannot afford private · non-metro · no prep,physician_public_sector,annual_if_employed_kde,2061037.7732493265,8.186201605313934e-08,bins are display-only; KDE from continuous Monte Carlo draws
tamil_cant_afford_nonmetro_none,Tamil · cannot afford private · non-metro · no prep,physician_private_sector,annual_if_employed_kde,46499.08895111566,4.001326514786033e-07,bins are display-only; KDE from continuous Monte Carlo draws
tamil_cant_afford_nonmetro_none,Tamil · cannot afford private · non-metro · no prep,physician_private_sector,annual_if_employed_kde,80643.81241379719,1.003432047270441e-06,bins are display-only; KDE from continuous Monte Carlo draws
tamil_cant_afford_nonmetro_none,Tamil · cannot afford private · non-metro · no prep,physician_private_sector,annual_if_employed_kde,114788.53587647874,1.4454775976987076e-06,bins are display-only; KDE from continuous Monte Carlo draws
tamil_cant_afford_nonmetro_none,Tamil · cannot afford private · non-metro · no prep,physician_private_sector,annual_if_employed_kde,148933.2593391603,1.690721834075505e-06,bins are display-only; KDE from continuous Monte Carlo draws
tamil_cant_afford_nonmetro_none,Tamil · cannot afford private · non-metro · no prep,physician_private_sector,annual_if_employed_kde,183077.9828018418,1.718019478765e-06,bins are display-only; KDE from continuous Monte Carlo draws
tamil_cant_afford_nonmetro_none,Tamil · cannot afford private · non-metro · no prep,physician_private_sector,annual_if_employed_kde,217222.70626452338,1.7182256625074812e-06,bins are display-only; KDE from continuous Monte Carlo draws
tamil_cant_afford_nonmetro_none,Tamil · cannot afford private · non-metro · no prep,physician_private_sector,annual_if_employed_kde,251367.4297272049,1.6748132060756067e-06,bins are display-only; KDE from continuous Monte Carlo draws
tamil_cant_afford_nonmetro_none,Tamil · cannot afford private · non-metro · no prep,physician_private_sector,annual_if_employed_kde,285512.1531898864,1.5654841330144898e-06,bins are display-only; KDE from continuous Monte Carlo draws
tamil_cant_afford_nonmetro_none,Tamil · cannot afford private · non-metro · no prep,physician_private_sector,annual_if_employed_kde,319656.876652568,1.4560774426265814e-06,bins are display-only; KDE from continuous Monte Carlo draws
tamil_cant_afford_nonmetro_none,Tamil · cannot afford private · non-metro · no prep,physician_private_sector,annual_if_employed_kde,353801.6001152495,1.379817244395337e-06,bins are display-only; KDE from continuous Monte Carlo draws
tamil_cant_afford_nonmetro_none,Tamil · cannot afford private · non-metro · no prep,physician_private_sector,annual_if_employed_kde,387946.3235779311,1.2999875750171047e-06,bins are display-only; KDE from continuous Monte Carlo draws
tamil_cant_afford_nonmetro_none,Tamil · cannot afford private · non-metro · no prep,physician_private_sector,annual_if_employed_kde,422091.0470406126,1.1923220098849486e-06,bins are display-only; KDE from continuous Monte Carlo draws
tamil_cant_afford_nonmetro_none,Tamil · cannot afford private · non-metro · no prep,physician_private_sector,annual_if_employed_kde,456235.77050329413,1.0752031423813235e-06,bins are display-only; KDE from continuous Monte Carlo draws
tamil_cant_afford_nonmetro_none,Tamil · cannot afford private · non-metro · no prep,physician_private_sector,annual_if_employed_kde,490380.4939659757,9.715115317870464e-07,bins are display-only; KDE from continuous Monte Carlo draws
tamil_cant_afford_nonmetro_none,Tamil · cannot afford private · non-metro · no prep,physician_private_sector,annual_if_employed_kde,524525.2174286572,8.841600005538813e-07,bins are display-only; KDE from continuous Monte Carlo draws
tamil_cant_afford_nonmetro_none,Tamil · cannot afford private · non-metro · no prep,physician_private_sector,annual_if_employed_kde,558669.9408913387,8.066680633942876e-07,bins are display-only; KDE from continuous Monte Carlo draws
tamil_cant_afford_nonmetro_none,Tamil · cannot afford private · non-metro · no prep,physician_private_sector,annual_if_employed_kde,592814.6643540203,7.364661930489192e-07,bins are display-only; KDE from continuous Monte Carlo draws
tamil_cant_afford_nonmetro_none,Tamil · cannot afford private · non-metro · no prep,physician_private_sector,annual_if_employed_kde,626959.3878167018,6.735081059222819e-07,bins are display-only; KDE from continuous Monte Carlo draws
tamil_cant_afford_nonmetro_none,Tamil · cannot afford private · non-metro · no prep,physician_private_sector,annual_if_employed_kde,661104.1112793833,6.156813088528697e-07,bins are display-only; KDE from continuous Monte Carlo draws
tamil_cant_afford_nonmetro_none,Tamil · cannot afford private · non-metro · no prep,physician_private_sector,annual_if_employed_kde,695248.8347420649,5.599193445446264e-07,bins are display-only; KDE from continuous Monte Carlo draws
tamil_cant_afford_nonmetro_none,Tamil · cannot afford private · non-metro · no prep,physician_private_sector,annual_if_employed_kde,729393.5582047465,5.054104481760295e-07,bins are display-only; KDE from continuous Monte Carlo draws
tamil_cant_afford_nonmetro_none,Tamil · cannot afford private · non-metro · no prep,physician_private_sector,annual_if_employed_kde,763538.281667428,4.540909785823885e-07,bins are display-only; KDE from continuous Monte Carlo draws
tamil_cant_afford_nonmetro_none,Tamil · cannot afford private · non-metro · no prep,physician_private_sector,annual_if_employed_kde,797683.0051301095,4.0858861679599767e-07,bins are display-only; KDE from continuous Monte Carlo draws
tamil_cant_afford_nonmetro_none,Tamil · cannot afford private · non-metro · no prep,physician_private_sector,annual_if_employed_kde,831827.728592791,3.7019579650023316e-07,bins are display-only; KDE from continuous Monte Carlo draws
tamil_cant_afford_nonmetro_none,Tamil · cannot afford private · non-metro · no prep,physician_private_sector,annual_if_employed_kde,865972.4520554725,3.38361587196983e-07,bins are display-only; KDE from continuous Monte Carlo draws
tamil_cant_afford_nonmetro_none,Tamil · cannot afford private · non-metro · no prep,physician_private_sector,annual_if_employed_kde,900117.1755181542,3.1142445708057786e-07,bins are display-only; KDE from continuous Monte Carlo draws
tamil_cant_afford_nonmetro_none,Tamil · cannot afford private · non-metro · no prep,physician_private_sector,annual_if_employed_kde,934261.8989808357,2.876231095842316e-07,bins are display-only; KDE from continuous Monte Carlo draws
tamil_cant_afford_nonmetro_none,Tamil · cannot afford private · non-metro · no prep,physician_private_sector,annual_if_employed_kde,968406.6224435172,2.6572227406223756e-07,bins are display-only; KDE from continuous Monte Carlo draws
tamil_cant_afford_nonmetro_none,Tamil · cannot afford private · non-metro · no prep,physician_private_sector,annual_if_employed_kde,1002551.3459061987,2.4513465310989396e-07,bins are display-only; KDE from continuous Monte Carlo draws
tamil_cant_afford_nonmetro_none,Tamil · cannot afford private · non-metro · no prep,physician_private_sector,annual_if_employed_kde,1036696.0693688802,2.257382249991283e-07,bins are display-only; KDE from continuous Monte Carlo draws
tamil_cant_afford_nonmetro_none,Tamil · cannot afford private · non-metro · no prep,physician_private_sector,annual_if_employed_kde,1070840.792831562,2.0762500911032783e-07,bins are display-only; KDE from continuous Monte Carlo draws
tamil_cant_afford_nonmetro_none,Tamil · cannot afford private · non-metro · no prep,physician_private_sector,annual_if_employed_kde,1104985.5162942435,1.9091605542801708e-07,bins are display-only; KDE from continuous Monte Carlo draws
tamil_cant_afford_nonmetro_none,Tamil · cannot afford private · non-metro · no prep,physician_private_sector,annual_if_employed_kde,1139130.239756925,1.7567228796942952e-07,bins are display-only; KDE from continuous Monte Carlo draws
tamil_cant_afford_nonmetro_none,Tamil · cannot afford private · non-metro · no prep,physician_private_sector,annual_if_employed_kde,1173274.9632196066,1.618758650692417e-07,bins are display-only; KDE from continuous Monte Carlo draws
tamil_cant_afford_nonmetro_none,Tamil · cannot afford private · non-metro · no prep,physician_private_sector,annual_if_employed_kde,1207419.686682288,1.494461647331196e-07,bins are display-only; KDE from continuous Monte Carlo draws
tamil_cant_afford_nonmetro_none,Tamil · cannot afford private · non-metro · no prep,physician_private_sector,annual_if_employed_kde,1241564.4101449696,1.3826461084551016e-07,bins are display-only; KDE from continuous Monte Carlo draws
tamil_cant_afford_nonmetro_none,Tamil · cannot afford private · non-metro · no prep,physician_private_sector,annual_if_employed_kde,1275709.133607651,1.2819576131150674e-07,bins are display-only; KDE from continuous Monte Carlo draws
tamil_cant_afford_nonmetro_none,Tamil · cannot afford private · non-metro · no prep,physician_private_sector,annual_if_employed_kde,1309853.8570703326,1.1910131124064724e-07,bins are display-only; KDE from continuous Monte Carlo draws
tamil_cant_afford_nonmetro_none,Tamil · cannot afford private · non-metro · no prep,physician_private_sector,annual_if_employed_kde,1343998.5805330144,1.1084817297518673e-07,bins are display-only; KDE from continuous Monte Carlo draws
tamil_cant_afford_nonmetro_none,Tamil · cannot afford private · non-metro · no prep,physician_private_sector,annual_if_employed_kde,1378143.303995696,1.0331299345081527e-07,bins are display-only; KDE from continuous Monte Carlo draws
tamil_cant_afford_nonmetro_none,Tamil · cannot afford private · non-metro · no prep,physician_private_sector,annual_if_employed_kde,1412288.0274583774,9.638497683292283e-08,bins are display-only; KDE from continuous Monte Carlo draws
tamil_cant_afford_nonmetro_none,Tamil · cannot afford private · non-metro · no prep,physician_private_sector,annual_if_employed_kde,1446432.750921059,8.996792206949054e-08,bins are display-only; KDE from continuous Monte Carlo draws
tamil_cant_afford_nonmetro_none,Tamil · cannot afford private · non-metro · no prep,physician_private_sector,annual_if_employed_kde,1480577.4743837405,8.398165121965139e-08,bins are display-only; KDE from continuous Monte Carlo draws
tamil_cant_afford_nonmetro_none,Tamil · cannot afford private · non-metro · no prep,physician_private_sector,annual_if_employed_kde,1514722.197846422,7.836269207188534e-08,bins are display-only; KDE from continuous Monte Carlo draws
tamil_cant_afford_nonmetro_none,Tamil · cannot afford private · non-metro · no prep,physician_private_sector,annual_if_employed_kde,1548866.9213091035,7.306407557149366e-08,bins are display-only; KDE from continuous Monte Carlo draws
tamil_cant_afford_nonmetro_none,Tamil · cannot afford private · non-metro · no prep,physician_private_sector,annual_if_employed_kde,1583011.644771785,6.805422197033625e-08,bins are display-only; KDE from continuous Monte Carlo draws
tamil_cant_afford_nonmetro_none,Tamil · cannot afford private · non-metro · no prep,physician_private_sector,annual_if_employed_kde,1617156.3682344665,6.331499500833333e-08,bins are display-only; KDE from continuous Monte Carlo draws
tamil_cant_afford_nonmetro_none,Tamil · cannot afford private · non-metro · no prep,physician_private_sector,annual_if_employed_kde,1651301.091697148,5.883907317574273e-08,bins are display-only; KDE from continuous Monte Carlo draws
tamil_cant_afford_nonmetro_none,Tamil · cannot afford private · non-metro · no prep,physician_private_sector,annual_if_employed_kde,1685445.8151598296,5.462684225606242e-08,bins are display-only; KDE from continuous Monte Carlo draws
tamil_cant_afford_nonmetro_none,Tamil · cannot afford private · non-metro · no prep,physician_private_sector,annual_if_employed_kde,1719590.5386225113,5.0683069321606416e-08,bins are display-only; KDE from continuous Monte Carlo draws
tamil_cant_afford_nonmetro_none,Tamil · cannot afford private · non-metro · no prep,physician_private_sector,annual_if_employed_kde,1753735.2620851928,4.701366387645567e-08,bins are display-only; KDE from continuous Monte Carlo draws
tamil_cant_afford_nonmetro_none,Tamil · cannot afford private · non-metro · no prep,physician_private_sector,annual_if_employed_kde,1787879.9855478744,4.362284054541379e-08,bins are display-only; KDE from continuous Monte Carlo draws
tamil_cant_afford_nonmetro_none,Tamil · cannot afford private · non-metro · no prep,physician_private_sector,annual_if_employed_kde,1822024.7090105559,4.051095075654724e-08,bins are display-only; KDE from continuous Monte Carlo draws
tamil_cant_afford_nonmetro_none,Tamil · cannot afford private · non-metro · no prep,physician_private_sector,annual_if_employed_kde,1856169.4324732374,3.767315113406377e-08,bins are display-only; KDE from continuous Monte Carlo draws
tamil_cant_afford_nonmetro_none,Tamil · cannot afford private · non-metro · no prep,physician_private_sector,annual_if_employed_kde,1890314.155935919,3.5098947409609346e-08,bins are display-only; KDE from continuous Monte Carlo draws
tamil_cant_afford_nonmetro_none,Tamil · cannot afford private · non-metro · no prep,physician_private_sector,annual_if_employed_kde,1924458.8793986004,3.277252725406498e-08,bins are display-only; KDE from continuous Monte Carlo draws
tamil_cant_afford_nonmetro_none,Tamil · cannot afford private · non-metro · no prep,physician_private_sector,annual_if_employed_kde,1958603.602861282,3.06737016733101e-08,bins are display-only; KDE from continuous Monte Carlo draws
tamil_cant_afford_nonmetro_none,Tamil · cannot afford private · non-metro · no prep,physician_private_sector,annual_if_employed_kde,1992748.3263239635,2.8779227305367622e-08,bins are display-only; KDE from continuous Monte Carlo draws
tamil_cant_afford_nonmetro_none,Tamil · cannot afford private · non-metro · no prep,physician_private_sector,annual_if_employed_kde,2026893.049786645,2.7064280894203196e-08,bins are display-only; KDE from continuous Monte Carlo draws
tamil_cant_afford_nonmetro_none,Tamil · cannot afford private · non-metro · no prep,physician_private_sector,annual_if_employed_kde,2061037.7732493265,2.550389112672083e-08,bins are display-only; KDE from continuous Monte Carlo draws
tamil_cant_afford_nonmetro_modest,Tamil · cannot afford private · non-metro · modest prep,government_mbbs,annual_if_employed_kde,46499.08895111566,3.5358151218845207e-07,bins are display-only; KDE from continuous Monte Carlo draws
tamil_cant_afford_nonmetro_modest,Tamil · cannot afford private · non-metro · modest prep,government_mbbs,annual_if_employed_kde,80643.81241379719,8.306980958060473e-07,bins are display-only; KDE from continuous Monte Carlo draws
tamil_cant_afford_nonmetro_modest,Tamil · cannot afford private · non-metro · modest prep,government_mbbs,annual_if_employed_kde,114788.53587647874,1.180035179642356e-06,bins are display-only; KDE from continuous Monte Carlo draws
tamil_cant_afford_nonmetro_modest,Tamil · cannot afford private · non-metro · modest prep,government_mbbs,annual_if_employed_kde,148933.2593391603,1.2690435658153279e-06,bins are display-only; KDE from continuous Monte Carlo draws
tamil_cant_afford_nonmetro_modest,Tamil · cannot afford private · non-metro · modest prep,government_mbbs,annual_if_employed_kde,183077.9828018418,1.2969068339617815e-06,bins are display-only; KDE from continuous Monte Carlo draws
tamil_cant_afford_nonmetro_modest,Tamil · cannot afford private · non-metro · modest prep,government_mbbs,annual_if_employed_kde,217222.70626452338,1.3199554841402472e-06,bins are display-only; KDE from continuous Monte Carlo draws
tamil_cant_afford_nonmetro_modest,Tamil · cannot afford private · non-metro · modest prep,government_mbbs,annual_if_employed_kde,251367.4297272049,1.2923196205035561e-06,bins are display-only; KDE from continuous Monte Carlo draws
tamil_cant_afford_nonmetro_modest,Tamil · cannot afford private · non-metro · modest prep,government_mbbs,annual_if_employed_kde,285512.1531898864,1.2627711616466484e-06,bins are display-only; KDE from continuous Monte Carlo draws
tamil_cant_afford_nonmetro_modest,Tamil · cannot afford private · non-metro · modest prep,government_mbbs,annual_if_employed_kde,319656.876652568,1.2069146948851625e-06,bins are display-only; KDE from continuous Monte Carlo draws
tamil_cant_afford_nonmetro_modest,Tamil · cannot afford private · non-metro · modest prep,government_mbbs,annual_if_employed_kde,353801.6001152495,1.126889929497157e-06,bins are display-only; KDE from continuous Monte Carlo draws
tamil_cant_afford_nonmetro_modest,Tamil · cannot afford private · non-metro · modest prep,government_mbbs,annual_if_employed_kde,387946.3235779311,1.0614975404287582e-06,bins are display-only; KDE from continuous Monte Carlo draws
tamil_cant_afford_nonmetro_modest,Tamil · cannot afford private · non-metro · modest prep,government_mbbs,annual_if_employed_kde,422091.0470406126,1.013997079765047e-06,bins are display-only; KDE from continuous Monte Carlo draws
tamil_cant_afford_nonmetro_modest,Tamil · cannot afford private · non-metro · modest prep,government_mbbs,annual_if_employed_kde,456235.77050329413,9.706190246001987e-07,bins are display-only; KDE from continuous Monte Carlo draws
tamil_cant_afford_nonmetro_modest,Tamil · cannot afford private · non-metro · modest prep,government_mbbs,annual_if_employed_kde,490380.4939659757,9.237404951349902e-07,bins are display-only; KDE from continuous Monte Carlo draws
tamil_cant_afford_nonmetro_modest,Tamil · cannot afford private · non-metro · modest prep,government_mbbs,annual_if_employed_kde,524525.2174286572,8.728682470835885e-07,bins are display-only; KDE from continuous Monte Carlo draws
tamil_cant_afford_nonmetro_modest,Tamil · cannot afford private · non-metro · modest prep,government_mbbs,annual_if_employed_kde,558669.9408913387,8.204735025343699e-07,bins are display-only; KDE from continuous Monte Carlo draws
tamil_cant_afford_nonmetro_modest,Tamil · cannot afford private · non-metro · modest prep,government_mbbs,annual_if_employed_kde,592814.6643540203,7.688094841885404e-07,bins are display-only; KDE from continuous Monte Carlo draws
tamil_cant_afford_nonmetro_modest,Tamil · cannot afford private · non-metro · modest prep,government_mbbs,annual_if_employed_kde,626959.3878167018,7.192537645149151e-07,bins are display-only; KDE from continuous Monte Carlo draws
tamil_cant_afford_nonmetro_modest,Tamil · cannot afford private · non-metro · modest prep,government_mbbs,annual_if_employed_kde,661104.1112793833,6.726870213714013e-07,bins are display-only; KDE from continuous Monte Carlo draws
tamil_cant_afford_nonmetro_modest,Tamil · cannot afford private · non-metro · modest prep,government_mbbs,annual_if_employed_kde,695248.8347420649,6.296323665397786e-07,bins are display-only; KDE from continuous Monte Carlo draws
tamil_cant_afford_nonmetro_modest,Tamil · cannot afford private · non-metro · modest prep,government_mbbs,annual_if_employed_kde,729393.5582047465,5.902103369019392e-07,bins are display-only; KDE from continuous Monte Carlo draws
tamil_cant_afford_nonmetro_modest,Tamil · cannot afford private · non-metro · modest prep,government_mbbs,annual_if_employed_kde,763538.281667428,5.54159821946124e-07,bins are display-only; KDE from continuous Monte Carlo draws
tamil_cant_afford_nonmetro_modest,Tamil · cannot afford private · non-metro · modest prep,government_mbbs,annual_if_employed_kde,797683.0051301095,5.209410779718134e-07,bins are display-only; KDE from continuous Monte Carlo draws
tamil_cant_afford_nonmetro_modest,Tamil · cannot afford private · non-metro · modest prep,government_mbbs,annual_if_employed_kde,831827.728592791,4.898667259785519e-07,bins are display-only; KDE from continuous Monte Carlo draws
tamil_cant_afford_nonmetro_modest,Tamil · cannot afford private · non-metro · modest prep,government_mbbs,annual_if_employed_kde,865972.4520554725,4.602463659197968e-07,bins are display-only; KDE from continuous Monte Carlo draws
tamil_cant_afford_nonmetro_modest,Tamil · cannot afford private · non-metro · modest prep,government_mbbs,annual_if_employed_kde,900117.1755181542,4.315415309638829e-07,bins are display-only; KDE from continuous Monte Carlo draws
tamil_cant_afford_nonmetro_modest,Tamil · cannot afford private · non-metro · modest prep,government_mbbs,annual_if_employed_kde,934261.8989808357,4.0349026364541044e-07,bins are display-only; KDE from continuous Monte Carlo draws
tamil_cant_afford_nonmetro_modest,Tamil · cannot afford private · non-metro · modest prep,government_mbbs,annual_if_employed_kde,968406.6224435172,3.7614181083810456e-07,bins are display-only; KDE from continuous Monte Carlo draws
tamil_cant_afford_nonmetro_modest,Tamil · cannot afford private · non-metro · modest prep,government_mbbs,annual_if_employed_kde,1002551.3459061987,3.4978159344711524e-07,bins are display-only; KDE from continuous Monte Carlo draws
tamil_cant_afford_nonmetro_modest,Tamil · cannot afford private · non-metro · modest prep,government_mbbs,annual_if_employed_kde,1036696.0693688802,3.2478822688816366e-07,bins are display-only; KDE from continuous Monte Carlo draws
tamil_cant_afford_nonmetro_modest,Tamil · cannot afford private · non-metro · modest prep,government_mbbs,annual_if_employed_kde,1070840.792831562,3.014923654637915e-07,bins are display-only; KDE from continuous Monte Carlo draws
tamil_cant_afford_nonmetro_modest,Tamil · cannot afford private · non-metro · modest prep,government_mbbs,annual_if_employed_kde,1104985.5162942435,2.800883752687747e-07,bins are display-only; KDE from continuous Monte Carlo draws
tamil_cant_afford_nonmetro_modest,Tamil · cannot afford private · non-metro · modest prep,government_mbbs,annual_if_employed_kde,1139130.239756925,2.606111339104128e-07,bins are display-only; KDE from continuous Monte Carlo draws
tamil_cant_afford_nonmetro_modest,Tamil · cannot afford private · non-metro · modest prep,government_mbbs,annual_if_employed_kde,1173274.9632196066,2.4296130426338465e-07,bins are display-only; KDE from continuous Monte Carlo draws
tamil_cant_afford_nonmetro_modest,Tamil · cannot afford private · non-metro · modest prep,government_mbbs,annual_if_employed_kde,1207419.686682288,2.2695339960634395e-07,bins are display-only; KDE from continuous Monte Carlo draws
tamil_cant_afford_nonmetro_modest,Tamil · cannot afford private · non-metro · modest prep,government_mbbs,annual_if_employed_kde,1241564.4101449696,2.123657826065081e-07,bins are display-only; KDE from continuous Monte Carlo draws
tamil_cant_afford_nonmetro_modest,Tamil · cannot afford private · non-metro · modest prep,government_mbbs,annual_if_employed_kde,1275709.133607651,1.9898073416387468e-07,bins are display-only; KDE from continuous Monte Carlo draws
tamil_cant_afford_nonmetro_modest,Tamil · cannot afford private · non-metro · modest prep,government_mbbs,annual_if_employed_kde,1309853.8570703326,1.8661018055544966e-07,bins are display-only; KDE from continuous Monte Carlo draws
tamil_cant_afford_nonmetro_modest,Tamil · cannot afford private · non-metro · modest prep,government_mbbs,annual_if_employed_kde,1343998.5805330144,1.7510730180055475e-07,bins are display-only; KDE from continuous Monte Carlo draws
tamil_cant_afford_nonmetro_modest,Tamil · cannot afford private · non-metro · modest prep,government_mbbs,annual_if_employed_kde,1378143.303995696,1.6436674836194387e-07,bins are display-only; KDE from continuous Monte Carlo draws
tamil_cant_afford_nonmetro_modest,Tamil · cannot afford private · non-metro · modest prep,government_mbbs,annual_if_employed_kde,1412288.0274583774,1.543173429515345e-07,bins are display-only; KDE from continuous Monte Carlo draws
tamil_cant_afford_nonmetro_modest,Tamil · cannot afford private · non-metro · modest prep,government_mbbs,annual_if_employed_kde,1446432.750921059,1.449113159828882e-07,bins are display-only; KDE from continuous Monte Carlo draws
tamil_cant_afford_nonmetro_modest,Tamil · cannot afford private · non-metro · modest prep,government_mbbs,annual_if_employed_kde,1480577.4743837405,1.3611351935121218e-07,bins are display-only; KDE from continuous Monte Carlo draws
tamil_cant_afford_nonmetro_modest,Tamil · cannot afford private · non-metro · modest prep,government_mbbs,annual_if_employed_kde,1514722.197846422,1.2789294809925325e-07,bins are display-only; KDE from continuous Monte Carlo draws
tamil_cant_afford_nonmetro_modest,Tamil · cannot afford private · non-metro · modest prep,government_mbbs,annual_if_employed_kde,1548866.9213091035,1.2021762167374467e-07,bins are display-only; KDE from continuous Monte Carlo draws
tamil_cant_afford_nonmetro_modest,Tamil · cannot afford private · non-metro · modest prep,government_mbbs,annual_if_employed_kde,1583011.644771785,1.1305276280401189e-07,bins are display-only; KDE from continuous Monte Carlo draws
tamil_cant_afford_nonmetro_modest,Tamil · cannot afford private · non-metro · modest prep,government_mbbs,annual_if_employed_kde,1617156.3682344665,1.0636146923095203e-07,bins are display-only; KDE from continuous Monte Carlo draws
tamil_cant_afford_nonmetro_modest,Tamil · cannot afford private · non-metro · modest prep,government_mbbs,annual_if_employed_kde,1651301.091697148,1.0010675778175031e-07,bins are display-only; KDE from continuous Monte Carlo draws
tamil_cant_afford_nonmetro_modest,Tamil · cannot afford private · non-metro · modest prep,government_mbbs,annual_if_employed_kde,1685445.8151598296,9.425390713969126e-08,bins are display-only; KDE from continuous Monte Carlo draws
tamil_cant_afford_nonmetro_modest,Tamil · cannot afford private · non-metro · modest prep,government_mbbs,annual_if_employed_kde,1719590.5386225113,8.877230589831549e-08,bins are display-only; KDE from continuous Monte Carlo draws
tamil_cant_afford_nonmetro_modest,Tamil · cannot afford private · non-metro · modest prep,government_mbbs,annual_if_employed_kde,1753735.2620851928,8.363638567993431e-08,bins are display-only; KDE from continuous Monte Carlo draws
tamil_cant_afford_nonmetro_modest,Tamil · cannot afford private · non-metro · modest prep,government_mbbs,annual_if_employed_kde,1787879.9855478744,7.882557036456291e-08,bins are display-only; KDE from continuous Monte Carlo draws
tamil_cant_afford_nonmetro_modest,Tamil · cannot afford private · non-metro · modest prep,government_mbbs,annual_if_employed_kde,1822024.7090105559,7.43234299422607e-08,bins are display-only; KDE from continuous Monte Carlo draws
tamil_cant_afford_nonmetro_modest,Tamil · cannot afford private · non-metro · modest prep,government_mbbs,annual_if_employed_kde,1856169.4324732374,7.011636381972859e-08,bins are display-only; KDE from continuous Monte Carlo draws
tamil_cant_afford_nonmetro_modest,Tamil · cannot afford private · non-metro · modest prep,government_mbbs,annual_if_employed_kde,1890314.155935919,6.61921619073525e-08,bins are display-only; KDE from continuous Monte Carlo draws
tamil_cant_afford_nonmetro_modest,Tamil · cannot afford private · non-metro · modest prep,government_mbbs,annual_if_employed_kde,1924458.8793986004,6.253873282490167e-08,bins are display-only; KDE from continuous Monte Carlo draws
tamil_cant_afford_nonmetro_modest,Tamil · cannot afford private · non-metro · modest prep,government_mbbs,annual_if_employed_kde,1958603.602861282,5.9143185524528374e-08,bins are display-only; KDE from continuous Monte Carlo draws
tamil_cant_afford_nonmetro_modest,Tamil · cannot afford private · non-metro · modest prep,government_mbbs,annual_if_employed_kde,1992748.3263239635,5.599133897931598e-08,bins are display-only; KDE from continuous Monte Carlo draws
tamil_cant_afford_nonmetro_modest,Tamil · cannot afford private · non-metro · modest prep,government_mbbs,annual_if_employed_kde,2026893.049786645,5.3067640033358844e-08,bins are display-only; KDE from continuous Monte Carlo draws
tamil_cant_afford_nonmetro_modest,Tamil · cannot afford private · non-metro · modest prep,government_mbbs,annual_if_employed_kde,2061037.7732493265,5.0355405706053885e-08,bins are display-only; KDE from continuous Monte Carlo draws
tamil_cant_afford_nonmetro_modest,Tamil · cannot afford private · non-metro · modest prep,private_mbbs,annual_if_employed_kde,46499.08895111566,4.023231520772373e-07,bins are display-only; KDE from continuous Monte Carlo draws
tamil_cant_afford_nonmetro_modest,Tamil · cannot afford private · non-metro · modest prep,private_mbbs,annual_if_employed_kde,80643.81241379719,8.612875773771299e-07,bins are display-only; KDE from continuous Monte Carlo draws
tamil_cant_afford_nonmetro_modest,Tamil · cannot afford private · non-metro · modest prep,private_mbbs,annual_if_employed_kde,114788.53587647874,1.1680750177626102e-06,bins are display-only; KDE from continuous Monte Carlo draws
tamil_cant_afford_nonmetro_modest,Tamil · cannot afford private · non-metro · modest prep,private_mbbs,annual_if_employed_kde,148933.2593391603,1.2937256583301443e-06,bins are display-only; KDE from continuous Monte Carlo draws
tamil_cant_afford_nonmetro_modest,Tamil · cannot afford private · non-metro · modest prep,private_mbbs,annual_if_employed_kde,183077.9828018418,1.3662854315243068e-06,bins are display-only; KDE from continuous Monte Carlo draws
tamil_cant_afford_nonmetro_modest,Tamil · cannot afford private · non-metro · modest prep,private_mbbs,annual_if_employed_kde,217222.70626452338,1.3443176331462658e-06,bins are display-only; KDE from continuous Monte Carlo draws
tamil_cant_afford_nonmetro_modest,Tamil · cannot afford private · non-metro · modest prep,private_mbbs,annual_if_employed_kde,251367.4297272049,1.323868158954333e-06,bins are display-only; KDE from continuous Monte Carlo draws
tamil_cant_afford_nonmetro_modest,Tamil · cannot afford private · non-metro · modest prep,private_mbbs,annual_if_employed_kde,285512.1531898864,1.290975357275589e-06,bins are display-only; KDE from continuous Monte Carlo draws
tamil_cant_afford_nonmetro_modest,Tamil · cannot afford private · non-metro · modest prep,private_mbbs,annual_if_employed_kde,319656.876652568,1.2183478032328527e-06,bins are display-only; KDE from continuous Monte Carlo draws
tamil_cant_afford_nonmetro_modest,Tamil · cannot afford private · non-metro · modest prep,private_mbbs,annual_if_employed_kde,353801.6001152495,1.1415755451676741e-06,bins are display-only; KDE from continuous Monte Carlo draws
tamil_cant_afford_nonmetro_modest,Tamil · cannot afford private · non-metro · modest prep,private_mbbs,annual_if_employed_kde,387946.3235779311,1.0799128006806605e-06,bins are display-only; KDE from continuous Monte Carlo draws
tamil_cant_afford_nonmetro_modest,Tamil · cannot afford private · non-metro · modest prep,private_mbbs,annual_if_employed_kde,422091.0470406126,1.0237989362381365e-06,bins are display-only; KDE from continuous Monte Carlo draws
tamil_cant_afford_nonmetro_modest,Tamil · cannot afford private · non-metro · modest prep,private_mbbs,annual_if_employed_kde,456235.77050329413,9.645738810180239e-07,bins are display-only; KDE from continuous Monte Carlo draws
tamil_cant_afford_nonmetro_modest,Tamil · cannot afford private · non-metro · modest prep,private_mbbs,annual_if_employed_kde,490380.4939659757,9.023402254669001e-07,bins are display-only; KDE from continuous Monte Carlo draws
tamil_cant_afford_nonmetro_modest,Tamil · cannot afford private · non-metro · modest prep,private_mbbs,annual_if_employed_kde,524525.2174286572,8.406240786192848e-07,bins are display-only; KDE from continuous Monte Carlo draws
tamil_cant_afford_nonmetro_modest,Tamil · cannot afford private · non-metro · modest prep,private_mbbs,annual_if_employed_kde,558669.9408913387,7.836330170949735e-07,bins are display-only; KDE from continuous Monte Carlo draws
tamil_cant_afford_nonmetro_modest,Tamil · cannot afford private · non-metro · modest prep,private_mbbs,annual_if_employed_kde,592814.6643540203,7.342262097028198e-07,bins are display-only; KDE from continuous Monte Carlo draws
tamil_cant_afford_nonmetro_modest,Tamil · cannot afford private · non-metro · modest prep,private_mbbs,annual_if_employed_kde,626959.3878167018,6.923670647095306e-07,bins are display-only; KDE from continuous Monte Carlo draws
tamil_cant_afford_nonmetro_modest,Tamil · cannot afford private · non-metro · modest prep,private_mbbs,annual_if_employed_kde,661104.1112793833,6.557082301855349e-07,bins are display-only; KDE from continuous Monte Carlo draws
tamil_cant_afford_nonmetro_modest,Tamil · cannot afford private · non-metro · modest prep,private_mbbs,annual_if_employed_kde,695248.8347420649,6.212920937111419e-07,bins are display-only; KDE from continuous Monte Carlo draws
tamil_cant_afford_nonmetro_modest,Tamil · cannot afford private · non-metro · modest prep,private_mbbs,annual_if_employed_kde,729393.5582047465,5.868808186683662e-07,bins are display-only; KDE from continuous Monte Carlo draws
tamil_cant_afford_nonmetro_modest,Tamil · cannot afford private · non-metro · modest prep,private_mbbs,annual_if_employed_kde,763538.281667428,5.515395944660224e-07,bins are display-only; KDE from continuous Monte Carlo draws
tamil_cant_afford_nonmetro_modest,Tamil · cannot afford private · non-metro · modest prep,private_mbbs,annual_if_employed_kde,797683.0051301095,5.155828376640364e-07,bins are display-only; KDE from continuous Monte Carlo draws
tamil_cant_afford_nonmetro_modest,Tamil · cannot afford private · non-metro · modest prep,private_mbbs,annual_if_employed_kde,831827.728592791,4.800638615215242e-07,bins are display-only; KDE from continuous Monte Carlo draws
tamil_cant_afford_nonmetro_modest,Tamil · cannot afford private · non-metro · modest prep,private_mbbs,annual_if_employed_kde,865972.4520554725,4.4611954497973645e-07,bins are display-only; KDE from continuous Monte Carlo draws
tamil_cant_afford_nonmetro_modest,Tamil · cannot afford private · non-metro · modest prep,private_mbbs,annual_if_employed_kde,900117.1755181542,4.145099475386145e-07,bins are display-only; KDE from continuous Monte Carlo draws
tamil_cant_afford_nonmetro_modest,Tamil · cannot afford private · non-metro · modest prep,private_mbbs,annual_if_employed_kde,934261.8989808357,3.8549975952637876e-07,bins are display-only; KDE from continuous Monte Carlo draws
tamil_cant_afford_nonmetro_modest,Tamil · cannot afford private · non-metro · modest prep,private_mbbs,annual_if_employed_kde,968406.6224435172,3.589923714385415e-07,bins are display-only; KDE from continuous Monte Carlo draws
tamil_cant_afford_nonmetro_modest,Tamil · cannot afford private · non-metro · modest prep,private_mbbs,annual_if_employed_kde,1002551.3459061987,3.3473314609217917e-07,bins are display-only; KDE from continuous Monte Carlo draws
tamil_cant_afford_nonmetro_modest,Tamil · cannot afford private · non-metro · modest prep,private_mbbs,annual_if_employed_kde,1036696.0693688802,3.1245217718199676e-07,bins are display-only; KDE from continuous Monte Carlo draws
tamil_cant_afford_nonmetro_modest,Tamil · cannot afford private · non-metro · modest prep,private_mbbs,annual_if_employed_kde,1070840.792831562,2.919170191131662e-07,bins are display-only; KDE from continuous Monte Carlo draws
tamil_cant_afford_nonmetro_modest,Tamil · cannot afford private · non-metro · modest prep,private_mbbs,annual_if_employed_kde,1104985.5162942435,2.7293000868374784e-07,bins are display-only; KDE from continuous Monte Carlo draws
tamil_cant_afford_nonmetro_modest,Tamil · cannot afford private · non-metro · modest prep,private_mbbs,annual_if_employed_kde,1139130.239756925,2.5531466741956577e-07,bins are display-only; KDE from continuous Monte Carlo draws
tamil_cant_afford_nonmetro_modest,Tamil · cannot afford private · non-metro · modest prep,private_mbbs,annual_if_employed_kde,1173274.9632196066,2.3891439663319966e-07,bins are display-only; KDE from continuous Monte Carlo draws
tamil_cant_afford_nonmetro_modest,Tamil · cannot afford private · non-metro · modest prep,private_mbbs,annual_if_employed_kde,1207419.686682288,2.2360285049335805e-07,bins are display-only; KDE from continuous Monte Carlo draws
tamil_cant_afford_nonmetro_modest,Tamil · cannot afford private · non-metro · modest prep,private_mbbs,annual_if_employed_kde,1241564.4101449696,2.0929413018269195e-07,bins are display-only; KDE from continuous Monte Carlo draws
tamil_cant_afford_nonmetro_modest,Tamil · cannot afford private · non-metro · modest prep,private_mbbs,annual_if_employed_kde,1275709.133607651,1.9594282003864813e-07,bins are display-only; KDE from continuous Monte Carlo draws
tamil_cant_afford_nonmetro_modest,Tamil · cannot afford private · non-metro · modest prep,private_mbbs,annual_if_employed_kde,1309853.8570703326,1.835319416091379e-07,bins are display-only; KDE from continuous Monte Carlo draws
tamil_cant_afford_nonmetro_modest,Tamil · cannot afford private · non-metro · modest prep,private_mbbs,annual_if_employed_kde,1343998.5805330144,1.720539855680558e-07,bins are display-only; KDE from continuous Monte Carlo draws
tamil_cant_afford_nonmetro_modest,Tamil · cannot afford private · non-metro · modest prep,private_mbbs,annual_if_employed_kde,1378143.303995696,1.614927253086589e-07,bins are display-only; KDE from continuous Monte Carlo draws
tamil_cant_afford_nonmetro_modest,Tamil · cannot afford private · non-metro · modest prep,private_mbbs,annual_if_employed_kde,1412288.0274583774,1.5181173752115752e-07,bins are display-only; KDE from continuous Monte Carlo draws
tamil_cant_afford_nonmetro_modest,Tamil · cannot afford private · non-metro · modest prep,private_mbbs,annual_if_employed_kde,1446432.750921059,1.4295171468671758e-07,bins are display-only; KDE from continuous Monte Carlo draws
tamil_cant_afford_nonmetro_modest,Tamil · cannot afford private · non-metro · modest prep,private_mbbs,annual_if_employed_kde,1480577.4743837405,1.3483511355777913e-07,bins are display-only; KDE from continuous Monte Carlo draws
tamil_cant_afford_nonmetro_modest,Tamil · cannot afford private · non-metro · modest prep,private_mbbs,annual_if_employed_kde,1514722.197846422,1.2737477692074715e-07,bins are display-only; KDE from continuous Monte Carlo draws
tamil_cant_afford_nonmetro_modest,Tamil · cannot afford private · non-metro · modest prep,private_mbbs,annual_if_employed_kde,1548866.9213091035,1.2048303864864794e-07,bins are display-only; KDE from continuous Monte Carlo draws
tamil_cant_afford_nonmetro_modest,Tamil · cannot afford private · non-metro · modest prep,private_mbbs,annual_if_employed_kde,1583011.644771785,1.1407886440232141e-07,bins are display-only; KDE from continuous Monte Carlo draws
tamil_cant_afford_nonmetro_modest,Tamil · cannot afford private · non-metro · modest prep,private_mbbs,annual_if_employed_kde,1617156.3682344665,1.0809199074319702e-07,bins are display-only; KDE from continuous Monte Carlo draws
tamil_cant_afford_nonmetro_modest,Tamil · cannot afford private · non-metro · modest prep,private_mbbs,annual_if_employed_kde,1651301.091697148,1.0246420098774625e-07,bins are display-only; KDE from continuous Monte Carlo draws
tamil_cant_afford_nonmetro_modest,Tamil · cannot afford private · non-metro · modest prep,private_mbbs,annual_if_employed_kde,1685445.8151598296,9.714854788927818e-08,bins are display-only; KDE from continuous Monte Carlo draws
tamil_cant_afford_nonmetro_modest,Tamil · cannot afford private · non-metro · modest prep,private_mbbs,annual_if_employed_kde,1719590.5386225113,9.210751209970741e-08,bins are display-only; KDE from continuous Monte Carlo draws
tamil_cant_afford_nonmetro_modest,Tamil · cannot afford private · non-metro · modest prep,private_mbbs,annual_if_employed_kde,1753735.2620851928,8.731093082217934e-08,bins are display-only; KDE from continuous Monte Carlo draws
tamil_cant_afford_nonmetro_modest,Tamil · cannot afford private · non-metro · modest prep,private_mbbs,annual_if_employed_kde,1787879.9855478744,8.273423003184209e-08,bins are display-only; KDE from continuous Monte Carlo draws
tamil_cant_afford_nonmetro_modest,Tamil · cannot afford private · non-metro · modest prep,private_mbbs,annual_if_employed_kde,1822024.7090105559,7.83571890608426e-08,bins are display-only; KDE from continuous Monte Carlo draws
tamil_cant_afford_nonmetro_modest,Tamil · cannot afford private · non-metro · modest prep,private_mbbs,annual_if_employed_kde,1856169.4324732374,7.416323579701347e-08,bins are display-only; KDE from continuous Monte Carlo draws
tamil_cant_afford_nonmetro_modest,Tamil · cannot afford private · non-metro · modest prep,private_mbbs,annual_if_employed_kde,1890314.155935919,7.013913661039072e-08,bins are display-only; KDE from continuous Monte Carlo draws
tamil_cant_afford_nonmetro_modest,Tamil · cannot afford private · non-metro · modest prep,private_mbbs,annual_if_employed_kde,1924458.8793986004,6.627489615700743e-08,bins are display-only; KDE from continuous Monte Carlo draws
tamil_cant_afford_nonmetro_modest,Tamil · cannot afford private · non-metro · modest prep,private_mbbs,annual_if_employed_kde,1958603.602861282,6.256369334451583e-08,bins are display-only; KDE from continuous Monte Carlo draws
tamil_cant_afford_nonmetro_modest,Tamil · cannot afford private · non-metro · modest prep,private_mbbs,annual_if_employed_kde,1992748.3263239635,5.900172485544726e-08,bins are display-only; KDE from continuous Monte Carlo draws
tamil_cant_afford_nonmetro_modest,Tamil · cannot afford private · non-metro · modest prep,private_mbbs,annual_if_employed_kde,2026893.049786645,5.558788548828539e-08,bins are display-only; KDE from continuous Monte Carlo draws
tamil_cant_afford_nonmetro_modest,Tamil · cannot afford private · non-metro · modest prep,private_mbbs,annual_if_employed_kde,2061037.7732493265,5.2323270377325846e-08,bins are display-only; KDE from continuous Monte Carlo draws
tamil_cant_afford_nonmetro_modest,Tamil · cannot afford private · non-metro · modest prep,engineering,annual_if_employed_kde,46499.08895111566,3.300619471226292e-07,bins are display-only; KDE from continuous Monte Carlo draws
tamil_cant_afford_nonmetro_modest,Tamil · cannot afford private · non-metro · modest prep,engineering,annual_if_employed_kde,80643.81241379719,1.1757357291901565e-06,bins are display-only; KDE from continuous Monte Carlo draws
tamil_cant_afford_nonmetro_modest,Tamil · cannot afford private · non-metro · modest prep,engineering,annual_if_employed_kde,114788.53587647874,1.712536382201283e-06,bins are display-only; KDE from continuous Monte Carlo draws
tamil_cant_afford_nonmetro_modest,Tamil · cannot afford private · non-metro · modest prep,engineering,annual_if_employed_kde,148933.2593391603,2.0153518626805222e-06,bins are display-only; KDE from continuous Monte Carlo draws
tamil_cant_afford_nonmetro_modest,Tamil · cannot afford private · non-metro · modest prep,engineering,annual_if_employed_kde,183077.9828018418,2.0506495002490365e-06,bins are display-only; KDE from continuous Monte Carlo draws
tamil_cant_afford_nonmetro_modest,Tamil · cannot afford private · non-metro · modest prep,engineering,annual_if_employed_kde,217222.70626452338,1.9962670861961827e-06,bins are display-only; KDE from continuous Monte Carlo draws
tamil_cant_afford_nonmetro_modest,Tamil · cannot afford private · non-metro · modest prep,engineering,annual_if_employed_kde,251367.4297272049,1.8831081836730273e-06,bins are display-only; KDE from continuous Monte Carlo draws
tamil_cant_afford_nonmetro_modest,Tamil · cannot afford private · non-metro · modest prep,engineering,annual_if_employed_kde,285512.1531898864,1.7734069451169703e-06,bins are display-only; KDE from continuous Monte Carlo draws
tamil_cant_afford_nonmetro_modest,Tamil · cannot afford private · non-metro · modest prep,engineering,annual_if_employed_kde,319656.876652568,1.6465769786597196e-06,bins are display-only; KDE from continuous Monte Carlo draws
tamil_cant_afford_nonmetro_modest,Tamil · cannot afford private · non-metro · modest prep,engineering,annual_if_employed_kde,353801.6001152495,1.4878566858596335e-06,bins are display-only; KDE from continuous Monte Carlo draws
tamil_cant_afford_nonmetro_modest,Tamil · cannot afford private · non-metro · modest prep,engineering,annual_if_employed_kde,387946.3235779311,1.3472613891878412e-06,bins are display-only; KDE from continuous Monte Carlo draws
tamil_cant_afford_nonmetro_modest,Tamil · cannot afford private · non-metro · modest prep,engineering,annual_if_employed_kde,422091.0470406126,1.2267253861979677e-06,bins are display-only; KDE from continuous Monte Carlo draws
tamil_cant_afford_nonmetro_modest,Tamil · cannot afford private · non-metro · modest prep,engineering,annual_if_employed_kde,456235.77050329413,1.1048322409612332e-06,bins are display-only; KDE from continuous Monte Carlo draws
tamil_cant_afford_nonmetro_modest,Tamil · cannot afford private · non-metro · modest prep,engineering,annual_if_employed_kde,490380.4939659757,9.846708378317646e-07,bins are display-only; KDE from continuous Monte Carlo draws
tamil_cant_afford_nonmetro_modest,Tamil · cannot afford private · non-metro · modest prep,engineering,annual_if_employed_kde,524525.2174286572,8.736075870559411e-07,bins are display-only; KDE from continuous Monte Carlo draws
tamil_cant_afford_nonmetro_modest,Tamil · cannot afford private · non-metro · modest prep,engineering,annual_if_employed_kde,558669.9408913387,7.705127237414015e-07,bins are display-only; KDE from continuous Monte Carlo draws
tamil_cant_afford_nonmetro_modest,Tamil · cannot afford private · non-metro · modest prep,engineering,annual_if_employed_kde,592814.6643540203,6.776163760998813e-07,bins are display-only; KDE from continuous Monte Carlo draws
tamil_cant_afford_nonmetro_modest,Tamil · cannot afford private · non-metro · modest prep,engineering,annual_if_employed_kde,626959.3878167018,5.993404825410425e-07,bins are display-only; KDE from continuous Monte Carlo draws
tamil_cant_afford_nonmetro_modest,Tamil · cannot afford private · non-metro · modest prep,engineering,annual_if_employed_kde,661104.1112793833,5.352336699766189e-07,bins are display-only; KDE from continuous Monte Carlo draws
tamil_cant_afford_nonmetro_modest,Tamil · cannot afford private · non-metro · modest prep,engineering,annual_if_employed_kde,695248.8347420649,4.813524510782795e-07,bins are display-only; KDE from continuous Monte Carlo draws
tamil_cant_afford_nonmetro_modest,Tamil · cannot afford private · non-metro · modest prep,engineering,annual_if_employed_kde,729393.5582047465,4.342555576353074e-07,bins are display-only; KDE from continuous Monte Carlo draws
tamil_cant_afford_nonmetro_modest,Tamil · cannot afford private · non-metro · modest prep,engineering,annual_if_employed_kde,763538.281667428,3.921077830715078e-07,bins are display-only; KDE from continuous Monte Carlo draws
tamil_cant_afford_nonmetro_modest,Tamil · cannot afford private · non-metro · modest prep,engineering,annual_if_employed_kde,797683.0051301095,3.541038262861767e-07,bins are display-only; KDE from continuous Monte Carlo draws
tamil_cant_afford_nonmetro_modest,Tamil · cannot afford private · non-metro · modest prep,engineering,annual_if_employed_kde,831827.728592791,3.198466845225815e-07,bins are display-only; KDE from continuous Monte Carlo draws
tamil_cant_afford_nonmetro_modest,Tamil · cannot afford private · non-metro · modest prep,engineering,annual_if_employed_kde,865972.4520554725,2.8897998125557665e-07,bins are display-only; KDE from continuous Monte Carlo draws
tamil_cant_afford_nonmetro_modest,Tamil · cannot afford private · non-metro · modest prep,engineering,annual_if_employed_kde,900117.1755181542,2.6108007738995525e-07,bins are display-only; KDE from continuous Monte Carlo draws
tamil_cant_afford_nonmetro_modest,Tamil · cannot afford private · non-metro · modest prep,engineering,annual_if_employed_kde,934261.8989808357,2.3575840602156784e-07,bins are display-only; KDE from continuous Monte Carlo draws
tamil_cant_afford_nonmetro_modest,Tamil · cannot afford private · non-metro · modest prep,engineering,annual_if_employed_kde,968406.6224435172,2.1279022117368053e-07,bins are display-only; KDE from continuous Monte Carlo draws
tamil_cant_afford_nonmetro_modest,Tamil · cannot afford private · non-metro · modest prep,engineering,annual_if_employed_kde,1002551.3459061987,1.9211437646830362e-07,bins are display-only; KDE from continuous Monte Carlo draws
tamil_cant_afford_nonmetro_modest,Tamil · cannot afford private · non-metro · modest prep,engineering,annual_if_employed_kde,1036696.0693688802,1.7371183453402777e-07,bins are display-only; KDE from continuous Monte Carlo draws
tamil_cant_afford_nonmetro_modest,Tamil · cannot afford private · non-metro · modest prep,engineering,annual_if_employed_kde,1070840.792831562,1.5747474369500035e-07,bins are display-only; KDE from continuous Monte Carlo draws
tamil_cant_afford_nonmetro_modest,Tamil · cannot afford private · non-metro · modest prep,engineering,annual_if_employed_kde,1104985.5162942435,1.4315639726930174e-07,bins are display-only; KDE from continuous Monte Carlo draws
tamil_cant_afford_nonmetro_modest,Tamil · cannot afford private · non-metro · modest prep,engineering,annual_if_employed_kde,1139130.239756925,1.3041375797254307e-07,bins are display-only; KDE from continuous Monte Carlo draws
tamil_cant_afford_nonmetro_modest,Tamil · cannot afford private · non-metro · modest prep,engineering,annual_if_employed_kde,1173274.9632196066,1.1889741653109823e-07,bins are display-only; KDE from continuous Monte Carlo draws
tamil_cant_afford_nonmetro_modest,Tamil · cannot afford private · non-metro · modest prep,engineering,annual_if_employed_kde,1207419.686682288,1.0833337422397503e-07,bins are display-only; KDE from continuous Monte Carlo draws
tamil_cant_afford_nonmetro_modest,Tamil · cannot afford private · non-metro · modest prep,engineering,annual_if_employed_kde,1241564.4101449696,9.856168887323555e-08,bins are display-only; KDE from continuous Monte Carlo draws
tamil_cant_afford_nonmetro_modest,Tamil · cannot afford private · non-metro · modest prep,engineering,annual_if_employed_kde,1275709.133607651,8.952622689476985e-08,bins are display-only; KDE from continuous Monte Carlo draws
tamil_cant_afford_nonmetro_modest,Tamil · cannot afford private · non-metro · modest prep,engineering,annual_if_employed_kde,1309853.8570703326,8.123218085021084e-08,bins are display-only; KDE from continuous Monte Carlo draws
tamil_cant_afford_nonmetro_modest,Tamil · cannot afford private · non-metro · modest prep,engineering,annual_if_employed_kde,1343998.5805330144,7.369670772209552e-08,bins are display-only; KDE from continuous Monte Carlo draws
tamil_cant_afford_nonmetro_modest,Tamil · cannot afford private · non-metro · modest prep,engineering,annual_if_employed_kde,1378143.303995696,6.691334994346383e-08,bins are display-only; KDE from continuous Monte Carlo draws
tamil_cant_afford_nonmetro_modest,Tamil · cannot afford private · non-metro · modest prep,engineering,annual_if_employed_kde,1412288.0274583774,6.083876821212026e-08,bins are display-only; KDE from continuous Monte Carlo draws
tamil_cant_afford_nonmetro_modest,Tamil · cannot afford private · non-metro · modest prep,engineering,annual_if_employed_kde,1446432.750921059,5.5398550754840334e-08,bins are display-only; KDE from continuous Monte Carlo draws
tamil_cant_afford_nonmetro_modest,Tamil · cannot afford private · non-metro · modest prep,engineering,annual_if_employed_kde,1480577.4743837405,5.0502737677947156e-08,bins are display-only; KDE from continuous Monte Carlo draws
tamil_cant_afford_nonmetro_modest,Tamil · cannot afford private · non-metro · modest prep,engineering,annual_if_employed_kde,1514722.197846422,4.606190520908173e-08,bins are display-only; KDE from continuous Monte Carlo draws
tamil_cant_afford_nonmetro_modest,Tamil · cannot afford private · non-metro · modest prep,engineering,annual_if_employed_kde,1548866.9213091035,4.199850654163316e-08,bins are display-only; KDE from continuous Monte Carlo draws
tamil_cant_afford_nonmetro_modest,Tamil · cannot afford private · non-metro · modest prep,engineering,annual_if_employed_kde,1583011.644771785,3.825231167607103e-08,bins are display-only; KDE from continuous Monte Carlo draws
tamil_cant_afford_nonmetro_modest,Tamil · cannot afford private · non-metro · modest prep,engineering,annual_if_employed_kde,1617156.3682344665,3.478124308267741e-08,bins are display-only; KDE from continuous Monte Carlo draws
tamil_cant_afford_nonmetro_modest,Tamil · cannot afford private · non-metro · modest prep,engineering,annual_if_employed_kde,1651301.091697148,3.155946540289788e-08,bins are display-only; KDE from continuous Monte Carlo draws
tamil_cant_afford_nonmetro_modest,Tamil · cannot afford private · non-metro · modest prep,engineering,annual_if_employed_kde,1685445.8151598296,2.8574091362817184e-08,bins are display-only; KDE from continuous Monte Carlo draws
tamil_cant_afford_nonmetro_modest,Tamil · cannot afford private · non-metro · modest prep,engineering,annual_if_employed_kde,1719590.5386225113,2.5821228479661106e-08,bins are display-only; KDE from continuous Monte Carlo draws
tamil_cant_afford_nonmetro_modest,Tamil · cannot afford private · non-metro · modest prep,engineering,annual_if_employed_kde,1753735.2620851928,2.33017752645061e-08,bins are display-only; KDE from continuous Monte Carlo draws
tamil_cant_afford_nonmetro_modest,Tamil · cannot afford private · non-metro · modest prep,engineering,annual_if_employed_kde,1787879.9855478744,2.101737298587136e-08,bins are display-only; KDE from continuous Monte Carlo draws
tamil_cant_afford_nonmetro_modest,Tamil · cannot afford private · non-metro · modest prep,engineering,annual_if_employed_kde,1822024.7090105559,1.8967001299380375e-08,bins are display-only; KDE from continuous Monte Carlo draws
tamil_cant_afford_nonmetro_modest,Tamil · cannot afford private · non-metro · modest prep,engineering,annual_if_employed_kde,1856169.4324732374,1.714467540771451e-08,bins are display-only; KDE from continuous Monte Carlo draws
tamil_cant_afford_nonmetro_modest,Tamil · cannot afford private · non-metro · modest prep,engineering,annual_if_employed_kde,1890314.155935919,1.5538505010644156e-08,bins are display-only; KDE from continuous Monte Carlo draws
tamil_cant_afford_nonmetro_modest,Tamil · cannot afford private · non-metro · modest prep,engineering,annual_if_employed_kde,1924458.8793986004,1.4131082279484383e-08,bins are display-only; KDE from continuous Monte Carlo draws
tamil_cant_afford_nonmetro_modest,Tamil · cannot afford private · non-metro · modest prep,engineering,annual_if_employed_kde,1958603.602861282,1.2900894238844696e-08,bins are display-only; KDE from continuous Monte Carlo draws
tamil_cant_afford_nonmetro_modest,Tamil · cannot afford private · non-metro · modest prep,engineering,annual_if_employed_kde,1992748.3263239635,1.182429440609607e-08,bins are display-only; KDE from continuous Monte Carlo draws
tamil_cant_afford_nonmetro_modest,Tamil · cannot afford private · non-metro · modest prep,engineering,annual_if_employed_kde,2026893.049786645,1.0877549594521707e-08,bins are display-only; KDE from continuous Monte Carlo draws
tamil_cant_afford_nonmetro_modest,Tamil · cannot afford private · non-metro · modest prep,engineering,annual_if_employed_kde,2061037.7732493265,1.0038575552047792e-08,bins are display-only; KDE from continuous Monte Carlo draws
tamil_cant_afford_nonmetro_modest,Tamil · cannot afford private · non-metro · modest prep,law,annual_if_employed_kde,46499.08895111566,5.919554087795399e-07,bins are display-only; KDE from continuous Monte Carlo draws
tamil_cant_afford_nonmetro_modest,Tamil · cannot afford private · non-metro · modest prep,law,annual_if_employed_kde,80643.81241379719,1.7058944821571288e-06,bins are display-only; KDE from continuous Monte Carlo draws
tamil_cant_afford_nonmetro_modest,Tamil · cannot afford private · non-metro · modest prep,law,annual_if_employed_kde,114788.53587647874,2.470061579892169e-06,bins are display-only; KDE from continuous Monte Carlo draws
tamil_cant_afford_nonmetro_modest,Tamil · cannot afford private · non-metro · modest prep,law,annual_if_employed_kde,148933.2593391603,2.748814393648165e-06,bins are display-only; KDE from continuous Monte Carlo draws
tamil_cant_afford_nonmetro_modest,Tamil · cannot afford private · non-metro · modest prep,law,annual_if_employed_kde,183077.9828018418,2.8058255458766923e-06,bins are display-only; KDE from continuous Monte Carlo draws
tamil_cant_afford_nonmetro_modest,Tamil · cannot afford private · non-metro · modest prep,law,annual_if_employed_kde,217222.70626452338,2.568872787331962e-06,bins are display-only; KDE from continuous Monte Carlo draws
tamil_cant_afford_nonmetro_modest,Tamil · cannot afford private · non-metro · modest prep,law,annual_if_employed_kde,251367.4297272049,2.3405387067827278e-06,bins are display-only; KDE from continuous Monte Carlo draws
tamil_cant_afford_nonmetro_modest,Tamil · cannot afford private · non-metro · modest prep,law,annual_if_employed_kde,285512.1531898864,2.0649443853371796e-06,bins are display-only; KDE from continuous Monte Carlo draws
tamil_cant_afford_nonmetro_modest,Tamil · cannot afford private · non-metro · modest prep,law,annual_if_employed_kde,319656.876652568,1.7695312394009402e-06,bins are display-only; KDE from continuous Monte Carlo draws
tamil_cant_afford_nonmetro_modest,Tamil · cannot afford private · non-metro · modest prep,law,annual_if_employed_kde,353801.6001152495,1.5045165364501898e-06,bins are display-only; KDE from continuous Monte Carlo draws
tamil_cant_afford_nonmetro_modest,Tamil · cannot afford private · non-metro · modest prep,law,annual_if_employed_kde,387946.3235779311,1.2680115144818085e-06,bins are display-only; KDE from continuous Monte Carlo draws
tamil_cant_afford_nonmetro_modest,Tamil · cannot afford private · non-metro · modest prep,law,annual_if_employed_kde,422091.0470406126,1.0669567217372235e-06,bins are display-only; KDE from continuous Monte Carlo draws
tamil_cant_afford_nonmetro_modest,Tamil · cannot afford private · non-metro · modest prep,law,annual_if_employed_kde,456235.77050329413,9.052993361674748e-07,bins are display-only; KDE from continuous Monte Carlo draws
tamil_cant_afford_nonmetro_modest,Tamil · cannot afford private · non-metro · modest prep,law,annual_if_employed_kde,490380.4939659757,7.675741838325703e-07,bins are display-only; KDE from continuous Monte Carlo draws
tamil_cant_afford_nonmetro_modest,Tamil · cannot afford private · non-metro · modest prep,law,annual_if_employed_kde,524525.2174286572,6.467818693413694e-07,bins are display-only; KDE from continuous Monte Carlo draws
tamil_cant_afford_nonmetro_modest,Tamil · cannot afford private · non-metro · modest prep,law,annual_if_employed_kde,558669.9408913387,5.466390706287539e-07,bins are display-only; KDE from continuous Monte Carlo draws
tamil_cant_afford_nonmetro_modest,Tamil · cannot afford private · non-metro · modest prep,law,annual_if_employed_kde,592814.6643540203,4.664923938246679e-07,bins are display-only; KDE from continuous Monte Carlo draws
tamil_cant_afford_nonmetro_modest,Tamil · cannot afford private · non-metro · modest prep,law,annual_if_employed_kde,626959.3878167018,4.015531454700979e-07,bins are display-only; KDE from continuous Monte Carlo draws
tamil_cant_afford_nonmetro_modest,Tamil · cannot afford private · non-metro · modest prep,law,annual_if_employed_kde,661104.1112793833,3.4792738027244507e-07,bins are display-only; KDE from continuous Monte Carlo draws
tamil_cant_afford_nonmetro_modest,Tamil · cannot afford private · non-metro · modest prep,law,annual_if_employed_kde,695248.8347420649,3.0278479185737123e-07,bins are display-only; KDE from continuous Monte Carlo draws
tamil_cant_afford_nonmetro_modest,Tamil · cannot afford private · non-metro · modest prep,law,annual_if_employed_kde,729393.5582047465,2.634719182507844e-07,bins are display-only; KDE from continuous Monte Carlo draws
tamil_cant_afford_nonmetro_modest,Tamil · cannot afford private · non-metro · modest prep,law,annual_if_employed_kde,763538.281667428,2.2801138032487347e-07,bins are display-only; KDE from continuous Monte Carlo draws
tamil_cant_afford_nonmetro_modest,Tamil · cannot afford private · non-metro · modest prep,law,annual_if_employed_kde,797683.0051301095,1.956024969640573e-07,bins are display-only; KDE from continuous Monte Carlo draws
tamil_cant_afford_nonmetro_modest,Tamil · cannot afford private · non-metro · modest prep,law,annual_if_employed_kde,831827.728592791,1.6638730054812796e-07,bins are display-only; KDE from continuous Monte Carlo draws
tamil_cant_afford_nonmetro_modest,Tamil · cannot afford private · non-metro · modest prep,law,annual_if_employed_kde,865972.4520554725,1.4095110504888123e-07,bins are display-only; KDE from continuous Monte Carlo draws
tamil_cant_afford_nonmetro_modest,Tamil · cannot afford private · non-metro · modest prep,law,annual_if_employed_kde,900117.1755181542,1.1982573880946665e-07,bins are display-only; KDE from continuous Monte Carlo draws
tamil_cant_afford_nonmetro_modest,Tamil · cannot afford private · non-metro · modest prep,law,annual_if_employed_kde,934261.8989808357,1.0304972817979032e-07,bins are display-only; KDE from continuous Monte Carlo draws
tamil_cant_afford_nonmetro_modest,Tamil · cannot afford private · non-metro · modest prep,law,annual_if_employed_kde,968406.6224435172,8.999917809715608e-08,bins are display-only; KDE from continuous Monte Carlo draws
tamil_cant_afford_nonmetro_modest,Tamil · cannot afford private · non-metro · modest prep,law,annual_if_employed_kde,1002551.3459061987,7.96213556425958e-08,bins are display-only; KDE from continuous Monte Carlo draws
tamil_cant_afford_nonmetro_modest,Tamil · cannot afford private · non-metro · modest prep,law,annual_if_employed_kde,1036696.0693688802,7.087914772934137e-08,bins are display-only; KDE from continuous Monte Carlo draws
tamil_cant_afford_nonmetro_modest,Tamil · cannot afford private · non-metro · modest prep,law,annual_if_employed_kde,1070840.792831562,6.30839752867084e-08,bins are display-only; KDE from continuous Monte Carlo draws
tamil_cant_afford_nonmetro_modest,Tamil · cannot afford private · non-metro · modest prep,law,annual_if_employed_kde,1104985.5162942435,5.596036412303026e-08,bins are display-only; KDE from continuous Monte Carlo draws
tamil_cant_afford_nonmetro_modest,Tamil · cannot afford private · non-metro · modest prep,law,annual_if_employed_kde,1139130.239756925,4.950784928665337e-08,bins are display-only; KDE from continuous Monte Carlo draws
tamil_cant_afford_nonmetro_modest,Tamil · cannot afford private · non-metro · modest prep,law,annual_if_employed_kde,1173274.9632196066,4.381244053995416e-08,bins are display-only; KDE from continuous Monte Carlo draws
tamil_cant_afford_nonmetro_modest,Tamil · cannot afford private · non-metro · modest prep,law,annual_if_employed_kde,1207419.686682288,3.8915733291670925e-08,bins are display-only; KDE from continuous Monte Carlo draws
tamil_cant_afford_nonmetro_modest,Tamil · cannot afford private · non-metro · modest prep,law,annual_if_employed_kde,1241564.4101449696,3.476973704846548e-08,bins are display-only; KDE from continuous Monte Carlo draws
tamil_cant_afford_nonmetro_modest,Tamil · cannot afford private · non-metro · modest prep,law,annual_if_employed_kde,1275709.133607651,3.125405449604393e-08,bins are display-only; KDE from continuous Monte Carlo draws
tamil_cant_afford_nonmetro_modest,Tamil · cannot afford private · non-metro · modest prep,law,annual_if_employed_kde,1309853.8570703326,2.8218755212863755e-08,bins are display-only; KDE from continuous Monte Carlo draws
tamil_cant_afford_nonmetro_modest,Tamil · cannot afford private · non-metro · modest prep,law,annual_if_employed_kde,1343998.5805330144,2.5524860662870088e-08,bins are display-only; KDE from continuous Monte Carlo draws
tamil_cant_afford_nonmetro_modest,Tamil · cannot afford private · non-metro · modest prep,law,annual_if_employed_kde,1378143.303995696,2.30686892663491e-08,bins are display-only; KDE from continuous Monte Carlo draws
tamil_cant_afford_nonmetro_modest,Tamil · cannot afford private · non-metro · modest prep,law,annual_if_employed_kde,1412288.0274583774,2.078816557568817e-08,bins are display-only; KDE from continuous Monte Carlo draws
tamil_cant_afford_nonmetro_modest,Tamil · cannot afford private · non-metro · modest prep,law,annual_if_employed_kde,1446432.750921059,1.8656106512296544e-08,bins are display-only; KDE from continuous Monte Carlo draws
tamil_cant_afford_nonmetro_modest,Tamil · cannot afford private · non-metro · modest prep,law,annual_if_employed_kde,1480577.4743837405,1.6667690747086502e-08,bins are display-only; KDE from continuous Monte Carlo draws
tamil_cant_afford_nonmetro_modest,Tamil · cannot afford private · non-metro · modest prep,law,annual_if_employed_kde,1514722.197846422,1.4828167050611363e-08,bins are display-only; KDE from continuous Monte Carlo draws
tamil_cant_afford_nonmetro_modest,Tamil · cannot afford private · non-metro · modest prep,law,annual_if_employed_kde,1548866.9213091035,1.3144143589166008e-08,bins are display-only; KDE from continuous Monte Carlo draws
tamil_cant_afford_nonmetro_modest,Tamil · cannot afford private · non-metro · modest prep,law,annual_if_employed_kde,1583011.644771785,1.1619117689273219e-08,bins are display-only; KDE from continuous Monte Carlo draws
tamil_cant_afford_nonmetro_modest,Tamil · cannot afford private · non-metro · modest prep,law,annual_if_employed_kde,1617156.3682344665,1.025221208711768e-08,bins are display-only; KDE from continuous Monte Carlo draws
tamil_cant_afford_nonmetro_modest,Tamil · cannot afford private · non-metro · modest prep,law,annual_if_employed_kde,1651301.091697148,9.038576655094308e-09,bins are display-only; KDE from continuous Monte Carlo draws
tamil_cant_afford_nonmetro_modest,Tamil · cannot afford private · non-metro · modest prep,law,annual_if_employed_kde,1685445.8151598296,7.970244349279832e-09,bins are display-only; KDE from continuous Monte Carlo draws
tamil_cant_afford_nonmetro_modest,Tamil · cannot afford private · non-metro · modest prep,law,annual_if_employed_kde,1719590.5386225113,7.036862711561578e-09,bins are display-only; KDE from continuous Monte Carlo draws
tamil_cant_afford_nonmetro_modest,Tamil · cannot afford private · non-metro · modest prep,law,annual_if_employed_kde,1753735.2620851928,6.226240305489517e-09,bins are display-only; KDE from continuous Monte Carlo draws
tamil_cant_afford_nonmetro_modest,Tamil · cannot afford private · non-metro · modest prep,law,annual_if_employed_kde,1787879.9855478744,5.524877317561973e-09,bins are display-only; KDE from continuous Monte Carlo draws
tamil_cant_afford_nonmetro_modest,Tamil · cannot afford private · non-metro · modest prep,law,annual_if_employed_kde,1822024.7090105559,4.918627662005531e-09,bins are display-only; KDE from continuous Monte Carlo draws
tamil_cant_afford_nonmetro_modest,Tamil · cannot afford private · non-metro · modest prep,law,annual_if_employed_kde,1856169.4324732374,4.3935014379938905e-09,bins are display-only; KDE from continuous Monte Carlo draws
tamil_cant_afford_nonmetro_modest,Tamil · cannot afford private · non-metro · modest prep,law,annual_if_employed_kde,1890314.155935919,3.936490142101224e-09,bins are display-only; KDE from continuous Monte Carlo draws
tamil_cant_afford_nonmetro_modest,Tamil · cannot afford private · non-metro · modest prep,law,annual_if_employed_kde,1924458.8793986004,3.5362498386632817e-09,bins are display-only; KDE from continuous Monte Carlo draws
tamil_cant_afford_nonmetro_modest,Tamil · cannot afford private · non-metro · modest prep,law,annual_if_employed_kde,1958603.602861282,3.183512082312791e-09,bins are display-only; KDE from continuous Monte Carlo draws
tamil_cant_afford_nonmetro_modest,Tamil · cannot afford private · non-metro · modest prep,law,annual_if_employed_kde,1992748.3263239635,2.871172927305783e-09,bins are display-only; KDE from continuous Monte Carlo draws
tamil_cant_afford_nonmetro_modest,Tamil · cannot afford private · non-metro · modest prep,law,annual_if_employed_kde,2026893.049786645,2.5940936807175663e-09,bins are display-only; KDE from continuous Monte Carlo draws
tamil_cant_afford_nonmetro_modest,Tamil · cannot afford private · non-metro · modest prep,law,annual_if_employed_kde,2061037.7732493265,2.34870334831947e-09,bins are display-only; KDE from continuous Monte Carlo draws
tamil_cant_afford_nonmetro_modest,Tamil · cannot afford private · non-metro · modest prep,other_graduate,annual_if_employed_kde,46499.08895111566,1.5998993719850505e-06,bins are display-only; KDE from continuous Monte Carlo draws
tamil_cant_afford_nonmetro_modest,Tamil · cannot afford private · non-metro · modest prep,other_graduate,annual_if_employed_kde,80643.81241379719,3.288244430205222e-06,bins are display-only; KDE from continuous Monte Carlo draws
tamil_cant_afford_nonmetro_modest,Tamil · cannot afford private · non-metro · modest prep,other_graduate,annual_if_employed_kde,114788.53587647874,3.6973639891196253e-06,bins are display-only; KDE from continuous Monte Carlo draws
tamil_cant_afford_nonmetro_modest,Tamil · cannot afford private · non-metro · modest prep,other_graduate,annual_if_employed_kde,148933.2593391603,3.4745842386285636e-06,bins are display-only; KDE from continuous Monte Carlo draws
tamil_cant_afford_nonmetro_modest,Tamil · cannot afford private · non-metro · modest prep,other_graduate,annual_if_employed_kde,183077.9828018418,2.965629027520998e-06,bins are display-only; KDE from continuous Monte Carlo draws
tamil_cant_afford_nonmetro_modest,Tamil · cannot afford private · non-metro · modest prep,other_graduate,annual_if_employed_kde,217222.70626452338,2.4717321400404404e-06,bins are display-only; KDE from continuous Monte Carlo draws
tamil_cant_afford_nonmetro_modest,Tamil · cannot afford private · non-metro · modest prep,other_graduate,annual_if_employed_kde,251367.4297272049,2.115997599703572e-06,bins are display-only; KDE from continuous Monte Carlo draws
tamil_cant_afford_nonmetro_modest,Tamil · cannot afford private · non-metro · modest prep,other_graduate,annual_if_employed_kde,285512.1531898864,1.7528539114705081e-06,bins are display-only; KDE from continuous Monte Carlo draws
tamil_cant_afford_nonmetro_modest,Tamil · cannot afford private · non-metro · modest prep,other_graduate,annual_if_employed_kde,319656.876652568,1.3831237874021547e-06,bins are display-only; KDE from continuous Monte Carlo draws
tamil_cant_afford_nonmetro_modest,Tamil · cannot afford private · non-metro · modest prep,other_graduate,annual_if_employed_kde,353801.6001152495,1.10134277414833e-06,bins are display-only; KDE from continuous Monte Carlo draws
tamil_cant_afford_nonmetro_modest,Tamil · cannot afford private · non-metro · modest prep,other_graduate,annual_if_employed_kde,387946.3235779311,9.043266789802656e-07,bins are display-only; KDE from continuous Monte Carlo draws
tamil_cant_afford_nonmetro_modest,Tamil · cannot afford private · non-metro · modest prep,other_graduate,annual_if_employed_kde,422091.0470406126,7.517883777934176e-07,bins are display-only; KDE from continuous Monte Carlo draws
tamil_cant_afford_nonmetro_modest,Tamil · cannot afford private · non-metro · modest prep,other_graduate,annual_if_employed_kde,456235.77050329413,6.224931149856051e-07,bins are display-only; KDE from continuous Monte Carlo draws
tamil_cant_afford_nonmetro_modest,Tamil · cannot afford private · non-metro · modest prep,other_graduate,annual_if_employed_kde,490380.4939659757,5.114006915304304e-07,bins are display-only; KDE from continuous Monte Carlo draws
tamil_cant_afford_nonmetro_modest,Tamil · cannot afford private · non-metro · modest prep,other_graduate,annual_if_employed_kde,524525.2174286572,4.1954317908674057e-07,bins are display-only; KDE from continuous Monte Carlo draws
tamil_cant_afford_nonmetro_modest,Tamil · cannot afford private · non-metro · modest prep,other_graduate,annual_if_employed_kde,558669.9408913387,3.452545113858629e-07,bins are display-only; KDE from continuous Monte Carlo draws
tamil_cant_afford_nonmetro_modest,Tamil · cannot afford private · non-metro · modest prep,other_graduate,annual_if_employed_kde,592814.6643540203,2.85564855795755e-07,bins are display-only; KDE from continuous Monte Carlo draws
tamil_cant_afford_nonmetro_modest,Tamil · cannot afford private · non-metro · modest prep,other_graduate,annual_if_employed_kde,626959.3878167018,2.37569741992361e-07,bins are display-only; KDE from continuous Monte Carlo draws
tamil_cant_afford_nonmetro_modest,Tamil · cannot afford private · non-metro · modest prep,other_graduate,annual_if_employed_kde,661104.1112793833,1.9834679522586472e-07,bins are display-only; KDE from continuous Monte Carlo draws
tamil_cant_afford_nonmetro_modest,Tamil · cannot afford private · non-metro · modest prep,other_graduate,annual_if_employed_kde,695248.8347420649,1.6572754744505105e-07,bins are display-only; KDE from continuous Monte Carlo draws
tamil_cant_afford_nonmetro_modest,Tamil · cannot afford private · non-metro · modest prep,other_graduate,annual_if_employed_kde,729393.5582047465,1.385509947136653e-07,bins are display-only; KDE from continuous Monte Carlo draws
tamil_cant_afford_nonmetro_modest,Tamil · cannot afford private · non-metro · modest prep,other_graduate,annual_if_employed_kde,763538.281667428,1.1615051365674887e-07,bins are display-only; KDE from continuous Monte Carlo draws
tamil_cant_afford_nonmetro_modest,Tamil · cannot afford private · non-metro · modest prep,other_graduate,annual_if_employed_kde,797683.0051301095,9.791052280935292e-08,bins are display-only; KDE from continuous Monte Carlo draws
tamil_cant_afford_nonmetro_modest,Tamil · cannot afford private · non-metro · modest prep,other_graduate,annual_if_employed_kde,831827.728592791,8.314194129275613e-08,bins are display-only; KDE from continuous Monte Carlo draws
tamil_cant_afford_nonmetro_modest,Tamil · cannot afford private · non-metro · modest prep,other_graduate,annual_if_employed_kde,865972.4520554725,7.113635246086655e-08,bins are display-only; KDE from continuous Monte Carlo draws
tamil_cant_afford_nonmetro_modest,Tamil · cannot afford private · non-metro · modest prep,other_graduate,annual_if_employed_kde,900117.1755181542,6.126045491928429e-08,bins are display-only; KDE from continuous Monte Carlo draws
tamil_cant_afford_nonmetro_modest,Tamil · cannot afford private · non-metro · modest prep,other_graduate,annual_if_employed_kde,934261.8989808357,5.301566352328999e-08,bins are display-only; KDE from continuous Monte Carlo draws
tamil_cant_afford_nonmetro_modest,Tamil · cannot afford private · non-metro · modest prep,other_graduate,annual_if_employed_kde,968406.6224435172,4.6045773357500127e-08,bins are display-only; KDE from continuous Monte Carlo draws
tamil_cant_afford_nonmetro_modest,Tamil · cannot afford private · non-metro · modest prep,other_graduate,annual_if_employed_kde,1002551.3459061987,4.0110678157279656e-08,bins are display-only; KDE from continuous Monte Carlo draws
tamil_cant_afford_nonmetro_modest,Tamil · cannot afford private · non-metro · modest prep,other_graduate,annual_if_employed_kde,1036696.0693688802,3.504820281552316e-08,bins are display-only; KDE from continuous Monte Carlo draws
tamil_cant_afford_nonmetro_modest,Tamil · cannot afford private · non-metro · modest prep,other_graduate,annual_if_employed_kde,1070840.792831562,3.073749358391163e-08,bins are display-only; KDE from continuous Monte Carlo draws
tamil_cant_afford_nonmetro_modest,Tamil · cannot afford private · non-metro · modest prep,other_graduate,annual_if_employed_kde,1104985.5162942435,2.7071437881438597e-08,bins are display-only; KDE from continuous Monte Carlo draws
tamil_cant_afford_nonmetro_modest,Tamil · cannot afford private · non-metro · modest prep,other_graduate,annual_if_employed_kde,1139130.239756925,2.394266219048269e-08,bins are display-only; KDE from continuous Monte Carlo draws
tamil_cant_afford_nonmetro_modest,Tamil · cannot afford private · non-metro · modest prep,other_graduate,annual_if_employed_kde,1173274.9632196066,2.124369617047487e-08,bins are display-only; KDE from continuous Monte Carlo draws
tamil_cant_afford_nonmetro_modest,Tamil · cannot afford private · non-metro · modest prep,other_graduate,annual_if_employed_kde,1207419.686682288,1.8876755628379395e-08,bins are display-only; KDE from continuous Monte Carlo draws
tamil_cant_afford_nonmetro_modest,Tamil · cannot afford private · non-metro · modest prep,other_graduate,annual_if_employed_kde,1241564.4101449696,1.6765360629647266e-08,bins are display-only; KDE from continuous Monte Carlo draws
tamil_cant_afford_nonmetro_modest,Tamil · cannot afford private · non-metro · modest prep,other_graduate,annual_if_employed_kde,1275709.133607651,1.4860772536658779e-08,bins are display-only; KDE from continuous Monte Carlo draws
tamil_cant_afford_nonmetro_modest,Tamil · cannot afford private · non-metro · modest prep,other_graduate,annual_if_employed_kde,1309853.8570703326,1.3140175813029812e-08,bins are display-only; KDE from continuous Monte Carlo draws
tamil_cant_afford_nonmetro_modest,Tamil · cannot afford private · non-metro · modest prep,other_graduate,annual_if_employed_kde,1343998.5805330144,1.1598026251650609e-08,bins are display-only; KDE from continuous Monte Carlo draws
tamil_cant_afford_nonmetro_modest,Tamil · cannot afford private · non-metro · modest prep,other_graduate,annual_if_employed_kde,1378143.303995696,1.0234744552421425e-08,bins are display-only; KDE from continuous Monte Carlo draws
tamil_cant_afford_nonmetro_modest,Tamil · cannot afford private · non-metro · modest prep,other_graduate,annual_if_employed_kde,1412288.0274583774,9.047169559565472e-09,bins are display-only; KDE from continuous Monte Carlo draws
tamil_cant_afford_nonmetro_modest,Tamil · cannot afford private · non-metro · modest prep,other_graduate,annual_if_employed_kde,1446432.750921059,8.023516886084788e-09,bins are display-only; KDE from continuous Monte Carlo draws
tamil_cant_afford_nonmetro_modest,Tamil · cannot afford private · non-metro · modest prep,other_graduate,annual_if_employed_kde,1480577.4743837405,7.143269792835543e-09,bins are display-only; KDE from continuous Monte Carlo draws
tamil_cant_afford_nonmetro_modest,Tamil · cannot afford private · non-metro · modest prep,other_graduate,annual_if_employed_kde,1514722.197846422,6.38059049220642e-09,bins are display-only; KDE from continuous Monte Carlo draws
tamil_cant_afford_nonmetro_modest,Tamil · cannot afford private · non-metro · modest prep,other_graduate,annual_if_employed_kde,1548866.9213091035,5.709059204449102e-09,bins are display-only; KDE from continuous Monte Carlo draws
tamil_cant_afford_nonmetro_modest,Tamil · cannot afford private · non-metro · modest prep,other_graduate,annual_if_employed_kde,1583011.644771785,5.1057942699992644e-09,bins are display-only; KDE from continuous Monte Carlo draws
tamil_cant_afford_nonmetro_modest,Tamil · cannot afford private · non-metro · modest prep,other_graduate,annual_if_employed_kde,1617156.3682344665,4.553851371519057e-09,bins are display-only; KDE from continuous Monte Carlo draws
tamil_cant_afford_nonmetro_modest,Tamil · cannot afford private · non-metro · modest prep,other_graduate,annual_if_employed_kde,1651301.091697148,4.042726207587904e-09,bins are display-only; KDE from continuous Monte Carlo draws
tamil_cant_afford_nonmetro_modest,Tamil · cannot afford private · non-metro · modest prep,other_graduate,annual_if_employed_kde,1685445.8151598296,3.5674284951950496e-09,bins are display-only; KDE from continuous Monte Carlo draws
tamil_cant_afford_nonmetro_modest,Tamil · cannot afford private · non-metro · modest prep,other_graduate,annual_if_employed_kde,1719590.5386225113,3.1268365336626337e-09,bins are display-only; KDE from continuous Monte Carlo draws
tamil_cant_afford_nonmetro_modest,Tamil · cannot afford private · non-metro · modest prep,other_graduate,annual_if_employed_kde,1753735.2620851928,2.7219600452322947e-09,bins are display-only; KDE from continuous Monte Carlo draws
tamil_cant_afford_nonmetro_modest,Tamil · cannot afford private · non-metro · modest prep,other_graduate,annual_if_employed_kde,1787879.9855478744,2.3545008504012425e-09,bins are display-only; KDE from continuous Monte Carlo draws
tamil_cant_afford_nonmetro_modest,Tamil · cannot afford private · non-metro · modest prep,other_graduate,annual_if_employed_kde,1822024.7090105559,2.0258571362793424e-09,bins are display-only; KDE from continuous Monte Carlo draws
tamil_cant_afford_nonmetro_modest,Tamil · cannot afford private · non-metro · modest prep,other_graduate,annual_if_employed_kde,1856169.4324732374,1.736551255891082e-09,bins are display-only; KDE from continuous Monte Carlo draws
tamil_cant_afford_nonmetro_modest,Tamil · cannot afford private · non-metro · modest prep,other_graduate,annual_if_employed_kde,1890314.155935919,1.4859879446093553e-09,bins are display-only; KDE from continuous Monte Carlo draws
tamil_cant_afford_nonmetro_modest,Tamil · cannot afford private · non-metro · modest prep,other_graduate,annual_if_employed_kde,1924458.8793986004,1.2724426628586171e-09,bins are display-only; KDE from continuous Monte Carlo draws
tamil_cant_afford_nonmetro_modest,Tamil · cannot afford private · non-metro · modest prep,other_graduate,annual_if_employed_kde,1958603.602861282,1.0932011446418932e-09,bins are display-only; KDE from continuous Monte Carlo draws
tamil_cant_afford_nonmetro_modest,Tamil · cannot afford private · non-metro · modest prep,other_graduate,annual_if_employed_kde,1992748.3263239635,9.447938176220301e-10,bins are display-only; KDE from continuous Monte Carlo draws
tamil_cant_afford_nonmetro_modest,Tamil · cannot afford private · non-metro · modest prep,other_graduate,annual_if_employed_kde,2026893.049786645,8.232814886790093e-10,bins are display-only; KDE from continuous Monte Carlo draws
tamil_cant_afford_nonmetro_modest,Tamil · cannot afford private · non-metro · modest prep,other_graduate,annual_if_employed_kde,2061037.7732493265,7.245530048714624e-10,bins are display-only; KDE from continuous Monte Carlo draws
tamil_cant_afford_nonmetro_modest,Tamil · cannot afford private · non-metro · modest prep,non_professional_graduate,annual_if_employed_kde,46499.08895111566,1.4470601772231705e-06,bins are display-only; KDE from continuous Monte Carlo draws
tamil_cant_afford_nonmetro_modest,Tamil · cannot afford private · non-metro · modest prep,non_professional_graduate,annual_if_employed_kde,80643.81241379719,2.3194283646646152e-06,bins are display-only; KDE from continuous Monte Carlo draws
tamil_cant_afford_nonmetro_modest,Tamil · cannot afford private · non-metro · modest prep,non_professional_graduate,annual_if_employed_kde,114788.53587647874,2.725544501726152e-06,bins are display-only; KDE from continuous Monte Carlo draws
tamil_cant_afford_nonmetro_modest,Tamil · cannot afford private · non-metro · modest prep,non_professional_graduate,annual_if_employed_kde,148933.2593391603,2.6996846042769355e-06,bins are display-only; KDE from continuous Monte Carlo draws
tamil_cant_afford_nonmetro_modest,Tamil · cannot afford private · non-metro · modest prep,non_professional_graduate,annual_if_employed_kde,183077.9828018418,2.4003666882343556e-06,bins are display-only; KDE from continuous Monte Carlo draws
tamil_cant_afford_nonmetro_modest,Tamil · cannot afford private · non-metro · modest prep,non_professional_graduate,annual_if_employed_kde,217222.70626452338,2.1344014056759558e-06,bins are display-only; KDE from continuous Monte Carlo draws
tamil_cant_afford_nonmetro_modest,Tamil · cannot afford private · non-metro · modest prep,non_professional_graduate,annual_if_employed_kde,251367.4297272049,1.9141882549391653e-06,bins are display-only; KDE from continuous Monte Carlo draws
tamil_cant_afford_nonmetro_modest,Tamil · cannot afford private · non-metro · modest prep,non_professional_graduate,annual_if_employed_kde,285512.1531898864,1.6829306201485036e-06,bins are display-only; KDE from continuous Monte Carlo draws
tamil_cant_afford_nonmetro_modest,Tamil · cannot afford private · non-metro · modest prep,non_professional_graduate,annual_if_employed_kde,319656.876652568,1.4355513484614013e-06,bins are display-only; KDE from continuous Monte Carlo draws
tamil_cant_afford_nonmetro_modest,Tamil · cannot afford private · non-metro · modest prep,non_professional_graduate,annual_if_employed_kde,353801.6001152495,1.2266207413835312e-06,bins are display-only; KDE from continuous Monte Carlo draws
tamil_cant_afford_nonmetro_modest,Tamil · cannot afford private · non-metro · modest prep,non_professional_graduate,annual_if_employed_kde,387946.3235779311,1.057826374439762e-06,bins are display-only; KDE from continuous Monte Carlo draws
tamil_cant_afford_nonmetro_modest,Tamil · cannot afford private · non-metro · modest prep,non_professional_graduate,annual_if_employed_kde,422091.0470406126,9.140208699720794e-07,bins are display-only; KDE from continuous Monte Carlo draws
tamil_cant_afford_nonmetro_modest,Tamil · cannot afford private · non-metro · modest prep,non_professional_graduate,annual_if_employed_kde,456235.77050329413,7.906171980427491e-07,bins are display-only; KDE from continuous Monte Carlo draws
tamil_cant_afford_nonmetro_modest,Tamil · cannot afford private · non-metro · modest prep,non_professional_graduate,annual_if_employed_kde,490380.4939659757,6.865199603883702e-07,bins are display-only; KDE from continuous Monte Carlo draws
tamil_cant_afford_nonmetro_modest,Tamil · cannot afford private · non-metro · modest prep,non_professional_graduate,annual_if_employed_kde,524525.2174286572,5.995999790628487e-07,bins are display-only; KDE from continuous Monte Carlo draws
tamil_cant_afford_nonmetro_modest,Tamil · cannot afford private · non-metro · modest prep,non_professional_graduate,annual_if_employed_kde,558669.9408913387,5.261859981777919e-07,bins are display-only; KDE from continuous Monte Carlo draws
tamil_cant_afford_nonmetro_modest,Tamil · cannot afford private · non-metro · modest prep,non_professional_graduate,annual_if_employed_kde,592814.6643540203,4.626538528210305e-07,bins are display-only; KDE from continuous Monte Carlo draws
tamil_cant_afford_nonmetro_modest,Tamil · cannot afford private · non-metro · modest prep,non_professional_graduate,annual_if_employed_kde,626959.3878167018,4.068875078094292e-07,bins are display-only; KDE from continuous Monte Carlo draws
tamil_cant_afford_nonmetro_modest,Tamil · cannot afford private · non-metro · modest prep,non_professional_graduate,annual_if_employed_kde,661104.1112793833,3.581601112833722e-07,bins are display-only; KDE from continuous Monte Carlo draws
tamil_cant_afford_nonmetro_modest,Tamil · cannot afford private · non-metro · modest prep,non_professional_graduate,annual_if_employed_kde,695248.8347420649,3.1620626910607e-07,bins are display-only; KDE from continuous Monte Carlo draws
tamil_cant_afford_nonmetro_modest,Tamil · cannot afford private · non-metro · modest prep,non_professional_graduate,annual_if_employed_kde,729393.5582047465,2.806138536124499e-07,bins are display-only; KDE from continuous Monte Carlo draws
tamil_cant_afford_nonmetro_modest,Tamil · cannot afford private · non-metro · modest prep,non_professional_graduate,annual_if_employed_kde,763538.281667428,2.506840853591802e-07,bins are display-only; KDE from continuous Monte Carlo draws
tamil_cant_afford_nonmetro_modest,Tamil · cannot afford private · non-metro · modest prep,non_professional_graduate,annual_if_employed_kde,797683.0051301095,2.2547686251399093e-07,bins are display-only; KDE from continuous Monte Carlo draws
tamil_cant_afford_nonmetro_modest,Tamil · cannot afford private · non-metro · modest prep,non_professional_graduate,annual_if_employed_kde,831827.728592791,2.039236892862843e-07,bins are display-only; KDE from continuous Monte Carlo draws
tamil_cant_afford_nonmetro_modest,Tamil · cannot afford private · non-metro · modest prep,non_professional_graduate,annual_if_employed_kde,865972.4520554725,1.8500112180190893e-07,bins are display-only; KDE from continuous Monte Carlo draws
tamil_cant_afford_nonmetro_modest,Tamil · cannot afford private · non-metro · modest prep,non_professional_graduate,annual_if_employed_kde,900117.1755181542,1.6790411686105853e-07,bins are display-only; KDE from continuous Monte Carlo draws
tamil_cant_afford_nonmetro_modest,Tamil · cannot afford private · non-metro · modest prep,non_professional_graduate,annual_if_employed_kde,934261.8989808357,1.521322376545293e-07,bins are display-only; KDE from continuous Monte Carlo draws
tamil_cant_afford_nonmetro_modest,Tamil · cannot afford private · non-metro · modest prep,non_professional_graduate,annual_if_employed_kde,968406.6224435172,1.374627587623344e-07,bins are display-only; KDE from continuous Monte Carlo draws
tamil_cant_afford_nonmetro_modest,Tamil · cannot afford private · non-metro · modest prep,non_professional_graduate,annual_if_employed_kde,1002551.3459061987,1.238559679166988e-07,bins are display-only; KDE from continuous Monte Carlo draws
tamil_cant_afford_nonmetro_modest,Tamil · cannot afford private · non-metro · modest prep,non_professional_graduate,annual_if_employed_kde,1036696.0693688802,1.1135591431545519e-07,bins are display-only; KDE from continuous Monte Carlo draws
tamil_cant_afford_nonmetro_modest,Tamil · cannot afford private · non-metro · modest prep,non_professional_graduate,annual_if_employed_kde,1070840.792831562,1.0002200517582286e-07,bins are display-only; KDE from continuous Monte Carlo draws
tamil_cant_afford_nonmetro_modest,Tamil · cannot afford private · non-metro · modest prep,non_professional_graduate,annual_if_employed_kde,1104985.5162942435,8.989294260895737e-08,bins are display-only; KDE from continuous Monte Carlo draws
tamil_cant_afford_nonmetro_modest,Tamil · cannot afford private · non-metro · modest prep,non_professional_graduate,annual_if_employed_kde,1139130.239756925,8.096956774952301e-08,bins are display-only; KDE from continuous Monte Carlo draws
tamil_cant_afford_nonmetro_modest,Tamil · cannot afford private · non-metro · modest prep,non_professional_graduate,annual_if_employed_kde,1173274.9632196066,7.320630976920637e-08,bins are display-only; KDE from continuous Monte Carlo draws
tamil_cant_afford_nonmetro_modest,Tamil · cannot afford private · non-metro · modest prep,non_professional_graduate,annual_if_employed_kde,1207419.686682288,6.650928538500978e-08,bins are display-only; KDE from continuous Monte Carlo draws
tamil_cant_afford_nonmetro_modest,Tamil · cannot afford private · non-metro · modest prep,non_professional_graduate,annual_if_employed_kde,1241564.4101449696,6.074310806413923e-08,bins are display-only; KDE from continuous Monte Carlo draws
tamil_cant_afford_nonmetro_modest,Tamil · cannot afford private · non-metro · modest prep,non_professional_graduate,annual_if_employed_kde,1275709.133607651,5.574674386937621e-08,bins are display-only; KDE from continuous Monte Carlo draws
tamil_cant_afford_nonmetro_modest,Tamil · cannot afford private · non-metro · modest prep,non_professional_graduate,annual_if_employed_kde,1309853.8570703326,5.1354843817916254e-08,bins are display-only; KDE from continuous Monte Carlo draws
tamil_cant_afford_nonmetro_modest,Tamil · cannot afford private · non-metro · modest prep,non_professional_graduate,annual_if_employed_kde,1343998.5805330144,4.7418601260217115e-08,bins are display-only; KDE from continuous Monte Carlo draws
tamil_cant_afford_nonmetro_modest,Tamil · cannot afford private · non-metro · modest prep,non_professional_graduate,annual_if_employed_kde,1378143.303995696,4.382071387594144e-08,bins are display-only; KDE from continuous Monte Carlo draws
tamil_cant_afford_nonmetro_modest,Tamil · cannot afford private · non-metro · modest prep,non_professional_graduate,annual_if_employed_kde,1412288.0274583774,4.04816715319712e-08,bins are display-only; KDE from continuous Monte Carlo draws
tamil_cant_afford_nonmetro_modest,Tamil · cannot afford private · non-metro · modest prep,non_professional_graduate,annual_if_employed_kde,1446432.750921059,3.735768220084244e-08,bins are display-only; KDE from continuous Monte Carlo draws
tamil_cant_afford_nonmetro_modest,Tamil · cannot afford private · non-metro · modest prep,non_professional_graduate,annual_if_employed_kde,1480577.4743837405,3.443275337615872e-08,bins are display-only; KDE from continuous Monte Carlo draws
tamil_cant_afford_nonmetro_modest,Tamil · cannot afford private · non-metro · modest prep,non_professional_graduate,annual_if_employed_kde,1514722.197846422,3.170825013702504e-08,bins are display-only; KDE from continuous Monte Carlo draws
tamil_cant_afford_nonmetro_modest,Tamil · cannot afford private · non-metro · modest prep,non_professional_graduate,annual_if_employed_kde,1548866.9213091035,2.9192852021174842e-08,bins are display-only; KDE from continuous Monte Carlo draws
tamil_cant_afford_nonmetro_modest,Tamil · cannot afford private · non-metro · modest prep,non_professional_graduate,annual_if_employed_kde,1583011.644771785,2.689477652768301e-08,bins are display-only; KDE from continuous Monte Carlo draws
tamil_cant_afford_nonmetro_modest,Tamil · cannot afford private · non-metro · modest prep,non_professional_graduate,annual_if_employed_kde,1617156.3682344665,2.481697921966819e-08,bins are display-only; KDE from continuous Monte Carlo draws
tamil_cant_afford_nonmetro_modest,Tamil · cannot afford private · non-metro · modest prep,non_professional_graduate,annual_if_employed_kde,1651301.091697148,2.2955142839216122e-08,bins are display-only; KDE from continuous Monte Carlo draws
tamil_cant_afford_nonmetro_modest,Tamil · cannot afford private · non-metro · modest prep,non_professional_graduate,annual_if_employed_kde,1685445.8151598296,2.1297767285417024e-08,bins are display-only; KDE from continuous Monte Carlo draws
tamil_cant_afford_nonmetro_modest,Tamil · cannot afford private · non-metro · modest prep,non_professional_graduate,annual_if_employed_kde,1719590.5386225113,1.9827533970130992e-08,bins are display-only; KDE from continuous Monte Carlo draws
tamil_cant_afford_nonmetro_modest,Tamil · cannot afford private · non-metro · modest prep,non_professional_graduate,annual_if_employed_kde,1753735.2620851928,1.8523221659073028e-08,bins are display-only; KDE from continuous Monte Carlo draws
tamil_cant_afford_nonmetro_modest,Tamil · cannot afford private · non-metro · modest prep,non_professional_graduate,annual_if_employed_kde,1787879.9855478744,1.736166388953554e-08,bins are display-only; KDE from continuous Monte Carlo draws
tamil_cant_afford_nonmetro_modest,Tamil · cannot afford private · non-metro · modest prep,non_professional_graduate,annual_if_employed_kde,1822024.7090105559,1.6319458865927628e-08,bins are display-only; KDE from continuous Monte Carlo draws
tamil_cant_afford_nonmetro_modest,Tamil · cannot afford private · non-metro · modest prep,non_professional_graduate,annual_if_employed_kde,1856169.4324732374,1.537431488034391e-08,bins are display-only; KDE from continuous Monte Carlo draws
tamil_cant_afford_nonmetro_modest,Tamil · cannot afford private · non-metro · modest prep,non_professional_graduate,annual_if_employed_kde,1890314.155935919,1.4506020953826642e-08,bins are display-only; KDE from continuous Monte Carlo draws
tamil_cant_afford_nonmetro_modest,Tamil · cannot afford private · non-metro · modest prep,non_professional_graduate,annual_if_employed_kde,1924458.8793986004,1.3697082260555242e-08,bins are display-only; KDE from continuous Monte Carlo draws
tamil_cant_afford_nonmetro_modest,Tamil · cannot afford private · non-metro · modest prep,non_professional_graduate,annual_if_employed_kde,1958603.602861282,1.2933072598262271e-08,bins are display-only; KDE from continuous Monte Carlo draws
tamil_cant_afford_nonmetro_modest,Tamil · cannot afford private · non-metro · modest prep,non_professional_graduate,annual_if_employed_kde,1992748.3263239635,1.220275142109287e-08,bins are display-only; KDE from continuous Monte Carlo draws
tamil_cant_afford_nonmetro_modest,Tamil · cannot afford private · non-metro · modest prep,non_professional_graduate,annual_if_employed_kde,2026893.049786645,1.149798484127648e-08,bins are display-only; KDE from continuous Monte Carlo draws
tamil_cant_afford_nonmetro_modest,Tamil · cannot afford private · non-metro · modest prep,non_professional_graduate,annual_if_employed_kde,2061037.7732493265,1.0813505558254117e-08,bins are display-only; KDE from continuous Monte Carlo draws
tamil_cant_afford_nonmetro_modest,Tamil · cannot afford private · non-metro · modest prep,no_college,annual_if_employed_kde,46499.08895111566,5.491545356088904e-06,bins are display-only; KDE from continuous Monte Carlo draws
tamil_cant_afford_nonmetro_modest,Tamil · cannot afford private · non-metro · modest prep,no_college,annual_if_employed_kde,80643.81241379719,5.495588789299444e-06,bins are display-only; KDE from continuous Monte Carlo draws
tamil_cant_afford_nonmetro_modest,Tamil · cannot afford private · non-metro · modest prep,no_college,annual_if_employed_kde,114788.53587647874,4.22586691399788e-06,bins are display-only; KDE from continuous Monte Carlo draws
tamil_cant_afford_nonmetro_modest,Tamil · cannot afford private · non-metro · modest prep,no_college,annual_if_employed_kde,148933.2593391603,3.086813574092169e-06,bins are display-only; KDE from continuous Monte Carlo draws
tamil_cant_afford_nonmetro_modest,Tamil · cannot afford private · non-metro · modest prep,no_college,annual_if_employed_kde,183077.9828018418,2.2689023370494336e-06,bins are display-only; KDE from continuous Monte Carlo draws
tamil_cant_afford_nonmetro_modest,Tamil · cannot afford private · non-metro · modest prep,no_college,annual_if_employed_kde,217222.70626452338,1.6874729366621108e-06,bins are display-only; KDE from continuous Monte Carlo draws
tamil_cant_afford_nonmetro_modest,Tamil · cannot afford private · non-metro · modest prep,no_college,annual_if_employed_kde,251367.4297272049,1.2664418710705301e-06,bins are display-only; KDE from continuous Monte Carlo draws
tamil_cant_afford_nonmetro_modest,Tamil · cannot afford private · non-metro · modest prep,no_college,annual_if_employed_kde,285512.1531898864,9.444661216472089e-07,bins are display-only; KDE from continuous Monte Carlo draws
tamil_cant_afford_nonmetro_modest,Tamil · cannot afford private · non-metro · modest prep,no_college,annual_if_employed_kde,319656.876652568,7.155048699334383e-07,bins are display-only; KDE from continuous Monte Carlo draws
tamil_cant_afford_nonmetro_modest,Tamil · cannot afford private · non-metro · modest prep,no_college,annual_if_employed_kde,353801.6001152495,5.482903833409047e-07,bins are display-only; KDE from continuous Monte Carlo draws
tamil_cant_afford_nonmetro_modest,Tamil · cannot afford private · non-metro · modest prep,no_college,annual_if_employed_kde,387946.3235779311,4.2667929798473604e-07,bins are display-only; KDE from continuous Monte Carlo draws
tamil_cant_afford_nonmetro_modest,Tamil · cannot afford private · non-metro · modest prep,no_college,annual_if_employed_kde,422091.0470406126,3.400567678151223e-07,bins are display-only; KDE from continuous Monte Carlo draws
tamil_cant_afford_nonmetro_modest,Tamil · cannot afford private · non-metro · modest prep,no_college,annual_if_employed_kde,456235.77050329413,2.794227741637829e-07,bins are display-only; KDE from continuous Monte Carlo draws
tamil_cant_afford_nonmetro_modest,Tamil · cannot afford private · non-metro · modest prep,no_college,annual_if_employed_kde,490380.4939659757,2.3444731627059658e-07,bins are display-only; KDE from continuous Monte Carlo draws
tamil_cant_afford_nonmetro_modest,Tamil · cannot afford private · non-metro · modest prep,no_college,annual_if_employed_kde,524525.2174286572,1.9709282925600675e-07,bins are display-only; KDE from continuous Monte Carlo draws
tamil_cant_afford_nonmetro_modest,Tamil · cannot afford private · non-metro · modest prep,no_college,annual_if_employed_kde,558669.9408913387,1.6392083760749287e-07,bins are display-only; KDE from continuous Monte Carlo draws
tamil_cant_afford_nonmetro_modest,Tamil · cannot afford private · non-metro · modest prep,no_college,annual_if_employed_kde,592814.6643540203,1.3452708208887843e-07,bins are display-only; KDE from continuous Monte Carlo draws
tamil_cant_afford_nonmetro_modest,Tamil · cannot afford private · non-metro · modest prep,no_college,annual_if_employed_kde,626959.3878167018,1.0928298729853645e-07,bins are display-only; KDE from continuous Monte Carlo draws
tamil_cant_afford_nonmetro_modest,Tamil · cannot afford private · non-metro · modest prep,no_college,annual_if_employed_kde,661104.1112793833,8.827787311416701e-08,bins are display-only; KDE from continuous Monte Carlo draws
tamil_cant_afford_nonmetro_modest,Tamil · cannot afford private · non-metro · modest prep,no_college,annual_if_employed_kde,695248.8347420649,7.124089305317312e-08,bins are display-only; KDE from continuous Monte Carlo draws
tamil_cant_afford_nonmetro_modest,Tamil · cannot afford private · non-metro · modest prep,no_college,annual_if_employed_kde,729393.5582047465,5.7735838563119543e-08,bins are display-only; KDE from continuous Monte Carlo draws
tamil_cant_afford_nonmetro_modest,Tamil · cannot afford private · non-metro · modest prep,no_college,annual_if_employed_kde,763538.281667428,4.727673735660875e-08,bins are display-only; KDE from continuous Monte Carlo draws
tamil_cant_afford_nonmetro_modest,Tamil · cannot afford private · non-metro · modest prep,no_college,annual_if_employed_kde,797683.0051301095,3.9328902430296115e-08,bins are display-only; KDE from continuous Monte Carlo draws
tamil_cant_afford_nonmetro_modest,Tamil · cannot afford private · non-metro · modest prep,no_college,annual_if_employed_kde,831827.728592791,3.330565514397057e-08,bins are display-only; KDE from continuous Monte Carlo draws
tamil_cant_afford_nonmetro_modest,Tamil · cannot afford private · non-metro · modest prep,no_college,annual_if_employed_kde,865972.4520554725,2.8634406938227486e-08,bins are display-only; KDE from continuous Monte Carlo draws
tamil_cant_afford_nonmetro_modest,Tamil · cannot afford private · non-metro · modest prep,no_college,annual_if_employed_kde,900117.1755181542,2.485346558325453e-08,bins are display-only; KDE from continuous Monte Carlo draws
tamil_cant_afford_nonmetro_modest,Tamil · cannot afford private · non-metro · modest prep,no_college,annual_if_employed_kde,934261.8989808357,2.166530262188777e-08,bins are display-only; KDE from continuous Monte Carlo draws
tamil_cant_afford_nonmetro_modest,Tamil · cannot afford private · non-metro · modest prep,no_college,annual_if_employed_kde,968406.6224435172,1.892113270668907e-08,bins are display-only; KDE from continuous Monte Carlo draws
tamil_cant_afford_nonmetro_modest,Tamil · cannot afford private · non-metro · modest prep,no_college,annual_if_employed_kde,1002551.3459061987,1.6563872879723278e-08,bins are display-only; KDE from continuous Monte Carlo draws
tamil_cant_afford_nonmetro_modest,Tamil · cannot afford private · non-metro · modest prep,no_college,annual_if_employed_kde,1036696.0693688802,1.4568802354167593e-08,bins are display-only; KDE from continuous Monte Carlo draws
tamil_cant_afford_nonmetro_modest,Tamil · cannot afford private · non-metro · modest prep,no_college,annual_if_employed_kde,1070840.792831562,1.2905623078058067e-08,bins are display-only; KDE from continuous Monte Carlo draws
tamil_cant_afford_nonmetro_modest,Tamil · cannot afford private · non-metro · modest prep,no_college,annual_if_employed_kde,1104985.5162942435,1.152607016645799e-08,bins are display-only; KDE from continuous Monte Carlo draws
tamil_cant_afford_nonmetro_modest,Tamil · cannot afford private · non-metro · modest prep,no_college,annual_if_employed_kde,1139130.239756925,1.0369404425118572e-08,bins are display-only; KDE from continuous Monte Carlo draws
tamil_cant_afford_nonmetro_modest,Tamil · cannot afford private · non-metro · modest prep,no_college,annual_if_employed_kde,1173274.9632196066,9.374889831166353e-09,bins are display-only; KDE from continuous Monte Carlo draws
tamil_cant_afford_nonmetro_modest,Tamil · cannot afford private · non-metro · modest prep,no_college,annual_if_employed_kde,1207419.686682288,8.492676148748246e-09,bins are display-only; KDE from continuous Monte Carlo draws
tamil_cant_afford_nonmetro_modest,Tamil · cannot afford private · non-metro · modest prep,no_college,annual_if_employed_kde,1241564.4101449696,7.68897703461647e-09,bins are display-only; KDE from continuous Monte Carlo draws
tamil_cant_afford_nonmetro_modest,Tamil · cannot afford private · non-metro · modest prep,no_college,annual_if_employed_kde,1275709.133607651,6.945464478242436e-09,bins are display-only; KDE from continuous Monte Carlo draws
tamil_cant_afford_nonmetro_modest,Tamil · cannot afford private · non-metro · modest prep,no_college,annual_if_employed_kde,1309853.8570703326,6.255063743152211e-09,bins are display-only; KDE from continuous Monte Carlo draws
tamil_cant_afford_nonmetro_modest,Tamil · cannot afford private · non-metro · modest prep,no_college,annual_if_employed_kde,1343998.5805330144,5.616756069443473e-09,bins are display-only; KDE from continuous Monte Carlo draws
tamil_cant_afford_nonmetro_modest,Tamil · cannot afford private · non-metro · modest prep,no_college,annual_if_employed_kde,1378143.303995696,5.0312666928374194e-09,bins are display-only; KDE from continuous Monte Carlo draws
tamil_cant_afford_nonmetro_modest,Tamil · cannot afford private · non-metro · modest prep,no_college,annual_if_employed_kde,1412288.0274583774,4.498450098342162e-09,bins are display-only; KDE from continuous Monte Carlo draws
tamil_cant_afford_nonmetro_modest,Tamil · cannot afford private · non-metro · modest prep,no_college,annual_if_employed_kde,1446432.750921059,4.016327727292133e-09,bins are display-only; KDE from continuous Monte Carlo draws
tamil_cant_afford_nonmetro_modest,Tamil · cannot afford private · non-metro · modest prep,no_college,annual_if_employed_kde,1480577.4743837405,3.581278268766407e-09,bins are display-only; KDE from continuous Monte Carlo draws
tamil_cant_afford_nonmetro_modest,Tamil · cannot afford private · non-metro · modest prep,no_college,annual_if_employed_kde,1514722.197846422,3.1887807014433463e-09,bins are display-only; KDE from continuous Monte Carlo draws
tamil_cant_afford_nonmetro_modest,Tamil · cannot afford private · non-metro · modest prep,no_college,annual_if_employed_kde,1548866.9213091035,2.8342264911877945e-09,bins are display-only; KDE from continuous Monte Carlo draws
tamil_cant_afford_nonmetro_modest,Tamil · cannot afford private · non-metro · modest prep,no_college,annual_if_employed_kde,1583011.644771785,2.513515311322237e-09,bins are display-only; KDE from continuous Monte Carlo draws
tamil_cant_afford_nonmetro_modest,Tamil · cannot afford private · non-metro · modest prep,no_college,annual_if_employed_kde,1617156.3682344665,2.223336727287606e-09,bins are display-only; KDE from continuous Monte Carlo draws
tamil_cant_afford_nonmetro_modest,Tamil · cannot afford private · non-metro · modest prep,no_college,annual_if_employed_kde,1651301.091697148,1.9611726516277618e-09,bins are display-only; KDE from continuous Monte Carlo draws
tamil_cant_afford_nonmetro_modest,Tamil · cannot afford private · non-metro · modest prep,no_college,annual_if_employed_kde,1685445.8151598296,1.7251211973905695e-09,bins are display-only; KDE from continuous Monte Carlo draws
tamil_cant_afford_nonmetro_modest,Tamil · cannot afford private · non-metro · modest prep,no_college,annual_if_employed_kde,1719590.5386225113,1.5136527302972325e-09,bins are display-only; KDE from continuous Monte Carlo draws
tamil_cant_afford_nonmetro_modest,Tamil · cannot afford private · non-metro · modest prep,no_college,annual_if_employed_kde,1753735.2620851928,1.3253841858287642e-09,bins are display-only; KDE from continuous Monte Carlo draws
tamil_cant_afford_nonmetro_modest,Tamil · cannot afford private · non-metro · modest prep,no_college,annual_if_employed_kde,1787879.9855478744,1.1589194590341292e-09,bins are display-only; KDE from continuous Monte Carlo draws
tamil_cant_afford_nonmetro_modest,Tamil · cannot afford private · non-metro · modest prep,no_college,annual_if_employed_kde,1822024.7090105559,1.0127680727565108e-09,bins are display-only; KDE from continuous Monte Carlo draws
tamil_cant_afford_nonmetro_modest,Tamil · cannot afford private · non-metro · modest prep,no_college,annual_if_employed_kde,1856169.4324732374,8.85330081033318e-10,bins are display-only; KDE from continuous Monte Carlo draws
tamil_cant_afford_nonmetro_modest,Tamil · cannot afford private · non-metro · modest prep,no_college,annual_if_employed_kde,1890314.155935919,7.749241338764655e-10,bins are display-only; KDE from continuous Monte Carlo draws
tamil_cant_afford_nonmetro_modest,Tamil · cannot afford private · non-metro · modest prep,no_college,annual_if_employed_kde,1924458.8793986004,6.798351841570694e-10,bins are display-only; KDE from continuous Monte Carlo draws
tamil_cant_afford_nonmetro_modest,Tamil · cannot afford private · non-metro · modest prep,no_college,annual_if_employed_kde,1958603.602861282,5.98364000939642e-10,bins are display-only; KDE from continuous Monte Carlo draws
tamil_cant_afford_nonmetro_modest,Tamil · cannot afford private · non-metro · modest prep,no_college,annual_if_employed_kde,1992748.3263239635,5.288682595629693e-10,bins are display-only; KDE from continuous Monte Carlo draws
tamil_cant_afford_nonmetro_modest,Tamil · cannot afford private · non-metro · modest prep,no_college,annual_if_employed_kde,2026893.049786645,4.697916423768919e-10,bins are display-only; KDE from continuous Monte Carlo draws
tamil_cant_afford_nonmetro_modest,Tamil · cannot afford private · non-metro · modest prep,no_college,annual_if_employed_kde,2061037.7732493265,4.196817924658489e-10,bins are display-only; KDE from continuous Monte Carlo draws
tamil_cant_afford_nonmetro_modest,Tamil · cannot afford private · non-metro · modest prep,physician_public_sector,annual_if_employed_kde,46499.08895111566,3.1263181693449263e-07,bins are display-only; KDE from continuous Monte Carlo draws
tamil_cant_afford_nonmetro_modest,Tamil · cannot afford private · non-metro · modest prep,physician_public_sector,annual_if_employed_kde,80643.81241379719,7.976550988770887e-07,bins are display-only; KDE from continuous Monte Carlo draws
tamil_cant_afford_nonmetro_modest,Tamil · cannot afford private · non-metro · modest prep,physician_public_sector,annual_if_employed_kde,114788.53587647874,9.516726518168239e-07,bins are display-only; KDE from continuous Monte Carlo draws
tamil_cant_afford_nonmetro_modest,Tamil · cannot afford private · non-metro · modest prep,physician_public_sector,annual_if_employed_kde,148933.2593391603,1.0002717058413508e-06,bins are display-only; KDE from continuous Monte Carlo draws
tamil_cant_afford_nonmetro_modest,Tamil · cannot afford private · non-metro · modest prep,physician_public_sector,annual_if_employed_kde,183077.9828018418,1.0126267253160196e-06,bins are display-only; KDE from continuous Monte Carlo draws
tamil_cant_afford_nonmetro_modest,Tamil · cannot afford private · non-metro · modest prep,physician_public_sector,annual_if_employed_kde,217222.70626452338,1.0024409207602975e-06,bins are display-only; KDE from continuous Monte Carlo draws
tamil_cant_afford_nonmetro_modest,Tamil · cannot afford private · non-metro · modest prep,physician_public_sector,annual_if_employed_kde,251367.4297272049,1.0001049647711667e-06,bins are display-only; KDE from continuous Monte Carlo draws
tamil_cant_afford_nonmetro_modest,Tamil · cannot afford private · non-metro · modest prep,physician_public_sector,annual_if_employed_kde,285512.1531898864,9.797935481341107e-07,bins are display-only; KDE from continuous Monte Carlo draws
tamil_cant_afford_nonmetro_modest,Tamil · cannot afford private · non-metro · modest prep,physician_public_sector,annual_if_employed_kde,319656.876652568,9.57617721433447e-07,bins are display-only; KDE from continuous Monte Carlo draws
tamil_cant_afford_nonmetro_modest,Tamil · cannot afford private · non-metro · modest prep,physician_public_sector,annual_if_employed_kde,353801.6001152495,9.455607511988815e-07,bins are display-only; KDE from continuous Monte Carlo draws
tamil_cant_afford_nonmetro_modest,Tamil · cannot afford private · non-metro · modest prep,physician_public_sector,annual_if_employed_kde,387946.3235779311,9.264541174411075e-07,bins are display-only; KDE from continuous Monte Carlo draws
tamil_cant_afford_nonmetro_modest,Tamil · cannot afford private · non-metro · modest prep,physician_public_sector,annual_if_employed_kde,422091.0470406126,8.943609362162048e-07,bins are display-only; KDE from continuous Monte Carlo draws
tamil_cant_afford_nonmetro_modest,Tamil · cannot afford private · non-metro · modest prep,physician_public_sector,annual_if_employed_kde,456235.77050329413,8.5797470529388e-07,bins are display-only; KDE from continuous Monte Carlo draws
tamil_cant_afford_nonmetro_modest,Tamil · cannot afford private · non-metro · modest prep,physician_public_sector,annual_if_employed_kde,490380.4939659757,8.227857420922039e-07,bins are display-only; KDE from continuous Monte Carlo draws
tamil_cant_afford_nonmetro_modest,Tamil · cannot afford private · non-metro · modest prep,physician_public_sector,annual_if_employed_kde,524525.2174286572,7.888538240381478e-07,bins are display-only; KDE from continuous Monte Carlo draws
tamil_cant_afford_nonmetro_modest,Tamil · cannot afford private · non-metro · modest prep,physician_public_sector,annual_if_employed_kde,558669.9408913387,7.561611125094299e-07,bins are display-only; KDE from continuous Monte Carlo draws
tamil_cant_afford_nonmetro_modest,Tamil · cannot afford private · non-metro · modest prep,physician_public_sector,annual_if_employed_kde,592814.6643540203,7.249051530112906e-07,bins are display-only; KDE from continuous Monte Carlo draws
tamil_cant_afford_nonmetro_modest,Tamil · cannot afford private · non-metro · modest prep,physician_public_sector,annual_if_employed_kde,626959.3878167018,6.945035892891195e-07,bins are display-only; KDE from continuous Monte Carlo draws
tamil_cant_afford_nonmetro_modest,Tamil · cannot afford private · non-metro · modest prep,physician_public_sector,annual_if_employed_kde,661104.1112793833,6.64240113145825e-07,bins are display-only; KDE from continuous Monte Carlo draws
tamil_cant_afford_nonmetro_modest,Tamil · cannot afford private · non-metro · modest prep,physician_public_sector,annual_if_employed_kde,695248.8347420649,6.339634180310499e-07,bins are display-only; KDE from continuous Monte Carlo draws
tamil_cant_afford_nonmetro_modest,Tamil · cannot afford private · non-metro · modest prep,physician_public_sector,annual_if_employed_kde,729393.5582047465,6.039789595816061e-07,bins are display-only; KDE from continuous Monte Carlo draws
tamil_cant_afford_nonmetro_modest,Tamil · cannot afford private · non-metro · modest prep,physician_public_sector,annual_if_employed_kde,763538.281667428,5.746978421585582e-07,bins are display-only; KDE from continuous Monte Carlo draws
tamil_cant_afford_nonmetro_modest,Tamil · cannot afford private · non-metro · modest prep,physician_public_sector,annual_if_employed_kde,797683.0051301095,5.464738005454565e-07,bins are display-only; KDE from continuous Monte Carlo draws
tamil_cant_afford_nonmetro_modest,Tamil · cannot afford private · non-metro · modest prep,physician_public_sector,annual_if_employed_kde,831827.728592791,5.195737119484267e-07,bins are display-only; KDE from continuous Monte Carlo draws
tamil_cant_afford_nonmetro_modest,Tamil · cannot afford private · non-metro · modest prep,physician_public_sector,annual_if_employed_kde,865972.4520554725,4.941535545982278e-07,bins are display-only; KDE from continuous Monte Carlo draws
tamil_cant_afford_nonmetro_modest,Tamil · cannot afford private · non-metro · modest prep,physician_public_sector,annual_if_employed_kde,900117.1755181542,4.7023278210223394e-07,bins are display-only; KDE from continuous Monte Carlo draws
tamil_cant_afford_nonmetro_modest,Tamil · cannot afford private · non-metro · modest prep,physician_public_sector,annual_if_employed_kde,934261.8989808357,4.47706672564932e-07,bins are display-only; KDE from continuous Monte Carlo draws
tamil_cant_afford_nonmetro_modest,Tamil · cannot afford private · non-metro · modest prep,physician_public_sector,annual_if_employed_kde,968406.6224435172,4.263999527981373e-07,bins are display-only; KDE from continuous Monte Carlo draws
tamil_cant_afford_nonmetro_modest,Tamil · cannot afford private · non-metro · modest prep,physician_public_sector,annual_if_employed_kde,1002551.3459061987,4.061292635343032e-07,bins are display-only; KDE from continuous Monte Carlo draws
tamil_cant_afford_nonmetro_modest,Tamil · cannot afford private · non-metro · modest prep,physician_public_sector,annual_if_employed_kde,1036696.0693688802,3.8674327651718467e-07,bins are display-only; KDE from continuous Monte Carlo draws
tamil_cant_afford_nonmetro_modest,Tamil · cannot afford private · non-metro · modest prep,physician_public_sector,annual_if_employed_kde,1070840.792831562,3.681323206520883e-07,bins are display-only; KDE from continuous Monte Carlo draws
tamil_cant_afford_nonmetro_modest,Tamil · cannot afford private · non-metro · modest prep,physician_public_sector,annual_if_employed_kde,1104985.5162942435,3.5021879735882634e-07,bins are display-only; KDE from continuous Monte Carlo draws
tamil_cant_afford_nonmetro_modest,Tamil · cannot afford private · non-metro · modest prep,physician_public_sector,annual_if_employed_kde,1139130.239756925,3.329444485811921e-07,bins are display-only; KDE from continuous Monte Carlo draws
tamil_cant_afford_nonmetro_modest,Tamil · cannot afford private · non-metro · modest prep,physician_public_sector,annual_if_employed_kde,1173274.9632196066,3.162643055111667e-07,bins are display-only; KDE from continuous Monte Carlo draws
tamil_cant_afford_nonmetro_modest,Tamil · cannot afford private · non-metro · modest prep,physician_public_sector,annual_if_employed_kde,1207419.686682288,3.001483897172705e-07,bins are display-only; KDE from continuous Monte Carlo draws
tamil_cant_afford_nonmetro_modest,Tamil · cannot afford private · non-metro · modest prep,physician_public_sector,annual_if_employed_kde,1241564.4101449696,2.845867748954396e-07,bins are display-only; KDE from continuous Monte Carlo draws
tamil_cant_afford_nonmetro_modest,Tamil · cannot afford private · non-metro · modest prep,physician_public_sector,annual_if_employed_kde,1275709.133607651,2.695927063916994e-07,bins are display-only; KDE from continuous Monte Carlo draws
tamil_cant_afford_nonmetro_modest,Tamil · cannot afford private · non-metro · modest prep,physician_public_sector,annual_if_employed_kde,1309853.8570703326,2.552005395279834e-07,bins are display-only; KDE from continuous Monte Carlo draws
tamil_cant_afford_nonmetro_modest,Tamil · cannot afford private · non-metro · modest prep,physician_public_sector,annual_if_employed_kde,1343998.5805330144,2.4145814895697184e-07,bins are display-only; KDE from continuous Monte Carlo draws
tamil_cant_afford_nonmetro_modest,Tamil · cannot afford private · non-metro · modest prep,physician_public_sector,annual_if_employed_kde,1378143.303995696,2.2841571882184307e-07,bins are display-only; KDE from continuous Monte Carlo draws
tamil_cant_afford_nonmetro_modest,Tamil · cannot afford private · non-metro · modest prep,physician_public_sector,annual_if_employed_kde,1412288.0274583774,2.1611388108805338e-07,bins are display-only; KDE from continuous Monte Carlo draws
tamil_cant_afford_nonmetro_modest,Tamil · cannot afford private · non-metro · modest prep,physician_public_sector,annual_if_employed_kde,1446432.750921059,2.0457407621039372e-07,bins are display-only; KDE from continuous Monte Carlo draws
tamil_cant_afford_nonmetro_modest,Tamil · cannot afford private · non-metro · modest prep,physician_public_sector,annual_if_employed_kde,1480577.4743837405,1.937931130915947e-07,bins are display-only; KDE from continuous Monte Carlo draws
tamil_cant_afford_nonmetro_modest,Tamil · cannot afford private · non-metro · modest prep,physician_public_sector,annual_if_employed_kde,1514722.197846422,1.8374264162230717e-07,bins are display-only; KDE from continuous Monte Carlo draws
tamil_cant_afford_nonmetro_modest,Tamil · cannot afford private · non-metro · modest prep,physician_public_sector,annual_if_employed_kde,1548866.9213091035,1.7437302951634509e-07,bins are display-only; KDE from continuous Monte Carlo draws
tamil_cant_afford_nonmetro_modest,Tamil · cannot afford private · non-metro · modest prep,physician_public_sector,annual_if_employed_kde,1583011.644771785,1.6562025700337424e-07,bins are display-only; KDE from continuous Monte Carlo draws
tamil_cant_afford_nonmetro_modest,Tamil · cannot afford private · non-metro · modest prep,physician_public_sector,annual_if_employed_kde,1617156.3682344665,1.5741405571501423e-07,bins are display-only; KDE from continuous Monte Carlo draws
tamil_cant_afford_nonmetro_modest,Tamil · cannot afford private · non-metro · modest prep,physician_public_sector,annual_if_employed_kde,1651301.091697148,1.4968561061574364e-07,bins are display-only; KDE from continuous Monte Carlo draws
tamil_cant_afford_nonmetro_modest,Tamil · cannot afford private · non-metro · modest prep,physician_public_sector,annual_if_employed_kde,1685445.8151598296,1.423735844609006e-07,bins are display-only; KDE from continuous Monte Carlo draws
tamil_cant_afford_nonmetro_modest,Tamil · cannot afford private · non-metro · modest prep,physician_public_sector,annual_if_employed_kde,1719590.5386225113,1.3542782540406784e-07,bins are display-only; KDE from continuous Monte Carlo draws
tamil_cant_afford_nonmetro_modest,Tamil · cannot afford private · non-metro · modest prep,physician_public_sector,annual_if_employed_kde,1753735.2620851928,1.2881070141649084e-07,bins are display-only; KDE from continuous Monte Carlo draws
tamil_cant_afford_nonmetro_modest,Tamil · cannot afford private · non-metro · modest prep,physician_public_sector,annual_if_employed_kde,1787879.9855478744,1.224964452930846e-07,bins are display-only; KDE from continuous Monte Carlo draws
tamil_cant_afford_nonmetro_modest,Tamil · cannot afford private · non-metro · modest prep,physician_public_sector,annual_if_employed_kde,1822024.7090105559,1.1646913663443114e-07,bins are display-only; KDE from continuous Monte Carlo draws
tamil_cant_afford_nonmetro_modest,Tamil · cannot afford private · non-metro · modest prep,physician_public_sector,annual_if_employed_kde,1856169.4324732374,1.1072000004835717e-07,bins are display-only; KDE from continuous Monte Carlo draws
tamil_cant_afford_nonmetro_modest,Tamil · cannot afford private · non-metro · modest prep,physician_public_sector,annual_if_employed_kde,1890314.155935919,1.0524460997101645e-07,bins are display-only; KDE from continuous Monte Carlo draws
tamil_cant_afford_nonmetro_modest,Tamil · cannot afford private · non-metro · modest prep,physician_public_sector,annual_if_employed_kde,1924458.8793986004,1.0004042539557042e-07,bins are display-only; KDE from continuous Monte Carlo draws
tamil_cant_afford_nonmetro_modest,Tamil · cannot afford private · non-metro · modest prep,physician_public_sector,annual_if_employed_kde,1958603.602861282,9.510489113629997e-08,bins are display-only; KDE from continuous Monte Carlo draws
tamil_cant_afford_nonmetro_modest,Tamil · cannot afford private · non-metro · modest prep,physician_public_sector,annual_if_employed_kde,1992748.3263239635,9.04341783645736e-08,bins are display-only; KDE from continuous Monte Carlo draws
tamil_cant_afford_nonmetro_modest,Tamil · cannot afford private · non-metro · modest prep,physician_public_sector,annual_if_employed_kde,2026893.049786645,8.602251848499607e-08,bins are display-only; KDE from continuous Monte Carlo draws
tamil_cant_afford_nonmetro_modest,Tamil · cannot afford private · non-metro · modest prep,physician_public_sector,annual_if_employed_kde,2061037.7732493265,8.186201605313934e-08,bins are display-only; KDE from continuous Monte Carlo draws
tamil_cant_afford_nonmetro_modest,Tamil · cannot afford private · non-metro · modest prep,physician_private_sector,annual_if_employed_kde,46499.08895111566,4.001326514786033e-07,bins are display-only; KDE from continuous Monte Carlo draws
tamil_cant_afford_nonmetro_modest,Tamil · cannot afford private · non-metro · modest prep,physician_private_sector,annual_if_employed_kde,80643.81241379719,1.003432047270441e-06,bins are display-only; KDE from continuous Monte Carlo draws
tamil_cant_afford_nonmetro_modest,Tamil · cannot afford private · non-metro · modest prep,physician_private_sector,annual_if_employed_kde,114788.53587647874,1.4454775976987076e-06,bins are display-only; KDE from continuous Monte Carlo draws
tamil_cant_afford_nonmetro_modest,Tamil · cannot afford private · non-metro · modest prep,physician_private_sector,annual_if_employed_kde,148933.2593391603,1.690721834075505e-06,bins are display-only; KDE from continuous Monte Carlo draws
tamil_cant_afford_nonmetro_modest,Tamil · cannot afford private · non-metro · modest prep,physician_private_sector,annual_if_employed_kde,183077.9828018418,1.718019478765e-06,bins are display-only; KDE from continuous Monte Carlo draws
tamil_cant_afford_nonmetro_modest,Tamil · cannot afford private · non-metro · modest prep,physician_private_sector,annual_if_employed_kde,217222.70626452338,1.7182256625074812e-06,bins are display-only; KDE from continuous Monte Carlo draws
tamil_cant_afford_nonmetro_modest,Tamil · cannot afford private · non-metro · modest prep,physician_private_sector,annual_if_employed_kde,251367.4297272049,1.6748132060756067e-06,bins are display-only; KDE from continuous Monte Carlo draws
tamil_cant_afford_nonmetro_modest,Tamil · cannot afford private · non-metro · modest prep,physician_private_sector,annual_if_employed_kde,285512.1531898864,1.5654841330144898e-06,bins are display-only; KDE from continuous Monte Carlo draws
tamil_cant_afford_nonmetro_modest,Tamil · cannot afford private · non-metro · modest prep,physician_private_sector,annual_if_employed_kde,319656.876652568,1.4560774426265814e-06,bins are display-only; KDE from continuous Monte Carlo draws
tamil_cant_afford_nonmetro_modest,Tamil · cannot afford private · non-metro · modest prep,physician_private_sector,annual_if_employed_kde,353801.6001152495,1.379817244395337e-06,bins are display-only; KDE from continuous Monte Carlo draws
tamil_cant_afford_nonmetro_modest,Tamil · cannot afford private · non-metro · modest prep,physician_private_sector,annual_if_employed_kde,387946.3235779311,1.2999875750171047e-06,bins are display-only; KDE from continuous Monte Carlo draws
tamil_cant_afford_nonmetro_modest,Tamil · cannot afford private · non-metro · modest prep,physician_private_sector,annual_if_employed_kde,422091.0470406126,1.1923220098849486e-06,bins are display-only; KDE from continuous Monte Carlo draws
tamil_cant_afford_nonmetro_modest,Tamil · cannot afford private · non-metro · modest prep,physician_private_sector,annual_if_employed_kde,456235.77050329413,1.0752031423813235e-06,bins are display-only; KDE from continuous Monte Carlo draws
tamil_cant_afford_nonmetro_modest,Tamil · cannot afford private · non-metro · modest prep,physician_private_sector,annual_if_employed_kde,490380.4939659757,9.715115317870464e-07,bins are display-only; KDE from continuous Monte Carlo draws
tamil_cant_afford_nonmetro_modest,Tamil · cannot afford private · non-metro · modest prep,physician_private_sector,annual_if_employed_kde,524525.2174286572,8.841600005538813e-07,bins are display-only; KDE from continuous Monte Carlo draws
tamil_cant_afford_nonmetro_modest,Tamil · cannot afford private · non-metro · modest prep,physician_private_sector,annual_if_employed_kde,558669.9408913387,8.066680633942876e-07,bins are display-only; KDE from continuous Monte Carlo draws
tamil_cant_afford_nonmetro_modest,Tamil · cannot afford private · non-metro · modest prep,physician_private_sector,annual_if_employed_kde,592814.6643540203,7.364661930489192e-07,bins are display-only; KDE from continuous Monte Carlo draws
tamil_cant_afford_nonmetro_modest,Tamil · cannot afford private · non-metro · modest prep,physician_private_sector,annual_if_employed_kde,626959.3878167018,6.735081059222819e-07,bins are display-only; KDE from continuous Monte Carlo draws
tamil_cant_afford_nonmetro_modest,Tamil · cannot afford private · non-metro · modest prep,physician_private_sector,annual_if_employed_kde,661104.1112793833,6.156813088528697e-07,bins are display-only; KDE from continuous Monte Carlo draws
tamil_cant_afford_nonmetro_modest,Tamil · cannot afford private · non-metro · modest prep,physician_private_sector,annual_if_employed_kde,695248.8347420649,5.599193445446264e-07,bins are display-only; KDE from continuous Monte Carlo draws
tamil_cant_afford_nonmetro_modest,Tamil · cannot afford private · non-metro · modest prep,physician_private_sector,annual_if_employed_kde,729393.5582047465,5.054104481760295e-07,bins are display-only; KDE from continuous Monte Carlo draws
tamil_cant_afford_nonmetro_modest,Tamil · cannot afford private · non-metro · modest prep,physician_private_sector,annual_if_employed_kde,763538.281667428,4.540909785823885e-07,bins are display-only; KDE from continuous Monte Carlo draws
tamil_cant_afford_nonmetro_modest,Tamil · cannot afford private · non-metro · modest prep,physician_private_sector,annual_if_employed_kde,797683.0051301095,4.0858861679599767e-07,bins are display-only; KDE from continuous Monte Carlo draws
tamil_cant_afford_nonmetro_modest,Tamil · cannot afford private · non-metro · modest prep,physician_private_sector,annual_if_employed_kde,831827.728592791,3.7019579650023316e-07,bins are display-only; KDE from continuous Monte Carlo draws
tamil_cant_afford_nonmetro_modest,Tamil · cannot afford private · non-metro · modest prep,physician_private_sector,annual_if_employed_kde,865972.4520554725,3.38361587196983e-07,bins are display-only; KDE from continuous Monte Carlo draws
tamil_cant_afford_nonmetro_modest,Tamil · cannot afford private · non-metro · modest prep,physician_private_sector,annual_if_employed_kde,900117.1755181542,3.1142445708057786e-07,bins are display-only; KDE from continuous Monte Carlo draws
tamil_cant_afford_nonmetro_modest,Tamil · cannot afford private · non-metro · modest prep,physician_private_sector,annual_if_employed_kde,934261.8989808357,2.876231095842316e-07,bins are display-only; KDE from continuous Monte Carlo draws
tamil_cant_afford_nonmetro_modest,Tamil · cannot afford private · non-metro · modest prep,physician_private_sector,annual_if_employed_kde,968406.6224435172,2.6572227406223756e-07,bins are display-only; KDE from continuous Monte Carlo draws
tamil_cant_afford_nonmetro_modest,Tamil · cannot afford private · non-metro · modest prep,physician_private_sector,annual_if_employed_kde,1002551.3459061987,2.4513465310989396e-07,bins are display-only; KDE from continuous Monte Carlo draws
tamil_cant_afford_nonmetro_modest,Tamil · cannot afford private · non-metro · modest prep,physician_private_sector,annual_if_employed_kde,1036696.0693688802,2.257382249991283e-07,bins are display-only; KDE from continuous Monte Carlo draws
tamil_cant_afford_nonmetro_modest,Tamil · cannot afford private · non-metro · modest prep,physician_private_sector,annual_if_employed_kde,1070840.792831562,2.0762500911032783e-07,bins are display-only; KDE from continuous Monte Carlo draws
tamil_cant_afford_nonmetro_modest,Tamil · cannot afford private · non-metro · modest prep,physician_private_sector,annual_if_employed_kde,1104985.5162942435,1.9091605542801708e-07,bins are display-only; KDE from continuous Monte Carlo draws
tamil_cant_afford_nonmetro_modest,Tamil · cannot afford private · non-metro · modest prep,physician_private_sector,annual_if_employed_kde,1139130.239756925,1.7567228796942952e-07,bins are display-only; KDE from continuous Monte Carlo draws
tamil_cant_afford_nonmetro_modest,Tamil · cannot afford private · non-metro · modest prep,physician_private_sector,annual_if_employed_kde,1173274.9632196066,1.618758650692417e-07,bins are display-only; KDE from continuous Monte Carlo draws
tamil_cant_afford_nonmetro_modest,Tamil · cannot afford private · non-metro · modest prep,physician_private_sector,annual_if_employed_kde,1207419.686682288,1.494461647331196e-07,bins are display-only; KDE from continuous Monte Carlo draws
tamil_cant_afford_nonmetro_modest,Tamil · cannot afford private · non-metro · modest prep,physician_private_sector,annual_if_employed_kde,1241564.4101449696,1.3826461084551016e-07,bins are display-only; KDE from continuous Monte Carlo draws
tamil_cant_afford_nonmetro_modest,Tamil · cannot afford private · non-metro · modest prep,physician_private_sector,annual_if_employed_kde,1275709.133607651,1.2819576131150674e-07,bins are display-only; KDE from continuous Monte Carlo draws
tamil_cant_afford_nonmetro_modest,Tamil · cannot afford private · non-metro · modest prep,physician_private_sector,annual_if_employed_kde,1309853.8570703326,1.1910131124064724e-07,bins are display-only; KDE from continuous Monte Carlo draws
tamil_cant_afford_nonmetro_modest,Tamil · cannot afford private · non-metro · modest prep,physician_private_sector,annual_if_employed_kde,1343998.5805330144,1.1084817297518673e-07,bins are display-only; KDE from continuous Monte Carlo draws
tamil_cant_afford_nonmetro_modest,Tamil · cannot afford private · non-metro · modest prep,physician_private_sector,annual_if_employed_kde,1378143.303995696,1.0331299345081527e-07,bins are display-only; KDE from continuous Monte Carlo draws
tamil_cant_afford_nonmetro_modest,Tamil · cannot afford private · non-metro · modest prep,physician_private_sector,annual_if_employed_kde,1412288.0274583774,9.638497683292283e-08,bins are display-only; KDE from continuous Monte Carlo draws
tamil_cant_afford_nonmetro_modest,Tamil · cannot afford private · non-metro · modest prep,physician_private_sector,annual_if_employed_kde,1446432.750921059,8.996792206949054e-08,bins are display-only; KDE from continuous Monte Carlo draws
tamil_cant_afford_nonmetro_modest,Tamil · cannot afford private · non-metro · modest prep,physician_private_sector,annual_if_employed_kde,1480577.4743837405,8.398165121965139e-08,bins are display-only; KDE from continuous Monte Carlo draws
tamil_cant_afford_nonmetro_modest,Tamil · cannot afford private · non-metro · modest prep,physician_private_sector,annual_if_employed_kde,1514722.197846422,7.836269207188534e-08,bins are display-only; KDE from continuous Monte Carlo draws
tamil_cant_afford_nonmetro_modest,Tamil · cannot afford private · non-metro · modest prep,physician_private_sector,annual_if_employed_kde,1548866.9213091035,7.306407557149366e-08,bins are display-only; KDE from continuous Monte Carlo draws
tamil_cant_afford_nonmetro_modest,Tamil · cannot afford private · non-metro · modest prep,physician_private_sector,annual_if_employed_kde,1583011.644771785,6.805422197033625e-08,bins are display-only; KDE from continuous Monte Carlo draws
tamil_cant_afford_nonmetro_modest,Tamil · cannot afford private · non-metro · modest prep,physician_private_sector,annual_if_employed_kde,1617156.3682344665,6.331499500833333e-08,bins are display-only; KDE from continuous Monte Carlo draws
tamil_cant_afford_nonmetro_modest,Tamil · cannot afford private · non-metro · modest prep,physician_private_sector,annual_if_employed_kde,1651301.091697148,5.883907317574273e-08,bins are display-only; KDE from continuous Monte Carlo draws
tamil_cant_afford_nonmetro_modest,Tamil · cannot afford private · non-metro · modest prep,physician_private_sector,annual_if_employed_kde,1685445.8151598296,5.462684225606242e-08,bins are display-only; KDE from continuous Monte Carlo draws
tamil_cant_afford_nonmetro_modest,Tamil · cannot afford private · non-metro · modest prep,physician_private_sector,annual_if_employed_kde,1719590.5386225113,5.0683069321606416e-08,bins are display-only; KDE from continuous Monte Carlo draws
tamil_cant_afford_nonmetro_modest,Tamil · cannot afford private · non-metro · modest prep,physician_private_sector,annual_if_employed_kde,1753735.2620851928,4.701366387645567e-08,bins are display-only; KDE from continuous Monte Carlo draws
tamil_cant_afford_nonmetro_modest,Tamil · cannot afford private · non-metro · modest prep,physician_private_sector,annual_if_employed_kde,1787879.9855478744,4.362284054541379e-08,bins are display-only; KDE from continuous Monte Carlo draws
tamil_cant_afford_nonmetro_modest,Tamil · cannot afford private · non-metro · modest prep,physician_private_sector,annual_if_employed_kde,1822024.7090105559,4.051095075654724e-08,bins are display-only; KDE from continuous Monte Carlo draws
tamil_cant_afford_nonmetro_modest,Tamil · cannot afford private · non-metro · modest prep,physician_private_sector,annual_if_employed_kde,1856169.4324732374,3.767315113406377e-08,bins are display-only; KDE from continuous Monte Carlo draws
tamil_cant_afford_nonmetro_modest,Tamil · cannot afford private · non-metro · modest prep,physician_private_sector,annual_if_employed_kde,1890314.155935919,3.5098947409609346e-08,bins are display-only; KDE from continuous Monte Carlo draws
tamil_cant_afford_nonmetro_modest,Tamil · cannot afford private · non-metro · modest prep,physician_private_sector,annual_if_employed_kde,1924458.8793986004,3.277252725406498e-08,bins are display-only; KDE from continuous Monte Carlo draws
tamil_cant_afford_nonmetro_modest,Tamil · cannot afford private · non-metro · modest prep,physician_private_sector,annual_if_employed_kde,1958603.602861282,3.06737016733101e-08,bins are display-only; KDE from continuous Monte Carlo draws
tamil_cant_afford_nonmetro_modest,Tamil · cannot afford private · non-metro · modest prep,physician_private_sector,annual_if_employed_kde,1992748.3263239635,2.8779227305367622e-08,bins are display-only; KDE from continuous Monte Carlo draws
tamil_cant_afford_nonmetro_modest,Tamil · cannot afford private · non-metro · modest prep,physician_private_sector,annual_if_employed_kde,2026893.049786645,2.7064280894203196e-08,bins are display-only; KDE from continuous Monte Carlo draws
tamil_cant_afford_nonmetro_modest,Tamil · cannot afford private · non-metro · modest prep,physician_private_sector,annual_if_employed_kde,2061037.7732493265,2.550389112672083e-08,bins are display-only; KDE from continuous Monte Carlo draws
english_cant_afford_nonmetro_modest,English · cannot afford private · non-metro · modest prep,government_mbbs,annual_if_employed_kde,46499.08895111566,3.5358151218845207e-07,bins are display-only; KDE from continuous Monte Carlo draws
english_cant_afford_nonmetro_modest,English · cannot afford private · non-metro · modest prep,government_mbbs,annual_if_employed_kde,80643.81241379719,8.306980958060473e-07,bins are display-only; KDE from continuous Monte Carlo draws
english_cant_afford_nonmetro_modest,English · cannot afford private · non-metro · modest prep,government_mbbs,annual_if_employed_kde,114788.53587647874,1.180035179642356e-06,bins are display-only; KDE from continuous Monte Carlo draws
english_cant_afford_nonmetro_modest,English · cannot afford private · non-metro · modest prep,government_mbbs,annual_if_employed_kde,148933.2593391603,1.2690435658153279e-06,bins are display-only; KDE from continuous Monte Carlo draws
english_cant_afford_nonmetro_modest,English · cannot afford private · non-metro · modest prep,government_mbbs,annual_if_employed_kde,183077.9828018418,1.2969068339617815e-06,bins are display-only; KDE from continuous Monte Carlo draws
english_cant_afford_nonmetro_modest,English · cannot afford private · non-metro · modest prep,government_mbbs,annual_if_employed_kde,217222.70626452338,1.3199554841402472e-06,bins are display-only; KDE from continuous Monte Carlo draws
english_cant_afford_nonmetro_modest,English · cannot afford private · non-metro · modest prep,government_mbbs,annual_if_employed_kde,251367.4297272049,1.2923196205035561e-06,bins are display-only; KDE from continuous Monte Carlo draws
english_cant_afford_nonmetro_modest,English · cannot afford private · non-metro · modest prep,government_mbbs,annual_if_employed_kde,285512.1531898864,1.2627711616466484e-06,bins are display-only; KDE from continuous Monte Carlo draws
english_cant_afford_nonmetro_modest,English · cannot afford private · non-metro · modest prep,government_mbbs,annual_if_employed_kde,319656.876652568,1.2069146948851625e-06,bins are display-only; KDE from continuous Monte Carlo draws
english_cant_afford_nonmetro_modest,English · cannot afford private · non-metro · modest prep,government_mbbs,annual_if_employed_kde,353801.6001152495,1.126889929497157e-06,bins are display-only; KDE from continuous Monte Carlo draws
english_cant_afford_nonmetro_modest,English · cannot afford private · non-metro · modest prep,government_mbbs,annual_if_employed_kde,387946.3235779311,1.0614975404287582e-06,bins are display-only; KDE from continuous Monte Carlo draws
english_cant_afford_nonmetro_modest,English · cannot afford private · non-metro · modest prep,government_mbbs,annual_if_employed_kde,422091.0470406126,1.013997079765047e-06,bins are display-only; KDE from continuous Monte Carlo draws
english_cant_afford_nonmetro_modest,English · cannot afford private · non-metro · modest prep,government_mbbs,annual_if_employed_kde,456235.77050329413,9.706190246001987e-07,bins are display-only; KDE from continuous Monte Carlo draws
english_cant_afford_nonmetro_modest,English · cannot afford private · non-metro · modest prep,government_mbbs,annual_if_employed_kde,490380.4939659757,9.237404951349902e-07,bins are display-only; KDE from continuous Monte Carlo draws
english_cant_afford_nonmetro_modest,English · cannot afford private · non-metro · modest prep,government_mbbs,annual_if_employed_kde,524525.2174286572,8.728682470835885e-07,bins are display-only; KDE from continuous Monte Carlo draws
english_cant_afford_nonmetro_modest,English · cannot afford private · non-metro · modest prep,government_mbbs,annual_if_employed_kde,558669.9408913387,8.204735025343699e-07,bins are display-only; KDE from continuous Monte Carlo draws
english_cant_afford_nonmetro_modest,English · cannot afford private · non-metro · modest prep,government_mbbs,annual_if_employed_kde,592814.6643540203,7.688094841885404e-07,bins are display-only; KDE from continuous Monte Carlo draws
english_cant_afford_nonmetro_modest,English · cannot afford private · non-metro · modest prep,government_mbbs,annual_if_employed_kde,626959.3878167018,7.192537645149151e-07,bins are display-only; KDE from continuous Monte Carlo draws
english_cant_afford_nonmetro_modest,English · cannot afford private · non-metro · modest prep,government_mbbs,annual_if_employed_kde,661104.1112793833,6.726870213714013e-07,bins are display-only; KDE from continuous Monte Carlo draws
english_cant_afford_nonmetro_modest,English · cannot afford private · non-metro · modest prep,government_mbbs,annual_if_employed_kde,695248.8347420649,6.296323665397786e-07,bins are display-only; KDE from continuous Monte Carlo draws
english_cant_afford_nonmetro_modest,English · cannot afford private · non-metro · modest prep,government_mbbs,annual_if_employed_kde,729393.5582047465,5.902103369019392e-07,bins are display-only; KDE from continuous Monte Carlo draws
english_cant_afford_nonmetro_modest,English · cannot afford private · non-metro · modest prep,government_mbbs,annual_if_employed_kde,763538.281667428,5.54159821946124e-07,bins are display-only; KDE from continuous Monte Carlo draws
english_cant_afford_nonmetro_modest,English · cannot afford private · non-metro · modest prep,government_mbbs,annual_if_employed_kde,797683.0051301095,5.209410779718134e-07,bins are display-only; KDE from continuous Monte Carlo draws
english_cant_afford_nonmetro_modest,English · cannot afford private · non-metro · modest prep,government_mbbs,annual_if_employed_kde,831827.728592791,4.898667259785519e-07,bins are display-only; KDE from continuous Monte Carlo draws
english_cant_afford_nonmetro_modest,English · cannot afford private · non-metro · modest prep,government_mbbs,annual_if_employed_kde,865972.4520554725,4.602463659197968e-07,bins are display-only; KDE from continuous Monte Carlo draws
english_cant_afford_nonmetro_modest,English · cannot afford private · non-metro · modest prep,government_mbbs,annual_if_employed_kde,900117.1755181542,4.315415309638829e-07,bins are display-only; KDE from continuous Monte Carlo draws
english_cant_afford_nonmetro_modest,English · cannot afford private · non-metro · modest prep,government_mbbs,annual_if_employed_kde,934261.8989808357,4.0349026364541044e-07,bins are display-only; KDE from continuous Monte Carlo draws
english_cant_afford_nonmetro_modest,English · cannot afford private · non-metro · modest prep,government_mbbs,annual_if_employed_kde,968406.6224435172,3.7614181083810456e-07,bins are display-only; KDE from continuous Monte Carlo draws
english_cant_afford_nonmetro_modest,English · cannot afford private · non-metro · modest prep,government_mbbs,annual_if_employed_kde,1002551.3459061987,3.4978159344711524e-07,bins are display-only; KDE from continuous Monte Carlo draws
english_cant_afford_nonmetro_modest,English · cannot afford private · non-metro · modest prep,government_mbbs,annual_if_employed_kde,1036696.0693688802,3.2478822688816366e-07,bins are display-only; KDE from continuous Monte Carlo draws
english_cant_afford_nonmetro_modest,English · cannot afford private · non-metro · modest prep,government_mbbs,annual_if_employed_kde,1070840.792831562,3.014923654637915e-07,bins are display-only; KDE from continuous Monte Carlo draws
english_cant_afford_nonmetro_modest,English · cannot afford private · non-metro · modest prep,government_mbbs,annual_if_employed_kde,1104985.5162942435,2.800883752687747e-07,bins are display-only; KDE from continuous Monte Carlo draws
english_cant_afford_nonmetro_modest,English · cannot afford private · non-metro · modest prep,government_mbbs,annual_if_employed_kde,1139130.239756925,2.606111339104128e-07,bins are display-only; KDE from continuous Monte Carlo draws
english_cant_afford_nonmetro_modest,English · cannot afford private · non-metro · modest prep,government_mbbs,annual_if_employed_kde,1173274.9632196066,2.4296130426338465e-07,bins are display-only; KDE from continuous Monte Carlo draws
english_cant_afford_nonmetro_modest,English · cannot afford private · non-metro · modest prep,government_mbbs,annual_if_employed_kde,1207419.686682288,2.2695339960634395e-07,bins are display-only; KDE from continuous Monte Carlo draws
english_cant_afford_nonmetro_modest,English · cannot afford private · non-metro · modest prep,government_mbbs,annual_if_employed_kde,1241564.4101449696,2.123657826065081e-07,bins are display-only; KDE from continuous Monte Carlo draws
english_cant_afford_nonmetro_modest,English · cannot afford private · non-metro · modest prep,government_mbbs,annual_if_employed_kde,1275709.133607651,1.9898073416387468e-07,bins are display-only; KDE from continuous Monte Carlo draws
english_cant_afford_nonmetro_modest,English · cannot afford private · non-metro · modest prep,government_mbbs,annual_if_employed_kde,1309853.8570703326,1.8661018055544966e-07,bins are display-only; KDE from continuous Monte Carlo draws
english_cant_afford_nonmetro_modest,English · cannot afford private · non-metro · modest prep,government_mbbs,annual_if_employed_kde,1343998.5805330144,1.7510730180055475e-07,bins are display-only; KDE from continuous Monte Carlo draws
english_cant_afford_nonmetro_modest,English · cannot afford private · non-metro · modest prep,government_mbbs,annual_if_employed_kde,1378143.303995696,1.6436674836194387e-07,bins are display-only; KDE from continuous Monte Carlo draws
english_cant_afford_nonmetro_modest,English · cannot afford private · non-metro · modest prep,government_mbbs,annual_if_employed_kde,1412288.0274583774,1.543173429515345e-07,bins are display-only; KDE from continuous Monte Carlo draws
english_cant_afford_nonmetro_modest,English · cannot afford private · non-metro · modest prep,government_mbbs,annual_if_employed_kde,1446432.750921059,1.449113159828882e-07,bins are display-only; KDE from continuous Monte Carlo draws
english_cant_afford_nonmetro_modest,English · cannot afford private · non-metro · modest prep,government_mbbs,annual_if_employed_kde,1480577.4743837405,1.3611351935121218e-07,bins are display-only; KDE from continuous Monte Carlo draws
english_cant_afford_nonmetro_modest,English · cannot afford private · non-metro · modest prep,government_mbbs,annual_if_employed_kde,1514722.197846422,1.2789294809925325e-07,bins are display-only; KDE from continuous Monte Carlo draws
english_cant_afford_nonmetro_modest,English · cannot afford private · non-metro · modest prep,government_mbbs,annual_if_employed_kde,1548866.9213091035,1.2021762167374467e-07,bins are display-only; KDE from continuous Monte Carlo draws
english_cant_afford_nonmetro_modest,English · cannot afford private · non-metro · modest prep,government_mbbs,annual_if_employed_kde,1583011.644771785,1.1305276280401189e-07,bins are display-only; KDE from continuous Monte Carlo draws
english_cant_afford_nonmetro_modest,English · cannot afford private · non-metro · modest prep,government_mbbs,annual_if_employed_kde,1617156.3682344665,1.0636146923095203e-07,bins are display-only; KDE from continuous Monte Carlo draws
english_cant_afford_nonmetro_modest,English · cannot afford private · non-metro · modest prep,government_mbbs,annual_if_employed_kde,1651301.091697148,1.0010675778175031e-07,bins are display-only; KDE from continuous Monte Carlo draws
english_cant_afford_nonmetro_modest,English · cannot afford private · non-metro · modest prep,government_mbbs,annual_if_employed_kde,1685445.8151598296,9.425390713969126e-08,bins are display-only; KDE from continuous Monte Carlo draws
english_cant_afford_nonmetro_modest,English · cannot afford private · non-metro · modest prep,government_mbbs,annual_if_employed_kde,1719590.5386225113,8.877230589831549e-08,bins are display-only; KDE from continuous Monte Carlo draws
english_cant_afford_nonmetro_modest,English · cannot afford private · non-metro · modest prep,government_mbbs,annual_if_employed_kde,1753735.2620851928,8.363638567993431e-08,bins are display-only; KDE from continuous Monte Carlo draws
english_cant_afford_nonmetro_modest,English · cannot afford private · non-metro · modest prep,government_mbbs,annual_if_employed_kde,1787879.9855478744,7.882557036456291e-08,bins are display-only; KDE from continuous Monte Carlo draws
english_cant_afford_nonmetro_modest,English · cannot afford private · non-metro · modest prep,government_mbbs,annual_if_employed_kde,1822024.7090105559,7.43234299422607e-08,bins are display-only; KDE from continuous Monte Carlo draws
english_cant_afford_nonmetro_modest,English · cannot afford private · non-metro · modest prep,government_mbbs,annual_if_employed_kde,1856169.4324732374,7.011636381972859e-08,bins are display-only; KDE from continuous Monte Carlo draws
english_cant_afford_nonmetro_modest,English · cannot afford private · non-metro · modest prep,government_mbbs,annual_if_employed_kde,1890314.155935919,6.61921619073525e-08,bins are display-only; KDE from continuous Monte Carlo draws
english_cant_afford_nonmetro_modest,English · cannot afford private · non-metro · modest prep,government_mbbs,annual_if_employed_kde,1924458.8793986004,6.253873282490167e-08,bins are display-only; KDE from continuous Monte Carlo draws
english_cant_afford_nonmetro_modest,English · cannot afford private · non-metro · modest prep,government_mbbs,annual_if_employed_kde,1958603.602861282,5.9143185524528374e-08,bins are display-only; KDE from continuous Monte Carlo draws
english_cant_afford_nonmetro_modest,English · cannot afford private · non-metro · modest prep,government_mbbs,annual_if_employed_kde,1992748.3263239635,5.599133897931598e-08,bins are display-only; KDE from continuous Monte Carlo draws
english_cant_afford_nonmetro_modest,English · cannot afford private · non-metro · modest prep,government_mbbs,annual_if_employed_kde,2026893.049786645,5.3067640033358844e-08,bins are display-only; KDE from continuous Monte Carlo draws
english_cant_afford_nonmetro_modest,English · cannot afford private · non-metro · modest prep,government_mbbs,annual_if_employed_kde,2061037.7732493265,5.0355405706053885e-08,bins are display-only; KDE from continuous Monte Carlo draws
english_cant_afford_nonmetro_modest,English · cannot afford private · non-metro · modest prep,private_mbbs,annual_if_employed_kde,46499.08895111566,4.023231520772373e-07,bins are display-only; KDE from continuous Monte Carlo draws
english_cant_afford_nonmetro_modest,English · cannot afford private · non-metro · modest prep,private_mbbs,annual_if_employed_kde,80643.81241379719,8.612875773771299e-07,bins are display-only; KDE from continuous Monte Carlo draws
english_cant_afford_nonmetro_modest,English · cannot afford private · non-metro · modest prep,private_mbbs,annual_if_employed_kde,114788.53587647874,1.1680750177626102e-06,bins are display-only; KDE from continuous Monte Carlo draws
english_cant_afford_nonmetro_modest,English · cannot afford private · non-metro · modest prep,private_mbbs,annual_if_employed_kde,148933.2593391603,1.2937256583301443e-06,bins are display-only; KDE from continuous Monte Carlo draws
english_cant_afford_nonmetro_modest,English · cannot afford private · non-metro · modest prep,private_mbbs,annual_if_employed_kde,183077.9828018418,1.3662854315243068e-06,bins are display-only; KDE from continuous Monte Carlo draws
english_cant_afford_nonmetro_modest,English · cannot afford private · non-metro · modest prep,private_mbbs,annual_if_employed_kde,217222.70626452338,1.3443176331462658e-06,bins are display-only; KDE from continuous Monte Carlo draws
english_cant_afford_nonmetro_modest,English · cannot afford private · non-metro · modest prep,private_mbbs,annual_if_employed_kde,251367.4297272049,1.323868158954333e-06,bins are display-only; KDE from continuous Monte Carlo draws
english_cant_afford_nonmetro_modest,English · cannot afford private · non-metro · modest prep,private_mbbs,annual_if_employed_kde,285512.1531898864,1.290975357275589e-06,bins are display-only; KDE from continuous Monte Carlo draws
english_cant_afford_nonmetro_modest,English · cannot afford private · non-metro · modest prep,private_mbbs,annual_if_employed_kde,319656.876652568,1.2183478032328527e-06,bins are display-only; KDE from continuous Monte Carlo draws
english_cant_afford_nonmetro_modest,English · cannot afford private · non-metro · modest prep,private_mbbs,annual_if_employed_kde,353801.6001152495,1.1415755451676741e-06,bins are display-only; KDE from continuous Monte Carlo draws
english_cant_afford_nonmetro_modest,English · cannot afford private · non-metro · modest prep,private_mbbs,annual_if_employed_kde,387946.3235779311,1.0799128006806605e-06,bins are display-only; KDE from continuous Monte Carlo draws
english_cant_afford_nonmetro_modest,English · cannot afford private · non-metro · modest prep,private_mbbs,annual_if_employed_kde,422091.0470406126,1.0237989362381365e-06,bins are display-only; KDE from continuous Monte Carlo draws
english_cant_afford_nonmetro_modest,English · cannot afford private · non-metro · modest prep,private_mbbs,annual_if_employed_kde,456235.77050329413,9.645738810180239e-07,bins are display-only; KDE from continuous Monte Carlo draws
english_cant_afford_nonmetro_modest,English · cannot afford private · non-metro · modest prep,private_mbbs,annual_if_employed_kde,490380.4939659757,9.023402254669001e-07,bins are display-only; KDE from continuous Monte Carlo draws
english_cant_afford_nonmetro_modest,English · cannot afford private · non-metro · modest prep,private_mbbs,annual_if_employed_kde,524525.2174286572,8.406240786192848e-07,bins are display-only; KDE from continuous Monte Carlo draws
english_cant_afford_nonmetro_modest,English · cannot afford private · non-metro · modest prep,private_mbbs,annual_if_employed_kde,558669.9408913387,7.836330170949735e-07,bins are display-only; KDE from continuous Monte Carlo draws
english_cant_afford_nonmetro_modest,English · cannot afford private · non-metro · modest prep,private_mbbs,annual_if_employed_kde,592814.6643540203,7.342262097028198e-07,bins are display-only; KDE from continuous Monte Carlo draws
english_cant_afford_nonmetro_modest,English · cannot afford private · non-metro · modest prep,private_mbbs,annual_if_employed_kde,626959.3878167018,6.923670647095306e-07,bins are display-only; KDE from continuous Monte Carlo draws
english_cant_afford_nonmetro_modest,English · cannot afford private · non-metro · modest prep,private_mbbs,annual_if_employed_kde,661104.1112793833,6.557082301855349e-07,bins are display-only; KDE from continuous Monte Carlo draws
english_cant_afford_nonmetro_modest,English · cannot afford private · non-metro · modest prep,private_mbbs,annual_if_employed_kde,695248.8347420649,6.212920937111419e-07,bins are display-only; KDE from continuous Monte Carlo draws
english_cant_afford_nonmetro_modest,English · cannot afford private · non-metro · modest prep,private_mbbs,annual_if_employed_kde,729393.5582047465,5.868808186683662e-07,bins are display-only; KDE from continuous Monte Carlo draws
english_cant_afford_nonmetro_modest,English · cannot afford private · non-metro · modest prep,private_mbbs,annual_if_employed_kde,763538.281667428,5.515395944660224e-07,bins are display-only; KDE from continuous Monte Carlo draws
english_cant_afford_nonmetro_modest,English · cannot afford private · non-metro · modest prep,private_mbbs,annual_if_employed_kde,797683.0051301095,5.155828376640364e-07,bins are display-only; KDE from continuous Monte Carlo draws
english_cant_afford_nonmetro_modest,English · cannot afford private · non-metro · modest prep,private_mbbs,annual_if_employed_kde,831827.728592791,4.800638615215242e-07,bins are display-only; KDE from continuous Monte Carlo draws
english_cant_afford_nonmetro_modest,English · cannot afford private · non-metro · modest prep,private_mbbs,annual_if_employed_kde,865972.4520554725,4.4611954497973645e-07,bins are display-only; KDE from continuous Monte Carlo draws
english_cant_afford_nonmetro_modest,English · cannot afford private · non-metro · modest prep,private_mbbs,annual_if_employed_kde,900117.1755181542,4.145099475386145e-07,bins are display-only; KDE from continuous Monte Carlo draws
english_cant_afford_nonmetro_modest,English · cannot afford private · non-metro · modest prep,private_mbbs,annual_if_employed_kde,934261.8989808357,3.8549975952637876e-07,bins are display-only; KDE from continuous Monte Carlo draws
english_cant_afford_nonmetro_modest,English · cannot afford private · non-metro · modest prep,private_mbbs,annual_if_employed_kde,968406.6224435172,3.589923714385415e-07,bins are display-only; KDE from continuous Monte Carlo draws
english_cant_afford_nonmetro_modest,English · cannot afford private · non-metro · modest prep,private_mbbs,annual_if_employed_kde,1002551.3459061987,3.3473314609217917e-07,bins are display-only; KDE from continuous Monte Carlo draws
english_cant_afford_nonmetro_modest,English · cannot afford private · non-metro · modest prep,private_mbbs,annual_if_employed_kde,1036696.0693688802,3.1245217718199676e-07,bins are display-only; KDE from continuous Monte Carlo draws
english_cant_afford_nonmetro_modest,English · cannot afford private · non-metro · modest prep,private_mbbs,annual_if_employed_kde,1070840.792831562,2.919170191131662e-07,bins are display-only; KDE from continuous Monte Carlo draws
english_cant_afford_nonmetro_modest,English · cannot afford private · non-metro · modest prep,private_mbbs,annual_if_employed_kde,1104985.5162942435,2.7293000868374784e-07,bins are display-only; KDE from continuous Monte Carlo draws
english_cant_afford_nonmetro_modest,English · cannot afford private · non-metro · modest prep,private_mbbs,annual_if_employed_kde,1139130.239756925,2.5531466741956577e-07,bins are display-only; KDE from continuous Monte Carlo draws
english_cant_afford_nonmetro_modest,English · cannot afford private · non-metro · modest prep,private_mbbs,annual_if_employed_kde,1173274.9632196066,2.3891439663319966e-07,bins are display-only; KDE from continuous Monte Carlo draws
english_cant_afford_nonmetro_modest,English · cannot afford private · non-metro · modest prep,private_mbbs,annual_if_employed_kde,1207419.686682288,2.2360285049335805e-07,bins are display-only; KDE from continuous Monte Carlo draws
english_cant_afford_nonmetro_modest,English · cannot afford private · non-metro · modest prep,private_mbbs,annual_if_employed_kde,1241564.4101449696,2.0929413018269195e-07,bins are display-only; KDE from continuous Monte Carlo draws
english_cant_afford_nonmetro_modest,English · cannot afford private · non-metro · modest prep,private_mbbs,annual_if_employed_kde,1275709.133607651,1.9594282003864813e-07,bins are display-only; KDE from continuous Monte Carlo draws
english_cant_afford_nonmetro_modest,English · cannot afford private · non-metro · modest prep,private_mbbs,annual_if_employed_kde,1309853.8570703326,1.835319416091379e-07,bins are display-only; KDE from continuous Monte Carlo draws
english_cant_afford_nonmetro_modest,English · cannot afford private · non-metro · modest prep,private_mbbs,annual_if_employed_kde,1343998.5805330144,1.720539855680558e-07,bins are display-only; KDE from continuous Monte Carlo draws
english_cant_afford_nonmetro_modest,English · cannot afford private · non-metro · modest prep,private_mbbs,annual_if_employed_kde,1378143.303995696,1.614927253086589e-07,bins are display-only; KDE from continuous Monte Carlo draws
english_cant_afford_nonmetro_modest,English · cannot afford private · non-metro · modest prep,private_mbbs,annual_if_employed_kde,1412288.0274583774,1.5181173752115752e-07,bins are display-only; KDE from continuous Monte Carlo draws
english_cant_afford_nonmetro_modest,English · cannot afford private · non-metro · modest prep,private_mbbs,annual_if_employed_kde,1446432.750921059,1.4295171468671758e-07,bins are display-only; KDE from continuous Monte Carlo draws
english_cant_afford_nonmetro_modest,English · cannot afford private · non-metro · modest prep,private_mbbs,annual_if_employed_kde,1480577.4743837405,1.3483511355777913e-07,bins are display-only; KDE from continuous Monte Carlo draws
english_cant_afford_nonmetro_modest,English · cannot afford private · non-metro · modest prep,private_mbbs,annual_if_employed_kde,1514722.197846422,1.2737477692074715e-07,bins are display-only; KDE from continuous Monte Carlo draws
english_cant_afford_nonmetro_modest,English · cannot afford private · non-metro · modest prep,private_mbbs,annual_if_employed_kde,1548866.9213091035,1.2048303864864794e-07,bins are display-only; KDE from continuous Monte Carlo draws
english_cant_afford_nonmetro_modest,English · cannot afford private · non-metro · modest prep,private_mbbs,annual_if_employed_kde,1583011.644771785,1.1407886440232141e-07,bins are display-only; KDE from continuous Monte Carlo draws
english_cant_afford_nonmetro_modest,English · cannot afford private · non-metro · modest prep,private_mbbs,annual_if_employed_kde,1617156.3682344665,1.0809199074319702e-07,bins are display-only; KDE from continuous Monte Carlo draws
english_cant_afford_nonmetro_modest,English · cannot afford private · non-metro · modest prep,private_mbbs,annual_if_employed_kde,1651301.091697148,1.0246420098774625e-07,bins are display-only; KDE from continuous Monte Carlo draws
english_cant_afford_nonmetro_modest,English · cannot afford private · non-metro · modest prep,private_mbbs,annual_if_employed_kde,1685445.8151598296,9.714854788927818e-08,bins are display-only; KDE from continuous Monte Carlo draws
english_cant_afford_nonmetro_modest,English · cannot afford private · non-metro · modest prep,private_mbbs,annual_if_employed_kde,1719590.5386225113,9.210751209970741e-08,bins are display-only; KDE from continuous Monte Carlo draws
english_cant_afford_nonmetro_modest,English · cannot afford private · non-metro · modest prep,private_mbbs,annual_if_employed_kde,1753735.2620851928,8.731093082217934e-08,bins are display-only; KDE from continuous Monte Carlo draws
english_cant_afford_nonmetro_modest,English · cannot afford private · non-metro · modest prep,private_mbbs,annual_if_employed_kde,1787879.9855478744,8.273423003184209e-08,bins are display-only; KDE from continuous Monte Carlo draws
english_cant_afford_nonmetro_modest,English · cannot afford private · non-metro · modest prep,private_mbbs,annual_if_employed_kde,1822024.7090105559,7.83571890608426e-08,bins are display-only; KDE from continuous Monte Carlo draws
english_cant_afford_nonmetro_modest,English · cannot afford private · non-metro · modest prep,private_mbbs,annual_if_employed_kde,1856169.4324732374,7.416323579701347e-08,bins are display-only; KDE from continuous Monte Carlo draws
english_cant_afford_nonmetro_modest,English · cannot afford private · non-metro · modest prep,private_mbbs,annual_if_employed_kde,1890314.155935919,7.013913661039072e-08,bins are display-only; KDE from continuous Monte Carlo draws
english_cant_afford_nonmetro_modest,English · cannot afford private · non-metro · modest prep,private_mbbs,annual_if_employed_kde,1924458.8793986004,6.627489615700743e-08,bins are display-only; KDE from continuous Monte Carlo draws
english_cant_afford_nonmetro_modest,English · cannot afford private · non-metro · modest prep,private_mbbs,annual_if_employed_kde,1958603.602861282,6.256369334451583e-08,bins are display-only; KDE from continuous Monte Carlo draws
english_cant_afford_nonmetro_modest,English · cannot afford private · non-metro · modest prep,private_mbbs,annual_if_employed_kde,1992748.3263239635,5.900172485544726e-08,bins are display-only; KDE from continuous Monte Carlo draws
english_cant_afford_nonmetro_modest,English · cannot afford private · non-metro · modest prep,private_mbbs,annual_if_employed_kde,2026893.049786645,5.558788548828539e-08,bins are display-only; KDE from continuous Monte Carlo draws
english_cant_afford_nonmetro_modest,English · cannot afford private · non-metro · modest prep,private_mbbs,annual_if_employed_kde,2061037.7732493265,5.2323270377325846e-08,bins are display-only; KDE from continuous Monte Carlo draws
english_cant_afford_nonmetro_modest,English · cannot afford private · non-metro · modest prep,engineering,annual_if_employed_kde,46499.08895111566,3.300619471226292e-07,bins are display-only; KDE from continuous Monte Carlo draws
english_cant_afford_nonmetro_modest,English · cannot afford private · non-metro · modest prep,engineering,annual_if_employed_kde,80643.81241379719,1.1757357291901565e-06,bins are display-only; KDE from continuous Monte Carlo draws
english_cant_afford_nonmetro_modest,English · cannot afford private · non-metro · modest prep,engineering,annual_if_employed_kde,114788.53587647874,1.712536382201283e-06,bins are display-only; KDE from continuous Monte Carlo draws
english_cant_afford_nonmetro_modest,English · cannot afford private · non-metro · modest prep,engineering,annual_if_employed_kde,148933.2593391603,2.0153518626805222e-06,bins are display-only; KDE from continuous Monte Carlo draws
english_cant_afford_nonmetro_modest,English · cannot afford private · non-metro · modest prep,engineering,annual_if_employed_kde,183077.9828018418,2.0506495002490365e-06,bins are display-only; KDE from continuous Monte Carlo draws
english_cant_afford_nonmetro_modest,English · cannot afford private · non-metro · modest prep,engineering,annual_if_employed_kde,217222.70626452338,1.9962670861961827e-06,bins are display-only; KDE from continuous Monte Carlo draws
english_cant_afford_nonmetro_modest,English · cannot afford private · non-metro · modest prep,engineering,annual_if_employed_kde,251367.4297272049,1.8831081836730273e-06,bins are display-only; KDE from continuous Monte Carlo draws
english_cant_afford_nonmetro_modest,English · cannot afford private · non-metro · modest prep,engineering,annual_if_employed_kde,285512.1531898864,1.7734069451169703e-06,bins are display-only; KDE from continuous Monte Carlo draws
english_cant_afford_nonmetro_modest,English · cannot afford private · non-metro · modest prep,engineering,annual_if_employed_kde,319656.876652568,1.6465769786597196e-06,bins are display-only; KDE from continuous Monte Carlo draws
english_cant_afford_nonmetro_modest,English · cannot afford private · non-metro · modest prep,engineering,annual_if_employed_kde,353801.6001152495,1.4878566858596335e-06,bins are display-only; KDE from continuous Monte Carlo draws
english_cant_afford_nonmetro_modest,English · cannot afford private · non-metro · modest prep,engineering,annual_if_employed_kde,387946.3235779311,1.3472613891878412e-06,bins are display-only; KDE from continuous Monte Carlo draws
english_cant_afford_nonmetro_modest,English · cannot afford private · non-metro · modest prep,engineering,annual_if_employed_kde,422091.0470406126,1.2267253861979677e-06,bins are display-only; KDE from continuous Monte Carlo draws
english_cant_afford_nonmetro_modest,English · cannot afford private · non-metro · modest prep,engineering,annual_if_employed_kde,456235.77050329413,1.1048322409612332e-06,bins are display-only; KDE from continuous Monte Carlo draws
english_cant_afford_nonmetro_modest,English · cannot afford private · non-metro · modest prep,engineering,annual_if_employed_kde,490380.4939659757,9.846708378317646e-07,bins are display-only; KDE from continuous Monte Carlo draws
english_cant_afford_nonmetro_modest,English · cannot afford private · non-metro · modest prep,engineering,annual_if_employed_kde,524525.2174286572,8.736075870559411e-07,bins are display-only; KDE from continuous Monte Carlo draws
english_cant_afford_nonmetro_modest,English · cannot afford private · non-metro · modest prep,engineering,annual_if_employed_kde,558669.9408913387,7.705127237414015e-07,bins are display-only; KDE from continuous Monte Carlo draws
english_cant_afford_nonmetro_modest,English · cannot afford private · non-metro · modest prep,engineering,annual_if_employed_kde,592814.6643540203,6.776163760998813e-07,bins are display-only; KDE from continuous Monte Carlo draws
english_cant_afford_nonmetro_modest,English · cannot afford private · non-metro · modest prep,engineering,annual_if_employed_kde,626959.3878167018,5.993404825410425e-07,bins are display-only; KDE from continuous Monte Carlo draws
english_cant_afford_nonmetro_modest,English · cannot afford private · non-metro · modest prep,engineering,annual_if_employed_kde,661104.1112793833,5.352336699766189e-07,bins are display-only; KDE from continuous Monte Carlo draws
english_cant_afford_nonmetro_modest,English · cannot afford private · non-metro · modest prep,engineering,annual_if_employed_kde,695248.8347420649,4.813524510782795e-07,bins are display-only; KDE from continuous Monte Carlo draws
english_cant_afford_nonmetro_modest,English · cannot afford private · non-metro · modest prep,engineering,annual_if_employed_kde,729393.5582047465,4.342555576353074e-07,bins are display-only; KDE from continuous Monte Carlo draws
english_cant_afford_nonmetro_modest,English · cannot afford private · non-metro · modest prep,engineering,annual_if_employed_kde,763538.281667428,3.921077830715078e-07,bins are display-only; KDE from continuous Monte Carlo draws
english_cant_afford_nonmetro_modest,English · cannot afford private · non-metro · modest prep,engineering,annual_if_employed_kde,797683.0051301095,3.541038262861767e-07,bins are display-only; KDE from continuous Monte Carlo draws
english_cant_afford_nonmetro_modest,English · cannot afford private · non-metro · modest prep,engineering,annual_if_employed_kde,831827.728592791,3.198466845225815e-07,bins are display-only; KDE from continuous Monte Carlo draws
english_cant_afford_nonmetro_modest,English · cannot afford private · non-metro · modest prep,engineering,annual_if_employed_kde,865972.4520554725,2.8897998125557665e-07,bins are display-only; KDE from continuous Monte Carlo draws
english_cant_afford_nonmetro_modest,English · cannot afford private · non-metro · modest prep,engineering,annual_if_employed_kde,900117.1755181542,2.6108007738995525e-07,bins are display-only; KDE from continuous Monte Carlo draws
english_cant_afford_nonmetro_modest,English · cannot afford private · non-metro · modest prep,engineering,annual_if_employed_kde,934261.8989808357,2.3575840602156784e-07,bins are display-only; KDE from continuous Monte Carlo draws
english_cant_afford_nonmetro_modest,English · cannot afford private · non-metro · modest prep,engineering,annual_if_employed_kde,968406.6224435172,2.1279022117368053e-07,bins are display-only; KDE from continuous Monte Carlo draws
english_cant_afford_nonmetro_modest,English · cannot afford private · non-metro · modest prep,engineering,annual_if_employed_kde,1002551.3459061987,1.9211437646830362e-07,bins are display-only; KDE from continuous Monte Carlo draws
english_cant_afford_nonmetro_modest,English · cannot afford private · non-metro · modest prep,engineering,annual_if_employed_kde,1036696.0693688802,1.7371183453402777e-07,bins are display-only; KDE from continuous Monte Carlo draws
english_cant_afford_nonmetro_modest,English · cannot afford private · non-metro · modest prep,engineering,annual_if_employed_kde,1070840.792831562,1.5747474369500035e-07,bins are display-only; KDE from continuous Monte Carlo draws
english_cant_afford_nonmetro_modest,English · cannot afford private · non-metro · modest prep,engineering,annual_if_employed_kde,1104985.5162942435,1.4315639726930174e-07,bins are display-only; KDE from continuous Monte Carlo draws
english_cant_afford_nonmetro_modest,English · cannot afford private · non-metro · modest prep,engineering,annual_if_employed_kde,1139130.239756925,1.3041375797254307e-07,bins are display-only; KDE from continuous Monte Carlo draws
english_cant_afford_nonmetro_modest,English · cannot afford private · non-metro · modest prep,engineering,annual_if_employed_kde,1173274.9632196066,1.1889741653109823e-07,bins are display-only; KDE from continuous Monte Carlo draws
english_cant_afford_nonmetro_modest,English · cannot afford private · non-metro · modest prep,engineering,annual_if_employed_kde,1207419.686682288,1.0833337422397503e-07,bins are display-only; KDE from continuous Monte Carlo draws
english_cant_afford_nonmetro_modest,English · cannot afford private · non-metro · modest prep,engineering,annual_if_employed_kde,1241564.4101449696,9.856168887323555e-08,bins are display-only; KDE from continuous Monte Carlo draws
english_cant_afford_nonmetro_modest,English · cannot afford private · non-metro · modest prep,engineering,annual_if_employed_kde,1275709.133607651,8.952622689476985e-08,bins are display-only; KDE from continuous Monte Carlo draws
english_cant_afford_nonmetro_modest,English · cannot afford private · non-metro · modest prep,engineering,annual_if_employed_kde,1309853.8570703326,8.123218085021084e-08,bins are display-only; KDE from continuous Monte Carlo draws
english_cant_afford_nonmetro_modest,English · cannot afford private · non-metro · modest prep,engineering,annual_if_employed_kde,1343998.5805330144,7.369670772209552e-08,bins are display-only; KDE from continuous Monte Carlo draws
english_cant_afford_nonmetro_modest,English · cannot afford private · non-metro · modest prep,engineering,annual_if_employed_kde,1378143.303995696,6.691334994346383e-08,bins are display-only; KDE from continuous Monte Carlo draws
english_cant_afford_nonmetro_modest,English · cannot afford private · non-metro · modest prep,engineering,annual_if_employed_kde,1412288.0274583774,6.083876821212026e-08,bins are display-only; KDE from continuous Monte Carlo draws
english_cant_afford_nonmetro_modest,English · cannot afford private · non-metro · modest prep,engineering,annual_if_employed_kde,1446432.750921059,5.5398550754840334e-08,bins are display-only; KDE from continuous Monte Carlo draws
english_cant_afford_nonmetro_modest,English · cannot afford private · non-metro · modest prep,engineering,annual_if_employed_kde,1480577.4743837405,5.0502737677947156e-08,bins are display-only; KDE from continuous Monte Carlo draws
english_cant_afford_nonmetro_modest,English · cannot afford private · non-metro · modest prep,engineering,annual_if_employed_kde,1514722.197846422,4.606190520908173e-08,bins are display-only; KDE from continuous Monte Carlo draws
english_cant_afford_nonmetro_modest,English · cannot afford private · non-metro · modest prep,engineering,annual_if_employed_kde,1548866.9213091035,4.199850654163316e-08,bins are display-only; KDE from continuous Monte Carlo draws
english_cant_afford_nonmetro_modest,English · cannot afford private · non-metro · modest prep,engineering,annual_if_employed_kde,1583011.644771785,3.825231167607103e-08,bins are display-only; KDE from continuous Monte Carlo draws
english_cant_afford_nonmetro_modest,English · cannot afford private · non-metro · modest prep,engineering,annual_if_employed_kde,1617156.3682344665,3.478124308267741e-08,bins are display-only; KDE from continuous Monte Carlo draws
english_cant_afford_nonmetro_modest,English · cannot afford private · non-metro · modest prep,engineering,annual_if_employed_kde,1651301.091697148,3.155946540289788e-08,bins are display-only; KDE from continuous Monte Carlo draws
english_cant_afford_nonmetro_modest,English · cannot afford private · non-metro · modest prep,engineering,annual_if_employed_kde,1685445.8151598296,2.8574091362817184e-08,bins are display-only; KDE from continuous Monte Carlo draws
english_cant_afford_nonmetro_modest,English · cannot afford private · non-metro · modest prep,engineering,annual_if_employed_kde,1719590.5386225113,2.5821228479661106e-08,bins are display-only; KDE from continuous Monte Carlo draws
english_cant_afford_nonmetro_modest,English · cannot afford private · non-metro · modest prep,engineering,annual_if_employed_kde,1753735.2620851928,2.33017752645061e-08,bins are display-only; KDE from continuous Monte Carlo draws
english_cant_afford_nonmetro_modest,English · cannot afford private · non-metro · modest prep,engineering,annual_if_employed_kde,1787879.9855478744,2.101737298587136e-08,bins are display-only; KDE from continuous Monte Carlo draws
english_cant_afford_nonmetro_modest,English · cannot afford private · non-metro · modest prep,engineering,annual_if_employed_kde,1822024.7090105559,1.8967001299380375e-08,bins are display-only; KDE from continuous Monte Carlo draws
english_cant_afford_nonmetro_modest,English · cannot afford private · non-metro · modest prep,engineering,annual_if_employed_kde,1856169.4324732374,1.714467540771451e-08,bins are display-only; KDE from continuous Monte Carlo draws
english_cant_afford_nonmetro_modest,English · cannot afford private · non-metro · modest prep,engineering,annual_if_employed_kde,1890314.155935919,1.5538505010644156e-08,bins are display-only; KDE from continuous Monte Carlo draws
english_cant_afford_nonmetro_modest,English · cannot afford private · non-metro · modest prep,engineering,annual_if_employed_kde,1924458.8793986004,1.4131082279484383e-08,bins are display-only; KDE from continuous Monte Carlo draws
english_cant_afford_nonmetro_modest,English · cannot afford private · non-metro · modest prep,engineering,annual_if_employed_kde,1958603.602861282,1.2900894238844696e-08,bins are display-only; KDE from continuous Monte Carlo draws
english_cant_afford_nonmetro_modest,English · cannot afford private · non-metro · modest prep,engineering,annual_if_employed_kde,1992748.3263239635,1.182429440609607e-08,bins are display-only; KDE from continuous Monte Carlo draws
english_cant_afford_nonmetro_modest,English · cannot afford private · non-metro · modest prep,engineering,annual_if_employed_kde,2026893.049786645,1.0877549594521707e-08,bins are display-only; KDE from continuous Monte Carlo draws
english_cant_afford_nonmetro_modest,English · cannot afford private · non-metro · modest prep,engineering,annual_if_employed_kde,2061037.7732493265,1.0038575552047792e-08,bins are display-only; KDE from continuous Monte Carlo draws
english_cant_afford_nonmetro_modest,English · cannot afford private · non-metro · modest prep,law,annual_if_employed_kde,46499.08895111566,5.919554087795399e-07,bins are display-only; KDE from continuous Monte Carlo draws
english_cant_afford_nonmetro_modest,English · cannot afford private · non-metro · modest prep,law,annual_if_employed_kde,80643.81241379719,1.7058944821571288e-06,bins are display-only; KDE from continuous Monte Carlo draws
english_cant_afford_nonmetro_modest,English · cannot afford private · non-metro · modest prep,law,annual_if_employed_kde,114788.53587647874,2.470061579892169e-06,bins are display-only; KDE from continuous Monte Carlo draws
english_cant_afford_nonmetro_modest,English · cannot afford private · non-metro · modest prep,law,annual_if_employed_kde,148933.2593391603,2.748814393648165e-06,bins are display-only; KDE from continuous Monte Carlo draws
english_cant_afford_nonmetro_modest,English · cannot afford private · non-metro · modest prep,law,annual_if_employed_kde,183077.9828018418,2.8058255458766923e-06,bins are display-only; KDE from continuous Monte Carlo draws
english_cant_afford_nonmetro_modest,English · cannot afford private · non-metro · modest prep,law,annual_if_employed_kde,217222.70626452338,2.568872787331962e-06,bins are display-only; KDE from continuous Monte Carlo draws
english_cant_afford_nonmetro_modest,English · cannot afford private · non-metro · modest prep,law,annual_if_employed_kde,251367.4297272049,2.3405387067827278e-06,bins are display-only; KDE from continuous Monte Carlo draws
english_cant_afford_nonmetro_modest,English · cannot afford private · non-metro · modest prep,law,annual_if_employed_kde,285512.1531898864,2.0649443853371796e-06,bins are display-only; KDE from continuous Monte Carlo draws
english_cant_afford_nonmetro_modest,English · cannot afford private · non-metro · modest prep,law,annual_if_employed_kde,319656.876652568,1.7695312394009402e-06,bins are display-only; KDE from continuous Monte Carlo draws
english_cant_afford_nonmetro_modest,English · cannot afford private · non-metro · modest prep,law,annual_if_employed_kde,353801.6001152495,1.5045165364501898e-06,bins are display-only; KDE from continuous Monte Carlo draws
english_cant_afford_nonmetro_modest,English · cannot afford private · non-metro · modest prep,law,annual_if_employed_kde,387946.3235779311,1.2680115144818085e-06,bins are display-only; KDE from continuous Monte Carlo draws
english_cant_afford_nonmetro_modest,English · cannot afford private · non-metro · modest prep,law,annual_if_employed_kde,422091.0470406126,1.0669567217372235e-06,bins are display-only; KDE from continuous Monte Carlo draws
english_cant_afford_nonmetro_modest,English · cannot afford private · non-metro · modest prep,law,annual_if_employed_kde,456235.77050329413,9.052993361674748e-07,bins are display-only; KDE from continuous Monte Carlo draws
english_cant_afford_nonmetro_modest,English · cannot afford private · non-metro · modest prep,law,annual_if_employed_kde,490380.4939659757,7.675741838325703e-07,bins are display-only; KDE from continuous Monte Carlo draws
english_cant_afford_nonmetro_modest,English · cannot afford private · non-metro · modest prep,law,annual_if_employed_kde,524525.2174286572,6.467818693413694e-07,bins are display-only; KDE from continuous Monte Carlo draws
english_cant_afford_nonmetro_modest,English · cannot afford private · non-metro · modest prep,law,annual_if_employed_kde,558669.9408913387,5.466390706287539e-07,bins are display-only; KDE from continuous Monte Carlo draws
english_cant_afford_nonmetro_modest,English · cannot afford private · non-metro · modest prep,law,annual_if_employed_kde,592814.6643540203,4.664923938246679e-07,bins are display-only; KDE from continuous Monte Carlo draws
english_cant_afford_nonmetro_modest,English · cannot afford private · non-metro · modest prep,law,annual_if_employed_kde,626959.3878167018,4.015531454700979e-07,bins are display-only; KDE from continuous Monte Carlo draws
english_cant_afford_nonmetro_modest,English · cannot afford private · non-metro · modest prep,law,annual_if_employed_kde,661104.1112793833,3.4792738027244507e-07,bins are display-only; KDE from continuous Monte Carlo draws
english_cant_afford_nonmetro_modest,English · cannot afford private · non-metro · modest prep,law,annual_if_employed_kde,695248.8347420649,3.0278479185737123e-07,bins are display-only; KDE from continuous Monte Carlo draws
english_cant_afford_nonmetro_modest,English · cannot afford private · non-metro · modest prep,law,annual_if_employed_kde,729393.5582047465,2.634719182507844e-07,bins are display-only; KDE from continuous Monte Carlo draws
english_cant_afford_nonmetro_modest,English · cannot afford private · non-metro · modest prep,law,annual_if_employed_kde,763538.281667428,2.2801138032487347e-07,bins are display-only; KDE from continuous Monte Carlo draws
english_cant_afford_nonmetro_modest,English · cannot afford private · non-metro · modest prep,law,annual_if_employed_kde,797683.0051301095,1.956024969640573e-07,bins are display-only; KDE from continuous Monte Carlo draws
english_cant_afford_nonmetro_modest,English · cannot afford private · non-metro · modest prep,law,annual_if_employed_kde,831827.728592791,1.6638730054812796e-07,bins are display-only; KDE from continuous Monte Carlo draws
english_cant_afford_nonmetro_modest,English · cannot afford private · non-metro · modest prep,law,annual_if_employed_kde,865972.4520554725,1.4095110504888123e-07,bins are display-only; KDE from continuous Monte Carlo draws
english_cant_afford_nonmetro_modest,English · cannot afford private · non-metro · modest prep,law,annual_if_employed_kde,900117.1755181542,1.1982573880946665e-07,bins are display-only; KDE from continuous Monte Carlo draws
english_cant_afford_nonmetro_modest,English · cannot afford private · non-metro · modest prep,law,annual_if_employed_kde,934261.8989808357,1.0304972817979032e-07,bins are display-only; KDE from continuous Monte Carlo draws
english_cant_afford_nonmetro_modest,English · cannot afford private · non-metro · modest prep,law,annual_if_employed_kde,968406.6224435172,8.999917809715608e-08,bins are display-only; KDE from continuous Monte Carlo draws
english_cant_afford_nonmetro_modest,English · cannot afford private · non-metro · modest prep,law,annual_if_employed_kde,1002551.3459061987,7.96213556425958e-08,bins are display-only; KDE from continuous Monte Carlo draws
english_cant_afford_nonmetro_modest,English · cannot afford private · non-metro · modest prep,law,annual_if_employed_kde,1036696.0693688802,7.087914772934137e-08,bins are display-only; KDE from continuous Monte Carlo draws
english_cant_afford_nonmetro_modest,English · cannot afford private · non-metro · modest prep,law,annual_if_employed_kde,1070840.792831562,6.30839752867084e-08,bins are display-only; KDE from continuous Monte Carlo draws
english_cant_afford_nonmetro_modest,English · cannot afford private · non-metro · modest prep,law,annual_if_employed_kde,1104985.5162942435,5.596036412303026e-08,bins are display-only; KDE from continuous Monte Carlo draws
english_cant_afford_nonmetro_modest,English · cannot afford private · non-metro · modest prep,law,annual_if_employed_kde,1139130.239756925,4.950784928665337e-08,bins are display-only; KDE from continuous Monte Carlo draws
english_cant_afford_nonmetro_modest,English · cannot afford private · non-metro · modest prep,law,annual_if_employed_kde,1173274.9632196066,4.381244053995416e-08,bins are display-only; KDE from continuous Monte Carlo draws
english_cant_afford_nonmetro_modest,English · cannot afford private · non-metro · modest prep,law,annual_if_employed_kde,1207419.686682288,3.8915733291670925e-08,bins are display-only; KDE from continuous Monte Carlo draws
english_cant_afford_nonmetro_modest,English · cannot afford private · non-metro · modest prep,law,annual_if_employed_kde,1241564.4101449696,3.476973704846548e-08,bins are display-only; KDE from continuous Monte Carlo draws
english_cant_afford_nonmetro_modest,English · cannot afford private · non-metro · modest prep,law,annual_if_employed_kde,1275709.133607651,3.125405449604393e-08,bins are display-only; KDE from continuous Monte Carlo draws
english_cant_afford_nonmetro_modest,English · cannot afford private · non-metro · modest prep,law,annual_if_employed_kde,1309853.8570703326,2.8218755212863755e-08,bins are display-only; KDE from continuous Monte Carlo draws
english_cant_afford_nonmetro_modest,English · cannot afford private · non-metro · modest prep,law,annual_if_employed_kde,1343998.5805330144,2.5524860662870088e-08,bins are display-only; KDE from continuous Monte Carlo draws
english_cant_afford_nonmetro_modest,English · cannot afford private · non-metro · modest prep,law,annual_if_employed_kde,1378143.303995696,2.30686892663491e-08,bins are display-only; KDE from continuous Monte Carlo draws
english_cant_afford_nonmetro_modest,English · cannot afford private · non-metro · modest prep,law,annual_if_employed_kde,1412288.0274583774,2.078816557568817e-08,bins are display-only; KDE from continuous Monte Carlo draws
english_cant_afford_nonmetro_modest,English · cannot afford private · non-metro · modest prep,law,annual_if_employed_kde,1446432.750921059,1.8656106512296544e-08,bins are display-only; KDE from continuous Monte Carlo draws
english_cant_afford_nonmetro_modest,English · cannot afford private · non-metro · modest prep,law,annual_if_employed_kde,1480577.4743837405,1.6667690747086502e-08,bins are display-only; KDE from continuous Monte Carlo draws
english_cant_afford_nonmetro_modest,English · cannot afford private · non-metro · modest prep,law,annual_if_employed_kde,1514722.197846422,1.4828167050611363e-08,bins are display-only; KDE from continuous Monte Carlo draws
english_cant_afford_nonmetro_modest,English · cannot afford private · non-metro · modest prep,law,annual_if_employed_kde,1548866.9213091035,1.3144143589166008e-08,bins are display-only; KDE from continuous Monte Carlo draws
english_cant_afford_nonmetro_modest,English · cannot afford private · non-metro · modest prep,law,annual_if_employed_kde,1583011.644771785,1.1619117689273219e-08,bins are display-only; KDE from continuous Monte Carlo draws
english_cant_afford_nonmetro_modest,English · cannot afford private · non-metro · modest prep,law,annual_if_employed_kde,1617156.3682344665,1.025221208711768e-08,bins are display-only; KDE from continuous Monte Carlo draws
english_cant_afford_nonmetro_modest,English · cannot afford private · non-metro · modest prep,law,annual_if_employed_kde,1651301.091697148,9.038576655094308e-09,bins are display-only; KDE from continuous Monte Carlo draws
english_cant_afford_nonmetro_modest,English · cannot afford private · non-metro · modest prep,law,annual_if_employed_kde,1685445.8151598296,7.970244349279832e-09,bins are display-only; KDE from continuous Monte Carlo draws
english_cant_afford_nonmetro_modest,English · cannot afford private · non-metro · modest prep,law,annual_if_employed_kde,1719590.5386225113,7.036862711561578e-09,bins are display-only; KDE from continuous Monte Carlo draws
english_cant_afford_nonmetro_modest,English · cannot afford private · non-metro · modest prep,law,annual_if_employed_kde,1753735.2620851928,6.226240305489517e-09,bins are display-only; KDE from continuous Monte Carlo draws
english_cant_afford_nonmetro_modest,English · cannot afford private · non-metro · modest prep,law,annual_if_employed_kde,1787879.9855478744,5.524877317561973e-09,bins are display-only; KDE from continuous Monte Carlo draws
english_cant_afford_nonmetro_modest,English · cannot afford private · non-metro · modest prep,law,annual_if_employed_kde,1822024.7090105559,4.918627662005531e-09,bins are display-only; KDE from continuous Monte Carlo draws
english_cant_afford_nonmetro_modest,English · cannot afford private · non-metro · modest prep,law,annual_if_employed_kde,1856169.4324732374,4.3935014379938905e-09,bins are display-only; KDE from continuous Monte Carlo draws
english_cant_afford_nonmetro_modest,English · cannot afford private · non-metro · modest prep,law,annual_if_employed_kde,1890314.155935919,3.936490142101224e-09,bins are display-only; KDE from continuous Monte Carlo draws
english_cant_afford_nonmetro_modest,English · cannot afford private · non-metro · modest prep,law,annual_if_employed_kde,1924458.8793986004,3.5362498386632817e-09,bins are display-only; KDE from continuous Monte Carlo draws
english_cant_afford_nonmetro_modest,English · cannot afford private · non-metro · modest prep,law,annual_if_employed_kde,1958603.602861282,3.183512082312791e-09,bins are display-only; KDE from continuous Monte Carlo draws
english_cant_afford_nonmetro_modest,English · cannot afford private · non-metro · modest prep,law,annual_if_employed_kde,1992748.3263239635,2.871172927305783e-09,bins are display-only; KDE from continuous Monte Carlo draws
english_cant_afford_nonmetro_modest,English · cannot afford private · non-metro · modest prep,law,annual_if_employed_kde,2026893.049786645,2.5940936807175663e-09,bins are display-only; KDE from continuous Monte Carlo draws
english_cant_afford_nonmetro_modest,English · cannot afford private · non-metro · modest prep,law,annual_if_employed_kde,2061037.7732493265,2.34870334831947e-09,bins are display-only; KDE from continuous Monte Carlo draws
english_cant_afford_nonmetro_modest,English · cannot afford private · non-metro · modest prep,other_graduate,annual_if_employed_kde,46499.08895111566,1.5998993719850505e-06,bins are display-only; KDE from continuous Monte Carlo draws
english_cant_afford_nonmetro_modest,English · cannot afford private · non-metro · modest prep,other_graduate,annual_if_employed_kde,80643.81241379719,3.288244430205222e-06,bins are display-only; KDE from continuous Monte Carlo draws
english_cant_afford_nonmetro_modest,English · cannot afford private · non-metro · modest prep,other_graduate,annual_if_employed_kde,114788.53587647874,3.6973639891196253e-06,bins are display-only; KDE from continuous Monte Carlo draws
english_cant_afford_nonmetro_modest,English · cannot afford private · non-metro · modest prep,other_graduate,annual_if_employed_kde,148933.2593391603,3.4745842386285636e-06,bins are display-only; KDE from continuous Monte Carlo draws
english_cant_afford_nonmetro_modest,English · cannot afford private · non-metro · modest prep,other_graduate,annual_if_employed_kde,183077.9828018418,2.965629027520998e-06,bins are display-only; KDE from continuous Monte Carlo draws
english_cant_afford_nonmetro_modest,English · cannot afford private · non-metro · modest prep,other_graduate,annual_if_employed_kde,217222.70626452338,2.4717321400404404e-06,bins are display-only; KDE from continuous Monte Carlo draws
english_cant_afford_nonmetro_modest,English · cannot afford private · non-metro · modest prep,other_graduate,annual_if_employed_kde,251367.4297272049,2.115997599703572e-06,bins are display-only; KDE from continuous Monte Carlo draws
english_cant_afford_nonmetro_modest,English · cannot afford private · non-metro · modest prep,other_graduate,annual_if_employed_kde,285512.1531898864,1.7528539114705081e-06,bins are display-only; KDE from continuous Monte Carlo draws
english_cant_afford_nonmetro_modest,English · cannot afford private · non-metro · modest prep,other_graduate,annual_if_employed_kde,319656.876652568,1.3831237874021547e-06,bins are display-only; KDE from continuous Monte Carlo draws
english_cant_afford_nonmetro_modest,English · cannot afford private · non-metro · modest prep,other_graduate,annual_if_employed_kde,353801.6001152495,1.10134277414833e-06,bins are display-only; KDE from continuous Monte Carlo draws
english_cant_afford_nonmetro_modest,English · cannot afford private · non-metro · modest prep,other_graduate,annual_if_employed_kde,387946.3235779311,9.043266789802656e-07,bins are display-only; KDE from continuous Monte Carlo draws
english_cant_afford_nonmetro_modest,English · cannot afford private · non-metro · modest prep,other_graduate,annual_if_employed_kde,422091.0470406126,7.517883777934176e-07,bins are display-only; KDE from continuous Monte Carlo draws
english_cant_afford_nonmetro_modest,English · cannot afford private · non-metro · modest prep,other_graduate,annual_if_employed_kde,456235.77050329413,6.224931149856051e-07,bins are display-only; KDE from continuous Monte Carlo draws
english_cant_afford_nonmetro_modest,English · cannot afford private · non-metro · modest prep,other_graduate,annual_if_employed_kde,490380.4939659757,5.114006915304304e-07,bins are display-only; KDE from continuous Monte Carlo draws
english_cant_afford_nonmetro_modest,English · cannot afford private · non-metro · modest prep,other_graduate,annual_if_employed_kde,524525.2174286572,4.1954317908674057e-07,bins are display-only; KDE from continuous Monte Carlo draws
english_cant_afford_nonmetro_modest,English · cannot afford private · non-metro · modest prep,other_graduate,annual_if_employed_kde,558669.9408913387,3.452545113858629e-07,bins are display-only; KDE from continuous Monte Carlo draws
english_cant_afford_nonmetro_modest,English · cannot afford private · non-metro · modest prep,other_graduate,annual_if_employed_kde,592814.6643540203,2.85564855795755e-07,bins are display-only; KDE from continuous Monte Carlo draws
english_cant_afford_nonmetro_modest,English · cannot afford private · non-metro · modest prep,other_graduate,annual_if_employed_kde,626959.3878167018,2.37569741992361e-07,bins are display-only; KDE from continuous Monte Carlo draws
english_cant_afford_nonmetro_modest,English · cannot afford private · non-metro · modest prep,other_graduate,annual_if_employed_kde,661104.1112793833,1.9834679522586472e-07,bins are display-only; KDE from continuous Monte Carlo draws
english_cant_afford_nonmetro_modest,English · cannot afford private · non-metro · modest prep,other_graduate,annual_if_employed_kde,695248.8347420649,1.6572754744505105e-07,bins are display-only; KDE from continuous Monte Carlo draws
english_cant_afford_nonmetro_modest,English · cannot afford private · non-metro · modest prep,other_graduate,annual_if_employed_kde,729393.5582047465,1.385509947136653e-07,bins are display-only; KDE from continuous Monte Carlo draws
english_cant_afford_nonmetro_modest,English · cannot afford private · non-metro · modest prep,other_graduate,annual_if_employed_kde,763538.281667428,1.1615051365674887e-07,bins are display-only; KDE from continuous Monte Carlo draws
english_cant_afford_nonmetro_modest,English · cannot afford private · non-metro · modest prep,other_graduate,annual_if_employed_kde,797683.0051301095,9.791052280935292e-08,bins are display-only; KDE from continuous Monte Carlo draws
english_cant_afford_nonmetro_modest,English · cannot afford private · non-metro · modest prep,other_graduate,annual_if_employed_kde,831827.728592791,8.314194129275613e-08,bins are display-only; KDE from continuous Monte Carlo draws
english_cant_afford_nonmetro_modest,English · cannot afford private · non-metro · modest prep,other_graduate,annual_if_employed_kde,865972.4520554725,7.113635246086655e-08,bins are display-only; KDE from continuous Monte Carlo draws
english_cant_afford_nonmetro_modest,English · cannot afford private · non-metro · modest prep,other_graduate,annual_if_employed_kde,900117.1755181542,6.126045491928429e-08,bins are display-only; KDE from continuous Monte Carlo draws
english_cant_afford_nonmetro_modest,English · cannot afford private · non-metro · modest prep,other_graduate,annual_if_employed_kde,934261.8989808357,5.301566352328999e-08,bins are display-only; KDE from continuous Monte Carlo draws
english_cant_afford_nonmetro_modest,English · cannot afford private · non-metro · modest prep,other_graduate,annual_if_employed_kde,968406.6224435172,4.6045773357500127e-08,bins are display-only; KDE from continuous Monte Carlo draws
english_cant_afford_nonmetro_modest,English · cannot afford private · non-metro · modest prep,other_graduate,annual_if_employed_kde,1002551.3459061987,4.0110678157279656e-08,bins are display-only; KDE from continuous Monte Carlo draws
english_cant_afford_nonmetro_modest,English · cannot afford private · non-metro · modest prep,other_graduate,annual_if_employed_kde,1036696.0693688802,3.504820281552316e-08,bins are display-only; KDE from continuous Monte Carlo draws
english_cant_afford_nonmetro_modest,English · cannot afford private · non-metro · modest prep,other_graduate,annual_if_employed_kde,1070840.792831562,3.073749358391163e-08,bins are display-only; KDE from continuous Monte Carlo draws
english_cant_afford_nonmetro_modest,English · cannot afford private · non-metro · modest prep,other_graduate,annual_if_employed_kde,1104985.5162942435,2.7071437881438597e-08,bins are display-only; KDE from continuous Monte Carlo draws
english_cant_afford_nonmetro_modest,English · cannot afford private · non-metro · modest prep,other_graduate,annual_if_employed_kde,1139130.239756925,2.394266219048269e-08,bins are display-only; KDE from continuous Monte Carlo draws
english_cant_afford_nonmetro_modest,English · cannot afford private · non-metro · modest prep,other_graduate,annual_if_employed_kde,1173274.9632196066,2.124369617047487e-08,bins are display-only; KDE from continuous Monte Carlo draws
english_cant_afford_nonmetro_modest,English · cannot afford private · non-metro · modest prep,other_graduate,annual_if_employed_kde,1207419.686682288,1.8876755628379395e-08,bins are display-only; KDE from continuous Monte Carlo draws
english_cant_afford_nonmetro_modest,English · cannot afford private · non-metro · modest prep,other_graduate,annual_if_employed_kde,1241564.4101449696,1.6765360629647266e-08,bins are display-only; KDE from continuous Monte Carlo draws
english_cant_afford_nonmetro_modest,English · cannot afford private · non-metro · modest prep,other_graduate,annual_if_employed_kde,1275709.133607651,1.4860772536658779e-08,bins are display-only; KDE from continuous Monte Carlo draws
english_cant_afford_nonmetro_modest,English · cannot afford private · non-metro · modest prep,other_graduate,annual_if_employed_kde,1309853.8570703326,1.3140175813029812e-08,bins are display-only; KDE from continuous Monte Carlo draws
english_cant_afford_nonmetro_modest,English · cannot afford private · non-metro · modest prep,other_graduate,annual_if_employed_kde,1343998.5805330144,1.1598026251650609e-08,bins are display-only; KDE from continuous Monte Carlo draws
english_cant_afford_nonmetro_modest,English · cannot afford private · non-metro · modest prep,other_graduate,annual_if_employed_kde,1378143.303995696,1.0234744552421425e-08,bins are display-only; KDE from continuous Monte Carlo draws
english_cant_afford_nonmetro_modest,English · cannot afford private · non-metro · modest prep,other_graduate,annual_if_employed_kde,1412288.0274583774,9.047169559565472e-09,bins are display-only; KDE from continuous Monte Carlo draws
english_cant_afford_nonmetro_modest,English · cannot afford private · non-metro · modest prep,other_graduate,annual_if_employed_kde,1446432.750921059,8.023516886084788e-09,bins are display-only; KDE from continuous Monte Carlo draws
english_cant_afford_nonmetro_modest,English · cannot afford private · non-metro · modest prep,other_graduate,annual_if_employed_kde,1480577.4743837405,7.143269792835543e-09,bins are display-only; KDE from continuous Monte Carlo draws
english_cant_afford_nonmetro_modest,English · cannot afford private · non-metro · modest prep,other_graduate,annual_if_employed_kde,1514722.197846422,6.38059049220642e-09,bins are display-only; KDE from continuous Monte Carlo draws
english_cant_afford_nonmetro_modest,English · cannot afford private · non-metro · modest prep,other_graduate,annual_if_employed_kde,1548866.9213091035,5.709059204449102e-09,bins are display-only; KDE from continuous Monte Carlo draws
english_cant_afford_nonmetro_modest,English · cannot afford private · non-metro · modest prep,other_graduate,annual_if_employed_kde,1583011.644771785,5.1057942699992644e-09,bins are display-only; KDE from continuous Monte Carlo draws
english_cant_afford_nonmetro_modest,English · cannot afford private · non-metro · modest prep,other_graduate,annual_if_employed_kde,1617156.3682344665,4.553851371519057e-09,bins are display-only; KDE from continuous Monte Carlo draws
english_cant_afford_nonmetro_modest,English · cannot afford private · non-metro · modest prep,other_graduate,annual_if_employed_kde,1651301.091697148,4.042726207587904e-09,bins are display-only; KDE from continuous Monte Carlo draws
english_cant_afford_nonmetro_modest,English · cannot afford private · non-metro · modest prep,other_graduate,annual_if_employed_kde,1685445.8151598296,3.5674284951950496e-09,bins are display-only; KDE from continuous Monte Carlo draws
english_cant_afford_nonmetro_modest,English · cannot afford private · non-metro · modest prep,other_graduate,annual_if_employed_kde,1719590.5386225113,3.1268365336626337e-09,bins are display-only; KDE from continuous Monte Carlo draws
english_cant_afford_nonmetro_modest,English · cannot afford private · non-metro · modest prep,other_graduate,annual_if_employed_kde,1753735.2620851928,2.7219600452322947e-09,bins are display-only; KDE from continuous Monte Carlo draws
english_cant_afford_nonmetro_modest,English · cannot afford private · non-metro · modest prep,other_graduate,annual_if_employed_kde,1787879.9855478744,2.3545008504012425e-09,bins are display-only; KDE from continuous Monte Carlo draws
english_cant_afford_nonmetro_modest,English · cannot afford private · non-metro · modest prep,other_graduate,annual_if_employed_kde,1822024.7090105559,2.0258571362793424e-09,bins are display-only; KDE from continuous Monte Carlo draws
english_cant_afford_nonmetro_modest,English · cannot afford private · non-metro · modest prep,other_graduate,annual_if_employed_kde,1856169.4324732374,1.736551255891082e-09,bins are display-only; KDE from continuous Monte Carlo draws
english_cant_afford_nonmetro_modest,English · cannot afford private · non-metro · modest prep,other_graduate,annual_if_employed_kde,1890314.155935919,1.4859879446093553e-09,bins are display-only; KDE from continuous Monte Carlo draws
english_cant_afford_nonmetro_modest,English · cannot afford private · non-metro · modest prep,other_graduate,annual_if_employed_kde,1924458.8793986004,1.2724426628586171e-09,bins are display-only; KDE from continuous Monte Carlo draws
english_cant_afford_nonmetro_modest,English · cannot afford private · non-metro · modest prep,other_graduate,annual_if_employed_kde,1958603.602861282,1.0932011446418932e-09,bins are display-only; KDE from continuous Monte Carlo draws
english_cant_afford_nonmetro_modest,English · cannot afford private · non-metro · modest prep,other_graduate,annual_if_employed_kde,1992748.3263239635,9.447938176220301e-10,bins are display-only; KDE from continuous Monte Carlo draws
english_cant_afford_nonmetro_modest,English · cannot afford private · non-metro · modest prep,other_graduate,annual_if_employed_kde,2026893.049786645,8.232814886790093e-10,bins are display-only; KDE from continuous Monte Carlo draws
english_cant_afford_nonmetro_modest,English · cannot afford private · non-metro · modest prep,other_graduate,annual_if_employed_kde,2061037.7732493265,7.245530048714624e-10,bins are display-only; KDE from continuous Monte Carlo draws
english_cant_afford_nonmetro_modest,English · cannot afford private · non-metro · modest prep,non_professional_graduate,annual_if_employed_kde,46499.08895111566,1.4470601772231705e-06,bins are display-only; KDE from continuous Monte Carlo draws
english_cant_afford_nonmetro_modest,English · cannot afford private · non-metro · modest prep,non_professional_graduate,annual_if_employed_kde,80643.81241379719,2.3194283646646152e-06,bins are display-only; KDE from continuous Monte Carlo draws
english_cant_afford_nonmetro_modest,English · cannot afford private · non-metro · modest prep,non_professional_graduate,annual_if_employed_kde,114788.53587647874,2.725544501726152e-06,bins are display-only; KDE from continuous Monte Carlo draws
english_cant_afford_nonmetro_modest,English · cannot afford private · non-metro · modest prep,non_professional_graduate,annual_if_employed_kde,148933.2593391603,2.6996846042769355e-06,bins are display-only; KDE from continuous Monte Carlo draws
english_cant_afford_nonmetro_modest,English · cannot afford private · non-metro · modest prep,non_professional_graduate,annual_if_employed_kde,183077.9828018418,2.4003666882343556e-06,bins are display-only; KDE from continuous Monte Carlo draws
english_cant_afford_nonmetro_modest,English · cannot afford private · non-metro · modest prep,non_professional_graduate,annual_if_employed_kde,217222.70626452338,2.1344014056759558e-06,bins are display-only; KDE from continuous Monte Carlo draws
english_cant_afford_nonmetro_modest,English · cannot afford private · non-metro · modest prep,non_professional_graduate,annual_if_employed_kde,251367.4297272049,1.9141882549391653e-06,bins are display-only; KDE from continuous Monte Carlo draws
english_cant_afford_nonmetro_modest,English · cannot afford private · non-metro · modest prep,non_professional_graduate,annual_if_employed_kde,285512.1531898864,1.6829306201485036e-06,bins are display-only; KDE from continuous Monte Carlo draws
english_cant_afford_nonmetro_modest,English · cannot afford private · non-metro · modest prep,non_professional_graduate,annual_if_employed_kde,319656.876652568,1.4355513484614013e-06,bins are display-only; KDE from continuous Monte Carlo draws
english_cant_afford_nonmetro_modest,English · cannot afford private · non-metro · modest prep,non_professional_graduate,annual_if_employed_kde,353801.6001152495,1.2266207413835312e-06,bins are display-only; KDE from continuous Monte Carlo draws
english_cant_afford_nonmetro_modest,English · cannot afford private · non-metro · modest prep,non_professional_graduate,annual_if_employed_kde,387946.3235779311,1.057826374439762e-06,bins are display-only; KDE from continuous Monte Carlo draws
english_cant_afford_nonmetro_modest,English · cannot afford private · non-metro · modest prep,non_professional_graduate,annual_if_employed_kde,422091.0470406126,9.140208699720794e-07,bins are display-only; KDE from continuous Monte Carlo draws
english_cant_afford_nonmetro_modest,English · cannot afford private · non-metro · modest prep,non_professional_graduate,annual_if_employed_kde,456235.77050329413,7.906171980427491e-07,bins are display-only; KDE from continuous Monte Carlo draws
english_cant_afford_nonmetro_modest,English · cannot afford private · non-metro · modest prep,non_professional_graduate,annual_if_employed_kde,490380.4939659757,6.865199603883702e-07,bins are display-only; KDE from continuous Monte Carlo draws
english_cant_afford_nonmetro_modest,English · cannot afford private · non-metro · modest prep,non_professional_graduate,annual_if_employed_kde,524525.2174286572,5.995999790628487e-07,bins are display-only; KDE from continuous Monte Carlo draws
english_cant_afford_nonmetro_modest,English · cannot afford private · non-metro · modest prep,non_professional_graduate,annual_if_employed_kde,558669.9408913387,5.261859981777919e-07,bins are display-only; KDE from continuous Monte Carlo draws
english_cant_afford_nonmetro_modest,English · cannot afford private · non-metro · modest prep,non_professional_graduate,annual_if_employed_kde,592814.6643540203,4.626538528210305e-07,bins are display-only; KDE from continuous Monte Carlo draws
english_cant_afford_nonmetro_modest,English · cannot afford private · non-metro · modest prep,non_professional_graduate,annual_if_employed_kde,626959.3878167018,4.068875078094292e-07,bins are display-only; KDE from continuous Monte Carlo draws
english_cant_afford_nonmetro_modest,English · cannot afford private · non-metro · modest prep,non_professional_graduate,annual_if_employed_kde,661104.1112793833,3.581601112833722e-07,bins are display-only; KDE from continuous Monte Carlo draws
english_cant_afford_nonmetro_modest,English · cannot afford private · non-metro · modest prep,non_professional_graduate,annual_if_employed_kde,695248.8347420649,3.1620626910607e-07,bins are display-only; KDE from continuous Monte Carlo draws
english_cant_afford_nonmetro_modest,English · cannot afford private · non-metro · modest prep,non_professional_graduate,annual_if_employed_kde,729393.5582047465,2.806138536124499e-07,bins are display-only; KDE from continuous Monte Carlo draws
english_cant_afford_nonmetro_modest,English · cannot afford private · non-metro · modest prep,non_professional_graduate,annual_if_employed_kde,763538.281667428,2.506840853591802e-07,bins are display-only; KDE from continuous Monte Carlo draws
english_cant_afford_nonmetro_modest,English · cannot afford private · non-metro · modest prep,non_professional_graduate,annual_if_employed_kde,797683.0051301095,2.2547686251399093e-07,bins are display-only; KDE from continuous Monte Carlo draws
english_cant_afford_nonmetro_modest,English · cannot afford private · non-metro · modest prep,non_professional_graduate,annual_if_employed_kde,831827.728592791,2.039236892862843e-07,bins are display-only; KDE from continuous Monte Carlo draws
english_cant_afford_nonmetro_modest,English · cannot afford private · non-metro · modest prep,non_professional_graduate,annual_if_employed_kde,865972.4520554725,1.8500112180190893e-07,bins are display-only; KDE from continuous Monte Carlo draws
english_cant_afford_nonmetro_modest,English · cannot afford private · non-metro · modest prep,non_professional_graduate,annual_if_employed_kde,900117.1755181542,1.6790411686105853e-07,bins are display-only; KDE from continuous Monte Carlo draws
english_cant_afford_nonmetro_modest,English · cannot afford private · non-metro · modest prep,non_professional_graduate,annual_if_employed_kde,934261.8989808357,1.521322376545293e-07,bins are display-only; KDE from continuous Monte Carlo draws
english_cant_afford_nonmetro_modest,English · cannot afford private · non-metro · modest prep,non_professional_graduate,annual_if_employed_kde,968406.6224435172,1.374627587623344e-07,bins are display-only; KDE from continuous Monte Carlo draws
english_cant_afford_nonmetro_modest,English · cannot afford private · non-metro · modest prep,non_professional_graduate,annual_if_employed_kde,1002551.3459061987,1.238559679166988e-07,bins are display-only; KDE from continuous Monte Carlo draws
english_cant_afford_nonmetro_modest,English · cannot afford private · non-metro · modest prep,non_professional_graduate,annual_if_employed_kde,1036696.0693688802,1.1135591431545519e-07,bins are display-only; KDE from continuous Monte Carlo draws
english_cant_afford_nonmetro_modest,English · cannot afford private · non-metro · modest prep,non_professional_graduate,annual_if_employed_kde,1070840.792831562,1.0002200517582286e-07,bins are display-only; KDE from continuous Monte Carlo draws
english_cant_afford_nonmetro_modest,English · cannot afford private · non-metro · modest prep,non_professional_graduate,annual_if_employed_kde,1104985.5162942435,8.989294260895737e-08,bins are display-only; KDE from continuous Monte Carlo draws
english_cant_afford_nonmetro_modest,English · cannot afford private · non-metro · modest prep,non_professional_graduate,annual_if_employed_kde,1139130.239756925,8.096956774952301e-08,bins are display-only; KDE from continuous Monte Carlo draws
english_cant_afford_nonmetro_modest,English · cannot afford private · non-metro · modest prep,non_professional_graduate,annual_if_employed_kde,1173274.9632196066,7.320630976920637e-08,bins are display-only; KDE from continuous Monte Carlo draws
english_cant_afford_nonmetro_modest,English · cannot afford private · non-metro · modest prep,non_professional_graduate,annual_if_employed_kde,1207419.686682288,6.650928538500978e-08,bins are display-only; KDE from continuous Monte Carlo draws
english_cant_afford_nonmetro_modest,English · cannot afford private · non-metro · modest prep,non_professional_graduate,annual_if_employed_kde,1241564.4101449696,6.074310806413923e-08,bins are display-only; KDE from continuous Monte Carlo draws
english_cant_afford_nonmetro_modest,English · cannot afford private · non-metro · modest prep,non_professional_graduate,annual_if_employed_kde,1275709.133607651,5.574674386937621e-08,bins are display-only; KDE from continuous Monte Carlo draws
english_cant_afford_nonmetro_modest,English · cannot afford private · non-metro · modest prep,non_professional_graduate,annual_if_employed_kde,1309853.8570703326,5.1354843817916254e-08,bins are display-only; KDE from continuous Monte Carlo draws
english_cant_afford_nonmetro_modest,English · cannot afford private · non-metro · modest prep,non_professional_graduate,annual_if_employed_kde,1343998.5805330144,4.7418601260217115e-08,bins are display-only; KDE from continuous Monte Carlo draws
english_cant_afford_nonmetro_modest,English · cannot afford private · non-metro · modest prep,non_professional_graduate,annual_if_employed_kde,1378143.303995696,4.382071387594144e-08,bins are display-only; KDE from continuous Monte Carlo draws
english_cant_afford_nonmetro_modest,English · cannot afford private · non-metro · modest prep,non_professional_graduate,annual_if_employed_kde,1412288.0274583774,4.04816715319712e-08,bins are display-only; KDE from continuous Monte Carlo draws
english_cant_afford_nonmetro_modest,English · cannot afford private · non-metro · modest prep,non_professional_graduate,annual_if_employed_kde,1446432.750921059,3.735768220084244e-08,bins are display-only; KDE from continuous Monte Carlo draws
english_cant_afford_nonmetro_modest,English · cannot afford private · non-metro · modest prep,non_professional_graduate,annual_if_employed_kde,1480577.4743837405,3.443275337615872e-08,bins are display-only; KDE from continuous Monte Carlo draws
english_cant_afford_nonmetro_modest,English · cannot afford private · non-metro · modest prep,non_professional_graduate,annual_if_employed_kde,1514722.197846422,3.170825013702504e-08,bins are display-only; KDE from continuous Monte Carlo draws
english_cant_afford_nonmetro_modest,English · cannot afford private · non-metro · modest prep,non_professional_graduate,annual_if_employed_kde,1548866.9213091035,2.9192852021174842e-08,bins are display-only; KDE from continuous Monte Carlo draws
english_cant_afford_nonmetro_modest,English · cannot afford private · non-metro · modest prep,non_professional_graduate,annual_if_employed_kde,1583011.644771785,2.689477652768301e-08,bins are display-only; KDE from continuous Monte Carlo draws
english_cant_afford_nonmetro_modest,English · cannot afford private · non-metro · modest prep,non_professional_graduate,annual_if_employed_kde,1617156.3682344665,2.481697921966819e-08,bins are display-only; KDE from continuous Monte Carlo draws
english_cant_afford_nonmetro_modest,English · cannot afford private · non-metro · modest prep,non_professional_graduate,annual_if_employed_kde,1651301.091697148,2.2955142839216122e-08,bins are display-only; KDE from continuous Monte Carlo draws
english_cant_afford_nonmetro_modest,English · cannot afford private · non-metro · modest prep,non_professional_graduate,annual_if_employed_kde,1685445.8151598296,2.1297767285417024e-08,bins are display-only; KDE from continuous Monte Carlo draws
english_cant_afford_nonmetro_modest,English · cannot afford private · non-metro · modest prep,non_professional_graduate,annual_if_employed_kde,1719590.5386225113,1.9827533970130992e-08,bins are display-only; KDE from continuous Monte Carlo draws
english_cant_afford_nonmetro_modest,English · cannot afford private · non-metro · modest prep,non_professional_graduate,annual_if_employed_kde,1753735.2620851928,1.8523221659073028e-08,bins are display-only; KDE from continuous Monte Carlo draws
english_cant_afford_nonmetro_modest,English · cannot afford private · non-metro · modest prep,non_professional_graduate,annual_if_employed_kde,1787879.9855478744,1.736166388953554e-08,bins are display-only; KDE from continuous Monte Carlo draws
english_cant_afford_nonmetro_modest,English · cannot afford private · non-metro · modest prep,non_professional_graduate,annual_if_employed_kde,1822024.7090105559,1.6319458865927628e-08,bins are display-only; KDE from continuous Monte Carlo draws
english_cant_afford_nonmetro_modest,English · cannot afford private · non-metro · modest prep,non_professional_graduate,annual_if_employed_kde,1856169.4324732374,1.537431488034391e-08,bins are display-only; KDE from continuous Monte Carlo draws
english_cant_afford_nonmetro_modest,English · cannot afford private · non-metro · modest prep,non_professional_graduate,annual_if_employed_kde,1890314.155935919,1.4506020953826642e-08,bins are display-only; KDE from continuous Monte Carlo draws
english_cant_afford_nonmetro_modest,English · cannot afford private · non-metro · modest prep,non_professional_graduate,annual_if_employed_kde,1924458.8793986004,1.3697082260555242e-08,bins are display-only; KDE from continuous Monte Carlo draws
english_cant_afford_nonmetro_modest,English · cannot afford private · non-metro · modest prep,non_professional_graduate,annual_if_employed_kde,1958603.602861282,1.2933072598262271e-08,bins are display-only; KDE from continuous Monte Carlo draws
english_cant_afford_nonmetro_modest,English · cannot afford private · non-metro · modest prep,non_professional_graduate,annual_if_employed_kde,1992748.3263239635,1.220275142109287e-08,bins are display-only; KDE from continuous Monte Carlo draws
english_cant_afford_nonmetro_modest,English · cannot afford private · non-metro · modest prep,non_professional_graduate,annual_if_employed_kde,2026893.049786645,1.149798484127648e-08,bins are display-only; KDE from continuous Monte Carlo draws
english_cant_afford_nonmetro_modest,English · cannot afford private · non-metro · modest prep,non_professional_graduate,annual_if_employed_kde,2061037.7732493265,1.0813505558254117e-08,bins are display-only; KDE from continuous Monte Carlo draws
english_cant_afford_nonmetro_modest,English · cannot afford private · non-metro · modest prep,no_college,annual_if_employed_kde,46499.08895111566,5.491545356088904e-06,bins are display-only; KDE from continuous Monte Carlo draws
english_cant_afford_nonmetro_modest,English · cannot afford private · non-metro · modest prep,no_college,annual_if_employed_kde,80643.81241379719,5.495588789299444e-06,bins are display-only; KDE from continuous Monte Carlo draws
english_cant_afford_nonmetro_modest,English · cannot afford private · non-metro · modest prep,no_college,annual_if_employed_kde,114788.53587647874,4.22586691399788e-06,bins are display-only; KDE from continuous Monte Carlo draws
english_cant_afford_nonmetro_modest,English · cannot afford private · non-metro · modest prep,no_college,annual_if_employed_kde,148933.2593391603,3.086813574092169e-06,bins are display-only; KDE from continuous Monte Carlo draws
english_cant_afford_nonmetro_modest,English · cannot afford private · non-metro · modest prep,no_college,annual_if_employed_kde,183077.9828018418,2.2689023370494336e-06,bins are display-only; KDE from continuous Monte Carlo draws
english_cant_afford_nonmetro_modest,English · cannot afford private · non-metro · modest prep,no_college,annual_if_employed_kde,217222.70626452338,1.6874729366621108e-06,bins are display-only; KDE from continuous Monte Carlo draws
english_cant_afford_nonmetro_modest,English · cannot afford private · non-metro · modest prep,no_college,annual_if_employed_kde,251367.4297272049,1.2664418710705301e-06,bins are display-only; KDE from continuous Monte Carlo draws
english_cant_afford_nonmetro_modest,English · cannot afford private · non-metro · modest prep,no_college,annual_if_employed_kde,285512.1531898864,9.444661216472089e-07,bins are display-only; KDE from continuous Monte Carlo draws
english_cant_afford_nonmetro_modest,English · cannot afford private · non-metro · modest prep,no_college,annual_if_employed_kde,319656.876652568,7.155048699334383e-07,bins are display-only; KDE from continuous Monte Carlo draws
english_cant_afford_nonmetro_modest,English · cannot afford private · non-metro · modest prep,no_college,annual_if_employed_kde,353801.6001152495,5.482903833409047e-07,bins are display-only; KDE from continuous Monte Carlo draws
english_cant_afford_nonmetro_modest,English · cannot afford private · non-metro · modest prep,no_college,annual_if_employed_kde,387946.3235779311,4.2667929798473604e-07,bins are display-only; KDE from continuous Monte Carlo draws
english_cant_afford_nonmetro_modest,English · cannot afford private · non-metro · modest prep,no_college,annual_if_employed_kde,422091.0470406126,3.400567678151223e-07,bins are display-only; KDE from continuous Monte Carlo draws
english_cant_afford_nonmetro_modest,English · cannot afford private · non-metro · modest prep,no_college,annual_if_employed_kde,456235.77050329413,2.794227741637829e-07,bins are display-only; KDE from continuous Monte Carlo draws
english_cant_afford_nonmetro_modest,English · cannot afford private · non-metro · modest prep,no_college,annual_if_employed_kde,490380.4939659757,2.3444731627059658e-07,bins are display-only; KDE from continuous Monte Carlo draws
english_cant_afford_nonmetro_modest,English · cannot afford private · non-metro · modest prep,no_college,annual_if_employed_kde,524525.2174286572,1.9709282925600675e-07,bins are display-only; KDE from continuous Monte Carlo draws
english_cant_afford_nonmetro_modest,English · cannot afford private · non-metro · modest prep,no_college,annual_if_employed_kde,558669.9408913387,1.6392083760749287e-07,bins are display-only; KDE from continuous Monte Carlo draws
english_cant_afford_nonmetro_modest,English · cannot afford private · non-metro · modest prep,no_college,annual_if_employed_kde,592814.6643540203,1.3452708208887843e-07,bins are display-only; KDE from continuous Monte Carlo draws
english_cant_afford_nonmetro_modest,English · cannot afford private · non-metro · modest prep,no_college,annual_if_employed_kde,626959.3878167018,1.0928298729853645e-07,bins are display-only; KDE from continuous Monte Carlo draws
english_cant_afford_nonmetro_modest,English · cannot afford private · non-metro · modest prep,no_college,annual_if_employed_kde,661104.1112793833,8.827787311416701e-08,bins are display-only; KDE from continuous Monte Carlo draws
english_cant_afford_nonmetro_modest,English · cannot afford private · non-metro · modest prep,no_college,annual_if_employed_kde,695248.8347420649,7.124089305317312e-08,bins are display-only; KDE from continuous Monte Carlo draws
english_cant_afford_nonmetro_modest,English · cannot afford private · non-metro · modest prep,no_college,annual_if_employed_kde,729393.5582047465,5.7735838563119543e-08,bins are display-only; KDE from continuous Monte Carlo draws
english_cant_afford_nonmetro_modest,English · cannot afford private · non-metro · modest prep,no_college,annual_if_employed_kde,763538.281667428,4.727673735660875e-08,bins are display-only; KDE from continuous Monte Carlo draws
english_cant_afford_nonmetro_modest,English · cannot afford private · non-metro · modest prep,no_college,annual_if_employed_kde,797683.0051301095,3.9328902430296115e-08,bins are display-only; KDE from continuous Monte Carlo draws
english_cant_afford_nonmetro_modest,English · cannot afford private · non-metro · modest prep,no_college,annual_if_employed_kde,831827.728592791,3.330565514397057e-08,bins are display-only; KDE from continuous Monte Carlo draws
english_cant_afford_nonmetro_modest,English · cannot afford private · non-metro · modest prep,no_college,annual_if_employed_kde,865972.4520554725,2.8634406938227486e-08,bins are display-only; KDE from continuous Monte Carlo draws
english_cant_afford_nonmetro_modest,English · cannot afford private · non-metro · modest prep,no_college,annual_if_employed_kde,900117.1755181542,2.485346558325453e-08,bins are display-only; KDE from continuous Monte Carlo draws
english_cant_afford_nonmetro_modest,English · cannot afford private · non-metro · modest prep,no_college,annual_if_employed_kde,934261.8989808357,2.166530262188777e-08,bins are display-only; KDE from continuous Monte Carlo draws
english_cant_afford_nonmetro_modest,English · cannot afford private · non-metro · modest prep,no_college,annual_if_employed_kde,968406.6224435172,1.892113270668907e-08,bins are display-only; KDE from continuous Monte Carlo draws
english_cant_afford_nonmetro_modest,English · cannot afford private · non-metro · modest prep,no_college,annual_if_employed_kde,1002551.3459061987,1.6563872879723278e-08,bins are display-only; KDE from continuous Monte Carlo draws
english_cant_afford_nonmetro_modest,English · cannot afford private · non-metro · modest prep,no_college,annual_if_employed_kde,1036696.0693688802,1.4568802354167593e-08,bins are display-only; KDE from continuous Monte Carlo draws
english_cant_afford_nonmetro_modest,English · cannot afford private · non-metro · modest prep,no_college,annual_if_employed_kde,1070840.792831562,1.2905623078058067e-08,bins are display-only; KDE from continuous Monte Carlo draws
english_cant_afford_nonmetro_modest,English · cannot afford private · non-metro · modest prep,no_college,annual_if_employed_kde,1104985.5162942435,1.152607016645799e-08,bins are display-only; KDE from continuous Monte Carlo draws
english_cant_afford_nonmetro_modest,English · cannot afford private · non-metro · modest prep,no_college,annual_if_employed_kde,1139130.239756925,1.0369404425118572e-08,bins are display-only; KDE from continuous Monte Carlo draws
english_cant_afford_nonmetro_modest,English · cannot afford private · non-metro · modest prep,no_college,annual_if_employed_kde,1173274.9632196066,9.374889831166353e-09,bins are display-only; KDE from continuous Monte Carlo draws
english_cant_afford_nonmetro_modest,English · cannot afford private · non-metro · modest prep,no_college,annual_if_employed_kde,1207419.686682288,8.492676148748246e-09,bins are display-only; KDE from continuous Monte Carlo draws
english_cant_afford_nonmetro_modest,English · cannot afford private · non-metro · modest prep,no_college,annual_if_employed_kde,1241564.4101449696,7.68897703461647e-09,bins are display-only; KDE from continuous Monte Carlo draws
english_cant_afford_nonmetro_modest,English · cannot afford private · non-metro · modest prep,no_college,annual_if_employed_kde,1275709.133607651,6.945464478242436e-09,bins are display-only; KDE from continuous Monte Carlo draws
english_cant_afford_nonmetro_modest,English · cannot afford private · non-metro · modest prep,no_college,annual_if_employed_kde,1309853.8570703326,6.255063743152211e-09,bins are display-only; KDE from continuous Monte Carlo draws
english_cant_afford_nonmetro_modest,English · cannot afford private · non-metro · modest prep,no_college,annual_if_employed_kde,1343998.5805330144,5.616756069443473e-09,bins are display-only; KDE from continuous Monte Carlo draws
english_cant_afford_nonmetro_modest,English · cannot afford private · non-metro · modest prep,no_college,annual_if_employed_kde,1378143.303995696,5.0312666928374194e-09,bins are display-only; KDE from continuous Monte Carlo draws
english_cant_afford_nonmetro_modest,English · cannot afford private · non-metro · modest prep,no_college,annual_if_employed_kde,1412288.0274583774,4.498450098342162e-09,bins are display-only; KDE from continuous Monte Carlo draws
english_cant_afford_nonmetro_modest,English · cannot afford private · non-metro · modest prep,no_college,annual_if_employed_kde,1446432.750921059,4.016327727292133e-09,bins are display-only; KDE from continuous Monte Carlo draws
english_cant_afford_nonmetro_modest,English · cannot afford private · non-metro · modest prep,no_college,annual_if_employed_kde,1480577.4743837405,3.581278268766407e-09,bins are display-only; KDE from continuous Monte Carlo draws
english_cant_afford_nonmetro_modest,English · cannot afford private · non-metro · modest prep,no_college,annual_if_employed_kde,1514722.197846422,3.1887807014433463e-09,bins are display-only; KDE from continuous Monte Carlo draws
english_cant_afford_nonmetro_modest,English · cannot afford private · non-metro · modest prep,no_college,annual_if_employed_kde,1548866.9213091035,2.8342264911877945e-09,bins are display-only; KDE from continuous Monte Carlo draws
english_cant_afford_nonmetro_modest,English · cannot afford private · non-metro · modest prep,no_college,annual_if_employed_kde,1583011.644771785,2.513515311322237e-09,bins are display-only; KDE from continuous Monte Carlo draws
english_cant_afford_nonmetro_modest,English · cannot afford private · non-metro · modest prep,no_college,annual_if_employed_kde,1617156.3682344665,2.223336727287606e-09,bins are display-only; KDE from continuous Monte Carlo draws
english_cant_afford_nonmetro_modest,English · cannot afford private · non-metro · modest prep,no_college,annual_if_employed_kde,1651301.091697148,1.9611726516277618e-09,bins are display-only; KDE from continuous Monte Carlo draws
english_cant_afford_nonmetro_modest,English · cannot afford private · non-metro · modest prep,no_college,annual_if_employed_kde,1685445.8151598296,1.7251211973905695e-09,bins are display-only; KDE from continuous Monte Carlo draws
english_cant_afford_nonmetro_modest,English · cannot afford private · non-metro · modest prep,no_college,annual_if_employed_kde,1719590.5386225113,1.5136527302972325e-09,bins are display-only; KDE from continuous Monte Carlo draws
english_cant_afford_nonmetro_modest,English · cannot afford private · non-metro · modest prep,no_college,annual_if_employed_kde,1753735.2620851928,1.3253841858287642e-09,bins are display-only; KDE from continuous Monte Carlo draws
english_cant_afford_nonmetro_modest,English · cannot afford private · non-metro · modest prep,no_college,annual_if_employed_kde,1787879.9855478744,1.1589194590341292e-09,bins are display-only; KDE from continuous Monte Carlo draws
english_cant_afford_nonmetro_modest,English · cannot afford private · non-metro · modest prep,no_college,annual_if_employed_kde,1822024.7090105559,1.0127680727565108e-09,bins are display-only; KDE from continuous Monte Carlo draws
english_cant_afford_nonmetro_modest,English · cannot afford private · non-metro · modest prep,no_college,annual_if_employed_kde,1856169.4324732374,8.85330081033318e-10,bins are display-only; KDE from continuous Monte Carlo draws
english_cant_afford_nonmetro_modest,English · cannot afford private · non-metro · modest prep,no_college,annual_if_employed_kde,1890314.155935919,7.749241338764655e-10,bins are display-only; KDE from continuous Monte Carlo draws
english_cant_afford_nonmetro_modest,English · cannot afford private · non-metro · modest prep,no_college,annual_if_employed_kde,1924458.8793986004,6.798351841570694e-10,bins are display-only; KDE from continuous Monte Carlo draws
english_cant_afford_nonmetro_modest,English · cannot afford private · non-metro · modest prep,no_college,annual_if_employed_kde,1958603.602861282,5.98364000939642e-10,bins are display-only; KDE from continuous Monte Carlo draws
english_cant_afford_nonmetro_modest,English · cannot afford private · non-metro · modest prep,no_college,annual_if_employed_kde,1992748.3263239635,5.288682595629693e-10,bins are display-only; KDE from continuous Monte Carlo draws
english_cant_afford_nonmetro_modest,English · cannot afford private · non-metro · modest prep,no_college,annual_if_employed_kde,2026893.049786645,4.697916423768919e-10,bins are display-only; KDE from continuous Monte Carlo draws
english_cant_afford_nonmetro_modest,English · cannot afford private · non-metro · modest prep,no_college,annual_if_employed_kde,2061037.7732493265,4.196817924658489e-10,bins are display-only; KDE from continuous Monte Carlo draws
english_cant_afford_nonmetro_modest,English · cannot afford private · non-metro · modest prep,physician_public_sector,annual_if_employed_kde,46499.08895111566,3.1263181693449263e-07,bins are display-only; KDE from continuous Monte Carlo draws
english_cant_afford_nonmetro_modest,English · cannot afford private · non-metro · modest prep,physician_public_sector,annual_if_employed_kde,80643.81241379719,7.976550988770887e-07,bins are display-only; KDE from continuous Monte Carlo draws
english_cant_afford_nonmetro_modest,English · cannot afford private · non-metro · modest prep,physician_public_sector,annual_if_employed_kde,114788.53587647874,9.516726518168239e-07,bins are display-only; KDE from continuous Monte Carlo draws
english_cant_afford_nonmetro_modest,English · cannot afford private · non-metro · modest prep,physician_public_sector,annual_if_employed_kde,148933.2593391603,1.0002717058413508e-06,bins are display-only; KDE from continuous Monte Carlo draws
english_cant_afford_nonmetro_modest,English · cannot afford private · non-metro · modest prep,physician_public_sector,annual_if_employed_kde,183077.9828018418,1.0126267253160196e-06,bins are display-only; KDE from continuous Monte Carlo draws
english_cant_afford_nonmetro_modest,English · cannot afford private · non-metro · modest prep,physician_public_sector,annual_if_employed_kde,217222.70626452338,1.0024409207602975e-06,bins are display-only; KDE from continuous Monte Carlo draws
english_cant_afford_nonmetro_modest,English · cannot afford private · non-metro · modest prep,physician_public_sector,annual_if_employed_kde,251367.4297272049,1.0001049647711667e-06,bins are display-only; KDE from continuous Monte Carlo draws
english_cant_afford_nonmetro_modest,English · cannot afford private · non-metro · modest prep,physician_public_sector,annual_if_employed_kde,285512.1531898864,9.797935481341107e-07,bins are display-only; KDE from continuous Monte Carlo draws
english_cant_afford_nonmetro_modest,English · cannot afford private · non-metro · modest prep,physician_public_sector,annual_if_employed_kde,319656.876652568,9.57617721433447e-07,bins are display-only; KDE from continuous Monte Carlo draws
english_cant_afford_nonmetro_modest,English · cannot afford private · non-metro · modest prep,physician_public_sector,annual_if_employed_kde,353801.6001152495,9.455607511988815e-07,bins are display-only; KDE from continuous Monte Carlo draws
english_cant_afford_nonmetro_modest,English · cannot afford private · non-metro · modest prep,physician_public_sector,annual_if_employed_kde,387946.3235779311,9.264541174411075e-07,bins are display-only; KDE from continuous Monte Carlo draws
english_cant_afford_nonmetro_modest,English · cannot afford private · non-metro · modest prep,physician_public_sector,annual_if_employed_kde,422091.0470406126,8.943609362162048e-07,bins are display-only; KDE from continuous Monte Carlo draws
english_cant_afford_nonmetro_modest,English · cannot afford private · non-metro · modest prep,physician_public_sector,annual_if_employed_kde,456235.77050329413,8.5797470529388e-07,bins are display-only; KDE from continuous Monte Carlo draws
english_cant_afford_nonmetro_modest,English · cannot afford private · non-metro · modest prep,physician_public_sector,annual_if_employed_kde,490380.4939659757,8.227857420922039e-07,bins are display-only; KDE from continuous Monte Carlo draws
english_cant_afford_nonmetro_modest,English · cannot afford private · non-metro · modest prep,physician_public_sector,annual_if_employed_kde,524525.2174286572,7.888538240381478e-07,bins are display-only; KDE from continuous Monte Carlo draws
english_cant_afford_nonmetro_modest,English · cannot afford private · non-metro · modest prep,physician_public_sector,annual_if_employed_kde,558669.9408913387,7.561611125094299e-07,bins are display-only; KDE from continuous Monte Carlo draws
english_cant_afford_nonmetro_modest,English · cannot afford private · non-metro · modest prep,physician_public_sector,annual_if_employed_kde,592814.6643540203,7.249051530112906e-07,bins are display-only; KDE from continuous Monte Carlo draws
english_cant_afford_nonmetro_modest,English · cannot afford private · non-metro · modest prep,physician_public_sector,annual_if_employed_kde,626959.3878167018,6.945035892891195e-07,bins are display-only; KDE from continuous Monte Carlo draws
english_cant_afford_nonmetro_modest,English · cannot afford private · non-metro · modest prep,physician_public_sector,annual_if_employed_kde,661104.1112793833,6.64240113145825e-07,bins are display-only; KDE from continuous Monte Carlo draws
english_cant_afford_nonmetro_modest,English · cannot afford private · non-metro · modest prep,physician_public_sector,annual_if_employed_kde,695248.8347420649,6.339634180310499e-07,bins are display-only; KDE from continuous Monte Carlo draws
english_cant_afford_nonmetro_modest,English · cannot afford private · non-metro · modest prep,physician_public_sector,annual_if_employed_kde,729393.5582047465,6.039789595816061e-07,bins are display-only; KDE from continuous Monte Carlo draws
english_cant_afford_nonmetro_modest,English · cannot afford private · non-metro · modest prep,physician_public_sector,annual_if_employed_kde,763538.281667428,5.746978421585582e-07,bins are display-only; KDE from continuous Monte Carlo draws
english_cant_afford_nonmetro_modest,English · cannot afford private · non-metro · modest prep,physician_public_sector,annual_if_employed_kde,797683.0051301095,5.464738005454565e-07,bins are display-only; KDE from continuous Monte Carlo draws
english_cant_afford_nonmetro_modest,English · cannot afford private · non-metro · modest prep,physician_public_sector,annual_if_employed_kde,831827.728592791,5.195737119484267e-07,bins are display-only; KDE from continuous Monte Carlo draws
english_cant_afford_nonmetro_modest,English · cannot afford private · non-metro · modest prep,physician_public_sector,annual_if_employed_kde,865972.4520554725,4.941535545982278e-07,bins are display-only; KDE from continuous Monte Carlo draws
english_cant_afford_nonmetro_modest,English · cannot afford private · non-metro · modest prep,physician_public_sector,annual_if_employed_kde,900117.1755181542,4.7023278210223394e-07,bins are display-only; KDE from continuous Monte Carlo draws
english_cant_afford_nonmetro_modest,English · cannot afford private · non-metro · modest prep,physician_public_sector,annual_if_employed_kde,934261.8989808357,4.47706672564932e-07,bins are display-only; KDE from continuous Monte Carlo draws
english_cant_afford_nonmetro_modest,English · cannot afford private · non-metro · modest prep,physician_public_sector,annual_if_employed_kde,968406.6224435172,4.263999527981373e-07,bins are display-only; KDE from continuous Monte Carlo draws
english_cant_afford_nonmetro_modest,English · cannot afford private · non-metro · modest prep,physician_public_sector,annual_if_employed_kde,1002551.3459061987,4.061292635343032e-07,bins are display-only; KDE from continuous Monte Carlo draws
english_cant_afford_nonmetro_modest,English · cannot afford private · non-metro · modest prep,physician_public_sector,annual_if_employed_kde,1036696.0693688802,3.8674327651718467e-07,bins are display-only; KDE from continuous Monte Carlo draws
english_cant_afford_nonmetro_modest,English · cannot afford private · non-metro · modest prep,physician_public_sector,annual_if_employed_kde,1070840.792831562,3.681323206520883e-07,bins are display-only; KDE from continuous Monte Carlo draws
english_cant_afford_nonmetro_modest,English · cannot afford private · non-metro · modest prep,physician_public_sector,annual_if_employed_kde,1104985.5162942435,3.5021879735882634e-07,bins are display-only; KDE from continuous Monte Carlo draws
english_cant_afford_nonmetro_modest,English · cannot afford private · non-metro · modest prep,physician_public_sector,annual_if_employed_kde,1139130.239756925,3.329444485811921e-07,bins are display-only; KDE from continuous Monte Carlo draws
english_cant_afford_nonmetro_modest,English · cannot afford private · non-metro · modest prep,physician_public_sector,annual_if_employed_kde,1173274.9632196066,3.162643055111667e-07,bins are display-only; KDE from continuous Monte Carlo draws
english_cant_afford_nonmetro_modest,English · cannot afford private · non-metro · modest prep,physician_public_sector,annual_if_employed_kde,1207419.686682288,3.001483897172705e-07,bins are display-only; KDE from continuous Monte Carlo draws
english_cant_afford_nonmetro_modest,English · cannot afford private · non-metro · modest prep,physician_public_sector,annual_if_employed_kde,1241564.4101449696,2.845867748954396e-07,bins are display-only; KDE from continuous Monte Carlo draws
english_cant_afford_nonmetro_modest,English · cannot afford private · non-metro · modest prep,physician_public_sector,annual_if_employed_kde,1275709.133607651,2.695927063916994e-07,bins are display-only; KDE from continuous Monte Carlo draws
english_cant_afford_nonmetro_modest,English · cannot afford private · non-metro · modest prep,physician_public_sector,annual_if_employed_kde,1309853.8570703326,2.552005395279834e-07,bins are display-only; KDE from continuous Monte Carlo draws
english_cant_afford_nonmetro_modest,English · cannot afford private · non-metro · modest prep,physician_public_sector,annual_if_employed_kde,1343998.5805330144,2.4145814895697184e-07,bins are display-only; KDE from continuous Monte Carlo draws
english_cant_afford_nonmetro_modest,English · cannot afford private · non-metro · modest prep,physician_public_sector,annual_if_employed_kde,1378143.303995696,2.2841571882184307e-07,bins are display-only; KDE from continuous Monte Carlo draws
english_cant_afford_nonmetro_modest,English · cannot afford private · non-metro · modest prep,physician_public_sector,annual_if_employed_kde,1412288.0274583774,2.1611388108805338e-07,bins are display-only; KDE from continuous Monte Carlo draws
english_cant_afford_nonmetro_modest,English · cannot afford private · non-metro · modest prep,physician_public_sector,annual_if_employed_kde,1446432.750921059,2.0457407621039372e-07,bins are display-only; KDE from continuous Monte Carlo draws
english_cant_afford_nonmetro_modest,English · cannot afford private · non-metro · modest prep,physician_public_sector,annual_if_employed_kde,1480577.4743837405,1.937931130915947e-07,bins are display-only; KDE from continuous Monte Carlo draws
english_cant_afford_nonmetro_modest,English · cannot afford private · non-metro · modest prep,physician_public_sector,annual_if_employed_kde,1514722.197846422,1.8374264162230717e-07,bins are display-only; KDE from continuous Monte Carlo draws
english_cant_afford_nonmetro_modest,English · cannot afford private · non-metro · modest prep,physician_public_sector,annual_if_employed_kde,1548866.9213091035,1.7437302951634509e-07,bins are display-only; KDE from continuous Monte Carlo draws
english_cant_afford_nonmetro_modest,English · cannot afford private · non-metro · modest prep,physician_public_sector,annual_if_employed_kde,1583011.644771785,1.6562025700337424e-07,bins are display-only; KDE from continuous Monte Carlo draws
english_cant_afford_nonmetro_modest,English · cannot afford private · non-metro · modest prep,physician_public_sector,annual_if_employed_kde,1617156.3682344665,1.5741405571501423e-07,bins are display-only; KDE from continuous Monte Carlo draws
english_cant_afford_nonmetro_modest,English · cannot afford private · non-metro · modest prep,physician_public_sector,annual_if_employed_kde,1651301.091697148,1.4968561061574364e-07,bins are display-only; KDE from continuous Monte Carlo draws
english_cant_afford_nonmetro_modest,English · cannot afford private · non-metro · modest prep,physician_public_sector,annual_if_employed_kde,1685445.8151598296,1.423735844609006e-07,bins are display-only; KDE from continuous Monte Carlo draws
english_cant_afford_nonmetro_modest,English · cannot afford private · non-metro · modest prep,physician_public_sector,annual_if_employed_kde,1719590.5386225113,1.3542782540406784e-07,bins are display-only; KDE from continuous Monte Carlo draws
english_cant_afford_nonmetro_modest,English · cannot afford private · non-metro · modest prep,physician_public_sector,annual_if_employed_kde,1753735.2620851928,1.2881070141649084e-07,bins are display-only; KDE from continuous Monte Carlo draws
english_cant_afford_nonmetro_modest,English · cannot afford private · non-metro · modest prep,physician_public_sector,annual_if_employed_kde,1787879.9855478744,1.224964452930846e-07,bins are display-only; KDE from continuous Monte Carlo draws
english_cant_afford_nonmetro_modest,English · cannot afford private · non-metro · modest prep,physician_public_sector,annual_if_employed_kde,1822024.7090105559,1.1646913663443114e-07,bins are display-only; KDE from continuous Monte Carlo draws
english_cant_afford_nonmetro_modest,English · cannot afford private · non-metro · modest prep,physician_public_sector,annual_if_employed_kde,1856169.4324732374,1.1072000004835717e-07,bins are display-only; KDE from continuous Monte Carlo draws
english_cant_afford_nonmetro_modest,English · cannot afford private · non-metro · modest prep,physician_public_sector,annual_if_employed_kde,1890314.155935919,1.0524460997101645e-07,bins are display-only; KDE from continuous Monte Carlo draws
english_cant_afford_nonmetro_modest,English · cannot afford private · non-metro · modest prep,physician_public_sector,annual_if_employed_kde,1924458.8793986004,1.0004042539557042e-07,bins are display-only; KDE from continuous Monte Carlo draws
english_cant_afford_nonmetro_modest,English · cannot afford private · non-metro · modest prep,physician_public_sector,annual_if_employed_kde,1958603.602861282,9.510489113629997e-08,bins are display-only; KDE from continuous Monte Carlo draws
english_cant_afford_nonmetro_modest,English · cannot afford private · non-metro · modest prep,physician_public_sector,annual_if_employed_kde,1992748.3263239635,9.04341783645736e-08,bins are display-only; KDE from continuous Monte Carlo draws
english_cant_afford_nonmetro_modest,English · cannot afford private · non-metro · modest prep,physician_public_sector,annual_if_employed_kde,2026893.049786645,8.602251848499607e-08,bins are display-only; KDE from continuous Monte Carlo draws
english_cant_afford_nonmetro_modest,English · cannot afford private · non-metro · modest prep,physician_public_sector,annual_if_employed_kde,2061037.7732493265,8.186201605313934e-08,bins are display-only; KDE from continuous Monte Carlo draws
english_cant_afford_nonmetro_modest,English · cannot afford private · non-metro · modest prep,physician_private_sector,annual_if_employed_kde,46499.08895111566,4.001326514786033e-07,bins are display-only; KDE from continuous Monte Carlo draws
english_cant_afford_nonmetro_modest,English · cannot afford private · non-metro · modest prep,physician_private_sector,annual_if_employed_kde,80643.81241379719,1.003432047270441e-06,bins are display-only; KDE from continuous Monte Carlo draws
english_cant_afford_nonmetro_modest,English · cannot afford private · non-metro · modest prep,physician_private_sector,annual_if_employed_kde,114788.53587647874,1.4454775976987076e-06,bins are display-only; KDE from continuous Monte Carlo draws
english_cant_afford_nonmetro_modest,English · cannot afford private · non-metro · modest prep,physician_private_sector,annual_if_employed_kde,148933.2593391603,1.690721834075505e-06,bins are display-only; KDE from continuous Monte Carlo draws
english_cant_afford_nonmetro_modest,English · cannot afford private · non-metro · modest prep,physician_private_sector,annual_if_employed_kde,183077.9828018418,1.718019478765e-06,bins are display-only; KDE from continuous Monte Carlo draws
english_cant_afford_nonmetro_modest,English · cannot afford private · non-metro · modest prep,physician_private_sector,annual_if_employed_kde,217222.70626452338,1.7182256625074812e-06,bins are display-only; KDE from continuous Monte Carlo draws
english_cant_afford_nonmetro_modest,English · cannot afford private · non-metro · modest prep,physician_private_sector,annual_if_employed_kde,251367.4297272049,1.6748132060756067e-06,bins are display-only; KDE from continuous Monte Carlo draws
english_cant_afford_nonmetro_modest,English · cannot afford private · non-metro · modest prep,physician_private_sector,annual_if_employed_kde,285512.1531898864,1.5654841330144898e-06,bins are display-only; KDE from continuous Monte Carlo draws
english_cant_afford_nonmetro_modest,English · cannot afford private · non-metro · modest prep,physician_private_sector,annual_if_employed_kde,319656.876652568,1.4560774426265814e-06,bins are display-only; KDE from continuous Monte Carlo draws
english_cant_afford_nonmetro_modest,English · cannot afford private · non-metro · modest prep,physician_private_sector,annual_if_employed_kde,353801.6001152495,1.379817244395337e-06,bins are display-only; KDE from continuous Monte Carlo draws
english_cant_afford_nonmetro_modest,English · cannot afford private · non-metro · modest prep,physician_private_sector,annual_if_employed_kde,387946.3235779311,1.2999875750171047e-06,bins are display-only; KDE from continuous Monte Carlo draws
english_cant_afford_nonmetro_modest,English · cannot afford private · non-metro · modest prep,physician_private_sector,annual_if_employed_kde,422091.0470406126,1.1923220098849486e-06,bins are display-only; KDE from continuous Monte Carlo draws
english_cant_afford_nonmetro_modest,English · cannot afford private · non-metro · modest prep,physician_private_sector,annual_if_employed_kde,456235.77050329413,1.0752031423813235e-06,bins are display-only; KDE from continuous Monte Carlo draws
english_cant_afford_nonmetro_modest,English · cannot afford private · non-metro · modest prep,physician_private_sector,annual_if_employed_kde,490380.4939659757,9.715115317870464e-07,bins are display-only; KDE from continuous Monte Carlo draws
english_cant_afford_nonmetro_modest,English · cannot afford private · non-metro · modest prep,physician_private_sector,annual_if_employed_kde,524525.2174286572,8.841600005538813e-07,bins are display-only; KDE from continuous Monte Carlo draws
english_cant_afford_nonmetro_modest,English · cannot afford private · non-metro · modest prep,physician_private_sector,annual_if_employed_kde,558669.9408913387,8.066680633942876e-07,bins are display-only; KDE from continuous Monte Carlo draws
english_cant_afford_nonmetro_modest,English · cannot afford private · non-metro · modest prep,physician_private_sector,annual_if_employed_kde,592814.6643540203,7.364661930489192e-07,bins are display-only; KDE from continuous Monte Carlo draws
english_cant_afford_nonmetro_modest,English · cannot afford private · non-metro · modest prep,physician_private_sector,annual_if_employed_kde,626959.3878167018,6.735081059222819e-07,bins are display-only; KDE from continuous Monte Carlo draws
english_cant_afford_nonmetro_modest,English · cannot afford private · non-metro · modest prep,physician_private_sector,annual_if_employed_kde,661104.1112793833,6.156813088528697e-07,bins are display-only; KDE from continuous Monte Carlo draws
english_cant_afford_nonmetro_modest,English · cannot afford private · non-metro · modest prep,physician_private_sector,annual_if_employed_kde,695248.8347420649,5.599193445446264e-07,bins are display-only; KDE from continuous Monte Carlo draws
english_cant_afford_nonmetro_modest,English · cannot afford private · non-metro · modest prep,physician_private_sector,annual_if_employed_kde,729393.5582047465,5.054104481760295e-07,bins are display-only; KDE from continuous Monte Carlo draws
english_cant_afford_nonmetro_modest,English · cannot afford private · non-metro · modest prep,physician_private_sector,annual_if_employed_kde,763538.281667428,4.540909785823885e-07,bins are display-only; KDE from continuous Monte Carlo draws
english_cant_afford_nonmetro_modest,English · cannot afford private · non-metro · modest prep,physician_private_sector,annual_if_employed_kde,797683.0051301095,4.0858861679599767e-07,bins are display-only; KDE from continuous Monte Carlo draws
english_cant_afford_nonmetro_modest,English · cannot afford private · non-metro · modest prep,physician_private_sector,annual_if_employed_kde,831827.728592791,3.7019579650023316e-07,bins are display-only; KDE from continuous Monte Carlo draws
english_cant_afford_nonmetro_modest,English · cannot afford private · non-metro · modest prep,physician_private_sector,annual_if_employed_kde,865972.4520554725,3.38361587196983e-07,bins are display-only; KDE from continuous Monte Carlo draws
english_cant_afford_nonmetro_modest,English · cannot afford private · non-metro · modest prep,physician_private_sector,annual_if_employed_kde,900117.1755181542,3.1142445708057786e-07,bins are display-only; KDE from continuous Monte Carlo draws
english_cant_afford_nonmetro_modest,English · cannot afford private · non-metro · modest prep,physician_private_sector,annual_if_employed_kde,934261.8989808357,2.876231095842316e-07,bins are display-only; KDE from continuous Monte Carlo draws
english_cant_afford_nonmetro_modest,English · cannot afford private · non-metro · modest prep,physician_private_sector,annual_if_employed_kde,968406.6224435172,2.6572227406223756e-07,bins are display-only; KDE from continuous Monte Carlo draws
english_cant_afford_nonmetro_modest,English · cannot afford private · non-metro · modest prep,physician_private_sector,annual_if_employed_kde,1002551.3459061987,2.4513465310989396e-07,bins are display-only; KDE from continuous Monte Carlo draws
english_cant_afford_nonmetro_modest,English · cannot afford private · non-metro · modest prep,physician_private_sector,annual_if_employed_kde,1036696.0693688802,2.257382249991283e-07,bins are display-only; KDE from continuous Monte Carlo draws
english_cant_afford_nonmetro_modest,English · cannot afford private · non-metro · modest prep,physician_private_sector,annual_if_employed_kde,1070840.792831562,2.0762500911032783e-07,bins are display-only; KDE from continuous Monte Carlo draws
english_cant_afford_nonmetro_modest,English · cannot afford private · non-metro · modest prep,physician_private_sector,annual_if_employed_kde,1104985.5162942435,1.9091605542801708e-07,bins are display-only; KDE from continuous Monte Carlo draws
english_cant_afford_nonmetro_modest,English · cannot afford private · non-metro · modest prep,physician_private_sector,annual_if_employed_kde,1139130.239756925,1.7567228796942952e-07,bins are display-only; KDE from continuous Monte Carlo draws
english_cant_afford_nonmetro_modest,English · cannot afford private · non-metro · modest prep,physician_private_sector,annual_if_employed_kde,1173274.9632196066,1.618758650692417e-07,bins are display-only; KDE from continuous Monte Carlo draws
english_cant_afford_nonmetro_modest,English · cannot afford private · non-metro · modest prep,physician_private_sector,annual_if_employed_kde,1207419.686682288,1.494461647331196e-07,bins are display-only; KDE from continuous Monte Carlo draws
english_cant_afford_nonmetro_modest,English · cannot afford private · non-metro · modest prep,physician_private_sector,annual_if_employed_kde,1241564.4101449696,1.3826461084551016e-07,bins are display-only; KDE from continuous Monte Carlo draws
english_cant_afford_nonmetro_modest,English · cannot afford private · non-metro · modest prep,physician_private_sector,annual_if_employed_kde,1275709.133607651,1.2819576131150674e-07,bins are display-only; KDE from continuous Monte Carlo draws
english_cant_afford_nonmetro_modest,English · cannot afford private · non-metro · modest prep,physician_private_sector,annual_if_employed_kde,1309853.8570703326,1.1910131124064724e-07,bins are display-only; KDE from continuous Monte Carlo draws
english_cant_afford_nonmetro_modest,English · cannot afford private · non-metro · modest prep,physician_private_sector,annual_if_employed_kde,1343998.5805330144,1.1084817297518673e-07,bins are display-only; KDE from continuous Monte Carlo draws
english_cant_afford_nonmetro_modest,English · cannot afford private · non-metro · modest prep,physician_private_sector,annual_if_employed_kde,1378143.303995696,1.0331299345081527e-07,bins are display-only; KDE from continuous Monte Carlo draws
english_cant_afford_nonmetro_modest,English · cannot afford private · non-metro · modest prep,physician_private_sector,annual_if_employed_kde,1412288.0274583774,9.638497683292283e-08,bins are display-only; KDE from continuous Monte Carlo draws
english_cant_afford_nonmetro_modest,English · cannot afford private · non-metro · modest prep,physician_private_sector,annual_if_employed_kde,1446432.750921059,8.996792206949054e-08,bins are display-only; KDE from continuous Monte Carlo draws
english_cant_afford_nonmetro_modest,English · cannot afford private · non-metro · modest prep,physician_private_sector,annual_if_employed_kde,1480577.4743837405,8.398165121965139e-08,bins are display-only; KDE from continuous Monte Carlo draws
english_cant_afford_nonmetro_modest,English · cannot afford private · non-metro · modest prep,physician_private_sector,annual_if_employed_kde,1514722.197846422,7.836269207188534e-08,bins are display-only; KDE from continuous Monte Carlo draws
english_cant_afford_nonmetro_modest,English · cannot afford private · non-metro · modest prep,physician_private_sector,annual_if_employed_kde,1548866.9213091035,7.306407557149366e-08,bins are display-only; KDE from continuous Monte Carlo draws
english_cant_afford_nonmetro_modest,English · cannot afford private · non-metro · modest prep,physician_private_sector,annual_if_employed_kde,1583011.644771785,6.805422197033625e-08,bins are display-only; KDE from continuous Monte Carlo draws
english_cant_afford_nonmetro_modest,English · cannot afford private · non-metro · modest prep,physician_private_sector,annual_if_employed_kde,1617156.3682344665,6.331499500833333e-08,bins are display-only; KDE from continuous Monte Carlo draws
english_cant_afford_nonmetro_modest,English · cannot afford private · non-metro · modest prep,physician_private_sector,annual_if_employed_kde,1651301.091697148,5.883907317574273e-08,bins are display-only; KDE from continuous Monte Carlo draws
english_cant_afford_nonmetro_modest,English · cannot afford private · non-metro · modest prep,physician_private_sector,annual_if_employed_kde,1685445.8151598296,5.462684225606242e-08,bins are display-only; KDE from continuous Monte Carlo draws
english_cant_afford_nonmetro_modest,English · cannot afford private · non-metro · modest prep,physician_private_sector,annual_if_employed_kde,1719590.5386225113,5.0683069321606416e-08,bins are display-only; KDE from continuous Monte Carlo draws
english_cant_afford_nonmetro_modest,English · cannot afford private · non-metro · modest prep,physician_private_sector,annual_if_employed_kde,1753735.2620851928,4.701366387645567e-08,bins are display-only; KDE from continuous Monte Carlo draws
english_cant_afford_nonmetro_modest,English · cannot afford private · non-metro · modest prep,physician_private_sector,annual_if_employed_kde,1787879.9855478744,4.362284054541379e-08,bins are display-only; KDE from continuous Monte Carlo draws
english_cant_afford_nonmetro_modest,English · cannot afford private · non-metro · modest prep,physician_private_sector,annual_if_employed_kde,1822024.7090105559,4.051095075654724e-08,bins are display-only; KDE from continuous Monte Carlo draws
english_cant_afford_nonmetro_modest,English · cannot afford private · non-metro · modest prep,physician_private_sector,annual_if_employed_kde,1856169.4324732374,3.767315113406377e-08,bins are display-only; KDE from continuous Monte Carlo draws
english_cant_afford_nonmetro_modest,English · cannot afford private · non-metro · modest prep,physician_private_sector,annual_if_employed_kde,1890314.155935919,3.5098947409609346e-08,bins are display-only; KDE from continuous Monte Carlo draws
english_cant_afford_nonmetro_modest,English · cannot afford private · non-metro · modest prep,physician_private_sector,annual_if_employed_kde,1924458.8793986004,3.277252725406498e-08,bins are display-only; KDE from continuous Monte Carlo draws
english_cant_afford_nonmetro_modest,English · cannot afford private · non-metro · modest prep,physician_private_sector,annual_if_employed_kde,1958603.602861282,3.06737016733101e-08,bins are display-only; KDE from continuous Monte Carlo draws
english_cant_afford_nonmetro_modest,English · cannot afford private · non-metro · modest prep,physician_private_sector,annual_if_employed_kde,1992748.3263239635,2.8779227305367622e-08,bins are display-only; KDE from continuous Monte Carlo draws
english_cant_afford_nonmetro_modest,English · cannot afford private · non-metro · modest prep,physician_private_sector,annual_if_employed_kde,2026893.049786645,2.7064280894203196e-08,bins are display-only; KDE from continuous Monte Carlo draws
english_cant_afford_nonmetro_modest,English · cannot afford private · non-metro · modest prep,physician_private_sector,annual_if_employed_kde,2061037.7732493265,2.550389112672083e-08,bins are display-only; KDE from continuous Monte Carlo draws
english_can_afford_nonmetro_modest,English · can afford private · non-metro · modest prep,government_mbbs,annual_if_employed_kde,46499.08895111566,3.5358151218845207e-07,bins are display-only; KDE from continuous Monte Carlo draws
english_can_afford_nonmetro_modest,English · can afford private · non-metro · modest prep,government_mbbs,annual_if_employed_kde,80643.81241379719,8.306980958060473e-07,bins are display-only; KDE from continuous Monte Carlo draws
english_can_afford_nonmetro_modest,English · can afford private · non-metro · modest prep,government_mbbs,annual_if_employed_kde,114788.53587647874,1.180035179642356e-06,bins are display-only; KDE from continuous Monte Carlo draws
english_can_afford_nonmetro_modest,English · can afford private · non-metro · modest prep,government_mbbs,annual_if_employed_kde,148933.2593391603,1.2690435658153279e-06,bins are display-only; KDE from continuous Monte Carlo draws
english_can_afford_nonmetro_modest,English · can afford private · non-metro · modest prep,government_mbbs,annual_if_employed_kde,183077.9828018418,1.2969068339617815e-06,bins are display-only; KDE from continuous Monte Carlo draws
english_can_afford_nonmetro_modest,English · can afford private · non-metro · modest prep,government_mbbs,annual_if_employed_kde,217222.70626452338,1.3199554841402472e-06,bins are display-only; KDE from continuous Monte Carlo draws
english_can_afford_nonmetro_modest,English · can afford private · non-metro · modest prep,government_mbbs,annual_if_employed_kde,251367.4297272049,1.2923196205035561e-06,bins are display-only; KDE from continuous Monte Carlo draws
english_can_afford_nonmetro_modest,English · can afford private · non-metro · modest prep,government_mbbs,annual_if_employed_kde,285512.1531898864,1.2627711616466484e-06,bins are display-only; KDE from continuous Monte Carlo draws
english_can_afford_nonmetro_modest,English · can afford private · non-metro · modest prep,government_mbbs,annual_if_employed_kde,319656.876652568,1.2069146948851625e-06,bins are display-only; KDE from continuous Monte Carlo draws
english_can_afford_nonmetro_modest,English · can afford private · non-metro · modest prep,government_mbbs,annual_if_employed_kde,353801.6001152495,1.126889929497157e-06,bins are display-only; KDE from continuous Monte Carlo draws
english_can_afford_nonmetro_modest,English · can afford private · non-metro · modest prep,government_mbbs,annual_if_employed_kde,387946.3235779311,1.0614975404287582e-06,bins are display-only; KDE from continuous Monte Carlo draws
english_can_afford_nonmetro_modest,English · can afford private · non-metro · modest prep,government_mbbs,annual_if_employed_kde,422091.0470406126,1.013997079765047e-06,bins are display-only; KDE from continuous Monte Carlo draws
english_can_afford_nonmetro_modest,English · can afford private · non-metro · modest prep,government_mbbs,annual_if_employed_kde,456235.77050329413,9.706190246001987e-07,bins are display-only; KDE from continuous Monte Carlo draws
english_can_afford_nonmetro_modest,English · can afford private · non-metro · modest prep,government_mbbs,annual_if_employed_kde,490380.4939659757,9.237404951349902e-07,bins are display-only; KDE from continuous Monte Carlo draws
english_can_afford_nonmetro_modest,English · can afford private · non-metro · modest prep,government_mbbs,annual_if_employed_kde,524525.2174286572,8.728682470835885e-07,bins are display-only; KDE from continuous Monte Carlo draws
english_can_afford_nonmetro_modest,English · can afford private · non-metro · modest prep,government_mbbs,annual_if_employed_kde,558669.9408913387,8.204735025343699e-07,bins are display-only; KDE from continuous Monte Carlo draws
english_can_afford_nonmetro_modest,English · can afford private · non-metro · modest prep,government_mbbs,annual_if_employed_kde,592814.6643540203,7.688094841885404e-07,bins are display-only; KDE from continuous Monte Carlo draws
english_can_afford_nonmetro_modest,English · can afford private · non-metro · modest prep,government_mbbs,annual_if_employed_kde,626959.3878167018,7.192537645149151e-07,bins are display-only; KDE from continuous Monte Carlo draws
english_can_afford_nonmetro_modest,English · can afford private · non-metro · modest prep,government_mbbs,annual_if_employed_kde,661104.1112793833,6.726870213714013e-07,bins are display-only; KDE from continuous Monte Carlo draws
english_can_afford_nonmetro_modest,English · can afford private · non-metro · modest prep,government_mbbs,annual_if_employed_kde,695248.8347420649,6.296323665397786e-07,bins are display-only; KDE from continuous Monte Carlo draws
english_can_afford_nonmetro_modest,English · can afford private · non-metro · modest prep,government_mbbs,annual_if_employed_kde,729393.5582047465,5.902103369019392e-07,bins are display-only; KDE from continuous Monte Carlo draws
english_can_afford_nonmetro_modest,English · can afford private · non-metro · modest prep,government_mbbs,annual_if_employed_kde,763538.281667428,5.54159821946124e-07,bins are display-only; KDE from continuous Monte Carlo draws
english_can_afford_nonmetro_modest,English · can afford private · non-metro · modest prep,government_mbbs,annual_if_employed_kde,797683.0051301095,5.209410779718134e-07,bins are display-only; KDE from continuous Monte Carlo draws
english_can_afford_nonmetro_modest,English · can afford private · non-metro · modest prep,government_mbbs,annual_if_employed_kde,831827.728592791,4.898667259785519e-07,bins are display-only; KDE from continuous Monte Carlo draws
english_can_afford_nonmetro_modest,English · can afford private · non-metro · modest prep,government_mbbs,annual_if_employed_kde,865972.4520554725,4.602463659197968e-07,bins are display-only; KDE from continuous Monte Carlo draws
english_can_afford_nonmetro_modest,English · can afford private · non-metro · modest prep,government_mbbs,annual_if_employed_kde,900117.1755181542,4.315415309638829e-07,bins are display-only; KDE from continuous Monte Carlo draws
english_can_afford_nonmetro_modest,English · can afford private · non-metro · modest prep,government_mbbs,annual_if_employed_kde,934261.8989808357,4.0349026364541044e-07,bins are display-only; KDE from continuous Monte Carlo draws
english_can_afford_nonmetro_modest,English · can afford private · non-metro · modest prep,government_mbbs,annual_if_employed_kde,968406.6224435172,3.7614181083810456e-07,bins are display-only; KDE from continuous Monte Carlo draws
english_can_afford_nonmetro_modest,English · can afford private · non-metro · modest prep,government_mbbs,annual_if_employed_kde,1002551.3459061987,3.4978159344711524e-07,bins are display-only; KDE from continuous Monte Carlo draws
english_can_afford_nonmetro_modest,English · can afford private · non-metro · modest prep,government_mbbs,annual_if_employed_kde,1036696.0693688802,3.2478822688816366e-07,bins are display-only; KDE from continuous Monte Carlo draws
english_can_afford_nonmetro_modest,English · can afford private · non-metro · modest prep,government_mbbs,annual_if_employed_kde,1070840.792831562,3.014923654637915e-07,bins are display-only; KDE from continuous Monte Carlo draws
english_can_afford_nonmetro_modest,English · can afford private · non-metro · modest prep,government_mbbs,annual_if_employed_kde,1104985.5162942435,2.800883752687747e-07,bins are display-only; KDE from continuous Monte Carlo draws
english_can_afford_nonmetro_modest,English · can afford private · non-metro · modest prep,government_mbbs,annual_if_employed_kde,1139130.239756925,2.606111339104128e-07,bins are display-only; KDE from continuous Monte Carlo draws
english_can_afford_nonmetro_modest,English · can afford private · non-metro · modest prep,government_mbbs,annual_if_employed_kde,1173274.9632196066,2.4296130426338465e-07,bins are display-only; KDE from continuous Monte Carlo draws
english_can_afford_nonmetro_modest,English · can afford private · non-metro · modest prep,government_mbbs,annual_if_employed_kde,1207419.686682288,2.2695339960634395e-07,bins are display-only; KDE from continuous Monte Carlo draws
english_can_afford_nonmetro_modest,English · can afford private · non-metro · modest prep,government_mbbs,annual_if_employed_kde,1241564.4101449696,2.123657826065081e-07,bins are display-only; KDE from continuous Monte Carlo draws
english_can_afford_nonmetro_modest,English · can afford private · non-metro · modest prep,government_mbbs,annual_if_employed_kde,1275709.133607651,1.9898073416387468e-07,bins are display-only; KDE from continuous Monte Carlo draws
english_can_afford_nonmetro_modest,English · can afford private · non-metro · modest prep,government_mbbs,annual_if_employed_kde,1309853.8570703326,1.8661018055544966e-07,bins are display-only; KDE from continuous Monte Carlo draws
english_can_afford_nonmetro_modest,English · can afford private · non-metro · modest prep,government_mbbs,annual_if_employed_kde,1343998.5805330144,1.7510730180055475e-07,bins are display-only; KDE from continuous Monte Carlo draws
english_can_afford_nonmetro_modest,English · can afford private · non-metro · modest prep,government_mbbs,annual_if_employed_kde,1378143.303995696,1.6436674836194387e-07,bins are display-only; KDE from continuous Monte Carlo draws
english_can_afford_nonmetro_modest,English · can afford private · non-metro · modest prep,government_mbbs,annual_if_employed_kde,1412288.0274583774,1.543173429515345e-07,bins are display-only; KDE from continuous Monte Carlo draws
english_can_afford_nonmetro_modest,English · can afford private · non-metro · modest prep,government_mbbs,annual_if_employed_kde,1446432.750921059,1.449113159828882e-07,bins are display-only; KDE from continuous Monte Carlo draws
english_can_afford_nonmetro_modest,English · can afford private · non-metro · modest prep,government_mbbs,annual_if_employed_kde,1480577.4743837405,1.3611351935121218e-07,bins are display-only; KDE from continuous Monte Carlo draws
english_can_afford_nonmetro_modest,English · can afford private · non-metro · modest prep,government_mbbs,annual_if_employed_kde,1514722.197846422,1.2789294809925325e-07,bins are display-only; KDE from continuous Monte Carlo draws
english_can_afford_nonmetro_modest,English · can afford private · non-metro · modest prep,government_mbbs,annual_if_employed_kde,1548866.9213091035,1.2021762167374467e-07,bins are display-only; KDE from continuous Monte Carlo draws
english_can_afford_nonmetro_modest,English · can afford private · non-metro · modest prep,government_mbbs,annual_if_employed_kde,1583011.644771785,1.1305276280401189e-07,bins are display-only; KDE from continuous Monte Carlo draws
english_can_afford_nonmetro_modest,English · can afford private · non-metro · modest prep,government_mbbs,annual_if_employed_kde,1617156.3682344665,1.0636146923095203e-07,bins are display-only; KDE from continuous Monte Carlo draws
english_can_afford_nonmetro_modest,English · can afford private · non-metro · modest prep,government_mbbs,annual_if_employed_kde,1651301.091697148,1.0010675778175031e-07,bins are display-only; KDE from continuous Monte Carlo draws
english_can_afford_nonmetro_modest,English · can afford private · non-metro · modest prep,government_mbbs,annual_if_employed_kde,1685445.8151598296,9.425390713969126e-08,bins are display-only; KDE from continuous Monte Carlo draws
english_can_afford_nonmetro_modest,English · can afford private · non-metro · modest prep,government_mbbs,annual_if_employed_kde,1719590.5386225113,8.877230589831549e-08,bins are display-only; KDE from continuous Monte Carlo draws
english_can_afford_nonmetro_modest,English · can afford private · non-metro · modest prep,government_mbbs,annual_if_employed_kde,1753735.2620851928,8.363638567993431e-08,bins are display-only; KDE from continuous Monte Carlo draws
english_can_afford_nonmetro_modest,English · can afford private · non-metro · modest prep,government_mbbs,annual_if_employed_kde,1787879.9855478744,7.882557036456291e-08,bins are display-only; KDE from continuous Monte Carlo draws
english_can_afford_nonmetro_modest,English · can afford private · non-metro · modest prep,government_mbbs,annual_if_employed_kde,1822024.7090105559,7.43234299422607e-08,bins are display-only; KDE from continuous Monte Carlo draws
english_can_afford_nonmetro_modest,English · can afford private · non-metro · modest prep,government_mbbs,annual_if_employed_kde,1856169.4324732374,7.011636381972859e-08,bins are display-only; KDE from continuous Monte Carlo draws
english_can_afford_nonmetro_modest,English · can afford private · non-metro · modest prep,government_mbbs,annual_if_employed_kde,1890314.155935919,6.61921619073525e-08,bins are display-only; KDE from continuous Monte Carlo draws
english_can_afford_nonmetro_modest,English · can afford private · non-metro · modest prep,government_mbbs,annual_if_employed_kde,1924458.8793986004,6.253873282490167e-08,bins are display-only; KDE from continuous Monte Carlo draws
english_can_afford_nonmetro_modest,English · can afford private · non-metro · modest prep,government_mbbs,annual_if_employed_kde,1958603.602861282,5.9143185524528374e-08,bins are display-only; KDE from continuous Monte Carlo draws
english_can_afford_nonmetro_modest,English · can afford private · non-metro · modest prep,government_mbbs,annual_if_employed_kde,1992748.3263239635,5.599133897931598e-08,bins are display-only; KDE from continuous Monte Carlo draws
english_can_afford_nonmetro_modest,English · can afford private · non-metro · modest prep,government_mbbs,annual_if_employed_kde,2026893.049786645,5.3067640033358844e-08,bins are display-only; KDE from continuous Monte Carlo draws
english_can_afford_nonmetro_modest,English · can afford private · non-metro · modest prep,government_mbbs,annual_if_employed_kde,2061037.7732493265,5.0355405706053885e-08,bins are display-only; KDE from continuous Monte Carlo draws
english_can_afford_nonmetro_modest,English · can afford private · non-metro · modest prep,private_mbbs,annual_if_employed_kde,46499.08895111566,4.023231520772373e-07,bins are display-only; KDE from continuous Monte Carlo draws
english_can_afford_nonmetro_modest,English · can afford private · non-metro · modest prep,private_mbbs,annual_if_employed_kde,80643.81241379719,8.612875773771299e-07,bins are display-only; KDE from continuous Monte Carlo draws
english_can_afford_nonmetro_modest,English · can afford private · non-metro · modest prep,private_mbbs,annual_if_employed_kde,114788.53587647874,1.1680750177626102e-06,bins are display-only; KDE from continuous Monte Carlo draws
english_can_afford_nonmetro_modest,English · can afford private · non-metro · modest prep,private_mbbs,annual_if_employed_kde,148933.2593391603,1.2937256583301443e-06,bins are display-only; KDE from continuous Monte Carlo draws
english_can_afford_nonmetro_modest,English · can afford private · non-metro · modest prep,private_mbbs,annual_if_employed_kde,183077.9828018418,1.3662854315243068e-06,bins are display-only; KDE from continuous Monte Carlo draws
english_can_afford_nonmetro_modest,English · can afford private · non-metro · modest prep,private_mbbs,annual_if_employed_kde,217222.70626452338,1.3443176331462658e-06,bins are display-only; KDE from continuous Monte Carlo draws
english_can_afford_nonmetro_modest,English · can afford private · non-metro · modest prep,private_mbbs,annual_if_employed_kde,251367.4297272049,1.323868158954333e-06,bins are display-only; KDE from continuous Monte Carlo draws
english_can_afford_nonmetro_modest,English · can afford private · non-metro · modest prep,private_mbbs,annual_if_employed_kde,285512.1531898864,1.290975357275589e-06,bins are display-only; KDE from continuous Monte Carlo draws
english_can_afford_nonmetro_modest,English · can afford private · non-metro · modest prep,private_mbbs,annual_if_employed_kde,319656.876652568,1.2183478032328527e-06,bins are display-only; KDE from continuous Monte Carlo draws
english_can_afford_nonmetro_modest,English · can afford private · non-metro · modest prep,private_mbbs,annual_if_employed_kde,353801.6001152495,1.1415755451676741e-06,bins are display-only; KDE from continuous Monte Carlo draws
english_can_afford_nonmetro_modest,English · can afford private · non-metro · modest prep,private_mbbs,annual_if_employed_kde,387946.3235779311,1.0799128006806605e-06,bins are display-only; KDE from continuous Monte Carlo draws
english_can_afford_nonmetro_modest,English · can afford private · non-metro · modest prep,private_mbbs,annual_if_employed_kde,422091.0470406126,1.0237989362381365e-06,bins are display-only; KDE from continuous Monte Carlo draws
english_can_afford_nonmetro_modest,English · can afford private · non-metro · modest prep,private_mbbs,annual_if_employed_kde,456235.77050329413,9.645738810180239e-07,bins are display-only; KDE from continuous Monte Carlo draws
english_can_afford_nonmetro_modest,English · can afford private · non-metro · modest prep,private_mbbs,annual_if_employed_kde,490380.4939659757,9.023402254669001e-07,bins are display-only; KDE from continuous Monte Carlo draws
english_can_afford_nonmetro_modest,English · can afford private · non-metro · modest prep,private_mbbs,annual_if_employed_kde,524525.2174286572,8.406240786192848e-07,bins are display-only; KDE from continuous Monte Carlo draws
english_can_afford_nonmetro_modest,English · can afford private · non-metro · modest prep,private_mbbs,annual_if_employed_kde,558669.9408913387,7.836330170949735e-07,bins are display-only; KDE from continuous Monte Carlo draws
english_can_afford_nonmetro_modest,English · can afford private · non-metro · modest prep,private_mbbs,annual_if_employed_kde,592814.6643540203,7.342262097028198e-07,bins are display-only; KDE from continuous Monte Carlo draws
english_can_afford_nonmetro_modest,English · can afford private · non-metro · modest prep,private_mbbs,annual_if_employed_kde,626959.3878167018,6.923670647095306e-07,bins are display-only; KDE from continuous Monte Carlo draws
english_can_afford_nonmetro_modest,English · can afford private · non-metro · modest prep,private_mbbs,annual_if_employed_kde,661104.1112793833,6.557082301855349e-07,bins are display-only; KDE from continuous Monte Carlo draws
english_can_afford_nonmetro_modest,English · can afford private · non-metro · modest prep,private_mbbs,annual_if_employed_kde,695248.8347420649,6.212920937111419e-07,bins are display-only; KDE from continuous Monte Carlo draws
english_can_afford_nonmetro_modest,English · can afford private · non-metro · modest prep,private_mbbs,annual_if_employed_kde,729393.5582047465,5.868808186683662e-07,bins are display-only; KDE from continuous Monte Carlo draws
english_can_afford_nonmetro_modest,English · can afford private · non-metro · modest prep,private_mbbs,annual_if_employed_kde,763538.281667428,5.515395944660224e-07,bins are display-only; KDE from continuous Monte Carlo draws
english_can_afford_nonmetro_modest,English · can afford private · non-metro · modest prep,private_mbbs,annual_if_employed_kde,797683.0051301095,5.155828376640364e-07,bins are display-only; KDE from continuous Monte Carlo draws
english_can_afford_nonmetro_modest,English · can afford private · non-metro · modest prep,private_mbbs,annual_if_employed_kde,831827.728592791,4.800638615215242e-07,bins are display-only; KDE from continuous Monte Carlo draws
english_can_afford_nonmetro_modest,English · can afford private · non-metro · modest prep,private_mbbs,annual_if_employed_kde,865972.4520554725,4.4611954497973645e-07,bins are display-only; KDE from continuous Monte Carlo draws
english_can_afford_nonmetro_modest,English · can afford private · non-metro · modest prep,private_mbbs,annual_if_employed_kde,900117.1755181542,4.145099475386145e-07,bins are display-only; KDE from continuous Monte Carlo draws
english_can_afford_nonmetro_modest,English · can afford private · non-metro · modest prep,private_mbbs,annual_if_employed_kde,934261.8989808357,3.8549975952637876e-07,bins are display-only; KDE from continuous Monte Carlo draws
english_can_afford_nonmetro_modest,English · can afford private · non-metro · modest prep,private_mbbs,annual_if_employed_kde,968406.6224435172,3.589923714385415e-07,bins are display-only; KDE from continuous Monte Carlo draws
english_can_afford_nonmetro_modest,English · can afford private · non-metro · modest prep,private_mbbs,annual_if_employed_kde,1002551.3459061987,3.3473314609217917e-07,bins are display-only; KDE from continuous Monte Carlo draws
english_can_afford_nonmetro_modest,English · can afford private · non-metro · modest prep,private_mbbs,annual_if_employed_kde,1036696.0693688802,3.1245217718199676e-07,bins are display-only; KDE from continuous Monte Carlo draws
english_can_afford_nonmetro_modest,English · can afford private · non-metro · modest prep,private_mbbs,annual_if_employed_kde,1070840.792831562,2.919170191131662e-07,bins are display-only; KDE from continuous Monte Carlo draws
english_can_afford_nonmetro_modest,English · can afford private · non-metro · modest prep,private_mbbs,annual_if_employed_kde,1104985.5162942435,2.7293000868374784e-07,bins are display-only; KDE from continuous Monte Carlo draws
english_can_afford_nonmetro_modest,English · can afford private · non-metro · modest prep,private_mbbs,annual_if_employed_kde,1139130.239756925,2.5531466741956577e-07,bins are display-only; KDE from continuous Monte Carlo draws
english_can_afford_nonmetro_modest,English · can afford private · non-metro · modest prep,private_mbbs,annual_if_employed_kde,1173274.9632196066,2.3891439663319966e-07,bins are display-only; KDE from continuous Monte Carlo draws
english_can_afford_nonmetro_modest,English · can afford private · non-metro · modest prep,private_mbbs,annual_if_employed_kde,1207419.686682288,2.2360285049335805e-07,bins are display-only; KDE from continuous Monte Carlo draws
english_can_afford_nonmetro_modest,English · can afford private · non-metro · modest prep,private_mbbs,annual_if_employed_kde,1241564.4101449696,2.0929413018269195e-07,bins are display-only; KDE from continuous Monte Carlo draws
english_can_afford_nonmetro_modest,English · can afford private · non-metro · modest prep,private_mbbs,annual_if_employed_kde,1275709.133607651,1.9594282003864813e-07,bins are display-only; KDE from continuous Monte Carlo draws
english_can_afford_nonmetro_modest,English · can afford private · non-metro · modest prep,private_mbbs,annual_if_employed_kde,1309853.8570703326,1.835319416091379e-07,bins are display-only; KDE from continuous Monte Carlo draws
english_can_afford_nonmetro_modest,English · can afford private · non-metro · modest prep,private_mbbs,annual_if_employed_kde,1343998.5805330144,1.720539855680558e-07,bins are display-only; KDE from continuous Monte Carlo draws
english_can_afford_nonmetro_modest,English · can afford private · non-metro · modest prep,private_mbbs,annual_if_employed_kde,1378143.303995696,1.614927253086589e-07,bins are display-only; KDE from continuous Monte Carlo draws
english_can_afford_nonmetro_modest,English · can afford private · non-metro · modest prep,private_mbbs,annual_if_employed_kde,1412288.0274583774,1.5181173752115752e-07,bins are display-only; KDE from continuous Monte Carlo draws
english_can_afford_nonmetro_modest,English · can afford private · non-metro · modest prep,private_mbbs,annual_if_employed_kde,1446432.750921059,1.4295171468671758e-07,bins are display-only; KDE from continuous Monte Carlo draws
english_can_afford_nonmetro_modest,English · can afford private · non-metro · modest prep,private_mbbs,annual_if_employed_kde,1480577.4743837405,1.3483511355777913e-07,bins are display-only; KDE from continuous Monte Carlo draws
english_can_afford_nonmetro_modest,English · can afford private · non-metro · modest prep,private_mbbs,annual_if_employed_kde,1514722.197846422,1.2737477692074715e-07,bins are display-only; KDE from continuous Monte Carlo draws
english_can_afford_nonmetro_modest,English · can afford private · non-metro · modest prep,private_mbbs,annual_if_employed_kde,1548866.9213091035,1.2048303864864794e-07,bins are display-only; KDE from continuous Monte Carlo draws
english_can_afford_nonmetro_modest,English · can afford private · non-metro · modest prep,private_mbbs,annual_if_employed_kde,1583011.644771785,1.1407886440232141e-07,bins are display-only; KDE from continuous Monte Carlo draws
english_can_afford_nonmetro_modest,English · can afford private · non-metro · modest prep,private_mbbs,annual_if_employed_kde,1617156.3682344665,1.0809199074319702e-07,bins are display-only; KDE from continuous Monte Carlo draws
english_can_afford_nonmetro_modest,English · can afford private · non-metro · modest prep,private_mbbs,annual_if_employed_kde,1651301.091697148,1.0246420098774625e-07,bins are display-only; KDE from continuous Monte Carlo draws
english_can_afford_nonmetro_modest,English · can afford private · non-metro · modest prep,private_mbbs,annual_if_employed_kde,1685445.8151598296,9.714854788927818e-08,bins are display-only; KDE from continuous Monte Carlo draws
english_can_afford_nonmetro_modest,English · can afford private · non-metro · modest prep,private_mbbs,annual_if_employed_kde,1719590.5386225113,9.210751209970741e-08,bins are display-only; KDE from continuous Monte Carlo draws
english_can_afford_nonmetro_modest,English · can afford private · non-metro · modest prep,private_mbbs,annual_if_employed_kde,1753735.2620851928,8.731093082217934e-08,bins are display-only; KDE from continuous Monte Carlo draws
english_can_afford_nonmetro_modest,English · can afford private · non-metro · modest prep,private_mbbs,annual_if_employed_kde,1787879.9855478744,8.273423003184209e-08,bins are display-only; KDE from continuous Monte Carlo draws
english_can_afford_nonmetro_modest,English · can afford private · non-metro · modest prep,private_mbbs,annual_if_employed_kde,1822024.7090105559,7.83571890608426e-08,bins are display-only; KDE from continuous Monte Carlo draws
english_can_afford_nonmetro_modest,English · can afford private · non-metro · modest prep,private_mbbs,annual_if_employed_kde,1856169.4324732374,7.416323579701347e-08,bins are display-only; KDE from continuous Monte Carlo draws
english_can_afford_nonmetro_modest,English · can afford private · non-metro · modest prep,private_mbbs,annual_if_employed_kde,1890314.155935919,7.013913661039072e-08,bins are display-only; KDE from continuous Monte Carlo draws
english_can_afford_nonmetro_modest,English · can afford private · non-metro · modest prep,private_mbbs,annual_if_employed_kde,1924458.8793986004,6.627489615700743e-08,bins are display-only; KDE from continuous Monte Carlo draws
english_can_afford_nonmetro_modest,English · can afford private · non-metro · modest prep,private_mbbs,annual_if_employed_kde,1958603.602861282,6.256369334451583e-08,bins are display-only; KDE from continuous Monte Carlo draws
english_can_afford_nonmetro_modest,English · can afford private · non-metro · modest prep,private_mbbs,annual_if_employed_kde,1992748.3263239635,5.900172485544726e-08,bins are display-only; KDE from continuous Monte Carlo draws
english_can_afford_nonmetro_modest,English · can afford private · non-metro · modest prep,private_mbbs,annual_if_employed_kde,2026893.049786645,5.558788548828539e-08,bins are display-only; KDE from continuous Monte Carlo draws
english_can_afford_nonmetro_modest,English · can afford private · non-metro · modest prep,private_mbbs,annual_if_employed_kde,2061037.7732493265,5.2323270377325846e-08,bins are display-only; KDE from continuous Monte Carlo draws
english_can_afford_nonmetro_modest,English · can afford private · non-metro · modest prep,engineering,annual_if_employed_kde,46499.08895111566,3.300619471226292e-07,bins are display-only; KDE from continuous Monte Carlo draws
english_can_afford_nonmetro_modest,English · can afford private · non-metro · modest prep,engineering,annual_if_employed_kde,80643.81241379719,1.1757357291901565e-06,bins are display-only; KDE from continuous Monte Carlo draws
english_can_afford_nonmetro_modest,English · can afford private · non-metro · modest prep,engineering,annual_if_employed_kde,114788.53587647874,1.712536382201283e-06,bins are display-only; KDE from continuous Monte Carlo draws
english_can_afford_nonmetro_modest,English · can afford private · non-metro · modest prep,engineering,annual_if_employed_kde,148933.2593391603,2.0153518626805222e-06,bins are display-only; KDE from continuous Monte Carlo draws
english_can_afford_nonmetro_modest,English · can afford private · non-metro · modest prep,engineering,annual_if_employed_kde,183077.9828018418,2.0506495002490365e-06,bins are display-only; KDE from continuous Monte Carlo draws
english_can_afford_nonmetro_modest,English · can afford private · non-metro · modest prep,engineering,annual_if_employed_kde,217222.70626452338,1.9962670861961827e-06,bins are display-only; KDE from continuous Monte Carlo draws
english_can_afford_nonmetro_modest,English · can afford private · non-metro · modest prep,engineering,annual_if_employed_kde,251367.4297272049,1.8831081836730273e-06,bins are display-only; KDE from continuous Monte Carlo draws
english_can_afford_nonmetro_modest,English · can afford private · non-metro · modest prep,engineering,annual_if_employed_kde,285512.1531898864,1.7734069451169703e-06,bins are display-only; KDE from continuous Monte Carlo draws
english_can_afford_nonmetro_modest,English · can afford private · non-metro · modest prep,engineering,annual_if_employed_kde,319656.876652568,1.6465769786597196e-06,bins are display-only; KDE from continuous Monte Carlo draws
english_can_afford_nonmetro_modest,English · can afford private · non-metro · modest prep,engineering,annual_if_employed_kde,353801.6001152495,1.4878566858596335e-06,bins are display-only; KDE from continuous Monte Carlo draws
english_can_afford_nonmetro_modest,English · can afford private · non-metro · modest prep,engineering,annual_if_employed_kde,387946.3235779311,1.3472613891878412e-06,bins are display-only; KDE from continuous Monte Carlo draws
english_can_afford_nonmetro_modest,English · can afford private · non-metro · modest prep,engineering,annual_if_employed_kde,422091.0470406126,1.2267253861979677e-06,bins are display-only; KDE from continuous Monte Carlo draws
english_can_afford_nonmetro_modest,English · can afford private · non-metro · modest prep,engineering,annual_if_employed_kde,456235.77050329413,1.1048322409612332e-06,bins are display-only; KDE from continuous Monte Carlo draws
english_can_afford_nonmetro_modest,English · can afford private · non-metro · modest prep,engineering,annual_if_employed_kde,490380.4939659757,9.846708378317646e-07,bins are display-only; KDE from continuous Monte Carlo draws
english_can_afford_nonmetro_modest,English · can afford private · non-metro · modest prep,engineering,annual_if_employed_kde,524525.2174286572,8.736075870559411e-07,bins are display-only; KDE from continuous Monte Carlo draws
english_can_afford_nonmetro_modest,English · can afford private · non-metro · modest prep,engineering,annual_if_employed_kde,558669.9408913387,7.705127237414015e-07,bins are display-only; KDE from continuous Monte Carlo draws
english_can_afford_nonmetro_modest,English · can afford private · non-metro · modest prep,engineering,annual_if_employed_kde,592814.6643540203,6.776163760998813e-07,bins are display-only; KDE from continuous Monte Carlo draws
english_can_afford_nonmetro_modest,English · can afford private · non-metro · modest prep,engineering,annual_if_employed_kde,626959.3878167018,5.993404825410425e-07,bins are display-only; KDE from continuous Monte Carlo draws
english_can_afford_nonmetro_modest,English · can afford private · non-metro · modest prep,engineering,annual_if_employed_kde,661104.1112793833,5.352336699766189e-07,bins are display-only; KDE from continuous Monte Carlo draws
english_can_afford_nonmetro_modest,English · can afford private · non-metro · modest prep,engineering,annual_if_employed_kde,695248.8347420649,4.813524510782795e-07,bins are display-only; KDE from continuous Monte Carlo draws
english_can_afford_nonmetro_modest,English · can afford private · non-metro · modest prep,engineering,annual_if_employed_kde,729393.5582047465,4.342555576353074e-07,bins are display-only; KDE from continuous Monte Carlo draws
english_can_afford_nonmetro_modest,English · can afford private · non-metro · modest prep,engineering,annual_if_employed_kde,763538.281667428,3.921077830715078e-07,bins are display-only; KDE from continuous Monte Carlo draws
english_can_afford_nonmetro_modest,English · can afford private · non-metro · modest prep,engineering,annual_if_employed_kde,797683.0051301095,3.541038262861767e-07,bins are display-only; KDE from continuous Monte Carlo draws
english_can_afford_nonmetro_modest,English · can afford private · non-metro · modest prep,engineering,annual_if_employed_kde,831827.728592791,3.198466845225815e-07,bins are display-only; KDE from continuous Monte Carlo draws
english_can_afford_nonmetro_modest,English · can afford private · non-metro · modest prep,engineering,annual_if_employed_kde,865972.4520554725,2.8897998125557665e-07,bins are display-only; KDE from continuous Monte Carlo draws
english_can_afford_nonmetro_modest,English · can afford private · non-metro · modest prep,engineering,annual_if_employed_kde,900117.1755181542,2.6108007738995525e-07,bins are display-only; KDE from continuous Monte Carlo draws
english_can_afford_nonmetro_modest,English · can afford private · non-metro · modest prep,engineering,annual_if_employed_kde,934261.8989808357,2.3575840602156784e-07,bins are display-only; KDE from continuous Monte Carlo draws
english_can_afford_nonmetro_modest,English · can afford private · non-metro · modest prep,engineering,annual_if_employed_kde,968406.6224435172,2.1279022117368053e-07,bins are display-only; KDE from continuous Monte Carlo draws
english_can_afford_nonmetro_modest,English · can afford private · non-metro · modest prep,engineering,annual_if_employed_kde,1002551.3459061987,1.9211437646830362e-07,bins are display-only; KDE from continuous Monte Carlo draws
english_can_afford_nonmetro_modest,English · can afford private · non-metro · modest prep,engineering,annual_if_employed_kde,1036696.0693688802,1.7371183453402777e-07,bins are display-only; KDE from continuous Monte Carlo draws
english_can_afford_nonmetro_modest,English · can afford private · non-metro · modest prep,engineering,annual_if_employed_kde,1070840.792831562,1.5747474369500035e-07,bins are display-only; KDE from continuous Monte Carlo draws
english_can_afford_nonmetro_modest,English · can afford private · non-metro · modest prep,engineering,annual_if_employed_kde,1104985.5162942435,1.4315639726930174e-07,bins are display-only; KDE from continuous Monte Carlo draws
english_can_afford_nonmetro_modest,English · can afford private · non-metro · modest prep,engineering,annual_if_employed_kde,1139130.239756925,1.3041375797254307e-07,bins are display-only; KDE from continuous Monte Carlo draws
english_can_afford_nonmetro_modest,English · can afford private · non-metro · modest prep,engineering,annual_if_employed_kde,1173274.9632196066,1.1889741653109823e-07,bins are display-only; KDE from continuous Monte Carlo draws
english_can_afford_nonmetro_modest,English · can afford private · non-metro · modest prep,engineering,annual_if_employed_kde,1207419.686682288,1.0833337422397503e-07,bins are display-only; KDE from continuous Monte Carlo draws
english_can_afford_nonmetro_modest,English · can afford private · non-metro · modest prep,engineering,annual_if_employed_kde,1241564.4101449696,9.856168887323555e-08,bins are display-only; KDE from continuous Monte Carlo draws
english_can_afford_nonmetro_modest,English · can afford private · non-metro · modest prep,engineering,annual_if_employed_kde,1275709.133607651,8.952622689476985e-08,bins are display-only; KDE from continuous Monte Carlo draws
english_can_afford_nonmetro_modest,English · can afford private · non-metro · modest prep,engineering,annual_if_employed_kde,1309853.8570703326,8.123218085021084e-08,bins are display-only; KDE from continuous Monte Carlo draws
english_can_afford_nonmetro_modest,English · can afford private · non-metro · modest prep,engineering,annual_if_employed_kde,1343998.5805330144,7.369670772209552e-08,bins are display-only; KDE from continuous Monte Carlo draws
english_can_afford_nonmetro_modest,English · can afford private · non-metro · modest prep,engineering,annual_if_employed_kde,1378143.303995696,6.691334994346383e-08,bins are display-only; KDE from continuous Monte Carlo draws
english_can_afford_nonmetro_modest,English · can afford private · non-metro · modest prep,engineering,annual_if_employed_kde,1412288.0274583774,6.083876821212026e-08,bins are display-only; KDE from continuous Monte Carlo draws
english_can_afford_nonmetro_modest,English · can afford private · non-metro · modest prep,engineering,annual_if_employed_kde,1446432.750921059,5.5398550754840334e-08,bins are display-only; KDE from continuous Monte Carlo draws
english_can_afford_nonmetro_modest,English · can afford private · non-metro · modest prep,engineering,annual_if_employed_kde,1480577.4743837405,5.0502737677947156e-08,bins are display-only; KDE from continuous Monte Carlo draws
english_can_afford_nonmetro_modest,English · can afford private · non-metro · modest prep,engineering,annual_if_employed_kde,1514722.197846422,4.606190520908173e-08,bins are display-only; KDE from continuous Monte Carlo draws
english_can_afford_nonmetro_modest,English · can afford private · non-metro · modest prep,engineering,annual_if_employed_kde,1548866.9213091035,4.199850654163316e-08,bins are display-only; KDE from continuous Monte Carlo draws
english_can_afford_nonmetro_modest,English · can afford private · non-metro · modest prep,engineering,annual_if_employed_kde,1583011.644771785,3.825231167607103e-08,bins are display-only; KDE from continuous Monte Carlo draws
english_can_afford_nonmetro_modest,English · can afford private · non-metro · modest prep,engineering,annual_if_employed_kde,1617156.3682344665,3.478124308267741e-08,bins are display-only; KDE from continuous Monte Carlo draws
english_can_afford_nonmetro_modest,English · can afford private · non-metro · modest prep,engineering,annual_if_employed_kde,1651301.091697148,3.155946540289788e-08,bins are display-only; KDE from continuous Monte Carlo draws
english_can_afford_nonmetro_modest,English · can afford private · non-metro · modest prep,engineering,annual_if_employed_kde,1685445.8151598296,2.8574091362817184e-08,bins are display-only; KDE from continuous Monte Carlo draws
english_can_afford_nonmetro_modest,English · can afford private · non-metro · modest prep,engineering,annual_if_employed_kde,1719590.5386225113,2.5821228479661106e-08,bins are display-only; KDE from continuous Monte Carlo draws
english_can_afford_nonmetro_modest,English · can afford private · non-metro · modest prep,engineering,annual_if_employed_kde,1753735.2620851928,2.33017752645061e-08,bins are display-only; KDE from continuous Monte Carlo draws
english_can_afford_nonmetro_modest,English · can afford private · non-metro · modest prep,engineering,annual_if_employed_kde,1787879.9855478744,2.101737298587136e-08,bins are display-only; KDE from continuous Monte Carlo draws
english_can_afford_nonmetro_modest,English · can afford private · non-metro · modest prep,engineering,annual_if_employed_kde,1822024.7090105559,1.8967001299380375e-08,bins are display-only; KDE from continuous Monte Carlo draws
english_can_afford_nonmetro_modest,English · can afford private · non-metro · modest prep,engineering,annual_if_employed_kde,1856169.4324732374,1.714467540771451e-08,bins are display-only; KDE from continuous Monte Carlo draws
english_can_afford_nonmetro_modest,English · can afford private · non-metro · modest prep,engineering,annual_if_employed_kde,1890314.155935919,1.5538505010644156e-08,bins are display-only; KDE from continuous Monte Carlo draws
english_can_afford_nonmetro_modest,English · can afford private · non-metro · modest prep,engineering,annual_if_employed_kde,1924458.8793986004,1.4131082279484383e-08,bins are display-only; KDE from continuous Monte Carlo draws
english_can_afford_nonmetro_modest,English · can afford private · non-metro · modest prep,engineering,annual_if_employed_kde,1958603.602861282,1.2900894238844696e-08,bins are display-only; KDE from continuous Monte Carlo draws
english_can_afford_nonmetro_modest,English · can afford private · non-metro · modest prep,engineering,annual_if_employed_kde,1992748.3263239635,1.182429440609607e-08,bins are display-only; KDE from continuous Monte Carlo draws
english_can_afford_nonmetro_modest,English · can afford private · non-metro · modest prep,engineering,annual_if_employed_kde,2026893.049786645,1.0877549594521707e-08,bins are display-only; KDE from continuous Monte Carlo draws
english_can_afford_nonmetro_modest,English · can afford private · non-metro · modest prep,engineering,annual_if_employed_kde,2061037.7732493265,1.0038575552047792e-08,bins are display-only; KDE from continuous Monte Carlo draws
english_can_afford_nonmetro_modest,English · can afford private · non-metro · modest prep,law,annual_if_employed_kde,46499.08895111566,5.919554087795399e-07,bins are display-only; KDE from continuous Monte Carlo draws
english_can_afford_nonmetro_modest,English · can afford private · non-metro · modest prep,law,annual_if_employed_kde,80643.81241379719,1.7058944821571288e-06,bins are display-only; KDE from continuous Monte Carlo draws
english_can_afford_nonmetro_modest,English · can afford private · non-metro · modest prep,law,annual_if_employed_kde,114788.53587647874,2.470061579892169e-06,bins are display-only; KDE from continuous Monte Carlo draws
english_can_afford_nonmetro_modest,English · can afford private · non-metro · modest prep,law,annual_if_employed_kde,148933.2593391603,2.748814393648165e-06,bins are display-only; KDE from continuous Monte Carlo draws
english_can_afford_nonmetro_modest,English · can afford private · non-metro · modest prep,law,annual_if_employed_kde,183077.9828018418,2.8058255458766923e-06,bins are display-only; KDE from continuous Monte Carlo draws
english_can_afford_nonmetro_modest,English · can afford private · non-metro · modest prep,law,annual_if_employed_kde,217222.70626452338,2.568872787331962e-06,bins are display-only; KDE from continuous Monte Carlo draws
english_can_afford_nonmetro_modest,English · can afford private · non-metro · modest prep,law,annual_if_employed_kde,251367.4297272049,2.3405387067827278e-06,bins are display-only; KDE from continuous Monte Carlo draws
english_can_afford_nonmetro_modest,English · can afford private · non-metro · modest prep,law,annual_if_employed_kde,285512.1531898864,2.0649443853371796e-06,bins are display-only; KDE from continuous Monte Carlo draws
english_can_afford_nonmetro_modest,English · can afford private · non-metro · modest prep,law,annual_if_employed_kde,319656.876652568,1.7695312394009402e-06,bins are display-only; KDE from continuous Monte Carlo draws
english_can_afford_nonmetro_modest,English · can afford private · non-metro · modest prep,law,annual_if_employed_kde,353801.6001152495,1.5045165364501898e-06,bins are display-only; KDE from continuous Monte Carlo draws
english_can_afford_nonmetro_modest,English · can afford private · non-metro · modest prep,law,annual_if_employed_kde,387946.3235779311,1.2680115144818085e-06,bins are display-only; KDE from continuous Monte Carlo draws
english_can_afford_nonmetro_modest,English · can afford private · non-metro · modest prep,law,annual_if_employed_kde,422091.0470406126,1.0669567217372235e-06,bins are display-only; KDE from continuous Monte Carlo draws
english_can_afford_nonmetro_modest,English · can afford private · non-metro · modest prep,law,annual_if_employed_kde,456235.77050329413,9.052993361674748e-07,bins are display-only; KDE from continuous Monte Carlo draws
english_can_afford_nonmetro_modest,English · can afford private · non-metro · modest prep,law,annual_if_employed_kde,490380.4939659757,7.675741838325703e-07,bins are display-only; KDE from continuous Monte Carlo draws
english_can_afford_nonmetro_modest,English · can afford private · non-metro · modest prep,law,annual_if_employed_kde,524525.2174286572,6.467818693413694e-07,bins are display-only; KDE from continuous Monte Carlo draws
english_can_afford_nonmetro_modest,English · can afford private · non-metro · modest prep,law,annual_if_employed_kde,558669.9408913387,5.466390706287539e-07,bins are display-only; KDE from continuous Monte Carlo draws
english_can_afford_nonmetro_modest,English · can afford private · non-metro · modest prep,law,annual_if_employed_kde,592814.6643540203,4.664923938246679e-07,bins are display-only; KDE from continuous Monte Carlo draws
english_can_afford_nonmetro_modest,English · can afford private · non-metro · modest prep,law,annual_if_employed_kde,626959.3878167018,4.015531454700979e-07,bins are display-only; KDE from continuous Monte Carlo draws
english_can_afford_nonmetro_modest,English · can afford private · non-metro · modest prep,law,annual_if_employed_kde,661104.1112793833,3.4792738027244507e-07,bins are display-only; KDE from continuous Monte Carlo draws
english_can_afford_nonmetro_modest,English · can afford private · non-metro · modest prep,law,annual_if_employed_kde,695248.8347420649,3.0278479185737123e-07,bins are display-only; KDE from continuous Monte Carlo draws
english_can_afford_nonmetro_modest,English · can afford private · non-metro · modest prep,law,annual_if_employed_kde,729393.5582047465,2.634719182507844e-07,bins are display-only; KDE from continuous Monte Carlo draws
english_can_afford_nonmetro_modest,English · can afford private · non-metro · modest prep,law,annual_if_employed_kde,763538.281667428,2.2801138032487347e-07,bins are display-only; KDE from continuous Monte Carlo draws
english_can_afford_nonmetro_modest,English · can afford private · non-metro · modest prep,law,annual_if_employed_kde,797683.0051301095,1.956024969640573e-07,bins are display-only; KDE from continuous Monte Carlo draws
english_can_afford_nonmetro_modest,English · can afford private · non-metro · modest prep,law,annual_if_employed_kde,831827.728592791,1.6638730054812796e-07,bins are display-only; KDE from continuous Monte Carlo draws
english_can_afford_nonmetro_modest,English · can afford private · non-metro · modest prep,law,annual_if_employed_kde,865972.4520554725,1.4095110504888123e-07,bins are display-only; KDE from continuous Monte Carlo draws
english_can_afford_nonmetro_modest,English · can afford private · non-metro · modest prep,law,annual_if_employed_kde,900117.1755181542,1.1982573880946665e-07,bins are display-only; KDE from continuous Monte Carlo draws
english_can_afford_nonmetro_modest,English · can afford private · non-metro · modest prep,law,annual_if_employed_kde,934261.8989808357,1.0304972817979032e-07,bins are display-only; KDE from continuous Monte Carlo draws
english_can_afford_nonmetro_modest,English · can afford private · non-metro · modest prep,law,annual_if_employed_kde,968406.6224435172,8.999917809715608e-08,bins are display-only; KDE from continuous Monte Carlo draws
english_can_afford_nonmetro_modest,English · can afford private · non-metro · modest prep,law,annual_if_employed_kde,1002551.3459061987,7.96213556425958e-08,bins are display-only; KDE from continuous Monte Carlo draws
english_can_afford_nonmetro_modest,English · can afford private · non-metro · modest prep,law,annual_if_employed_kde,1036696.0693688802,7.087914772934137e-08,bins are display-only; KDE from continuous Monte Carlo draws
english_can_afford_nonmetro_modest,English · can afford private · non-metro · modest prep,law,annual_if_employed_kde,1070840.792831562,6.30839752867084e-08,bins are display-only; KDE from continuous Monte Carlo draws
english_can_afford_nonmetro_modest,English · can afford private · non-metro · modest prep,law,annual_if_employed_kde,1104985.5162942435,5.596036412303026e-08,bins are display-only; KDE from continuous Monte Carlo draws
english_can_afford_nonmetro_modest,English · can afford private · non-metro · modest prep,law,annual_if_employed_kde,1139130.239756925,4.950784928665337e-08,bins are display-only; KDE from continuous Monte Carlo draws
english_can_afford_nonmetro_modest,English · can afford private · non-metro · modest prep,law,annual_if_employed_kde,1173274.9632196066,4.381244053995416e-08,bins are display-only; KDE from continuous Monte Carlo draws
english_can_afford_nonmetro_modest,English · can afford private · non-metro · modest prep,law,annual_if_employed_kde,1207419.686682288,3.8915733291670925e-08,bins are display-only; KDE from continuous Monte Carlo draws
english_can_afford_nonmetro_modest,English · can afford private · non-metro · modest prep,law,annual_if_employed_kde,1241564.4101449696,3.476973704846548e-08,bins are display-only; KDE from continuous Monte Carlo draws
english_can_afford_nonmetro_modest,English · can afford private · non-metro · modest prep,law,annual_if_employed_kde,1275709.133607651,3.125405449604393e-08,bins are display-only; KDE from continuous Monte Carlo draws
english_can_afford_nonmetro_modest,English · can afford private · non-metro · modest prep,law,annual_if_employed_kde,1309853.8570703326,2.8218755212863755e-08,bins are display-only; KDE from continuous Monte Carlo draws
english_can_afford_nonmetro_modest,English · can afford private · non-metro · modest prep,law,annual_if_employed_kde,1343998.5805330144,2.5524860662870088e-08,bins are display-only; KDE from continuous Monte Carlo draws
english_can_afford_nonmetro_modest,English · can afford private · non-metro · modest prep,law,annual_if_employed_kde,1378143.303995696,2.30686892663491e-08,bins are display-only; KDE from continuous Monte Carlo draws
english_can_afford_nonmetro_modest,English · can afford private · non-metro · modest prep,law,annual_if_employed_kde,1412288.0274583774,2.078816557568817e-08,bins are display-only; KDE from continuous Monte Carlo draws
english_can_afford_nonmetro_modest,English · can afford private · non-metro · modest prep,law,annual_if_employed_kde,1446432.750921059,1.8656106512296544e-08,bins are display-only; KDE from continuous Monte Carlo draws
english_can_afford_nonmetro_modest,English · can afford private · non-metro · modest prep,law,annual_if_employed_kde,1480577.4743837405,1.6667690747086502e-08,bins are display-only; KDE from continuous Monte Carlo draws
english_can_afford_nonmetro_modest,English · can afford private · non-metro · modest prep,law,annual_if_employed_kde,1514722.197846422,1.4828167050611363e-08,bins are display-only; KDE from continuous Monte Carlo draws
english_can_afford_nonmetro_modest,English · can afford private · non-metro · modest prep,law,annual_if_employed_kde,1548866.9213091035,1.3144143589166008e-08,bins are display-only; KDE from continuous Monte Carlo draws
english_can_afford_nonmetro_modest,English · can afford private · non-metro · modest prep,law,annual_if_employed_kde,1583011.644771785,1.1619117689273219e-08,bins are display-only; KDE from continuous Monte Carlo draws
english_can_afford_nonmetro_modest,English · can afford private · non-metro · modest prep,law,annual_if_employed_kde,1617156.3682344665,1.025221208711768e-08,bins are display-only; KDE from continuous Monte Carlo draws
english_can_afford_nonmetro_modest,English · can afford private · non-metro · modest prep,law,annual_if_employed_kde,1651301.091697148,9.038576655094308e-09,bins are display-only; KDE from continuous Monte Carlo draws
english_can_afford_nonmetro_modest,English · can afford private · non-metro · modest prep,law,annual_if_employed_kde,1685445.8151598296,7.970244349279832e-09,bins are display-only; KDE from continuous Monte Carlo draws
english_can_afford_nonmetro_modest,English · can afford private · non-metro · modest prep,law,annual_if_employed_kde,1719590.5386225113,7.036862711561578e-09,bins are display-only; KDE from continuous Monte Carlo draws
english_can_afford_nonmetro_modest,English · can afford private · non-metro · modest prep,law,annual_if_employed_kde,1753735.2620851928,6.226240305489517e-09,bins are display-only; KDE from continuous Monte Carlo draws
english_can_afford_nonmetro_modest,English · can afford private · non-metro · modest prep,law,annual_if_employed_kde,1787879.9855478744,5.524877317561973e-09,bins are display-only; KDE from continuous Monte Carlo draws
english_can_afford_nonmetro_modest,English · can afford private · non-metro · modest prep,law,annual_if_employed_kde,1822024.7090105559,4.918627662005531e-09,bins are display-only; KDE from continuous Monte Carlo draws
english_can_afford_nonmetro_modest,English · can afford private · non-metro · modest prep,law,annual_if_employed_kde,1856169.4324732374,4.3935014379938905e-09,bins are display-only; KDE from continuous Monte Carlo draws
english_can_afford_nonmetro_modest,English · can afford private · non-metro · modest prep,law,annual_if_employed_kde,1890314.155935919,3.936490142101224e-09,bins are display-only; KDE from continuous Monte Carlo draws
english_can_afford_nonmetro_modest,English · can afford private · non-metro · modest prep,law,annual_if_employed_kde,1924458.8793986004,3.5362498386632817e-09,bins are display-only; KDE from continuous Monte Carlo draws
english_can_afford_nonmetro_modest,English · can afford private · non-metro · modest prep,law,annual_if_employed_kde,1958603.602861282,3.183512082312791e-09,bins are display-only; KDE from continuous Monte Carlo draws
english_can_afford_nonmetro_modest,English · can afford private · non-metro · modest prep,law,annual_if_employed_kde,1992748.3263239635,2.871172927305783e-09,bins are display-only; KDE from continuous Monte Carlo draws
english_can_afford_nonmetro_modest,English · can afford private · non-metro · modest prep,law,annual_if_employed_kde,2026893.049786645,2.5940936807175663e-09,bins are display-only; KDE from continuous Monte Carlo draws
english_can_afford_nonmetro_modest,English · can afford private · non-metro · modest prep,law,annual_if_employed_kde,2061037.7732493265,2.34870334831947e-09,bins are display-only; KDE from continuous Monte Carlo draws
english_can_afford_nonmetro_modest,English · can afford private · non-metro · modest prep,other_graduate,annual_if_employed_kde,46499.08895111566,1.5998993719850505e-06,bins are display-only; KDE from continuous Monte Carlo draws
english_can_afford_nonmetro_modest,English · can afford private · non-metro · modest prep,other_graduate,annual_if_employed_kde,80643.81241379719,3.288244430205222e-06,bins are display-only; KDE from continuous Monte Carlo draws
english_can_afford_nonmetro_modest,English · can afford private · non-metro · modest prep,other_graduate,annual_if_employed_kde,114788.53587647874,3.6973639891196253e-06,bins are display-only; KDE from continuous Monte Carlo draws
english_can_afford_nonmetro_modest,English · can afford private · non-metro · modest prep,other_graduate,annual_if_employed_kde,148933.2593391603,3.4745842386285636e-06,bins are display-only; KDE from continuous Monte Carlo draws
english_can_afford_nonmetro_modest,English · can afford private · non-metro · modest prep,other_graduate,annual_if_employed_kde,183077.9828018418,2.965629027520998e-06,bins are display-only; KDE from continuous Monte Carlo draws
english_can_afford_nonmetro_modest,English · can afford private · non-metro · modest prep,other_graduate,annual_if_employed_kde,217222.70626452338,2.4717321400404404e-06,bins are display-only; KDE from continuous Monte Carlo draws
english_can_afford_nonmetro_modest,English · can afford private · non-metro · modest prep,other_graduate,annual_if_employed_kde,251367.4297272049,2.115997599703572e-06,bins are display-only; KDE from continuous Monte Carlo draws
english_can_afford_nonmetro_modest,English · can afford private · non-metro · modest prep,other_graduate,annual_if_employed_kde,285512.1531898864,1.7528539114705081e-06,bins are display-only; KDE from continuous Monte Carlo draws
english_can_afford_nonmetro_modest,English · can afford private · non-metro · modest prep,other_graduate,annual_if_employed_kde,319656.876652568,1.3831237874021547e-06,bins are display-only; KDE from continuous Monte Carlo draws
english_can_afford_nonmetro_modest,English · can afford private · non-metro · modest prep,other_graduate,annual_if_employed_kde,353801.6001152495,1.10134277414833e-06,bins are display-only; KDE from continuous Monte Carlo draws
english_can_afford_nonmetro_modest,English · can afford private · non-metro · modest prep,other_graduate,annual_if_employed_kde,387946.3235779311,9.043266789802656e-07,bins are display-only; KDE from continuous Monte Carlo draws
english_can_afford_nonmetro_modest,English · can afford private · non-metro · modest prep,other_graduate,annual_if_employed_kde,422091.0470406126,7.517883777934176e-07,bins are display-only; KDE from continuous Monte Carlo draws
english_can_afford_nonmetro_modest,English · can afford private · non-metro · modest prep,other_graduate,annual_if_employed_kde,456235.77050329413,6.224931149856051e-07,bins are display-only; KDE from continuous Monte Carlo draws
english_can_afford_nonmetro_modest,English · can afford private · non-metro · modest prep,other_graduate,annual_if_employed_kde,490380.4939659757,5.114006915304304e-07,bins are display-only; KDE from continuous Monte Carlo draws
english_can_afford_nonmetro_modest,English · can afford private · non-metro · modest prep,other_graduate,annual_if_employed_kde,524525.2174286572,4.1954317908674057e-07,bins are display-only; KDE from continuous Monte Carlo draws
english_can_afford_nonmetro_modest,English · can afford private · non-metro · modest prep,other_graduate,annual_if_employed_kde,558669.9408913387,3.452545113858629e-07,bins are display-only; KDE from continuous Monte Carlo draws
english_can_afford_nonmetro_modest,English · can afford private · non-metro · modest prep,other_graduate,annual_if_employed_kde,592814.6643540203,2.85564855795755e-07,bins are display-only; KDE from continuous Monte Carlo draws
english_can_afford_nonmetro_modest,English · can afford private · non-metro · modest prep,other_graduate,annual_if_employed_kde,626959.3878167018,2.37569741992361e-07,bins are display-only; KDE from continuous Monte Carlo draws
english_can_afford_nonmetro_modest,English · can afford private · non-metro · modest prep,other_graduate,annual_if_employed_kde,661104.1112793833,1.9834679522586472e-07,bins are display-only; KDE from continuous Monte Carlo draws
english_can_afford_nonmetro_modest,English · can afford private · non-metro · modest prep,other_graduate,annual_if_employed_kde,695248.8347420649,1.6572754744505105e-07,bins are display-only; KDE from continuous Monte Carlo draws
english_can_afford_nonmetro_modest,English · can afford private · non-metro · modest prep,other_graduate,annual_if_employed_kde,729393.5582047465,1.385509947136653e-07,bins are display-only; KDE from continuous Monte Carlo draws
english_can_afford_nonmetro_modest,English · can afford private · non-metro · modest prep,other_graduate,annual_if_employed_kde,763538.281667428,1.1615051365674887e-07,bins are display-only; KDE from continuous Monte Carlo draws
english_can_afford_nonmetro_modest,English · can afford private · non-metro · modest prep,other_graduate,annual_if_employed_kde,797683.0051301095,9.791052280935292e-08,bins are display-only; KDE from continuous Monte Carlo draws
english_can_afford_nonmetro_modest,English · can afford private · non-metro · modest prep,other_graduate,annual_if_employed_kde,831827.728592791,8.314194129275613e-08,bins are display-only; KDE from continuous Monte Carlo draws
english_can_afford_nonmetro_modest,English · can afford private · non-metro · modest prep,other_graduate,annual_if_employed_kde,865972.4520554725,7.113635246086655e-08,bins are display-only; KDE from continuous Monte Carlo draws
english_can_afford_nonmetro_modest,English · can afford private · non-metro · modest prep,other_graduate,annual_if_employed_kde,900117.1755181542,6.126045491928429e-08,bins are display-only; KDE from continuous Monte Carlo draws
english_can_afford_nonmetro_modest,English · can afford private · non-metro · modest prep,other_graduate,annual_if_employed_kde,934261.8989808357,5.301566352328999e-08,bins are display-only; KDE from continuous Monte Carlo draws
english_can_afford_nonmetro_modest,English · can afford private · non-metro · modest prep,other_graduate,annual_if_employed_kde,968406.6224435172,4.6045773357500127e-08,bins are display-only; KDE from continuous Monte Carlo draws
english_can_afford_nonmetro_modest,English · can afford private · non-metro · modest prep,other_graduate,annual_if_employed_kde,1002551.3459061987,4.0110678157279656e-08,bins are display-only; KDE from continuous Monte Carlo draws
english_can_afford_nonmetro_modest,English · can afford private · non-metro · modest prep,other_graduate,annual_if_employed_kde,1036696.0693688802,3.504820281552316e-08,bins are display-only; KDE from continuous Monte Carlo draws
english_can_afford_nonmetro_modest,English · can afford private · non-metro · modest prep,other_graduate,annual_if_employed_kde,1070840.792831562,3.073749358391163e-08,bins are display-only; KDE from continuous Monte Carlo draws
english_can_afford_nonmetro_modest,English · can afford private · non-metro · modest prep,other_graduate,annual_if_employed_kde,1104985.5162942435,2.7071437881438597e-08,bins are display-only; KDE from continuous Monte Carlo draws
english_can_afford_nonmetro_modest,English · can afford private · non-metro · modest prep,other_graduate,annual_if_employed_kde,1139130.239756925,2.394266219048269e-08,bins are display-only; KDE from continuous Monte Carlo draws
english_can_afford_nonmetro_modest,English · can afford private · non-metro · modest prep,other_graduate,annual_if_employed_kde,1173274.9632196066,2.124369617047487e-08,bins are display-only; KDE from continuous Monte Carlo draws
english_can_afford_nonmetro_modest,English · can afford private · non-metro · modest prep,other_graduate,annual_if_employed_kde,1207419.686682288,1.8876755628379395e-08,bins are display-only; KDE from continuous Monte Carlo draws
english_can_afford_nonmetro_modest,English · can afford private · non-metro · modest prep,other_graduate,annual_if_employed_kde,1241564.4101449696,1.6765360629647266e-08,bins are display-only; KDE from continuous Monte Carlo draws
english_can_afford_nonmetro_modest,English · can afford private · non-metro · modest prep,other_graduate,annual_if_employed_kde,1275709.133607651,1.4860772536658779e-08,bins are display-only; KDE from continuous Monte Carlo draws
english_can_afford_nonmetro_modest,English · can afford private · non-metro · modest prep,other_graduate,annual_if_employed_kde,1309853.8570703326,1.3140175813029812e-08,bins are display-only; KDE from continuous Monte Carlo draws
english_can_afford_nonmetro_modest,English · can afford private · non-metro · modest prep,other_graduate,annual_if_employed_kde,1343998.5805330144,1.1598026251650609e-08,bins are display-only; KDE from continuous Monte Carlo draws
english_can_afford_nonmetro_modest,English · can afford private · non-metro · modest prep,other_graduate,annual_if_employed_kde,1378143.303995696,1.0234744552421425e-08,bins are display-only; KDE from continuous Monte Carlo draws
english_can_afford_nonmetro_modest,English · can afford private · non-metro · modest prep,other_graduate,annual_if_employed_kde,1412288.0274583774,9.047169559565472e-09,bins are display-only; KDE from continuous Monte Carlo draws
english_can_afford_nonmetro_modest,English · can afford private · non-metro · modest prep,other_graduate,annual_if_employed_kde,1446432.750921059,8.023516886084788e-09,bins are display-only; KDE from continuous Monte Carlo draws
english_can_afford_nonmetro_modest,English · can afford private · non-metro · modest prep,other_graduate,annual_if_employed_kde,1480577.4743837405,7.143269792835543e-09,bins are display-only; KDE from continuous Monte Carlo draws
english_can_afford_nonmetro_modest,English · can afford private · non-metro · modest prep,other_graduate,annual_if_employed_kde,1514722.197846422,6.38059049220642e-09,bins are display-only; KDE from continuous Monte Carlo draws
english_can_afford_nonmetro_modest,English · can afford private · non-metro · modest prep,other_graduate,annual_if_employed_kde,1548866.9213091035,5.709059204449102e-09,bins are display-only; KDE from continuous Monte Carlo draws
english_can_afford_nonmetro_modest,English · can afford private · non-metro · modest prep,other_graduate,annual_if_employed_kde,1583011.644771785,5.1057942699992644e-09,bins are display-only; KDE from continuous Monte Carlo draws
english_can_afford_nonmetro_modest,English · can afford private · non-metro · modest prep,other_graduate,annual_if_employed_kde,1617156.3682344665,4.553851371519057e-09,bins are display-only; KDE from continuous Monte Carlo draws
english_can_afford_nonmetro_modest,English · can afford private · non-metro · modest prep,other_graduate,annual_if_employed_kde,1651301.091697148,4.042726207587904e-09,bins are display-only; KDE from continuous Monte Carlo draws
english_can_afford_nonmetro_modest,English · can afford private · non-metro · modest prep,other_graduate,annual_if_employed_kde,1685445.8151598296,3.5674284951950496e-09,bins are display-only; KDE from continuous Monte Carlo draws
english_can_afford_nonmetro_modest,English · can afford private · non-metro · modest prep,other_graduate,annual_if_employed_kde,1719590.5386225113,3.1268365336626337e-09,bins are display-only; KDE from continuous Monte Carlo draws
english_can_afford_nonmetro_modest,English · can afford private · non-metro · modest prep,other_graduate,annual_if_employed_kde,1753735.2620851928,2.7219600452322947e-09,bins are display-only; KDE from continuous Monte Carlo draws
english_can_afford_nonmetro_modest,English · can afford private · non-metro · modest prep,other_graduate,annual_if_employed_kde,1787879.9855478744,2.3545008504012425e-09,bins are display-only; KDE from continuous Monte Carlo draws
english_can_afford_nonmetro_modest,English · can afford private · non-metro · modest prep,other_graduate,annual_if_employed_kde,1822024.7090105559,2.0258571362793424e-09,bins are display-only; KDE from continuous Monte Carlo draws
english_can_afford_nonmetro_modest,English · can afford private · non-metro · modest prep,other_graduate,annual_if_employed_kde,1856169.4324732374,1.736551255891082e-09,bins are display-only; KDE from continuous Monte Carlo draws
english_can_afford_nonmetro_modest,English · can afford private · non-metro · modest prep,other_graduate,annual_if_employed_kde,1890314.155935919,1.4859879446093553e-09,bins are display-only; KDE from continuous Monte Carlo draws
english_can_afford_nonmetro_modest,English · can afford private · non-metro · modest prep,other_graduate,annual_if_employed_kde,1924458.8793986004,1.2724426628586171e-09,bins are display-only; KDE from continuous Monte Carlo draws
english_can_afford_nonmetro_modest,English · can afford private · non-metro · modest prep,other_graduate,annual_if_employed_kde,1958603.602861282,1.0932011446418932e-09,bins are display-only; KDE from continuous Monte Carlo draws
english_can_afford_nonmetro_modest,English · can afford private · non-metro · modest prep,other_graduate,annual_if_employed_kde,1992748.3263239635,9.447938176220301e-10,bins are display-only; KDE from continuous Monte Carlo draws
english_can_afford_nonmetro_modest,English · can afford private · non-metro · modest prep,other_graduate,annual_if_employed_kde,2026893.049786645,8.232814886790093e-10,bins are display-only; KDE from continuous Monte Carlo draws
english_can_afford_nonmetro_modest,English · can afford private · non-metro · modest prep,other_graduate,annual_if_employed_kde,2061037.7732493265,7.245530048714624e-10,bins are display-only; KDE from continuous Monte Carlo draws
english_can_afford_nonmetro_modest,English · can afford private · non-metro · modest prep,non_professional_graduate,annual_if_employed_kde,46499.08895111566,1.4470601772231705e-06,bins are display-only; KDE from continuous Monte Carlo draws
english_can_afford_nonmetro_modest,English · can afford private · non-metro · modest prep,non_professional_graduate,annual_if_employed_kde,80643.81241379719,2.3194283646646152e-06,bins are display-only; KDE from continuous Monte Carlo draws
english_can_afford_nonmetro_modest,English · can afford private · non-metro · modest prep,non_professional_graduate,annual_if_employed_kde,114788.53587647874,2.725544501726152e-06,bins are display-only; KDE from continuous Monte Carlo draws
english_can_afford_nonmetro_modest,English · can afford private · non-metro · modest prep,non_professional_graduate,annual_if_employed_kde,148933.2593391603,2.6996846042769355e-06,bins are display-only; KDE from continuous Monte Carlo draws
english_can_afford_nonmetro_modest,English · can afford private · non-metro · modest prep,non_professional_graduate,annual_if_employed_kde,183077.9828018418,2.4003666882343556e-06,bins are display-only; KDE from continuous Monte Carlo draws
english_can_afford_nonmetro_modest,English · can afford private · non-metro · modest prep,non_professional_graduate,annual_if_employed_kde,217222.70626452338,2.1344014056759558e-06,bins are display-only; KDE from continuous Monte Carlo draws
english_can_afford_nonmetro_modest,English · can afford private · non-metro · modest prep,non_professional_graduate,annual_if_employed_kde,251367.4297272049,1.9141882549391653e-06,bins are display-only; KDE from continuous Monte Carlo draws
english_can_afford_nonmetro_modest,English · can afford private · non-metro · modest prep,non_professional_graduate,annual_if_employed_kde,285512.1531898864,1.6829306201485036e-06,bins are display-only; KDE from continuous Monte Carlo draws
english_can_afford_nonmetro_modest,English · can afford private · non-metro · modest prep,non_professional_graduate,annual_if_employed_kde,319656.876652568,1.4355513484614013e-06,bins are display-only; KDE from continuous Monte Carlo draws
english_can_afford_nonmetro_modest,English · can afford private · non-metro · modest prep,non_professional_graduate,annual_if_employed_kde,353801.6001152495,1.2266207413835312e-06,bins are display-only; KDE from continuous Monte Carlo draws
english_can_afford_nonmetro_modest,English · can afford private · non-metro · modest prep,non_professional_graduate,annual_if_employed_kde,387946.3235779311,1.057826374439762e-06,bins are display-only; KDE from continuous Monte Carlo draws
english_can_afford_nonmetro_modest,English · can afford private · non-metro · modest prep,non_professional_graduate,annual_if_employed_kde,422091.0470406126,9.140208699720794e-07,bins are display-only; KDE from continuous Monte Carlo draws
english_can_afford_nonmetro_modest,English · can afford private · non-metro · modest prep,non_professional_graduate,annual_if_employed_kde,456235.77050329413,7.906171980427491e-07,bins are display-only; KDE from continuous Monte Carlo draws
english_can_afford_nonmetro_modest,English · can afford private · non-metro · modest prep,non_professional_graduate,annual_if_employed_kde,490380.4939659757,6.865199603883702e-07,bins are display-only; KDE from continuous Monte Carlo draws
english_can_afford_nonmetro_modest,English · can afford private · non-metro · modest prep,non_professional_graduate,annual_if_employed_kde,524525.2174286572,5.995999790628487e-07,bins are display-only; KDE from continuous Monte Carlo draws
english_can_afford_nonmetro_modest,English · can afford private · non-metro · modest prep,non_professional_graduate,annual_if_employed_kde,558669.9408913387,5.261859981777919e-07,bins are display-only; KDE from continuous Monte Carlo draws
english_can_afford_nonmetro_modest,English · can afford private · non-metro · modest prep,non_professional_graduate,annual_if_employed_kde,592814.6643540203,4.626538528210305e-07,bins are display-only; KDE from continuous Monte Carlo draws
english_can_afford_nonmetro_modest,English · can afford private · non-metro · modest prep,non_professional_graduate,annual_if_employed_kde,626959.3878167018,4.068875078094292e-07,bins are display-only; KDE from continuous Monte Carlo draws
english_can_afford_nonmetro_modest,English · can afford private · non-metro · modest prep,non_professional_graduate,annual_if_employed_kde,661104.1112793833,3.581601112833722e-07,bins are display-only; KDE from continuous Monte Carlo draws
english_can_afford_nonmetro_modest,English · can afford private · non-metro · modest prep,non_professional_graduate,annual_if_employed_kde,695248.8347420649,3.1620626910607e-07,bins are display-only; KDE from continuous Monte Carlo draws
english_can_afford_nonmetro_modest,English · can afford private · non-metro · modest prep,non_professional_graduate,annual_if_employed_kde,729393.5582047465,2.806138536124499e-07,bins are display-only; KDE from continuous Monte Carlo draws
english_can_afford_nonmetro_modest,English · can afford private · non-metro · modest prep,non_professional_graduate,annual_if_employed_kde,763538.281667428,2.506840853591802e-07,bins are display-only; KDE from continuous Monte Carlo draws
english_can_afford_nonmetro_modest,English · can afford private · non-metro · modest prep,non_professional_graduate,annual_if_employed_kde,797683.0051301095,2.2547686251399093e-07,bins are display-only; KDE from continuous Monte Carlo draws
english_can_afford_nonmetro_modest,English · can afford private · non-metro · modest prep,non_professional_graduate,annual_if_employed_kde,831827.728592791,2.039236892862843e-07,bins are display-only; KDE from continuous Monte Carlo draws
english_can_afford_nonmetro_modest,English · can afford private · non-metro · modest prep,non_professional_graduate,annual_if_employed_kde,865972.4520554725,1.8500112180190893e-07,bins are display-only; KDE from continuous Monte Carlo draws
english_can_afford_nonmetro_modest,English · can afford private · non-metro · modest prep,non_professional_graduate,annual_if_employed_kde,900117.1755181542,1.6790411686105853e-07,bins are display-only; KDE from continuous Monte Carlo draws
english_can_afford_nonmetro_modest,English · can afford private · non-metro · modest prep,non_professional_graduate,annual_if_employed_kde,934261.8989808357,1.521322376545293e-07,bins are display-only; KDE from continuous Monte Carlo draws
english_can_afford_nonmetro_modest,English · can afford private · non-metro · modest prep,non_professional_graduate,annual_if_employed_kde,968406.6224435172,1.374627587623344e-07,bins are display-only; KDE from continuous Monte Carlo draws
english_can_afford_nonmetro_modest,English · can afford private · non-metro · modest prep,non_professional_graduate,annual_if_employed_kde,1002551.3459061987,1.238559679166988e-07,bins are display-only; KDE from continuous Monte Carlo draws
english_can_afford_nonmetro_modest,English · can afford private · non-metro · modest prep,non_professional_graduate,annual_if_employed_kde,1036696.0693688802,1.1135591431545519e-07,bins are display-only; KDE from continuous Monte Carlo draws
english_can_afford_nonmetro_modest,English · can afford private · non-metro · modest prep,non_professional_graduate,annual_if_employed_kde,1070840.792831562,1.0002200517582286e-07,bins are display-only; KDE from continuous Monte Carlo draws
english_can_afford_nonmetro_modest,English · can afford private · non-metro · modest prep,non_professional_graduate,annual_if_employed_kde,1104985.5162942435,8.989294260895737e-08,bins are display-only; KDE from continuous Monte Carlo draws
english_can_afford_nonmetro_modest,English · can afford private · non-metro · modest prep,non_professional_graduate,annual_if_employed_kde,1139130.239756925,8.096956774952301e-08,bins are display-only; KDE from continuous Monte Carlo draws
english_can_afford_nonmetro_modest,English · can afford private · non-metro · modest prep,non_professional_graduate,annual_if_employed_kde,1173274.9632196066,7.320630976920637e-08,bins are display-only; KDE from continuous Monte Carlo draws
english_can_afford_nonmetro_modest,English · can afford private · non-metro · modest prep,non_professional_graduate,annual_if_employed_kde,1207419.686682288,6.650928538500978e-08,bins are display-only; KDE from continuous Monte Carlo draws
english_can_afford_nonmetro_modest,English · can afford private · non-metro · modest prep,non_professional_graduate,annual_if_employed_kde,1241564.4101449696,6.074310806413923e-08,bins are display-only; KDE from continuous Monte Carlo draws
english_can_afford_nonmetro_modest,English · can afford private · non-metro · modest prep,non_professional_graduate,annual_if_employed_kde,1275709.133607651,5.574674386937621e-08,bins are display-only; KDE from continuous Monte Carlo draws
english_can_afford_nonmetro_modest,English · can afford private · non-metro · modest prep,non_professional_graduate,annual_if_employed_kde,1309853.8570703326,5.1354843817916254e-08,bins are display-only; KDE from continuous Monte Carlo draws
english_can_afford_nonmetro_modest,English · can afford private · non-metro · modest prep,non_professional_graduate,annual_if_employed_kde,1343998.5805330144,4.7418601260217115e-08,bins are display-only; KDE from continuous Monte Carlo draws
english_can_afford_nonmetro_modest,English · can afford private · non-metro · modest prep,non_professional_graduate,annual_if_employed_kde,1378143.303995696,4.382071387594144e-08,bins are display-only; KDE from continuous Monte Carlo draws
english_can_afford_nonmetro_modest,English · can afford private · non-metro · modest prep,non_professional_graduate,annual_if_employed_kde,1412288.0274583774,4.04816715319712e-08,bins are display-only; KDE from continuous Monte Carlo draws
english_can_afford_nonmetro_modest,English · can afford private · non-metro · modest prep,non_professional_graduate,annual_if_employed_kde,1446432.750921059,3.735768220084244e-08,bins are display-only; KDE from continuous Monte Carlo draws
english_can_afford_nonmetro_modest,English · can afford private · non-metro · modest prep,non_professional_graduate,annual_if_employed_kde,1480577.4743837405,3.443275337615872e-08,bins are display-only; KDE from continuous Monte Carlo draws
english_can_afford_nonmetro_modest,English · can afford private · non-metro · modest prep,non_professional_graduate,annual_if_employed_kde,1514722.197846422,3.170825013702504e-08,bins are display-only; KDE from continuous Monte Carlo draws
english_can_afford_nonmetro_modest,English · can afford private · non-metro · modest prep,non_professional_graduate,annual_if_employed_kde,1548866.9213091035,2.9192852021174842e-08,bins are display-only; KDE from continuous Monte Carlo draws
english_can_afford_nonmetro_modest,English · can afford private · non-metro · modest prep,non_professional_graduate,annual_if_employed_kde,1583011.644771785,2.689477652768301e-08,bins are display-only; KDE from continuous Monte Carlo draws
english_can_afford_nonmetro_modest,English · can afford private · non-metro · modest prep,non_professional_graduate,annual_if_employed_kde,1617156.3682344665,2.481697921966819e-08,bins are display-only; KDE from continuous Monte Carlo draws
english_can_afford_nonmetro_modest,English · can afford private · non-metro · modest prep,non_professional_graduate,annual_if_employed_kde,1651301.091697148,2.2955142839216122e-08,bins are display-only; KDE from continuous Monte Carlo draws
english_can_afford_nonmetro_modest,English · can afford private · non-metro · modest prep,non_professional_graduate,annual_if_employed_kde,1685445.8151598296,2.1297767285417024e-08,bins are display-only; KDE from continuous Monte Carlo draws
english_can_afford_nonmetro_modest,English · can afford private · non-metro · modest prep,non_professional_graduate,annual_if_employed_kde,1719590.5386225113,1.9827533970130992e-08,bins are display-only; KDE from continuous Monte Carlo draws
english_can_afford_nonmetro_modest,English · can afford private · non-metro · modest prep,non_professional_graduate,annual_if_employed_kde,1753735.2620851928,1.8523221659073028e-08,bins are display-only; KDE from continuous Monte Carlo draws
english_can_afford_nonmetro_modest,English · can afford private · non-metro · modest prep,non_professional_graduate,annual_if_employed_kde,1787879.9855478744,1.736166388953554e-08,bins are display-only; KDE from continuous Monte Carlo draws
english_can_afford_nonmetro_modest,English · can afford private · non-metro · modest prep,non_professional_graduate,annual_if_employed_kde,1822024.7090105559,1.6319458865927628e-08,bins are display-only; KDE from continuous Monte Carlo draws
english_can_afford_nonmetro_modest,English · can afford private · non-metro · modest prep,non_professional_graduate,annual_if_employed_kde,1856169.4324732374,1.537431488034391e-08,bins are display-only; KDE from continuous Monte Carlo draws
english_can_afford_nonmetro_modest,English · can afford private · non-metro · modest prep,non_professional_graduate,annual_if_employed_kde,1890314.155935919,1.4506020953826642e-08,bins are display-only; KDE from continuous Monte Carlo draws
english_can_afford_nonmetro_modest,English · can afford private · non-metro · modest prep,non_professional_graduate,annual_if_employed_kde,1924458.8793986004,1.3697082260555242e-08,bins are display-only; KDE from continuous Monte Carlo draws
english_can_afford_nonmetro_modest,English · can afford private · non-metro · modest prep,non_professional_graduate,annual_if_employed_kde,1958603.602861282,1.2933072598262271e-08,bins are display-only; KDE from continuous Monte Carlo draws
english_can_afford_nonmetro_modest,English · can afford private · non-metro · modest prep,non_professional_graduate,annual_if_employed_kde,1992748.3263239635,1.220275142109287e-08,bins are display-only; KDE from continuous Monte Carlo draws
english_can_afford_nonmetro_modest,English · can afford private · non-metro · modest prep,non_professional_graduate,annual_if_employed_kde,2026893.049786645,1.149798484127648e-08,bins are display-only; KDE from continuous Monte Carlo draws
english_can_afford_nonmetro_modest,English · can afford private · non-metro · modest prep,non_professional_graduate,annual_if_employed_kde,2061037.7732493265,1.0813505558254117e-08,bins are display-only; KDE from continuous Monte Carlo draws
english_can_afford_nonmetro_modest,English · can afford private · non-metro · modest prep,no_college,annual_if_employed_kde,46499.08895111566,5.491545356088904e-06,bins are display-only; KDE from continuous Monte Carlo draws
english_can_afford_nonmetro_modest,English · can afford private · non-metro · modest prep,no_college,annual_if_employed_kde,80643.81241379719,5.495588789299444e-06,bins are display-only; KDE from continuous Monte Carlo draws
english_can_afford_nonmetro_modest,English · can afford private · non-metro · modest prep,no_college,annual_if_employed_kde,114788.53587647874,4.22586691399788e-06,bins are display-only; KDE from continuous Monte Carlo draws
english_can_afford_nonmetro_modest,English · can afford private · non-metro · modest prep,no_college,annual_if_employed_kde,148933.2593391603,3.086813574092169e-06,bins are display-only; KDE from continuous Monte Carlo draws
english_can_afford_nonmetro_modest,English · can afford private · non-metro · modest prep,no_college,annual_if_employed_kde,183077.9828018418,2.2689023370494336e-06,bins are display-only; KDE from continuous Monte Carlo draws
english_can_afford_nonmetro_modest,English · can afford private · non-metro · modest prep,no_college,annual_if_employed_kde,217222.70626452338,1.6874729366621108e-06,bins are display-only; KDE from continuous Monte Carlo draws
english_can_afford_nonmetro_modest,English · can afford private · non-metro · modest prep,no_college,annual_if_employed_kde,251367.4297272049,1.2664418710705301e-06,bins are display-only; KDE from continuous Monte Carlo draws
english_can_afford_nonmetro_modest,English · can afford private · non-metro · modest prep,no_college,annual_if_employed_kde,285512.1531898864,9.444661216472089e-07,bins are display-only; KDE from continuous Monte Carlo draws
english_can_afford_nonmetro_modest,English · can afford private · non-metro · modest prep,no_college,annual_if_employed_kde,319656.876652568,7.155048699334383e-07,bins are display-only; KDE from continuous Monte Carlo draws
english_can_afford_nonmetro_modest,English · can afford private · non-metro · modest prep,no_college,annual_if_employed_kde,353801.6001152495,5.482903833409047e-07,bins are display-only; KDE from continuous Monte Carlo draws
english_can_afford_nonmetro_modest,English · can afford private · non-metro · modest prep,no_college,annual_if_employed_kde,387946.3235779311,4.2667929798473604e-07,bins are display-only; KDE from continuous Monte Carlo draws
english_can_afford_nonmetro_modest,English · can afford private · non-metro · modest prep,no_college,annual_if_employed_kde,422091.0470406126,3.400567678151223e-07,bins are display-only; KDE from continuous Monte Carlo draws
english_can_afford_nonmetro_modest,English · can afford private · non-metro · modest prep,no_college,annual_if_employed_kde,456235.77050329413,2.794227741637829e-07,bins are display-only; KDE from continuous Monte Carlo draws
english_can_afford_nonmetro_modest,English · can afford private · non-metro · modest prep,no_college,annual_if_employed_kde,490380.4939659757,2.3444731627059658e-07,bins are display-only; KDE from continuous Monte Carlo draws
english_can_afford_nonmetro_modest,English · can afford private · non-metro · modest prep,no_college,annual_if_employed_kde,524525.2174286572,1.9709282925600675e-07,bins are display-only; KDE from continuous Monte Carlo draws
english_can_afford_nonmetro_modest,English · can afford private · non-metro · modest prep,no_college,annual_if_employed_kde,558669.9408913387,1.6392083760749287e-07,bins are display-only; KDE from continuous Monte Carlo draws
english_can_afford_nonmetro_modest,English · can afford private · non-metro · modest prep,no_college,annual_if_employed_kde,592814.6643540203,1.3452708208887843e-07,bins are display-only; KDE from continuous Monte Carlo draws
english_can_afford_nonmetro_modest,English · can afford private · non-metro · modest prep,no_college,annual_if_employed_kde,626959.3878167018,1.0928298729853645e-07,bins are display-only; KDE from continuous Monte Carlo draws
english_can_afford_nonmetro_modest,English · can afford private · non-metro · modest prep,no_college,annual_if_employed_kde,661104.1112793833,8.827787311416701e-08,bins are display-only; KDE from continuous Monte Carlo draws
english_can_afford_nonmetro_modest,English · can afford private · non-metro · modest prep,no_college,annual_if_employed_kde,695248.8347420649,7.124089305317312e-08,bins are display-only; KDE from continuous Monte Carlo draws
english_can_afford_nonmetro_modest,English · can afford private · non-metro · modest prep,no_college,annual_if_employed_kde,729393.5582047465,5.7735838563119543e-08,bins are display-only; KDE from continuous Monte Carlo draws
english_can_afford_nonmetro_modest,English · can afford private · non-metro · modest prep,no_college,annual_if_employed_kde,763538.281667428,4.727673735660875e-08,bins are display-only; KDE from continuous Monte Carlo draws
english_can_afford_nonmetro_modest,English · can afford private · non-metro · modest prep,no_college,annual_if_employed_kde,797683.0051301095,3.9328902430296115e-08,bins are display-only; KDE from continuous Monte Carlo draws
english_can_afford_nonmetro_modest,English · can afford private · non-metro · modest prep,no_college,annual_if_employed_kde,831827.728592791,3.330565514397057e-08,bins are display-only; KDE from continuous Monte Carlo draws
english_can_afford_nonmetro_modest,English · can afford private · non-metro · modest prep,no_college,annual_if_employed_kde,865972.4520554725,2.8634406938227486e-08,bins are display-only; KDE from continuous Monte Carlo draws
english_can_afford_nonmetro_modest,English · can afford private · non-metro · modest prep,no_college,annual_if_employed_kde,900117.1755181542,2.485346558325453e-08,bins are display-only; KDE from continuous Monte Carlo draws
english_can_afford_nonmetro_modest,English · can afford private · non-metro · modest prep,no_college,annual_if_employed_kde,934261.8989808357,2.166530262188777e-08,bins are display-only; KDE from continuous Monte Carlo draws
english_can_afford_nonmetro_modest,English · can afford private · non-metro · modest prep,no_college,annual_if_employed_kde,968406.6224435172,1.892113270668907e-08,bins are display-only; KDE from continuous Monte Carlo draws
english_can_afford_nonmetro_modest,English · can afford private · non-metro · modest prep,no_college,annual_if_employed_kde,1002551.3459061987,1.6563872879723278e-08,bins are display-only; KDE from continuous Monte Carlo draws
english_can_afford_nonmetro_modest,English · can afford private · non-metro · modest prep,no_college,annual_if_employed_kde,1036696.0693688802,1.4568802354167593e-08,bins are display-only; KDE from continuous Monte Carlo draws
english_can_afford_nonmetro_modest,English · can afford private · non-metro · modest prep,no_college,annual_if_employed_kde,1070840.792831562,1.2905623078058067e-08,bins are display-only; KDE from continuous Monte Carlo draws
english_can_afford_nonmetro_modest,English · can afford private · non-metro · modest prep,no_college,annual_if_employed_kde,1104985.5162942435,1.152607016645799e-08,bins are display-only; KDE from continuous Monte Carlo draws
english_can_afford_nonmetro_modest,English · can afford private · non-metro · modest prep,no_college,annual_if_employed_kde,1139130.239756925,1.0369404425118572e-08,bins are display-only; KDE from continuous Monte Carlo draws
english_can_afford_nonmetro_modest,English · can afford private · non-metro · modest prep,no_college,annual_if_employed_kde,1173274.9632196066,9.374889831166353e-09,bins are display-only; KDE from continuous Monte Carlo draws
english_can_afford_nonmetro_modest,English · can afford private · non-metro · modest prep,no_college,annual_if_employed_kde,1207419.686682288,8.492676148748246e-09,bins are display-only; KDE from continuous Monte Carlo draws
english_can_afford_nonmetro_modest,English · can afford private · non-metro · modest prep,no_college,annual_if_employed_kde,1241564.4101449696,7.68897703461647e-09,bins are display-only; KDE from continuous Monte Carlo draws
english_can_afford_nonmetro_modest,English · can afford private · non-metro · modest prep,no_college,annual_if_employed_kde,1275709.133607651,6.945464478242436e-09,bins are display-only; KDE from continuous Monte Carlo draws
english_can_afford_nonmetro_modest,English · can afford private · non-metro · modest prep,no_college,annual_if_employed_kde,1309853.8570703326,6.255063743152211e-09,bins are display-only; KDE from continuous Monte Carlo draws
english_can_afford_nonmetro_modest,English · can afford private · non-metro · modest prep,no_college,annual_if_employed_kde,1343998.5805330144,5.616756069443473e-09,bins are display-only; KDE from continuous Monte Carlo draws
english_can_afford_nonmetro_modest,English · can afford private · non-metro · modest prep,no_college,annual_if_employed_kde,1378143.303995696,5.0312666928374194e-09,bins are display-only; KDE from continuous Monte Carlo draws
english_can_afford_nonmetro_modest,English · can afford private · non-metro · modest prep,no_college,annual_if_employed_kde,1412288.0274583774,4.498450098342162e-09,bins are display-only; KDE from continuous Monte Carlo draws
english_can_afford_nonmetro_modest,English · can afford private · non-metro · modest prep,no_college,annual_if_employed_kde,1446432.750921059,4.016327727292133e-09,bins are display-only; KDE from continuous Monte Carlo draws
english_can_afford_nonmetro_modest,English · can afford private · non-metro · modest prep,no_college,annual_if_employed_kde,1480577.4743837405,3.581278268766407e-09,bins are display-only; KDE from continuous Monte Carlo draws
english_can_afford_nonmetro_modest,English · can afford private · non-metro · modest prep,no_college,annual_if_employed_kde,1514722.197846422,3.1887807014433463e-09,bins are display-only; KDE from continuous Monte Carlo draws
english_can_afford_nonmetro_modest,English · can afford private · non-metro · modest prep,no_college,annual_if_employed_kde,1548866.9213091035,2.8342264911877945e-09,bins are display-only; KDE from continuous Monte Carlo draws
english_can_afford_nonmetro_modest,English · can afford private · non-metro · modest prep,no_college,annual_if_employed_kde,1583011.644771785,2.513515311322237e-09,bins are display-only; KDE from continuous Monte Carlo draws
english_can_afford_nonmetro_modest,English · can afford private · non-metro · modest prep,no_college,annual_if_employed_kde,1617156.3682344665,2.223336727287606e-09,bins are display-only; KDE from continuous Monte Carlo draws
english_can_afford_nonmetro_modest,English · can afford private · non-metro · modest prep,no_college,annual_if_employed_kde,1651301.091697148,1.9611726516277618e-09,bins are display-only; KDE from continuous Monte Carlo draws
english_can_afford_nonmetro_modest,English · can afford private · non-metro · modest prep,no_college,annual_if_employed_kde,1685445.8151598296,1.7251211973905695e-09,bins are display-only; KDE from continuous Monte Carlo draws
english_can_afford_nonmetro_modest,English · can afford private · non-metro · modest prep,no_college,annual_if_employed_kde,1719590.5386225113,1.5136527302972325e-09,bins are display-only; KDE from continuous Monte Carlo draws
english_can_afford_nonmetro_modest,English · can afford private · non-metro · modest prep,no_college,annual_if_employed_kde,1753735.2620851928,1.3253841858287642e-09,bins are display-only; KDE from continuous Monte Carlo draws
english_can_afford_nonmetro_modest,English · can afford private · non-metro · modest prep,no_college,annual_if_employed_kde,1787879.9855478744,1.1589194590341292e-09,bins are display-only; KDE from continuous Monte Carlo draws
english_can_afford_nonmetro_modest,English · can afford private · non-metro · modest prep,no_college,annual_if_employed_kde,1822024.7090105559,1.0127680727565108e-09,bins are display-only; KDE from continuous Monte Carlo draws
english_can_afford_nonmetro_modest,English · can afford private · non-metro · modest prep,no_college,annual_if_employed_kde,1856169.4324732374,8.85330081033318e-10,bins are display-only; KDE from continuous Monte Carlo draws
english_can_afford_nonmetro_modest,English · can afford private · non-metro · modest prep,no_college,annual_if_employed_kde,1890314.155935919,7.749241338764655e-10,bins are display-only; KDE from continuous Monte Carlo draws
english_can_afford_nonmetro_modest,English · can afford private · non-metro · modest prep,no_college,annual_if_employed_kde,1924458.8793986004,6.798351841570694e-10,bins are display-only; KDE from continuous Monte Carlo draws
english_can_afford_nonmetro_modest,English · can afford private · non-metro · modest prep,no_college,annual_if_employed_kde,1958603.602861282,5.98364000939642e-10,bins are display-only; KDE from continuous Monte Carlo draws
english_can_afford_nonmetro_modest,English · can afford private · non-metro · modest prep,no_college,annual_if_employed_kde,1992748.3263239635,5.288682595629693e-10,bins are display-only; KDE from continuous Monte Carlo draws
english_can_afford_nonmetro_modest,English · can afford private · non-metro · modest prep,no_college,annual_if_employed_kde,2026893.049786645,4.697916423768919e-10,bins are display-only; KDE from continuous Monte Carlo draws
english_can_afford_nonmetro_modest,English · can afford private · non-metro · modest prep,no_college,annual_if_employed_kde,2061037.7732493265,4.196817924658489e-10,bins are display-only; KDE from continuous Monte Carlo draws
english_can_afford_nonmetro_modest,English · can afford private · non-metro · modest prep,physician_public_sector,annual_if_employed_kde,46499.08895111566,3.1263181693449263e-07,bins are display-only; KDE from continuous Monte Carlo draws
english_can_afford_nonmetro_modest,English · can afford private · non-metro · modest prep,physician_public_sector,annual_if_employed_kde,80643.81241379719,7.976550988770887e-07,bins are display-only; KDE from continuous Monte Carlo draws
english_can_afford_nonmetro_modest,English · can afford private · non-metro · modest prep,physician_public_sector,annual_if_employed_kde,114788.53587647874,9.516726518168239e-07,bins are display-only; KDE from continuous Monte Carlo draws
english_can_afford_nonmetro_modest,English · can afford private · non-metro · modest prep,physician_public_sector,annual_if_employed_kde,148933.2593391603,1.0002717058413508e-06,bins are display-only; KDE from continuous Monte Carlo draws
english_can_afford_nonmetro_modest,English · can afford private · non-metro · modest prep,physician_public_sector,annual_if_employed_kde,183077.9828018418,1.0126267253160196e-06,bins are display-only; KDE from continuous Monte Carlo draws
english_can_afford_nonmetro_modest,English · can afford private · non-metro · modest prep,physician_public_sector,annual_if_employed_kde,217222.70626452338,1.0024409207602975e-06,bins are display-only; KDE from continuous Monte Carlo draws
english_can_afford_nonmetro_modest,English · can afford private · non-metro · modest prep,physician_public_sector,annual_if_employed_kde,251367.4297272049,1.0001049647711667e-06,bins are display-only; KDE from continuous Monte Carlo draws
english_can_afford_nonmetro_modest,English · can afford private · non-metro · modest prep,physician_public_sector,annual_if_employed_kde,285512.1531898864,9.797935481341107e-07,bins are display-only; KDE from continuous Monte Carlo draws
english_can_afford_nonmetro_modest,English · can afford private · non-metro · modest prep,physician_public_sector,annual_if_employed_kde,319656.876652568,9.57617721433447e-07,bins are display-only; KDE from continuous Monte Carlo draws
english_can_afford_nonmetro_modest,English · can afford private · non-metro · modest prep,physician_public_sector,annual_if_employed_kde,353801.6001152495,9.455607511988815e-07,bins are display-only; KDE from continuous Monte Carlo draws
english_can_afford_nonmetro_modest,English · can afford private · non-metro · modest prep,physician_public_sector,annual_if_employed_kde,387946.3235779311,9.264541174411075e-07,bins are display-only; KDE from continuous Monte Carlo draws
english_can_afford_nonmetro_modest,English · can afford private · non-metro · modest prep,physician_public_sector,annual_if_employed_kde,422091.0470406126,8.943609362162048e-07,bins are display-only; KDE from continuous Monte Carlo draws
english_can_afford_nonmetro_modest,English · can afford private · non-metro · modest prep,physician_public_sector,annual_if_employed_kde,456235.77050329413,8.5797470529388e-07,bins are display-only; KDE from continuous Monte Carlo draws
english_can_afford_nonmetro_modest,English · can afford private · non-metro · modest prep,physician_public_sector,annual_if_employed_kde,490380.4939659757,8.227857420922039e-07,bins are display-only; KDE from continuous Monte Carlo draws
english_can_afford_nonmetro_modest,English · can afford private · non-metro · modest prep,physician_public_sector,annual_if_employed_kde,524525.2174286572,7.888538240381478e-07,bins are display-only; KDE from continuous Monte Carlo draws
english_can_afford_nonmetro_modest,English · can afford private · non-metro · modest prep,physician_public_sector,annual_if_employed_kde,558669.9408913387,7.561611125094299e-07,bins are display-only; KDE from continuous Monte Carlo draws
english_can_afford_nonmetro_modest,English · can afford private · non-metro · modest prep,physician_public_sector,annual_if_employed_kde,592814.6643540203,7.249051530112906e-07,bins are display-only; KDE from continuous Monte Carlo draws
english_can_afford_nonmetro_modest,English · can afford private · non-metro · modest prep,physician_public_sector,annual_if_employed_kde,626959.3878167018,6.945035892891195e-07,bins are display-only; KDE from continuous Monte Carlo draws
english_can_afford_nonmetro_modest,English · can afford private · non-metro · modest prep,physician_public_sector,annual_if_employed_kde,661104.1112793833,6.64240113145825e-07,bins are display-only; KDE from continuous Monte Carlo draws
english_can_afford_nonmetro_modest,English · can afford private · non-metro · modest prep,physician_public_sector,annual_if_employed_kde,695248.8347420649,6.339634180310499e-07,bins are display-only; KDE from continuous Monte Carlo draws
english_can_afford_nonmetro_modest,English · can afford private · non-metro · modest prep,physician_public_sector,annual_if_employed_kde,729393.5582047465,6.039789595816061e-07,bins are display-only; KDE from continuous Monte Carlo draws
english_can_afford_nonmetro_modest,English · can afford private · non-metro · modest prep,physician_public_sector,annual_if_employed_kde,763538.281667428,5.746978421585582e-07,bins are display-only; KDE from continuous Monte Carlo draws
english_can_afford_nonmetro_modest,English · can afford private · non-metro · modest prep,physician_public_sector,annual_if_employed_kde,797683.0051301095,5.464738005454565e-07,bins are display-only; KDE from continuous Monte Carlo draws
english_can_afford_nonmetro_modest,English · can afford private · non-metro · modest prep,physician_public_sector,annual_if_employed_kde,831827.728592791,5.195737119484267e-07,bins are display-only; KDE from continuous Monte Carlo draws
english_can_afford_nonmetro_modest,English · can afford private · non-metro · modest prep,physician_public_sector,annual_if_employed_kde,865972.4520554725,4.941535545982278e-07,bins are display-only; KDE from continuous Monte Carlo draws
english_can_afford_nonmetro_modest,English · can afford private · non-metro · modest prep,physician_public_sector,annual_if_employed_kde,900117.1755181542,4.7023278210223394e-07,bins are display-only; KDE from continuous Monte Carlo draws
english_can_afford_nonmetro_modest,English · can afford private · non-metro · modest prep,physician_public_sector,annual_if_employed_kde,934261.8989808357,4.47706672564932e-07,bins are display-only; KDE from continuous Monte Carlo draws
english_can_afford_nonmetro_modest,English · can afford private · non-metro · modest prep,physician_public_sector,annual_if_employed_kde,968406.6224435172,4.263999527981373e-07,bins are display-only; KDE from continuous Monte Carlo draws
english_can_afford_nonmetro_modest,English · can afford private · non-metro · modest prep,physician_public_sector,annual_if_employed_kde,1002551.3459061987,4.061292635343032e-07,bins are display-only; KDE from continuous Monte Carlo draws
english_can_afford_nonmetro_modest,English · can afford private · non-metro · modest prep,physician_public_sector,annual_if_employed_kde,1036696.0693688802,3.8674327651718467e-07,bins are display-only; KDE from continuous Monte Carlo draws
english_can_afford_nonmetro_modest,English · can afford private · non-metro · modest prep,physician_public_sector,annual_if_employed_kde,1070840.792831562,3.681323206520883e-07,bins are display-only; KDE from continuous Monte Carlo draws
english_can_afford_nonmetro_modest,English · can afford private · non-metro · modest prep,physician_public_sector,annual_if_employed_kde,1104985.5162942435,3.5021879735882634e-07,bins are display-only; KDE from continuous Monte Carlo draws
english_can_afford_nonmetro_modest,English · can afford private · non-metro · modest prep,physician_public_sector,annual_if_employed_kde,1139130.239756925,3.329444485811921e-07,bins are display-only; KDE from continuous Monte Carlo draws
english_can_afford_nonmetro_modest,English · can afford private · non-metro · modest prep,physician_public_sector,annual_if_employed_kde,1173274.9632196066,3.162643055111667e-07,bins are display-only; KDE from continuous Monte Carlo draws
english_can_afford_nonmetro_modest,English · can afford private · non-metro · modest prep,physician_public_sector,annual_if_employed_kde,1207419.686682288,3.001483897172705e-07,bins are display-only; KDE from continuous Monte Carlo draws
english_can_afford_nonmetro_modest,English · can afford private · non-metro · modest prep,physician_public_sector,annual_if_employed_kde,1241564.4101449696,2.845867748954396e-07,bins are display-only; KDE from continuous Monte Carlo draws
english_can_afford_nonmetro_modest,English · can afford private · non-metro · modest prep,physician_public_sector,annual_if_employed_kde,1275709.133607651,2.695927063916994e-07,bins are display-only; KDE from continuous Monte Carlo draws
english_can_afford_nonmetro_modest,English · can afford private · non-metro · modest prep,physician_public_sector,annual_if_employed_kde,1309853.8570703326,2.552005395279834e-07,bins are display-only; KDE from continuous Monte Carlo draws
english_can_afford_nonmetro_modest,English · can afford private · non-metro · modest prep,physician_public_sector,annual_if_employed_kde,1343998.5805330144,2.4145814895697184e-07,bins are display-only; KDE from continuous Monte Carlo draws
english_can_afford_nonmetro_modest,English · can afford private · non-metro · modest prep,physician_public_sector,annual_if_employed_kde,1378143.303995696,2.2841571882184307e-07,bins are display-only; KDE from continuous Monte Carlo draws
english_can_afford_nonmetro_modest,English · can afford private · non-metro · modest prep,physician_public_sector,annual_if_employed_kde,1412288.0274583774,2.1611388108805338e-07,bins are display-only; KDE from continuous Monte Carlo draws
english_can_afford_nonmetro_modest,English · can afford private · non-metro · modest prep,physician_public_sector,annual_if_employed_kde,1446432.750921059,2.0457407621039372e-07,bins are display-only; KDE from continuous Monte Carlo draws
english_can_afford_nonmetro_modest,English · can afford private · non-metro · modest prep,physician_public_sector,annual_if_employed_kde,1480577.4743837405,1.937931130915947e-07,bins are display-only; KDE from continuous Monte Carlo draws
english_can_afford_nonmetro_modest,English · can afford private · non-metro · modest prep,physician_public_sector,annual_if_employed_kde,1514722.197846422,1.8374264162230717e-07,bins are display-only; KDE from continuous Monte Carlo draws
english_can_afford_nonmetro_modest,English · can afford private · non-metro · modest prep,physician_public_sector,annual_if_employed_kde,1548866.9213091035,1.7437302951634509e-07,bins are display-only; KDE from continuous Monte Carlo draws
english_can_afford_nonmetro_modest,English · can afford private · non-metro · modest prep,physician_public_sector,annual_if_employed_kde,1583011.644771785,1.6562025700337424e-07,bins are display-only; KDE from continuous Monte Carlo draws
english_can_afford_nonmetro_modest,English · can afford private · non-metro · modest prep,physician_public_sector,annual_if_employed_kde,1617156.3682344665,1.5741405571501423e-07,bins are display-only; KDE from continuous Monte Carlo draws
english_can_afford_nonmetro_modest,English · can afford private · non-metro · modest prep,physician_public_sector,annual_if_employed_kde,1651301.091697148,1.4968561061574364e-07,bins are display-only; KDE from continuous Monte Carlo draws
english_can_afford_nonmetro_modest,English · can afford private · non-metro · modest prep,physician_public_sector,annual_if_employed_kde,1685445.8151598296,1.423735844609006e-07,bins are display-only; KDE from continuous Monte Carlo draws
english_can_afford_nonmetro_modest,English · can afford private · non-metro · modest prep,physician_public_sector,annual_if_employed_kde,1719590.5386225113,1.3542782540406784e-07,bins are display-only; KDE from continuous Monte Carlo draws
english_can_afford_nonmetro_modest,English · can afford private · non-metro · modest prep,physician_public_sector,annual_if_employed_kde,1753735.2620851928,1.2881070141649084e-07,bins are display-only; KDE from continuous Monte Carlo draws
english_can_afford_nonmetro_modest,English · can afford private · non-metro · modest prep,physician_public_sector,annual_if_employed_kde,1787879.9855478744,1.224964452930846e-07,bins are display-only; KDE from continuous Monte Carlo draws
english_can_afford_nonmetro_modest,English · can afford private · non-metro · modest prep,physician_public_sector,annual_if_employed_kde,1822024.7090105559,1.1646913663443114e-07,bins are display-only; KDE from continuous Monte Carlo draws
english_can_afford_nonmetro_modest,English · can afford private · non-metro · modest prep,physician_public_sector,annual_if_employed_kde,1856169.4324732374,1.1072000004835717e-07,bins are display-only; KDE from continuous Monte Carlo draws
english_can_afford_nonmetro_modest,English · can afford private · non-metro · modest prep,physician_public_sector,annual_if_employed_kde,1890314.155935919,1.0524460997101645e-07,bins are display-only; KDE from continuous Monte Carlo draws
english_can_afford_nonmetro_modest,English · can afford private · non-metro · modest prep,physician_public_sector,annual_if_employed_kde,1924458.8793986004,1.0004042539557042e-07,bins are display-only; KDE from continuous Monte Carlo draws
english_can_afford_nonmetro_modest,English · can afford private · non-metro · modest prep,physician_public_sector,annual_if_employed_kde,1958603.602861282,9.510489113629997e-08,bins are display-only; KDE from continuous Monte Carlo draws
english_can_afford_nonmetro_modest,English · can afford private · non-metro · modest prep,physician_public_sector,annual_if_employed_kde,1992748.3263239635,9.04341783645736e-08,bins are display-only; KDE from continuous Monte Carlo draws
english_can_afford_nonmetro_modest,English · can afford private · non-metro · modest prep,physician_public_sector,annual_if_employed_kde,2026893.049786645,8.602251848499607e-08,bins are display-only; KDE from continuous Monte Carlo draws
english_can_afford_nonmetro_modest,English · can afford private · non-metro · modest prep,physician_public_sector,annual_if_employed_kde,2061037.7732493265,8.186201605313934e-08,bins are display-only; KDE from continuous Monte Carlo draws
english_can_afford_nonmetro_modest,English · can afford private · non-metro · modest prep,physician_private_sector,annual_if_employed_kde,46499.08895111566,4.001326514786033e-07,bins are display-only; KDE from continuous Monte Carlo draws
english_can_afford_nonmetro_modest,English · can afford private · non-metro · modest prep,physician_private_sector,annual_if_employed_kde,80643.81241379719,1.003432047270441e-06,bins are display-only; KDE from continuous Monte Carlo draws
english_can_afford_nonmetro_modest,English · can afford private · non-metro · modest prep,physician_private_sector,annual_if_employed_kde,114788.53587647874,1.4454775976987076e-06,bins are display-only; KDE from continuous Monte Carlo draws
english_can_afford_nonmetro_modest,English · can afford private · non-metro · modest prep,physician_private_sector,annual_if_employed_kde,148933.2593391603,1.690721834075505e-06,bins are display-only; KDE from continuous Monte Carlo draws
english_can_afford_nonmetro_modest,English · can afford private · non-metro · modest prep,physician_private_sector,annual_if_employed_kde,183077.9828018418,1.718019478765e-06,bins are display-only; KDE from continuous Monte Carlo draws
english_can_afford_nonmetro_modest,English · can afford private · non-metro · modest prep,physician_private_sector,annual_if_employed_kde,217222.70626452338,1.7182256625074812e-06,bins are display-only; KDE from continuous Monte Carlo draws
english_can_afford_nonmetro_modest,English · can afford private · non-metro · modest prep,physician_private_sector,annual_if_employed_kde,251367.4297272049,1.6748132060756067e-06,bins are display-only; KDE from continuous Monte Carlo draws
english_can_afford_nonmetro_modest,English · can afford private · non-metro · modest prep,physician_private_sector,annual_if_employed_kde,285512.1531898864,1.5654841330144898e-06,bins are display-only; KDE from continuous Monte Carlo draws
english_can_afford_nonmetro_modest,English · can afford private · non-metro · modest prep,physician_private_sector,annual_if_employed_kde,319656.876652568,1.4560774426265814e-06,bins are display-only; KDE from continuous Monte Carlo draws
english_can_afford_nonmetro_modest,English · can afford private · non-metro · modest prep,physician_private_sector,annual_if_employed_kde,353801.6001152495,1.379817244395337e-06,bins are display-only; KDE from continuous Monte Carlo draws
english_can_afford_nonmetro_modest,English · can afford private · non-metro · modest prep,physician_private_sector,annual_if_employed_kde,387946.3235779311,1.2999875750171047e-06,bins are display-only; KDE from continuous Monte Carlo draws
english_can_afford_nonmetro_modest,English · can afford private · non-metro · modest prep,physician_private_sector,annual_if_employed_kde,422091.0470406126,1.1923220098849486e-06,bins are display-only; KDE from continuous Monte Carlo draws
english_can_afford_nonmetro_modest,English · can afford private · non-metro · modest prep,physician_private_sector,annual_if_employed_kde,456235.77050329413,1.0752031423813235e-06,bins are display-only; KDE from continuous Monte Carlo draws
english_can_afford_nonmetro_modest,English · can afford private · non-metro · modest prep,physician_private_sector,annual_if_employed_kde,490380.4939659757,9.715115317870464e-07,bins are display-only; KDE from continuous Monte Carlo draws
english_can_afford_nonmetro_modest,English · can afford private · non-metro · modest prep,physician_private_sector,annual_if_employed_kde,524525.2174286572,8.841600005538813e-07,bins are display-only; KDE from continuous Monte Carlo draws
english_can_afford_nonmetro_modest,English · can afford private · non-metro · modest prep,physician_private_sector,annual_if_employed_kde,558669.9408913387,8.066680633942876e-07,bins are display-only; KDE from continuous Monte Carlo draws
english_can_afford_nonmetro_modest,English · can afford private · non-metro · modest prep,physician_private_sector,annual_if_employed_kde,592814.6643540203,7.364661930489192e-07,bins are display-only; KDE from continuous Monte Carlo draws
english_can_afford_nonmetro_modest,English · can afford private · non-metro · modest prep,physician_private_sector,annual_if_employed_kde,626959.3878167018,6.735081059222819e-07,bins are display-only; KDE from continuous Monte Carlo draws
english_can_afford_nonmetro_modest,English · can afford private · non-metro · modest prep,physician_private_sector,annual_if_employed_kde,661104.1112793833,6.156813088528697e-07,bins are display-only; KDE from continuous Monte Carlo draws
english_can_afford_nonmetro_modest,English · can afford private · non-metro · modest prep,physician_private_sector,annual_if_employed_kde,695248.8347420649,5.599193445446264e-07,bins are display-only; KDE from continuous Monte Carlo draws
english_can_afford_nonmetro_modest,English · can afford private · non-metro · modest prep,physician_private_sector,annual_if_employed_kde,729393.5582047465,5.054104481760295e-07,bins are display-only; KDE from continuous Monte Carlo draws
english_can_afford_nonmetro_modest,English · can afford private · non-metro · modest prep,physician_private_sector,annual_if_employed_kde,763538.281667428,4.540909785823885e-07,bins are display-only; KDE from continuous Monte Carlo draws
english_can_afford_nonmetro_modest,English · can afford private · non-metro · modest prep,physician_private_sector,annual_if_employed_kde,797683.0051301095,4.0858861679599767e-07,bins are display-only; KDE from continuous Monte Carlo draws
english_can_afford_nonmetro_modest,English · can afford private · non-metro · modest prep,physician_private_sector,annual_if_employed_kde,831827.728592791,3.7019579650023316e-07,bins are display-only; KDE from continuous Monte Carlo draws
english_can_afford_nonmetro_modest,English · can afford private · non-metro · modest prep,physician_private_sector,annual_if_employed_kde,865972.4520554725,3.38361587196983e-07,bins are display-only; KDE from continuous Monte Carlo draws
english_can_afford_nonmetro_modest,English · can afford private · non-metro · modest prep,physician_private_sector,annual_if_employed_kde,900117.1755181542,3.1142445708057786e-07,bins are display-only; KDE from continuous Monte Carlo draws
english_can_afford_nonmetro_modest,English · can afford private · non-metro · modest prep,physician_private_sector,annual_if_employed_kde,934261.8989808357,2.876231095842316e-07,bins are display-only; KDE from continuous Monte Carlo draws
english_can_afford_nonmetro_modest,English · can afford private · non-metro · modest prep,physician_private_sector,annual_if_employed_kde,968406.6224435172,2.6572227406223756e-07,bins are display-only; KDE from continuous Monte Carlo draws
english_can_afford_nonmetro_modest,English · can afford private · non-metro · modest prep,physician_private_sector,annual_if_employed_kde,1002551.3459061987,2.4513465310989396e-07,bins are display-only; KDE from continuous Monte Carlo draws
english_can_afford_nonmetro_modest,English · can afford private · non-metro · modest prep,physician_private_sector,annual_if_employed_kde,1036696.0693688802,2.257382249991283e-07,bins are display-only; KDE from continuous Monte Carlo draws
english_can_afford_nonmetro_modest,English · can afford private · non-metro · modest prep,physician_private_sector,annual_if_employed_kde,1070840.792831562,2.0762500911032783e-07,bins are display-only; KDE from continuous Monte Carlo draws
english_can_afford_nonmetro_modest,English · can afford private · non-metro · modest prep,physician_private_sector,annual_if_employed_kde,1104985.5162942435,1.9091605542801708e-07,bins are display-only; KDE from continuous Monte Carlo draws
english_can_afford_nonmetro_modest,English · can afford private · non-metro · modest prep,physician_private_sector,annual_if_employed_kde,1139130.239756925,1.7567228796942952e-07,bins are display-only; KDE from continuous Monte Carlo draws
english_can_afford_nonmetro_modest,English · can afford private · non-metro · modest prep,physician_private_sector,annual_if_employed_kde,1173274.9632196066,1.618758650692417e-07,bins are display-only; KDE from continuous Monte Carlo draws
english_can_afford_nonmetro_modest,English · can afford private · non-metro · modest prep,physician_private_sector,annual_if_employed_kde,1207419.686682288,1.494461647331196e-07,bins are display-only; KDE from continuous Monte Carlo draws
english_can_afford_nonmetro_modest,English · can afford private · non-metro · modest prep,physician_private_sector,annual_if_employed_kde,1241564.4101449696,1.3826461084551016e-07,bins are display-only; KDE from continuous Monte Carlo draws
english_can_afford_nonmetro_modest,English · can afford private · non-metro · modest prep,physician_private_sector,annual_if_employed_kde,1275709.133607651,1.2819576131150674e-07,bins are display-only; KDE from continuous Monte Carlo draws
english_can_afford_nonmetro_modest,English · can afford private · non-metro · modest prep,physician_private_sector,annual_if_employed_kde,1309853.8570703326,1.1910131124064724e-07,bins are display-only; KDE from continuous Monte Carlo draws
english_can_afford_nonmetro_modest,English · can afford private · non-metro · modest prep,physician_private_sector,annual_if_employed_kde,1343998.5805330144,1.1084817297518673e-07,bins are display-only; KDE from continuous Monte Carlo draws
english_can_afford_nonmetro_modest,English · can afford private · non-metro · modest prep,physician_private_sector,annual_if_employed_kde,1378143.303995696,1.0331299345081527e-07,bins are display-only; KDE from continuous Monte Carlo draws
english_can_afford_nonmetro_modest,English · can afford private · non-metro · modest prep,physician_private_sector,annual_if_employed_kde,1412288.0274583774,9.638497683292283e-08,bins are display-only; KDE from continuous Monte Carlo draws
english_can_afford_nonmetro_modest,English · can afford private · non-metro · modest prep,physician_private_sector,annual_if_employed_kde,1446432.750921059,8.996792206949054e-08,bins are display-only; KDE from continuous Monte Carlo draws
english_can_afford_nonmetro_modest,English · can afford private · non-metro · modest prep,physician_private_sector,annual_if_employed_kde,1480577.4743837405,8.398165121965139e-08,bins are display-only; KDE from continuous Monte Carlo draws
english_can_afford_nonmetro_modest,English · can afford private · non-metro · modest prep,physician_private_sector,annual_if_employed_kde,1514722.197846422,7.836269207188534e-08,bins are display-only; KDE from continuous Monte Carlo draws
english_can_afford_nonmetro_modest,English · can afford private · non-metro · modest prep,physician_private_sector,annual_if_employed_kde,1548866.9213091035,7.306407557149366e-08,bins are display-only; KDE from continuous Monte Carlo draws
english_can_afford_nonmetro_modest,English · can afford private · non-metro · modest prep,physician_private_sector,annual_if_employed_kde,1583011.644771785,6.805422197033625e-08,bins are display-only; KDE from continuous Monte Carlo draws
english_can_afford_nonmetro_modest,English · can afford private · non-metro · modest prep,physician_private_sector,annual_if_employed_kde,1617156.3682344665,6.331499500833333e-08,bins are display-only; KDE from continuous Monte Carlo draws
english_can_afford_nonmetro_modest,English · can afford private · non-metro · modest prep,physician_private_sector,annual_if_employed_kde,1651301.091697148,5.883907317574273e-08,bins are display-only; KDE from continuous Monte Carlo draws
english_can_afford_nonmetro_modest,English · can afford private · non-metro · modest prep,physician_private_sector,annual_if_employed_kde,1685445.8151598296,5.462684225606242e-08,bins are display-only; KDE from continuous Monte Carlo draws
english_can_afford_nonmetro_modest,English · can afford private · non-metro · modest prep,physician_private_sector,annual_if_employed_kde,1719590.5386225113,5.0683069321606416e-08,bins are display-only; KDE from continuous Monte Carlo draws
english_can_afford_nonmetro_modest,English · can afford private · non-metro · modest prep,physician_private_sector,annual_if_employed_kde,1753735.2620851928,4.701366387645567e-08,bins are display-only; KDE from continuous Monte Carlo draws
english_can_afford_nonmetro_modest,English · can afford private · non-metro · modest prep,physician_private_sector,annual_if_employed_kde,1787879.9855478744,4.362284054541379e-08,bins are display-only; KDE from continuous Monte Carlo draws
english_can_afford_nonmetro_modest,English · can afford private · non-metro · modest prep,physician_private_sector,annual_if_employed_kde,1822024.7090105559,4.051095075654724e-08,bins are display-only; KDE from continuous Monte Carlo draws
english_can_afford_nonmetro_modest,English · can afford private · non-metro · modest prep,physician_private_sector,annual_if_employed_kde,1856169.4324732374,3.767315113406377e-08,bins are display-only; KDE from continuous Monte Carlo draws
english_can_afford_nonmetro_modest,English · can afford private · non-metro · modest prep,physician_private_sector,annual_if_employed_kde,1890314.155935919,3.5098947409609346e-08,bins are display-only; KDE from continuous Monte Carlo draws
english_can_afford_nonmetro_modest,English · can afford private · non-metro · modest prep,physician_private_sector,annual_if_employed_kde,1924458.8793986004,3.277252725406498e-08,bins are display-only; KDE from continuous Monte Carlo draws
english_can_afford_nonmetro_modest,English · can afford private · non-metro · modest prep,physician_private_sector,annual_if_employed_kde,1958603.602861282,3.06737016733101e-08,bins are display-only; KDE from continuous Monte Carlo draws
english_can_afford_nonmetro_modest,English · can afford private · non-metro · modest prep,physician_private_sector,annual_if_employed_kde,1992748.3263239635,2.8779227305367622e-08,bins are display-only; KDE from continuous Monte Carlo draws
english_can_afford_nonmetro_modest,English · can afford private · non-metro · modest prep,physician_private_sector,annual_if_employed_kde,2026893.049786645,2.7064280894203196e-08,bins are display-only; KDE from continuous Monte Carlo draws
english_can_afford_nonmetro_modest,English · can afford private · non-metro · modest prep,physician_private_sector,annual_if_employed_kde,2061037.7732493265,2.550389112672083e-08,bins are display-only; KDE from continuous Monte Carlo draws
english_can_afford_metro_modest,English · can afford private · metro · modest prep,government_mbbs,annual_if_employed_kde,46499.08895111566,3.5358151218845207e-07,bins are display-only; KDE from continuous Monte Carlo draws
english_can_afford_metro_modest,English · can afford private · metro · modest prep,government_mbbs,annual_if_employed_kde,80643.81241379719,8.306980958060473e-07,bins are display-only; KDE from continuous Monte Carlo draws
english_can_afford_metro_modest,English · can afford private · metro · modest prep,government_mbbs,annual_if_employed_kde,114788.53587647874,1.180035179642356e-06,bins are display-only; KDE from continuous Monte Carlo draws
english_can_afford_metro_modest,English · can afford private · metro · modest prep,government_mbbs,annual_if_employed_kde,148933.2593391603,1.2690435658153279e-06,bins are display-only; KDE from continuous Monte Carlo draws
english_can_afford_metro_modest,English · can afford private · metro · modest prep,government_mbbs,annual_if_employed_kde,183077.9828018418,1.2969068339617815e-06,bins are display-only; KDE from continuous Monte Carlo draws
english_can_afford_metro_modest,English · can afford private · metro · modest prep,government_mbbs,annual_if_employed_kde,217222.70626452338,1.3199554841402472e-06,bins are display-only; KDE from continuous Monte Carlo draws
english_can_afford_metro_modest,English · can afford private · metro · modest prep,government_mbbs,annual_if_employed_kde,251367.4297272049,1.2923196205035561e-06,bins are display-only; KDE from continuous Monte Carlo draws
english_can_afford_metro_modest,English · can afford private · metro · modest prep,government_mbbs,annual_if_employed_kde,285512.1531898864,1.2627711616466484e-06,bins are display-only; KDE from continuous Monte Carlo draws
english_can_afford_metro_modest,English · can afford private · metro · modest prep,government_mbbs,annual_if_employed_kde,319656.876652568,1.2069146948851625e-06,bins are display-only; KDE from continuous Monte Carlo draws
english_can_afford_metro_modest,English · can afford private · metro · modest prep,government_mbbs,annual_if_employed_kde,353801.6001152495,1.126889929497157e-06,bins are display-only; KDE from continuous Monte Carlo draws
english_can_afford_metro_modest,English · can afford private · metro · modest prep,government_mbbs,annual_if_employed_kde,387946.3235779311,1.0614975404287582e-06,bins are display-only; KDE from continuous Monte Carlo draws
english_can_afford_metro_modest,English · can afford private · metro · modest prep,government_mbbs,annual_if_employed_kde,422091.0470406126,1.013997079765047e-06,bins are display-only; KDE from continuous Monte Carlo draws
english_can_afford_metro_modest,English · can afford private · metro · modest prep,government_mbbs,annual_if_employed_kde,456235.77050329413,9.706190246001987e-07,bins are display-only; KDE from continuous Monte Carlo draws
english_can_afford_metro_modest,English · can afford private · metro · modest prep,government_mbbs,annual_if_employed_kde,490380.4939659757,9.237404951349902e-07,bins are display-only; KDE from continuous Monte Carlo draws
english_can_afford_metro_modest,English · can afford private · metro · modest prep,government_mbbs,annual_if_employed_kde,524525.2174286572,8.728682470835885e-07,bins are display-only; KDE from continuous Monte Carlo draws
english_can_afford_metro_modest,English · can afford private · metro · modest prep,government_mbbs,annual_if_employed_kde,558669.9408913387,8.204735025343699e-07,bins are display-only; KDE from continuous Monte Carlo draws
english_can_afford_metro_modest,English · can afford private · metro · modest prep,government_mbbs,annual_if_employed_kde,592814.6643540203,7.688094841885404e-07,bins are display-only; KDE from continuous Monte Carlo draws
english_can_afford_metro_modest,English · can afford private · metro · modest prep,government_mbbs,annual_if_employed_kde,626959.3878167018,7.192537645149151e-07,bins are display-only; KDE from continuous Monte Carlo draws
english_can_afford_metro_modest,English · can afford private · metro · modest prep,government_mbbs,annual_if_employed_kde,661104.1112793833,6.726870213714013e-07,bins are display-only; KDE from continuous Monte Carlo draws
english_can_afford_metro_modest,English · can afford private · metro · modest prep,government_mbbs,annual_if_employed_kde,695248.8347420649,6.296323665397786e-07,bins are display-only; KDE from continuous Monte Carlo draws
english_can_afford_metro_modest,English · can afford private · metro · modest prep,government_mbbs,annual_if_employed_kde,729393.5582047465,5.902103369019392e-07,bins are display-only; KDE from continuous Monte Carlo draws
english_can_afford_metro_modest,English · can afford private · metro · modest prep,government_mbbs,annual_if_employed_kde,763538.281667428,5.54159821946124e-07,bins are display-only; KDE from continuous Monte Carlo draws
english_can_afford_metro_modest,English · can afford private · metro · modest prep,government_mbbs,annual_if_employed_kde,797683.0051301095,5.209410779718134e-07,bins are display-only; KDE from continuous Monte Carlo draws
english_can_afford_metro_modest,English · can afford private · metro · modest prep,government_mbbs,annual_if_employed_kde,831827.728592791,4.898667259785519e-07,bins are display-only; KDE from continuous Monte Carlo draws
english_can_afford_metro_modest,English · can afford private · metro · modest prep,government_mbbs,annual_if_employed_kde,865972.4520554725,4.602463659197968e-07,bins are display-only; KDE from continuous Monte Carlo draws
english_can_afford_metro_modest,English · can afford private · metro · modest prep,government_mbbs,annual_if_employed_kde,900117.1755181542,4.315415309638829e-07,bins are display-only; KDE from continuous Monte Carlo draws
english_can_afford_metro_modest,English · can afford private · metro · modest prep,government_mbbs,annual_if_employed_kde,934261.8989808357,4.0349026364541044e-07,bins are display-only; KDE from continuous Monte Carlo draws
english_can_afford_metro_modest,English · can afford private · metro · modest prep,government_mbbs,annual_if_employed_kde,968406.6224435172,3.7614181083810456e-07,bins are display-only; KDE from continuous Monte Carlo draws
english_can_afford_metro_modest,English · can afford private · metro · modest prep,government_mbbs,annual_if_employed_kde,1002551.3459061987,3.4978159344711524e-07,bins are display-only; KDE from continuous Monte Carlo draws
english_can_afford_metro_modest,English · can afford private · metro · modest prep,government_mbbs,annual_if_employed_kde,1036696.0693688802,3.2478822688816366e-07,bins are display-only; KDE from continuous Monte Carlo draws
english_can_afford_metro_modest,English · can afford private · metro · modest prep,government_mbbs,annual_if_employed_kde,1070840.792831562,3.014923654637915e-07,bins are display-only; KDE from continuous Monte Carlo draws
english_can_afford_metro_modest,English · can afford private · metro · modest prep,government_mbbs,annual_if_employed_kde,1104985.5162942435,2.800883752687747e-07,bins are display-only; KDE from continuous Monte Carlo draws
english_can_afford_metro_modest,English · can afford private · metro · modest prep,government_mbbs,annual_if_employed_kde,1139130.239756925,2.606111339104128e-07,bins are display-only; KDE from continuous Monte Carlo draws
english_can_afford_metro_modest,English · can afford private · metro · modest prep,government_mbbs,annual_if_employed_kde,1173274.9632196066,2.4296130426338465e-07,bins are display-only; KDE from continuous Monte Carlo draws
english_can_afford_metro_modest,English · can afford private · metro · modest prep,government_mbbs,annual_if_employed_kde,1207419.686682288,2.2695339960634395e-07,bins are display-only; KDE from continuous Monte Carlo draws
english_can_afford_metro_modest,English · can afford private · metro · modest prep,government_mbbs,annual_if_employed_kde,1241564.4101449696,2.123657826065081e-07,bins are display-only; KDE from continuous Monte Carlo draws
english_can_afford_metro_modest,English · can afford private · metro · modest prep,government_mbbs,annual_if_employed_kde,1275709.133607651,1.9898073416387468e-07,bins are display-only; KDE from continuous Monte Carlo draws
english_can_afford_metro_modest,English · can afford private · metro · modest prep,government_mbbs,annual_if_employed_kde,1309853.8570703326,1.8661018055544966e-07,bins are display-only; KDE from continuous Monte Carlo draws
english_can_afford_metro_modest,English · can afford private · metro · modest prep,government_mbbs,annual_if_employed_kde,1343998.5805330144,1.7510730180055475e-07,bins are display-only; KDE from continuous Monte Carlo draws
english_can_afford_metro_modest,English · can afford private · metro · modest prep,government_mbbs,annual_if_employed_kde,1378143.303995696,1.6436674836194387e-07,bins are display-only; KDE from continuous Monte Carlo draws
english_can_afford_metro_modest,English · can afford private · metro · modest prep,government_mbbs,annual_if_employed_kde,1412288.0274583774,1.543173429515345e-07,bins are display-only; KDE from continuous Monte Carlo draws
english_can_afford_metro_modest,English · can afford private · metro · modest prep,government_mbbs,annual_if_employed_kde,1446432.750921059,1.449113159828882e-07,bins are display-only; KDE from continuous Monte Carlo draws
english_can_afford_metro_modest,English · can afford private · metro · modest prep,government_mbbs,annual_if_employed_kde,1480577.4743837405,1.3611351935121218e-07,bins are display-only; KDE from continuous Monte Carlo draws
english_can_afford_metro_modest,English · can afford private · metro · modest prep,government_mbbs,annual_if_employed_kde,1514722.197846422,1.2789294809925325e-07,bins are display-only; KDE from continuous Monte Carlo draws
english_can_afford_metro_modest,English · can afford private · metro · modest prep,government_mbbs,annual_if_employed_kde,1548866.9213091035,1.2021762167374467e-07,bins are display-only; KDE from continuous Monte Carlo draws
english_can_afford_metro_modest,English · can afford private · metro · modest prep,government_mbbs,annual_if_employed_kde,1583011.644771785,1.1305276280401189e-07,bins are display-only; KDE from continuous Monte Carlo draws
english_can_afford_metro_modest,English · can afford private · metro · modest prep,government_mbbs,annual_if_employed_kde,1617156.3682344665,1.0636146923095203e-07,bins are display-only; KDE from continuous Monte Carlo draws
english_can_afford_metro_modest,English · can afford private · metro · modest prep,government_mbbs,annual_if_employed_kde,1651301.091697148,1.0010675778175031e-07,bins are display-only; KDE from continuous Monte Carlo draws
english_can_afford_metro_modest,English · can afford private · metro · modest prep,government_mbbs,annual_if_employed_kde,1685445.8151598296,9.425390713969126e-08,bins are display-only; KDE from continuous Monte Carlo draws
english_can_afford_metro_modest,English · can afford private · metro · modest prep,government_mbbs,annual_if_employed_kde,1719590.5386225113,8.877230589831549e-08,bins are display-only; KDE from continuous Monte Carlo draws
english_can_afford_metro_modest,English · can afford private · metro · modest prep,government_mbbs,annual_if_employed_kde,1753735.2620851928,8.363638567993431e-08,bins are display-only; KDE from continuous Monte Carlo draws
english_can_afford_metro_modest,English · can afford private · metro · modest prep,government_mbbs,annual_if_employed_kde,1787879.9855478744,7.882557036456291e-08,bins are display-only; KDE from continuous Monte Carlo draws
english_can_afford_metro_modest,English · can afford private · metro · modest prep,government_mbbs,annual_if_employed_kde,1822024.7090105559,7.43234299422607e-08,bins are display-only; KDE from continuous Monte Carlo draws
english_can_afford_metro_modest,English · can afford private · metro · modest prep,government_mbbs,annual_if_employed_kde,1856169.4324732374,7.011636381972859e-08,bins are display-only; KDE from continuous Monte Carlo draws
english_can_afford_metro_modest,English · can afford private · metro · modest prep,government_mbbs,annual_if_employed_kde,1890314.155935919,6.61921619073525e-08,bins are display-only; KDE from continuous Monte Carlo draws
english_can_afford_metro_modest,English · can afford private · metro · modest prep,government_mbbs,annual_if_employed_kde,1924458.8793986004,6.253873282490167e-08,bins are display-only; KDE from continuous Monte Carlo draws
english_can_afford_metro_modest,English · can afford private · metro · modest prep,government_mbbs,annual_if_employed_kde,1958603.602861282,5.9143185524528374e-08,bins are display-only; KDE from continuous Monte Carlo draws
english_can_afford_metro_modest,English · can afford private · metro · modest prep,government_mbbs,annual_if_employed_kde,1992748.3263239635,5.599133897931598e-08,bins are display-only; KDE from continuous Monte Carlo draws
english_can_afford_metro_modest,English · can afford private · metro · modest prep,government_mbbs,annual_if_employed_kde,2026893.049786645,5.3067640033358844e-08,bins are display-only; KDE from continuous Monte Carlo draws
english_can_afford_metro_modest,English · can afford private · metro · modest prep,government_mbbs,annual_if_employed_kde,2061037.7732493265,5.0355405706053885e-08,bins are display-only; KDE from continuous Monte Carlo draws
english_can_afford_metro_modest,English · can afford private · metro · modest prep,private_mbbs,annual_if_employed_kde,46499.08895111566,4.023231520772373e-07,bins are display-only; KDE from continuous Monte Carlo draws
english_can_afford_metro_modest,English · can afford private · metro · modest prep,private_mbbs,annual_if_employed_kde,80643.81241379719,8.612875773771299e-07,bins are display-only; KDE from continuous Monte Carlo draws
english_can_afford_metro_modest,English · can afford private · metro · modest prep,private_mbbs,annual_if_employed_kde,114788.53587647874,1.1680750177626102e-06,bins are display-only; KDE from continuous Monte Carlo draws
english_can_afford_metro_modest,English · can afford private · metro · modest prep,private_mbbs,annual_if_employed_kde,148933.2593391603,1.2937256583301443e-06,bins are display-only; KDE from continuous Monte Carlo draws
english_can_afford_metro_modest,English · can afford private · metro · modest prep,private_mbbs,annual_if_employed_kde,183077.9828018418,1.3662854315243068e-06,bins are display-only; KDE from continuous Monte Carlo draws
english_can_afford_metro_modest,English · can afford private · metro · modest prep,private_mbbs,annual_if_employed_kde,217222.70626452338,1.3443176331462658e-06,bins are display-only; KDE from continuous Monte Carlo draws
english_can_afford_metro_modest,English · can afford private · metro · modest prep,private_mbbs,annual_if_employed_kde,251367.4297272049,1.323868158954333e-06,bins are display-only; KDE from continuous Monte Carlo draws
english_can_afford_metro_modest,English · can afford private · metro · modest prep,private_mbbs,annual_if_employed_kde,285512.1531898864,1.290975357275589e-06,bins are display-only; KDE from continuous Monte Carlo draws
english_can_afford_metro_modest,English · can afford private · metro · modest prep,private_mbbs,annual_if_employed_kde,319656.876652568,1.2183478032328527e-06,bins are display-only; KDE from continuous Monte Carlo draws
english_can_afford_metro_modest,English · can afford private · metro · modest prep,private_mbbs,annual_if_employed_kde,353801.6001152495,1.1415755451676741e-06,bins are display-only; KDE from continuous Monte Carlo draws
english_can_afford_metro_modest,English · can afford private · metro · modest prep,private_mbbs,annual_if_employed_kde,387946.3235779311,1.0799128006806605e-06,bins are display-only; KDE from continuous Monte Carlo draws
english_can_afford_metro_modest,English · can afford private · metro · modest prep,private_mbbs,annual_if_employed_kde,422091.0470406126,1.0237989362381365e-06,bins are display-only; KDE from continuous Monte Carlo draws
english_can_afford_metro_modest,English · can afford private · metro · modest prep,private_mbbs,annual_if_employed_kde,456235.77050329413,9.645738810180239e-07,bins are display-only; KDE from continuous Monte Carlo draws
english_can_afford_metro_modest,English · can afford private · metro · modest prep,private_mbbs,annual_if_employed_kde,490380.4939659757,9.023402254669001e-07,bins are display-only; KDE from continuous Monte Carlo draws
english_can_afford_metro_modest,English · can afford private · metro · modest prep,private_mbbs,annual_if_employed_kde,524525.2174286572,8.406240786192848e-07,bins are display-only; KDE from continuous Monte Carlo draws
english_can_afford_metro_modest,English · can afford private · metro · modest prep,private_mbbs,annual_if_employed_kde,558669.9408913387,7.836330170949735e-07,bins are display-only; KDE from continuous Monte Carlo draws
english_can_afford_metro_modest,English · can afford private · metro · modest prep,private_mbbs,annual_if_employed_kde,592814.6643540203,7.342262097028198e-07,bins are display-only; KDE from continuous Monte Carlo draws
english_can_afford_metro_modest,English · can afford private · metro · modest prep,private_mbbs,annual_if_employed_kde,626959.3878167018,6.923670647095306e-07,bins are display-only; KDE from continuous Monte Carlo draws
english_can_afford_metro_modest,English · can afford private · metro · modest prep,private_mbbs,annual_if_employed_kde,661104.1112793833,6.557082301855349e-07,bins are display-only; KDE from continuous Monte Carlo draws
english_can_afford_metro_modest,English · can afford private · metro · modest prep,private_mbbs,annual_if_employed_kde,695248.8347420649,6.212920937111419e-07,bins are display-only; KDE from continuous Monte Carlo draws
english_can_afford_metro_modest,English · can afford private · metro · modest prep,private_mbbs,annual_if_employed_kde,729393.5582047465,5.868808186683662e-07,bins are display-only; KDE from continuous Monte Carlo draws
english_can_afford_metro_modest,English · can afford private · metro · modest prep,private_mbbs,annual_if_employed_kde,763538.281667428,5.515395944660224e-07,bins are display-only; KDE from continuous Monte Carlo draws
english_can_afford_metro_modest,English · can afford private · metro · modest prep,private_mbbs,annual_if_employed_kde,797683.0051301095,5.155828376640364e-07,bins are display-only; KDE from continuous Monte Carlo draws
english_can_afford_metro_modest,English · can afford private · metro · modest prep,private_mbbs,annual_if_employed_kde,831827.728592791,4.800638615215242e-07,bins are display-only; KDE from continuous Monte Carlo draws
english_can_afford_metro_modest,English · can afford private · metro · modest prep,private_mbbs,annual_if_employed_kde,865972.4520554725,4.4611954497973645e-07,bins are display-only; KDE from continuous Monte Carlo draws
english_can_afford_metro_modest,English · can afford private · metro · modest prep,private_mbbs,annual_if_employed_kde,900117.1755181542,4.145099475386145e-07,bins are display-only; KDE from continuous Monte Carlo draws
english_can_afford_metro_modest,English · can afford private · metro · modest prep,private_mbbs,annual_if_employed_kde,934261.8989808357,3.8549975952637876e-07,bins are display-only; KDE from continuous Monte Carlo draws
english_can_afford_metro_modest,English · can afford private · metro · modest prep,private_mbbs,annual_if_employed_kde,968406.6224435172,3.589923714385415e-07,bins are display-only; KDE from continuous Monte Carlo draws
english_can_afford_metro_modest,English · can afford private · metro · modest prep,private_mbbs,annual_if_employed_kde,1002551.3459061987,3.3473314609217917e-07,bins are display-only; KDE from continuous Monte Carlo draws
english_can_afford_metro_modest,English · can afford private · metro · modest prep,private_mbbs,annual_if_employed_kde,1036696.0693688802,3.1245217718199676e-07,bins are display-only; KDE from continuous Monte Carlo draws
english_can_afford_metro_modest,English · can afford private · metro · modest prep,private_mbbs,annual_if_employed_kde,1070840.792831562,2.919170191131662e-07,bins are display-only; KDE from continuous Monte Carlo draws
english_can_afford_metro_modest,English · can afford private · metro · modest prep,private_mbbs,annual_if_employed_kde,1104985.5162942435,2.7293000868374784e-07,bins are display-only; KDE from continuous Monte Carlo draws
english_can_afford_metro_modest,English · can afford private · metro · modest prep,private_mbbs,annual_if_employed_kde,1139130.239756925,2.5531466741956577e-07,bins are display-only; KDE from continuous Monte Carlo draws
english_can_afford_metro_modest,English · can afford private · metro · modest prep,private_mbbs,annual_if_employed_kde,1173274.9632196066,2.3891439663319966e-07,bins are display-only; KDE from continuous Monte Carlo draws
english_can_afford_metro_modest,English · can afford private · metro · modest prep,private_mbbs,annual_if_employed_kde,1207419.686682288,2.2360285049335805e-07,bins are display-only; KDE from continuous Monte Carlo draws
english_can_afford_metro_modest,English · can afford private · metro · modest prep,private_mbbs,annual_if_employed_kde,1241564.4101449696,2.0929413018269195e-07,bins are display-only; KDE from continuous Monte Carlo draws
english_can_afford_metro_modest,English · can afford private · metro · modest prep,private_mbbs,annual_if_employed_kde,1275709.133607651,1.9594282003864813e-07,bins are display-only; KDE from continuous Monte Carlo draws
english_can_afford_metro_modest,English · can afford private · metro · modest prep,private_mbbs,annual_if_employed_kde,1309853.8570703326,1.835319416091379e-07,bins are display-only; KDE from continuous Monte Carlo draws
english_can_afford_metro_modest,English · can afford private · metro · modest prep,private_mbbs,annual_if_employed_kde,1343998.5805330144,1.720539855680558e-07,bins are display-only; KDE from continuous Monte Carlo draws
english_can_afford_metro_modest,English · can afford private · metro · modest prep,private_mbbs,annual_if_employed_kde,1378143.303995696,1.614927253086589e-07,bins are display-only; KDE from continuous Monte Carlo draws
english_can_afford_metro_modest,English · can afford private · metro · modest prep,private_mbbs,annual_if_employed_kde,1412288.0274583774,1.5181173752115752e-07,bins are display-only; KDE from continuous Monte Carlo draws
english_can_afford_metro_modest,English · can afford private · metro · modest prep,private_mbbs,annual_if_employed_kde,1446432.750921059,1.4295171468671758e-07,bins are display-only; KDE from continuous Monte Carlo draws
english_can_afford_metro_modest,English · can afford private · metro · modest prep,private_mbbs,annual_if_employed_kde,1480577.4743837405,1.3483511355777913e-07,bins are display-only; KDE from continuous Monte Carlo draws
english_can_afford_metro_modest,English · can afford private · metro · modest prep,private_mbbs,annual_if_employed_kde,1514722.197846422,1.2737477692074715e-07,bins are display-only; KDE from continuous Monte Carlo draws
english_can_afford_metro_modest,English · can afford private · metro · modest prep,private_mbbs,annual_if_employed_kde,1548866.9213091035,1.2048303864864794e-07,bins are display-only; KDE from continuous Monte Carlo draws
english_can_afford_metro_modest,English · can afford private · metro · modest prep,private_mbbs,annual_if_employed_kde,1583011.644771785,1.1407886440232141e-07,bins are display-only; KDE from continuous Monte Carlo draws
english_can_afford_metro_modest,English · can afford private · metro · modest prep,private_mbbs,annual_if_employed_kde,1617156.3682344665,1.0809199074319702e-07,bins are display-only; KDE from continuous Monte Carlo draws
english_can_afford_metro_modest,English · can afford private · metro · modest prep,private_mbbs,annual_if_employed_kde,1651301.091697148,1.0246420098774625e-07,bins are display-only; KDE from continuous Monte Carlo draws
english_can_afford_metro_modest,English · can afford private · metro · modest prep,private_mbbs,annual_if_employed_kde,1685445.8151598296,9.714854788927818e-08,bins are display-only; KDE from continuous Monte Carlo draws
english_can_afford_metro_modest,English · can afford private · metro · modest prep,private_mbbs,annual_if_employed_kde,1719590.5386225113,9.210751209970741e-08,bins are display-only; KDE from continuous Monte Carlo draws
english_can_afford_metro_modest,English · can afford private · metro · modest prep,private_mbbs,annual_if_employed_kde,1753735.2620851928,8.731093082217934e-08,bins are display-only; KDE from continuous Monte Carlo draws
english_can_afford_metro_modest,English · can afford private · metro · modest prep,private_mbbs,annual_if_employed_kde,1787879.9855478744,8.273423003184209e-08,bins are display-only; KDE from continuous Monte Carlo draws
english_can_afford_metro_modest,English · can afford private · metro · modest prep,private_mbbs,annual_if_employed_kde,1822024.7090105559,7.83571890608426e-08,bins are display-only; KDE from continuous Monte Carlo draws
english_can_afford_metro_modest,English · can afford private · metro · modest prep,private_mbbs,annual_if_employed_kde,1856169.4324732374,7.416323579701347e-08,bins are display-only; KDE from continuous Monte Carlo draws
english_can_afford_metro_modest,English · can afford private · metro · modest prep,private_mbbs,annual_if_employed_kde,1890314.155935919,7.013913661039072e-08,bins are display-only; KDE from continuous Monte Carlo draws
english_can_afford_metro_modest,English · can afford private · metro · modest prep,private_mbbs,annual_if_employed_kde,1924458.8793986004,6.627489615700743e-08,bins are display-only; KDE from continuous Monte Carlo draws
english_can_afford_metro_modest,English · can afford private · metro · modest prep,private_mbbs,annual_if_employed_kde,1958603.602861282,6.256369334451583e-08,bins are display-only; KDE from continuous Monte Carlo draws
english_can_afford_metro_modest,English · can afford private · metro · modest prep,private_mbbs,annual_if_employed_kde,1992748.3263239635,5.900172485544726e-08,bins are display-only; KDE from continuous Monte Carlo draws
english_can_afford_metro_modest,English · can afford private · metro · modest prep,private_mbbs,annual_if_employed_kde,2026893.049786645,5.558788548828539e-08,bins are display-only; KDE from continuous Monte Carlo draws
english_can_afford_metro_modest,English · can afford private · metro · modest prep,private_mbbs,annual_if_employed_kde,2061037.7732493265,5.2323270377325846e-08,bins are display-only; KDE from continuous Monte Carlo draws
english_can_afford_metro_modest,English · can afford private · metro · modest prep,engineering,annual_if_employed_kde,46499.08895111566,3.300619471226292e-07,bins are display-only; KDE from continuous Monte Carlo draws
english_can_afford_metro_modest,English · can afford private · metro · modest prep,engineering,annual_if_employed_kde,80643.81241379719,1.1757357291901565e-06,bins are display-only; KDE from continuous Monte Carlo draws
english_can_afford_metro_modest,English · can afford private · metro · modest prep,engineering,annual_if_employed_kde,114788.53587647874,1.712536382201283e-06,bins are display-only; KDE from continuous Monte Carlo draws
english_can_afford_metro_modest,English · can afford private · metro · modest prep,engineering,annual_if_employed_kde,148933.2593391603,2.0153518626805222e-06,bins are display-only; KDE from continuous Monte Carlo draws
english_can_afford_metro_modest,English · can afford private · metro · modest prep,engineering,annual_if_employed_kde,183077.9828018418,2.0506495002490365e-06,bins are display-only; KDE from continuous Monte Carlo draws
english_can_afford_metro_modest,English · can afford private · metro · modest prep,engineering,annual_if_employed_kde,217222.70626452338,1.9962670861961827e-06,bins are display-only; KDE from continuous Monte Carlo draws
english_can_afford_metro_modest,English · can afford private · metro · modest prep,engineering,annual_if_employed_kde,251367.4297272049,1.8831081836730273e-06,bins are display-only; KDE from continuous Monte Carlo draws
english_can_afford_metro_modest,English · can afford private · metro · modest prep,engineering,annual_if_employed_kde,285512.1531898864,1.7734069451169703e-06,bins are display-only; KDE from continuous Monte Carlo draws
english_can_afford_metro_modest,English · can afford private · metro · modest prep,engineering,annual_if_employed_kde,319656.876652568,1.6465769786597196e-06,bins are display-only; KDE from continuous Monte Carlo draws
english_can_afford_metro_modest,English · can afford private · metro · modest prep,engineering,annual_if_employed_kde,353801.6001152495,1.4878566858596335e-06,bins are display-only; KDE from continuous Monte Carlo draws
english_can_afford_metro_modest,English · can afford private · metro · modest prep,engineering,annual_if_employed_kde,387946.3235779311,1.3472613891878412e-06,bins are display-only; KDE from continuous Monte Carlo draws
english_can_afford_metro_modest,English · can afford private · metro · modest prep,engineering,annual_if_employed_kde,422091.0470406126,1.2267253861979677e-06,bins are display-only; KDE from continuous Monte Carlo draws
english_can_afford_metro_modest,English · can afford private · metro · modest prep,engineering,annual_if_employed_kde,456235.77050329413,1.1048322409612332e-06,bins are display-only; KDE from continuous Monte Carlo draws
english_can_afford_metro_modest,English · can afford private · metro · modest prep,engineering,annual_if_employed_kde,490380.4939659757,9.846708378317646e-07,bins are display-only; KDE from continuous Monte Carlo draws
english_can_afford_metro_modest,English · can afford private · metro · modest prep,engineering,annual_if_employed_kde,524525.2174286572,8.736075870559411e-07,bins are display-only; KDE from continuous Monte Carlo draws
english_can_afford_metro_modest,English · can afford private · metro · modest prep,engineering,annual_if_employed_kde,558669.9408913387,7.705127237414015e-07,bins are display-only; KDE from continuous Monte Carlo draws
english_can_afford_metro_modest,English · can afford private · metro · modest prep,engineering,annual_if_employed_kde,592814.6643540203,6.776163760998813e-07,bins are display-only; KDE from continuous Monte Carlo draws
english_can_afford_metro_modest,English · can afford private · metro · modest prep,engineering,annual_if_employed_kde,626959.3878167018,5.993404825410425e-07,bins are display-only; KDE from continuous Monte Carlo draws
english_can_afford_metro_modest,English · can afford private · metro · modest prep,engineering,annual_if_employed_kde,661104.1112793833,5.352336699766189e-07,bins are display-only; KDE from continuous Monte Carlo draws
english_can_afford_metro_modest,English · can afford private · metro · modest prep,engineering,annual_if_employed_kde,695248.8347420649,4.813524510782795e-07,bins are display-only; KDE from continuous Monte Carlo draws
english_can_afford_metro_modest,English · can afford private · metro · modest prep,engineering,annual_if_employed_kde,729393.5582047465,4.342555576353074e-07,bins are display-only; KDE from continuous Monte Carlo draws
english_can_afford_metro_modest,English · can afford private · metro · modest prep,engineering,annual_if_employed_kde,763538.281667428,3.921077830715078e-07,bins are display-only; KDE from continuous Monte Carlo draws
english_can_afford_metro_modest,English · can afford private · metro · modest prep,engineering,annual_if_employed_kde,797683.0051301095,3.541038262861767e-07,bins are display-only; KDE from continuous Monte Carlo draws
english_can_afford_metro_modest,English · can afford private · metro · modest prep,engineering,annual_if_employed_kde,831827.728592791,3.198466845225815e-07,bins are display-only; KDE from continuous Monte Carlo draws
english_can_afford_metro_modest,English · can afford private · metro · modest prep,engineering,annual_if_employed_kde,865972.4520554725,2.8897998125557665e-07,bins are display-only; KDE from continuous Monte Carlo draws
english_can_afford_metro_modest,English · can afford private · metro · modest prep,engineering,annual_if_employed_kde,900117.1755181542,2.6108007738995525e-07,bins are display-only; KDE from continuous Monte Carlo draws
english_can_afford_metro_modest,English · can afford private · metro · modest prep,engineering,annual_if_employed_kde,934261.8989808357,2.3575840602156784e-07,bins are display-only; KDE from continuous Monte Carlo draws
english_can_afford_metro_modest,English · can afford private · metro · modest prep,engineering,annual_if_employed_kde,968406.6224435172,2.1279022117368053e-07,bins are display-only; KDE from continuous Monte Carlo draws
english_can_afford_metro_modest,English · can afford private · metro · modest prep,engineering,annual_if_employed_kde,1002551.3459061987,1.9211437646830362e-07,bins are display-only; KDE from continuous Monte Carlo draws
english_can_afford_metro_modest,English · can afford private · metro · modest prep,engineering,annual_if_employed_kde,1036696.0693688802,1.7371183453402777e-07,bins are display-only; KDE from continuous Monte Carlo draws
english_can_afford_metro_modest,English · can afford private · metro · modest prep,engineering,annual_if_employed_kde,1070840.792831562,1.5747474369500035e-07,bins are display-only; KDE from continuous Monte Carlo draws
english_can_afford_metro_modest,English · can afford private · metro · modest prep,engineering,annual_if_employed_kde,1104985.5162942435,1.4315639726930174e-07,bins are display-only; KDE from continuous Monte Carlo draws
english_can_afford_metro_modest,English · can afford private · metro · modest prep,engineering,annual_if_employed_kde,1139130.239756925,1.3041375797254307e-07,bins are display-only; KDE from continuous Monte Carlo draws
english_can_afford_metro_modest,English · can afford private · metro · modest prep,engineering,annual_if_employed_kde,1173274.9632196066,1.1889741653109823e-07,bins are display-only; KDE from continuous Monte Carlo draws
english_can_afford_metro_modest,English · can afford private · metro · modest prep,engineering,annual_if_employed_kde,1207419.686682288,1.0833337422397503e-07,bins are display-only; KDE from continuous Monte Carlo draws
english_can_afford_metro_modest,English · can afford private · metro · modest prep,engineering,annual_if_employed_kde,1241564.4101449696,9.856168887323555e-08,bins are display-only; KDE from continuous Monte Carlo draws
english_can_afford_metro_modest,English · can afford private · metro · modest prep,engineering,annual_if_employed_kde,1275709.133607651,8.952622689476985e-08,bins are display-only; KDE from continuous Monte Carlo draws
english_can_afford_metro_modest,English · can afford private · metro · modest prep,engineering,annual_if_employed_kde,1309853.8570703326,8.123218085021084e-08,bins are display-only; KDE from continuous Monte Carlo draws
english_can_afford_metro_modest,English · can afford private · metro · modest prep,engineering,annual_if_employed_kde,1343998.5805330144,7.369670772209552e-08,bins are display-only; KDE from continuous Monte Carlo draws
english_can_afford_metro_modest,English · can afford private · metro · modest prep,engineering,annual_if_employed_kde,1378143.303995696,6.691334994346383e-08,bins are display-only; KDE from continuous Monte Carlo draws
english_can_afford_metro_modest,English · can afford private · metro · modest prep,engineering,annual_if_employed_kde,1412288.0274583774,6.083876821212026e-08,bins are display-only; KDE from continuous Monte Carlo draws
english_can_afford_metro_modest,English · can afford private · metro · modest prep,engineering,annual_if_employed_kde,1446432.750921059,5.5398550754840334e-08,bins are display-only; KDE from continuous Monte Carlo draws
english_can_afford_metro_modest,English · can afford private · metro · modest prep,engineering,annual_if_employed_kde,1480577.4743837405,5.0502737677947156e-08,bins are display-only; KDE from continuous Monte Carlo draws
english_can_afford_metro_modest,English · can afford private · metro · modest prep,engineering,annual_if_employed_kde,1514722.197846422,4.606190520908173e-08,bins are display-only; KDE from continuous Monte Carlo draws
english_can_afford_metro_modest,English · can afford private · metro · modest prep,engineering,annual_if_employed_kde,1548866.9213091035,4.199850654163316e-08,bins are display-only; KDE from continuous Monte Carlo draws
english_can_afford_metro_modest,English · can afford private · metro · modest prep,engineering,annual_if_employed_kde,1583011.644771785,3.825231167607103e-08,bins are display-only; KDE from continuous Monte Carlo draws
english_can_afford_metro_modest,English · can afford private · metro · modest prep,engineering,annual_if_employed_kde,1617156.3682344665,3.478124308267741e-08,bins are display-only; KDE from continuous Monte Carlo draws
english_can_afford_metro_modest,English · can afford private · metro · modest prep,engineering,annual_if_employed_kde,1651301.091697148,3.155946540289788e-08,bins are display-only; KDE from continuous Monte Carlo draws
english_can_afford_metro_modest,English · can afford private · metro · modest prep,engineering,annual_if_employed_kde,1685445.8151598296,2.8574091362817184e-08,bins are display-only; KDE from continuous Monte Carlo draws
english_can_afford_metro_modest,English · can afford private · metro · modest prep,engineering,annual_if_employed_kde,1719590.5386225113,2.5821228479661106e-08,bins are display-only; KDE from continuous Monte Carlo draws
english_can_afford_metro_modest,English · can afford private · metro · modest prep,engineering,annual_if_employed_kde,1753735.2620851928,2.33017752645061e-08,bins are display-only; KDE from continuous Monte Carlo draws
english_can_afford_metro_modest,English · can afford private · metro · modest prep,engineering,annual_if_employed_kde,1787879.9855478744,2.101737298587136e-08,bins are display-only; KDE from continuous Monte Carlo draws
english_can_afford_metro_modest,English · can afford private · metro · modest prep,engineering,annual_if_employed_kde,1822024.7090105559,1.8967001299380375e-08,bins are display-only; KDE from continuous Monte Carlo draws
english_can_afford_metro_modest,English · can afford private · metro · modest prep,engineering,annual_if_employed_kde,1856169.4324732374,1.714467540771451e-08,bins are display-only; KDE from continuous Monte Carlo draws
english_can_afford_metro_modest,English · can afford private · metro · modest prep,engineering,annual_if_employed_kde,1890314.155935919,1.5538505010644156e-08,bins are display-only; KDE from continuous Monte Carlo draws
english_can_afford_metro_modest,English · can afford private · metro · modest prep,engineering,annual_if_employed_kde,1924458.8793986004,1.4131082279484383e-08,bins are display-only; KDE from continuous Monte Carlo draws
english_can_afford_metro_modest,English · can afford private · metro · modest prep,engineering,annual_if_employed_kde,1958603.602861282,1.2900894238844696e-08,bins are display-only; KDE from continuous Monte Carlo draws
english_can_afford_metro_modest,English · can afford private · metro · modest prep,engineering,annual_if_employed_kde,1992748.3263239635,1.182429440609607e-08,bins are display-only; KDE from continuous Monte Carlo draws
english_can_afford_metro_modest,English · can afford private · metro · modest prep,engineering,annual_if_employed_kde,2026893.049786645,1.0877549594521707e-08,bins are display-only; KDE from continuous Monte Carlo draws
english_can_afford_metro_modest,English · can afford private · metro · modest prep,engineering,annual_if_employed_kde,2061037.7732493265,1.0038575552047792e-08,bins are display-only; KDE from continuous Monte Carlo draws
english_can_afford_metro_modest,English · can afford private · metro · modest prep,law,annual_if_employed_kde,46499.08895111566,5.919554087795399e-07,bins are display-only; KDE from continuous Monte Carlo draws
english_can_afford_metro_modest,English · can afford private · metro · modest prep,law,annual_if_employed_kde,80643.81241379719,1.7058944821571288e-06,bins are display-only; KDE from continuous Monte Carlo draws
english_can_afford_metro_modest,English · can afford private · metro · modest prep,law,annual_if_employed_kde,114788.53587647874,2.470061579892169e-06,bins are display-only; KDE from continuous Monte Carlo draws
english_can_afford_metro_modest,English · can afford private · metro · modest prep,law,annual_if_employed_kde,148933.2593391603,2.748814393648165e-06,bins are display-only; KDE from continuous Monte Carlo draws
english_can_afford_metro_modest,English · can afford private · metro · modest prep,law,annual_if_employed_kde,183077.9828018418,2.8058255458766923e-06,bins are display-only; KDE from continuous Monte Carlo draws
english_can_afford_metro_modest,English · can afford private · metro · modest prep,law,annual_if_employed_kde,217222.70626452338,2.568872787331962e-06,bins are display-only; KDE from continuous Monte Carlo draws
english_can_afford_metro_modest,English · can afford private · metro · modest prep,law,annual_if_employed_kde,251367.4297272049,2.3405387067827278e-06,bins are display-only; KDE from continuous Monte Carlo draws
english_can_afford_metro_modest,English · can afford private · metro · modest prep,law,annual_if_employed_kde,285512.1531898864,2.0649443853371796e-06,bins are display-only; KDE from continuous Monte Carlo draws
english_can_afford_metro_modest,English · can afford private · metro · modest prep,law,annual_if_employed_kde,319656.876652568,1.7695312394009402e-06,bins are display-only; KDE from continuous Monte Carlo draws
english_can_afford_metro_modest,English · can afford private · metro · modest prep,law,annual_if_employed_kde,353801.6001152495,1.5045165364501898e-06,bins are display-only; KDE from continuous Monte Carlo draws
english_can_afford_metro_modest,English · can afford private · metro · modest prep,law,annual_if_employed_kde,387946.3235779311,1.2680115144818085e-06,bins are display-only; KDE from continuous Monte Carlo draws
english_can_afford_metro_modest,English · can afford private · metro · modest prep,law,annual_if_employed_kde,422091.0470406126,1.0669567217372235e-06,bins are display-only; KDE from continuous Monte Carlo draws
english_can_afford_metro_modest,English · can afford private · metro · modest prep,law,annual_if_employed_kde,456235.77050329413,9.052993361674748e-07,bins are display-only; KDE from continuous Monte Carlo draws
english_can_afford_metro_modest,English · can afford private · metro · modest prep,law,annual_if_employed_kde,490380.4939659757,7.675741838325703e-07,bins are display-only; KDE from continuous Monte Carlo draws
english_can_afford_metro_modest,English · can afford private · metro · modest prep,law,annual_if_employed_kde,524525.2174286572,6.467818693413694e-07,bins are display-only; KDE from continuous Monte Carlo draws
english_can_afford_metro_modest,English · can afford private · metro · modest prep,law,annual_if_employed_kde,558669.9408913387,5.466390706287539e-07,bins are display-only; KDE from continuous Monte Carlo draws
english_can_afford_metro_modest,English · can afford private · metro · modest prep,law,annual_if_employed_kde,592814.6643540203,4.664923938246679e-07,bins are display-only; KDE from continuous Monte Carlo draws
english_can_afford_metro_modest,English · can afford private · metro · modest prep,law,annual_if_employed_kde,626959.3878167018,4.015531454700979e-07,bins are display-only; KDE from continuous Monte Carlo draws
english_can_afford_metro_modest,English · can afford private · metro · modest prep,law,annual_if_employed_kde,661104.1112793833,3.4792738027244507e-07,bins are display-only; KDE from continuous Monte Carlo draws
english_can_afford_metro_modest,English · can afford private · metro · modest prep,law,annual_if_employed_kde,695248.8347420649,3.0278479185737123e-07,bins are display-only; KDE from continuous Monte Carlo draws
english_can_afford_metro_modest,English · can afford private · metro · modest prep,law,annual_if_employed_kde,729393.5582047465,2.634719182507844e-07,bins are display-only; KDE from continuous Monte Carlo draws
english_can_afford_metro_modest,English · can afford private · metro · modest prep,law,annual_if_employed_kde,763538.281667428,2.2801138032487347e-07,bins are display-only; KDE from continuous Monte Carlo draws
english_can_afford_metro_modest,English · can afford private · metro · modest prep,law,annual_if_employed_kde,797683.0051301095,1.956024969640573e-07,bins are display-only; KDE from continuous Monte Carlo draws
english_can_afford_metro_modest,English · can afford private · metro · modest prep,law,annual_if_employed_kde,831827.728592791,1.6638730054812796e-07,bins are display-only; KDE from continuous Monte Carlo draws
english_can_afford_metro_modest,English · can afford private · metro · modest prep,law,annual_if_employed_kde,865972.4520554725,1.4095110504888123e-07,bins are display-only; KDE from continuous Monte Carlo draws
english_can_afford_metro_modest,English · can afford private · metro · modest prep,law,annual_if_employed_kde,900117.1755181542,1.1982573880946665e-07,bins are display-only; KDE from continuous Monte Carlo draws
english_can_afford_metro_modest,English · can afford private · metro · modest prep,law,annual_if_employed_kde,934261.8989808357,1.0304972817979032e-07,bins are display-only; KDE from continuous Monte Carlo draws
english_can_afford_metro_modest,English · can afford private · metro · modest prep,law,annual_if_employed_kde,968406.6224435172,8.999917809715608e-08,bins are display-only; KDE from continuous Monte Carlo draws
english_can_afford_metro_modest,English · can afford private · metro · modest prep,law,annual_if_employed_kde,1002551.3459061987,7.96213556425958e-08,bins are display-only; KDE from continuous Monte Carlo draws
english_can_afford_metro_modest,English · can afford private · metro · modest prep,law,annual_if_employed_kde,1036696.0693688802,7.087914772934137e-08,bins are display-only; KDE from continuous Monte Carlo draws
english_can_afford_metro_modest,English · can afford private · metro · modest prep,law,annual_if_employed_kde,1070840.792831562,6.30839752867084e-08,bins are display-only; KDE from continuous Monte Carlo draws
english_can_afford_metro_modest,English · can afford private · metro · modest prep,law,annual_if_employed_kde,1104985.5162942435,5.596036412303026e-08,bins are display-only; KDE from continuous Monte Carlo draws
english_can_afford_metro_modest,English · can afford private · metro · modest prep,law,annual_if_employed_kde,1139130.239756925,4.950784928665337e-08,bins are display-only; KDE from continuous Monte Carlo draws
english_can_afford_metro_modest,English · can afford private · metro · modest prep,law,annual_if_employed_kde,1173274.9632196066,4.381244053995416e-08,bins are display-only; KDE from continuous Monte Carlo draws
english_can_afford_metro_modest,English · can afford private · metro · modest prep,law,annual_if_employed_kde,1207419.686682288,3.8915733291670925e-08,bins are display-only; KDE from continuous Monte Carlo draws
english_can_afford_metro_modest,English · can afford private · metro · modest prep,law,annual_if_employed_kde,1241564.4101449696,3.476973704846548e-08,bins are display-only; KDE from continuous Monte Carlo draws
english_can_afford_metro_modest,English · can afford private · metro · modest prep,law,annual_if_employed_kde,1275709.133607651,3.125405449604393e-08,bins are display-only; KDE from continuous Monte Carlo draws
english_can_afford_metro_modest,English · can afford private · metro · modest prep,law,annual_if_employed_kde,1309853.8570703326,2.8218755212863755e-08,bins are display-only; KDE from continuous Monte Carlo draws
english_can_afford_metro_modest,English · can afford private · metro · modest prep,law,annual_if_employed_kde,1343998.5805330144,2.5524860662870088e-08,bins are display-only; KDE from continuous Monte Carlo draws
english_can_afford_metro_modest,English · can afford private · metro · modest prep,law,annual_if_employed_kde,1378143.303995696,2.30686892663491e-08,bins are display-only; KDE from continuous Monte Carlo draws
english_can_afford_metro_modest,English · can afford private · metro · modest prep,law,annual_if_employed_kde,1412288.0274583774,2.078816557568817e-08,bins are display-only; KDE from continuous Monte Carlo draws
english_can_afford_metro_modest,English · can afford private · metro · modest prep,law,annual_if_employed_kde,1446432.750921059,1.8656106512296544e-08,bins are display-only; KDE from continuous Monte Carlo draws
english_can_afford_metro_modest,English · can afford private · metro · modest prep,law,annual_if_employed_kde,1480577.4743837405,1.6667690747086502e-08,bins are display-only; KDE from continuous Monte Carlo draws
english_can_afford_metro_modest,English · can afford private · metro · modest prep,law,annual_if_employed_kde,1514722.197846422,1.4828167050611363e-08,bins are display-only; KDE from continuous Monte Carlo draws
english_can_afford_metro_modest,English · can afford private · metro · modest prep,law,annual_if_employed_kde,1548866.9213091035,1.3144143589166008e-08,bins are display-only; KDE from continuous Monte Carlo draws
english_can_afford_metro_modest,English · can afford private · metro · modest prep,law,annual_if_employed_kde,1583011.644771785,1.1619117689273219e-08,bins are display-only; KDE from continuous Monte Carlo draws
english_can_afford_metro_modest,English · can afford private · metro · modest prep,law,annual_if_employed_kde,1617156.3682344665,1.025221208711768e-08,bins are display-only; KDE from continuous Monte Carlo draws
english_can_afford_metro_modest,English · can afford private · metro · modest prep,law,annual_if_employed_kde,1651301.091697148,9.038576655094308e-09,bins are display-only; KDE from continuous Monte Carlo draws
english_can_afford_metro_modest,English · can afford private · metro · modest prep,law,annual_if_employed_kde,1685445.8151598296,7.970244349279832e-09,bins are display-only; KDE from continuous Monte Carlo draws
english_can_afford_metro_modest,English · can afford private · metro · modest prep,law,annual_if_employed_kde,1719590.5386225113,7.036862711561578e-09,bins are display-only; KDE from continuous Monte Carlo draws
english_can_afford_metro_modest,English · can afford private · metro · modest prep,law,annual_if_employed_kde,1753735.2620851928,6.226240305489517e-09,bins are display-only; KDE from continuous Monte Carlo draws
english_can_afford_metro_modest,English · can afford private · metro · modest prep,law,annual_if_employed_kde,1787879.9855478744,5.524877317561973e-09,bins are display-only; KDE from continuous Monte Carlo draws
english_can_afford_metro_modest,English · can afford private · metro · modest prep,law,annual_if_employed_kde,1822024.7090105559,4.918627662005531e-09,bins are display-only; KDE from continuous Monte Carlo draws
english_can_afford_metro_modest,English · can afford private · metro · modest prep,law,annual_if_employed_kde,1856169.4324732374,4.3935014379938905e-09,bins are display-only; KDE from continuous Monte Carlo draws
english_can_afford_metro_modest,English · can afford private · metro · modest prep,law,annual_if_employed_kde,1890314.155935919,3.936490142101224e-09,bins are display-only; KDE from continuous Monte Carlo draws
english_can_afford_metro_modest,English · can afford private · metro · modest prep,law,annual_if_employed_kde,1924458.8793986004,3.5362498386632817e-09,bins are display-only; KDE from continuous Monte Carlo draws
english_can_afford_metro_modest,English · can afford private · metro · modest prep,law,annual_if_employed_kde,1958603.602861282,3.183512082312791e-09,bins are display-only; KDE from continuous Monte Carlo draws
english_can_afford_metro_modest,English · can afford private · metro · modest prep,law,annual_if_employed_kde,1992748.3263239635,2.871172927305783e-09,bins are display-only; KDE from continuous Monte Carlo draws
english_can_afford_metro_modest,English · can afford private · metro · modest prep,law,annual_if_employed_kde,2026893.049786645,2.5940936807175663e-09,bins are display-only; KDE from continuous Monte Carlo draws
english_can_afford_metro_modest,English · can afford private · metro · modest prep,law,annual_if_employed_kde,2061037.7732493265,2.34870334831947e-09,bins are display-only; KDE from continuous Monte Carlo draws
english_can_afford_metro_modest,English · can afford private · metro · modest prep,other_graduate,annual_if_employed_kde,46499.08895111566,1.5998993719850505e-06,bins are display-only; KDE from continuous Monte Carlo draws
english_can_afford_metro_modest,English · can afford private · metro · modest prep,other_graduate,annual_if_employed_kde,80643.81241379719,3.288244430205222e-06,bins are display-only; KDE from continuous Monte Carlo draws
english_can_afford_metro_modest,English · can afford private · metro · modest prep,other_graduate,annual_if_employed_kde,114788.53587647874,3.6973639891196253e-06,bins are display-only; KDE from continuous Monte Carlo draws
english_can_afford_metro_modest,English · can afford private · metro · modest prep,other_graduate,annual_if_employed_kde,148933.2593391603,3.4745842386285636e-06,bins are display-only; KDE from continuous Monte Carlo draws
english_can_afford_metro_modest,English · can afford private · metro · modest prep,other_graduate,annual_if_employed_kde,183077.9828018418,2.965629027520998e-06,bins are display-only; KDE from continuous Monte Carlo draws
english_can_afford_metro_modest,English · can afford private · metro · modest prep,other_graduate,annual_if_employed_kde,217222.70626452338,2.4717321400404404e-06,bins are display-only; KDE from continuous Monte Carlo draws
english_can_afford_metro_modest,English · can afford private · metro · modest prep,other_graduate,annual_if_employed_kde,251367.4297272049,2.115997599703572e-06,bins are display-only; KDE from continuous Monte Carlo draws
english_can_afford_metro_modest,English · can afford private · metro · modest prep,other_graduate,annual_if_employed_kde,285512.1531898864,1.7528539114705081e-06,bins are display-only; KDE from continuous Monte Carlo draws
english_can_afford_metro_modest,English · can afford private · metro · modest prep,other_graduate,annual_if_employed_kde,319656.876652568,1.3831237874021547e-06,bins are display-only; KDE from continuous Monte Carlo draws
english_can_afford_metro_modest,English · can afford private · metro · modest prep,other_graduate,annual_if_employed_kde,353801.6001152495,1.10134277414833e-06,bins are display-only; KDE from continuous Monte Carlo draws
english_can_afford_metro_modest,English · can afford private · metro · modest prep,other_graduate,annual_if_employed_kde,387946.3235779311,9.043266789802656e-07,bins are display-only; KDE from continuous Monte Carlo draws
english_can_afford_metro_modest,English · can afford private · metro · modest prep,other_graduate,annual_if_employed_kde,422091.0470406126,7.517883777934176e-07,bins are display-only; KDE from continuous Monte Carlo draws
english_can_afford_metro_modest,English · can afford private · metro · modest prep,other_graduate,annual_if_employed_kde,456235.77050329413,6.224931149856051e-07,bins are display-only; KDE from continuous Monte Carlo draws
english_can_afford_metro_modest,English · can afford private · metro · modest prep,other_graduate,annual_if_employed_kde,490380.4939659757,5.114006915304304e-07,bins are display-only; KDE from continuous Monte Carlo draws
english_can_afford_metro_modest,English · can afford private · metro · modest prep,other_graduate,annual_if_employed_kde,524525.2174286572,4.1954317908674057e-07,bins are display-only; KDE from continuous Monte Carlo draws
english_can_afford_metro_modest,English · can afford private · metro · modest prep,other_graduate,annual_if_employed_kde,558669.9408913387,3.452545113858629e-07,bins are display-only; KDE from continuous Monte Carlo draws
english_can_afford_metro_modest,English · can afford private · metro · modest prep,other_graduate,annual_if_employed_kde,592814.6643540203,2.85564855795755e-07,bins are display-only; KDE from continuous Monte Carlo draws
english_can_afford_metro_modest,English · can afford private · metro · modest prep,other_graduate,annual_if_employed_kde,626959.3878167018,2.37569741992361e-07,bins are display-only; KDE from continuous Monte Carlo draws
english_can_afford_metro_modest,English · can afford private · metro · modest prep,other_graduate,annual_if_employed_kde,661104.1112793833,1.9834679522586472e-07,bins are display-only; KDE from continuous Monte Carlo draws
english_can_afford_metro_modest,English · can afford private · metro · modest prep,other_graduate,annual_if_employed_kde,695248.8347420649,1.6572754744505105e-07,bins are display-only; KDE from continuous Monte Carlo draws
english_can_afford_metro_modest,English · can afford private · metro · modest prep,other_graduate,annual_if_employed_kde,729393.5582047465,1.385509947136653e-07,bins are display-only; KDE from continuous Monte Carlo draws
english_can_afford_metro_modest,English · can afford private · metro · modest prep,other_graduate,annual_if_employed_kde,763538.281667428,1.1615051365674887e-07,bins are display-only; KDE from continuous Monte Carlo draws
english_can_afford_metro_modest,English · can afford private · metro · modest prep,other_graduate,annual_if_employed_kde,797683.0051301095,9.791052280935292e-08,bins are display-only; KDE from continuous Monte Carlo draws
english_can_afford_metro_modest,English · can afford private · metro · modest prep,other_graduate,annual_if_employed_kde,831827.728592791,8.314194129275613e-08,bins are display-only; KDE from continuous Monte Carlo draws
english_can_afford_metro_modest,English · can afford private · metro · modest prep,other_graduate,annual_if_employed_kde,865972.4520554725,7.113635246086655e-08,bins are display-only; KDE from continuous Monte Carlo draws
english_can_afford_metro_modest,English · can afford private · metro · modest prep,other_graduate,annual_if_employed_kde,900117.1755181542,6.126045491928429e-08,bins are display-only; KDE from continuous Monte Carlo draws
english_can_afford_metro_modest,English · can afford private · metro · modest prep,other_graduate,annual_if_employed_kde,934261.8989808357,5.301566352328999e-08,bins are display-only; KDE from continuous Monte Carlo draws
english_can_afford_metro_modest,English · can afford private · metro · modest prep,other_graduate,annual_if_employed_kde,968406.6224435172,4.6045773357500127e-08,bins are display-only; KDE from continuous Monte Carlo draws
english_can_afford_metro_modest,English · can afford private · metro · modest prep,other_graduate,annual_if_employed_kde,1002551.3459061987,4.0110678157279656e-08,bins are display-only; KDE from continuous Monte Carlo draws
english_can_afford_metro_modest,English · can afford private · metro · modest prep,other_graduate,annual_if_employed_kde,1036696.0693688802,3.504820281552316e-08,bins are display-only; KDE from continuous Monte Carlo draws
english_can_afford_metro_modest,English · can afford private · metro · modest prep,other_graduate,annual_if_employed_kde,1070840.792831562,3.073749358391163e-08,bins are display-only; KDE from continuous Monte Carlo draws
english_can_afford_metro_modest,English · can afford private · metro · modest prep,other_graduate,annual_if_employed_kde,1104985.5162942435,2.7071437881438597e-08,bins are display-only; KDE from continuous Monte Carlo draws
english_can_afford_metro_modest,English · can afford private · metro · modest prep,other_graduate,annual_if_employed_kde,1139130.239756925,2.394266219048269e-08,bins are display-only; KDE from continuous Monte Carlo draws
english_can_afford_metro_modest,English · can afford private · metro · modest prep,other_graduate,annual_if_employed_kde,1173274.9632196066,2.124369617047487e-08,bins are display-only; KDE from continuous Monte Carlo draws
english_can_afford_metro_modest,English · can afford private · metro · modest prep,other_graduate,annual_if_employed_kde,1207419.686682288,1.8876755628379395e-08,bins are display-only; KDE from continuous Monte Carlo draws
english_can_afford_metro_modest,English · can afford private · metro · modest prep,other_graduate,annual_if_employed_kde,1241564.4101449696,1.6765360629647266e-08,bins are display-only; KDE from continuous Monte Carlo draws
english_can_afford_metro_modest,English · can afford private · metro · modest prep,other_graduate,annual_if_employed_kde,1275709.133607651,1.4860772536658779e-08,bins are display-only; KDE from continuous Monte Carlo draws
english_can_afford_metro_modest,English · can afford private · metro · modest prep,other_graduate,annual_if_employed_kde,1309853.8570703326,1.3140175813029812e-08,bins are display-only; KDE from continuous Monte Carlo draws
english_can_afford_metro_modest,English · can afford private · metro · modest prep,other_graduate,annual_if_employed_kde,1343998.5805330144,1.1598026251650609e-08,bins are display-only; KDE from continuous Monte Carlo draws
english_can_afford_metro_modest,English · can afford private · metro · modest prep,other_graduate,annual_if_employed_kde,1378143.303995696,1.0234744552421425e-08,bins are display-only; KDE from continuous Monte Carlo draws
english_can_afford_metro_modest,English · can afford private · metro · modest prep,other_graduate,annual_if_employed_kde,1412288.0274583774,9.047169559565472e-09,bins are display-only; KDE from continuous Monte Carlo draws
english_can_afford_metro_modest,English · can afford private · metro · modest prep,other_graduate,annual_if_employed_kde,1446432.750921059,8.023516886084788e-09,bins are display-only; KDE from continuous Monte Carlo draws
english_can_afford_metro_modest,English · can afford private · metro · modest prep,other_graduate,annual_if_employed_kde,1480577.4743837405,7.143269792835543e-09,bins are display-only; KDE from continuous Monte Carlo draws
english_can_afford_metro_modest,English · can afford private · metro · modest prep,other_graduate,annual_if_employed_kde,1514722.197846422,6.38059049220642e-09,bins are display-only; KDE from continuous Monte Carlo draws
english_can_afford_metro_modest,English · can afford private · metro · modest prep,other_graduate,annual_if_employed_kde,1548866.9213091035,5.709059204449102e-09,bins are display-only; KDE from continuous Monte Carlo draws
english_can_afford_metro_modest,English · can afford private · metro · modest prep,other_graduate,annual_if_employed_kde,1583011.644771785,5.1057942699992644e-09,bins are display-only; KDE from continuous Monte Carlo draws
english_can_afford_metro_modest,English · can afford private · metro · modest prep,other_graduate,annual_if_employed_kde,1617156.3682344665,4.553851371519057e-09,bins are display-only; KDE from continuous Monte Carlo draws
english_can_afford_metro_modest,English · can afford private · metro · modest prep,other_graduate,annual_if_employed_kde,1651301.091697148,4.042726207587904e-09,bins are display-only; KDE from continuous Monte Carlo draws
english_can_afford_metro_modest,English · can afford private · metro · modest prep,other_graduate,annual_if_employed_kde,1685445.8151598296,3.5674284951950496e-09,bins are display-only; KDE from continuous Monte Carlo draws
english_can_afford_metro_modest,English · can afford private · metro · modest prep,other_graduate,annual_if_employed_kde,1719590.5386225113,3.1268365336626337e-09,bins are display-only; KDE from continuous Monte Carlo draws
english_can_afford_metro_modest,English · can afford private · metro · modest prep,other_graduate,annual_if_employed_kde,1753735.2620851928,2.7219600452322947e-09,bins are display-only; KDE from continuous Monte Carlo draws
english_can_afford_metro_modest,English · can afford private · metro · modest prep,other_graduate,annual_if_employed_kde,1787879.9855478744,2.3545008504012425e-09,bins are display-only; KDE from continuous Monte Carlo draws
english_can_afford_metro_modest,English · can afford private · metro · modest prep,other_graduate,annual_if_employed_kde,1822024.7090105559,2.0258571362793424e-09,bins are display-only; KDE from continuous Monte Carlo draws
english_can_afford_metro_modest,English · can afford private · metro · modest prep,other_graduate,annual_if_employed_kde,1856169.4324732374,1.736551255891082e-09,bins are display-only; KDE from continuous Monte Carlo draws
english_can_afford_metro_modest,English · can afford private · metro · modest prep,other_graduate,annual_if_employed_kde,1890314.155935919,1.4859879446093553e-09,bins are display-only; KDE from continuous Monte Carlo draws
english_can_afford_metro_modest,English · can afford private · metro · modest prep,other_graduate,annual_if_employed_kde,1924458.8793986004,1.2724426628586171e-09,bins are display-only; KDE from continuous Monte Carlo draws
english_can_afford_metro_modest,English · can afford private · metro · modest prep,other_graduate,annual_if_employed_kde,1958603.602861282,1.0932011446418932e-09,bins are display-only; KDE from continuous Monte Carlo draws
english_can_afford_metro_modest,English · can afford private · metro · modest prep,other_graduate,annual_if_employed_kde,1992748.3263239635,9.447938176220301e-10,bins are display-only; KDE from continuous Monte Carlo draws
english_can_afford_metro_modest,English · can afford private · metro · modest prep,other_graduate,annual_if_employed_kde,2026893.049786645,8.232814886790093e-10,bins are display-only; KDE from continuous Monte Carlo draws
english_can_afford_metro_modest,English · can afford private · metro · modest prep,other_graduate,annual_if_employed_kde,2061037.7732493265,7.245530048714624e-10,bins are display-only; KDE from continuous Monte Carlo draws
english_can_afford_metro_modest,English · can afford private · metro · modest prep,non_professional_graduate,annual_if_employed_kde,46499.08895111566,1.4470601772231705e-06,bins are display-only; KDE from continuous Monte Carlo draws
english_can_afford_metro_modest,English · can afford private · metro · modest prep,non_professional_graduate,annual_if_employed_kde,80643.81241379719,2.3194283646646152e-06,bins are display-only; KDE from continuous Monte Carlo draws
english_can_afford_metro_modest,English · can afford private · metro · modest prep,non_professional_graduate,annual_if_employed_kde,114788.53587647874,2.725544501726152e-06,bins are display-only; KDE from continuous Monte Carlo draws
english_can_afford_metro_modest,English · can afford private · metro · modest prep,non_professional_graduate,annual_if_employed_kde,148933.2593391603,2.6996846042769355e-06,bins are display-only; KDE from continuous Monte Carlo draws
english_can_afford_metro_modest,English · can afford private · metro · modest prep,non_professional_graduate,annual_if_employed_kde,183077.9828018418,2.4003666882343556e-06,bins are display-only; KDE from continuous Monte Carlo draws
english_can_afford_metro_modest,English · can afford private · metro · modest prep,non_professional_graduate,annual_if_employed_kde,217222.70626452338,2.1344014056759558e-06,bins are display-only; KDE from continuous Monte Carlo draws
english_can_afford_metro_modest,English · can afford private · metro · modest prep,non_professional_graduate,annual_if_employed_kde,251367.4297272049,1.9141882549391653e-06,bins are display-only; KDE from continuous Monte Carlo draws
english_can_afford_metro_modest,English · can afford private · metro · modest prep,non_professional_graduate,annual_if_employed_kde,285512.1531898864,1.6829306201485036e-06,bins are display-only; KDE from continuous Monte Carlo draws
english_can_afford_metro_modest,English · can afford private · metro · modest prep,non_professional_graduate,annual_if_employed_kde,319656.876652568,1.4355513484614013e-06,bins are display-only; KDE from continuous Monte Carlo draws
english_can_afford_metro_modest,English · can afford private · metro · modest prep,non_professional_graduate,annual_if_employed_kde,353801.6001152495,1.2266207413835312e-06,bins are display-only; KDE from continuous Monte Carlo draws
english_can_afford_metro_modest,English · can afford private · metro · modest prep,non_professional_graduate,annual_if_employed_kde,387946.3235779311,1.057826374439762e-06,bins are display-only; KDE from continuous Monte Carlo draws
english_can_afford_metro_modest,English · can afford private · metro · modest prep,non_professional_graduate,annual_if_employed_kde,422091.0470406126,9.140208699720794e-07,bins are display-only; KDE from continuous Monte Carlo draws
english_can_afford_metro_modest,English · can afford private · metro · modest prep,non_professional_graduate,annual_if_employed_kde,456235.77050329413,7.906171980427491e-07,bins are display-only; KDE from continuous Monte Carlo draws
english_can_afford_metro_modest,English · can afford private · metro · modest prep,non_professional_graduate,annual_if_employed_kde,490380.4939659757,6.865199603883702e-07,bins are display-only; KDE from continuous Monte Carlo draws
english_can_afford_metro_modest,English · can afford private · metro · modest prep,non_professional_graduate,annual_if_employed_kde,524525.2174286572,5.995999790628487e-07,bins are display-only; KDE from continuous Monte Carlo draws
english_can_afford_metro_modest,English · can afford private · metro · modest prep,non_professional_graduate,annual_if_employed_kde,558669.9408913387,5.261859981777919e-07,bins are display-only; KDE from continuous Monte Carlo draws
english_can_afford_metro_modest,English · can afford private · metro · modest prep,non_professional_graduate,annual_if_employed_kde,592814.6643540203,4.626538528210305e-07,bins are display-only; KDE from continuous Monte Carlo draws
english_can_afford_metro_modest,English · can afford private · metro · modest prep,non_professional_graduate,annual_if_employed_kde,626959.3878167018,4.068875078094292e-07,bins are display-only; KDE from continuous Monte Carlo draws
english_can_afford_metro_modest,English · can afford private · metro · modest prep,non_professional_graduate,annual_if_employed_kde,661104.1112793833,3.581601112833722e-07,bins are display-only; KDE from continuous Monte Carlo draws
english_can_afford_metro_modest,English · can afford private · metro · modest prep,non_professional_graduate,annual_if_employed_kde,695248.8347420649,3.1620626910607e-07,bins are display-only; KDE from continuous Monte Carlo draws
english_can_afford_metro_modest,English · can afford private · metro · modest prep,non_professional_graduate,annual_if_employed_kde,729393.5582047465,2.806138536124499e-07,bins are display-only; KDE from continuous Monte Carlo draws
english_can_afford_metro_modest,English · can afford private · metro · modest prep,non_professional_graduate,annual_if_employed_kde,763538.281667428,2.506840853591802e-07,bins are display-only; KDE from continuous Monte Carlo draws
english_can_afford_metro_modest,English · can afford private · metro · modest prep,non_professional_graduate,annual_if_employed_kde,797683.0051301095,2.2547686251399093e-07,bins are display-only; KDE from continuous Monte Carlo draws
english_can_afford_metro_modest,English · can afford private · metro · modest prep,non_professional_graduate,annual_if_employed_kde,831827.728592791,2.039236892862843e-07,bins are display-only; KDE from continuous Monte Carlo draws
english_can_afford_metro_modest,English · can afford private · metro · modest prep,non_professional_graduate,annual_if_employed_kde,865972.4520554725,1.8500112180190893e-07,bins are display-only; KDE from continuous Monte Carlo draws
english_can_afford_metro_modest,English · can afford private · metro · modest prep,non_professional_graduate,annual_if_employed_kde,900117.1755181542,1.6790411686105853e-07,bins are display-only; KDE from continuous Monte Carlo draws
english_can_afford_metro_modest,English · can afford private · metro · modest prep,non_professional_graduate,annual_if_employed_kde,934261.8989808357,1.521322376545293e-07,bins are display-only; KDE from continuous Monte Carlo draws
english_can_afford_metro_modest,English · can afford private · metro · modest prep,non_professional_graduate,annual_if_employed_kde,968406.6224435172,1.374627587623344e-07,bins are display-only; KDE from continuous Monte Carlo draws
english_can_afford_metro_modest,English · can afford private · metro · modest prep,non_professional_graduate,annual_if_employed_kde,1002551.3459061987,1.238559679166988e-07,bins are display-only; KDE from continuous Monte Carlo draws
english_can_afford_metro_modest,English · can afford private · metro · modest prep,non_professional_graduate,annual_if_employed_kde,1036696.0693688802,1.1135591431545519e-07,bins are display-only; KDE from continuous Monte Carlo draws
english_can_afford_metro_modest,English · can afford private · metro · modest prep,non_professional_graduate,annual_if_employed_kde,1070840.792831562,1.0002200517582286e-07,bins are display-only; KDE from continuous Monte Carlo draws
english_can_afford_metro_modest,English · can afford private · metro · modest prep,non_professional_graduate,annual_if_employed_kde,1104985.5162942435,8.989294260895737e-08,bins are display-only; KDE from continuous Monte Carlo draws
english_can_afford_metro_modest,English · can afford private · metro · modest prep,non_professional_graduate,annual_if_employed_kde,1139130.239756925,8.096956774952301e-08,bins are display-only; KDE from continuous Monte Carlo draws
english_can_afford_metro_modest,English · can afford private · metro · modest prep,non_professional_graduate,annual_if_employed_kde,1173274.9632196066,7.320630976920637e-08,bins are display-only; KDE from continuous Monte Carlo draws
english_can_afford_metro_modest,English · can afford private · metro · modest prep,non_professional_graduate,annual_if_employed_kde,1207419.686682288,6.650928538500978e-08,bins are display-only; KDE from continuous Monte Carlo draws
english_can_afford_metro_modest,English · can afford private · metro · modest prep,non_professional_graduate,annual_if_employed_kde,1241564.4101449696,6.074310806413923e-08,bins are display-only; KDE from continuous Monte Carlo draws
english_can_afford_metro_modest,English · can afford private · metro · modest prep,non_professional_graduate,annual_if_employed_kde,1275709.133607651,5.574674386937621e-08,bins are display-only; KDE from continuous Monte Carlo draws
english_can_afford_metro_modest,English · can afford private · metro · modest prep,non_professional_graduate,annual_if_employed_kde,1309853.8570703326,5.1354843817916254e-08,bins are display-only; KDE from continuous Monte Carlo draws
english_can_afford_metro_modest,English · can afford private · metro · modest prep,non_professional_graduate,annual_if_employed_kde,1343998.5805330144,4.7418601260217115e-08,bins are display-only; KDE from continuous Monte Carlo draws
english_can_afford_metro_modest,English · can afford private · metro · modest prep,non_professional_graduate,annual_if_employed_kde,1378143.303995696,4.382071387594144e-08,bins are display-only; KDE from continuous Monte Carlo draws
english_can_afford_metro_modest,English · can afford private · metro · modest prep,non_professional_graduate,annual_if_employed_kde,1412288.0274583774,4.04816715319712e-08,bins are display-only; KDE from continuous Monte Carlo draws
english_can_afford_metro_modest,English · can afford private · metro · modest prep,non_professional_graduate,annual_if_employed_kde,1446432.750921059,3.735768220084244e-08,bins are display-only; KDE from continuous Monte Carlo draws
english_can_afford_metro_modest,English · can afford private · metro · modest prep,non_professional_graduate,annual_if_employed_kde,1480577.4743837405,3.443275337615872e-08,bins are display-only; KDE from continuous Monte Carlo draws
english_can_afford_metro_modest,English · can afford private · metro · modest prep,non_professional_graduate,annual_if_employed_kde,1514722.197846422,3.170825013702504e-08,bins are display-only; KDE from continuous Monte Carlo draws
english_can_afford_metro_modest,English · can afford private · metro · modest prep,non_professional_graduate,annual_if_employed_kde,1548866.9213091035,2.9192852021174842e-08,bins are display-only; KDE from continuous Monte Carlo draws
english_can_afford_metro_modest,English · can afford private · metro · modest prep,non_professional_graduate,annual_if_employed_kde,1583011.644771785,2.689477652768301e-08,bins are display-only; KDE from continuous Monte Carlo draws
english_can_afford_metro_modest,English · can afford private · metro · modest prep,non_professional_graduate,annual_if_employed_kde,1617156.3682344665,2.481697921966819e-08,bins are display-only; KDE from continuous Monte Carlo draws
english_can_afford_metro_modest,English · can afford private · metro · modest prep,non_professional_graduate,annual_if_employed_kde,1651301.091697148,2.2955142839216122e-08,bins are display-only; KDE from continuous Monte Carlo draws
english_can_afford_metro_modest,English · can afford private · metro · modest prep,non_professional_graduate,annual_if_employed_kde,1685445.8151598296,2.1297767285417024e-08,bins are display-only; KDE from continuous Monte Carlo draws
english_can_afford_metro_modest,English · can afford private · metro · modest prep,non_professional_graduate,annual_if_employed_kde,1719590.5386225113,1.9827533970130992e-08,bins are display-only; KDE from continuous Monte Carlo draws
english_can_afford_metro_modest,English · can afford private · metro · modest prep,non_professional_graduate,annual_if_employed_kde,1753735.2620851928,1.8523221659073028e-08,bins are display-only; KDE from continuous Monte Carlo draws
english_can_afford_metro_modest,English · can afford private · metro · modest prep,non_professional_graduate,annual_if_employed_kde,1787879.9855478744,1.736166388953554e-08,bins are display-only; KDE from continuous Monte Carlo draws
english_can_afford_metro_modest,English · can afford private · metro · modest prep,non_professional_graduate,annual_if_employed_kde,1822024.7090105559,1.6319458865927628e-08,bins are display-only; KDE from continuous Monte Carlo draws
english_can_afford_metro_modest,English · can afford private · metro · modest prep,non_professional_graduate,annual_if_employed_kde,1856169.4324732374,1.537431488034391e-08,bins are display-only; KDE from continuous Monte Carlo draws
english_can_afford_metro_modest,English · can afford private · metro · modest prep,non_professional_graduate,annual_if_employed_kde,1890314.155935919,1.4506020953826642e-08,bins are display-only; KDE from continuous Monte Carlo draws
english_can_afford_metro_modest,English · can afford private · metro · modest prep,non_professional_graduate,annual_if_employed_kde,1924458.8793986004,1.3697082260555242e-08,bins are display-only; KDE from continuous Monte Carlo draws
english_can_afford_metro_modest,English · can afford private · metro · modest prep,non_professional_graduate,annual_if_employed_kde,1958603.602861282,1.2933072598262271e-08,bins are display-only; KDE from continuous Monte Carlo draws
english_can_afford_metro_modest,English · can afford private · metro · modest prep,non_professional_graduate,annual_if_employed_kde,1992748.3263239635,1.220275142109287e-08,bins are display-only; KDE from continuous Monte Carlo draws
english_can_afford_metro_modest,English · can afford private · metro · modest prep,non_professional_graduate,annual_if_employed_kde,2026893.049786645,1.149798484127648e-08,bins are display-only; KDE from continuous Monte Carlo draws
english_can_afford_metro_modest,English · can afford private · metro · modest prep,non_professional_graduate,annual_if_employed_kde,2061037.7732493265,1.0813505558254117e-08,bins are display-only; KDE from continuous Monte Carlo draws
english_can_afford_metro_modest,English · can afford private · metro · modest prep,no_college,annual_if_employed_kde,46499.08895111566,5.491545356088904e-06,bins are display-only; KDE from continuous Monte Carlo draws
english_can_afford_metro_modest,English · can afford private · metro · modest prep,no_college,annual_if_employed_kde,80643.81241379719,5.495588789299444e-06,bins are display-only; KDE from continuous Monte Carlo draws
english_can_afford_metro_modest,English · can afford private · metro · modest prep,no_college,annual_if_employed_kde,114788.53587647874,4.22586691399788e-06,bins are display-only; KDE from continuous Monte Carlo draws
english_can_afford_metro_modest,English · can afford private · metro · modest prep,no_college,annual_if_employed_kde,148933.2593391603,3.086813574092169e-06,bins are display-only; KDE from continuous Monte Carlo draws
english_can_afford_metro_modest,English · can afford private · metro · modest prep,no_college,annual_if_employed_kde,183077.9828018418,2.2689023370494336e-06,bins are display-only; KDE from continuous Monte Carlo draws
english_can_afford_metro_modest,English · can afford private · metro · modest prep,no_college,annual_if_employed_kde,217222.70626452338,1.6874729366621108e-06,bins are display-only; KDE from continuous Monte Carlo draws
english_can_afford_metro_modest,English · can afford private · metro · modest prep,no_college,annual_if_employed_kde,251367.4297272049,1.2664418710705301e-06,bins are display-only; KDE from continuous Monte Carlo draws
english_can_afford_metro_modest,English · can afford private · metro · modest prep,no_college,annual_if_employed_kde,285512.1531898864,9.444661216472089e-07,bins are display-only; KDE from continuous Monte Carlo draws
english_can_afford_metro_modest,English · can afford private · metro · modest prep,no_college,annual_if_employed_kde,319656.876652568,7.155048699334383e-07,bins are display-only; KDE from continuous Monte Carlo draws
english_can_afford_metro_modest,English · can afford private · metro · modest prep,no_college,annual_if_employed_kde,353801.6001152495,5.482903833409047e-07,bins are display-only; KDE from continuous Monte Carlo draws
english_can_afford_metro_modest,English · can afford private · metro · modest prep,no_college,annual_if_employed_kde,387946.3235779311,4.2667929798473604e-07,bins are display-only; KDE from continuous Monte Carlo draws
english_can_afford_metro_modest,English · can afford private · metro · modest prep,no_college,annual_if_employed_kde,422091.0470406126,3.400567678151223e-07,bins are display-only; KDE from continuous Monte Carlo draws
english_can_afford_metro_modest,English · can afford private · metro · modest prep,no_college,annual_if_employed_kde,456235.77050329413,2.794227741637829e-07,bins are display-only; KDE from continuous Monte Carlo draws
english_can_afford_metro_modest,English · can afford private · metro · modest prep,no_college,annual_if_employed_kde,490380.4939659757,2.3444731627059658e-07,bins are display-only; KDE from continuous Monte Carlo draws
english_can_afford_metro_modest,English · can afford private · metro · modest prep,no_college,annual_if_employed_kde,524525.2174286572,1.9709282925600675e-07,bins are display-only; KDE from continuous Monte Carlo draws
english_can_afford_metro_modest,English · can afford private · metro · modest prep,no_college,annual_if_employed_kde,558669.9408913387,1.6392083760749287e-07,bins are display-only; KDE from continuous Monte Carlo draws
english_can_afford_metro_modest,English · can afford private · metro · modest prep,no_college,annual_if_employed_kde,592814.6643540203,1.3452708208887843e-07,bins are display-only; KDE from continuous Monte Carlo draws
english_can_afford_metro_modest,English · can afford private · metro · modest prep,no_college,annual_if_employed_kde,626959.3878167018,1.0928298729853645e-07,bins are display-only; KDE from continuous Monte Carlo draws
english_can_afford_metro_modest,English · can afford private · metro · modest prep,no_college,annual_if_employed_kde,661104.1112793833,8.827787311416701e-08,bins are display-only; KDE from continuous Monte Carlo draws
english_can_afford_metro_modest,English · can afford private · metro · modest prep,no_college,annual_if_employed_kde,695248.8347420649,7.124089305317312e-08,bins are display-only; KDE from continuous Monte Carlo draws
english_can_afford_metro_modest,English · can afford private · metro · modest prep,no_college,annual_if_employed_kde,729393.5582047465,5.7735838563119543e-08,bins are display-only; KDE from continuous Monte Carlo draws
english_can_afford_metro_modest,English · can afford private · metro · modest prep,no_college,annual_if_employed_kde,763538.281667428,4.727673735660875e-08,bins are display-only; KDE from continuous Monte Carlo draws
english_can_afford_metro_modest,English · can afford private · metro · modest prep,no_college,annual_if_employed_kde,797683.0051301095,3.9328902430296115e-08,bins are display-only; KDE from continuous Monte Carlo draws
english_can_afford_metro_modest,English · can afford private · metro · modest prep,no_college,annual_if_employed_kde,831827.728592791,3.330565514397057e-08,bins are display-only; KDE from continuous Monte Carlo draws
english_can_afford_metro_modest,English · can afford private · metro · modest prep,no_college,annual_if_employed_kde,865972.4520554725,2.8634406938227486e-08,bins are display-only; KDE from continuous Monte Carlo draws
english_can_afford_metro_modest,English · can afford private · metro · modest prep,no_college,annual_if_employed_kde,900117.1755181542,2.485346558325453e-08,bins are display-only; KDE from continuous Monte Carlo draws
english_can_afford_metro_modest,English · can afford private · metro · modest prep,no_college,annual_if_employed_kde,934261.8989808357,2.166530262188777e-08,bins are display-only; KDE from continuous Monte Carlo draws
english_can_afford_metro_modest,English · can afford private · metro · modest prep,no_college,annual_if_employed_kde,968406.6224435172,1.892113270668907e-08,bins are display-only; KDE from continuous Monte Carlo draws
english_can_afford_metro_modest,English · can afford private · metro · modest prep,no_college,annual_if_employed_kde,1002551.3459061987,1.6563872879723278e-08,bins are display-only; KDE from continuous Monte Carlo draws
english_can_afford_metro_modest,English · can afford private · metro · modest prep,no_college,annual_if_employed_kde,1036696.0693688802,1.4568802354167593e-08,bins are display-only; KDE from continuous Monte Carlo draws
english_can_afford_metro_modest,English · can afford private · metro · modest prep,no_college,annual_if_employed_kde,1070840.792831562,1.2905623078058067e-08,bins are display-only; KDE from continuous Monte Carlo draws
english_can_afford_metro_modest,English · can afford private · metro · modest prep,no_college,annual_if_employed_kde,1104985.5162942435,1.152607016645799e-08,bins are display-only; KDE from continuous Monte Carlo draws
english_can_afford_metro_modest,English · can afford private · metro · modest prep,no_college,annual_if_employed_kde,1139130.239756925,1.0369404425118572e-08,bins are display-only; KDE from continuous Monte Carlo draws
english_can_afford_metro_modest,English · can afford private · metro · modest prep,no_college,annual_if_employed_kde,1173274.9632196066,9.374889831166353e-09,bins are display-only; KDE from continuous Monte Carlo draws
english_can_afford_metro_modest,English · can afford private · metro · modest prep,no_college,annual_if_employed_kde,1207419.686682288,8.492676148748246e-09,bins are display-only; KDE from continuous Monte Carlo draws
english_can_afford_metro_modest,English · can afford private · metro · modest prep,no_college,annual_if_employed_kde,1241564.4101449696,7.68897703461647e-09,bins are display-only; KDE from continuous Monte Carlo draws
english_can_afford_metro_modest,English · can afford private · metro · modest prep,no_college,annual_if_employed_kde,1275709.133607651,6.945464478242436e-09,bins are display-only; KDE from continuous Monte Carlo draws
english_can_afford_metro_modest,English · can afford private · metro · modest prep,no_college,annual_if_employed_kde,1309853.8570703326,6.255063743152211e-09,bins are display-only; KDE from continuous Monte Carlo draws
english_can_afford_metro_modest,English · can afford private · metro · modest prep,no_college,annual_if_employed_kde,1343998.5805330144,5.616756069443473e-09,bins are display-only; KDE from continuous Monte Carlo draws
english_can_afford_metro_modest,English · can afford private · metro · modest prep,no_college,annual_if_employed_kde,1378143.303995696,5.0312666928374194e-09,bins are display-only; KDE from continuous Monte Carlo draws
english_can_afford_metro_modest,English · can afford private · metro · modest prep,no_college,annual_if_employed_kde,1412288.0274583774,4.498450098342162e-09,bins are display-only; KDE from continuous Monte Carlo draws
english_can_afford_metro_modest,English · can afford private · metro · modest prep,no_college,annual_if_employed_kde,1446432.750921059,4.016327727292133e-09,bins are display-only; KDE from continuous Monte Carlo draws
english_can_afford_metro_modest,English · can afford private · metro · modest prep,no_college,annual_if_employed_kde,1480577.4743837405,3.581278268766407e-09,bins are display-only; KDE from continuous Monte Carlo draws
english_can_afford_metro_modest,English · can afford private · metro · modest prep,no_college,annual_if_employed_kde,1514722.197846422,3.1887807014433463e-09,bins are display-only; KDE from continuous Monte Carlo draws
english_can_afford_metro_modest,English · can afford private · metro · modest prep,no_college,annual_if_employed_kde,1548866.9213091035,2.8342264911877945e-09,bins are display-only; KDE from continuous Monte Carlo draws
english_can_afford_metro_modest,English · can afford private · metro · modest prep,no_college,annual_if_employed_kde,1583011.644771785,2.513515311322237e-09,bins are display-only; KDE from continuous Monte Carlo draws
english_can_afford_metro_modest,English · can afford private · metro · modest prep,no_college,annual_if_employed_kde,1617156.3682344665,2.223336727287606e-09,bins are display-only; KDE from continuous Monte Carlo draws
english_can_afford_metro_modest,English · can afford private · metro · modest prep,no_college,annual_if_employed_kde,1651301.091697148,1.9611726516277618e-09,bins are display-only; KDE from continuous Monte Carlo draws
english_can_afford_metro_modest,English · can afford private · metro · modest prep,no_college,annual_if_employed_kde,1685445.8151598296,1.7251211973905695e-09,bins are display-only; KDE from continuous Monte Carlo draws
english_can_afford_metro_modest,English · can afford private · metro · modest prep,no_college,annual_if_employed_kde,1719590.5386225113,1.5136527302972325e-09,bins are display-only; KDE from continuous Monte Carlo draws
english_can_afford_metro_modest,English · can afford private · metro · modest prep,no_college,annual_if_employed_kde,1753735.2620851928,1.3253841858287642e-09,bins are display-only; KDE from continuous Monte Carlo draws
english_can_afford_metro_modest,English · can afford private · metro · modest prep,no_college,annual_if_employed_kde,1787879.9855478744,1.1589194590341292e-09,bins are display-only; KDE from continuous Monte Carlo draws
english_can_afford_metro_modest,English · can afford private · metro · modest prep,no_college,annual_if_employed_kde,1822024.7090105559,1.0127680727565108e-09,bins are display-only; KDE from continuous Monte Carlo draws
english_can_afford_metro_modest,English · can afford private · metro · modest prep,no_college,annual_if_employed_kde,1856169.4324732374,8.85330081033318e-10,bins are display-only; KDE from continuous Monte Carlo draws
english_can_afford_metro_modest,English · can afford private · metro · modest prep,no_college,annual_if_employed_kde,1890314.155935919,7.749241338764655e-10,bins are display-only; KDE from continuous Monte Carlo draws
english_can_afford_metro_modest,English · can afford private · metro · modest prep,no_college,annual_if_employed_kde,1924458.8793986004,6.798351841570694e-10,bins are display-only; KDE from continuous Monte Carlo draws
english_can_afford_metro_modest,English · can afford private · metro · modest prep,no_college,annual_if_employed_kde,1958603.602861282,5.98364000939642e-10,bins are display-only; KDE from continuous Monte Carlo draws
english_can_afford_metro_modest,English · can afford private · metro · modest prep,no_college,annual_if_employed_kde,1992748.3263239635,5.288682595629693e-10,bins are display-only; KDE from continuous Monte Carlo draws
english_can_afford_metro_modest,English · can afford private · metro · modest prep,no_college,annual_if_employed_kde,2026893.049786645,4.697916423768919e-10,bins are display-only; KDE from continuous Monte Carlo draws
english_can_afford_metro_modest,English · can afford private · metro · modest prep,no_college,annual_if_employed_kde,2061037.7732493265,4.196817924658489e-10,bins are display-only; KDE from continuous Monte Carlo draws
english_can_afford_metro_modest,English · can afford private · metro · modest prep,physician_public_sector,annual_if_employed_kde,46499.08895111566,3.1263181693449263e-07,bins are display-only; KDE from continuous Monte Carlo draws
english_can_afford_metro_modest,English · can afford private · metro · modest prep,physician_public_sector,annual_if_employed_kde,80643.81241379719,7.976550988770887e-07,bins are display-only; KDE from continuous Monte Carlo draws
english_can_afford_metro_modest,English · can afford private · metro · modest prep,physician_public_sector,annual_if_employed_kde,114788.53587647874,9.516726518168239e-07,bins are display-only; KDE from continuous Monte Carlo draws
english_can_afford_metro_modest,English · can afford private · metro · modest prep,physician_public_sector,annual_if_employed_kde,148933.2593391603,1.0002717058413508e-06,bins are display-only; KDE from continuous Monte Carlo draws
english_can_afford_metro_modest,English · can afford private · metro · modest prep,physician_public_sector,annual_if_employed_kde,183077.9828018418,1.0126267253160196e-06,bins are display-only; KDE from continuous Monte Carlo draws
english_can_afford_metro_modest,English · can afford private · metro · modest prep,physician_public_sector,annual_if_employed_kde,217222.70626452338,1.0024409207602975e-06,bins are display-only; KDE from continuous Monte Carlo draws
english_can_afford_metro_modest,English · can afford private · metro · modest prep,physician_public_sector,annual_if_employed_kde,251367.4297272049,1.0001049647711667e-06,bins are display-only; KDE from continuous Monte Carlo draws
english_can_afford_metro_modest,English · can afford private · metro · modest prep,physician_public_sector,annual_if_employed_kde,285512.1531898864,9.797935481341107e-07,bins are display-only; KDE from continuous Monte Carlo draws
english_can_afford_metro_modest,English · can afford private · metro · modest prep,physician_public_sector,annual_if_employed_kde,319656.876652568,9.57617721433447e-07,bins are display-only; KDE from continuous Monte Carlo draws
english_can_afford_metro_modest,English · can afford private · metro · modest prep,physician_public_sector,annual_if_employed_kde,353801.6001152495,9.455607511988815e-07,bins are display-only; KDE from continuous Monte Carlo draws
english_can_afford_metro_modest,English · can afford private · metro · modest prep,physician_public_sector,annual_if_employed_kde,387946.3235779311,9.264541174411075e-07,bins are display-only; KDE from continuous Monte Carlo draws
english_can_afford_metro_modest,English · can afford private · metro · modest prep,physician_public_sector,annual_if_employed_kde,422091.0470406126,8.943609362162048e-07,bins are display-only; KDE from continuous Monte Carlo draws
english_can_afford_metro_modest,English · can afford private · metro · modest prep,physician_public_sector,annual_if_employed_kde,456235.77050329413,8.5797470529388e-07,bins are display-only; KDE from continuous Monte Carlo draws
english_can_afford_metro_modest,English · can afford private · metro · modest prep,physician_public_sector,annual_if_employed_kde,490380.4939659757,8.227857420922039e-07,bins are display-only; KDE from continuous Monte Carlo draws
english_can_afford_metro_modest,English · can afford private · metro · modest prep,physician_public_sector,annual_if_employed_kde,524525.2174286572,7.888538240381478e-07,bins are display-only; KDE from continuous Monte Carlo draws
english_can_afford_metro_modest,English · can afford private · metro · modest prep,physician_public_sector,annual_if_employed_kde,558669.9408913387,7.561611125094299e-07,bins are display-only; KDE from continuous Monte Carlo draws
english_can_afford_metro_modest,English · can afford private · metro · modest prep,physician_public_sector,annual_if_employed_kde,592814.6643540203,7.249051530112906e-07,bins are display-only; KDE from continuous Monte Carlo draws
english_can_afford_metro_modest,English · can afford private · metro · modest prep,physician_public_sector,annual_if_employed_kde,626959.3878167018,6.945035892891195e-07,bins are display-only; KDE from continuous Monte Carlo draws
english_can_afford_metro_modest,English · can afford private · metro · modest prep,physician_public_sector,annual_if_employed_kde,661104.1112793833,6.64240113145825e-07,bins are display-only; KDE from continuous Monte Carlo draws
english_can_afford_metro_modest,English · can afford private · metro · modest prep,physician_public_sector,annual_if_employed_kde,695248.8347420649,6.339634180310499e-07,bins are display-only; KDE from continuous Monte Carlo draws
english_can_afford_metro_modest,English · can afford private · metro · modest prep,physician_public_sector,annual_if_employed_kde,729393.5582047465,6.039789595816061e-07,bins are display-only; KDE from continuous Monte Carlo draws
english_can_afford_metro_modest,English · can afford private · metro · modest prep,physician_public_sector,annual_if_employed_kde,763538.281667428,5.746978421585582e-07,bins are display-only; KDE from continuous Monte Carlo draws
english_can_afford_metro_modest,English · can afford private · metro · modest prep,physician_public_sector,annual_if_employed_kde,797683.0051301095,5.464738005454565e-07,bins are display-only; KDE from continuous Monte Carlo draws
english_can_afford_metro_modest,English · can afford private · metro · modest prep,physician_public_sector,annual_if_employed_kde,831827.728592791,5.195737119484267e-07,bins are display-only; KDE from continuous Monte Carlo draws
english_can_afford_metro_modest,English · can afford private · metro · modest prep,physician_public_sector,annual_if_employed_kde,865972.4520554725,4.941535545982278e-07,bins are display-only; KDE from continuous Monte Carlo draws
english_can_afford_metro_modest,English · can afford private · metro · modest prep,physician_public_sector,annual_if_employed_kde,900117.1755181542,4.7023278210223394e-07,bins are display-only; KDE from continuous Monte Carlo draws
english_can_afford_metro_modest,English · can afford private · metro · modest prep,physician_public_sector,annual_if_employed_kde,934261.8989808357,4.47706672564932e-07,bins are display-only; KDE from continuous Monte Carlo draws
english_can_afford_metro_modest,English · can afford private · metro · modest prep,physician_public_sector,annual_if_employed_kde,968406.6224435172,4.263999527981373e-07,bins are display-only; KDE from continuous Monte Carlo draws
english_can_afford_metro_modest,English · can afford private · metro · modest prep,physician_public_sector,annual_if_employed_kde,1002551.3459061987,4.061292635343032e-07,bins are display-only; KDE from continuous Monte Carlo draws
english_can_afford_metro_modest,English · can afford private · metro · modest prep,physician_public_sector,annual_if_employed_kde,1036696.0693688802,3.8674327651718467e-07,bins are display-only; KDE from continuous Monte Carlo draws
english_can_afford_metro_modest,English · can afford private · metro · modest prep,physician_public_sector,annual_if_employed_kde,1070840.792831562,3.681323206520883e-07,bins are display-only; KDE from continuous Monte Carlo draws
english_can_afford_metro_modest,English · can afford private · metro · modest prep,physician_public_sector,annual_if_employed_kde,1104985.5162942435,3.5021879735882634e-07,bins are display-only; KDE from continuous Monte Carlo draws
english_can_afford_metro_modest,English · can afford private · metro · modest prep,physician_public_sector,annual_if_employed_kde,1139130.239756925,3.329444485811921e-07,bins are display-only; KDE from continuous Monte Carlo draws
english_can_afford_metro_modest,English · can afford private · metro · modest prep,physician_public_sector,annual_if_employed_kde,1173274.9632196066,3.162643055111667e-07,bins are display-only; KDE from continuous Monte Carlo draws
english_can_afford_metro_modest,English · can afford private · metro · modest prep,physician_public_sector,annual_if_employed_kde,1207419.686682288,3.001483897172705e-07,bins are display-only; KDE from continuous Monte Carlo draws
english_can_afford_metro_modest,English · can afford private · metro · modest prep,physician_public_sector,annual_if_employed_kde,1241564.4101449696,2.845867748954396e-07,bins are display-only; KDE from continuous Monte Carlo draws
english_can_afford_metro_modest,English · can afford private · metro · modest prep,physician_public_sector,annual_if_employed_kde,1275709.133607651,2.695927063916994e-07,bins are display-only; KDE from continuous Monte Carlo draws
english_can_afford_metro_modest,English · can afford private · metro · modest prep,physician_public_sector,annual_if_employed_kde,1309853.8570703326,2.552005395279834e-07,bins are display-only; KDE from continuous Monte Carlo draws
english_can_afford_metro_modest,English · can afford private · metro · modest prep,physician_public_sector,annual_if_employed_kde,1343998.5805330144,2.4145814895697184e-07,bins are display-only; KDE from continuous Monte Carlo draws
english_can_afford_metro_modest,English · can afford private · metro · modest prep,physician_public_sector,annual_if_employed_kde,1378143.303995696,2.2841571882184307e-07,bins are display-only; KDE from continuous Monte Carlo draws
english_can_afford_metro_modest,English · can afford private · metro · modest prep,physician_public_sector,annual_if_employed_kde,1412288.0274583774,2.1611388108805338e-07,bins are display-only; KDE from continuous Monte Carlo draws
english_can_afford_metro_modest,English · can afford private · metro · modest prep,physician_public_sector,annual_if_employed_kde,1446432.750921059,2.0457407621039372e-07,bins are display-only; KDE from continuous Monte Carlo draws
english_can_afford_metro_modest,English · can afford private · metro · modest prep,physician_public_sector,annual_if_employed_kde,1480577.4743837405,1.937931130915947e-07,bins are display-only; KDE from continuous Monte Carlo draws
english_can_afford_metro_modest,English · can afford private · metro · modest prep,physician_public_sector,annual_if_employed_kde,1514722.197846422,1.8374264162230717e-07,bins are display-only; KDE from continuous Monte Carlo draws
english_can_afford_metro_modest,English · can afford private · metro · modest prep,physician_public_sector,annual_if_employed_kde,1548866.9213091035,1.7437302951634509e-07,bins are display-only; KDE from continuous Monte Carlo draws
english_can_afford_metro_modest,English · can afford private · metro · modest prep,physician_public_sector,annual_if_employed_kde,1583011.644771785,1.6562025700337424e-07,bins are display-only; KDE from continuous Monte Carlo draws
english_can_afford_metro_modest,English · can afford private · metro · modest prep,physician_public_sector,annual_if_employed_kde,1617156.3682344665,1.5741405571501423e-07,bins are display-only; KDE from continuous Monte Carlo draws
english_can_afford_metro_modest,English · can afford private · metro · modest prep,physician_public_sector,annual_if_employed_kde,1651301.091697148,1.4968561061574364e-07,bins are display-only; KDE from continuous Monte Carlo draws
english_can_afford_metro_modest,English · can afford private · metro · modest prep,physician_public_sector,annual_if_employed_kde,1685445.8151598296,1.423735844609006e-07,bins are display-only; KDE from continuous Monte Carlo draws
english_can_afford_metro_modest,English · can afford private · metro · modest prep,physician_public_sector,annual_if_employed_kde,1719590.5386225113,1.3542782540406784e-07,bins are display-only; KDE from continuous Monte Carlo draws
english_can_afford_metro_modest,English · can afford private · metro · modest prep,physician_public_sector,annual_if_employed_kde,1753735.2620851928,1.2881070141649084e-07,bins are display-only; KDE from continuous Monte Carlo draws
english_can_afford_metro_modest,English · can afford private · metro · modest prep,physician_public_sector,annual_if_employed_kde,1787879.9855478744,1.224964452930846e-07,bins are display-only; KDE from continuous Monte Carlo draws
english_can_afford_metro_modest,English · can afford private · metro · modest prep,physician_public_sector,annual_if_employed_kde,1822024.7090105559,1.1646913663443114e-07,bins are display-only; KDE from continuous Monte Carlo draws
english_can_afford_metro_modest,English · can afford private · metro · modest prep,physician_public_sector,annual_if_employed_kde,1856169.4324732374,1.1072000004835717e-07,bins are display-only; KDE from continuous Monte Carlo draws
english_can_afford_metro_modest,English · can afford private · metro · modest prep,physician_public_sector,annual_if_employed_kde,1890314.155935919,1.0524460997101645e-07,bins are display-only; KDE from continuous Monte Carlo draws
english_can_afford_metro_modest,English · can afford private · metro · modest prep,physician_public_sector,annual_if_employed_kde,1924458.8793986004,1.0004042539557042e-07,bins are display-only; KDE from continuous Monte Carlo draws
english_can_afford_metro_modest,English · can afford private · metro · modest prep,physician_public_sector,annual_if_employed_kde,1958603.602861282,9.510489113629997e-08,bins are display-only; KDE from continuous Monte Carlo draws
english_can_afford_metro_modest,English · can afford private · metro · modest prep,physician_public_sector,annual_if_employed_kde,1992748.3263239635,9.04341783645736e-08,bins are display-only; KDE from continuous Monte Carlo draws
english_can_afford_metro_modest,English · can afford private · metro · modest prep,physician_public_sector,annual_if_employed_kde,2026893.049786645,8.602251848499607e-08,bins are display-only; KDE from continuous Monte Carlo draws
english_can_afford_metro_modest,English · can afford private · metro · modest prep,physician_public_sector,annual_if_employed_kde,2061037.7732493265,8.186201605313934e-08,bins are display-only; KDE from continuous Monte Carlo draws
english_can_afford_metro_modest,English · can afford private · metro · modest prep,physician_private_sector,annual_if_employed_kde,46499.08895111566,4.001326514786033e-07,bins are display-only; KDE from continuous Monte Carlo draws
english_can_afford_metro_modest,English · can afford private · metro · modest prep,physician_private_sector,annual_if_employed_kde,80643.81241379719,1.003432047270441e-06,bins are display-only; KDE from continuous Monte Carlo draws
english_can_afford_metro_modest,English · can afford private · metro · modest prep,physician_private_sector,annual_if_employed_kde,114788.53587647874,1.4454775976987076e-06,bins are display-only; KDE from continuous Monte Carlo draws
english_can_afford_metro_modest,English · can afford private · metro · modest prep,physician_private_sector,annual_if_employed_kde,148933.2593391603,1.690721834075505e-06,bins are display-only; KDE from continuous Monte Carlo draws
english_can_afford_metro_modest,English · can afford private · metro · modest prep,physician_private_sector,annual_if_employed_kde,183077.9828018418,1.718019478765e-06,bins are display-only; KDE from continuous Monte Carlo draws
english_can_afford_metro_modest,English · can afford private · metro · modest prep,physician_private_sector,annual_if_employed_kde,217222.70626452338,1.7182256625074812e-06,bins are display-only; KDE from continuous Monte Carlo draws
english_can_afford_metro_modest,English · can afford private · metro · modest prep,physician_private_sector,annual_if_employed_kde,251367.4297272049,1.6748132060756067e-06,bins are display-only; KDE from continuous Monte Carlo draws
english_can_afford_metro_modest,English · can afford private · metro · modest prep,physician_private_sector,annual_if_employed_kde,285512.1531898864,1.5654841330144898e-06,bins are display-only; KDE from continuous Monte Carlo draws
english_can_afford_metro_modest,English · can afford private · metro · modest prep,physician_private_sector,annual_if_employed_kde,319656.876652568,1.4560774426265814e-06,bins are display-only; KDE from continuous Monte Carlo draws
english_can_afford_metro_modest,English · can afford private · metro · modest prep,physician_private_sector,annual_if_employed_kde,353801.6001152495,1.379817244395337e-06,bins are display-only; KDE from continuous Monte Carlo draws
english_can_afford_metro_modest,English · can afford private · metro · modest prep,physician_private_sector,annual_if_employed_kde,387946.3235779311,1.2999875750171047e-06,bins are display-only; KDE from continuous Monte Carlo draws
english_can_afford_metro_modest,English · can afford private · metro · modest prep,physician_private_sector,annual_if_employed_kde,422091.0470406126,1.1923220098849486e-06,bins are display-only; KDE from continuous Monte Carlo draws
english_can_afford_metro_modest,English · can afford private · metro · modest prep,physician_private_sector,annual_if_employed_kde,456235.77050329413,1.0752031423813235e-06,bins are display-only; KDE from continuous Monte Carlo draws
english_can_afford_metro_modest,English · can afford private · metro · modest prep,physician_private_sector,annual_if_employed_kde,490380.4939659757,9.715115317870464e-07,bins are display-only; KDE from continuous Monte Carlo draws
english_can_afford_metro_modest,English · can afford private · metro · modest prep,physician_private_sector,annual_if_employed_kde,524525.2174286572,8.841600005538813e-07,bins are display-only; KDE from continuous Monte Carlo draws
english_can_afford_metro_modest,English · can afford private · metro · modest prep,physician_private_sector,annual_if_employed_kde,558669.9408913387,8.066680633942876e-07,bins are display-only; KDE from continuous Monte Carlo draws
english_can_afford_metro_modest,English · can afford private · metro · modest prep,physician_private_sector,annual_if_employed_kde,592814.6643540203,7.364661930489192e-07,bins are display-only; KDE from continuous Monte Carlo draws
english_can_afford_metro_modest,English · can afford private · metro · modest prep,physician_private_sector,annual_if_employed_kde,626959.3878167018,6.735081059222819e-07,bins are display-only; KDE from continuous Monte Carlo draws
english_can_afford_metro_modest,English · can afford private · metro · modest prep,physician_private_sector,annual_if_employed_kde,661104.1112793833,6.156813088528697e-07,bins are display-only; KDE from continuous Monte Carlo draws
english_can_afford_metro_modest,English · can afford private · metro · modest prep,physician_private_sector,annual_if_employed_kde,695248.8347420649,5.599193445446264e-07,bins are display-only; KDE from continuous Monte Carlo draws
english_can_afford_metro_modest,English · can afford private · metro · modest prep,physician_private_sector,annual_if_employed_kde,729393.5582047465,5.054104481760295e-07,bins are display-only; KDE from continuous Monte Carlo draws
english_can_afford_metro_modest,English · can afford private · metro · modest prep,physician_private_sector,annual_if_employed_kde,763538.281667428,4.540909785823885e-07,bins are display-only; KDE from continuous Monte Carlo draws
english_can_afford_metro_modest,English · can afford private · metro · modest prep,physician_private_sector,annual_if_employed_kde,797683.0051301095,4.0858861679599767e-07,bins are display-only; KDE from continuous Monte Carlo draws
english_can_afford_metro_modest,English · can afford private · metro · modest prep,physician_private_sector,annual_if_employed_kde,831827.728592791,3.7019579650023316e-07,bins are display-only; KDE from continuous Monte Carlo draws
english_can_afford_metro_modest,English · can afford private · metro · modest prep,physician_private_sector,annual_if_employed_kde,865972.4520554725,3.38361587196983e-07,bins are display-only; KDE from continuous Monte Carlo draws
english_can_afford_metro_modest,English · can afford private · metro · modest prep,physician_private_sector,annual_if_employed_kde,900117.1755181542,3.1142445708057786e-07,bins are display-only; KDE from continuous Monte Carlo draws
english_can_afford_metro_modest,English · can afford private · metro · modest prep,physician_private_sector,annual_if_employed_kde,934261.8989808357,2.876231095842316e-07,bins are display-only; KDE from continuous Monte Carlo draws
english_can_afford_metro_modest,English · can afford private · metro · modest prep,physician_private_sector,annual_if_employed_kde,968406.6224435172,2.6572227406223756e-07,bins are display-only; KDE from continuous Monte Carlo draws
english_can_afford_metro_modest,English · can afford private · metro · modest prep,physician_private_sector,annual_if_employed_kde,1002551.3459061987,2.4513465310989396e-07,bins are display-only; KDE from continuous Monte Carlo draws
english_can_afford_metro_modest,English · can afford private · metro · modest prep,physician_private_sector,annual_if_employed_kde,1036696.0693688802,2.257382249991283e-07,bins are display-only; KDE from continuous Monte Carlo draws
english_can_afford_metro_modest,English · can afford private · metro · modest prep,physician_private_sector,annual_if_employed_kde,1070840.792831562,2.0762500911032783e-07,bins are display-only; KDE from continuous Monte Carlo draws
english_can_afford_metro_modest,English · can afford private · metro · modest prep,physician_private_sector,annual_if_employed_kde,1104985.5162942435,1.9091605542801708e-07,bins are display-only; KDE from continuous Monte Carlo draws
english_can_afford_metro_modest,English · can afford private · metro · modest prep,physician_private_sector,annual_if_employed_kde,1139130.239756925,1.7567228796942952e-07,bins are display-only; KDE from continuous Monte Carlo draws
english_can_afford_metro_modest,English · can afford private · metro · modest prep,physician_private_sector,annual_if_employed_kde,1173274.9632196066,1.618758650692417e-07,bins are display-only; KDE from continuous Monte Carlo draws
english_can_afford_metro_modest,English · can afford private · metro · modest prep,physician_private_sector,annual_if_employed_kde,1207419.686682288,1.494461647331196e-07,bins are display-only; KDE from continuous Monte Carlo draws
english_can_afford_metro_modest,English · can afford private · metro · modest prep,physician_private_sector,annual_if_employed_kde,1241564.4101449696,1.3826461084551016e-07,bins are display-only; KDE from continuous Monte Carlo draws
english_can_afford_metro_modest,English · can afford private · metro · modest prep,physician_private_sector,annual_if_employed_kde,1275709.133607651,1.2819576131150674e-07,bins are display-only; KDE from continuous Monte Carlo draws
english_can_afford_metro_modest,English · can afford private · metro · modest prep,physician_private_sector,annual_if_employed_kde,1309853.8570703326,1.1910131124064724e-07,bins are display-only; KDE from continuous Monte Carlo draws
english_can_afford_metro_modest,English · can afford private · metro · modest prep,physician_private_sector,annual_if_employed_kde,1343998.5805330144,1.1084817297518673e-07,bins are display-only; KDE from continuous Monte Carlo draws
english_can_afford_metro_modest,English · can afford private · metro · modest prep,physician_private_sector,annual_if_employed_kde,1378143.303995696,1.0331299345081527e-07,bins are display-only; KDE from continuous Monte Carlo draws
english_can_afford_metro_modest,English · can afford private · metro · modest prep,physician_private_sector,annual_if_employed_kde,1412288.0274583774,9.638497683292283e-08,bins are display-only; KDE from continuous Monte Carlo draws
english_can_afford_metro_modest,English · can afford private · metro · modest prep,physician_private_sector,annual_if_employed_kde,1446432.750921059,8.996792206949054e-08,bins are display-only; KDE from continuous Monte Carlo draws
english_can_afford_metro_modest,English · can afford private · metro · modest prep,physician_private_sector,annual_if_employed_kde,1480577.4743837405,8.398165121965139e-08,bins are display-only; KDE from continuous Monte Carlo draws
english_can_afford_metro_modest,English · can afford private · metro · modest prep,physician_private_sector,annual_if_employed_kde,1514722.197846422,7.836269207188534e-08,bins are display-only; KDE from continuous Monte Carlo draws
english_can_afford_metro_modest,English · can afford private · metro · modest prep,physician_private_sector,annual_if_employed_kde,1548866.9213091035,7.306407557149366e-08,bins are display-only; KDE from continuous Monte Carlo draws
english_can_afford_metro_modest,English · can afford private · metro · modest prep,physician_private_sector,annual_if_employed_kde,1583011.644771785,6.805422197033625e-08,bins are display-only; KDE from continuous Monte Carlo draws
english_can_afford_metro_modest,English · can afford private · metro · modest prep,physician_private_sector,annual_if_employed_kde,1617156.3682344665,6.331499500833333e-08,bins are display-only; KDE from continuous Monte Carlo draws
english_can_afford_metro_modest,English · can afford private · metro · modest prep,physician_private_sector,annual_if_employed_kde,1651301.091697148,5.883907317574273e-08,bins are display-only; KDE from continuous Monte Carlo draws
english_can_afford_metro_modest,English · can afford private · metro · modest prep,physician_private_sector,annual_if_employed_kde,1685445.8151598296,5.462684225606242e-08,bins are display-only; KDE from continuous Monte Carlo draws
english_can_afford_metro_modest,English · can afford private · metro · modest prep,physician_private_sector,annual_if_employed_kde,1719590.5386225113,5.0683069321606416e-08,bins are display-only; KDE from continuous Monte Carlo draws
english_can_afford_metro_modest,English · can afford private · metro · modest prep,physician_private_sector,annual_if_employed_kde,1753735.2620851928,4.701366387645567e-08,bins are display-only; KDE from continuous Monte Carlo draws
english_can_afford_metro_modest,English · can afford private · metro · modest prep,physician_private_sector,annual_if_employed_kde,1787879.9855478744,4.362284054541379e-08,bins are display-only; KDE from continuous Monte Carlo draws
english_can_afford_metro_modest,English · can afford private · metro · modest prep,physician_private_sector,annual_if_employed_kde,1822024.7090105559,4.051095075654724e-08,bins are display-only; KDE from continuous Monte Carlo draws
english_can_afford_metro_modest,English · can afford private · metro · modest prep,physician_private_sector,annual_if_employed_kde,1856169.4324732374,3.767315113406377e-08,bins are display-only; KDE from continuous Monte Carlo draws
english_can_afford_metro_modest,English · can afford private · metro · modest prep,physician_private_sector,annual_if_employed_kde,1890314.155935919,3.5098947409609346e-08,bins are display-only; KDE from continuous Monte Carlo draws
english_can_afford_metro_modest,English · can afford private · metro · modest prep,physician_private_sector,annual_if_employed_kde,1924458.8793986004,3.277252725406498e-08,bins are display-only; KDE from continuous Monte Carlo draws
english_can_afford_metro_modest,English · can afford private · metro · modest prep,physician_private_sector,annual_if_employed_kde,1958603.602861282,3.06737016733101e-08,bins are display-only; KDE from continuous Monte Carlo draws
english_can_afford_metro_modest,English · can afford private · metro · modest prep,physician_private_sector,annual_if_employed_kde,1992748.3263239635,2.8779227305367622e-08,bins are display-only; KDE from continuous Monte Carlo draws
english_can_afford_metro_modest,English · can afford private · metro · modest prep,physician_private_sector,annual_if_employed_kde,2026893.049786645,2.7064280894203196e-08,bins are display-only; KDE from continuous Monte Carlo draws
english_can_afford_metro_modest,English · can afford private · metro · modest prep,physician_private_sector,annual_if_employed_kde,2061037.7732493265,2.550389112672083e-08,bins are display-only; KDE from continuous Monte Carlo draws
english_can_afford_metro_intensive,English · can afford private · metro · intensive prep,government_mbbs,annual_if_employed_kde,46499.08895111566,3.5358151218845207e-07,bins are display-only; KDE from continuous Monte Carlo draws
english_can_afford_metro_intensive,English · can afford private · metro · intensive prep,government_mbbs,annual_if_employed_kde,80643.81241379719,8.306980958060473e-07,bins are display-only; KDE from continuous Monte Carlo draws
english_can_afford_metro_intensive,English · can afford private · metro · intensive prep,government_mbbs,annual_if_employed_kde,114788.53587647874,1.180035179642356e-06,bins are display-only; KDE from continuous Monte Carlo draws
english_can_afford_metro_intensive,English · can afford private · metro · intensive prep,government_mbbs,annual_if_employed_kde,148933.2593391603,1.2690435658153279e-06,bins are display-only; KDE from continuous Monte Carlo draws
english_can_afford_metro_intensive,English · can afford private · metro · intensive prep,government_mbbs,annual_if_employed_kde,183077.9828018418,1.2969068339617815e-06,bins are display-only; KDE from continuous Monte Carlo draws
english_can_afford_metro_intensive,English · can afford private · metro · intensive prep,government_mbbs,annual_if_employed_kde,217222.70626452338,1.3199554841402472e-06,bins are display-only; KDE from continuous Monte Carlo draws
english_can_afford_metro_intensive,English · can afford private · metro · intensive prep,government_mbbs,annual_if_employed_kde,251367.4297272049,1.2923196205035561e-06,bins are display-only; KDE from continuous Monte Carlo draws
english_can_afford_metro_intensive,English · can afford private · metro · intensive prep,government_mbbs,annual_if_employed_kde,285512.1531898864,1.2627711616466484e-06,bins are display-only; KDE from continuous Monte Carlo draws
english_can_afford_metro_intensive,English · can afford private · metro · intensive prep,government_mbbs,annual_if_employed_kde,319656.876652568,1.2069146948851625e-06,bins are display-only; KDE from continuous Monte Carlo draws
english_can_afford_metro_intensive,English · can afford private · metro · intensive prep,government_mbbs,annual_if_employed_kde,353801.6001152495,1.126889929497157e-06,bins are display-only; KDE from continuous Monte Carlo draws
english_can_afford_metro_intensive,English · can afford private · metro · intensive prep,government_mbbs,annual_if_employed_kde,387946.3235779311,1.0614975404287582e-06,bins are display-only; KDE from continuous Monte Carlo draws
english_can_afford_metro_intensive,English · can afford private · metro · intensive prep,government_mbbs,annual_if_employed_kde,422091.0470406126,1.013997079765047e-06,bins are display-only; KDE from continuous Monte Carlo draws
english_can_afford_metro_intensive,English · can afford private · metro · intensive prep,government_mbbs,annual_if_employed_kde,456235.77050329413,9.706190246001987e-07,bins are display-only; KDE from continuous Monte Carlo draws
english_can_afford_metro_intensive,English · can afford private · metro · intensive prep,government_mbbs,annual_if_employed_kde,490380.4939659757,9.237404951349902e-07,bins are display-only; KDE from continuous Monte Carlo draws
english_can_afford_metro_intensive,English · can afford private · metro · intensive prep,government_mbbs,annual_if_employed_kde,524525.2174286572,8.728682470835885e-07,bins are display-only; KDE from continuous Monte Carlo draws
english_can_afford_metro_intensive,English · can afford private · metro · intensive prep,government_mbbs,annual_if_employed_kde,558669.9408913387,8.204735025343699e-07,bins are display-only; KDE from continuous Monte Carlo draws
english_can_afford_metro_intensive,English · can afford private · metro · intensive prep,government_mbbs,annual_if_employed_kde,592814.6643540203,7.688094841885404e-07,bins are display-only; KDE from continuous Monte Carlo draws
english_can_afford_metro_intensive,English · can afford private · metro · intensive prep,government_mbbs,annual_if_employed_kde,626959.3878167018,7.192537645149151e-07,bins are display-only; KDE from continuous Monte Carlo draws
english_can_afford_metro_intensive,English · can afford private · metro · intensive prep,government_mbbs,annual_if_employed_kde,661104.1112793833,6.726870213714013e-07,bins are display-only; KDE from continuous Monte Carlo draws
english_can_afford_metro_intensive,English · can afford private · metro · intensive prep,government_mbbs,annual_if_employed_kde,695248.8347420649,6.296323665397786e-07,bins are display-only; KDE from continuous Monte Carlo draws
english_can_afford_metro_intensive,English · can afford private · metro · intensive prep,government_mbbs,annual_if_employed_kde,729393.5582047465,5.902103369019392e-07,bins are display-only; KDE from continuous Monte Carlo draws
english_can_afford_metro_intensive,English · can afford private · metro · intensive prep,government_mbbs,annual_if_employed_kde,763538.281667428,5.54159821946124e-07,bins are display-only; KDE from continuous Monte Carlo draws
english_can_afford_metro_intensive,English · can afford private · metro · intensive prep,government_mbbs,annual_if_employed_kde,797683.0051301095,5.209410779718134e-07,bins are display-only; KDE from continuous Monte Carlo draws
english_can_afford_metro_intensive,English · can afford private · metro · intensive prep,government_mbbs,annual_if_employed_kde,831827.728592791,4.898667259785519e-07,bins are display-only; KDE from continuous Monte Carlo draws
english_can_afford_metro_intensive,English · can afford private · metro · intensive prep,government_mbbs,annual_if_employed_kde,865972.4520554725,4.602463659197968e-07,bins are display-only; KDE from continuous Monte Carlo draws
english_can_afford_metro_intensive,English · can afford private · metro · intensive prep,government_mbbs,annual_if_employed_kde,900117.1755181542,4.315415309638829e-07,bins are display-only; KDE from continuous Monte Carlo draws
english_can_afford_metro_intensive,English · can afford private · metro · intensive prep,government_mbbs,annual_if_employed_kde,934261.8989808357,4.0349026364541044e-07,bins are display-only; KDE from continuous Monte Carlo draws
english_can_afford_metro_intensive,English · can afford private · metro · intensive prep,government_mbbs,annual_if_employed_kde,968406.6224435172,3.7614181083810456e-07,bins are display-only; KDE from continuous Monte Carlo draws
english_can_afford_metro_intensive,English · can afford private · metro · intensive prep,government_mbbs,annual_if_employed_kde,1002551.3459061987,3.4978159344711524e-07,bins are display-only; KDE from continuous Monte Carlo draws
english_can_afford_metro_intensive,English · can afford private · metro · intensive prep,government_mbbs,annual_if_employed_kde,1036696.0693688802,3.2478822688816366e-07,bins are display-only; KDE from continuous Monte Carlo draws
english_can_afford_metro_intensive,English · can afford private · metro · intensive prep,government_mbbs,annual_if_employed_kde,1070840.792831562,3.014923654637915e-07,bins are display-only; KDE from continuous Monte Carlo draws
english_can_afford_metro_intensive,English · can afford private · metro · intensive prep,government_mbbs,annual_if_employed_kde,1104985.5162942435,2.800883752687747e-07,bins are display-only; KDE from continuous Monte Carlo draws
english_can_afford_metro_intensive,English · can afford private · metro · intensive prep,government_mbbs,annual_if_employed_kde,1139130.239756925,2.606111339104128e-07,bins are display-only; KDE from continuous Monte Carlo draws
english_can_afford_metro_intensive,English · can afford private · metro · intensive prep,government_mbbs,annual_if_employed_kde,1173274.9632196066,2.4296130426338465e-07,bins are display-only; KDE from continuous Monte Carlo draws
english_can_afford_metro_intensive,English · can afford private · metro · intensive prep,government_mbbs,annual_if_employed_kde,1207419.686682288,2.2695339960634395e-07,bins are display-only; KDE from continuous Monte Carlo draws
english_can_afford_metro_intensive,English · can afford private · metro · intensive prep,government_mbbs,annual_if_employed_kde,1241564.4101449696,2.123657826065081e-07,bins are display-only; KDE from continuous Monte Carlo draws
english_can_afford_metro_intensive,English · can afford private · metro · intensive prep,government_mbbs,annual_if_employed_kde,1275709.133607651,1.9898073416387468e-07,bins are display-only; KDE from continuous Monte Carlo draws
english_can_afford_metro_intensive,English · can afford private · metro · intensive prep,government_mbbs,annual_if_employed_kde,1309853.8570703326,1.8661018055544966e-07,bins are display-only; KDE from continuous Monte Carlo draws
english_can_afford_metro_intensive,English · can afford private · metro · intensive prep,government_mbbs,annual_if_employed_kde,1343998.5805330144,1.7510730180055475e-07,bins are display-only; KDE from continuous Monte Carlo draws
english_can_afford_metro_intensive,English · can afford private · metro · intensive prep,government_mbbs,annual_if_employed_kde,1378143.303995696,1.6436674836194387e-07,bins are display-only; KDE from continuous Monte Carlo draws
english_can_afford_metro_intensive,English · can afford private · metro · intensive prep,government_mbbs,annual_if_employed_kde,1412288.0274583774,1.543173429515345e-07,bins are display-only; KDE from continuous Monte Carlo draws
english_can_afford_metro_intensive,English · can afford private · metro · intensive prep,government_mbbs,annual_if_employed_kde,1446432.750921059,1.449113159828882e-07,bins are display-only; KDE from continuous Monte Carlo draws
english_can_afford_metro_intensive,English · can afford private · metro · intensive prep,government_mbbs,annual_if_employed_kde,1480577.4743837405,1.3611351935121218e-07,bins are display-only; KDE from continuous Monte Carlo draws
english_can_afford_metro_intensive,English · can afford private · metro · intensive prep,government_mbbs,annual_if_employed_kde,1514722.197846422,1.2789294809925325e-07,bins are display-only; KDE from continuous Monte Carlo draws
english_can_afford_metro_intensive,English · can afford private · metro · intensive prep,government_mbbs,annual_if_employed_kde,1548866.9213091035,1.2021762167374467e-07,bins are display-only; KDE from continuous Monte Carlo draws
english_can_afford_metro_intensive,English · can afford private · metro · intensive prep,government_mbbs,annual_if_employed_kde,1583011.644771785,1.1305276280401189e-07,bins are display-only; KDE from continuous Monte Carlo draws
english_can_afford_metro_intensive,English · can afford private · metro · intensive prep,government_mbbs,annual_if_employed_kde,1617156.3682344665,1.0636146923095203e-07,bins are display-only; KDE from continuous Monte Carlo draws
english_can_afford_metro_intensive,English · can afford private · metro · intensive prep,government_mbbs,annual_if_employed_kde,1651301.091697148,1.0010675778175031e-07,bins are display-only; KDE from continuous Monte Carlo draws
english_can_afford_metro_intensive,English · can afford private · metro · intensive prep,government_mbbs,annual_if_employed_kde,1685445.8151598296,9.425390713969126e-08,bins are display-only; KDE from continuous Monte Carlo draws
english_can_afford_metro_intensive,English · can afford private · metro · intensive prep,government_mbbs,annual_if_employed_kde,1719590.5386225113,8.877230589831549e-08,bins are display-only; KDE from continuous Monte Carlo draws
english_can_afford_metro_intensive,English · can afford private · metro · intensive prep,government_mbbs,annual_if_employed_kde,1753735.2620851928,8.363638567993431e-08,bins are display-only; KDE from continuous Monte Carlo draws
english_can_afford_metro_intensive,English · can afford private · metro · intensive prep,government_mbbs,annual_if_employed_kde,1787879.9855478744,7.882557036456291e-08,bins are display-only; KDE from continuous Monte Carlo draws
english_can_afford_metro_intensive,English · can afford private · metro · intensive prep,government_mbbs,annual_if_employed_kde,1822024.7090105559,7.43234299422607e-08,bins are display-only; KDE from continuous Monte Carlo draws
english_can_afford_metro_intensive,English · can afford private · metro · intensive prep,government_mbbs,annual_if_employed_kde,1856169.4324732374,7.011636381972859e-08,bins are display-only; KDE from continuous Monte Carlo draws
english_can_afford_metro_intensive,English · can afford private · metro · intensive prep,government_mbbs,annual_if_employed_kde,1890314.155935919,6.61921619073525e-08,bins are display-only; KDE from continuous Monte Carlo draws
english_can_afford_metro_intensive,English · can afford private · metro · intensive prep,government_mbbs,annual_if_employed_kde,1924458.8793986004,6.253873282490167e-08,bins are display-only; KDE from continuous Monte Carlo draws
english_can_afford_metro_intensive,English · can afford private · metro · intensive prep,government_mbbs,annual_if_employed_kde,1958603.602861282,5.9143185524528374e-08,bins are display-only; KDE from continuous Monte Carlo draws
english_can_afford_metro_intensive,English · can afford private · metro · intensive prep,government_mbbs,annual_if_employed_kde,1992748.3263239635,5.599133897931598e-08,bins are display-only; KDE from continuous Monte Carlo draws
english_can_afford_metro_intensive,English · can afford private · metro · intensive prep,government_mbbs,annual_if_employed_kde,2026893.049786645,5.3067640033358844e-08,bins are display-only; KDE from continuous Monte Carlo draws
english_can_afford_metro_intensive,English · can afford private · metro · intensive prep,government_mbbs,annual_if_employed_kde,2061037.7732493265,5.0355405706053885e-08,bins are display-only; KDE from continuous Monte Carlo draws
english_can_afford_metro_intensive,English · can afford private · metro · intensive prep,private_mbbs,annual_if_employed_kde,46499.08895111566,4.023231520772373e-07,bins are display-only; KDE from continuous Monte Carlo draws
english_can_afford_metro_intensive,English · can afford private · metro · intensive prep,private_mbbs,annual_if_employed_kde,80643.81241379719,8.612875773771299e-07,bins are display-only; KDE from continuous Monte Carlo draws
english_can_afford_metro_intensive,English · can afford private · metro · intensive prep,private_mbbs,annual_if_employed_kde,114788.53587647874,1.1680750177626102e-06,bins are display-only; KDE from continuous Monte Carlo draws
english_can_afford_metro_intensive,English · can afford private · metro · intensive prep,private_mbbs,annual_if_employed_kde,148933.2593391603,1.2937256583301443e-06,bins are display-only; KDE from continuous Monte Carlo draws
english_can_afford_metro_intensive,English · can afford private · metro · intensive prep,private_mbbs,annual_if_employed_kde,183077.9828018418,1.3662854315243068e-06,bins are display-only; KDE from continuous Monte Carlo draws
english_can_afford_metro_intensive,English · can afford private · metro · intensive prep,private_mbbs,annual_if_employed_kde,217222.70626452338,1.3443176331462658e-06,bins are display-only; KDE from continuous Monte Carlo draws
english_can_afford_metro_intensive,English · can afford private · metro · intensive prep,private_mbbs,annual_if_employed_kde,251367.4297272049,1.323868158954333e-06,bins are display-only; KDE from continuous Monte Carlo draws
english_can_afford_metro_intensive,English · can afford private · metro · intensive prep,private_mbbs,annual_if_employed_kde,285512.1531898864,1.290975357275589e-06,bins are display-only; KDE from continuous Monte Carlo draws
english_can_afford_metro_intensive,English · can afford private · metro · intensive prep,private_mbbs,annual_if_employed_kde,319656.876652568,1.2183478032328527e-06,bins are display-only; KDE from continuous Monte Carlo draws
english_can_afford_metro_intensive,English · can afford private · metro · intensive prep,private_mbbs,annual_if_employed_kde,353801.6001152495,1.1415755451676741e-06,bins are display-only; KDE from continuous Monte Carlo draws
english_can_afford_metro_intensive,English · can afford private · metro · intensive prep,private_mbbs,annual_if_employed_kde,387946.3235779311,1.0799128006806605e-06,bins are display-only; KDE from continuous Monte Carlo draws
english_can_afford_metro_intensive,English · can afford private · metro · intensive prep,private_mbbs,annual_if_employed_kde,422091.0470406126,1.0237989362381365e-06,bins are display-only; KDE from continuous Monte Carlo draws
english_can_afford_metro_intensive,English · can afford private · metro · intensive prep,private_mbbs,annual_if_employed_kde,456235.77050329413,9.645738810180239e-07,bins are display-only; KDE from continuous Monte Carlo draws
english_can_afford_metro_intensive,English · can afford private · metro · intensive prep,private_mbbs,annual_if_employed_kde,490380.4939659757,9.023402254669001e-07,bins are display-only; KDE from continuous Monte Carlo draws
english_can_afford_metro_intensive,English · can afford private · metro · intensive prep,private_mbbs,annual_if_employed_kde,524525.2174286572,8.406240786192848e-07,bins are display-only; KDE from continuous Monte Carlo draws
english_can_afford_metro_intensive,English · can afford private · metro · intensive prep,private_mbbs,annual_if_employed_kde,558669.9408913387,7.836330170949735e-07,bins are display-only; KDE from continuous Monte Carlo draws
english_can_afford_metro_intensive,English · can afford private · metro · intensive prep,private_mbbs,annual_if_employed_kde,592814.6643540203,7.342262097028198e-07,bins are display-only; KDE from continuous Monte Carlo draws
english_can_afford_metro_intensive,English · can afford private · metro · intensive prep,private_mbbs,annual_if_employed_kde,626959.3878167018,6.923670647095306e-07,bins are display-only; KDE from continuous Monte Carlo draws
english_can_afford_metro_intensive,English · can afford private · metro · intensive prep,private_mbbs,annual_if_employed_kde,661104.1112793833,6.557082301855349e-07,bins are display-only; KDE from continuous Monte Carlo draws
english_can_afford_metro_intensive,English · can afford private · metro · intensive prep,private_mbbs,annual_if_employed_kde,695248.8347420649,6.212920937111419e-07,bins are display-only; KDE from continuous Monte Carlo draws
english_can_afford_metro_intensive,English · can afford private · metro · intensive prep,private_mbbs,annual_if_employed_kde,729393.5582047465,5.868808186683662e-07,bins are display-only; KDE from continuous Monte Carlo draws
english_can_afford_metro_intensive,English · can afford private · metro · intensive prep,private_mbbs,annual_if_employed_kde,763538.281667428,5.515395944660224e-07,bins are display-only; KDE from continuous Monte Carlo draws
english_can_afford_metro_intensive,English · can afford private · metro · intensive prep,private_mbbs,annual_if_employed_kde,797683.0051301095,5.155828376640364e-07,bins are display-only; KDE from continuous Monte Carlo draws
english_can_afford_metro_intensive,English · can afford private · metro · intensive prep,private_mbbs,annual_if_employed_kde,831827.728592791,4.800638615215242e-07,bins are display-only; KDE from continuous Monte Carlo draws
english_can_afford_metro_intensive,English · can afford private · metro · intensive prep,private_mbbs,annual_if_employed_kde,865972.4520554725,4.4611954497973645e-07,bins are display-only; KDE from continuous Monte Carlo draws
english_can_afford_metro_intensive,English · can afford private · metro · intensive prep,private_mbbs,annual_if_employed_kde,900117.1755181542,4.145099475386145e-07,bins are display-only; KDE from continuous Monte Carlo draws
english_can_afford_metro_intensive,English · can afford private · metro · intensive prep,private_mbbs,annual_if_employed_kde,934261.8989808357,3.8549975952637876e-07,bins are display-only; KDE from continuous Monte Carlo draws
english_can_afford_metro_intensive,English · can afford private · metro · intensive prep,private_mbbs,annual_if_employed_kde,968406.6224435172,3.589923714385415e-07,bins are display-only; KDE from continuous Monte Carlo draws
english_can_afford_metro_intensive,English · can afford private · metro · intensive prep,private_mbbs,annual_if_employed_kde,1002551.3459061987,3.3473314609217917e-07,bins are display-only; KDE from continuous Monte Carlo draws
english_can_afford_metro_intensive,English · can afford private · metro · intensive prep,private_mbbs,annual_if_employed_kde,1036696.0693688802,3.1245217718199676e-07,bins are display-only; KDE from continuous Monte Carlo draws
english_can_afford_metro_intensive,English · can afford private · metro · intensive prep,private_mbbs,annual_if_employed_kde,1070840.792831562,2.919170191131662e-07,bins are display-only; KDE from continuous Monte Carlo draws
english_can_afford_metro_intensive,English · can afford private · metro · intensive prep,private_mbbs,annual_if_employed_kde,1104985.5162942435,2.7293000868374784e-07,bins are display-only; KDE from continuous Monte Carlo draws
english_can_afford_metro_intensive,English · can afford private · metro · intensive prep,private_mbbs,annual_if_employed_kde,1139130.239756925,2.5531466741956577e-07,bins are display-only; KDE from continuous Monte Carlo draws
english_can_afford_metro_intensive,English · can afford private · metro · intensive prep,private_mbbs,annual_if_employed_kde,1173274.9632196066,2.3891439663319966e-07,bins are display-only; KDE from continuous Monte Carlo draws
english_can_afford_metro_intensive,English · can afford private · metro · intensive prep,private_mbbs,annual_if_employed_kde,1207419.686682288,2.2360285049335805e-07,bins are display-only; KDE from continuous Monte Carlo draws
english_can_afford_metro_intensive,English · can afford private · metro · intensive prep,private_mbbs,annual_if_employed_kde,1241564.4101449696,2.0929413018269195e-07,bins are display-only; KDE from continuous Monte Carlo draws
english_can_afford_metro_intensive,English · can afford private · metro · intensive prep,private_mbbs,annual_if_employed_kde,1275709.133607651,1.9594282003864813e-07,bins are display-only; KDE from continuous Monte Carlo draws
english_can_afford_metro_intensive,English · can afford private · metro · intensive prep,private_mbbs,annual_if_employed_kde,1309853.8570703326,1.835319416091379e-07,bins are display-only; KDE from continuous Monte Carlo draws
english_can_afford_metro_intensive,English · can afford private · metro · intensive prep,private_mbbs,annual_if_employed_kde,1343998.5805330144,1.720539855680558e-07,bins are display-only; KDE from continuous Monte Carlo draws
english_can_afford_metro_intensive,English · can afford private · metro · intensive prep,private_mbbs,annual_if_employed_kde,1378143.303995696,1.614927253086589e-07,bins are display-only; KDE from continuous Monte Carlo draws
english_can_afford_metro_intensive,English · can afford private · metro · intensive prep,private_mbbs,annual_if_employed_kde,1412288.0274583774,1.5181173752115752e-07,bins are display-only; KDE from continuous Monte Carlo draws
english_can_afford_metro_intensive,English · can afford private · metro · intensive prep,private_mbbs,annual_if_employed_kde,1446432.750921059,1.4295171468671758e-07,bins are display-only; KDE from continuous Monte Carlo draws
english_can_afford_metro_intensive,English · can afford private · metro · intensive prep,private_mbbs,annual_if_employed_kde,1480577.4743837405,1.3483511355777913e-07,bins are display-only; KDE from continuous Monte Carlo draws
english_can_afford_metro_intensive,English · can afford private · metro · intensive prep,private_mbbs,annual_if_employed_kde,1514722.197846422,1.2737477692074715e-07,bins are display-only; KDE from continuous Monte Carlo draws
english_can_afford_metro_intensive,English · can afford private · metro · intensive prep,private_mbbs,annual_if_employed_kde,1548866.9213091035,1.2048303864864794e-07,bins are display-only; KDE from continuous Monte Carlo draws
english_can_afford_metro_intensive,English · can afford private · metro · intensive prep,private_mbbs,annual_if_employed_kde,1583011.644771785,1.1407886440232141e-07,bins are display-only; KDE from continuous Monte Carlo draws
english_can_afford_metro_intensive,English · can afford private · metro · intensive prep,private_mbbs,annual_if_employed_kde,1617156.3682344665,1.0809199074319702e-07,bins are display-only; KDE from continuous Monte Carlo draws
english_can_afford_metro_intensive,English · can afford private · metro · intensive prep,private_mbbs,annual_if_employed_kde,1651301.091697148,1.0246420098774625e-07,bins are display-only; KDE from continuous Monte Carlo draws
english_can_afford_metro_intensive,English · can afford private · metro · intensive prep,private_mbbs,annual_if_employed_kde,1685445.8151598296,9.714854788927818e-08,bins are display-only; KDE from continuous Monte Carlo draws
english_can_afford_metro_intensive,English · can afford private · metro · intensive prep,private_mbbs,annual_if_employed_kde,1719590.5386225113,9.210751209970741e-08,bins are display-only; KDE from continuous Monte Carlo draws
english_can_afford_metro_intensive,English · can afford private · metro · intensive prep,private_mbbs,annual_if_employed_kde,1753735.2620851928,8.731093082217934e-08,bins are display-only; KDE from continuous Monte Carlo draws
english_can_afford_metro_intensive,English · can afford private · metro · intensive prep,private_mbbs,annual_if_employed_kde,1787879.9855478744,8.273423003184209e-08,bins are display-only; KDE from continuous Monte Carlo draws
english_can_afford_metro_intensive,English · can afford private · metro · intensive prep,private_mbbs,annual_if_employed_kde,1822024.7090105559,7.83571890608426e-08,bins are display-only; KDE from continuous Monte Carlo draws
english_can_afford_metro_intensive,English · can afford private · metro · intensive prep,private_mbbs,annual_if_employed_kde,1856169.4324732374,7.416323579701347e-08,bins are display-only; KDE from continuous Monte Carlo draws
english_can_afford_metro_intensive,English · can afford private · metro · intensive prep,private_mbbs,annual_if_employed_kde,1890314.155935919,7.013913661039072e-08,bins are display-only; KDE from continuous Monte Carlo draws
english_can_afford_metro_intensive,English · can afford private · metro · intensive prep,private_mbbs,annual_if_employed_kde,1924458.8793986004,6.627489615700743e-08,bins are display-only; KDE from continuous Monte Carlo draws
english_can_afford_metro_intensive,English · can afford private · metro · intensive prep,private_mbbs,annual_if_employed_kde,1958603.602861282,6.256369334451583e-08,bins are display-only; KDE from continuous Monte Carlo draws
english_can_afford_metro_intensive,English · can afford private · metro · intensive prep,private_mbbs,annual_if_employed_kde,1992748.3263239635,5.900172485544726e-08,bins are display-only; KDE from continuous Monte Carlo draws
english_can_afford_metro_intensive,English · can afford private · metro · intensive prep,private_mbbs,annual_if_employed_kde,2026893.049786645,5.558788548828539e-08,bins are display-only; KDE from continuous Monte Carlo draws
english_can_afford_metro_intensive,English · can afford private · metro · intensive prep,private_mbbs,annual_if_employed_kde,2061037.7732493265,5.2323270377325846e-08,bins are display-only; KDE from continuous Monte Carlo draws
english_can_afford_metro_intensive,English · can afford private · metro · intensive prep,engineering,annual_if_employed_kde,46499.08895111566,3.300619471226292e-07,bins are display-only; KDE from continuous Monte Carlo draws
english_can_afford_metro_intensive,English · can afford private · metro · intensive prep,engineering,annual_if_employed_kde,80643.81241379719,1.1757357291901565e-06,bins are display-only; KDE from continuous Monte Carlo draws
english_can_afford_metro_intensive,English · can afford private · metro · intensive prep,engineering,annual_if_employed_kde,114788.53587647874,1.712536382201283e-06,bins are display-only; KDE from continuous Monte Carlo draws
english_can_afford_metro_intensive,English · can afford private · metro · intensive prep,engineering,annual_if_employed_kde,148933.2593391603,2.0153518626805222e-06,bins are display-only; KDE from continuous Monte Carlo draws
english_can_afford_metro_intensive,English · can afford private · metro · intensive prep,engineering,annual_if_employed_kde,183077.9828018418,2.0506495002490365e-06,bins are display-only; KDE from continuous Monte Carlo draws
english_can_afford_metro_intensive,English · can afford private · metro · intensive prep,engineering,annual_if_employed_kde,217222.70626452338,1.9962670861961827e-06,bins are display-only; KDE from continuous Monte Carlo draws
english_can_afford_metro_intensive,English · can afford private · metro · intensive prep,engineering,annual_if_employed_kde,251367.4297272049,1.8831081836730273e-06,bins are display-only; KDE from continuous Monte Carlo draws
english_can_afford_metro_intensive,English · can afford private · metro · intensive prep,engineering,annual_if_employed_kde,285512.1531898864,1.7734069451169703e-06,bins are display-only; KDE from continuous Monte Carlo draws
english_can_afford_metro_intensive,English · can afford private · metro · intensive prep,engineering,annual_if_employed_kde,319656.876652568,1.6465769786597196e-06,bins are display-only; KDE from continuous Monte Carlo draws
english_can_afford_metro_intensive,English · can afford private · metro · intensive prep,engineering,annual_if_employed_kde,353801.6001152495,1.4878566858596335e-06,bins are display-only; KDE from continuous Monte Carlo draws
english_can_afford_metro_intensive,English · can afford private · metro · intensive prep,engineering,annual_if_employed_kde,387946.3235779311,1.3472613891878412e-06,bins are display-only; KDE from continuous Monte Carlo draws
english_can_afford_metro_intensive,English · can afford private · metro · intensive prep,engineering,annual_if_employed_kde,422091.0470406126,1.2267253861979677e-06,bins are display-only; KDE from continuous Monte Carlo draws
english_can_afford_metro_intensive,English · can afford private · metro · intensive prep,engineering,annual_if_employed_kde,456235.77050329413,1.1048322409612332e-06,bins are display-only; KDE from continuous Monte Carlo draws
english_can_afford_metro_intensive,English · can afford private · metro · intensive prep,engineering,annual_if_employed_kde,490380.4939659757,9.846708378317646e-07,bins are display-only; KDE from continuous Monte Carlo draws
english_can_afford_metro_intensive,English · can afford private · metro · intensive prep,engineering,annual_if_employed_kde,524525.2174286572,8.736075870559411e-07,bins are display-only; KDE from continuous Monte Carlo draws
english_can_afford_metro_intensive,English · can afford private · metro · intensive prep,engineering,annual_if_employed_kde,558669.9408913387,7.705127237414015e-07,bins are display-only; KDE from continuous Monte Carlo draws
english_can_afford_metro_intensive,English · can afford private · metro · intensive prep,engineering,annual_if_employed_kde,592814.6643540203,6.776163760998813e-07,bins are display-only; KDE from continuous Monte Carlo draws
english_can_afford_metro_intensive,English · can afford private · metro · intensive prep,engineering,annual_if_employed_kde,626959.3878167018,5.993404825410425e-07,bins are display-only; KDE from continuous Monte Carlo draws
english_can_afford_metro_intensive,English · can afford private · metro · intensive prep,engineering,annual_if_employed_kde,661104.1112793833,5.352336699766189e-07,bins are display-only; KDE from continuous Monte Carlo draws
english_can_afford_metro_intensive,English · can afford private · metro · intensive prep,engineering,annual_if_employed_kde,695248.8347420649,4.813524510782795e-07,bins are display-only; KDE from continuous Monte Carlo draws
english_can_afford_metro_intensive,English · can afford private · metro · intensive prep,engineering,annual_if_employed_kde,729393.5582047465,4.342555576353074e-07,bins are display-only; KDE from continuous Monte Carlo draws
english_can_afford_metro_intensive,English · can afford private · metro · intensive prep,engineering,annual_if_employed_kde,763538.281667428,3.921077830715078e-07,bins are display-only; KDE from continuous Monte Carlo draws
english_can_afford_metro_intensive,English · can afford private · metro · intensive prep,engineering,annual_if_employed_kde,797683.0051301095,3.541038262861767e-07,bins are display-only; KDE from continuous Monte Carlo draws
english_can_afford_metro_intensive,English · can afford private · metro · intensive prep,engineering,annual_if_employed_kde,831827.728592791,3.198466845225815e-07,bins are display-only; KDE from continuous Monte Carlo draws
english_can_afford_metro_intensive,English · can afford private · metro · intensive prep,engineering,annual_if_employed_kde,865972.4520554725,2.8897998125557665e-07,bins are display-only; KDE from continuous Monte Carlo draws
english_can_afford_metro_intensive,English · can afford private · metro · intensive prep,engineering,annual_if_employed_kde,900117.1755181542,2.6108007738995525e-07,bins are display-only; KDE from continuous Monte Carlo draws
english_can_afford_metro_intensive,English · can afford private · metro · intensive prep,engineering,annual_if_employed_kde,934261.8989808357,2.3575840602156784e-07,bins are display-only; KDE from continuous Monte Carlo draws
english_can_afford_metro_intensive,English · can afford private · metro · intensive prep,engineering,annual_if_employed_kde,968406.6224435172,2.1279022117368053e-07,bins are display-only; KDE from continuous Monte Carlo draws
english_can_afford_metro_intensive,English · can afford private · metro · intensive prep,engineering,annual_if_employed_kde,1002551.3459061987,1.9211437646830362e-07,bins are display-only; KDE from continuous Monte Carlo draws
english_can_afford_metro_intensive,English · can afford private · metro · intensive prep,engineering,annual_if_employed_kde,1036696.0693688802,1.7371183453402777e-07,bins are display-only; KDE from continuous Monte Carlo draws
english_can_afford_metro_intensive,English · can afford private · metro · intensive prep,engineering,annual_if_employed_kde,1070840.792831562,1.5747474369500035e-07,bins are display-only; KDE from continuous Monte Carlo draws
english_can_afford_metro_intensive,English · can afford private · metro · intensive prep,engineering,annual_if_employed_kde,1104985.5162942435,1.4315639726930174e-07,bins are display-only; KDE from continuous Monte Carlo draws
english_can_afford_metro_intensive,English · can afford private · metro · intensive prep,engineering,annual_if_employed_kde,1139130.239756925,1.3041375797254307e-07,bins are display-only; KDE from continuous Monte Carlo draws
english_can_afford_metro_intensive,English · can afford private · metro · intensive prep,engineering,annual_if_employed_kde,1173274.9632196066,1.1889741653109823e-07,bins are display-only; KDE from continuous Monte Carlo draws
english_can_afford_metro_intensive,English · can afford private · metro · intensive prep,engineering,annual_if_employed_kde,1207419.686682288,1.0833337422397503e-07,bins are display-only; KDE from continuous Monte Carlo draws
english_can_afford_metro_intensive,English · can afford private · metro · intensive prep,engineering,annual_if_employed_kde,1241564.4101449696,9.856168887323555e-08,bins are display-only; KDE from continuous Monte Carlo draws
english_can_afford_metro_intensive,English · can afford private · metro · intensive prep,engineering,annual_if_employed_kde,1275709.133607651,8.952622689476985e-08,bins are display-only; KDE from continuous Monte Carlo draws
english_can_afford_metro_intensive,English · can afford private · metro · intensive prep,engineering,annual_if_employed_kde,1309853.8570703326,8.123218085021084e-08,bins are display-only; KDE from continuous Monte Carlo draws
english_can_afford_metro_intensive,English · can afford private · metro · intensive prep,engineering,annual_if_employed_kde,1343998.5805330144,7.369670772209552e-08,bins are display-only; KDE from continuous Monte Carlo draws
english_can_afford_metro_intensive,English · can afford private · metro · intensive prep,engineering,annual_if_employed_kde,1378143.303995696,6.691334994346383e-08,bins are display-only; KDE from continuous Monte Carlo draws
english_can_afford_metro_intensive,English · can afford private · metro · intensive prep,engineering,annual_if_employed_kde,1412288.0274583774,6.083876821212026e-08,bins are display-only; KDE from continuous Monte Carlo draws
english_can_afford_metro_intensive,English · can afford private · metro · intensive prep,engineering,annual_if_employed_kde,1446432.750921059,5.5398550754840334e-08,bins are display-only; KDE from continuous Monte Carlo draws
english_can_afford_metro_intensive,English · can afford private · metro · intensive prep,engineering,annual_if_employed_kde,1480577.4743837405,5.0502737677947156e-08,bins are display-only; KDE from continuous Monte Carlo draws
english_can_afford_metro_intensive,English · can afford private · metro · intensive prep,engineering,annual_if_employed_kde,1514722.197846422,4.606190520908173e-08,bins are display-only; KDE from continuous Monte Carlo draws
english_can_afford_metro_intensive,English · can afford private · metro · intensive prep,engineering,annual_if_employed_kde,1548866.9213091035,4.199850654163316e-08,bins are display-only; KDE from continuous Monte Carlo draws
english_can_afford_metro_intensive,English · can afford private · metro · intensive prep,engineering,annual_if_employed_kde,1583011.644771785,3.825231167607103e-08,bins are display-only; KDE from continuous Monte Carlo draws
english_can_afford_metro_intensive,English · can afford private · metro · intensive prep,engineering,annual_if_employed_kde,1617156.3682344665,3.478124308267741e-08,bins are display-only; KDE from continuous Monte Carlo draws
english_can_afford_metro_intensive,English · can afford private · metro · intensive prep,engineering,annual_if_employed_kde,1651301.091697148,3.155946540289788e-08,bins are display-only; KDE from continuous Monte Carlo draws
english_can_afford_metro_intensive,English · can afford private · metro · intensive prep,engineering,annual_if_employed_kde,1685445.8151598296,2.8574091362817184e-08,bins are display-only; KDE from continuous Monte Carlo draws
english_can_afford_metro_intensive,English · can afford private · metro · intensive prep,engineering,annual_if_employed_kde,1719590.5386225113,2.5821228479661106e-08,bins are display-only; KDE from continuous Monte Carlo draws
english_can_afford_metro_intensive,English · can afford private · metro · intensive prep,engineering,annual_if_employed_kde,1753735.2620851928,2.33017752645061e-08,bins are display-only; KDE from continuous Monte Carlo draws
english_can_afford_metro_intensive,English · can afford private · metro · intensive prep,engineering,annual_if_employed_kde,1787879.9855478744,2.101737298587136e-08,bins are display-only; KDE from continuous Monte Carlo draws
english_can_afford_metro_intensive,English · can afford private · metro · intensive prep,engineering,annual_if_employed_kde,1822024.7090105559,1.8967001299380375e-08,bins are display-only; KDE from continuous Monte Carlo draws
english_can_afford_metro_intensive,English · can afford private · metro · intensive prep,engineering,annual_if_employed_kde,1856169.4324732374,1.714467540771451e-08,bins are display-only; KDE from continuous Monte Carlo draws
english_can_afford_metro_intensive,English · can afford private · metro · intensive prep,engineering,annual_if_employed_kde,1890314.155935919,1.5538505010644156e-08,bins are display-only; KDE from continuous Monte Carlo draws
english_can_afford_metro_intensive,English · can afford private · metro · intensive prep,engineering,annual_if_employed_kde,1924458.8793986004,1.4131082279484383e-08,bins are display-only; KDE from continuous Monte Carlo draws
english_can_afford_metro_intensive,English · can afford private · metro · intensive prep,engineering,annual_if_employed_kde,1958603.602861282,1.2900894238844696e-08,bins are display-only; KDE from continuous Monte Carlo draws
english_can_afford_metro_intensive,English · can afford private · metro · intensive prep,engineering,annual_if_employed_kde,1992748.3263239635,1.182429440609607e-08,bins are display-only; KDE from continuous Monte Carlo draws
english_can_afford_metro_intensive,English · can afford private · metro · intensive prep,engineering,annual_if_employed_kde,2026893.049786645,1.0877549594521707e-08,bins are display-only; KDE from continuous Monte Carlo draws
english_can_afford_metro_intensive,English · can afford private · metro · intensive prep,engineering,annual_if_employed_kde,2061037.7732493265,1.0038575552047792e-08,bins are display-only; KDE from continuous Monte Carlo draws
english_can_afford_metro_intensive,English · can afford private · metro · intensive prep,law,annual_if_employed_kde,46499.08895111566,5.919554087795399e-07,bins are display-only; KDE from continuous Monte Carlo draws
english_can_afford_metro_intensive,English · can afford private · metro · intensive prep,law,annual_if_employed_kde,80643.81241379719,1.7058944821571288e-06,bins are display-only; KDE from continuous Monte Carlo draws
english_can_afford_metro_intensive,English · can afford private · metro · intensive prep,law,annual_if_employed_kde,114788.53587647874,2.470061579892169e-06,bins are display-only; KDE from continuous Monte Carlo draws
english_can_afford_metro_intensive,English · can afford private · metro · intensive prep,law,annual_if_employed_kde,148933.2593391603,2.748814393648165e-06,bins are display-only; KDE from continuous Monte Carlo draws
english_can_afford_metro_intensive,English · can afford private · metro · intensive prep,law,annual_if_employed_kde,183077.9828018418,2.8058255458766923e-06,bins are display-only; KDE from continuous Monte Carlo draws
english_can_afford_metro_intensive,English · can afford private · metro · intensive prep,law,annual_if_employed_kde,217222.70626452338,2.568872787331962e-06,bins are display-only; KDE from continuous Monte Carlo draws
english_can_afford_metro_intensive,English · can afford private · metro · intensive prep,law,annual_if_employed_kde,251367.4297272049,2.3405387067827278e-06,bins are display-only; KDE from continuous Monte Carlo draws
english_can_afford_metro_intensive,English · can afford private · metro · intensive prep,law,annual_if_employed_kde,285512.1531898864,2.0649443853371796e-06,bins are display-only; KDE from continuous Monte Carlo draws
english_can_afford_metro_intensive,English · can afford private · metro · intensive prep,law,annual_if_employed_kde,319656.876652568,1.7695312394009402e-06,bins are display-only; KDE from continuous Monte Carlo draws
english_can_afford_metro_intensive,English · can afford private · metro · intensive prep,law,annual_if_employed_kde,353801.6001152495,1.5045165364501898e-06,bins are display-only; KDE from continuous Monte Carlo draws
english_can_afford_metro_intensive,English · can afford private · metro · intensive prep,law,annual_if_employed_kde,387946.3235779311,1.2680115144818085e-06,bins are display-only; KDE from continuous Monte Carlo draws
english_can_afford_metro_intensive,English · can afford private · metro · intensive prep,law,annual_if_employed_kde,422091.0470406126,1.0669567217372235e-06,bins are display-only; KDE from continuous Monte Carlo draws
english_can_afford_metro_intensive,English · can afford private · metro · intensive prep,law,annual_if_employed_kde,456235.77050329413,9.052993361674748e-07,bins are display-only; KDE from continuous Monte Carlo draws
english_can_afford_metro_intensive,English · can afford private · metro · intensive prep,law,annual_if_employed_kde,490380.4939659757,7.675741838325703e-07,bins are display-only; KDE from continuous Monte Carlo draws
english_can_afford_metro_intensive,English · can afford private · metro · intensive prep,law,annual_if_employed_kde,524525.2174286572,6.467818693413694e-07,bins are display-only; KDE from continuous Monte Carlo draws
english_can_afford_metro_intensive,English · can afford private · metro · intensive prep,law,annual_if_employed_kde,558669.9408913387,5.466390706287539e-07,bins are display-only; KDE from continuous Monte Carlo draws
english_can_afford_metro_intensive,English · can afford private · metro · intensive prep,law,annual_if_employed_kde,592814.6643540203,4.664923938246679e-07,bins are display-only; KDE from continuous Monte Carlo draws
english_can_afford_metro_intensive,English · can afford private · metro · intensive prep,law,annual_if_employed_kde,626959.3878167018,4.015531454700979e-07,bins are display-only; KDE from continuous Monte Carlo draws
english_can_afford_metro_intensive,English · can afford private · metro · intensive prep,law,annual_if_employed_kde,661104.1112793833,3.4792738027244507e-07,bins are display-only; KDE from continuous Monte Carlo draws
english_can_afford_metro_intensive,English · can afford private · metro · intensive prep,law,annual_if_employed_kde,695248.8347420649,3.0278479185737123e-07,bins are display-only; KDE from continuous Monte Carlo draws
english_can_afford_metro_intensive,English · can afford private · metro · intensive prep,law,annual_if_employed_kde,729393.5582047465,2.634719182507844e-07,bins are display-only; KDE from continuous Monte Carlo draws
english_can_afford_metro_intensive,English · can afford private · metro · intensive prep,law,annual_if_employed_kde,763538.281667428,2.2801138032487347e-07,bins are display-only; KDE from continuous Monte Carlo draws
english_can_afford_metro_intensive,English · can afford private · metro · intensive prep,law,annual_if_employed_kde,797683.0051301095,1.956024969640573e-07,bins are display-only; KDE from continuous Monte Carlo draws
english_can_afford_metro_intensive,English · can afford private · metro · intensive prep,law,annual_if_employed_kde,831827.728592791,1.6638730054812796e-07,bins are display-only; KDE from continuous Monte Carlo draws
english_can_afford_metro_intensive,English · can afford private · metro · intensive prep,law,annual_if_employed_kde,865972.4520554725,1.4095110504888123e-07,bins are display-only; KDE from continuous Monte Carlo draws
english_can_afford_metro_intensive,English · can afford private · metro · intensive prep,law,annual_if_employed_kde,900117.1755181542,1.1982573880946665e-07,bins are display-only; KDE from continuous Monte Carlo draws
english_can_afford_metro_intensive,English · can afford private · metro · intensive prep,law,annual_if_employed_kde,934261.8989808357,1.0304972817979032e-07,bins are display-only; KDE from continuous Monte Carlo draws
english_can_afford_metro_intensive,English · can afford private · metro · intensive prep,law,annual_if_employed_kde,968406.6224435172,8.999917809715608e-08,bins are display-only; KDE from continuous Monte Carlo draws
english_can_afford_metro_intensive,English · can afford private · metro · intensive prep,law,annual_if_employed_kde,1002551.3459061987,7.96213556425958e-08,bins are display-only; KDE from continuous Monte Carlo draws
english_can_afford_metro_intensive,English · can afford private · metro · intensive prep,law,annual_if_employed_kde,1036696.0693688802,7.087914772934137e-08,bins are display-only; KDE from continuous Monte Carlo draws
english_can_afford_metro_intensive,English · can afford private · metro · intensive prep,law,annual_if_employed_kde,1070840.792831562,6.30839752867084e-08,bins are display-only; KDE from continuous Monte Carlo draws
english_can_afford_metro_intensive,English · can afford private · metro · intensive prep,law,annual_if_employed_kde,1104985.5162942435,5.596036412303026e-08,bins are display-only; KDE from continuous Monte Carlo draws
english_can_afford_metro_intensive,English · can afford private · metro · intensive prep,law,annual_if_employed_kde,1139130.239756925,4.950784928665337e-08,bins are display-only; KDE from continuous Monte Carlo draws
english_can_afford_metro_intensive,English · can afford private · metro · intensive prep,law,annual_if_employed_kde,1173274.9632196066,4.381244053995416e-08,bins are display-only; KDE from continuous Monte Carlo draws
english_can_afford_metro_intensive,English · can afford private · metro · intensive prep,law,annual_if_employed_kde,1207419.686682288,3.8915733291670925e-08,bins are display-only; KDE from continuous Monte Carlo draws
english_can_afford_metro_intensive,English · can afford private · metro · intensive prep,law,annual_if_employed_kde,1241564.4101449696,3.476973704846548e-08,bins are display-only; KDE from continuous Monte Carlo draws
english_can_afford_metro_intensive,English · can afford private · metro · intensive prep,law,annual_if_employed_kde,1275709.133607651,3.125405449604393e-08,bins are display-only; KDE from continuous Monte Carlo draws
english_can_afford_metro_intensive,English · can afford private · metro · intensive prep,law,annual_if_employed_kde,1309853.8570703326,2.8218755212863755e-08,bins are display-only; KDE from continuous Monte Carlo draws
english_can_afford_metro_intensive,English · can afford private · metro · intensive prep,law,annual_if_employed_kde,1343998.5805330144,2.5524860662870088e-08,bins are display-only; KDE from continuous Monte Carlo draws
english_can_afford_metro_intensive,English · can afford private · metro · intensive prep,law,annual_if_employed_kde,1378143.303995696,2.30686892663491e-08,bins are display-only; KDE from continuous Monte Carlo draws
english_can_afford_metro_intensive,English · can afford private · metro · intensive prep,law,annual_if_employed_kde,1412288.0274583774,2.078816557568817e-08,bins are display-only; KDE from continuous Monte Carlo draws
english_can_afford_metro_intensive,English · can afford private · metro · intensive prep,law,annual_if_employed_kde,1446432.750921059,1.8656106512296544e-08,bins are display-only; KDE from continuous Monte Carlo draws
english_can_afford_metro_intensive,English · can afford private · metro · intensive prep,law,annual_if_employed_kde,1480577.4743837405,1.6667690747086502e-08,bins are display-only; KDE from continuous Monte Carlo draws
english_can_afford_metro_intensive,English · can afford private · metro · intensive prep,law,annual_if_employed_kde,1514722.197846422,1.4828167050611363e-08,bins are display-only; KDE from continuous Monte Carlo draws
english_can_afford_metro_intensive,English · can afford private · metro · intensive prep,law,annual_if_employed_kde,1548866.9213091035,1.3144143589166008e-08,bins are display-only; KDE from continuous Monte Carlo draws
english_can_afford_metro_intensive,English · can afford private · metro · intensive prep,law,annual_if_employed_kde,1583011.644771785,1.1619117689273219e-08,bins are display-only; KDE from continuous Monte Carlo draws
english_can_afford_metro_intensive,English · can afford private · metro · intensive prep,law,annual_if_employed_kde,1617156.3682344665,1.025221208711768e-08,bins are display-only; KDE from continuous Monte Carlo draws
english_can_afford_metro_intensive,English · can afford private · metro · intensive prep,law,annual_if_employed_kde,1651301.091697148,9.038576655094308e-09,bins are display-only; KDE from continuous Monte Carlo draws
english_can_afford_metro_intensive,English · can afford private · metro · intensive prep,law,annual_if_employed_kde,1685445.8151598296,7.970244349279832e-09,bins are display-only; KDE from continuous Monte Carlo draws
english_can_afford_metro_intensive,English · can afford private · metro · intensive prep,law,annual_if_employed_kde,1719590.5386225113,7.036862711561578e-09,bins are display-only; KDE from continuous Monte Carlo draws
english_can_afford_metro_intensive,English · can afford private · metro · intensive prep,law,annual_if_employed_kde,1753735.2620851928,6.226240305489517e-09,bins are display-only; KDE from continuous Monte Carlo draws
english_can_afford_metro_intensive,English · can afford private · metro · intensive prep,law,annual_if_employed_kde,1787879.9855478744,5.524877317561973e-09,bins are display-only; KDE from continuous Monte Carlo draws
english_can_afford_metro_intensive,English · can afford private · metro · intensive prep,law,annual_if_employed_kde,1822024.7090105559,4.918627662005531e-09,bins are display-only; KDE from continuous Monte Carlo draws
english_can_afford_metro_intensive,English · can afford private · metro · intensive prep,law,annual_if_employed_kde,1856169.4324732374,4.3935014379938905e-09,bins are display-only; KDE from continuous Monte Carlo draws
english_can_afford_metro_intensive,English · can afford private · metro · intensive prep,law,annual_if_employed_kde,1890314.155935919,3.936490142101224e-09,bins are display-only; KDE from continuous Monte Carlo draws
english_can_afford_metro_intensive,English · can afford private · metro · intensive prep,law,annual_if_employed_kde,1924458.8793986004,3.5362498386632817e-09,bins are display-only; KDE from continuous Monte Carlo draws
english_can_afford_metro_intensive,English · can afford private · metro · intensive prep,law,annual_if_employed_kde,1958603.602861282,3.183512082312791e-09,bins are display-only; KDE from continuous Monte Carlo draws
english_can_afford_metro_intensive,English · can afford private · metro · intensive prep,law,annual_if_employed_kde,1992748.3263239635,2.871172927305783e-09,bins are display-only; KDE from continuous Monte Carlo draws
english_can_afford_metro_intensive,English · can afford private · metro · intensive prep,law,annual_if_employed_kde,2026893.049786645,2.5940936807175663e-09,bins are display-only; KDE from continuous Monte Carlo draws
english_can_afford_metro_intensive,English · can afford private · metro · intensive prep,law,annual_if_employed_kde,2061037.7732493265,2.34870334831947e-09,bins are display-only; KDE from continuous Monte Carlo draws
english_can_afford_metro_intensive,English · can afford private · metro · intensive prep,other_graduate,annual_if_employed_kde,46499.08895111566,1.5998993719850505e-06,bins are display-only; KDE from continuous Monte Carlo draws
english_can_afford_metro_intensive,English · can afford private · metro · intensive prep,other_graduate,annual_if_employed_kde,80643.81241379719,3.288244430205222e-06,bins are display-only; KDE from continuous Monte Carlo draws
english_can_afford_metro_intensive,English · can afford private · metro · intensive prep,other_graduate,annual_if_employed_kde,114788.53587647874,3.6973639891196253e-06,bins are display-only; KDE from continuous Monte Carlo draws
english_can_afford_metro_intensive,English · can afford private · metro · intensive prep,other_graduate,annual_if_employed_kde,148933.2593391603,3.4745842386285636e-06,bins are display-only; KDE from continuous Monte Carlo draws
english_can_afford_metro_intensive,English · can afford private · metro · intensive prep,other_graduate,annual_if_employed_kde,183077.9828018418,2.965629027520998e-06,bins are display-only; KDE from continuous Monte Carlo draws
english_can_afford_metro_intensive,English · can afford private · metro · intensive prep,other_graduate,annual_if_employed_kde,217222.70626452338,2.4717321400404404e-06,bins are display-only; KDE from continuous Monte Carlo draws
english_can_afford_metro_intensive,English · can afford private · metro · intensive prep,other_graduate,annual_if_employed_kde,251367.4297272049,2.115997599703572e-06,bins are display-only; KDE from continuous Monte Carlo draws
english_can_afford_metro_intensive,English · can afford private · metro · intensive prep,other_graduate,annual_if_employed_kde,285512.1531898864,1.7528539114705081e-06,bins are display-only; KDE from continuous Monte Carlo draws
english_can_afford_metro_intensive,English · can afford private · metro · intensive prep,other_graduate,annual_if_employed_kde,319656.876652568,1.3831237874021547e-06,bins are display-only; KDE from continuous Monte Carlo draws
english_can_afford_metro_intensive,English · can afford private · metro · intensive prep,other_graduate,annual_if_employed_kde,353801.6001152495,1.10134277414833e-06,bins are display-only; KDE from continuous Monte Carlo draws
english_can_afford_metro_intensive,English · can afford private · metro · intensive prep,other_graduate,annual_if_employed_kde,387946.3235779311,9.043266789802656e-07,bins are display-only; KDE from continuous Monte Carlo draws
english_can_afford_metro_intensive,English · can afford private · metro · intensive prep,other_graduate,annual_if_employed_kde,422091.0470406126,7.517883777934176e-07,bins are display-only; KDE from continuous Monte Carlo draws
english_can_afford_metro_intensive,English · can afford private · metro · intensive prep,other_graduate,annual_if_employed_kde,456235.77050329413,6.224931149856051e-07,bins are display-only; KDE from continuous Monte Carlo draws
english_can_afford_metro_intensive,English · can afford private · metro · intensive prep,other_graduate,annual_if_employed_kde,490380.4939659757,5.114006915304304e-07,bins are display-only; KDE from continuous Monte Carlo draws
english_can_afford_metro_intensive,English · can afford private · metro · intensive prep,other_graduate,annual_if_employed_kde,524525.2174286572,4.1954317908674057e-07,bins are display-only; KDE from continuous Monte Carlo draws
english_can_afford_metro_intensive,English · can afford private · metro · intensive prep,other_graduate,annual_if_employed_kde,558669.9408913387,3.452545113858629e-07,bins are display-only; KDE from continuous Monte Carlo draws
english_can_afford_metro_intensive,English · can afford private · metro · intensive prep,other_graduate,annual_if_employed_kde,592814.6643540203,2.85564855795755e-07,bins are display-only; KDE from continuous Monte Carlo draws
english_can_afford_metro_intensive,English · can afford private · metro · intensive prep,other_graduate,annual_if_employed_kde,626959.3878167018,2.37569741992361e-07,bins are display-only; KDE from continuous Monte Carlo draws
english_can_afford_metro_intensive,English · can afford private · metro · intensive prep,other_graduate,annual_if_employed_kde,661104.1112793833,1.9834679522586472e-07,bins are display-only; KDE from continuous Monte Carlo draws
english_can_afford_metro_intensive,English · can afford private · metro · intensive prep,other_graduate,annual_if_employed_kde,695248.8347420649,1.6572754744505105e-07,bins are display-only; KDE from continuous Monte Carlo draws
english_can_afford_metro_intensive,English · can afford private · metro · intensive prep,other_graduate,annual_if_employed_kde,729393.5582047465,1.385509947136653e-07,bins are display-only; KDE from continuous Monte Carlo draws
english_can_afford_metro_intensive,English · can afford private · metro · intensive prep,other_graduate,annual_if_employed_kde,763538.281667428,1.1615051365674887e-07,bins are display-only; KDE from continuous Monte Carlo draws
english_can_afford_metro_intensive,English · can afford private · metro · intensive prep,other_graduate,annual_if_employed_kde,797683.0051301095,9.791052280935292e-08,bins are display-only; KDE from continuous Monte Carlo draws
english_can_afford_metro_intensive,English · can afford private · metro · intensive prep,other_graduate,annual_if_employed_kde,831827.728592791,8.314194129275613e-08,bins are display-only; KDE from continuous Monte Carlo draws
english_can_afford_metro_intensive,English · can afford private · metro · intensive prep,other_graduate,annual_if_employed_kde,865972.4520554725,7.113635246086655e-08,bins are display-only; KDE from continuous Monte Carlo draws
english_can_afford_metro_intensive,English · can afford private · metro · intensive prep,other_graduate,annual_if_employed_kde,900117.1755181542,6.126045491928429e-08,bins are display-only; KDE from continuous Monte Carlo draws
english_can_afford_metro_intensive,English · can afford private · metro · intensive prep,other_graduate,annual_if_employed_kde,934261.8989808357,5.301566352328999e-08,bins are display-only; KDE from continuous Monte Carlo draws
english_can_afford_metro_intensive,English · can afford private · metro · intensive prep,other_graduate,annual_if_employed_kde,968406.6224435172,4.6045773357500127e-08,bins are display-only; KDE from continuous Monte Carlo draws
english_can_afford_metro_intensive,English · can afford private · metro · intensive prep,other_graduate,annual_if_employed_kde,1002551.3459061987,4.0110678157279656e-08,bins are display-only; KDE from continuous Monte Carlo draws
english_can_afford_metro_intensive,English · can afford private · metro · intensive prep,other_graduate,annual_if_employed_kde,1036696.0693688802,3.504820281552316e-08,bins are display-only; KDE from continuous Monte Carlo draws
english_can_afford_metro_intensive,English · can afford private · metro · intensive prep,other_graduate,annual_if_employed_kde,1070840.792831562,3.073749358391163e-08,bins are display-only; KDE from continuous Monte Carlo draws
english_can_afford_metro_intensive,English · can afford private · metro · intensive prep,other_graduate,annual_if_employed_kde,1104985.5162942435,2.7071437881438597e-08,bins are display-only; KDE from continuous Monte Carlo draws
english_can_afford_metro_intensive,English · can afford private · metro · intensive prep,other_graduate,annual_if_employed_kde,1139130.239756925,2.394266219048269e-08,bins are display-only; KDE from continuous Monte Carlo draws
english_can_afford_metro_intensive,English · can afford private · metro · intensive prep,other_graduate,annual_if_employed_kde,1173274.9632196066,2.124369617047487e-08,bins are display-only; KDE from continuous Monte Carlo draws
english_can_afford_metro_intensive,English · can afford private · metro · intensive prep,other_graduate,annual_if_employed_kde,1207419.686682288,1.8876755628379395e-08,bins are display-only; KDE from continuous Monte Carlo draws
english_can_afford_metro_intensive,English · can afford private · metro · intensive prep,other_graduate,annual_if_employed_kde,1241564.4101449696,1.6765360629647266e-08,bins are display-only; KDE from continuous Monte Carlo draws
english_can_afford_metro_intensive,English · can afford private · metro · intensive prep,other_graduate,annual_if_employed_kde,1275709.133607651,1.4860772536658779e-08,bins are display-only; KDE from continuous Monte Carlo draws
english_can_afford_metro_intensive,English · can afford private · metro · intensive prep,other_graduate,annual_if_employed_kde,1309853.8570703326,1.3140175813029812e-08,bins are display-only; KDE from continuous Monte Carlo draws
english_can_afford_metro_intensive,English · can afford private · metro · intensive prep,other_graduate,annual_if_employed_kde,1343998.5805330144,1.1598026251650609e-08,bins are display-only; KDE from continuous Monte Carlo draws
english_can_afford_metro_intensive,English · can afford private · metro · intensive prep,other_graduate,annual_if_employed_kde,1378143.303995696,1.0234744552421425e-08,bins are display-only; KDE from continuous Monte Carlo draws
english_can_afford_metro_intensive,English · can afford private · metro · intensive prep,other_graduate,annual_if_employed_kde,1412288.0274583774,9.047169559565472e-09,bins are display-only; KDE from continuous Monte Carlo draws
english_can_afford_metro_intensive,English · can afford private · metro · intensive prep,other_graduate,annual_if_employed_kde,1446432.750921059,8.023516886084788e-09,bins are display-only; KDE from continuous Monte Carlo draws
english_can_afford_metro_intensive,English · can afford private · metro · intensive prep,other_graduate,annual_if_employed_kde,1480577.4743837405,7.143269792835543e-09,bins are display-only; KDE from continuous Monte Carlo draws
english_can_afford_metro_intensive,English · can afford private · metro · intensive prep,other_graduate,annual_if_employed_kde,1514722.197846422,6.38059049220642e-09,bins are display-only; KDE from continuous Monte Carlo draws
english_can_afford_metro_intensive,English · can afford private · metro · intensive prep,other_graduate,annual_if_employed_kde,1548866.9213091035,5.709059204449102e-09,bins are display-only; KDE from continuous Monte Carlo draws
english_can_afford_metro_intensive,English · can afford private · metro · intensive prep,other_graduate,annual_if_employed_kde,1583011.644771785,5.1057942699992644e-09,bins are display-only; KDE from continuous Monte Carlo draws
english_can_afford_metro_intensive,English · can afford private · metro · intensive prep,other_graduate,annual_if_employed_kde,1617156.3682344665,4.553851371519057e-09,bins are display-only; KDE from continuous Monte Carlo draws
english_can_afford_metro_intensive,English · can afford private · metro · intensive prep,other_graduate,annual_if_employed_kde,1651301.091697148,4.042726207587904e-09,bins are display-only; KDE from continuous Monte Carlo draws
english_can_afford_metro_intensive,English · can afford private · metro · intensive prep,other_graduate,annual_if_employed_kde,1685445.8151598296,3.5674284951950496e-09,bins are display-only; KDE from continuous Monte Carlo draws
english_can_afford_metro_intensive,English · can afford private · metro · intensive prep,other_graduate,annual_if_employed_kde,1719590.5386225113,3.1268365336626337e-09,bins are display-only; KDE from continuous Monte Carlo draws
english_can_afford_metro_intensive,English · can afford private · metro · intensive prep,other_graduate,annual_if_employed_kde,1753735.2620851928,2.7219600452322947e-09,bins are display-only; KDE from continuous Monte Carlo draws
english_can_afford_metro_intensive,English · can afford private · metro · intensive prep,other_graduate,annual_if_employed_kde,1787879.9855478744,2.3545008504012425e-09,bins are display-only; KDE from continuous Monte Carlo draws
english_can_afford_metro_intensive,English · can afford private · metro · intensive prep,other_graduate,annual_if_employed_kde,1822024.7090105559,2.0258571362793424e-09,bins are display-only; KDE from continuous Monte Carlo draws
english_can_afford_metro_intensive,English · can afford private · metro · intensive prep,other_graduate,annual_if_employed_kde,1856169.4324732374,1.736551255891082e-09,bins are display-only; KDE from continuous Monte Carlo draws
english_can_afford_metro_intensive,English · can afford private · metro · intensive prep,other_graduate,annual_if_employed_kde,1890314.155935919,1.4859879446093553e-09,bins are display-only; KDE from continuous Monte Carlo draws
english_can_afford_metro_intensive,English · can afford private · metro · intensive prep,other_graduate,annual_if_employed_kde,1924458.8793986004,1.2724426628586171e-09,bins are display-only; KDE from continuous Monte Carlo draws
english_can_afford_metro_intensive,English · can afford private · metro · intensive prep,other_graduate,annual_if_employed_kde,1958603.602861282,1.0932011446418932e-09,bins are display-only; KDE from continuous Monte Carlo draws
english_can_afford_metro_intensive,English · can afford private · metro · intensive prep,other_graduate,annual_if_employed_kde,1992748.3263239635,9.447938176220301e-10,bins are display-only; KDE from continuous Monte Carlo draws
english_can_afford_metro_intensive,English · can afford private · metro · intensive prep,other_graduate,annual_if_employed_kde,2026893.049786645,8.232814886790093e-10,bins are display-only; KDE from continuous Monte Carlo draws
english_can_afford_metro_intensive,English · can afford private · metro · intensive prep,other_graduate,annual_if_employed_kde,2061037.7732493265,7.245530048714624e-10,bins are display-only; KDE from continuous Monte Carlo draws
english_can_afford_metro_intensive,English · can afford private · metro · intensive prep,non_professional_graduate,annual_if_employed_kde,46499.08895111566,1.4470601772231705e-06,bins are display-only; KDE from continuous Monte Carlo draws
english_can_afford_metro_intensive,English · can afford private · metro · intensive prep,non_professional_graduate,annual_if_employed_kde,80643.81241379719,2.3194283646646152e-06,bins are display-only; KDE from continuous Monte Carlo draws
english_can_afford_metro_intensive,English · can afford private · metro · intensive prep,non_professional_graduate,annual_if_employed_kde,114788.53587647874,2.725544501726152e-06,bins are display-only; KDE from continuous Monte Carlo draws
english_can_afford_metro_intensive,English · can afford private · metro · intensive prep,non_professional_graduate,annual_if_employed_kde,148933.2593391603,2.6996846042769355e-06,bins are display-only; KDE from continuous Monte Carlo draws
english_can_afford_metro_intensive,English · can afford private · metro · intensive prep,non_professional_graduate,annual_if_employed_kde,183077.9828018418,2.4003666882343556e-06,bins are display-only; KDE from continuous Monte Carlo draws
english_can_afford_metro_intensive,English · can afford private · metro · intensive prep,non_professional_graduate,annual_if_employed_kde,217222.70626452338,2.1344014056759558e-06,bins are display-only; KDE from continuous Monte Carlo draws
english_can_afford_metro_intensive,English · can afford private · metro · intensive prep,non_professional_graduate,annual_if_employed_kde,251367.4297272049,1.9141882549391653e-06,bins are display-only; KDE from continuous Monte Carlo draws
english_can_afford_metro_intensive,English · can afford private · metro · intensive prep,non_professional_graduate,annual_if_employed_kde,285512.1531898864,1.6829306201485036e-06,bins are display-only; KDE from continuous Monte Carlo draws
english_can_afford_metro_intensive,English · can afford private · metro · intensive prep,non_professional_graduate,annual_if_employed_kde,319656.876652568,1.4355513484614013e-06,bins are display-only; KDE from continuous Monte Carlo draws
english_can_afford_metro_intensive,English · can afford private · metro · intensive prep,non_professional_graduate,annual_if_employed_kde,353801.6001152495,1.2266207413835312e-06,bins are display-only; KDE from continuous Monte Carlo draws
english_can_afford_metro_intensive,English · can afford private · metro · intensive prep,non_professional_graduate,annual_if_employed_kde,387946.3235779311,1.057826374439762e-06,bins are display-only; KDE from continuous Monte Carlo draws
english_can_afford_metro_intensive,English · can afford private · metro · intensive prep,non_professional_graduate,annual_if_employed_kde,422091.0470406126,9.140208699720794e-07,bins are display-only; KDE from continuous Monte Carlo draws
english_can_afford_metro_intensive,English · can afford private · metro · intensive prep,non_professional_graduate,annual_if_employed_kde,456235.77050329413,7.906171980427491e-07,bins are display-only; KDE from continuous Monte Carlo draws
english_can_afford_metro_intensive,English · can afford private · metro · intensive prep,non_professional_graduate,annual_if_employed_kde,490380.4939659757,6.865199603883702e-07,bins are display-only; KDE from continuous Monte Carlo draws
english_can_afford_metro_intensive,English · can afford private · metro · intensive prep,non_professional_graduate,annual_if_employed_kde,524525.2174286572,5.995999790628487e-07,bins are display-only; KDE from continuous Monte Carlo draws
english_can_afford_metro_intensive,English · can afford private · metro · intensive prep,non_professional_graduate,annual_if_employed_kde,558669.9408913387,5.261859981777919e-07,bins are display-only; KDE from continuous Monte Carlo draws
english_can_afford_metro_intensive,English · can afford private · metro · intensive prep,non_professional_graduate,annual_if_employed_kde,592814.6643540203,4.626538528210305e-07,bins are display-only; KDE from continuous Monte Carlo draws
english_can_afford_metro_intensive,English · can afford private · metro · intensive prep,non_professional_graduate,annual_if_employed_kde,626959.3878167018,4.068875078094292e-07,bins are display-only; KDE from continuous Monte Carlo draws
english_can_afford_metro_intensive,English · can afford private · metro · intensive prep,non_professional_graduate,annual_if_employed_kde,661104.1112793833,3.581601112833722e-07,bins are display-only; KDE from continuous Monte Carlo draws
english_can_afford_metro_intensive,English · can afford private · metro · intensive prep,non_professional_graduate,annual_if_employed_kde,695248.8347420649,3.1620626910607e-07,bins are display-only; KDE from continuous Monte Carlo draws
english_can_afford_metro_intensive,English · can afford private · metro · intensive prep,non_professional_graduate,annual_if_employed_kde,729393.5582047465,2.806138536124499e-07,bins are display-only; KDE from continuous Monte Carlo draws
english_can_afford_metro_intensive,English · can afford private · metro · intensive prep,non_professional_graduate,annual_if_employed_kde,763538.281667428,2.506840853591802e-07,bins are display-only; KDE from continuous Monte Carlo draws
english_can_afford_metro_intensive,English · can afford private · metro · intensive prep,non_professional_graduate,annual_if_employed_kde,797683.0051301095,2.2547686251399093e-07,bins are display-only; KDE from continuous Monte Carlo draws
english_can_afford_metro_intensive,English · can afford private · metro · intensive prep,non_professional_graduate,annual_if_employed_kde,831827.728592791,2.039236892862843e-07,bins are display-only; KDE from continuous Monte Carlo draws
english_can_afford_metro_intensive,English · can afford private · metro · intensive prep,non_professional_graduate,annual_if_employed_kde,865972.4520554725,1.8500112180190893e-07,bins are display-only; KDE from continuous Monte Carlo draws
english_can_afford_metro_intensive,English · can afford private · metro · intensive prep,non_professional_graduate,annual_if_employed_kde,900117.1755181542,1.6790411686105853e-07,bins are display-only; KDE from continuous Monte Carlo draws
english_can_afford_metro_intensive,English · can afford private · metro · intensive prep,non_professional_graduate,annual_if_employed_kde,934261.8989808357,1.521322376545293e-07,bins are display-only; KDE from continuous Monte Carlo draws
english_can_afford_metro_intensive,English · can afford private · metro · intensive prep,non_professional_graduate,annual_if_employed_kde,968406.6224435172,1.374627587623344e-07,bins are display-only; KDE from continuous Monte Carlo draws
english_can_afford_metro_intensive,English · can afford private · metro · intensive prep,non_professional_graduate,annual_if_employed_kde,1002551.3459061987,1.238559679166988e-07,bins are display-only; KDE from continuous Monte Carlo draws
english_can_afford_metro_intensive,English · can afford private · metro · intensive prep,non_professional_graduate,annual_if_employed_kde,1036696.0693688802,1.1135591431545519e-07,bins are display-only; KDE from continuous Monte Carlo draws
english_can_afford_metro_intensive,English · can afford private · metro · intensive prep,non_professional_graduate,annual_if_employed_kde,1070840.792831562,1.0002200517582286e-07,bins are display-only; KDE from continuous Monte Carlo draws
english_can_afford_metro_intensive,English · can afford private · metro · intensive prep,non_professional_graduate,annual_if_employed_kde,1104985.5162942435,8.989294260895737e-08,bins are display-only; KDE from continuous Monte Carlo draws
english_can_afford_metro_intensive,English · can afford private · metro · intensive prep,non_professional_graduate,annual_if_employed_kde,1139130.239756925,8.096956774952301e-08,bins are display-only; KDE from continuous Monte Carlo draws
english_can_afford_metro_intensive,English · can afford private · metro · intensive prep,non_professional_graduate,annual_if_employed_kde,1173274.9632196066,7.320630976920637e-08,bins are display-only; KDE from continuous Monte Carlo draws
english_can_afford_metro_intensive,English · can afford private · metro · intensive prep,non_professional_graduate,annual_if_employed_kde,1207419.686682288,6.650928538500978e-08,bins are display-only; KDE from continuous Monte Carlo draws
english_can_afford_metro_intensive,English · can afford private · metro · intensive prep,non_professional_graduate,annual_if_employed_kde,1241564.4101449696,6.074310806413923e-08,bins are display-only; KDE from continuous Monte Carlo draws
english_can_afford_metro_intensive,English · can afford private · metro · intensive prep,non_professional_graduate,annual_if_employed_kde,1275709.133607651,5.574674386937621e-08,bins are display-only; KDE from continuous Monte Carlo draws
english_can_afford_metro_intensive,English · can afford private · metro · intensive prep,non_professional_graduate,annual_if_employed_kde,1309853.8570703326,5.1354843817916254e-08,bins are display-only; KDE from continuous Monte Carlo draws
english_can_afford_metro_intensive,English · can afford private · metro · intensive prep,non_professional_graduate,annual_if_employed_kde,1343998.5805330144,4.7418601260217115e-08,bins are display-only; KDE from continuous Monte Carlo draws
english_can_afford_metro_intensive,English · can afford private · metro · intensive prep,non_professional_graduate,annual_if_employed_kde,1378143.303995696,4.382071387594144e-08,bins are display-only; KDE from continuous Monte Carlo draws
english_can_afford_metro_intensive,English · can afford private · metro · intensive prep,non_professional_graduate,annual_if_employed_kde,1412288.0274583774,4.04816715319712e-08,bins are display-only; KDE from continuous Monte Carlo draws
english_can_afford_metro_intensive,English · can afford private · metro · intensive prep,non_professional_graduate,annual_if_employed_kde,1446432.750921059,3.735768220084244e-08,bins are display-only; KDE from continuous Monte Carlo draws
english_can_afford_metro_intensive,English · can afford private · metro · intensive prep,non_professional_graduate,annual_if_employed_kde,1480577.4743837405,3.443275337615872e-08,bins are display-only; KDE from continuous Monte Carlo draws
english_can_afford_metro_intensive,English · can afford private · metro · intensive prep,non_professional_graduate,annual_if_employed_kde,1514722.197846422,3.170825013702504e-08,bins are display-only; KDE from continuous Monte Carlo draws
english_can_afford_metro_intensive,English · can afford private · metro · intensive prep,non_professional_graduate,annual_if_employed_kde,1548866.9213091035,2.9192852021174842e-08,bins are display-only; KDE from continuous Monte Carlo draws
english_can_afford_metro_intensive,English · can afford private · metro · intensive prep,non_professional_graduate,annual_if_employed_kde,1583011.644771785,2.689477652768301e-08,bins are display-only; KDE from continuous Monte Carlo draws
english_can_afford_metro_intensive,English · can afford private · metro · intensive prep,non_professional_graduate,annual_if_employed_kde,1617156.3682344665,2.481697921966819e-08,bins are display-only; KDE from continuous Monte Carlo draws
english_can_afford_metro_intensive,English · can afford private · metro · intensive prep,non_professional_graduate,annual_if_employed_kde,1651301.091697148,2.2955142839216122e-08,bins are display-only; KDE from continuous Monte Carlo draws
english_can_afford_metro_intensive,English · can afford private · metro · intensive prep,non_professional_graduate,annual_if_employed_kde,1685445.8151598296,2.1297767285417024e-08,bins are display-only; KDE from continuous Monte Carlo draws
english_can_afford_metro_intensive,English · can afford private · metro · intensive prep,non_professional_graduate,annual_if_employed_kde,1719590.5386225113,1.9827533970130992e-08,bins are display-only; KDE from continuous Monte Carlo draws
english_can_afford_metro_intensive,English · can afford private · metro · intensive prep,non_professional_graduate,annual_if_employed_kde,1753735.2620851928,1.8523221659073028e-08,bins are display-only; KDE from continuous Monte Carlo draws
english_can_afford_metro_intensive,English · can afford private · metro · intensive prep,non_professional_graduate,annual_if_employed_kde,1787879.9855478744,1.736166388953554e-08,bins are display-only; KDE from continuous Monte Carlo draws
english_can_afford_metro_intensive,English · can afford private · metro · intensive prep,non_professional_graduate,annual_if_employed_kde,1822024.7090105559,1.6319458865927628e-08,bins are display-only; KDE from continuous Monte Carlo draws
english_can_afford_metro_intensive,English · can afford private · metro · intensive prep,non_professional_graduate,annual_if_employed_kde,1856169.4324732374,1.537431488034391e-08,bins are display-only; KDE from continuous Monte Carlo draws
english_can_afford_metro_intensive,English · can afford private · metro · intensive prep,non_professional_graduate,annual_if_employed_kde,1890314.155935919,1.4506020953826642e-08,bins are display-only; KDE from continuous Monte Carlo draws
english_can_afford_metro_intensive,English · can afford private · metro · intensive prep,non_professional_graduate,annual_if_employed_kde,1924458.8793986004,1.3697082260555242e-08,bins are display-only; KDE from continuous Monte Carlo draws
english_can_afford_metro_intensive,English · can afford private · metro · intensive prep,non_professional_graduate,annual_if_employed_kde,1958603.602861282,1.2933072598262271e-08,bins are display-only; KDE from continuous Monte Carlo draws
english_can_afford_metro_intensive,English · can afford private · metro · intensive prep,non_professional_graduate,annual_if_employed_kde,1992748.3263239635,1.220275142109287e-08,bins are display-only; KDE from continuous Monte Carlo draws
english_can_afford_metro_intensive,English · can afford private · metro · intensive prep,non_professional_graduate,annual_if_employed_kde,2026893.049786645,1.149798484127648e-08,bins are display-only; KDE from continuous Monte Carlo draws
english_can_afford_metro_intensive,English · can afford private · metro · intensive prep,non_professional_graduate,annual_if_employed_kde,2061037.7732493265,1.0813505558254117e-08,bins are display-only; KDE from continuous Monte Carlo draws
english_can_afford_metro_intensive,English · can afford private · metro · intensive prep,no_college,annual_if_employed_kde,46499.08895111566,5.491545356088904e-06,bins are display-only; KDE from continuous Monte Carlo draws
english_can_afford_metro_intensive,English · can afford private · metro · intensive prep,no_college,annual_if_employed_kde,80643.81241379719,5.495588789299444e-06,bins are display-only; KDE from continuous Monte Carlo draws
english_can_afford_metro_intensive,English · can afford private · metro · intensive prep,no_college,annual_if_employed_kde,114788.53587647874,4.22586691399788e-06,bins are display-only; KDE from continuous Monte Carlo draws
english_can_afford_metro_intensive,English · can afford private · metro · intensive prep,no_college,annual_if_employed_kde,148933.2593391603,3.086813574092169e-06,bins are display-only; KDE from continuous Monte Carlo draws
english_can_afford_metro_intensive,English · can afford private · metro · intensive prep,no_college,annual_if_employed_kde,183077.9828018418,2.2689023370494336e-06,bins are display-only; KDE from continuous Monte Carlo draws
english_can_afford_metro_intensive,English · can afford private · metro · intensive prep,no_college,annual_if_employed_kde,217222.70626452338,1.6874729366621108e-06,bins are display-only; KDE from continuous Monte Carlo draws
english_can_afford_metro_intensive,English · can afford private · metro · intensive prep,no_college,annual_if_employed_kde,251367.4297272049,1.2664418710705301e-06,bins are display-only; KDE from continuous Monte Carlo draws
english_can_afford_metro_intensive,English · can afford private · metro · intensive prep,no_college,annual_if_employed_kde,285512.1531898864,9.444661216472089e-07,bins are display-only; KDE from continuous Monte Carlo draws
english_can_afford_metro_intensive,English · can afford private · metro · intensive prep,no_college,annual_if_employed_kde,319656.876652568,7.155048699334383e-07,bins are display-only; KDE from continuous Monte Carlo draws
english_can_afford_metro_intensive,English · can afford private · metro · intensive prep,no_college,annual_if_employed_kde,353801.6001152495,5.482903833409047e-07,bins are display-only; KDE from continuous Monte Carlo draws
english_can_afford_metro_intensive,English · can afford private · metro · intensive prep,no_college,annual_if_employed_kde,387946.3235779311,4.2667929798473604e-07,bins are display-only; KDE from continuous Monte Carlo draws
english_can_afford_metro_intensive,English · can afford private · metro · intensive prep,no_college,annual_if_employed_kde,422091.0470406126,3.400567678151223e-07,bins are display-only; KDE from continuous Monte Carlo draws
english_can_afford_metro_intensive,English · can afford private · metro · intensive prep,no_college,annual_if_employed_kde,456235.77050329413,2.794227741637829e-07,bins are display-only; KDE from continuous Monte Carlo draws
english_can_afford_metro_intensive,English · can afford private · metro · intensive prep,no_college,annual_if_employed_kde,490380.4939659757,2.3444731627059658e-07,bins are display-only; KDE from continuous Monte Carlo draws
english_can_afford_metro_intensive,English · can afford private · metro · intensive prep,no_college,annual_if_employed_kde,524525.2174286572,1.9709282925600675e-07,bins are display-only; KDE from continuous Monte Carlo draws
english_can_afford_metro_intensive,English · can afford private · metro · intensive prep,no_college,annual_if_employed_kde,558669.9408913387,1.6392083760749287e-07,bins are display-only; KDE from continuous Monte Carlo draws
english_can_afford_metro_intensive,English · can afford private · metro · intensive prep,no_college,annual_if_employed_kde,592814.6643540203,1.3452708208887843e-07,bins are display-only; KDE from continuous Monte Carlo draws
english_can_afford_metro_intensive,English · can afford private · metro · intensive prep,no_college,annual_if_employed_kde,626959.3878167018,1.0928298729853645e-07,bins are display-only; KDE from continuous Monte Carlo draws
english_can_afford_metro_intensive,English · can afford private · metro · intensive prep,no_college,annual_if_employed_kde,661104.1112793833,8.827787311416701e-08,bins are display-only; KDE from continuous Monte Carlo draws
english_can_afford_metro_intensive,English · can afford private · metro · intensive prep,no_college,annual_if_employed_kde,695248.8347420649,7.124089305317312e-08,bins are display-only; KDE from continuous Monte Carlo draws
english_can_afford_metro_intensive,English · can afford private · metro · intensive prep,no_college,annual_if_employed_kde,729393.5582047465,5.7735838563119543e-08,bins are display-only; KDE from continuous Monte Carlo draws
english_can_afford_metro_intensive,English · can afford private · metro · intensive prep,no_college,annual_if_employed_kde,763538.281667428,4.727673735660875e-08,bins are display-only; KDE from continuous Monte Carlo draws
english_can_afford_metro_intensive,English · can afford private · metro · intensive prep,no_college,annual_if_employed_kde,797683.0051301095,3.9328902430296115e-08,bins are display-only; KDE from continuous Monte Carlo draws
english_can_afford_metro_intensive,English · can afford private · metro · intensive prep,no_college,annual_if_employed_kde,831827.728592791,3.330565514397057e-08,bins are display-only; KDE from continuous Monte Carlo draws
english_can_afford_metro_intensive,English · can afford private · metro · intensive prep,no_college,annual_if_employed_kde,865972.4520554725,2.8634406938227486e-08,bins are display-only; KDE from continuous Monte Carlo draws
english_can_afford_metro_intensive,English · can afford private · metro · intensive prep,no_college,annual_if_employed_kde,900117.1755181542,2.485346558325453e-08,bins are display-only; KDE from continuous Monte Carlo draws
english_can_afford_metro_intensive,English · can afford private · metro · intensive prep,no_college,annual_if_employed_kde,934261.8989808357,2.166530262188777e-08,bins are display-only; KDE from continuous Monte Carlo draws
english_can_afford_metro_intensive,English · can afford private · metro · intensive prep,no_college,annual_if_employed_kde,968406.6224435172,1.892113270668907e-08,bins are display-only; KDE from continuous Monte Carlo draws
english_can_afford_metro_intensive,English · can afford private · metro · intensive prep,no_college,annual_if_employed_kde,1002551.3459061987,1.6563872879723278e-08,bins are display-only; KDE from continuous Monte Carlo draws
english_can_afford_metro_intensive,English · can afford private · metro · intensive prep,no_college,annual_if_employed_kde,1036696.0693688802,1.4568802354167593e-08,bins are display-only; KDE from continuous Monte Carlo draws
english_can_afford_metro_intensive,English · can afford private · metro · intensive prep,no_college,annual_if_employed_kde,1070840.792831562,1.2905623078058067e-08,bins are display-only; KDE from continuous Monte Carlo draws
english_can_afford_metro_intensive,English · can afford private · metro · intensive prep,no_college,annual_if_employed_kde,1104985.5162942435,1.152607016645799e-08,bins are display-only; KDE from continuous Monte Carlo draws
english_can_afford_metro_intensive,English · can afford private · metro · intensive prep,no_college,annual_if_employed_kde,1139130.239756925,1.0369404425118572e-08,bins are display-only; KDE from continuous Monte Carlo draws
english_can_afford_metro_intensive,English · can afford private · metro · intensive prep,no_college,annual_if_employed_kde,1173274.9632196066,9.374889831166353e-09,bins are display-only; KDE from continuous Monte Carlo draws
english_can_afford_metro_intensive,English · can afford private · metro · intensive prep,no_college,annual_if_employed_kde,1207419.686682288,8.492676148748246e-09,bins are display-only; KDE from continuous Monte Carlo draws
english_can_afford_metro_intensive,English · can afford private · metro · intensive prep,no_college,annual_if_employed_kde,1241564.4101449696,7.68897703461647e-09,bins are display-only; KDE from continuous Monte Carlo draws
english_can_afford_metro_intensive,English · can afford private · metro · intensive prep,no_college,annual_if_employed_kde,1275709.133607651,6.945464478242436e-09,bins are display-only; KDE from continuous Monte Carlo draws
english_can_afford_metro_intensive,English · can afford private · metro · intensive prep,no_college,annual_if_employed_kde,1309853.8570703326,6.255063743152211e-09,bins are display-only; KDE from continuous Monte Carlo draws
english_can_afford_metro_intensive,English · can afford private · metro · intensive prep,no_college,annual_if_employed_kde,1343998.5805330144,5.616756069443473e-09,bins are display-only; KDE from continuous Monte Carlo draws
english_can_afford_metro_intensive,English · can afford private · metro · intensive prep,no_college,annual_if_employed_kde,1378143.303995696,5.0312666928374194e-09,bins are display-only; KDE from continuous Monte Carlo draws
english_can_afford_metro_intensive,English · can afford private · metro · intensive prep,no_college,annual_if_employed_kde,1412288.0274583774,4.498450098342162e-09,bins are display-only; KDE from continuous Monte Carlo draws
english_can_afford_metro_intensive,English · can afford private · metro · intensive prep,no_college,annual_if_employed_kde,1446432.750921059,4.016327727292133e-09,bins are display-only; KDE from continuous Monte Carlo draws
english_can_afford_metro_intensive,English · can afford private · metro · intensive prep,no_college,annual_if_employed_kde,1480577.4743837405,3.581278268766407e-09,bins are display-only; KDE from continuous Monte Carlo draws
english_can_afford_metro_intensive,English · can afford private · metro · intensive prep,no_college,annual_if_employed_kde,1514722.197846422,3.1887807014433463e-09,bins are display-only; KDE from continuous Monte Carlo draws
english_can_afford_metro_intensive,English · can afford private · metro · intensive prep,no_college,annual_if_employed_kde,1548866.9213091035,2.8342264911877945e-09,bins are display-only; KDE from continuous Monte Carlo draws
english_can_afford_metro_intensive,English · can afford private · metro · intensive prep,no_college,annual_if_employed_kde,1583011.644771785,2.513515311322237e-09,bins are display-only; KDE from continuous Monte Carlo draws
english_can_afford_metro_intensive,English · can afford private · metro · intensive prep,no_college,annual_if_employed_kde,1617156.3682344665,2.223336727287606e-09,bins are display-only; KDE from continuous Monte Carlo draws
english_can_afford_metro_intensive,English · can afford private · metro · intensive prep,no_college,annual_if_employed_kde,1651301.091697148,1.9611726516277618e-09,bins are display-only; KDE from continuous Monte Carlo draws
english_can_afford_metro_intensive,English · can afford private · metro · intensive prep,no_college,annual_if_employed_kde,1685445.8151598296,1.7251211973905695e-09,bins are display-only; KDE from continuous Monte Carlo draws
english_can_afford_metro_intensive,English · can afford private · metro · intensive prep,no_college,annual_if_employed_kde,1719590.5386225113,1.5136527302972325e-09,bins are display-only; KDE from continuous Monte Carlo draws
english_can_afford_metro_intensive,English · can afford private · metro · intensive prep,no_college,annual_if_employed_kde,1753735.2620851928,1.3253841858287642e-09,bins are display-only; KDE from continuous Monte Carlo draws
english_can_afford_metro_intensive,English · can afford private · metro · intensive prep,no_college,annual_if_employed_kde,1787879.9855478744,1.1589194590341292e-09,bins are display-only; KDE from continuous Monte Carlo draws
english_can_afford_metro_intensive,English · can afford private · metro · intensive prep,no_college,annual_if_employed_kde,1822024.7090105559,1.0127680727565108e-09,bins are display-only; KDE from continuous Monte Carlo draws
english_can_afford_metro_intensive,English · can afford private · metro · intensive prep,no_college,annual_if_employed_kde,1856169.4324732374,8.85330081033318e-10,bins are display-only; KDE from continuous Monte Carlo draws
english_can_afford_metro_intensive,English · can afford private · metro · intensive prep,no_college,annual_if_employed_kde,1890314.155935919,7.749241338764655e-10,bins are display-only; KDE from continuous Monte Carlo draws
english_can_afford_metro_intensive,English · can afford private · metro · intensive prep,no_college,annual_if_employed_kde,1924458.8793986004,6.798351841570694e-10,bins are display-only; KDE from continuous Monte Carlo draws
english_can_afford_metro_intensive,English · can afford private · metro · intensive prep,no_college,annual_if_employed_kde,1958603.602861282,5.98364000939642e-10,bins are display-only; KDE from continuous Monte Carlo draws
english_can_afford_metro_intensive,English · can afford private · metro · intensive prep,no_college,annual_if_employed_kde,1992748.3263239635,5.288682595629693e-10,bins are display-only; KDE from continuous Monte Carlo draws
english_can_afford_metro_intensive,English · can afford private · metro · intensive prep,no_college,annual_if_employed_kde,2026893.049786645,4.697916423768919e-10,bins are display-only; KDE from continuous Monte Carlo draws
english_can_afford_metro_intensive,English · can afford private · metro · intensive prep,no_college,annual_if_employed_kde,2061037.7732493265,4.196817924658489e-10,bins are display-only; KDE from continuous Monte Carlo draws
english_can_afford_metro_intensive,English · can afford private · metro · intensive prep,physician_public_sector,annual_if_employed_kde,46499.08895111566,3.1263181693449263e-07,bins are display-only; KDE from continuous Monte Carlo draws
english_can_afford_metro_intensive,English · can afford private · metro · intensive prep,physician_public_sector,annual_if_employed_kde,80643.81241379719,7.976550988770887e-07,bins are display-only; KDE from continuous Monte Carlo draws
english_can_afford_metro_intensive,English · can afford private · metro · intensive prep,physician_public_sector,annual_if_employed_kde,114788.53587647874,9.516726518168239e-07,bins are display-only; KDE from continuous Monte Carlo draws
english_can_afford_metro_intensive,English · can afford private · metro · intensive prep,physician_public_sector,annual_if_employed_kde,148933.2593391603,1.0002717058413508e-06,bins are display-only; KDE from continuous Monte Carlo draws
english_can_afford_metro_intensive,English · can afford private · metro · intensive prep,physician_public_sector,annual_if_employed_kde,183077.9828018418,1.0126267253160196e-06,bins are display-only; KDE from continuous Monte Carlo draws
english_can_afford_metro_intensive,English · can afford private · metro · intensive prep,physician_public_sector,annual_if_employed_kde,217222.70626452338,1.0024409207602975e-06,bins are display-only; KDE from continuous Monte Carlo draws
english_can_afford_metro_intensive,English · can afford private · metro · intensive prep,physician_public_sector,annual_if_employed_kde,251367.4297272049,1.0001049647711667e-06,bins are display-only; KDE from continuous Monte Carlo draws
english_can_afford_metro_intensive,English · can afford private · metro · intensive prep,physician_public_sector,annual_if_employed_kde,285512.1531898864,9.797935481341107e-07,bins are display-only; KDE from continuous Monte Carlo draws
english_can_afford_metro_intensive,English · can afford private · metro · intensive prep,physician_public_sector,annual_if_employed_kde,319656.876652568,9.57617721433447e-07,bins are display-only; KDE from continuous Monte Carlo draws
english_can_afford_metro_intensive,English · can afford private · metro · intensive prep,physician_public_sector,annual_if_employed_kde,353801.6001152495,9.455607511988815e-07,bins are display-only; KDE from continuous Monte Carlo draws
english_can_afford_metro_intensive,English · can afford private · metro · intensive prep,physician_public_sector,annual_if_employed_kde,387946.3235779311,9.264541174411075e-07,bins are display-only; KDE from continuous Monte Carlo draws
english_can_afford_metro_intensive,English · can afford private · metro · intensive prep,physician_public_sector,annual_if_employed_kde,422091.0470406126,8.943609362162048e-07,bins are display-only; KDE from continuous Monte Carlo draws
english_can_afford_metro_intensive,English · can afford private · metro · intensive prep,physician_public_sector,annual_if_employed_kde,456235.77050329413,8.5797470529388e-07,bins are display-only; KDE from continuous Monte Carlo draws
english_can_afford_metro_intensive,English · can afford private · metro · intensive prep,physician_public_sector,annual_if_employed_kde,490380.4939659757,8.227857420922039e-07,bins are display-only; KDE from continuous Monte Carlo draws
english_can_afford_metro_intensive,English · can afford private · metro · intensive prep,physician_public_sector,annual_if_employed_kde,524525.2174286572,7.888538240381478e-07,bins are display-only; KDE from continuous Monte Carlo draws
english_can_afford_metro_intensive,English · can afford private · metro · intensive prep,physician_public_sector,annual_if_employed_kde,558669.9408913387,7.561611125094299e-07,bins are display-only; KDE from continuous Monte Carlo draws
english_can_afford_metro_intensive,English · can afford private · metro · intensive prep,physician_public_sector,annual_if_employed_kde,592814.6643540203,7.249051530112906e-07,bins are display-only; KDE from continuous Monte Carlo draws
english_can_afford_metro_intensive,English · can afford private · metro · intensive prep,physician_public_sector,annual_if_employed_kde,626959.3878167018,6.945035892891195e-07,bins are display-only; KDE from continuous Monte Carlo draws
english_can_afford_metro_intensive,English · can afford private · metro · intensive prep,physician_public_sector,annual_if_employed_kde,661104.1112793833,6.64240113145825e-07,bins are display-only; KDE from continuous Monte Carlo draws
english_can_afford_metro_intensive,English · can afford private · metro · intensive prep,physician_public_sector,annual_if_employed_kde,695248.8347420649,6.339634180310499e-07,bins are display-only; KDE from continuous Monte Carlo draws
english_can_afford_metro_intensive,English · can afford private · metro · intensive prep,physician_public_sector,annual_if_employed_kde,729393.5582047465,6.039789595816061e-07,bins are display-only; KDE from continuous Monte Carlo draws
english_can_afford_metro_intensive,English · can afford private · metro · intensive prep,physician_public_sector,annual_if_employed_kde,763538.281667428,5.746978421585582e-07,bins are display-only; KDE from continuous Monte Carlo draws
english_can_afford_metro_intensive,English · can afford private · metro · intensive prep,physician_public_sector,annual_if_employed_kde,797683.0051301095,5.464738005454565e-07,bins are display-only; KDE from continuous Monte Carlo draws
english_can_afford_metro_intensive,English · can afford private · metro · intensive prep,physician_public_sector,annual_if_employed_kde,831827.728592791,5.195737119484267e-07,bins are display-only; KDE from continuous Monte Carlo draws
english_can_afford_metro_intensive,English · can afford private · metro · intensive prep,physician_public_sector,annual_if_employed_kde,865972.4520554725,4.941535545982278e-07,bins are display-only; KDE from continuous Monte Carlo draws
english_can_afford_metro_intensive,English · can afford private · metro · intensive prep,physician_public_sector,annual_if_employed_kde,900117.1755181542,4.7023278210223394e-07,bins are display-only; KDE from continuous Monte Carlo draws
english_can_afford_metro_intensive,English · can afford private · metro · intensive prep,physician_public_sector,annual_if_employed_kde,934261.8989808357,4.47706672564932e-07,bins are display-only; KDE from continuous Monte Carlo draws
english_can_afford_metro_intensive,English · can afford private · metro · intensive prep,physician_public_sector,annual_if_employed_kde,968406.6224435172,4.263999527981373e-07,bins are display-only; KDE from continuous Monte Carlo draws
english_can_afford_metro_intensive,English · can afford private · metro · intensive prep,physician_public_sector,annual_if_employed_kde,1002551.3459061987,4.061292635343032e-07,bins are display-only; KDE from continuous Monte Carlo draws
english_can_afford_metro_intensive,English · can afford private · metro · intensive prep,physician_public_sector,annual_if_employed_kde,1036696.0693688802,3.8674327651718467e-07,bins are display-only; KDE from continuous Monte Carlo draws
english_can_afford_metro_intensive,English · can afford private · metro · intensive prep,physician_public_sector,annual_if_employed_kde,1070840.792831562,3.681323206520883e-07,bins are display-only; KDE from continuous Monte Carlo draws
english_can_afford_metro_intensive,English · can afford private · metro · intensive prep,physician_public_sector,annual_if_employed_kde,1104985.5162942435,3.5021879735882634e-07,bins are display-only; KDE from continuous Monte Carlo draws
english_can_afford_metro_intensive,English · can afford private · metro · intensive prep,physician_public_sector,annual_if_employed_kde,1139130.239756925,3.329444485811921e-07,bins are display-only; KDE from continuous Monte Carlo draws
english_can_afford_metro_intensive,English · can afford private · metro · intensive prep,physician_public_sector,annual_if_employed_kde,1173274.9632196066,3.162643055111667e-07,bins are display-only; KDE from continuous Monte Carlo draws
english_can_afford_metro_intensive,English · can afford private · metro · intensive prep,physician_public_sector,annual_if_employed_kde,1207419.686682288,3.001483897172705e-07,bins are display-only; KDE from continuous Monte Carlo draws
english_can_afford_metro_intensive,English · can afford private · metro · intensive prep,physician_public_sector,annual_if_employed_kde,1241564.4101449696,2.845867748954396e-07,bins are display-only; KDE from continuous Monte Carlo draws
english_can_afford_metro_intensive,English · can afford private · metro · intensive prep,physician_public_sector,annual_if_employed_kde,1275709.133607651,2.695927063916994e-07,bins are display-only; KDE from continuous Monte Carlo draws
english_can_afford_metro_intensive,English · can afford private · metro · intensive prep,physician_public_sector,annual_if_employed_kde,1309853.8570703326,2.552005395279834e-07,bins are display-only; KDE from continuous Monte Carlo draws
english_can_afford_metro_intensive,English · can afford private · metro · intensive prep,physician_public_sector,annual_if_employed_kde,1343998.5805330144,2.4145814895697184e-07,bins are display-only; KDE from continuous Monte Carlo draws
english_can_afford_metro_intensive,English · can afford private · metro · intensive prep,physician_public_sector,annual_if_employed_kde,1378143.303995696,2.2841571882184307e-07,bins are display-only; KDE from continuous Monte Carlo draws
english_can_afford_metro_intensive,English · can afford private · metro · intensive prep,physician_public_sector,annual_if_employed_kde,1412288.0274583774,2.1611388108805338e-07,bins are display-only; KDE from continuous Monte Carlo draws
english_can_afford_metro_intensive,English · can afford private · metro · intensive prep,physician_public_sector,annual_if_employed_kde,1446432.750921059,2.0457407621039372e-07,bins are display-only; KDE from continuous Monte Carlo draws
english_can_afford_metro_intensive,English · can afford private · metro · intensive prep,physician_public_sector,annual_if_employed_kde,1480577.4743837405,1.937931130915947e-07,bins are display-only; KDE from continuous Monte Carlo draws
english_can_afford_metro_intensive,English · can afford private · metro · intensive prep,physician_public_sector,annual_if_employed_kde,1514722.197846422,1.8374264162230717e-07,bins are display-only; KDE from continuous Monte Carlo draws
english_can_afford_metro_intensive,English · can afford private · metro · intensive prep,physician_public_sector,annual_if_employed_kde,1548866.9213091035,1.7437302951634509e-07,bins are display-only; KDE from continuous Monte Carlo draws
english_can_afford_metro_intensive,English · can afford private · metro · intensive prep,physician_public_sector,annual_if_employed_kde,1583011.644771785,1.6562025700337424e-07,bins are display-only; KDE from continuous Monte Carlo draws
english_can_afford_metro_intensive,English · can afford private · metro · intensive prep,physician_public_sector,annual_if_employed_kde,1617156.3682344665,1.5741405571501423e-07,bins are display-only; KDE from continuous Monte Carlo draws
english_can_afford_metro_intensive,English · can afford private · metro · intensive prep,physician_public_sector,annual_if_employed_kde,1651301.091697148,1.4968561061574364e-07,bins are display-only; KDE from continuous Monte Carlo draws
english_can_afford_metro_intensive,English · can afford private · metro · intensive prep,physician_public_sector,annual_if_employed_kde,1685445.8151598296,1.423735844609006e-07,bins are display-only; KDE from continuous Monte Carlo draws
english_can_afford_metro_intensive,English · can afford private · metro · intensive prep,physician_public_sector,annual_if_employed_kde,1719590.5386225113,1.3542782540406784e-07,bins are display-only; KDE from continuous Monte Carlo draws
english_can_afford_metro_intensive,English · can afford private · metro · intensive prep,physician_public_sector,annual_if_employed_kde,1753735.2620851928,1.2881070141649084e-07,bins are display-only; KDE from continuous Monte Carlo draws
english_can_afford_metro_intensive,English · can afford private · metro · intensive prep,physician_public_sector,annual_if_employed_kde,1787879.9855478744,1.224964452930846e-07,bins are display-only; KDE from continuous Monte Carlo draws
english_can_afford_metro_intensive,English · can afford private · metro · intensive prep,physician_public_sector,annual_if_employed_kde,1822024.7090105559,1.1646913663443114e-07,bins are display-only; KDE from continuous Monte Carlo draws
english_can_afford_metro_intensive,English · can afford private · metro · intensive prep,physician_public_sector,annual_if_employed_kde,1856169.4324732374,1.1072000004835717e-07,bins are display-only; KDE from continuous Monte Carlo draws
english_can_afford_metro_intensive,English · can afford private · metro · intensive prep,physician_public_sector,annual_if_employed_kde,1890314.155935919,1.0524460997101645e-07,bins are display-only; KDE from continuous Monte Carlo draws
english_can_afford_metro_intensive,English · can afford private · metro · intensive prep,physician_public_sector,annual_if_employed_kde,1924458.8793986004,1.0004042539557042e-07,bins are display-only; KDE from continuous Monte Carlo draws
english_can_afford_metro_intensive,English · can afford private · metro · intensive prep,physician_public_sector,annual_if_employed_kde,1958603.602861282,9.510489113629997e-08,bins are display-only; KDE from continuous Monte Carlo draws
english_can_afford_metro_intensive,English · can afford private · metro · intensive prep,physician_public_sector,annual_if_employed_kde,1992748.3263239635,9.04341783645736e-08,bins are display-only; KDE from continuous Monte Carlo draws
english_can_afford_metro_intensive,English · can afford private · metro · intensive prep,physician_public_sector,annual_if_employed_kde,2026893.049786645,8.602251848499607e-08,bins are display-only; KDE from continuous Monte Carlo draws
english_can_afford_metro_intensive,English · can afford private · metro · intensive prep,physician_public_sector,annual_if_employed_kde,2061037.7732493265,8.186201605313934e-08,bins are display-only; KDE from continuous Monte Carlo draws
english_can_afford_metro_intensive,English · can afford private · metro · intensive prep,physician_private_sector,annual_if_employed_kde,46499.08895111566,4.001326514786033e-07,bins are display-only; KDE from continuous Monte Carlo draws
english_can_afford_metro_intensive,English · can afford private · metro · intensive prep,physician_private_sector,annual_if_employed_kde,80643.81241379719,1.003432047270441e-06,bins are display-only; KDE from continuous Monte Carlo draws
english_can_afford_metro_intensive,English · can afford private · metro · intensive prep,physician_private_sector,annual_if_employed_kde,114788.53587647874,1.4454775976987076e-06,bins are display-only; KDE from continuous Monte Carlo draws
english_can_afford_metro_intensive,English · can afford private · metro · intensive prep,physician_private_sector,annual_if_employed_kde,148933.2593391603,1.690721834075505e-06,bins are display-only; KDE from continuous Monte Carlo draws
english_can_afford_metro_intensive,English · can afford private · metro · intensive prep,physician_private_sector,annual_if_employed_kde,183077.9828018418,1.718019478765e-06,bins are display-only; KDE from continuous Monte Carlo draws
english_can_afford_metro_intensive,English · can afford private · metro · intensive prep,physician_private_sector,annual_if_employed_kde,217222.70626452338,1.7182256625074812e-06,bins are display-only; KDE from continuous Monte Carlo draws
english_can_afford_metro_intensive,English · can afford private · metro · intensive prep,physician_private_sector,annual_if_employed_kde,251367.4297272049,1.6748132060756067e-06,bins are display-only; KDE from continuous Monte Carlo draws
english_can_afford_metro_intensive,English · can afford private · metro · intensive prep,physician_private_sector,annual_if_employed_kde,285512.1531898864,1.5654841330144898e-06,bins are display-only; KDE from continuous Monte Carlo draws
english_can_afford_metro_intensive,English · can afford private · metro · intensive prep,physician_private_sector,annual_if_employed_kde,319656.876652568,1.4560774426265814e-06,bins are display-only; KDE from continuous Monte Carlo draws
english_can_afford_metro_intensive,English · can afford private · metro · intensive prep,physician_private_sector,annual_if_employed_kde,353801.6001152495,1.379817244395337e-06,bins are display-only; KDE from continuous Monte Carlo draws
english_can_afford_metro_intensive,English · can afford private · metro · intensive prep,physician_private_sector,annual_if_employed_kde,387946.3235779311,1.2999875750171047e-06,bins are display-only; KDE from continuous Monte Carlo draws
english_can_afford_metro_intensive,English · can afford private · metro · intensive prep,physician_private_sector,annual_if_employed_kde,422091.0470406126,1.1923220098849486e-06,bins are display-only; KDE from continuous Monte Carlo draws
english_can_afford_metro_intensive,English · can afford private · metro · intensive prep,physician_private_sector,annual_if_employed_kde,456235.77050329413,1.0752031423813235e-06,bins are display-only; KDE from continuous Monte Carlo draws
english_can_afford_metro_intensive,English · can afford private · metro · intensive prep,physician_private_sector,annual_if_employed_kde,490380.4939659757,9.715115317870464e-07,bins are display-only; KDE from continuous Monte Carlo draws
english_can_afford_metro_intensive,English · can afford private · metro · intensive prep,physician_private_sector,annual_if_employed_kde,524525.2174286572,8.841600005538813e-07,bins are display-only; KDE from continuous Monte Carlo draws
english_can_afford_metro_intensive,English · can afford private · metro · intensive prep,physician_private_sector,annual_if_employed_kde,558669.9408913387,8.066680633942876e-07,bins are display-only; KDE from continuous Monte Carlo draws
english_can_afford_metro_intensive,English · can afford private · metro · intensive prep,physician_private_sector,annual_if_employed_kde,592814.6643540203,7.364661930489192e-07,bins are display-only; KDE from continuous Monte Carlo draws
english_can_afford_metro_intensive,English · can afford private · metro · intensive prep,physician_private_sector,annual_if_employed_kde,626959.3878167018,6.735081059222819e-07,bins are display-only; KDE from continuous Monte Carlo draws
english_can_afford_metro_intensive,English · can afford private · metro · intensive prep,physician_private_sector,annual_if_employed_kde,661104.1112793833,6.156813088528697e-07,bins are display-only; KDE from continuous Monte Carlo draws
english_can_afford_metro_intensive,English · can afford private · metro · intensive prep,physician_private_sector,annual_if_employed_kde,695248.8347420649,5.599193445446264e-07,bins are display-only; KDE from continuous Monte Carlo draws
english_can_afford_metro_intensive,English · can afford private · metro · intensive prep,physician_private_sector,annual_if_employed_kde,729393.5582047465,5.054104481760295e-07,bins are display-only; KDE from continuous Monte Carlo draws
english_can_afford_metro_intensive,English · can afford private · metro · intensive prep,physician_private_sector,annual_if_employed_kde,763538.281667428,4.540909785823885e-07,bins are display-only; KDE from continuous Monte Carlo draws
english_can_afford_metro_intensive,English · can afford private · metro · intensive prep,physician_private_sector,annual_if_employed_kde,797683.0051301095,4.0858861679599767e-07,bins are display-only; KDE from continuous Monte Carlo draws
english_can_afford_metro_intensive,English · can afford private · metro · intensive prep,physician_private_sector,annual_if_employed_kde,831827.728592791,3.7019579650023316e-07,bins are display-only; KDE from continuous Monte Carlo draws
english_can_afford_metro_intensive,English · can afford private · metro · intensive prep,physician_private_sector,annual_if_employed_kde,865972.4520554725,3.38361587196983e-07,bins are display-only; KDE from continuous Monte Carlo draws
english_can_afford_metro_intensive,English · can afford private · metro · intensive prep,physician_private_sector,annual_if_employed_kde,900117.1755181542,3.1142445708057786e-07,bins are display-only; KDE from continuous Monte Carlo draws
english_can_afford_metro_intensive,English · can afford private · metro · intensive prep,physician_private_sector,annual_if_employed_kde,934261.8989808357,2.876231095842316e-07,bins are display-only; KDE from continuous Monte Carlo draws
english_can_afford_metro_intensive,English · can afford private · metro · intensive prep,physician_private_sector,annual_if_employed_kde,968406.6224435172,2.6572227406223756e-07,bins are display-only; KDE from continuous Monte Carlo draws
english_can_afford_metro_intensive,English · can afford private · metro · intensive prep,physician_private_sector,annual_if_employed_kde,1002551.3459061987,2.4513465310989396e-07,bins are display-only; KDE from continuous Monte Carlo draws
english_can_afford_metro_intensive,English · can afford private · metro · intensive prep,physician_private_sector,annual_if_employed_kde,1036696.0693688802,2.257382249991283e-07,bins are display-only; KDE from continuous Monte Carlo draws
english_can_afford_metro_intensive,English · can afford private · metro · intensive prep,physician_private_sector,annual_if_employed_kde,1070840.792831562,2.0762500911032783e-07,bins are display-only; KDE from continuous Monte Carlo draws
english_can_afford_metro_intensive,English · can afford private · metro · intensive prep,physician_private_sector,annual_if_employed_kde,1104985.5162942435,1.9091605542801708e-07,bins are display-only; KDE from continuous Monte Carlo draws
english_can_afford_metro_intensive,English · can afford private · metro · intensive prep,physician_private_sector,annual_if_employed_kde,1139130.239756925,1.7567228796942952e-07,bins are display-only; KDE from continuous Monte Carlo draws
english_can_afford_metro_intensive,English · can afford private · metro · intensive prep,physician_private_sector,annual_if_employed_kde,1173274.9632196066,1.618758650692417e-07,bins are display-only; KDE from continuous Monte Carlo draws
english_can_afford_metro_intensive,English · can afford private · metro · intensive prep,physician_private_sector,annual_if_employed_kde,1207419.686682288,1.494461647331196e-07,bins are display-only; KDE from continuous Monte Carlo draws
english_can_afford_metro_intensive,English · can afford private · metro · intensive prep,physician_private_sector,annual_if_employed_kde,1241564.4101449696,1.3826461084551016e-07,bins are display-only; KDE from continuous Monte Carlo draws
english_can_afford_metro_intensive,English · can afford private · metro · intensive prep,physician_private_sector,annual_if_employed_kde,1275709.133607651,1.2819576131150674e-07,bins are display-only; KDE from continuous Monte Carlo draws
english_can_afford_metro_intensive,English · can afford private · metro · intensive prep,physician_private_sector,annual_if_employed_kde,1309853.8570703326,1.1910131124064724e-07,bins are display-only; KDE from continuous Monte Carlo draws
english_can_afford_metro_intensive,English · can afford private · metro · intensive prep,physician_private_sector,annual_if_employed_kde,1343998.5805330144,1.1084817297518673e-07,bins are display-only; KDE from continuous Monte Carlo draws
english_can_afford_metro_intensive,English · can afford private · metro · intensive prep,physician_private_sector,annual_if_employed_kde,1378143.303995696,1.0331299345081527e-07,bins are display-only; KDE from continuous Monte Carlo draws
english_can_afford_metro_intensive,English · can afford private · metro · intensive prep,physician_private_sector,annual_if_employed_kde,1412288.0274583774,9.638497683292283e-08,bins are display-only; KDE from continuous Monte Carlo draws
english_can_afford_metro_intensive,English · can afford private · metro · intensive prep,physician_private_sector,annual_if_employed_kde,1446432.750921059,8.996792206949054e-08,bins are display-only; KDE from continuous Monte Carlo draws
english_can_afford_metro_intensive,English · can afford private · metro · intensive prep,physician_private_sector,annual_if_employed_kde,1480577.4743837405,8.398165121965139e-08,bins are display-only; KDE from continuous Monte Carlo draws
english_can_afford_metro_intensive,English · can afford private · metro · intensive prep,physician_private_sector,annual_if_employed_kde,1514722.197846422,7.836269207188534e-08,bins are display-only; KDE from continuous Monte Carlo draws
english_can_afford_metro_intensive,English · can afford private · metro · intensive prep,physician_private_sector,annual_if_employed_kde,1548866.9213091035,7.306407557149366e-08,bins are display-only; KDE from continuous Monte Carlo draws
english_can_afford_metro_intensive,English · can afford private · metro · intensive prep,physician_private_sector,annual_if_employed_kde,1583011.644771785,6.805422197033625e-08,bins are display-only; KDE from continuous Monte Carlo draws
english_can_afford_metro_intensive,English · can afford private · metro · intensive prep,physician_private_sector,annual_if_employed_kde,1617156.3682344665,6.331499500833333e-08,bins are display-only; KDE from continuous Monte Carlo draws
english_can_afford_metro_intensive,English · can afford private · metro · intensive prep,physician_private_sector,annual_if_employed_kde,1651301.091697148,5.883907317574273e-08,bins are display-only; KDE from continuous Monte Carlo draws
english_can_afford_metro_intensive,English · can afford private · metro · intensive prep,physician_private_sector,annual_if_employed_kde,1685445.8151598296,5.462684225606242e-08,bins are display-only; KDE from continuous Monte Carlo draws
english_can_afford_metro_intensive,English · can afford private · metro · intensive prep,physician_private_sector,annual_if_employed_kde,1719590.5386225113,5.0683069321606416e-08,bins are display-only; KDE from continuous Monte Carlo draws
english_can_afford_metro_intensive,English · can afford private · metro · intensive prep,physician_private_sector,annual_if_employed_kde,1753735.2620851928,4.701366387645567e-08,bins are display-only; KDE from continuous Monte Carlo draws
english_can_afford_metro_intensive,English · can afford private · metro · intensive prep,physician_private_sector,annual_if_employed_kde,1787879.9855478744,4.362284054541379e-08,bins are display-only; KDE from continuous Monte Carlo draws
english_can_afford_metro_intensive,English · can afford private · metro · intensive prep,physician_private_sector,annual_if_employed_kde,1822024.7090105559,4.051095075654724e-08,bins are display-only; KDE from continuous Monte Carlo draws
english_can_afford_metro_intensive,English · can afford private · metro · intensive prep,physician_private_sector,annual_if_employed_kde,1856169.4324732374,3.767315113406377e-08,bins are display-only; KDE from continuous Monte Carlo draws
english_can_afford_metro_intensive,English · can afford private · metro · intensive prep,physician_private_sector,annual_if_employed_kde,1890314.155935919,3.5098947409609346e-08,bins are display-only; KDE from continuous Monte Carlo draws
english_can_afford_metro_intensive,English · can afford private · metro · intensive prep,physician_private_sector,annual_if_employed_kde,1924458.8793986004,3.277252725406498e-08,bins are display-only; KDE from continuous Monte Carlo draws
english_can_afford_metro_intensive,English · can afford private · metro · intensive prep,physician_private_sector,annual_if_employed_kde,1958603.602861282,3.06737016733101e-08,bins are display-only; KDE from continuous Monte Carlo draws
english_can_afford_metro_intensive,English · can afford private · metro · intensive prep,physician_private_sector,annual_if_employed_kde,1992748.3263239635,2.8779227305367622e-08,bins are display-only; KDE from continuous Monte Carlo draws
english_can_afford_metro_intensive,English · can afford private · metro · intensive prep,physician_private_sector,annual_if_employed_kde,2026893.049786645,2.7064280894203196e-08,bins are display-only; KDE from continuous Monte Carlo draws
english_can_afford_metro_intensive,English · can afford private · metro · intensive prep,physician_private_sector,annual_if_employed_kde,2061037.7732493265,2.550389112672083e-08,bins are display-only; KDE from continuous Monte Carlo draws
