source_file,matrix_title,institute,institute_code,program,quota,open,open_pwd,general_ews,general_ews_pwd,obc,obc_pwd,sc,sc_pwd,st,st_pwd,total_seats
001_final_seat_matrix_for_all_india_quota_except_central_university_round_1_ug_2024_mbbs.pdf,FINAL SEAT MATRIX FOR ALL INDIA QUOTA EXCEPT CENTRAL UNIVERSITY ROUND 1 UG 2024 (MBBS),Govt. Medical College Rajanna Sircilla,200656,MBBS,All India,6,0,2,0,4,0,2,0,1,0,15
001_final_seat_matrix_for_all_india_quota_except_central_university_round_1_ug_2024_mbbs.pdf,FINAL SEAT MATRIX FOR ALL INDIA QUOTA EXCEPT CENTRAL UNIVERSITY ROUND 1 UG 2024 (MBBS),"ACSR Govt Medical College, Nellore",200446,MBBS,All India,10,0,3,0,7,0,3,1,2,0,26
001_final_seat_matrix_for_all_india_quota_except_central_university_round_1_ug_2024_mbbs.pdf,FINAL SEAT MATRIX FOR ALL INDIA QUOTA EXCEPT CENTRAL UNIVERSITY ROUND 1 UG 2024 (MBBS),"AGARTALA GOVT. MEDICAL COLLEGE,AGARTALA",200285,MBBS,All India,7,1,2,1,6,0,3,1,2,0,23
001_final_seat_matrix_for_all_india_quota_except_central_university_round_1_ug_2024_mbbs.pdf,FINAL SEAT MATRIX FOR ALL INDIA QUOTA EXCEPT CENTRAL UNIVERSITY ROUND 1 UG 2024 (MBBS),Andaman and Nicobar Islands Institute of Medical S,200101,MBBS,All India,7,0,2,0,4,1,2,0,1,0,17
001_final_seat_matrix_for_all_india_quota_except_central_university_round_1_ug_2024_mbbs.pdf,FINAL SEAT MATRIX FOR ALL INDIA QUOTA EXCEPT CENTRAL UNIVERSITY ROUND 1 UG 2024 (MBBS),"Andhra Medical College, Visakhapatnam",200421,MBBS,All India,13,1,5,0,9,1,4,1,3,0,37
001_final_seat_matrix_for_all_india_quota_except_central_university_round_1_ug_2024_mbbs.pdf,FINAL SEAT MATRIX FOR ALL INDIA QUOTA EXCEPT CENTRAL UNIVERSITY ROUND 1 UG 2024 (MBBS),"ANUGRAH NARAYAN MAGADH MEDICAL COLLEGE, GAYA",200109,MBBS,All India,8,0,2,0,4,1,2,0,1,0,18
001_final_seat_matrix_for_all_india_quota_except_central_university_round_1_ug_2024_mbbs.pdf,FINAL SEAT MATRIX FOR ALL INDIA QUOTA EXCEPT CENTRAL UNIVERSITY ROUND 1 UG 2024 (MBBS),"ASSAM MEDICAL COLLEGE, DIBRUGARH",200102,MBBS,All India,13,1,2,0,8,0,4,0,2,0,30
001_final_seat_matrix_for_all_india_quota_except_central_university_round_1_ug_2024_mbbs.pdf,FINAL SEAT MATRIX FOR ALL INDIA QUOTA EXCEPT CENTRAL UNIVERSITY ROUND 1 UG 2024 (MBBS),"ATAL BIHARI VAJPAYEE GOVERNMENT MEDICAL COLLEGE, VIDISHA",200483,MBBS,All India,10,1,3,0,7,0,4,0,2,0,27
001_final_seat_matrix_for_all_india_quota_except_central_university_round_1_ug_2024_mbbs.pdf,FINAL SEAT MATRIX FOR ALL INDIA QUOTA EXCEPT CENTRAL UNIVERSITY ROUND 1 UG 2024 (MBBS),"Atal Bihari Vajpayee Institute of Medical Sciences & DR RML HOSPITAL, NEW DELHI",200498,MBBS,All India,6,0,1,0,4,0,3,0,1,0,15
001_final_seat_matrix_for_all_india_quota_except_central_university_round_1_ug_2024_mbbs.pdf,FINAL SEAT MATRIX FOR ALL INDIA QUOTA EXCEPT CENTRAL UNIVERSITY ROUND 1 UG 2024 (MBBS),"Autonomous State Medical Collage, Kushinagar, Uttar Pradesh",902822,MBBS,All India,5,0,2,0,5,0,2,0,1,0,15
001_final_seat_matrix_for_all_india_quota_except_central_university_round_1_ug_2024_mbbs.pdf,FINAL SEAT MATRIX FOR ALL INDIA QUOTA EXCEPT CENTRAL UNIVERSITY ROUND 1 UG 2024 (MBBS),"Autonomous State Medical College , Fatehpur",200563,MBBS,All India,7,0,1,0,3,1,2,0,1,0,15
001_final_seat_matrix_for_all_india_quota_except_central_university_round_1_ug_2024_mbbs.pdf,FINAL SEAT MATRIX FOR ALL INDIA QUOTA EXCEPT CENTRAL UNIVERSITY ROUND 1 UG 2024 (MBBS),"Autonomous State Medical College ,Etah",200552,MBBS,All India,5,0,2,0,4,0,3,0,1,0,15
001_final_seat_matrix_for_all_india_quota_except_central_university_round_1_ug_2024_mbbs.pdf,FINAL SEAT MATRIX FOR ALL INDIA QUOTA EXCEPT CENTRAL UNIVERSITY ROUND 1 UG 2024 (MBBS),Autonomous State Medical college Society Hardoi,200570,MBBS,All India,4,1,2,0,4,0,3,0,1,0,15
001_final_seat_matrix_for_all_india_quota_except_central_university_round_1_ug_2024_mbbs.pdf,FINAL SEAT MATRIX FOR ALL INDIA QUOTA EXCEPT CENTRAL UNIVERSITY ROUND 1 UG 2024 (MBBS),"Autonomous State Medical College Society , Mirzapur",200574,MBBS,All India,5,0,1,0,5,0,2,0,2,0,15
001_final_seat_matrix_for_all_india_quota_except_central_university_round_1_ug_2024_mbbs.pdf,FINAL SEAT MATRIX FOR ALL INDIA QUOTA EXCEPT CENTRAL UNIVERSITY ROUND 1 UG 2024 (MBBS),"Autonomous State Medical College, Ghazipur",200556,MBBS,All India,6,0,2,0,4,0,1,1,0,1,15
001_final_seat_matrix_for_all_india_quota_except_central_university_round_1_ug_2024_mbbs.pdf,FINAL SEAT MATRIX FOR ALL INDIA QUOTA EXCEPT CENTRAL UNIVERSITY ROUND 1 UG 2024 (MBBS),"Autonomous State Medical College, Kanpur Dehat, Uttar Pradesh",902816,MBBS,All India,3,0,0,0,1,0,2,0,1,0,7
001_final_seat_matrix_for_all_india_quota_except_central_university_round_1_ug_2024_mbbs.pdf,FINAL SEAT MATRIX FOR ALL INDIA QUOTA EXCEPT CENTRAL UNIVERSITY ROUND 1 UG 2024 (MBBS),"Autonomous State Medical College, Lalitpur, U.P",902824,MBBS,All India,4,0,0,0,2,0,1,0,0,0,7
001_final_seat_matrix_for_all_india_quota_except_central_university_round_1_ug_2024_mbbs.pdf,FINAL SEAT MATRIX FOR ALL INDIA QUOTA EXCEPT CENTRAL UNIVERSITY ROUND 1 UG 2024 (MBBS),"Autonomous State Medical College, Pilibhit, Uttar Pradesh",902813,MBBS,All India,6,0,1,1,4,0,2,0,1,0,15
001_final_seat_matrix_for_all_india_quota_except_central_university_round_1_ug_2024_mbbs.pdf,FINAL SEAT MATRIX FOR ALL INDIA QUOTA EXCEPT CENTRAL UNIVERSITY ROUND 1 UG 2024 (MBBS),"Autonomous State Medical College, Pratapgarh",200554,MBBS,All India,6,1,1,0,4,0,2,0,1,0,15
001_final_seat_matrix_for_all_india_quota_except_central_university_round_1_ug_2024_mbbs.pdf,FINAL SEAT MATRIX FOR ALL INDIA QUOTA EXCEPT CENTRAL UNIVERSITY ROUND 1 UG 2024 (MBBS),"Autonomous State Medical College, Siddharthnagar",200553,MBBS,All India,7,0,1,0,4,0,2,0,1,0,15
001_final_seat_matrix_for_all_india_quota_except_central_university_round_1_ug_2024_mbbs.pdf,FINAL SEAT MATRIX FOR ALL INDIA QUOTA EXCEPT CENTRAL UNIVERSITY ROUND 1 UG 2024 (MBBS),"Autonomous State Medical College, Sultanpur, Uttar Pradesh",902823,MBBS,All India,5,1,2,0,4,0,1,1,1,0,15
001_final_seat_matrix_for_all_india_quota_except_central_university_round_1_ug_2024_mbbs.pdf,FINAL SEAT MATRIX FOR ALL INDIA QUOTA EXCEPT CENTRAL UNIVERSITY ROUND 1 UG 2024 (MBBS),"B.J. Government Medical College, Pune",200205,MBBS,All India,15,1,4,0,9,1,5,0,3,0,38
001_final_seat_matrix_for_all_india_quota_except_central_university_round_1_ug_2024_mbbs.pdf,FINAL SEAT MATRIX FOR ALL INDIA QUOTA EXCEPT CENTRAL UNIVERSITY ROUND 1 UG 2024 (MBBS),"B.J. MEDICAL COLLEGE, AHMEDABAD",200137,MBBS,All India,15,0,4,0,9,1,5,0,3,0,37
001_final_seat_matrix_for_all_india_quota_except_central_university_round_1_ug_2024_mbbs.pdf,FINAL SEAT MATRIX FOR ALL INDIA QUOTA EXCEPT CENTRAL UNIVERSITY ROUND 1 UG 2024 (MBBS),"B.R.D. MEDICAL COLLEGE, GORAKHPUR",200286,MBBS,All India,10,0,1,0,6,0,3,0,1,1,22
001_final_seat_matrix_for_all_india_quota_except_central_university_round_1_ug_2024_mbbs.pdf,FINAL SEAT MATRIX FOR ALL INDIA QUOTA EXCEPT CENTRAL UNIVERSITY ROUND 1 UG 2024 (MBBS),Bangalore Medical College and Research Institute,200161,MBBS,All India,13,1,4,0,9,1,6,0,3,0,37
001_final_seat_matrix_for_all_india_quota_except_central_university_round_1_ug_2024_mbbs.pdf,FINAL SEAT MATRIX FOR ALL INDIA QUOTA EXCEPT CENTRAL UNIVERSITY ROUND 1 UG 2024 (MBBS),"BANKURA SAMMILANI MED COLL,BANKURA",200307,MBBS,All India,10,1,3,0,7,1,5,0,3,0,30
001_final_seat_matrix_for_all_india_quota_except_central_university_round_1_ug_2024_mbbs.pdf,FINAL SEAT MATRIX FOR ALL INDIA QUOTA EXCEPT CENTRAL UNIVERSITY ROUND 1 UG 2024 (MBBS),"Barasat Government Medical College & Hospital, West Bengal",200613,MBBS,All India,5,1,2,0,4,0,2,0,1,0,15
001_final_seat_matrix_for_all_india_quota_except_central_university_round_1_ug_2024_mbbs.pdf,FINAL SEAT MATRIX FOR ALL INDIA QUOTA EXCEPT CENTRAL UNIVERSITY ROUND 1 UG 2024 (MBBS),"BELGAUM INST. OF MEDICAL SCI., BELGAUM",200162,MBBS,All India,10,0,2,0,6,0,3,0,2,0,23
001_final_seat_matrix_for_all_india_quota_except_central_university_round_1_ug_2024_mbbs.pdf,FINAL SEAT MATRIX FOR ALL INDIA QUOTA EXCEPT CENTRAL UNIVERSITY ROUND 1 UG 2024 (MBBS),"Bhima Bhoi Medical College and Hospital , Balangir",200428,MBBS,All India,6,0,2,0,4,0,2,0,1,0,15
001_final_seat_matrix_for_all_india_quota_except_central_university_round_1_ug_2024_mbbs.pdf,FINAL SEAT MATRIX FOR ALL INDIA QUOTA EXCEPT CENTRAL UNIVERSITY ROUND 1 UG 2024 (MBBS),"BIDAR INSTITUTE OF MEDICAL SCI., BIDAR",200163,MBBS,All India,7,1,2,0,6,0,4,0,2,0,22
001_final_seat_matrix_for_all_india_quota_except_central_university_round_1_ug_2024_mbbs.pdf,FINAL SEAT MATRIX FOR ALL INDIA QUOTA EXCEPT CENTRAL UNIVERSITY ROUND 1 UG 2024 (MBBS),"BPS Govt. Med. College, Sonepat",200145,MBBS,All India,8,1,1,0,4,1,2,0,1,0,18
001_final_seat_matrix_for_all_india_quota_except_central_university_round_1_ug_2024_mbbs.pdf,FINAL SEAT MATRIX FOR ALL INDIA QUOTA EXCEPT CENTRAL UNIVERSITY ROUND 1 UG 2024 (MBBS),"BUNDELKHAND MEDICAL COLLEGE, SAGAR",200198,MBBS,All India,9,0,2,0,4,1,2,0,1,0,19
001_final_seat_matrix_for_all_india_quota_except_central_university_round_1_ug_2024_mbbs.pdf,FINAL SEAT MATRIX FOR ALL INDIA QUOTA EXCEPT CENTRAL UNIVERSITY ROUND 1 UG 2024 (MBBS),"BURDWAN MEDICAL COLLEGE,BURDWAN",200309,MBBS,All India,12,1,2,1,8,0,3,1,1,1,30
001_final_seat_matrix_for_all_india_quota_except_central_university_round_1_ug_2024_mbbs.pdf,FINAL SEAT MATRIX FOR ALL INDIA QUOTA EXCEPT CENTRAL UNIVERSITY ROUND 1 UG 2024 (MBBS),"C. Institute of Medical Sciences, Chamarajanagar",200164,MBBS,All India,10,0,2,0,6,0,3,0,1,0,22
001_final_seat_matrix_for_all_india_quota_except_central_university_round_1_ug_2024_mbbs.pdf,FINAL SEAT MATRIX FOR ALL INDIA QUOTA EXCEPT CENTRAL UNIVERSITY ROUND 1 UG 2024 (MBBS),"CALCUTTA NATIONAL MED COLL,KOLKATA",200310,MBBS,All India,14,0,4,0,9,1,6,0,3,0,37
001_final_seat_matrix_for_all_india_quota_except_central_university_round_1_ug_2024_mbbs.pdf,FINAL SEAT MATRIX FOR ALL INDIA QUOTA EXCEPT CENTRAL UNIVERSITY ROUND 1 UG 2024 (MBBS),"Chandulal Chandrakar Memorial Government Medical College, Durg",200612,MBBS,All India,10,0,3,1,7,1,5,0,3,0,30
001_final_seat_matrix_for_all_india_quota_except_central_university_round_1_ug_2024_mbbs.pdf,FINAL SEAT MATRIX FOR ALL INDIA QUOTA EXCEPT CENTRAL UNIVERSITY ROUND 1 UG 2024 (MBBS),"CHENGALPATTU MEDICAL COLL,CHENGALPATTU",200258,MBBS,All India,5,1,2,0,4,0,2,0,1,0,15
001_final_seat_matrix_for_all_india_quota_except_central_university_round_1_ug_2024_mbbs.pdf,FINAL SEAT MATRIX FOR ALL INDIA QUOTA EXCEPT CENTRAL UNIVERSITY ROUND 1 UG 2024 (MBBS),"CHHATTISGARH INSTITUTE OF MEDICAL SCIENCES, BILASP",200120,MBBS,All India,10,0,1,1,6,0,2,1,0,1,22
001_final_seat_matrix_for_all_india_quota_except_central_university_round_1_ug_2024_mbbs.pdf,FINAL SEAT MATRIX FOR ALL INDIA QUOTA EXCEPT CENTRAL UNIVERSITY ROUND 1 UG 2024 (MBBS),Chhindwara Institute of Medical Sciences,200468,MBBS,All India,5,0,2,0,5,0,2,0,1,0,15
001_final_seat_matrix_for_all_india_quota_except_central_university_round_1_ug_2024_mbbs.pdf,FINAL SEAT MATRIX FOR ALL INDIA QUOTA EXCEPT CENTRAL UNIVERSITY ROUND 1 UG 2024 (MBBS),"CHIKKABALLAPURA INSTITUTE OF MEDICAL SCIENCES, KARNATAKA",200585,MBBS,All India,5,1,2,0,3,1,2,0,1,0,15
001_final_seat_matrix_for_all_india_quota_except_central_university_round_1_ug_2024_mbbs.pdf,FINAL SEAT MATRIX FOR ALL INDIA QUOTA EXCEPT CENTRAL UNIVERSITY ROUND 1 UG 2024 (MBBS),Chikkamagaluru Institute of Medical Sciences,200608,MBBS,All India,7,1,2,0,6,0,3,1,2,0,22
001_final_seat_matrix_for_all_india_quota_except_central_university_round_1_ug_2024_mbbs.pdf,FINAL SEAT MATRIX FOR ALL INDIA QUOTA EXCEPT CENTRAL UNIVERSITY ROUND 1 UG 2024 (MBBS),Chitradurga Medical College and Research Institute,200682,MBBS,All India,10,0,3,0,6,0,3,0,1,0,23
001_final_seat_matrix_for_all_india_quota_except_central_university_round_1_ug_2024_mbbs.pdf,FINAL SEAT MATRIX FOR ALL INDIA QUOTA EXCEPT CENTRAL UNIVERSITY ROUND 1 UG 2024 (MBBS),"COIMBATORE MEDICAL COLLEGE,COIMBATORE",200259,MBBS,All India,11,0,3,0,8,0,4,1,2,1,30
001_final_seat_matrix_for_all_india_quota_except_central_university_round_1_ug_2024_mbbs.pdf,FINAL SEAT MATRIX FOR ALL INDIA QUOTA EXCEPT CENTRAL UNIVERSITY ROUND 1 UG 2024 (MBBS),College Government Medical College Alwar,200670,MBBS,All India,8,0,1,0,3,0,2,0,1,0,15
001_final_seat_matrix_for_all_india_quota_except_central_university_round_1_ug_2024_mbbs.pdf,FINAL SEAT MATRIX FOR ALL INDIA QUOTA EXCEPT CENTRAL UNIVERSITY ROUND 1 UG 2024 (MBBS),"COLLEGE OF MEDICINE and JNM HOSPITAL, KALYANI",200311,MBBS,All India,7,1,2,0,5,0,3,0,1,0,19
001_final_seat_matrix_for_all_india_quota_except_central_university_round_1_ug_2024_mbbs.pdf,FINAL SEAT MATRIX FOR ALL INDIA QUOTA EXCEPT CENTRAL UNIVERSITY ROUND 1 UG 2024 (MBBS),"Darbhanga Medical College, Laheriasarai",200110,MBBS,All India,5,1,2,0,5,0,3,0,2,0,18
001_final_seat_matrix_for_all_india_quota_except_central_university_round_1_ug_2024_mbbs.pdf,FINAL SEAT MATRIX FOR ALL INDIA QUOTA EXCEPT CENTRAL UNIVERSITY ROUND 1 UG 2024 (MBBS),Deben Mahata Government Medical College & Hospital,200538,MBBS,All India,6,0,1,0,3,1,3,0,1,0,15
001_final_seat_matrix_for_all_india_quota_except_central_university_round_1_ug_2024_mbbs.pdf,FINAL SEAT MATRIX FOR ALL INDIA QUOTA EXCEPT CENTRAL UNIVERSITY ROUND 1 UG 2024 (MBBS),"Dhubri Medical College, Assam",200642,MBBS,All India,5,1,1,0,3,1,3,0,1,0,15
001_final_seat_matrix_for_all_india_quota_except_central_university_round_1_ug_2024_mbbs.pdf,FINAL SEAT MATRIX FOR ALL INDIA QUOTA EXCEPT CENTRAL UNIVERSITY ROUND 1 UG 2024 (MBBS),Diamond Harbour Govt Medical College,200474,MBBS,All India,5,0,2,0,4,0,3,0,1,0,15
001_final_seat_matrix_for_all_india_quota_except_central_university_round_1_ug_2024_mbbs.pdf,FINAL SEAT MATRIX FOR ALL INDIA QUOTA EXCEPT CENTRAL UNIVERSITY ROUND 1 UG 2024 (MBBS),"Diphu Medical College & Hospital, Assam",200578,MBBS,All India,6,0,2,0,4,0,2,0,1,0,15
001_final_seat_matrix_for_all_india_quota_except_central_university_round_1_ug_2024_mbbs.pdf,FINAL SEAT MATRIX FOR ALL INDIA QUOTA EXCEPT CENTRAL UNIVERSITY ROUND 1 UG 2024 (MBBS),"Dr Ram Manohar Lohia Inst. of Med. Sce., Lucknow",200287,MBBS,All India,11,1,4,0,7,1,4,0,2,0,30
001_final_seat_matrix_for_all_india_quota_except_central_university_round_1_ug_2024_mbbs.pdf,FINAL SEAT MATRIX FOR ALL INDIA QUOTA EXCEPT CENTRAL UNIVERSITY ROUND 1 UG 2024 (MBBS),Dr. B.R. Ambedkar State Institute of Medical Sciences,200572,MBBS,All India,5,0,2,0,5,0,2,0,1,0,15
001_final_seat_matrix_for_all_india_quota_except_central_university_round_1_ug_2024_mbbs.pdf,FINAL SEAT MATRIX FOR ALL INDIA QUOTA EXCEPT CENTRAL UNIVERSITY ROUND 1 UG 2024 (MBBS),"Dr. B.S.A. Medical College, Delhi",200127,MBBS,All India,9,0,1,0,5,0,3,0,1,0,19
001_final_seat_matrix_for_all_india_quota_except_central_university_round_1_ug_2024_mbbs.pdf,FINAL SEAT MATRIX FOR ALL INDIA QUOTA EXCEPT CENTRAL UNIVERSITY ROUND 1 UG 2024 (MBBS),"DR. VAISHAMPAYAM MEMORIAL M.C.,SHOLAPUR",200207,MBBS,All India,13,0,3,0,7,1,4,0,2,0,30
001_final_seat_matrix_for_all_india_quota_except_central_university_round_1_ug_2024_mbbs.pdf,FINAL SEAT MATRIX FOR ALL INDIA QUOTA EXCEPT CENTRAL UNIVERSITY ROUND 1 UG 2024 (MBBS),"Dr. YS Parmar Govt. Medical College, Nahan",200151,MBBS,All India,6,0,2,0,5,0,3,0,2,0,18
001_final_seat_matrix_for_all_india_quota_except_central_university_round_1_ug_2024_mbbs.pdf,FINAL SEAT MATRIX FOR ALL INDIA QUOTA EXCEPT CENTRAL UNIVERSITY ROUND 1 UG 2024 (MBBS),"Dr.Radhakrishnan Government Medical College, Hamirpur",200461,MBBS,All India,9,0,2,0,4,0,2,0,1,0,18
001_final_seat_matrix_for_all_india_quota_except_central_university_round_1_ug_2024_mbbs.pdf,FINAL SEAT MATRIX FOR ALL INDIA QUOTA EXCEPT CENTRAL UNIVERSITY ROUND 1 UG 2024 (MBBS),"DR.RAJENDRA PRASAD MC, TANDA",200152,MBBS,All India,7,1,1,0,5,0,3,0,1,0,18
001_final_seat_matrix_for_all_india_quota_except_central_university_round_1_ug_2024_mbbs.pdf,FINAL SEAT MATRIX FOR ALL INDIA QUOTA EXCEPT CENTRAL UNIVERSITY ROUND 1 UG 2024 (MBBS),"DR.S.C.GOVT MEDICAL COLLEGE,,NANDED",200208,MBBS,All India,8,1,2,0,6,0,4,0,2,0,23
001_final_seat_matrix_for_all_india_quota_except_central_university_round_1_ug_2024_mbbs.pdf,FINAL SEAT MATRIX FOR ALL INDIA QUOTA EXCEPT CENTRAL UNIVERSITY ROUND 1 UG 2024 (MBBS),"DR.S.N. MEDICAL COLLEGE, JODHPUR",200249,MBBS,All India,15,1,4,0,9,1,6,0,2,0,38
001_final_seat_matrix_for_all_india_quota_except_central_university_round_1_ug_2024_mbbs.pdf,FINAL SEAT MATRIX FOR ALL INDIA QUOTA EXCEPT CENTRAL UNIVERSITY ROUND 1 UG 2024 (MBBS),"Employees State Insurance Corporation Medical College, Alwar",200575,MBBS,All India,4,1,2,0,4,0,2,0,2,0,15
001_final_seat_matrix_for_all_india_quota_except_central_university_round_1_ug_2024_mbbs.pdf,FINAL SEAT MATRIX FOR ALL INDIA QUOTA EXCEPT CENTRAL UNIVERSITY ROUND 1 UG 2024 (MBBS),"ESI-MC&PGIMS&R, Banglore",200165,MBBS,All India,11,1,3,0,7,1,3,1,1,1,29
001_final_seat_matrix_for_all_india_quota_except_central_university_round_1_ug_2024_mbbs.pdf,FINAL SEAT MATRIX FOR ALL INDIA QUOTA EXCEPT CENTRAL UNIVERSITY ROUND 1 UG 2024 (MBBS),"ESIC Medical College & Hospital, Bihta",200573,MBBS,All India,7,0,1,0,4,0,2,0,1,0,15
001_final_seat_matrix_for_all_india_quota_except_central_university_round_1_ug_2024_mbbs.pdf,FINAL SEAT MATRIX FOR ALL INDIA QUOTA EXCEPT CENTRAL UNIVERSITY ROUND 1 UG 2024 (MBBS),"ESIC Medical College AND PGIMSR, Chennai",200415,MBBS,All India,10,0,2,0,6,0,3,0,1,0,22
001_final_seat_matrix_for_all_india_quota_except_central_university_round_1_ug_2024_mbbs.pdf,FINAL SEAT MATRIX FOR ALL INDIA QUOTA EXCEPT CENTRAL UNIVERSITY ROUND 1 UG 2024 (MBBS),"ESIC Medical College, Faridabad",200409,MBBS,All India,9,0,1,1,5,0,2,1,0,1,20
001_final_seat_matrix_for_all_india_quota_except_central_university_round_1_ug_2024_mbbs.pdf,FINAL SEAT MATRIX FOR ALL INDIA QUOTA EXCEPT CENTRAL UNIVERSITY ROUND 1 UG 2024 (MBBS),"ESIC Medical College, Gulbarga",200413,MBBS,All India,8,1,2,0,6,0,3,0,2,0,22
001_final_seat_matrix_for_all_india_quota_except_central_university_round_1_ug_2024_mbbs.pdf,FINAL SEAT MATRIX FOR ALL INDIA QUOTA EXCEPT CENTRAL UNIVERSITY ROUND 1 UG 2024 (MBBS),"ESIC Medical College, Hyderbad",200418,MBBS,All India,7,0,2,0,5,0,3,0,2,0,19
001_final_seat_matrix_for_all_india_quota_except_central_university_round_1_ug_2024_mbbs.pdf,FINAL SEAT MATRIX FOR ALL INDIA QUOTA EXCEPT CENTRAL UNIVERSITY ROUND 1 UG 2024 (MBBS),"ESIC PGIMSR, Joka, Kolkata, WB",200313,MBBS,All India,8,0,2,0,6,0,2,0,1,0,19
001_final_seat_matrix_for_all_india_quota_except_central_university_round_1_ug_2024_mbbs.pdf,FINAL SEAT MATRIX FOR ALL INDIA QUOTA EXCEPT CENTRAL UNIVERSITY ROUND 1 UG 2024 (MBBS),"Fakhruddin Ali Ahmed Medical College, Barpeta",200103,MBBS,All India,7,0,2,0,4,1,3,0,2,0,19
001_final_seat_matrix_for_all_india_quota_except_central_university_round_1_ug_2024_mbbs.pdf,FINAL SEAT MATRIX FOR ALL INDIA QUOTA EXCEPT CENTRAL UNIVERSITY ROUND 1 UG 2024 (MBBS),"G.S.V.M. MEDICAL COLLEGE, KANPUR",200289,MBBS,All India,14,1,3,0,10,0,6,0,3,0,37
001_final_seat_matrix_for_all_india_quota_except_central_university_round_1_ug_2024_mbbs.pdf,FINAL SEAT MATRIX FOR ALL INDIA QUOTA EXCEPT CENTRAL UNIVERSITY ROUND 1 UG 2024 (MBBS),Gadag Institute of Medical Sciences,200168,MBBS,All India,9,0,2,0,6,0,4,0,2,0,23
001_final_seat_matrix_for_all_india_quota_except_central_university_round_1_ug_2024_mbbs.pdf,FINAL SEAT MATRIX FOR ALL INDIA QUOTA EXCEPT CENTRAL UNIVERSITY ROUND 1 UG 2024 (MBBS),"GAJRA RAJA MEDICAL COLLEGE, GWALIOR",200199,MBBS,All India,10,1,3,0,8,0,5,0,3,0,30
001_final_seat_matrix_for_all_india_quota_except_central_university_round_1_ug_2024_mbbs.pdf,FINAL SEAT MATRIX FOR ALL INDIA QUOTA EXCEPT CENTRAL UNIVERSITY ROUND 1 UG 2024 (MBBS),Gandhi Medical College Musheerabad Secunderabad,200445,MBBS,All India,12,1,3,0,7,1,4,0,2,0,30
001_final_seat_matrix_for_all_india_quota_except_central_university_round_1_ug_2024_mbbs.pdf,FINAL SEAT MATRIX FOR ALL INDIA QUOTA EXCEPT CENTRAL UNIVERSITY ROUND 1 UG 2024 (MBBS),"GANDHI MEDICAL COLLEGE, BHOPAL",200200,MBBS,All India,15,1,4,0,10,0,5,0,2,0,37
001_final_seat_matrix_for_all_india_quota_except_central_university_round_1_ug_2024_mbbs.pdf,FINAL SEAT MATRIX FOR ALL INDIA QUOTA EXCEPT CENTRAL UNIVERSITY ROUND 1 UG 2024 (MBBS),GMC DAUSA RAJASTHAN,200663,MBBS,All India,6,0,2,0,4,0,2,0,1,0,15
001_final_seat_matrix_for_all_india_quota_except_central_university_round_1_ug_2024_mbbs.pdf,FINAL SEAT MATRIX FOR ALL INDIA QUOTA EXCEPT CENTRAL UNIVERSITY ROUND 1 UG 2024 (MBBS),GMC Jangaon,200660,MBBS,All India,5,1,2,0,4,0,2,0,1,0,15
001_final_seat_matrix_for_all_india_quota_except_central_university_round_1_ug_2024_mbbs.pdf,FINAL SEAT MATRIX FOR ALL INDIA QUOTA EXCEPT CENTRAL UNIVERSITY ROUND 1 UG 2024 (MBBS),GMC Kamareddy,200651,MBBS,All India,6,0,2,0,4,0,1,1,1,0,15
001_final_seat_matrix_for_all_india_quota_except_central_university_round_1_ug_2024_mbbs.pdf,FINAL SEAT MATRIX FOR ALL INDIA QUOTA EXCEPT CENTRAL UNIVERSITY ROUND 1 UG 2024 (MBBS),GMC KARAULI,200666,MBBS,All India,2,1,1,1,5,0,3,0,2,0,15
001_final_seat_matrix_for_all_india_quota_except_central_university_round_1_ug_2024_mbbs.pdf,FINAL SEAT MATRIX FOR ALL INDIA QUOTA EXCEPT CENTRAL UNIVERSITY ROUND 1 UG 2024 (MBBS),"GMC, Azamgarh, UP",200290,MBBS,All India,6,0,2,0,4,0,2,0,1,0,15
001_final_seat_matrix_for_all_india_quota_except_central_university_round_1_ug_2024_mbbs.pdf,FINAL SEAT MATRIX FOR ALL INDIA QUOTA EXCEPT CENTRAL UNIVERSITY ROUND 1 UG 2024 (MBBS),"Gmc, Bahraich",200492,MBBS,All India,7,0,1,0,4,0,2,0,1,0,15
001_final_seat_matrix_for_all_india_quota_except_central_university_round_1_ug_2024_mbbs.pdf,FINAL SEAT MATRIX FOR ALL INDIA QUOTA EXCEPT CENTRAL UNIVERSITY ROUND 1 UG 2024 (MBBS),"GMC, Manjeri, Kerala",200183,MBBS,All India,4,1,1,1,4,0,3,0,2,0,16
001_final_seat_matrix_for_all_india_quota_except_central_university_round_1_ug_2024_mbbs.pdf,FINAL SEAT MATRIX FOR ALL INDIA QUOTA EXCEPT CENTRAL UNIVERSITY ROUND 1 UG 2024 (MBBS),"GMC, Rajamahendravaram",200662,MBBS,All India,8,0,2,1,5,1,3,0,2,0,22
001_final_seat_matrix_for_all_india_quota_except_central_university_round_1_ug_2024_mbbs.pdf,FINAL SEAT MATRIX FOR ALL INDIA QUOTA EXCEPT CENTRAL UNIVERSITY ROUND 1 UG 2024 (MBBS),"GMC, Shahjhanpur",200491,MBBS,All India,5,1,2,0,4,0,2,0,1,0,15
001_final_seat_matrix_for_all_india_quota_except_central_university_round_1_ug_2024_mbbs.pdf,FINAL SEAT MATRIX FOR ALL INDIA QUOTA EXCEPT CENTRAL UNIVERSITY ROUND 1 UG 2024 (MBBS),"GMERS Medical College, Morbi",200635,MBBS,All India,5,1,1,0,4,0,1,1,2,0,15
001_final_seat_matrix_for_all_india_quota_except_central_university_round_1_ug_2024_mbbs.pdf,FINAL SEAT MATRIX FOR ALL INDIA QUOTA EXCEPT CENTRAL UNIVERSITY ROUND 1 UG 2024 (MBBS),"GMERS Medical College, Navsari",200633,MBBS,All India,5,0,2,0,3,1,3,0,1,0,15
001_final_seat_matrix_for_all_india_quota_except_central_university_round_1_ug_2024_mbbs.pdf,FINAL SEAT MATRIX FOR ALL INDIA QUOTA EXCEPT CENTRAL UNIVERSITY ROUND 1 UG 2024 (MBBS),"GMERS Medical College, Panchmahal Godhra",200637,MBBS,All India,5,0,2,0,4,0,3,0,1,0,15
001_final_seat_matrix_for_all_india_quota_except_central_university_round_1_ug_2024_mbbs.pdf,FINAL SEAT MATRIX FOR ALL INDIA QUOTA EXCEPT CENTRAL UNIVERSITY ROUND 1 UG 2024 (MBBS),"GMERS Medical College, Porbandar",200636,MBBS,All India,6,0,2,0,4,0,2,0,1,0,15
001_final_seat_matrix_for_all_india_quota_except_central_university_round_1_ug_2024_mbbs.pdf,FINAL SEAT MATRIX FOR ALL INDIA QUOTA EXCEPT CENTRAL UNIVERSITY ROUND 1 UG 2024 (MBBS),"GMERS Medical College, Rajpipla",200632,MBBS,All India,7,0,1,0,4,0,2,0,1,0,15
001_final_seat_matrix_for_all_india_quota_except_central_university_round_1_ug_2024_mbbs.pdf,FINAL SEAT MATRIX FOR ALL INDIA QUOTA EXCEPT CENTRAL UNIVERSITY ROUND 1 UG 2024 (MBBS),"GOA MEDICAL COLLEGE, PANAJI",200136,MBBS,All India,10,1,2,1,7,0,3,1,2,0,27
001_final_seat_matrix_for_all_india_quota_except_central_university_round_1_ug_2024_mbbs.pdf,FINAL SEAT MATRIX FOR ALL INDIA QUOTA EXCEPT CENTRAL UNIVERSITY ROUND 1 UG 2024 (MBBS),Goverment Medical College And Hospital Jalgaon,200440,MBBS,All India,8,0,3,0,7,0,3,0,1,0,22
001_final_seat_matrix_for_all_india_quota_except_central_university_round_1_ug_2024_mbbs.pdf,FINAL SEAT MATRIX FOR ALL INDIA QUOTA EXCEPT CENTRAL UNIVERSITY ROUND 1 UG 2024 (MBBS),"Goverment medical College Mumbai, gokuldas tejpal hospital premis",902828,MBBS,All India,2,0,1,0,2,0,1,0,1,0,7
001_final_seat_matrix_for_all_india_quota_except_central_university_round_1_ug_2024_mbbs.pdf,FINAL SEAT MATRIX FOR ALL INDIA QUOTA EXCEPT CENTRAL UNIVERSITY ROUND 1 UG 2024 (MBBS),GOVERMENT MEDICAL COLLEGE NANDURBAR MAHARARASTRA,200535,MBBS,All India,6,0,2,0,4,0,2,0,1,0,15
001_final_seat_matrix_for_all_india_quota_except_central_university_round_1_ug_2024_mbbs.pdf,FINAL SEAT MATRIX FOR ALL INDIA QUOTA EXCEPT CENTRAL UNIVERSITY ROUND 1 UG 2024 (MBBS),"Goverment Medical College, Bettiah",200111,MBBS,All India,7,0,2,0,5,0,3,0,1,0,18
001_final_seat_matrix_for_all_india_quota_except_central_university_round_1_ug_2024_mbbs.pdf,FINAL SEAT MATRIX FOR ALL INDIA QUOTA EXCEPT CENTRAL UNIVERSITY ROUND 1 UG 2024 (MBBS),"Goverment Medical College, Datia",200431,MBBS,All India,8,0,2,0,4,0,3,0,1,0,18
001_final_seat_matrix_for_all_india_quota_except_central_university_round_1_ug_2024_mbbs.pdf,FINAL SEAT MATRIX FOR ALL INDIA QUOTA EXCEPT CENTRAL UNIVERSITY ROUND 1 UG 2024 (MBBS),"Government Doon Medcial College, Dehradun",200305,MBBS,All India,9,1,2,0,6,0,3,0,2,0,23
001_final_seat_matrix_for_all_india_quota_except_central_university_round_1_ug_2024_mbbs.pdf,FINAL SEAT MATRIX FOR ALL INDIA QUOTA EXCEPT CENTRAL UNIVERSITY ROUND 1 UG 2024 (MBBS),"Government Medcial College, Gondia",200209,MBBS,All India,8,0,3,0,6,0,2,1,2,0,22
001_final_seat_matrix_for_all_india_quota_except_central_university_round_1_ug_2024_mbbs.pdf,FINAL SEAT MATRIX FOR ALL INDIA QUOTA EXCEPT CENTRAL UNIVERSITY ROUND 1 UG 2024 (MBBS),"Government Medical College & Hospital, Alibag-Raigad",200579,MBBS,All India,4,1,2,0,4,0,2,0,2,0,15
001_final_seat_matrix_for_all_india_quota_except_central_university_round_1_ug_2024_mbbs.pdf,FINAL SEAT MATRIX FOR ALL INDIA QUOTA EXCEPT CENTRAL UNIVERSITY ROUND 1 UG 2024 (MBBS),"Government Medical College & Hospital, Jalpaiguri",200605,MBBS,All India,6,0,2,0,4,0,2,0,1,0,15
001_final_seat_matrix_for_all_india_quota_except_central_university_round_1_ug_2024_mbbs.pdf,FINAL SEAT MATRIX FOR ALL INDIA QUOTA EXCEPT CENTRAL UNIVERSITY ROUND 1 UG 2024 (MBBS),"Government Medical College and District General Hospital,Ratnagiri",200664,MBBS,All India,5,1,1,0,4,0,3,0,1,0,15
001_final_seat_matrix_for_all_india_quota_except_central_university_round_1_ug_2024_mbbs.pdf,FINAL SEAT MATRIX FOR ALL INDIA QUOTA EXCEPT CENTRAL UNIVERSITY ROUND 1 UG 2024 (MBBS),"Government Medical College and ESIC Hospital, Coimbatore",200264,MBBS,All India,4,1,2,0,4,0,2,0,2,0,15
001_final_seat_matrix_for_all_india_quota_except_central_university_round_1_ug_2024_mbbs.pdf,FINAL SEAT MATRIX FOR ALL INDIA QUOTA EXCEPT CENTRAL UNIVERSITY ROUND 1 UG 2024 (MBBS),"GOVERNMENT MEDICAL COLLEGE AND GENERAL HOSPITAL, SATARA",200576,MBBS,All India,6,0,1,0,3,1,3,0,1,0,15
001_final_seat_matrix_for_all_india_quota_except_central_university_round_1_ug_2024_mbbs.pdf,FINAL SEAT MATRIX FOR ALL INDIA QUOTA EXCEPT CENTRAL UNIVERSITY ROUND 1 UG 2024 (MBBS),"GOVERNMENT MEDICAL COLLEGE AND HOSPITAL, CHANDIGAR",200119,MBBS,All India,8,0,3,0,5,1,4,0,2,0,23
001_final_seat_matrix_for_all_india_quota_except_central_university_round_1_ug_2024_mbbs.pdf,FINAL SEAT MATRIX FOR ALL INDIA QUOTA EXCEPT CENTRAL UNIVERSITY ROUND 1 UG 2024 (MBBS),"Government Medical College and Hospital, Jajpur, Odisha (Renamed as Jajati Keshari Medical College and Hospital, Jajpur)",902811,MBBS,All India,3,1,0,0,2,0,1,0,0,0,7
001_final_seat_matrix_for_all_india_quota_except_central_university_round_1_ug_2024_mbbs.pdf,FINAL SEAT MATRIX FOR ALL INDIA QUOTA EXCEPT CENTRAL UNIVERSITY ROUND 1 UG 2024 (MBBS),"Government Medical College and Hospital, Keonjhar",200590,MBBS,All India,6,0,1,0,3,1,2,1,0,1,15
001_final_seat_matrix_for_all_india_quota_except_central_university_round_1_ug_2024_mbbs.pdf,FINAL SEAT MATRIX FOR ALL INDIA QUOTA EXCEPT CENTRAL UNIVERSITY ROUND 1 UG 2024 (MBBS),Government Medical College Chittorgarh,200607,MBBS,All India,7,0,1,0,4,0,2,0,1,0,15
001_final_seat_matrix_for_all_india_quota_except_central_university_round_1_ug_2024_mbbs.pdf,FINAL SEAT MATRIX FOR ALL INDIA QUOTA EXCEPT CENTRAL UNIVERSITY ROUND 1 UG 2024 (MBBS),GOVERNMENT MEDICAL COLLEGE Karimnagar Telangana,200650,MBBS,All India,6,0,2,0,4,0,2,0,1,0,15
001_final_seat_matrix_for_all_india_quota_except_central_university_round_1_ug_2024_mbbs.pdf,FINAL SEAT MATRIX FOR ALL INDIA QUOTA EXCEPT CENTRAL UNIVERSITY ROUND 1 UG 2024 (MBBS),Government Medical College Khaleelwadi,200456,MBBS,All India,6,0,2,0,4,0,2,0,1,0,15
001_final_seat_matrix_for_all_india_quota_except_central_university_round_1_ug_2024_mbbs.pdf,FINAL SEAT MATRIX FOR ALL INDIA QUOTA EXCEPT CENTRAL UNIVERSITY ROUND 1 UG 2024 (MBBS),GOVERNMENT MEDICAL COLLEGE MACHILIPATNAM,200673,MBBS,All India,8,0,3,0,5,1,3,0,2,0,22
001_final_seat_matrix_for_all_india_quota_except_central_university_round_1_ug_2024_mbbs.pdf,FINAL SEAT MATRIX FOR ALL INDIA QUOTA EXCEPT CENTRAL UNIVERSITY ROUND 1 UG 2024 (MBBS),Government Medical College Mahasamund Chhattisgarh,200596,MBBS,All India,6,0,2,0,5,0,2,1,2,0,18
001_final_seat_matrix_for_all_india_quota_except_central_university_round_1_ug_2024_mbbs.pdf,FINAL SEAT MATRIX FOR ALL INDIA QUOTA EXCEPT CENTRAL UNIVERSITY ROUND 1 UG 2024 (MBBS),GOVERNMENT MEDICAL COLLEGE NANDYAL,200674,MBBS,All India,8,1,2,0,6,0,2,1,1,1,22
001_final_seat_matrix_for_all_india_quota_except_central_university_round_1_ug_2024_mbbs.pdf,FINAL SEAT MATRIX FOR ALL INDIA QUOTA EXCEPT CENTRAL UNIVERSITY ROUND 1 UG 2024 (MBBS),"Government Medical College Narsampet, Telangana",902817,MBBS,All India,2,0,1,0,2,0,1,0,1,0,7
001_final_seat_matrix_for_all_india_quota_except_central_university_round_1_ug_2024_mbbs.pdf,FINAL SEAT MATRIX FOR ALL INDIA QUOTA EXCEPT CENTRAL UNIVERSITY ROUND 1 UG 2024 (MBBS),Government Medical College Nirmal,200653,MBBS,All India,5,1,1,0,3,1,3,0,1,0,15
001_final_seat_matrix_for_all_india_quota_except_central_university_round_1_ug_2024_mbbs.pdf,FINAL SEAT MATRIX FOR ALL INDIA QUOTA EXCEPT CENTRAL UNIVERSITY ROUND 1 UG 2024 (MBBS),GOVERNMENT MEDICAL COLLEGE PURNEA,200677,MBBS,All India,6,1,1,0,4,0,2,0,1,0,15
001_final_seat_matrix_for_all_india_quota_except_central_university_round_1_ug_2024_mbbs.pdf,FINAL SEAT MATRIX FOR ALL INDIA QUOTA EXCEPT CENTRAL UNIVERSITY ROUND 1 UG 2024 (MBBS),Government Medical College Satna,200657,MBBS,All India,8,1,2,0,6,0,4,0,1,0,22
001_final_seat_matrix_for_all_india_quota_except_central_university_round_1_ug_2024_mbbs.pdf,FINAL SEAT MATRIX FOR ALL INDIA QUOTA EXCEPT CENTRAL UNIVERSITY ROUND 1 UG 2024 (MBBS),Government Medical College Siddipet,200458,MBBS,All India,6,1,2,1,5,1,3,1,2,0,22
001_final_seat_matrix_for_all_india_quota_except_central_university_round_1_ug_2024_mbbs.pdf,FINAL SEAT MATRIX FOR ALL INDIA QUOTA EXCEPT CENTRAL UNIVERSITY ROUND 1 UG 2024 (MBBS),Government Medical College Suryapet,200481,MBBS,All India,10,0,2,0,6,0,3,0,1,0,22
001_final_seat_matrix_for_all_india_quota_except_central_university_round_1_ug_2024_mbbs.pdf,FINAL SEAT MATRIX FOR ALL INDIA QUOTA EXCEPT CENTRAL UNIVERSITY ROUND 1 UG 2024 (MBBS),"GOVERNMENT MEDICAL COLLEGE, AKOLA",200210,MBBS,All India,11,1,3,0,8,0,5,0,2,0,30
001_final_seat_matrix_for_all_india_quota_except_central_university_round_1_ug_2024_mbbs.pdf,FINAL SEAT MATRIX FOR ALL INDIA QUOTA EXCEPT CENTRAL UNIVERSITY ROUND 1 UG 2024 (MBBS),"Government Medical College, Ananthapuram",200460,MBBS,All India,9,1,2,0,5,0,4,0,1,0,22
001_final_seat_matrix_for_all_india_quota_except_central_university_round_1_ug_2024_mbbs.pdf,FINAL SEAT MATRIX FOR ALL INDIA QUOTA EXCEPT CENTRAL UNIVERSITY ROUND 1 UG 2024 (MBBS),"Government Medical College, Anantnag",200631,MBBS,All India,7,0,1,0,3,1,2,0,1,0,15
001_final_seat_matrix_for_all_india_quota_except_central_university_round_1_ug_2024_mbbs.pdf,FINAL SEAT MATRIX FOR ALL INDIA QUOTA EXCEPT CENTRAL UNIVERSITY ROUND 1 UG 2024 (MBBS),"Government Medical College, Ariyalur",200564,MBBS,All India,7,1,3,0,6,0,2,1,2,0,22
001_final_seat_matrix_for_all_india_quota_except_central_university_round_1_ug_2024_mbbs.pdf,FINAL SEAT MATRIX FOR ALL INDIA QUOTA EXCEPT CENTRAL UNIVERSITY ROUND 1 UG 2024 (MBBS),"Government Medical College, Baramulla",200634,MBBS,All India,5,1,2,0,4,0,2,0,1,0,15
001_final_seat_matrix_for_all_india_quota_except_central_university_round_1_ug_2024_mbbs.pdf,FINAL SEAT MATRIX FOR ALL INDIA QUOTA EXCEPT CENTRAL UNIVERSITY ROUND 1 UG 2024 (MBBS),"Government Medical College, Bhadradri, Kothagudem",200598,MBBS,All India,9,0,3,0,6,0,3,0,1,0,22
001_final_seat_matrix_for_all_india_quota_except_central_university_round_1_ug_2024_mbbs.pdf,FINAL SEAT MATRIX FOR ALL INDIA QUOTA EXCEPT CENTRAL UNIVERSITY ROUND 1 UG 2024 (MBBS),"Government Medical College, Bhilwara",200433,MBBS,All India,10,0,2,0,6,0,3,0,1,0,22
001_final_seat_matrix_for_all_india_quota_except_central_university_round_1_ug_2024_mbbs.pdf,FINAL SEAT MATRIX FOR ALL INDIA QUOTA EXCEPT CENTRAL UNIVERSITY ROUND 1 UG 2024 (MBBS),"GOVERNMENT MEDICAL COLLEGE, BUNDI",200686,MBBS,All India,6,0,1,0,4,1,2,0,1,0,15
001_final_seat_matrix_for_all_india_quota_except_central_university_round_1_ug_2024_mbbs.pdf,FINAL SEAT MATRIX FOR ALL INDIA QUOTA EXCEPT CENTRAL UNIVERSITY ROUND 1 UG 2024 (MBBS),"Government Medical College, Churachandpur",200592,MBBS,All India,7,0,1,0,4,0,2,0,1,0,15
001_final_seat_matrix_for_all_india_quota_except_central_university_round_1_ug_2024_mbbs.pdf,FINAL SEAT MATRIX FOR ALL INDIA QUOTA EXCEPT CENTRAL UNIVERSITY ROUND 1 UG 2024 (MBBS),"Government Medical College, Dholpur",200603,MBBS,All India,6,0,2,0,4,0,2,0,1,0,15
001_final_seat_matrix_for_all_india_quota_except_central_university_round_1_ug_2024_mbbs.pdf,FINAL SEAT MATRIX FOR ALL INDIA QUOTA EXCEPT CENTRAL UNIVERSITY ROUND 1 UG 2024 (MBBS),"Government Medical College, Dindigul",200566,MBBS,All India,10,0,2,0,5,1,3,0,1,0,22
001_final_seat_matrix_for_all_india_quota_except_central_university_round_1_ug_2024_mbbs.pdf,FINAL SEAT MATRIX FOR ALL INDIA QUOTA EXCEPT CENTRAL UNIVERSITY ROUND 1 UG 2024 (MBBS),"Government Medical College, Doda",200639,MBBS,All India,7,0,1,0,4,0,2,0,1,0,15
001_final_seat_matrix_for_all_india_quota_except_central_university_round_1_ug_2024_mbbs.pdf,FINAL SEAT MATRIX FOR ALL INDIA QUOTA EXCEPT CENTRAL UNIVERSITY ROUND 1 UG 2024 (MBBS),"Government Medical College, Eluru",200672,MBBS,All India,8,1,2,0,6,0,4,0,1,0,22
001_final_seat_matrix_for_all_india_quota_except_central_university_round_1_ug_2024_mbbs.pdf,FINAL SEAT MATRIX FOR ALL INDIA QUOTA EXCEPT CENTRAL UNIVERSITY ROUND 1 UG 2024 (MBBS),"Government Medical College, ESIC, Kollam",200414,MBBS,All India,5,0,1,1,4,0,2,1,2,0,16
001_final_seat_matrix_for_all_india_quota_except_central_university_round_1_ug_2024_mbbs.pdf,FINAL SEAT MATRIX FOR ALL INDIA QUOTA EXCEPT CENTRAL UNIVERSITY ROUND 1 UG 2024 (MBBS),"GOVERNMENT MEDICAL COLLEGE, HANDWARA",200681,MBBS,All India,5,1,2,0,4,0,2,0,1,0,15
001_final_seat_matrix_for_all_india_quota_except_central_university_round_1_ug_2024_mbbs.pdf,FINAL SEAT MATRIX FOR ALL INDIA QUOTA EXCEPT CENTRAL UNIVERSITY ROUND 1 UG 2024 (MBBS),"Government Medical College, Hanumangarh",200665,MBBS,All India,7,0,1,0,4,0,2,0,1,0,15
001_final_seat_matrix_for_all_india_quota_except_central_university_round_1_ug_2024_mbbs.pdf,FINAL SEAT MATRIX FOR ALL INDIA QUOTA EXCEPT CENTRAL UNIVERSITY ROUND 1 UG 2024 (MBBS),"Government Medical College, Jagtial",200609,MBBS,All India,9,0,2,0,6,0,4,0,1,0,22
001_final_seat_matrix_for_all_india_quota_except_central_university_round_1_ug_2024_mbbs.pdf,FINAL SEAT MATRIX FOR ALL INDIA QUOTA EXCEPT CENTRAL UNIVERSITY ROUND 1 UG 2024 (MBBS),"Government Medical College, Jhunjhunu, Rajasthan",902820,MBBS,All India,4,0,1,0,2,0,1,0,0,0,8
001_final_seat_matrix_for_all_india_quota_except_central_university_round_1_ug_2024_mbbs.pdf,FINAL SEAT MATRIX FOR ALL INDIA QUOTA EXCEPT CENTRAL UNIVERSITY ROUND 1 UG 2024 (MBBS),"Government Medical College, Kallakurichi",200558,MBBS,All India,8,1,2,0,6,0,4,0,1,0,22
001_final_seat_matrix_for_all_india_quota_except_central_university_round_1_ug_2024_mbbs.pdf,FINAL SEAT MATRIX FOR ALL INDIA QUOTA EXCEPT CENTRAL UNIVERSITY ROUND 1 UG 2024 (MBBS),"Government Medical College, Kanker, Chhattisgarh",200577,MBBS,All India,9,0,2,0,3,1,2,0,1,0,18
001_final_seat_matrix_for_all_india_quota_except_central_university_round_1_ug_2024_mbbs.pdf,FINAL SEAT MATRIX FOR ALL INDIA QUOTA EXCEPT CENTRAL UNIVERSITY ROUND 1 UG 2024 (MBBS),"Government Medical College, Kathua",200630,MBBS,All India,5,0,2,0,4,0,3,0,1,0,15
001_final_seat_matrix_for_all_india_quota_except_central_university_round_1_ug_2024_mbbs.pdf,FINAL SEAT MATRIX FOR ALL INDIA QUOTA EXCEPT CENTRAL UNIVERSITY ROUND 1 UG 2024 (MBBS),"Government Medical College, Khammam",200661,MBBS,All India,6,0,1,0,4,0,3,0,1,0,15
001_final_seat_matrix_for_all_india_quota_except_central_university_round_1_ug_2024_mbbs.pdf,FINAL SEAT MATRIX FOR ALL INDIA QUOTA EXCEPT CENTRAL UNIVERSITY ROUND 1 UG 2024 (MBBS),"Government Medical College, Konni",200624,MBBS,All India,5,1,1,0,4,0,3,0,1,0,15
001_final_seat_matrix_for_all_india_quota_except_central_university_round_1_ug_2024_mbbs.pdf,FINAL SEAT MATRIX FOR ALL INDIA QUOTA EXCEPT CENTRAL UNIVERSITY ROUND 1 UG 2024 (MBBS),"Government Medical College, Korba(C.G.)",200602,MBBS,All India,7,1,1,0,5,0,3,0,1,0,18
001_final_seat_matrix_for_all_india_quota_except_central_university_round_1_ug_2024_mbbs.pdf,FINAL SEAT MATRIX FOR ALL INDIA QUOTA EXCEPT CENTRAL UNIVERSITY ROUND 1 UG 2024 (MBBS),"Government Medical College, Krishnagiri",200562,MBBS,All India,8,0,2,0,6,0,4,0,2,0,22
001_final_seat_matrix_for_all_india_quota_except_central_university_round_1_ug_2024_mbbs.pdf,FINAL SEAT MATRIX FOR ALL INDIA QUOTA EXCEPT CENTRAL UNIVERSITY ROUND 1 UG 2024 (MBBS),"GOVERNMENT MEDICAL COLLEGE, LATUR",200211,MBBS,All India,9,0,1,1,6,1,3,0,2,0,23
001_final_seat_matrix_for_all_india_quota_except_central_university_round_1_ug_2024_mbbs.pdf,FINAL SEAT MATRIX FOR ALL INDIA QUOTA EXCEPT CENTRAL UNIVERSITY ROUND 1 UG 2024 (MBBS),"Government Medical College, Mahabubabad",200594,MBBS,All India,10,0,2,0,5,1,3,0,1,0,22
001_final_seat_matrix_for_all_india_quota_except_central_university_round_1_ug_2024_mbbs.pdf,FINAL SEAT MATRIX FOR ALL INDIA QUOTA EXCEPT CENTRAL UNIVERSITY ROUND 1 UG 2024 (MBBS),"Government Medical College, Mahabubangar",200457,MBBS,All India,9,0,2,0,6,0,3,0,2,0,22
001_final_seat_matrix_for_all_india_quota_except_central_university_round_1_ug_2024_mbbs.pdf,FINAL SEAT MATRIX FOR ALL INDIA QUOTA EXCEPT CENTRAL UNIVERSITY ROUND 1 UG 2024 (MBBS),"Government Medical College, Mancherial",200643,MBBS,All India,7,0,1,0,3,1,2,0,1,0,15
001_final_seat_matrix_for_all_india_quota_except_central_university_round_1_ug_2024_mbbs.pdf,FINAL SEAT MATRIX FOR ALL INDIA QUOTA EXCEPT CENTRAL UNIVERSITY ROUND 1 UG 2024 (MBBS),"GOVERNMENT MEDICAL COLLEGE, MIRAJ",200212,MBBS,All India,12,1,3,0,8,0,4,0,2,0,30
001_final_seat_matrix_for_all_india_quota_except_central_university_round_1_ug_2024_mbbs.pdf,FINAL SEAT MATRIX FOR ALL INDIA QUOTA EXCEPT CENTRAL UNIVERSITY ROUND 1 UG 2024 (MBBS),"Government Medical College, Nagapattinam",200571,MBBS,All India,8,1,1,1,6,0,3,0,2,0,22
001_final_seat_matrix_for_all_india_quota_except_central_university_round_1_ug_2024_mbbs.pdf,FINAL SEAT MATRIX FOR ALL INDIA QUOTA EXCEPT CENTRAL UNIVERSITY ROUND 1 UG 2024 (MBBS),"Government Medical College, Nagarkurnool",200595,MBBS,All India,7,1,2,0,6,0,4,0,2,0,22
001_final_seat_matrix_for_all_india_quota_except_central_university_round_1_ug_2024_mbbs.pdf,FINAL SEAT MATRIX FOR ALL INDIA QUOTA EXCEPT CENTRAL UNIVERSITY ROUND 1 UG 2024 (MBBS),"Government medical College, Namakkal",200557,MBBS,All India,6,0,2,0,4,0,2,0,1,0,15
001_final_seat_matrix_for_all_india_quota_except_central_university_round_1_ug_2024_mbbs.pdf,FINAL SEAT MATRIX FOR ALL INDIA QUOTA EXCEPT CENTRAL UNIVERSITY ROUND 1 UG 2024 (MBBS),"Government Medical College, Narayanpet, Telangana",902821,MBBS,All India,3,0,1,0,2,0,1,0,0,0,7
001_final_seat_matrix_for_all_india_quota_except_central_university_round_1_ug_2024_mbbs.pdf,FINAL SEAT MATRIX FOR ALL INDIA QUOTA EXCEPT CENTRAL UNIVERSITY ROUND 1 UG 2024 (MBBS),"Government Medical College, Nilgiris",200560,MBBS,All India,8,1,3,0,5,1,3,0,1,0,22
001_final_seat_matrix_for_all_india_quota_except_central_university_round_1_ug_2024_mbbs.pdf,FINAL SEAT MATRIX FOR ALL INDIA QUOTA EXCEPT CENTRAL UNIVERSITY ROUND 1 UG 2024 (MBBS),"Government Medical College, Omandurar",200261,MBBS,All India,5,1,2,0,3,1,2,0,1,0,15
001_final_seat_matrix_for_all_india_quota_except_central_university_round_1_ug_2024_mbbs.pdf,FINAL SEAT MATRIX FOR ALL INDIA QUOTA EXCEPT CENTRAL UNIVERSITY ROUND 1 UG 2024 (MBBS),"GOVERNMENT MEDICAL COLLEGE, OSMANABAD",200638,MBBS,All India,6,0,2,0,4,0,2,0,1,0,15
001_final_seat_matrix_for_all_india_quota_except_central_university_round_1_ug_2024_mbbs.pdf,FINAL SEAT MATRIX FOR ALL INDIA QUOTA EXCEPT CENTRAL UNIVERSITY ROUND 1 UG 2024 (MBBS),"Government Medical College, Pali",200435,MBBS,All India,9,1,2,0,5,0,3,0,2,0,22
001_final_seat_matrix_for_all_india_quota_except_central_university_round_1_ug_2024_mbbs.pdf,FINAL SEAT MATRIX FOR ALL INDIA QUOTA EXCEPT CENTRAL UNIVERSITY ROUND 1 UG 2024 (MBBS),"Government Medical College, Parbhani",200679,MBBS,All India,6,0,2,0,3,1,2,0,1,0,15
001_final_seat_matrix_for_all_india_quota_except_central_university_round_1_ug_2024_mbbs.pdf,FINAL SEAT MATRIX FOR ALL INDIA QUOTA EXCEPT CENTRAL UNIVERSITY ROUND 1 UG 2024 (MBBS),"Government Medical College, Rajnandgaon",200122,MBBS,All India,8,0,2,0,4,0,3,0,1,0,18
001_final_seat_matrix_for_all_india_quota_except_central_university_round_1_ug_2024_mbbs.pdf,FINAL SEAT MATRIX FOR ALL INDIA QUOTA EXCEPT CENTRAL UNIVERSITY ROUND 1 UG 2024 (MBBS),"GOVERNMENT MEDICAL COLLEGE, RAJOURI",200640,MBBS,All India,5,0,1,0,4,0,2,1,1,1,15
001_final_seat_matrix_for_all_india_quota_except_central_university_round_1_ug_2024_mbbs.pdf,FINAL SEAT MATRIX FOR ALL INDIA QUOTA EXCEPT CENTRAL UNIVERSITY ROUND 1 UG 2024 (MBBS),"Government Medical College, Ramagundam",200616,MBBS,All India,7,1,2,1,6,0,3,0,2,0,22
001_final_seat_matrix_for_all_india_quota_except_central_university_round_1_ug_2024_mbbs.pdf,FINAL SEAT MATRIX FOR ALL INDIA QUOTA EXCEPT CENTRAL UNIVERSITY ROUND 1 UG 2024 (MBBS),"Government Medical College, Ramanathapuram",200567,MBBS,All India,6,0,1,0,4,0,3,0,1,0,15
001_final_seat_matrix_for_all_india_quota_except_central_university_round_1_ug_2024_mbbs.pdf,FINAL SEAT MATRIX FOR ALL INDIA QUOTA EXCEPT CENTRAL UNIVERSITY ROUND 1 UG 2024 (MBBS),"GOVERNMENT MEDICAL COLLEGE, SANGAREDDY",200597,MBBS,All India,9,0,2,0,6,0,3,0,2,0,22
001_final_seat_matrix_for_all_india_quota_except_central_university_round_1_ug_2024_mbbs.pdf,FINAL SEAT MATRIX FOR ALL INDIA QUOTA EXCEPT CENTRAL UNIVERSITY ROUND 1 UG 2024 (MBBS),"Government Medical College, Seoni, Madhya Pradesh",902825,MBBS,All India,2,0,1,0,2,0,1,0,1,0,7
001_final_seat_matrix_for_all_india_quota_except_central_university_round_1_ug_2024_mbbs.pdf,FINAL SEAT MATRIX FOR ALL INDIA QUOTA EXCEPT CENTRAL UNIVERSITY ROUND 1 UG 2024 (MBBS),"Government Medical College, Sindhudurg",200587,MBBS,All India,7,0,1,0,4,0,2,0,1,0,15
001_final_seat_matrix_for_all_india_quota_except_central_university_round_1_ug_2024_mbbs.pdf,FINAL SEAT MATRIX FOR ALL INDIA QUOTA EXCEPT CENTRAL UNIVERSITY ROUND 1 UG 2024 (MBBS),"GOVERNMENT MEDICAL COLLEGE, SRIGANGANAGAR, RAJASTHAN",200611,MBBS,All India,6,0,1,0,4,0,2,1,1,0,15
001_final_seat_matrix_for_all_india_quota_except_central_university_round_1_ug_2024_mbbs.pdf,FINAL SEAT MATRIX FOR ALL INDIA QUOTA EXCEPT CENTRAL UNIVERSITY ROUND 1 UG 2024 (MBBS),"Government Medical College, Sundargarh",200591,MBBS,All India,5,0,2,0,4,0,2,0,2,0,15
001_final_seat_matrix_for_all_india_quota_except_central_university_round_1_ug_2024_mbbs.pdf,FINAL SEAT MATRIX FOR ALL INDIA QUOTA EXCEPT CENTRAL UNIVERSITY ROUND 1 UG 2024 (MBBS),"GOVERNMENT MEDICAL COLLEGE, SURAT",200138,MBBS,All India,14,1,3,0,11,0,6,0,3,0,38
001_final_seat_matrix_for_all_india_quota_except_central_university_round_1_ug_2024_mbbs.pdf,FINAL SEAT MATRIX FOR ALL INDIA QUOTA EXCEPT CENTRAL UNIVERSITY ROUND 1 UG 2024 (MBBS),"Government Medical College, Thiruvallur",200559,MBBS,All India,6,0,1,0,4,0,2,0,2,0,15
001_final_seat_matrix_for_all_india_quota_except_central_university_round_1_ug_2024_mbbs.pdf,FINAL SEAT MATRIX FOR ALL INDIA QUOTA EXCEPT CENTRAL UNIVERSITY ROUND 1 UG 2024 (MBBS),"Government Medical College, Tiruppur",200561,MBBS,All India,7,0,1,0,4,0,2,0,1,0,15
001_final_seat_matrix_for_all_india_quota_except_central_university_round_1_ug_2024_mbbs.pdf,FINAL SEAT MATRIX FOR ALL INDIA QUOTA EXCEPT CENTRAL UNIVERSITY ROUND 1 UG 2024 (MBBS),"Government Medical College, Virudhunagar",200555,MBBS,All India,9,0,1,1,5,1,2,1,1,1,22
001_final_seat_matrix_for_all_india_quota_except_central_university_round_1_ug_2024_mbbs.pdf,FINAL SEAT MATRIX FOR ALL INDIA QUOTA EXCEPT CENTRAL UNIVERSITY ROUND 1 UG 2024 (MBBS),"Government of Medical College and Hospital, Balasore",200437,MBBS,All India,6,0,2,0,4,0,2,0,1,0,15
001_final_seat_matrix_for_all_india_quota_except_central_university_round_1_ug_2024_mbbs.pdf,FINAL SEAT MATRIX FOR ALL INDIA QUOTA EXCEPT CENTRAL UNIVERSITY ROUND 1 UG 2024 (MBBS),"Govt institute of Medcial Sciences, GREATER NOIDA",200486,MBBS,All India,6,1,1,0,4,0,2,0,1,0,15
001_final_seat_matrix_for_all_india_quota_except_central_university_round_1_ug_2024_mbbs.pdf,FINAL SEAT MATRIX FOR ALL INDIA QUOTA EXCEPT CENTRAL UNIVERSITY ROUND 1 UG 2024 (MBBS),Govt Medical College Badaun,200493,MBBS,All India,5,0,2,0,4,0,3,0,1,0,15
001_final_seat_matrix_for_all_india_quota_except_central_university_round_1_ug_2024_mbbs.pdf,FINAL SEAT MATRIX FOR ALL INDIA QUOTA EXCEPT CENTRAL UNIVERSITY ROUND 1 UG 2024 (MBBS),Govt Medical College Baramati,200497,MBBS,All India,6,1,1,0,4,0,1,1,1,0,15
001_final_seat_matrix_for_all_india_quota_except_central_university_round_1_ug_2024_mbbs.pdf,FINAL SEAT MATRIX FOR ALL INDIA QUOTA EXCEPT CENTRAL UNIVERSITY ROUND 1 UG 2024 (MBBS),Govt Medical College Barmer Rajasthan,200478,MBBS,All India,8,0,2,0,6,0,3,0,1,0,20
001_final_seat_matrix_for_all_india_quota_except_central_university_round_1_ug_2024_mbbs.pdf,FINAL SEAT MATRIX FOR ALL INDIA QUOTA EXCEPT CENTRAL UNIVERSITY ROUND 1 UG 2024 (MBBS),Govt Medical College Basti,200490,MBBS,All India,7,0,0,1,3,1,1,1,1,0,15
001_final_seat_matrix_for_all_india_quota_except_central_university_round_1_ug_2024_mbbs.pdf,FINAL SEAT MATRIX FOR ALL INDIA QUOTA EXCEPT CENTRAL UNIVERSITY ROUND 1 UG 2024 (MBBS),Govt Medical College Faizabad,200489,MBBS,All India,5,0,2,0,4,0,3,0,1,0,15
001_final_seat_matrix_for_all_india_quota_except_central_university_round_1_ug_2024_mbbs.pdf,FINAL SEAT MATRIX FOR ALL INDIA QUOTA EXCEPT CENTRAL UNIVERSITY ROUND 1 UG 2024 (MBBS),Govt Medical College Firozabad,200473,MBBS,All India,6,0,2,0,4,0,2,0,1,0,15
001_final_seat_matrix_for_all_india_quota_except_central_university_round_1_ug_2024_mbbs.pdf,FINAL SEAT MATRIX FOR ALL INDIA QUOTA EXCEPT CENTRAL UNIVERSITY ROUND 1 UG 2024 (MBBS),Govt Medical College Kannur,200485,MBBS,All India,7,0,1,0,4,0,2,0,1,0,15
001_final_seat_matrix_for_all_india_quota_except_central_university_round_1_ug_2024_mbbs.pdf,FINAL SEAT MATRIX FOR ALL INDIA QUOTA EXCEPT CENTRAL UNIVERSITY ROUND 1 UG 2024 (MBBS),Govt Medical College Nalgonda,200482,MBBS,All India,8,1,2,0,6,0,3,0,2,0,22
001_final_seat_matrix_for_all_india_quota_except_central_university_round_1_ug_2024_mbbs.pdf,FINAL SEAT MATRIX FOR ALL INDIA QUOTA EXCEPT CENTRAL UNIVERSITY ROUND 1 UG 2024 (MBBS),Govt Medical College Ratlam,200479,MBBS,All India,11,0,3,0,6,1,4,0,2,0,27
001_final_seat_matrix_for_all_india_quota_except_central_university_round_1_ug_2024_mbbs.pdf,FINAL SEAT MATRIX FOR ALL INDIA QUOTA EXCEPT CENTRAL UNIVERSITY ROUND 1 UG 2024 (MBBS),Govt Medical College Shahdol,200471,MBBS,All India,6,1,1,0,4,0,1,1,1,0,15
001_final_seat_matrix_for_all_india_quota_except_central_university_round_1_ug_2024_mbbs.pdf,FINAL SEAT MATRIX FOR ALL INDIA QUOTA EXCEPT CENTRAL UNIVERSITY ROUND 1 UG 2024 (MBBS),Govt Medical college Shivpuri,200488,MBBS,All India,7,0,1,0,3,1,2,0,1,0,15
001_final_seat_matrix_for_all_india_quota_except_central_university_round_1_ug_2024_mbbs.pdf,FINAL SEAT MATRIX FOR ALL INDIA QUOTA EXCEPT CENTRAL UNIVERSITY ROUND 1 UG 2024 (MBBS),Govt Medical College Vikarabad,200648,MBBS,All India,5,1,1,0,4,0,2,0,2,0,15
001_final_seat_matrix_for_all_india_quota_except_central_university_round_1_ug_2024_mbbs.pdf,FINAL SEAT MATRIX FOR ALL INDIA QUOTA EXCEPT CENTRAL UNIVERSITY ROUND 1 UG 2024 (MBBS),GOVT MEDICAL COLLEGE VIZIANAGARAM,200668,MBBS,All India,10,0,1,0,6,0,3,0,2,0,22
001_final_seat_matrix_for_all_india_quota_except_central_university_round_1_ug_2024_mbbs.pdf,FINAL SEAT MATRIX FOR ALL INDIA QUOTA EXCEPT CENTRAL UNIVERSITY ROUND 1 UG 2024 (MBBS),"Govt Medical College, Churu",200430,MBBS,All India,10,0,2,0,6,0,3,0,2,0,23
001_final_seat_matrix_for_all_india_quota_except_central_university_round_1_ug_2024_mbbs.pdf,FINAL SEAT MATRIX FOR ALL INDIA QUOTA EXCEPT CENTRAL UNIVERSITY ROUND 1 UG 2024 (MBBS),"Govt Medical College, Dungarpur",200429,MBBS,All India,7,1,2,0,6,0,4,0,2,0,22
001_final_seat_matrix_for_all_india_quota_except_central_university_round_1_ug_2024_mbbs.pdf,FINAL SEAT MATRIX FOR ALL INDIA QUOTA EXCEPT CENTRAL UNIVERSITY ROUND 1 UG 2024 (MBBS),"Govt Medical College, Ernakulam",200187,MBBS,All India,8,0,1,0,5,0,2,0,1,0,17
001_final_seat_matrix_for_all_india_quota_except_central_university_round_1_ug_2024_mbbs.pdf,FINAL SEAT MATRIX FOR ALL INDIA QUOTA EXCEPT CENTRAL UNIVERSITY ROUND 1 UG 2024 (MBBS),"Govt Medical College, Idukki",200593,MBBS,All India,6,0,2,0,4,0,2,0,1,0,15
001_final_seat_matrix_for_all_india_quota_except_central_university_round_1_ug_2024_mbbs.pdf,FINAL SEAT MATRIX FOR ALL INDIA QUOTA EXCEPT CENTRAL UNIVERSITY ROUND 1 UG 2024 (MBBS),"Govt Medical College, Jogulamba, Gadwal",902818,MBBS,All India,4,0,0,0,1,1,1,0,0,0,7
001_final_seat_matrix_for_all_india_quota_except_central_university_round_1_ug_2024_mbbs.pdf,FINAL SEAT MATRIX FOR ALL INDIA QUOTA EXCEPT CENTRAL UNIVERSITY ROUND 1 UG 2024 (MBBS),"Govt Medical College, Mulugu, Telangana",902819,MBBS,All India,2,0,1,0,2,0,1,0,1,0,7
001_final_seat_matrix_for_all_india_quota_except_central_university_round_1_ug_2024_mbbs.pdf,FINAL SEAT MATRIX FOR ALL INDIA QUOTA EXCEPT CENTRAL UNIVERSITY ROUND 1 UG 2024 (MBBS),"Govt Medical College, Palakkad",200188,MBBS,All India,6,0,2,0,4,0,2,0,1,0,15
001_final_seat_matrix_for_all_india_quota_except_central_university_round_1_ug_2024_mbbs.pdf,FINAL SEAT MATRIX FOR ALL INDIA QUOTA EXCEPT CENTRAL UNIVERSITY ROUND 1 UG 2024 (MBBS),"GOVT MEDICAL COLLEGE, WANAPARTHY",200600,MBBS,All India,8,1,2,0,5,1,2,1,1,1,22
001_final_seat_matrix_for_all_india_quota_except_central_university_round_1_ug_2024_mbbs.pdf,FINAL SEAT MATRIX FOR ALL INDIA QUOTA EXCEPT CENTRAL UNIVERSITY ROUND 1 UG 2024 (MBBS),"GOVT. DHARAMAPURI MED COLL,DHARMAPURI",200262,MBBS,All India,7,0,1,0,4,0,2,0,1,0,15
001_final_seat_matrix_for_all_india_quota_except_central_university_round_1_ug_2024_mbbs.pdf,FINAL SEAT MATRIX FOR ALL INDIA QUOTA EXCEPT CENTRAL UNIVERSITY ROUND 1 UG 2024 (MBBS),"GOVT. KILPAUK MEDICAL COLLEGE,CHENNAI",200263,MBBS,All India,9,0,2,0,6,0,4,0,1,0,22
001_final_seat_matrix_for_all_india_quota_except_central_university_round_1_ug_2024_mbbs.pdf,FINAL SEAT MATRIX FOR ALL INDIA QUOTA EXCEPT CENTRAL UNIVERSITY ROUND 1 UG 2024 (MBBS),"Govt. Medical College and Hospital, Chandrapur",200216,MBBS,All India,8,0,2,0,5,1,4,0,2,0,22
001_final_seat_matrix_for_all_india_quota_except_central_university_round_1_ug_2024_mbbs.pdf,FINAL SEAT MATRIX FOR ALL INDIA QUOTA EXCEPT CENTRAL UNIVERSITY ROUND 1 UG 2024 (MBBS),Govt. Medical College Jayashankar Bhupalpally,200659,MBBS,All India,7,0,1,0,4,0,2,0,1,0,15
001_final_seat_matrix_for_all_india_quota_except_central_university_round_1_ug_2024_mbbs.pdf,FINAL SEAT MATRIX FOR ALL INDIA QUOTA EXCEPT CENTRAL UNIVERSITY ROUND 1 UG 2024 (MBBS),Govt. Medical College Karur,200499,MBBS,All India,7,1,2,0,6,0,4,0,2,0,22
001_final_seat_matrix_for_all_india_quota_except_central_university_round_1_ug_2024_mbbs.pdf,FINAL SEAT MATRIX FOR ALL INDIA QUOTA EXCEPT CENTRAL UNIVERSITY ROUND 1 UG 2024 (MBBS),"Govt. Medical College, Jammu",200619,MBBS,All India,10,1,2,0,7,1,3,1,2,0,27
001_final_seat_matrix_for_all_india_quota_except_central_university_round_1_ug_2024_mbbs.pdf,FINAL SEAT MATRIX FOR ALL INDIA QUOTA EXCEPT CENTRAL UNIVERSITY ROUND 1 UG 2024 (MBBS),"Govt. Medical College, Kannauj",200293,MBBS,All India,6,0,1,0,4,0,2,1,1,0,15
001_final_seat_matrix_for_all_india_quota_except_central_university_round_1_ug_2024_mbbs.pdf,FINAL SEAT MATRIX FOR ALL INDIA QUOTA EXCEPT CENTRAL UNIVERSITY ROUND 1 UG 2024 (MBBS),"Govt. Medical College, Khandwa",200480,MBBS,All India,6,0,2,0,5,0,3,0,2,0,18
001_final_seat_matrix_for_all_india_quota_except_central_university_round_1_ug_2024_mbbs.pdf,FINAL SEAT MATRIX FOR ALL INDIA QUOTA EXCEPT CENTRAL UNIVERSITY ROUND 1 UG 2024 (MBBS),"GOVT. MEDICAL COLLEGE, KOTTAYAM",200193,MBBS,All India,10,1,2,0,6,1,4,0,2,0,26
001_final_seat_matrix_for_all_india_quota_except_central_university_round_1_ug_2024_mbbs.pdf,FINAL SEAT MATRIX FOR ALL INDIA QUOTA EXCEPT CENTRAL UNIVERSITY ROUND 1 UG 2024 (MBBS),"GOVT. MEDICAL COLLEGE, KOZHIKODE",200194,MBBS,All India,13,1,4,0,10,0,5,1,2,1,37
001_final_seat_matrix_for_all_india_quota_except_central_university_round_1_ug_2024_mbbs.pdf,FINAL SEAT MATRIX FOR ALL INDIA QUOTA EXCEPT CENTRAL UNIVERSITY ROUND 1 UG 2024 (MBBS),"Govt. Medical College, Kumuram Bheem Asifabad",200647,MBBS,All India,6,0,1,0,4,0,3,0,1,0,15
001_final_seat_matrix_for_all_india_quota_except_central_university_round_1_ug_2024_mbbs.pdf,FINAL SEAT MATRIX FOR ALL INDIA QUOTA EXCEPT CENTRAL UNIVERSITY ROUND 1 UG 2024 (MBBS),"GOVT. MEDICAL COLLEGE, NAGPUR",200217,MBBS,All India,15,1,4,0,10,0,5,1,1,1,38
001_final_seat_matrix_for_all_india_quota_except_central_university_round_1_ug_2024_mbbs.pdf,FINAL SEAT MATRIX FOR ALL INDIA QUOTA EXCEPT CENTRAL UNIVERSITY ROUND 1 UG 2024 (MBBS),"Govt. Medical College, Sirohi (rajasthan)",200614,MBBS,All India,5,1,2,0,3,1,2,0,1,0,15
001_final_seat_matrix_for_all_india_quota_except_central_university_round_1_ug_2024_mbbs.pdf,FINAL SEAT MATRIX FOR ALL INDIA QUOTA EXCEPT CENTRAL UNIVERSITY ROUND 1 UG 2024 (MBBS),"Govt. Medical College, Srinagar",200629,MBBS,All India,10,1,2,1,7,0,4,0,2,0,27
001_final_seat_matrix_for_all_india_quota_except_central_university_round_1_ug_2024_mbbs.pdf,FINAL SEAT MATRIX FOR ALL INDIA QUOTA EXCEPT CENTRAL UNIVERSITY ROUND 1 UG 2024 (MBBS),"Govt. Medical College, Udhampur",200685,MBBS,All India,6,0,2,0,3,1,2,0,1,0,15
001_final_seat_matrix_for_all_india_quota_except_central_university_round_1_ug_2024_mbbs.pdf,FINAL SEAT MATRIX FOR ALL INDIA QUOTA EXCEPT CENTRAL UNIVERSITY ROUND 1 UG 2024 (MBBS),"GOVT. MEDICAL COLLEGE,AURANGABAD",200218,MBBS,All India,11,1,3,0,8,0,4,0,3,0,30
001_final_seat_matrix_for_all_india_quota_except_central_university_round_1_ug_2024_mbbs.pdf,FINAL SEAT MATRIX FOR ALL INDIA QUOTA EXCEPT CENTRAL UNIVERSITY ROUND 1 UG 2024 (MBBS),"GOVT. MEDICAL COLLEGE,PATIALA",200244,MBBS,All India,13,1,4,0,9,1,6,0,3,0,37
001_final_seat_matrix_for_all_india_quota_except_central_university_round_1_ug_2024_mbbs.pdf,FINAL SEAT MATRIX FOR ALL INDIA QUOTA EXCEPT CENTRAL UNIVERSITY ROUND 1 UG 2024 (MBBS),"GOVT. MEDICAL COLLEGE,TIRUNELVELI",200265,MBBS,All India,16,0,3,0,9,1,6,0,2,0,37
001_final_seat_matrix_for_all_india_quota_except_central_university_round_1_ug_2024_mbbs.pdf,FINAL SEAT MATRIX FOR ALL INDIA QUOTA EXCEPT CENTRAL UNIVERSITY ROUND 1 UG 2024 (MBBS),"GOVT. MOHAN KUMARAMANGALAM M.C.,SALEM",200266,MBBS,All India,4,1,1,1,4,0,1,1,2,0,15
001_final_seat_matrix_for_all_india_quota_except_central_university_round_1_ug_2024_mbbs.pdf,FINAL SEAT MATRIX FOR ALL INDIA QUOTA EXCEPT CENTRAL UNIVERSITY ROUND 1 UG 2024 (MBBS),"Govt. Pudukkottai Medical College Hopt., Pudukkott",200267,MBBS,All India,10,0,2,0,6,0,3,0,1,0,22
001_final_seat_matrix_for_all_india_quota_except_central_university_round_1_ug_2024_mbbs.pdf,FINAL SEAT MATRIX FOR ALL INDIA QUOTA EXCEPT CENTRAL UNIVERSITY ROUND 1 UG 2024 (MBBS),Govt. Sivgangai M. C. Sivagangai,200268,MBBS,All India,6,1,1,0,4,0,2,0,1,0,15
001_final_seat_matrix_for_all_india_quota_except_central_university_round_1_ug_2024_mbbs.pdf,FINAL SEAT MATRIX FOR ALL INDIA QUOTA EXCEPT CENTRAL UNIVERSITY ROUND 1 UG 2024 (MBBS),"GOVT. VELLORE MEDICAL COLLEGE, VELLORE",200269,MBBS,All India,5,0,2,0,3,1,3,0,1,0,15
001_final_seat_matrix_for_all_india_quota_except_central_university_round_1_ug_2024_mbbs.pdf,FINAL SEAT MATRIX FOR ALL INDIA QUOTA EXCEPT CENTRAL UNIVERSITY ROUND 1 UG 2024 (MBBS),"GOVT.MEDICAL COLLEGE, AMRITSAR",200246,MBBS,All India,15,1,2,1,10,1,4,1,3,0,38
001_final_seat_matrix_for_all_india_quota_except_central_university_round_1_ug_2024_mbbs.pdf,FINAL SEAT MATRIX FOR ALL INDIA QUOTA EXCEPT CENTRAL UNIVERSITY ROUND 1 UG 2024 (MBBS),"GOVT.MEDICAL COLLEGE, KOTA",200250,MBBS,All India,14,1,4,0,10,0,5,0,3,0,37
001_final_seat_matrix_for_all_india_quota_except_central_university_round_1_ug_2024_mbbs.pdf,FINAL SEAT MATRIX FOR ALL INDIA QUOTA EXCEPT CENTRAL UNIVERSITY ROUND 1 UG 2024 (MBBS),"GOVT.MEDICAL COLLEGE, THRISSUR",200195,MBBS,All India,10,0,3,0,6,1,4,0,2,0,26
001_final_seat_matrix_for_all_india_quota_except_central_university_round_1_ug_2024_mbbs.pdf,FINAL SEAT MATRIX FOR ALL INDIA QUOTA EXCEPT CENTRAL UNIVERSITY ROUND 1 UG 2024 (MBBS),"GOVT.MEDICAL COLLEGE,THIRUVANANTHAPURAM(200196 )",,MBBS,All India,16,1,3,0,10,0,5,0,2,0,37
001_final_seat_matrix_for_all_india_quota_except_central_university_round_1_ug_2024_mbbs.pdf,FINAL SEAT MATRIX FOR ALL INDIA QUOTA EXCEPT CENTRAL UNIVERSITY ROUND 1 UG 2024 (MBBS),"GRANT MEDICAL COLL & SIR J.J.HOSP,MUMBAI",200219,MBBS,All India,16,0,3,0,9,1,6,0,3,0,38
001_final_seat_matrix_for_all_india_quota_except_central_university_round_1_ug_2024_mbbs.pdf,FINAL SEAT MATRIX FOR ALL INDIA QUOTA EXCEPT CENTRAL UNIVERSITY ROUND 1 UG 2024 (MBBS),"GTMC, THIRUVARUR",200270,MBBS,All India,6,0,1,0,4,0,2,0,2,0,15
001_final_seat_matrix_for_all_india_quota_except_central_university_round_1_ug_2024_mbbs.pdf,FINAL SEAT MATRIX FOR ALL INDIA QUOTA EXCEPT CENTRAL UNIVERSITY ROUND 1 UG 2024 (MBBS),"Gulbarga Institute of Medical Sciences, Gulbarga",200171,MBBS,All India,8,0,3,0,6,0,3,0,2,0,22
001_final_seat_matrix_for_all_india_quota_except_central_university_round_1_ug_2024_mbbs.pdf,FINAL SEAT MATRIX FOR ALL INDIA QUOTA EXCEPT CENTRAL UNIVERSITY ROUND 1 UG 2024 (MBBS),"GUNTUR MEDICAL COLLEGE, GUNTUR",200423,MBBS,All India,15,1,3,0,10,0,6,0,2,0,37
001_final_seat_matrix_for_all_india_quota_except_central_university_round_1_ug_2024_mbbs.pdf,FINAL SEAT MATRIX FOR ALL INDIA QUOTA EXCEPT CENTRAL UNIVERSITY ROUND 1 UG 2024 (MBBS),"GURU GOVIND SINGH MED COLL,FARIDKOT",200247,MBBS,All India,9,0,2,0,5,0,4,0,2,0,22
001_final_seat_matrix_for_all_india_quota_except_central_university_round_1_ug_2024_mbbs.pdf,FINAL SEAT MATRIX FOR ALL INDIA QUOTA EXCEPT CENTRAL UNIVERSITY ROUND 1 UG 2024 (MBBS),"GUWAHATI MEDICAL COLLEGE, GUWAHATI",200104,MBBS,All India,11,1,3,0,9,0,4,0,2,0,30
001_final_seat_matrix_for_all_india_quota_except_central_university_round_1_ug_2024_mbbs.pdf,FINAL SEAT MATRIX FOR ALL INDIA QUOTA EXCEPT CENTRAL UNIVERSITY ROUND 1 UG 2024 (MBBS),"GVMC, VILLUPURAM",200271,MBBS,All India,6,0,2,0,4,0,2,0,1,0,15
001_final_seat_matrix_for_all_india_quota_except_central_university_round_1_ug_2024_mbbs.pdf,FINAL SEAT MATRIX FOR ALL INDIA QUOTA EXCEPT CENTRAL UNIVERSITY ROUND 1 UG 2024 (MBBS),"HASSAN INST. MEDICAL SCIENCES, HASSAN",200172,MBBS,All India,9,1,1,1,5,1,4,0,1,0,23
001_final_seat_matrix_for_all_india_quota_except_central_university_round_1_ug_2024_mbbs.pdf,FINAL SEAT MATRIX FOR ALL INDIA QUOTA EXCEPT CENTRAL UNIVERSITY ROUND 1 UG 2024 (MBBS),"Haveri Institute of Medical Sciences, Karnataka",200610,MBBS,All India,9,0,2,0,5,1,3,0,2,0,22
001_final_seat_matrix_for_all_india_quota_except_central_university_round_1_ug_2024_mbbs.pdf,FINAL SEAT MATRIX FOR ALL INDIA QUOTA EXCEPT CENTRAL UNIVERSITY ROUND 1 UG 2024 (MBBS),"Hinduhridayasamrat Balasaheb Thackeray Medical College and Dr. R. N. Cooper Municipal General Hospital, Maharashtra",200206,MBBS,All India,11,1,3,0,8,0,5,0,2,0,30
001_final_seat_matrix_for_all_india_quota_except_central_university_round_1_ug_2024_mbbs.pdf,FINAL SEAT MATRIX FOR ALL INDIA QUOTA EXCEPT CENTRAL UNIVERSITY ROUND 1 UG 2024 (MBBS),"INDIRA GANDHI GOVT.MEDICAL COLL., NAGPUR",200220,MBBS,All India,11,1,4,0,8,0,4,0,2,0,30
001_final_seat_matrix_for_all_india_quota_except_central_university_round_1_ug_2024_mbbs.pdf,FINAL SEAT MATRIX FOR ALL INDIA QUOTA EXCEPT CENTRAL UNIVERSITY ROUND 1 UG 2024 (MBBS),"Indira Gandhi Institute of Medical Sciences, Patna",200112,MBBS,All India,8,0,1,1,5,0,2,0,1,0,18
001_final_seat_matrix_for_all_india_quota_except_central_university_round_1_ug_2024_mbbs.pdf,FINAL SEAT MATRIX FOR ALL INDIA QUOTA EXCEPT CENTRAL UNIVERSITY ROUND 1 UG 2024 (MBBS),"INDIRA GANDHI MEDICAL COLL., SHIMLA",200154,MBBS,All India,8,0,2,0,4,1,2,0,1,0,18
001_final_seat_matrix_for_all_india_quota_except_central_university_round_1_ug_2024_mbbs.pdf,FINAL SEAT MATRIX FOR ALL INDIA QUOTA EXCEPT CENTRAL UNIVERSITY ROUND 1 UG 2024 (MBBS),"Indira Gandhi Medical College & RI, Puducherry",200241,MBBS,All India,11,0,3,0,7,0,4,0,2,0,27
001_final_seat_matrix_for_all_india_quota_except_central_university_round_1_ug_2024_mbbs.pdf,FINAL SEAT MATRIX FOR ALL INDIA QUOTA EXCEPT CENTRAL UNIVERSITY ROUND 1 UG 2024 (MBBS),"INST OF PG MED EDU & RESEARCH,KOLKATA",200314,MBBS,All India,10,1,3,0,7,1,5,0,3,0,30
001_final_seat_matrix_for_all_india_quota_except_central_university_round_1_ug_2024_mbbs.pdf,FINAL SEAT MATRIX FOR ALL INDIA QUOTA EXCEPT CENTRAL UNIVERSITY ROUND 1 UG 2024 (MBBS),"IRT Perundurai Medical College, Perundurai",200272,MBBS,All India,4,1,2,0,4,0,3,0,1,0,15
001_final_seat_matrix_for_all_india_quota_except_central_university_round_1_ug_2024_mbbs.pdf,FINAL SEAT MATRIX FOR ALL INDIA QUOTA EXCEPT CENTRAL UNIVERSITY ROUND 1 UG 2024 (MBBS),"Jannayak Karpoori Thakur Medical college and Hospital, Madhepura",200589,MBBS,All India,5,0,2,0,5,0,2,0,1,0,15
001_final_seat_matrix_for_all_india_quota_except_central_university_round_1_ug_2024_mbbs.pdf,FINAL SEAT MATRIX FOR ALL INDIA QUOTA EXCEPT CENTRAL UNIVERSITY ROUND 1 UG 2024 (MBBS),"JAWAHAR LAL NEHRU MEDICAL, AJMER",200251,MBBS,All India,15,1,3,0,9,1,5,1,2,1,38
001_final_seat_matrix_for_all_india_quota_except_central_university_round_1_ug_2024_mbbs.pdf,FINAL SEAT MATRIX FOR ALL INDIA QUOTA EXCEPT CENTRAL UNIVERSITY ROUND 1 UG 2024 (MBBS),"Jawaharlal Nehru Medical College, Bhagalpur",200113,MBBS,All India,6,1,1,0,4,1,3,0,2,0,18
001_final_seat_matrix_for_all_india_quota_except_central_university_round_1_ug_2024_mbbs.pdf,FINAL SEAT MATRIX FOR ALL INDIA QUOTA EXCEPT CENTRAL UNIVERSITY ROUND 1 UG 2024 (MBBS),"JHALAWAR MEDICAL COLLEGE, Jhalawar",200252,MBBS,All India,10,0,3,1,8,0,5,0,3,0,30
001_final_seat_matrix_for_all_india_quota_except_central_university_round_1_ug_2024_mbbs.pdf,FINAL SEAT MATRIX FOR ALL INDIA QUOTA EXCEPT CENTRAL UNIVERSITY ROUND 1 UG 2024 (MBBS),"Jhargram Government Medical College and Hospital, West Bengal",200641,MBBS,All India,6,1,1,0,4,0,2,0,1,0,15
001_final_seat_matrix_for_all_india_quota_except_central_university_round_1_ug_2024_mbbs.pdf,FINAL SEAT MATRIX FOR ALL INDIA QUOTA EXCEPT CENTRAL UNIVERSITY ROUND 1 UG 2024 (MBBS),"JLN IMS, IMPHAL",200232,MBBS,All India,10,0,1,1,6,0,2,1,0,1,22
001_final_seat_matrix_for_all_india_quota_except_central_university_round_1_ug_2024_mbbs.pdf,FINAL SEAT MATRIX FOR ALL INDIA QUOTA EXCEPT CENTRAL UNIVERSITY ROUND 1 UG 2024 (MBBS),"Jorhat Medical College and Hospital, JORHAT",200105,MBBS,All India,7,0,2,1,5,0,3,0,1,0,19
001_final_seat_matrix_for_all_india_quota_except_central_university_round_1_ug_2024_mbbs.pdf,FINAL SEAT MATRIX FOR ALL INDIA QUOTA EXCEPT CENTRAL UNIVERSITY ROUND 1 UG 2024 (MBBS),"K.A.P. VISWANATHAM Govt Medical College,TIRUCHIRAPALLI",200273,MBBS,All India,10,0,1,0,5,1,3,0,2,0,22
001_final_seat_matrix_for_all_india_quota_except_central_university_round_1_ug_2024_mbbs.pdf,FINAL SEAT MATRIX FOR ALL INDIA QUOTA EXCEPT CENTRAL UNIVERSITY ROUND 1 UG 2024 (MBBS),Kakatiya Medical College Warangal,200453,MBBS,All India,11,1,3,0,8,0,4,1,1,1,30
001_final_seat_matrix_for_all_india_quota_except_central_university_round_1_ug_2024_mbbs.pdf,FINAL SEAT MATRIX FOR ALL INDIA QUOTA EXCEPT CENTRAL UNIVERSITY ROUND 1 UG 2024 (MBBS),"Kalpana Chawla Govt. Medical College, Karnal",200148,MBBS,All India,7,0,2,0,5,0,3,0,1,0,18
001_final_seat_matrix_for_all_india_quota_except_central_university_round_1_ug_2024_mbbs.pdf,FINAL SEAT MATRIX FOR ALL INDIA QUOTA EXCEPT CENTRAL UNIVERSITY ROUND 1 UG 2024 (MBBS),"Kalyan Singh Government Medical College, Bulandshahr , Uttar Prades",902815,MBBS,All India,6,0,2,0,3,1,2,0,1,0,15
001_final_seat_matrix_for_all_india_quota_except_central_university_round_1_ug_2024_mbbs.pdf,FINAL SEAT MATRIX FOR ALL INDIA QUOTA EXCEPT CENTRAL UNIVERSITY ROUND 1 UG 2024 (MBBS),"KANYAKUMARI GOVT. MED. COLL.,ASARIPALLAM",200274,MBBS,All India,8,1,3,0,6,0,2,1,0,1,22
001_final_seat_matrix_for_all_india_quota_except_central_university_round_1_ug_2024_mbbs.pdf,FINAL SEAT MATRIX FOR ALL INDIA QUOTA EXCEPT CENTRAL UNIVERSITY ROUND 1 UG 2024 (MBBS),"KARNATAK INST. OF MEDICAL SC.,HUBLI",200173,MBBS,All India,11,1,3,0,8,0,4,0,3,0,30
001_final_seat_matrix_for_all_india_quota_except_central_university_round_1_ug_2024_mbbs.pdf,FINAL SEAT MATRIX FOR ALL INDIA QUOTA EXCEPT CENTRAL UNIVERSITY ROUND 1 UG 2024 (MBBS),"Karwar Institute of Medical Sciences, Karwar",200174,MBBS,All India,10,0,2,0,6,1,3,0,1,0,23
001_final_seat_matrix_for_all_india_quota_except_central_university_round_1_ug_2024_mbbs.pdf,FINAL SEAT MATRIX FOR ALL INDIA QUOTA EXCEPT CENTRAL UNIVERSITY ROUND 1 UG 2024 (MBBS),"KGMC, LUCKNOW",200296,MBBS,All India,14,1,4,0,9,1,5,0,3,0,37
001_final_seat_matrix_for_all_india_quota_except_central_university_round_1_ug_2024_mbbs.pdf,FINAL SEAT MATRIX FOR ALL INDIA QUOTA EXCEPT CENTRAL UNIVERSITY ROUND 1 UG 2024 (MBBS),"Kodagu Institute of Medical Sciences, Kodagu",200175,MBBS,All India,8,0,2,0,6,0,3,1,2,0,22
001_final_seat_matrix_for_all_india_quota_except_central_university_round_1_ug_2024_mbbs.pdf,FINAL SEAT MATRIX FOR ALL INDIA QUOTA EXCEPT CENTRAL UNIVERSITY ROUND 1 UG 2024 (MBBS),Kokrajhar Medical College & Hospital Rangalikhata,200652,MBBS,All India,6,0,2,0,4,0,2,0,1,0,15
001_final_seat_matrix_for_all_india_quota_except_central_university_round_1_ug_2024_mbbs.pdf,FINAL SEAT MATRIX FOR ALL INDIA QUOTA EXCEPT CENTRAL UNIVERSITY ROUND 1 UG 2024 (MBBS),Koppal Institute of Medical Sciences,200176,MBBS,All India,8,1,3,0,5,0,3,0,2,0,22
001_final_seat_matrix_for_all_india_quota_except_central_university_round_1_ug_2024_mbbs.pdf,FINAL SEAT MATRIX FOR ALL INDIA QUOTA EXCEPT CENTRAL UNIVERSITY ROUND 1 UG 2024 (MBBS),"KURNOOL MEDICAL COLLEGE, KURNOOL",200424,MBBS,All India,15,0,4,0,9,1,5,0,3,0,37
001_final_seat_matrix_for_all_india_quota_except_central_university_round_1_ug_2024_mbbs.pdf,FINAL SEAT MATRIX FOR ALL INDIA QUOTA EXCEPT CENTRAL UNIVERSITY ROUND 1 UG 2024 (MBBS),"L.L.R.M. MEDICAL COLLEGE, MEERUT",200297,MBBS,All India,9,0,1,1,6,0,3,0,2,0,22
001_final_seat_matrix_for_all_india_quota_except_central_university_round_1_ug_2024_mbbs.pdf,FINAL SEAT MATRIX FOR ALL INDIA QUOTA EXCEPT CENTRAL UNIVERSITY ROUND 1 UG 2024 (MBBS),"Lady Hardinge Medical College, New Delhi",200448,MBBS,All India,14,1,4,0,8,1,4,1,2,1,36
001_final_seat_matrix_for_all_india_quota_except_central_university_round_1_ug_2024_mbbs.pdf,FINAL SEAT MATRIX FOR ALL INDIA QUOTA EXCEPT CENTRAL UNIVERSITY ROUND 1 UG 2024 (MBBS),"Lakhimpur Medical College, North Lakhimpur, Assam",200588,MBBS,All India,7,0,1,0,4,0,2,0,1,0,15
001_final_seat_matrix_for_all_india_quota_except_central_university_round_1_ug_2024_mbbs.pdf,FINAL SEAT MATRIX FOR ALL INDIA QUOTA EXCEPT CENTRAL UNIVERSITY ROUND 1 UG 2024 (MBBS),"LOKMANYA TILAK MUNICIPAL M C,MUMBAI",200221,MBBS,All India,11,1,2,1,7,1,4,1,2,0,30
001_final_seat_matrix_for_all_india_quota_except_central_university_round_1_ug_2024_mbbs.pdf,FINAL SEAT MATRIX FOR ALL INDIA QUOTA EXCEPT CENTRAL UNIVERSITY ROUND 1 UG 2024 (MBBS),"Lt. B R K Government Medical College, Jagdalpur",200124,MBBS,All India,7,1,2,0,4,1,2,0,1,0,18
001_final_seat_matrix_for_all_india_quota_except_central_university_round_1_ug_2024_mbbs.pdf,FINAL SEAT MATRIX FOR ALL INDIA QUOTA EXCEPT CENTRAL UNIVERSITY ROUND 1 UG 2024 (MBBS),"Lt. L A M Govt. Medical College, Raigarh",200125,MBBS,All India,5,0,1,0,4,0,3,0,2,0,15
001_final_seat_matrix_for_all_india_quota_except_central_university_round_1_ug_2024_mbbs.pdf,FINAL SEAT MATRIX FOR ALL INDIA QUOTA EXCEPT CENTRAL UNIVERSITY ROUND 1 UG 2024 (MBBS),"M.G.M. MEDICAL COLLEGE, INDORE",200202,MBBS,All India,14,0,4,0,9,1,5,1,2,1,37
001_final_seat_matrix_for_all_india_quota_except_central_university_round_1_ug_2024_mbbs.pdf,FINAL SEAT MATRIX FOR ALL INDIA QUOTA EXCEPT CENTRAL UNIVERSITY ROUND 1 UG 2024 (MBBS),"M.G.M. MEDICAL COLLEGE,JAMSHEDPUR",200158,MBBS,All India,6,0,1,0,5,0,2,0,1,0,15
001_final_seat_matrix_for_all_india_quota_except_central_university_round_1_ug_2024_mbbs.pdf,FINAL SEAT MATRIX FOR ALL INDIA QUOTA EXCEPT CENTRAL UNIVERSITY ROUND 1 UG 2024 (MBBS),"M.P. SHAH MEDICAL COLLEGE, JAMNAGAR",200141,MBBS,All India,14,1,4,0,9,1,6,0,3,0,38
001_final_seat_matrix_for_all_india_quota_except_central_university_round_1_ug_2024_mbbs.pdf,FINAL SEAT MATRIX FOR ALL INDIA QUOTA EXCEPT CENTRAL UNIVERSITY ROUND 1 UG 2024 (MBBS),"MADRAS MEDICAL COLLEGE, CHENNAI",200275,MBBS,All India,15,0,4,0,10,0,6,0,3,0,38
001_final_seat_matrix_for_all_india_quota_except_central_university_round_1_ug_2024_mbbs.pdf,FINAL SEAT MATRIX FOR ALL INDIA QUOTA EXCEPT CENTRAL UNIVERSITY ROUND 1 UG 2024 (MBBS),"MADURAI MEDICAL COLLEGE, MADURAI",200276,MBBS,All India,15,1,2,1,9,1,5,0,3,0,37
001_final_seat_matrix_for_all_india_quota_except_central_university_round_1_ug_2024_mbbs.pdf,FINAL SEAT MATRIX FOR ALL INDIA QUOTA EXCEPT CENTRAL UNIVERSITY ROUND 1 UG 2024 (MBBS),Maharaja Jitendra Narayan Medical College and Hospital Coochbehar,200466,MBBS,All India,6,1,1,0,4,0,2,0,1,0,15
001_final_seat_matrix_for_all_india_quota_except_central_university_round_1_ug_2024_mbbs.pdf,FINAL SEAT MATRIX FOR ALL INDIA QUOTA EXCEPT CENTRAL UNIVERSITY ROUND 1 UG 2024 (MBBS),"MAHARAJA K.C. GAJAPATI M.C.,BRAHMAPUR",200235,MBBS,All India,14,1,4,0,10,0,6,0,3,0,38
001_final_seat_matrix_for_all_india_quota_except_central_university_round_1_ug_2024_mbbs.pdf,FINAL SEAT MATRIX FOR ALL INDIA QUOTA EXCEPT CENTRAL UNIVERSITY ROUND 1 UG 2024 (MBBS),"MAHARANI LAXMI BAI MEDICAL COLL,JHANSI",200298,MBBS,All India,8,1,2,0,6,0,4,0,2,0,23
001_final_seat_matrix_for_all_india_quota_except_central_university_round_1_ug_2024_mbbs.pdf,FINAL SEAT MATRIX FOR ALL INDIA QUOTA EXCEPT CENTRAL UNIVERSITY ROUND 1 UG 2024 (MBBS),"MAHARSHI DEVRAHA BABA AUTONOMOUS STATE. MEDICAL COLLEGE, DEORIA",200549,MBBS,All India,5,1,1,0,4,0,2,0,2,0,15
001_final_seat_matrix_for_all_india_quota_except_central_university_round_1_ug_2024_mbbs.pdf,FINAL SEAT MATRIX FOR ALL INDIA QUOTA EXCEPT CENTRAL UNIVERSITY ROUND 1 UG 2024 (MBBS),"Mahatma Vidur Autonomous State Medical College,Bijnor Uttar Pradesh",902814,MBBS,All India,6,1,1,0,4,0,2,0,1,0,15
001_final_seat_matrix_for_all_india_quota_except_central_university_round_1_ug_2024_mbbs.pdf,FINAL SEAT MATRIX FOR ALL INDIA QUOTA EXCEPT CENTRAL UNIVERSITY ROUND 1 UG 2024 (MBBS),"MALDA MED. COLLEGE, MALDA",200315,MBBS,All India,8,0,2,0,5,0,2,1,1,0,19
001_final_seat_matrix_for_all_india_quota_except_central_university_round_1_ug_2024_mbbs.pdf,FINAL SEAT MATRIX FOR ALL INDIA QUOTA EXCEPT CENTRAL UNIVERSITY ROUND 1 UG 2024 (MBBS),"MANDYA INST. OF MEDICAL SCI., MANDYA",200177,MBBS,All India,10,0,2,0,6,0,3,0,1,0,22
001_final_seat_matrix_for_all_india_quota_except_central_university_round_1_ug_2024_mbbs.pdf,FINAL SEAT MATRIX FOR ALL INDIA QUOTA EXCEPT CENTRAL UNIVERSITY ROUND 1 UG 2024 (MBBS),"Maulana Azad Medical College, New Delhi",200449,MBBS,All India,13,1,4,0,10,0,6,0,3,0,37
001_final_seat_matrix_for_all_india_quota_except_central_university_round_1_ug_2024_mbbs.pdf,FINAL SEAT MATRIX FOR ALL INDIA QUOTA EXCEPT CENTRAL UNIVERSITY ROUND 1 UG 2024 (MBBS),"MEDICAL COLLEGE, BARODA",200142,MBBS,All India,14,1,4,0,10,0,4,1,2,1,37
001_final_seat_matrix_for_all_india_quota_except_central_university_round_1_ug_2024_mbbs.pdf,FINAL SEAT MATRIX FOR ALL INDIA QUOTA EXCEPT CENTRAL UNIVERSITY ROUND 1 UG 2024 (MBBS),"MEDICAL COLLEGE, BHAVNAGAR",200143,MBBS,All India,12,0,3,0,7,1,5,0,2,0,30
001_final_seat_matrix_for_all_india_quota_except_central_university_round_1_ug_2024_mbbs.pdf,FINAL SEAT MATRIX FOR ALL INDIA QUOTA EXCEPT CENTRAL UNIVERSITY ROUND 1 UG 2024 (MBBS),"MEDICAL COLLEGE, KOLKATA",200316,MBBS,All India,15,1,3,0,10,0,5,0,3,0,37
001_final_seat_matrix_for_all_india_quota_except_central_university_round_1_ug_2024_mbbs.pdf,FINAL SEAT MATRIX FOR ALL INDIA QUOTA EXCEPT CENTRAL UNIVERSITY ROUND 1 UG 2024 (MBBS),"Medinirai Medical College (previously Known as Palamu Medical College), Palamu",200584,MBBS,All India,4,1,1,1,4,0,2,1,1,0,15
001_final_seat_matrix_for_all_india_quota_except_central_university_round_1_ug_2024_mbbs.pdf,FINAL SEAT MATRIX FOR ALL INDIA QUOTA EXCEPT CENTRAL UNIVERSITY ROUND 1 UG 2024 (MBBS),"MG Inst. of Medical Sciences, Sevagram Wardha",200366,MBBS,All India,18,1,3,1,11,1,7,0,4,0,46
001_final_seat_matrix_for_all_india_quota_except_central_university_round_1_ug_2024_mbbs.pdf,FINAL SEAT MATRIX FOR ALL INDIA QUOTA EXCEPT CENTRAL UNIVERSITY ROUND 1 UG 2024 (MBBS),"MIDNAPORE MEDICAL COLLEGE, MIDNAPUR",200317,MBBS,All India,12,0,2,1,7,1,5,0,2,0,30
001_final_seat_matrix_for_all_india_quota_except_central_university_round_1_ug_2024_mbbs.pdf,FINAL SEAT MATRIX FOR ALL INDIA QUOTA EXCEPT CENTRAL UNIVERSITY ROUND 1 UG 2024 (MBBS),"MOTI LAL NEHRU MEDICAL COLL, ALLAHABAD",200299,MBBS,All India,13,0,3,0,7,1,4,0,2,0,30
001_final_seat_matrix_for_all_india_quota_except_central_university_round_1_ug_2024_mbbs.pdf,FINAL SEAT MATRIX FOR ALL INDIA QUOTA EXCEPT CENTRAL UNIVERSITY ROUND 1 UG 2024 (MBBS),"MRA MEDICAL COLLEGE AMBEDKAR NAGAR, UP",200300,MBBS,All India,4,1,2,0,4,0,2,1,0,1,15
001_final_seat_matrix_for_all_india_quota_except_central_university_round_1_ug_2024_mbbs.pdf,FINAL SEAT MATRIX FOR ALL INDIA QUOTA EXCEPT CENTRAL UNIVERSITY ROUND 1 UG 2024 (MBBS),"Mursidabad M C & Hospital, Mursidabad",200318,MBBS,All India,6,1,2,0,5,0,3,0,2,0,19
001_final_seat_matrix_for_all_india_quota_except_central_university_round_1_ug_2024_mbbs.pdf,FINAL SEAT MATRIX FOR ALL INDIA QUOTA EXCEPT CENTRAL UNIVERSITY ROUND 1 UG 2024 (MBBS),MYSORE MED.& RESEARCH INST. MYSORE,200178,MBBS,All India,10,1,2,0,8,1,5,0,3,0,30
001_final_seat_matrix_for_all_india_quota_except_central_university_round_1_ug_2024_mbbs.pdf,FINAL SEAT MATRIX FOR ALL INDIA QUOTA EXCEPT CENTRAL UNIVERSITY ROUND 1 UG 2024 (MBBS),"NAGALAND INSTITUTE OF MEDICAL SCIENCE AND RESEARCH PHIREBAGIE, KOHIMA - 797001",200680,MBBS,All India,5,1,2,0,4,0,2,0,1,0,15
001_final_seat_matrix_for_all_india_quota_except_central_university_round_1_ug_2024_mbbs.pdf,FINAL SEAT MATRIX FOR ALL INDIA QUOTA EXCEPT CENTRAL UNIVERSITY ROUND 1 UG 2024 (MBBS),Nagaon Medical college,200649,MBBS,All India,5,0,2,0,4,0,2,0,2,0,15
001_final_seat_matrix_for_all_india_quota_except_central_university_round_1_ug_2024_mbbs.pdf,FINAL SEAT MATRIX FOR ALL INDIA QUOTA EXCEPT CENTRAL UNIVERSITY ROUND 1 UG 2024 (MBBS),"NALANDA MEDICAL COLLEGE, PATNA",200114,MBBS,All India,9,0,3,0,6,0,3,0,1,0,22
001_final_seat_matrix_for_all_india_quota_except_central_university_round_1_ug_2024_mbbs.pdf,FINAL SEAT MATRIX FOR ALL INDIA QUOTA EXCEPT CENTRAL UNIVERSITY ROUND 1 UG 2024 (MBBS),"Nalbari Medical College & Hospital Dakhingaon, Nalbari",200658,MBBS,All India,6,1,1,0,4,0,2,0,1,0,15
001_final_seat_matrix_for_all_india_quota_except_central_university_round_1_ug_2024_mbbs.pdf,FINAL SEAT MATRIX FOR ALL INDIA QUOTA EXCEPT CENTRAL UNIVERSITY ROUND 1 UG 2024 (MBBS),"NAMO Medical Education & Research Institute, Govt Medical College Silvassa",200470,MBBS,All India,9,1,2,0,6,0,3,0,1,0,22
001_final_seat_matrix_for_all_india_quota_except_central_university_round_1_ug_2024_mbbs.pdf,FINAL SEAT MATRIX FOR ALL INDIA QUOTA EXCEPT CENTRAL UNIVERSITY ROUND 1 UG 2024 (MBBS),"NDMC Medical College, Delhi",200132,MBBS,All India,3,0,1,0,3,0,1,0,1,0,9
001_final_seat_matrix_for_all_india_quota_except_central_university_round_1_ug_2024_mbbs.pdf,FINAL SEAT MATRIX FOR ALL INDIA QUOTA EXCEPT CENTRAL UNIVERSITY ROUND 1 UG 2024 (MBBS),"NEIGRIHMS, SHILLONG",200234,MBBS,All India,8,0,0,0,0,0,0,0,0,0,8
001_final_seat_matrix_for_all_india_quota_except_central_university_round_1_ug_2024_mbbs.pdf,FINAL SEAT MATRIX FOR ALL INDIA QUOTA EXCEPT CENTRAL UNIVERSITY ROUND 1 UG 2024 (MBBS),"NETAJI SUBHASH CHANDRA BOSE MC,JABALPUR",200203,MBBS,All India,14,1,2,1,10,0,6,0,3,0,37
001_final_seat_matrix_for_all_india_quota_except_central_university_round_1_ug_2024_mbbs.pdf,FINAL SEAT MATRIX FOR ALL INDIA QUOTA EXCEPT CENTRAL UNIVERSITY ROUND 1 UG 2024 (MBBS),"NILRATAN SIRKAR MEDICAL COLLEGE, KOLKATA",200319,MBBS,All India,15,1,4,0,10,0,5,0,2,0,37
001_final_seat_matrix_for_all_india_quota_except_central_university_round_1_ug_2024_mbbs.pdf,FINAL SEAT MATRIX FOR ALL INDIA QUOTA EXCEPT CENTRAL UNIVERSITY ROUND 1 UG 2024 (MBBS),"NORTH BENGAL MED.COLL,DARJEELING",200321,MBBS,All India,11,0,3,0,7,1,4,1,2,1,30
001_final_seat_matrix_for_all_india_quota_except_central_university_round_1_ug_2024_mbbs.pdf,FINAL SEAT MATRIX FOR ALL INDIA QUOTA EXCEPT CENTRAL UNIVERSITY ROUND 1 UG 2024 (MBBS),Osmania Medical College Koti,200454,MBBS,All India,15,0,4,0,9,1,5,0,3,0,37
001_final_seat_matrix_for_all_india_quota_except_central_university_round_1_ug_2024_mbbs.pdf,FINAL SEAT MATRIX FOR ALL INDIA QUOTA EXCEPT CENTRAL UNIVERSITY ROUND 1 UG 2024 (MBBS),"PATNA MEDICAL COLLEGE, PATNA",200116,MBBS,All India,11,1,2,0,8,0,4,1,3,0,30
001_final_seat_matrix_for_all_india_quota_except_central_university_round_1_ug_2024_mbbs.pdf,FINAL SEAT MATRIX FOR ALL INDIA QUOTA EXCEPT CENTRAL UNIVERSITY ROUND 1 UG 2024 (MBBS),"Phulo Jhano Medical College , Dumka",200583,MBBS,All India,6,0,2,0,3,1,2,0,1,0,15
001_final_seat_matrix_for_all_india_quota_except_central_university_round_1_ug_2024_mbbs.pdf,FINAL SEAT MATRIX FOR ALL INDIA QUOTA EXCEPT CENTRAL UNIVERSITY ROUND 1 UG 2024 (MBBS),"Prafulla Chandra Sen Government Medical College & Hospital, Arambagh",200618,MBBS,All India,6,0,1,0,4,0,3,0,1,0,15
001_final_seat_matrix_for_all_india_quota_except_central_university_round_1_ug_2024_mbbs.pdf,FINAL SEAT MATRIX FOR ALL INDIA QUOTA EXCEPT CENTRAL UNIVERSITY ROUND 1 UG 2024 (MBBS),"PT. B.D. SHARMA PGIMS, ROHTAK",200149,MBBS,All India,14,1,4,0,10,0,5,0,3,0,37
001_final_seat_matrix_for_all_india_quota_except_central_university_round_1_ug_2024_mbbs.pdf,FINAL SEAT MATRIX FOR ALL INDIA QUOTA EXCEPT CENTRAL UNIVERSITY ROUND 1 UG 2024 (MBBS),"Pt. D.D.U MEDICAL COLLEGE, RAJKOT",200144,MBBS,All India,12,1,2,1,8,0,4,0,2,0,30
001_final_seat_matrix_for_all_india_quota_except_central_university_round_1_ug_2024_mbbs.pdf,FINAL SEAT MATRIX FOR ALL INDIA QUOTA EXCEPT CENTRAL UNIVERSITY ROUND 1 UG 2024 (MBBS),"Pt. J N M MEDICAL COLLEGE, RAIPUR",200126,MBBS,All India,12,1,4,0,10,0,5,0,2,0,34
001_final_seat_matrix_for_all_india_quota_except_central_university_round_1_ug_2024_mbbs.pdf,FINAL SEAT MATRIX FOR ALL INDIA QUOTA EXCEPT CENTRAL UNIVERSITY ROUND 1 UG 2024 (MBBS),"Pt. Jawahar Lal Nehru Govt. Med. College, Chamba",200155,MBBS,All India,5,1,2,0,5,0,3,0,2,0,18
001_final_seat_matrix_for_all_india_quota_except_central_university_round_1_ug_2024_mbbs.pdf,FINAL SEAT MATRIX FOR ALL INDIA QUOTA EXCEPT CENTRAL UNIVERSITY ROUND 1 UG 2024 (MBBS),"Pt. Raghunath Murmu Med. College, Baripada",200236,MBBS,All India,9,0,2,0,4,1,2,0,1,0,19
001_final_seat_matrix_for_all_india_quota_except_central_university_round_1_ug_2024_mbbs.pdf,FINAL SEAT MATRIX FOR ALL INDIA QUOTA EXCEPT CENTRAL UNIVERSITY ROUND 1 UG 2024 (MBBS),"R.G. KAR MEDICAL COLLEGE,KOLKATA",200322,MBBS,All India,16,1,4,0,10,0,5,0,2,0,38
001_final_seat_matrix_for_all_india_quota_except_central_university_round_1_ug_2024_mbbs.pdf,FINAL SEAT MATRIX FOR ALL INDIA QUOTA EXCEPT CENTRAL UNIVERSITY ROUND 1 UG 2024 (MBBS),"R.N.T. MEDICAL COLLEGE, UDAIPUR",200253,MBBS,All India,16,1,3,0,10,0,5,0,2,0,37
001_final_seat_matrix_for_all_india_quota_except_central_university_round_1_ug_2024_mbbs.pdf,FINAL SEAT MATRIX FOR ALL INDIA QUOTA EXCEPT CENTRAL UNIVERSITY ROUND 1 UG 2024 (MBBS),"RAICHUR INST. OF MEDICAL SCI., RAICHUR",200179,MBBS,All India,10,0,3,0,6,0,3,0,1,0,23
001_final_seat_matrix_for_all_india_quota_except_central_university_round_1_ug_2024_mbbs.pdf,FINAL SEAT MATRIX FOR ALL INDIA QUOTA EXCEPT CENTRAL UNIVERSITY ROUND 1 UG 2024 (MBBS),Raiganj Government Medical College,200475,MBBS,All India,6,0,1,1,4,0,2,0,1,0,15
001_final_seat_matrix_for_all_india_quota_except_central_university_round_1_ug_2024_mbbs.pdf,FINAL SEAT MATRIX FOR ALL INDIA QUOTA EXCEPT CENTRAL UNIVERSITY ROUND 1 UG 2024 (MBBS),"Rajah Muthiah Medical College, Annamalai Universit",200278,MBBS,All India,8,1,2,0,6,0,4,0,1,0,22
001_final_seat_matrix_for_all_india_quota_except_central_university_round_1_ug_2024_mbbs.pdf,FINAL SEAT MATRIX FOR ALL INDIA QUOTA EXCEPT CENTRAL UNIVERSITY ROUND 1 UG 2024 (MBBS),Rajarshee Chhatrapati Shahu Maharaj Government Medical College Kolhapur,200225,MBBS,All India,9,0,2,0,7,0,3,0,2,0,23
001_final_seat_matrix_for_all_india_quota_except_central_university_round_1_ug_2024_mbbs.pdf,FINAL SEAT MATRIX FOR ALL INDIA QUOTA EXCEPT CENTRAL UNIVERSITY ROUND 1 UG 2024 (MBBS),"RAJENDRA INST. OF MED. SCI., RANCHI",200160,MBBS,All India,11,0,3,0,7,0,4,0,2,0,27
001_final_seat_matrix_for_all_india_quota_except_central_university_round_1_ug_2024_mbbs.pdf,FINAL SEAT MATRIX FOR ALL INDIA QUOTA EXCEPT CENTRAL UNIVERSITY ROUND 1 UG 2024 (MBBS),Rajiv Gandhi Institute Medical Sce of Adilabad,200455,MBBS,All India,5,1,1,0,4,0,3,0,1,0,15
001_final_seat_matrix_for_all_india_quota_except_central_university_round_1_ug_2024_mbbs.pdf,FINAL SEAT MATRIX FOR ALL INDIA QUOTA EXCEPT CENTRAL UNIVERSITY ROUND 1 UG 2024 (MBBS),"RAJIV GANDHI INSTITUTE OF MEDICAL SCIENCES, KADAPA",200441,MBBS,All India,11,0,2,0,7,0,4,0,2,0,26
001_final_seat_matrix_for_all_india_quota_except_central_university_round_1_ug_2024_mbbs.pdf,FINAL SEAT MATRIX FOR ALL INDIA QUOTA EXCEPT CENTRAL UNIVERSITY ROUND 1 UG 2024 (MBBS),"RAJIV GANDHI MEDICAL COLLEGE, THANE",200224,MBBS,All India,7,0,1,0,4,0,2,0,1,0,15
001_final_seat_matrix_for_all_india_quota_except_central_university_round_1_ug_2024_mbbs.pdf,FINAL SEAT MATRIX FOR ALL INDIA QUOTA EXCEPT CENTRAL UNIVERSITY ROUND 1 UG 2024 (MBBS),"Rajkiya Medical College, Jalaun",200291,MBBS,All India,7,0,1,0,3,1,2,0,1,0,15
001_final_seat_matrix_for_all_india_quota_except_central_university_round_1_ug_2024_mbbs.pdf,FINAL SEAT MATRIX FOR ALL INDIA QUOTA EXCEPT CENTRAL UNIVERSITY ROUND 1 UG 2024 (MBBS),"Rajmata shrimati devendra kumari singhdeo government medical college, ambikapur,Surguja",200121,MBBS,All India,6,1,1,0,5,0,3,0,2,0,18
001_final_seat_matrix_for_all_india_quota_except_central_university_round_1_ug_2024_mbbs.pdf,FINAL SEAT MATRIX FOR ALL INDIA QUOTA EXCEPT CENTRAL UNIVERSITY ROUND 1 UG 2024 (MBBS),RAMPURHAT GOVT MEDICAL COLLEGE RAMPURHAT,200477,MBBS,All India,6,1,1,0,4,0,1,1,1,0,15
001_final_seat_matrix_for_all_india_quota_except_central_university_round_1_ug_2024_mbbs.pdf,FINAL SEAT MATRIX FOR ALL INDIA QUOTA EXCEPT CENTRAL UNIVERSITY ROUND 1 UG 2024 (MBBS),"Rangaraya Medical College, Kakinada",200420,MBBS,All India,14,1,3,0,10,0,6,0,3,0,37
001_final_seat_matrix_for_all_india_quota_except_central_university_round_1_ug_2024_mbbs.pdf,FINAL SEAT MATRIX FOR ALL INDIA QUOTA EXCEPT CENTRAL UNIVERSITY ROUND 1 UG 2024 (MBBS),"Rani Durgavati Medical College, Banda",200292,MBBS,All India,5,1,2,0,4,0,2,0,1,0,15
001_final_seat_matrix_for_all_india_quota_except_central_university_round_1_ug_2024_mbbs.pdf,FINAL SEAT MATRIX FOR ALL INDIA QUOTA EXCEPT CENTRAL UNIVERSITY ROUND 1 UG 2024 (MBBS),"REGIONAL INST OF MEDICAL SCI, IMPHAL",200233,MBBS,All India,6,1,2,0,5,0,3,0,2,0,19
001_final_seat_matrix_for_all_india_quota_except_central_university_round_1_ug_2024_mbbs.pdf,FINAL SEAT MATRIX FOR ALL INDIA QUOTA EXCEPT CENTRAL UNIVERSITY ROUND 1 UG 2024 (MBBS),RIMS Srikakulam,200444,MBBS,All India,8,1,2,0,6,0,3,0,2,0,22
001_final_seat_matrix_for_all_india_quota_except_central_university_round_1_ug_2024_mbbs.pdf,FINAL SEAT MATRIX FOR ALL INDIA QUOTA EXCEPT CENTRAL UNIVERSITY ROUND 1 UG 2024 (MBBS),"RIMS, Ongole",200443,MBBS,All India,7,0,2,0,4,1,3,0,1,0,18
001_final_seat_matrix_for_all_india_quota_except_central_university_round_1_ug_2024_mbbs.pdf,FINAL SEAT MATRIX FOR ALL INDIA QUOTA EXCEPT CENTRAL UNIVERSITY ROUND 1 UG 2024 (MBBS),"RUHS College of Medical Sciences, Jaipur",200255,MBBS,All India,9,1,2,0,5,1,3,0,2,0,23
001_final_seat_matrix_for_all_india_quota_except_central_university_round_1_ug_2024_mbbs.pdf,FINAL SEAT MATRIX FOR ALL INDIA QUOTA EXCEPT CENTRAL UNIVERSITY ROUND 1 UG 2024 (MBBS),"S.C.B. MEDICAL COLLEGE, CUTTACK",200238,MBBS,All India,13,1,4,0,11,0,5,1,3,0,38
001_final_seat_matrix_for_all_india_quota_except_central_university_round_1_ug_2024_mbbs.pdf,FINAL SEAT MATRIX FOR ALL INDIA QUOTA EXCEPT CENTRAL UNIVERSITY ROUND 1 UG 2024 (MBBS),"S.M.S. MEDICAL COLLEGE, JAIPUR",200256,MBBS,All India,14,0,4,0,10,0,5,1,3,0,37
001_final_seat_matrix_for_all_india_quota_except_central_university_round_1_ug_2024_mbbs.pdf,FINAL SEAT MATRIX FOR ALL INDIA QUOTA EXCEPT CENTRAL UNIVERSITY ROUND 1 UG 2024 (MBBS),"S.N. MEDICAL COLLEGE, AGRA",200302,MBBS,All India,12,1,3,0,7,1,4,0,2,0,30
001_final_seat_matrix_for_all_india_quota_except_central_university_round_1_ug_2024_mbbs.pdf,FINAL SEAT MATRIX FOR ALL INDIA QUOTA EXCEPT CENTRAL UNIVERSITY ROUND 1 UG 2024 (MBBS),"S.S. MEDICAL COLLEGE, REWA",200204,MBBS,All India,8,1,2,0,6,1,3,0,2,0,23
001_final_seat_matrix_for_all_india_quota_except_central_university_round_1_ug_2024_mbbs.pdf,FINAL SEAT MATRIX FOR ALL INDIA QUOTA EXCEPT CENTRAL UNIVERSITY ROUND 1 UG 2024 (MBBS),"Sagar Dutta Medical College & Hospital, Kolkata",200323,MBBS,All India,6,0,2,0,5,1,3,0,2,0,19
001_final_seat_matrix_for_all_india_quota_except_central_university_round_1_ug_2024_mbbs.pdf,FINAL SEAT MATRIX FOR ALL INDIA QUOTA EXCEPT CENTRAL UNIVERSITY ROUND 1 UG 2024 (MBBS),"Saheed Laxman Nayak Med. College and Hos., Koraput",200239,MBBS,All India,7,0,2,0,5,0,3,0,2,0,19
001_final_seat_matrix_for_all_india_quota_except_central_university_round_1_ug_2024_mbbs.pdf,FINAL SEAT MATRIX FOR ALL INDIA QUOTA EXCEPT CENTRAL UNIVERSITY ROUND 1 UG 2024 (MBBS),"Saheed Rendo Majhi Medical College & Hospital, Bhawanipatna, Kalahandi,Odisha",200675,MBBS,All India,6,0,2,0,4,0,2,0,1,0,15
001_final_seat_matrix_for_all_india_quota_except_central_university_round_1_ug_2024_mbbs.pdf,FINAL SEAT MATRIX FOR ALL INDIA QUOTA EXCEPT CENTRAL UNIVERSITY ROUND 1 UG 2024 (MBBS),"Sarat Chandra Chattopadhyay Govt. Medical College & Hospital, Uluberia",200620,MBBS,All India,6,0,2,0,3,1,2,0,1,0,15
001_final_seat_matrix_for_all_india_quota_except_central_university_round_1_ug_2024_mbbs.pdf,FINAL SEAT MATRIX FOR ALL INDIA QUOTA EXCEPT CENTRAL UNIVERSITY ROUND 1 UG 2024 (MBBS),"SARDAR PATEL MEDICAL COLLEGE, BIKANER",200257,MBBS,All India,15,1,4,0,10,1,5,0,2,0,38
001_final_seat_matrix_for_all_india_quota_except_central_university_round_1_ug_2024_mbbs.pdf,FINAL SEAT MATRIX FOR ALL INDIA QUOTA EXCEPT CENTRAL UNIVERSITY ROUND 1 UG 2024 (MBBS),"SETH G.S. MEDICAL COLLEGE, MUMBAI",200226,MBBS,All India,13,1,5,0,9,1,6,0,3,0,38
001_final_seat_matrix_for_all_india_quota_except_central_university_round_1_ug_2024_mbbs.pdf,FINAL SEAT MATRIX FOR ALL INDIA QUOTA EXCEPT CENTRAL UNIVERSITY ROUND 1 UG 2024 (MBBS),"SH VASANT RAO NAIK GOVT.M.C.,YAVATMAL",200227,MBBS,All India,12,1,2,0,8,0,5,0,2,0,30
001_final_seat_matrix_for_all_india_quota_except_central_university_round_1_ug_2024_mbbs.pdf,FINAL SEAT MATRIX FOR ALL INDIA QUOTA EXCEPT CENTRAL UNIVERSITY ROUND 1 UG 2024 (MBBS),"Shaheed Nirmal Mahto Medical College & Hospital, Dhanbad",200159,MBBS,All India,5,1,1,0,4,0,3,0,1,0,15
001_final_seat_matrix_for_all_india_quota_except_central_university_round_1_ug_2024_mbbs.pdf,FINAL SEAT MATRIX FOR ALL INDIA QUOTA EXCEPT CENTRAL UNIVERSITY ROUND 1 UG 2024 (MBBS),"SHEIKH BHIKHARI MEDICAL COLLEGE & HOSPITAL, HAZARIBAG ( Formerly called as- Hazaribagh Medical College, Hazaribag)",200586,MBBS,All India,8,0,1,0,4,0,1,0,1,0,15
001_final_seat_matrix_for_all_india_quota_except_central_university_round_1_ug_2024_mbbs.pdf,FINAL SEAT MATRIX FOR ALL INDIA QUOTA EXCEPT CENTRAL UNIVERSITY ROUND 1 UG 2024 (MBBS),"SHIMOGA INST. OF MEDICAL SCI., SHIMOGA",200180,MBBS,All India,7,1,1,1,6,0,3,1,1,1,22
001_final_seat_matrix_for_all_india_quota_except_central_university_round_1_ug_2024_mbbs.pdf,FINAL SEAT MATRIX FOR ALL INDIA QUOTA EXCEPT CENTRAL UNIVERSITY ROUND 1 UG 2024 (MBBS),"SHKM GMC, Nalhar, Mewat, Haryana",200150,MBBS,All India,6,0,2,0,4,1,3,0,2,0,18
001_final_seat_matrix_for_all_india_quota_except_central_university_round_1_ug_2024_mbbs.pdf,FINAL SEAT MATRIX FOR ALL INDIA QUOTA EXCEPT CENTRAL UNIVERSITY ROUND 1 UG 2024 (MBBS),"SHRI ATAL BIHARI VAJPAYEE GOVERNMENT MEDICAL COLLEGE, CHHAINSA, FARIDABAD",200615,MBBS,All India,7,0,1,0,4,0,2,0,1,0,15
001_final_seat_matrix_for_all_india_quota_except_central_university_round_1_ug_2024_mbbs.pdf,FINAL SEAT MATRIX FOR ALL INDIA QUOTA EXCEPT CENTRAL UNIVERSITY ROUND 1 UG 2024 (MBBS),"Shri Atal Bihari Vajpayee Medical College & Research Institute, Bengaluru",200476,MBBS,All India,8,0,2,0,6,0,4,0,2,0,22
001_final_seat_matrix_for_all_india_quota_except_central_university_round_1_ug_2024_mbbs.pdf,FINAL SEAT MATRIX FOR ALL INDIA QUOTA EXCEPT CENTRAL UNIVERSITY ROUND 1 UG 2024 (MBBS),"SHRI BHAUSAHEB HIRE GOVT. M.C., DHULE",200228,MBBS,All India,8,0,3,0,6,0,2,1,1,1,22
001_final_seat_matrix_for_all_india_quota_except_central_university_round_1_ug_2024_mbbs.pdf,FINAL SEAT MATRIX FOR ALL INDIA QUOTA EXCEPT CENTRAL UNIVERSITY ROUND 1 UG 2024 (MBBS),SHRI KALYAN GOVT MEDICAL COLLEGE SIKAR,200533,MBBS,All India,6,0,1,0,3,1,3,0,1,0,15
001_final_seat_matrix_for_all_india_quota_except_central_university_round_1_ug_2024_mbbs.pdf,FINAL SEAT MATRIX FOR ALL INDIA QUOTA EXCEPT CENTRAL UNIVERSITY ROUND 1 UG 2024 (MBBS),"Siddartha Medical College, Vijayawada",200442,MBBS,All India,9,1,3,0,7,0,4,0,2,0,26
001_final_seat_matrix_for_all_india_quota_except_central_university_round_1_ug_2024_mbbs.pdf,FINAL SEAT MATRIX FOR ALL INDIA QUOTA EXCEPT CENTRAL UNIVERSITY ROUND 1 UG 2024 (MBBS),"SILCHAR MEDICAL COLLEGE, SILCHER",200107,MBBS,All India,8,0,1,0,4,1,2,1,2,0,19
001_final_seat_matrix_for_all_india_quota_except_central_university_round_1_ug_2024_mbbs.pdf,FINAL SEAT MATRIX FOR ALL INDIA QUOTA EXCEPT CENTRAL UNIVERSITY ROUND 1 UG 2024 (MBBS),"SJP Medical College, Bharatpur",200432,MBBS,All India,7,0,2,1,5,1,3,1,1,1,22
001_final_seat_matrix_for_all_india_quota_except_central_university_round_1_ug_2024_mbbs.pdf,FINAL SEAT MATRIX FOR ALL INDIA QUOTA EXCEPT CENTRAL UNIVERSITY ROUND 1 UG 2024 (MBBS),"SKIMS Medical College, Bemina, Srinagar",200621,MBBS,All India,7,0,2,0,5,0,3,0,2,0,19
001_final_seat_matrix_for_all_india_quota_except_central_university_round_1_ug_2024_mbbs.pdf,FINAL SEAT MATRIX FOR ALL INDIA QUOTA EXCEPT CENTRAL UNIVERSITY ROUND 1 UG 2024 (MBBS),"SLBS Govt. Medical College, Mandi",200410,MBBS,All India,7,0,2,0,5,0,3,0,1,0,18
001_final_seat_matrix_for_all_india_quota_except_central_university_round_1_ug_2024_mbbs.pdf,FINAL SEAT MATRIX FOR ALL INDIA QUOTA EXCEPT CENTRAL UNIVERSITY ROUND 1 UG 2024 (MBBS),"SOBAN SINGH JEENA GOVERNMENT INSTITUTE OF MEDICAL SCIENCE & RESEARCH, ALMORA",200582,MBBS,All India,7,0,1,0,4,0,2,0,1,0,15
001_final_seat_matrix_for_all_india_quota_except_central_university_round_1_ug_2024_mbbs.pdf,FINAL SEAT MATRIX FOR ALL INDIA QUOTA EXCEPT CENTRAL UNIVERSITY ROUND 1 UG 2024 (MBBS),"Sri Jagannath Medical College & Hospital, Puri",200565,MBBS,All India,6,1,1,0,4,0,2,0,1,0,15
001_final_seat_matrix_for_all_india_quota_except_central_university_round_1_ug_2024_mbbs.pdf,FINAL SEAT MATRIX FOR ALL INDIA QUOTA EXCEPT CENTRAL UNIVERSITY ROUND 1 UG 2024 (MBBS),"SRI KRISHNA MEDICAL COLLEGE, MUZAFFARPUR",200117,MBBS,All India,9,0,3,0,5,1,3,0,1,0,22
001_final_seat_matrix_for_all_india_quota_except_central_university_round_1_ug_2024_mbbs.pdf,FINAL SEAT MATRIX FOR ALL INDIA QUOTA EXCEPT CENTRAL UNIVERSITY ROUND 1 UG 2024 (MBBS),"Sri Venkateswara Medical College, Tirupati",200426,MBBS,All India,13,1,2,1,10,0,5,1,2,1,36
001_final_seat_matrix_for_all_india_quota_except_central_university_round_1_ug_2024_mbbs.pdf,FINAL SEAT MATRIX FOR ALL INDIA QUOTA EXCEPT CENTRAL UNIVERSITY ROUND 1 UG 2024 (MBBS),"STANLEY MEDICAL COLLEGE, CHENNAI",200279,MBBS,All India,15,0,4,0,9,1,4,1,3,0,37
001_final_seat_matrix_for_all_india_quota_except_central_university_round_1_ug_2024_mbbs.pdf,FINAL SEAT MATRIX FOR ALL INDIA QUOTA EXCEPT CENTRAL UNIVERSITY ROUND 1 UG 2024 (MBBS),"SUH Maulana Mahmood Hasan Medical College, Saharanpur",200303,MBBS,All India,5,0,1,0,4,0,3,0,2,0,15
001_final_seat_matrix_for_all_india_quota_except_central_university_round_1_ug_2024_mbbs.pdf,FINAL SEAT MATRIX FOR ALL INDIA QUOTA EXCEPT CENTRAL UNIVERSITY ROUND 1 UG 2024 (MBBS),Sundarlal patwa Govt medical College mandsaur,902826,MBBS,All India,2,0,0,1,2,0,0,1,0,1,7
001_final_seat_matrix_for_all_india_quota_except_central_university_round_1_ug_2024_mbbs.pdf,FINAL SEAT MATRIX FOR ALL INDIA QUOTA EXCEPT CENTRAL UNIVERSITY ROUND 1 UG 2024 (MBBS),"SVIMS - Sri Padmavathi Medical College for Women, Tirupati",200434,MBBS,All India,10,1,3,0,6,1,3,0,2,0,26
001_final_seat_matrix_for_all_india_quota_except_central_university_round_1_ug_2024_mbbs.pdf,FINAL SEAT MATRIX FOR ALL INDIA QUOTA EXCEPT CENTRAL UNIVERSITY ROUND 1 UG 2024 (MBBS),"SWAMI RAMANAND TiRTH RURAL M.C,AMBAJOGAI",200229,MBBS,All India,9,1,2,0,5,1,3,0,1,0,22
001_final_seat_matrix_for_all_india_quota_except_central_university_round_1_ug_2024_mbbs.pdf,FINAL SEAT MATRIX FOR ALL INDIA QUOTA EXCEPT CENTRAL UNIVERSITY ROUND 1 UG 2024 (MBBS),"T.D. MEDICAL COLLEGE, ALLAPPUZHA",200197,MBBS,All India,9,1,3,0,6,1,4,0,2,0,26
001_final_seat_matrix_for_all_india_quota_except_central_university_round_1_ug_2024_mbbs.pdf,FINAL SEAT MATRIX FOR ALL INDIA QUOTA EXCEPT CENTRAL UNIVERSITY ROUND 1 UG 2024 (MBBS),"Tamralipto Government Medical College & Hospital, West Bengal",200604,MBBS,All India,6,0,1,0,4,0,2,0,2,0,15
001_final_seat_matrix_for_all_india_quota_except_central_university_round_1_ug_2024_mbbs.pdf,FINAL SEAT MATRIX FOR ALL INDIA QUOTA EXCEPT CENTRAL UNIVERSITY ROUND 1 UG 2024 (MBBS),"Tezpur Medical College, Tezpur",200108,MBBS,All India,7,1,2,0,5,0,3,0,1,0,19
001_final_seat_matrix_for_all_india_quota_except_central_university_round_1_ug_2024_mbbs.pdf,FINAL SEAT MATRIX FOR ALL INDIA QUOTA EXCEPT CENTRAL UNIVERSITY ROUND 1 UG 2024 (MBBS),"THANJAVUR MEDICAL COLL.,THANJAVUR",200281,MBBS,All India,6,1,3,0,6,0,4,0,2,0,22
001_final_seat_matrix_for_all_india_quota_except_central_university_round_1_ug_2024_mbbs.pdf,FINAL SEAT MATRIX FOR ALL INDIA QUOTA EXCEPT CENTRAL UNIVERSITY ROUND 1 UG 2024 (MBBS),"THENI GOVT. MEDICAL COLLEGE, THENI",200282,MBBS,All India,7,0,1,0,4,0,2,0,1,0,15
001_final_seat_matrix_for_all_india_quota_except_central_university_round_1_ug_2024_mbbs.pdf,FINAL SEAT MATRIX FOR ALL INDIA QUOTA EXCEPT CENTRAL UNIVERSITY ROUND 1 UG 2024 (MBBS),"Thiruvannamalai MC, Thiruvannamalai, TN",200283,MBBS,All India,7,0,1,0,4,0,2,0,1,0,15
001_final_seat_matrix_for_all_india_quota_except_central_university_round_1_ug_2024_mbbs.pdf,FINAL SEAT MATRIX FOR ALL INDIA QUOTA EXCEPT CENTRAL UNIVERSITY ROUND 1 UG 2024 (MBBS),"THOOTHUKUDI MEDICAL COLLEGE,THOOTHUKUDI",200284,MBBS,All India,7,1,3,0,5,1,3,0,2,0,22
001_final_seat_matrix_for_all_india_quota_except_central_university_round_1_ug_2024_mbbs.pdf,FINAL SEAT MATRIX FOR ALL INDIA QUOTA EXCEPT CENTRAL UNIVERSITY ROUND 1 UG 2024 (MBBS),"Tinsukia Medical College & Hospital, Tinsukia",902808,MBBS,All India,6,0,1,0,4,0,2,1,0,1,15
001_final_seat_matrix_for_all_india_quota_except_central_university_round_1_ug_2024_mbbs.pdf,FINAL SEAT MATRIX FOR ALL INDIA QUOTA EXCEPT CENTRAL UNIVERSITY ROUND 1 UG 2024 (MBBS),"Tomo Riba Institute Health and Medical Sciences, Naharlagun",200439,MBBS,All India,5,0,2,0,4,0,3,0,1,0,15
001_final_seat_matrix_for_all_india_quota_except_central_university_round_1_ug_2024_mbbs.pdf,FINAL SEAT MATRIX FOR ALL INDIA QUOTA EXCEPT CENTRAL UNIVERSITY ROUND 1 UG 2024 (MBBS),"TOPIWALA NATIONAL MEDICAL COLLEGE,MUMBAI",200230,MBBS,All India,9,0,2,0,6,0,4,0,2,0,23
001_final_seat_matrix_for_all_india_quota_except_central_university_round_1_ug_2024_mbbs.pdf,FINAL SEAT MATRIX FOR ALL INDIA QUOTA EXCEPT CENTRAL UNIVERSITY ROUND 1 UG 2024 (MBBS),"University College of Medical Sciences, New Delhi",200450,MBBS,All India,11,0,2,0,6,1,4,0,1,0,25
001_final_seat_matrix_for_all_india_quota_except_central_university_round_1_ug_2024_mbbs.pdf,FINAL SEAT MATRIX FOR ALL INDIA QUOTA EXCEPT CENTRAL UNIVERSITY ROUND 1 UG 2024 (MBBS),"UNS AUTONOMOUS STATE MEDICAL COLLEGES, Jaunpur",200550,MBBS,All India,6,0,2,0,3,1,2,0,1,0,15
001_final_seat_matrix_for_all_india_quota_except_central_university_round_1_ug_2024_mbbs.pdf,FINAL SEAT MATRIX FOR ALL INDIA QUOTA EXCEPT CENTRAL UNIVERSITY ROUND 1 UG 2024 (MBBS),"Uttar Pradesh University of Medical Sciences, Saifai, Etawah",200301,MBBS,All India,12,0,3,0,9,0,4,0,2,0,30
001_final_seat_matrix_for_all_india_quota_except_central_university_round_1_ug_2024_mbbs.pdf,FINAL SEAT MATRIX FOR ALL INDIA QUOTA EXCEPT CENTRAL UNIVERSITY ROUND 1 UG 2024 (MBBS),"UTTARANCHAL F HOSP TRUST MC,HALDWANI",200306,MBBS,All India,8,0,2,0,5,0,3,0,1,0,19
001_final_seat_matrix_for_all_india_quota_except_central_university_round_1_ug_2024_mbbs.pdf,FINAL SEAT MATRIX FOR ALL INDIA QUOTA EXCEPT CENTRAL UNIVERSITY ROUND 1 UG 2024 (MBBS),"V.S.S. MEDICAL COLLEGE, BURLA",200240,MBBS,All India,12,1,1,1,7,1,5,0,2,0,30
001_final_seat_matrix_for_all_india_quota_except_central_university_round_1_ug_2024_mbbs.pdf,FINAL SEAT MATRIX FOR ALL INDIA QUOTA EXCEPT CENTRAL UNIVERSITY ROUND 1 UG 2024 (MBBS),"VARDHMAN INSTITUTE OF MEDICAL SCIENCES, NALANDA",200118,MBBS,All India,6,1,2,0,4,0,3,0,2,0,18
001_final_seat_matrix_for_all_india_quota_except_central_university_round_1_ug_2024_mbbs.pdf,FINAL SEAT MATRIX FOR ALL INDIA QUOTA EXCEPT CENTRAL UNIVERSITY ROUND 1 UG 2024 (MBBS),"Vardhman Mahavir Medical College and Safdarjung Hospital New Delhi, VMMC",200495,MBBS,All India,9,1,3,0,7,0,3,0,2,0,25
001_final_seat_matrix_for_all_india_quota_except_central_university_round_1_ug_2024_mbbs.pdf,FINAL SEAT MATRIX FOR ALL INDIA QUOTA EXCEPT CENTRAL UNIVERSITY ROUND 1 UG 2024 (MBBS),Veer Chandra Singh Garhwali Govt. Institute of Medical Science & Research,200304,MBBS,All India,8,0,3,0,5,1,4,0,2,0,23
001_final_seat_matrix_for_all_india_quota_except_central_university_round_1_ug_2024_mbbs.pdf,FINAL SEAT MATRIX FOR ALL INDIA QUOTA EXCEPT CENTRAL UNIVERSITY ROUND 1 UG 2024 (MBBS),"VIJAYNAGAR INST OF MED. SC,BELLARY",200181,MBBS,All India,13,0,3,0,7,1,4,0,2,0,30
001_final_seat_matrix_for_all_india_quota_except_central_university_round_1_ug_2024_mbbs.pdf,FINAL SEAT MATRIX FOR ALL INDIA QUOTA EXCEPT CENTRAL UNIVERSITY ROUND 1 UG 2024 (MBBS),"Virendra Kumar Sakhlecha Government Medical College, Neemuch, Madhya Pradesh",902827,MBBS,All India,4,0,0,0,2,0,1,0,0,0,7
001_final_seat_matrix_for_all_india_quota_except_central_university_round_1_ug_2024_mbbs.pdf,FINAL SEAT MATRIX FOR ALL INDIA QUOTA EXCEPT CENTRAL UNIVERSITY ROUND 1 UG 2024 (MBBS),"YADGIRI INSTITUTE OF MEDICAL SCIENCES, YADGIRI",200601,MBBS,All India,10,0,2,0,6,0,3,0,1,0,22
001_final_seat_matrix_for_all_india_quota_except_central_university_round_1_ug_2024_mbbs.pdf,FINAL SEAT MATRIX FOR ALL INDIA QUOTA EXCEPT CENTRAL UNIVERSITY ROUND 1 UG 2024 (MBBS),ZORAM MEDICAL COLLEGE Falkawn,200427,MBBS,All India,6,0,1,0,3,1,3,0,1,0,15
002_final_seat_matrix_for_all_india_quota_except_central_university_round_1_ug_2024_bds.pdf,FINAL SEAT MATRIX FOR ALL INDIA QUOTA EXCEPT CENTRAL UNIVERSITY ROUND 1 UG 2024 (BDS),"AGARTALA GOVT. DENTAL COLLEGE,AGARTAL",200676,BDS,All India,3,0,1,0,2,0,1,0,0,0,7
002_final_seat_matrix_for_all_india_quota_except_central_university_round_1_ug_2024_bds.pdf,FINAL SEAT MATRIX FOR ALL INDIA QUOTA EXCEPT CENTRAL UNIVERSITY ROUND 1 UG 2024 (BDS),"Burdwan Dental College & Hospital, Burdwan",200308,BDS,All India,8,0,2,0,4,1,3,0,1,0,19
002_final_seat_matrix_for_all_india_quota_except_central_university_round_1_ug_2024_bds.pdf,FINAL SEAT MATRIX FOR ALL INDIA QUOTA EXCEPT CENTRAL UNIVERSITY ROUND 1 UG 2024 (BDS),"DC, RIMS, Imphal",200231,BDS,All India,3,0,0,0,2,0,2,0,0,0,7
002_final_seat_matrix_for_all_india_quota_except_central_university_round_1_ug_2024_bds.pdf,FINAL SEAT MATRIX FOR ALL INDIA QUOTA EXCEPT CENTRAL UNIVERSITY ROUND 1 UG 2024 (BDS),"Dental Institue, RIMS, Ranchi",200157,BDS,All India,3,1,1,0,2,0,1,0,1,0,9
002_final_seat_matrix_for_all_india_quota_except_central_university_round_1_ug_2024_bds.pdf,FINAL SEAT MATRIX FOR ALL INDIA QUOTA EXCEPT CENTRAL UNIVERSITY ROUND 1 UG 2024 (BDS),"DR. R. AHMED DENT.COLL & HOSP,KOLKATA",200312,BDS,All India,7,1,1,0,5,0,2,1,1,1,19
002_final_seat_matrix_for_all_india_quota_except_central_university_round_1_ug_2024_bds.pdf,FINAL SEAT MATRIX FOR ALL INDIA QUOTA EXCEPT CENTRAL UNIVERSITY ROUND 1 UG 2024 (BDS),ESIC Dental College and Hospital Rohini,200529,BDS,All India,4,1,0,0,3,0,1,0,0,0,9
002_final_seat_matrix_for_all_india_quota_except_central_university_round_1_ug_2024_bds.pdf,FINAL SEAT MATRIX FOR ALL INDIA QUOTA EXCEPT CENTRAL UNIVERSITY ROUND 1 UG 2024 (BDS),"ESIC Dental College, Gulbarga",200411,BDS,All India,3,0,1,0,3,0,1,0,1,0,9
002_final_seat_matrix_for_all_india_quota_except_central_university_round_1_ug_2024_bds.pdf,FINAL SEAT MATRIX FOR ALL INDIA QUOTA EXCEPT CENTRAL UNIVERSITY ROUND 1 UG 2024 (BDS),"FACULTY OF DEN SCI, KG MED UNIV,LUCKNOW",200288,BDS,All India,3,0,1,0,2,0,1,0,1,0,8
002_final_seat_matrix_for_all_india_quota_except_central_university_round_1_ug_2024_bds.pdf,FINAL SEAT MATRIX FOR ALL INDIA QUOTA EXCEPT CENTRAL UNIVERSITY ROUND 1 UG 2024 (BDS),"GDC,PT.BDS UNIV.OF HEALTH SCI,ROHTAK",200147,BDS,All India,7,0,1,0,4,0,2,0,1,0,15
002_final_seat_matrix_for_all_india_quota_except_central_university_round_1_ug_2024_bds.pdf,FINAL SEAT MATRIX FOR ALL INDIA QUOTA EXCEPT CENTRAL UNIVERSITY ROUND 1 UG 2024 (BDS),"GOA DENTAL COLLEGE & HOSPITAL, GOA",200135,BDS,All India,3,0,1,0,2,0,1,0,1,0,8
002_final_seat_matrix_for_all_india_quota_except_central_university_round_1_ug_2024_bds.pdf,FINAL SEAT MATRIX FOR ALL INDIA QUOTA EXCEPT CENTRAL UNIVERSITY ROUND 1 UG 2024 (BDS),"Government Dental College & Hospital, Srinagar",200628,BDS,All India,4,0,1,0,2,0,1,0,1,0,9
002_final_seat_matrix_for_all_india_quota_except_central_university_round_1_ug_2024_bds.pdf,FINAL SEAT MATRIX FOR ALL INDIA QUOTA EXCEPT CENTRAL UNIVERSITY ROUND 1 UG 2024 (BDS),"Government Dental College and Hospital, Vijayawada",200452,BDS,All India,2,0,1,0,2,0,0,0,1,0,6
002_final_seat_matrix_for_all_india_quota_except_central_university_round_1_ug_2024_bds.pdf,FINAL SEAT MATRIX FOR ALL INDIA QUOTA EXCEPT CENTRAL UNIVERSITY ROUND 1 UG 2024 (BDS),Government Dental College Dibrugarh,902809,BDS,All India,4,0,1,0,2,0,1,0,1,0,9
002_final_seat_matrix_for_all_india_quota_except_central_university_round_1_ug_2024_bds.pdf,FINAL SEAT MATRIX FOR ALL INDIA QUOTA EXCEPT CENTRAL UNIVERSITY ROUND 1 UG 2024 (BDS),Government Dental College Hyderabad,200459,BDS,All India,4,1,1,0,4,0,3,0,2,0,15
002_final_seat_matrix_for_all_india_quota_except_central_university_round_1_ug_2024_bds.pdf,FINAL SEAT MATRIX FOR ALL INDIA QUOTA EXCEPT CENTRAL UNIVERSITY ROUND 1 UG 2024 (BDS),"Government Dental College, Alappuzha",200184,BDS,All India,3,0,0,0,2,0,1,0,1,0,7
002_final_seat_matrix_for_all_india_quota_except_central_university_round_1_ug_2024_bds.pdf,FINAL SEAT MATRIX FOR ALL INDIA QUOTA EXCEPT CENTRAL UNIVERSITY ROUND 1 UG 2024 (BDS),"Government Dental College, Silchar",902810,BDS,All India,4,0,1,0,3,0,1,0,0,0,9
002_final_seat_matrix_for_all_india_quota_except_central_university_round_1_ug_2024_bds.pdf,FINAL SEAT MATRIX FOR ALL INDIA QUOTA EXCEPT CENTRAL UNIVERSITY ROUND 1 UG 2024 (BDS),"Government Dental College, Thrissur",200185,BDS,All India,2,1,1,0,2,0,1,0,0,0,7
002_final_seat_matrix_for_all_india_quota_except_central_university_round_1_ug_2024_bds.pdf,FINAL SEAT MATRIX FOR ALL INDIA QUOTA EXCEPT CENTRAL UNIVERSITY ROUND 1 UG 2024 (BDS),Government DentalCollege and Hospital Paithna Bhaganbigha Rahui Nalanda,200667,BDS,All India,6,0,1,0,4,0,3,0,1,0,15
002_final_seat_matrix_for_all_india_quota_except_central_university_round_1_ug_2024_bds.pdf,FINAL SEAT MATRIX FOR ALL INDIA QUOTA EXCEPT CENTRAL UNIVERSITY ROUND 1 UG 2024 (BDS),GOVT DEN COLL DENTAL WING PATIALA,200245,BDS,All India,4,0,0,0,2,0,1,0,0,0,7
002_final_seat_matrix_for_all_india_quota_except_central_university_round_1_ug_2024_bds.pdf,FINAL SEAT MATRIX FOR ALL INDIA QUOTA EXCEPT CENTRAL UNIVERSITY ROUND 1 UG 2024 (BDS),GOVT DENTAL COLLEGE Kannur,200494,BDS,All India,3,0,1,0,2,1,1,0,1,0,9
002_final_seat_matrix_for_all_india_quota_except_central_university_round_1_ug_2024_bds.pdf,FINAL SEAT MATRIX FOR ALL INDIA QUOTA EXCEPT CENTRAL UNIVERSITY ROUND 1 UG 2024 (BDS),Govt dental college Pudukkottai,200678,BDS,All India,3,0,1,0,1,1,1,0,0,0,7
002_final_seat_matrix_for_all_india_quota_except_central_university_round_1_ug_2024_bds.pdf,FINAL SEAT MATRIX FOR ALL INDIA QUOTA EXCEPT CENTRAL UNIVERSITY ROUND 1 UG 2024 (BDS),Govt Dental College RIMS Kadapa,200447,BDS,All India,6,0,0,1,3,1,3,0,1,0,15
002_final_seat_matrix_for_all_india_quota_except_central_university_round_1_ug_2024_bds.pdf,FINAL SEAT MATRIX FOR ALL INDIA QUOTA EXCEPT CENTRAL UNIVERSITY ROUND 1 UG 2024 (BDS),"GOVT. COLLEGE OF DENTISTRY, INDORE",200201,BDS,All India,5,0,1,0,2,0,1,0,0,0,9
002_final_seat_matrix_for_all_india_quota_except_central_university_round_1_ug_2024_bds.pdf,FINAL SEAT MATRIX FOR ALL INDIA QUOTA EXCEPT CENTRAL UNIVERSITY ROUND 1 UG 2024 (BDS),"GOVT. D.C. & RESEARCH INST,BANGALORE",200169,BDS,All India,3,0,0,1,2,0,1,1,0,1,9
002_final_seat_matrix_for_all_india_quota_except_central_university_round_1_ug_2024_bds.pdf,FINAL SEAT MATRIX FOR ALL INDIA QUOTA EXCEPT CENTRAL UNIVERSITY ROUND 1 UG 2024 (BDS),"GOVT. DC & RESEARCH INSt., BELLARY",200170,BDS,All India,5,0,1,0,2,0,1,0,0,0,9
002_final_seat_matrix_for_all_india_quota_except_central_university_round_1_ug_2024_bds.pdf,FINAL SEAT MATRIX FOR ALL INDIA QUOTA EXCEPT CENTRAL UNIVERSITY ROUND 1 UG 2024 (BDS),"GOVT. DENTAL COLL.& HOSP., JAMNAGAR",200139,BDS,All India,8,0,2,0,5,0,2,0,1,0,18
002_final_seat_matrix_for_all_india_quota_except_central_university_round_1_ug_2024_bds.pdf,FINAL SEAT MATRIX FOR ALL INDIA QUOTA EXCEPT CENTRAL UNIVERSITY ROUND 1 UG 2024 (BDS),"GOVT. DENTAL COLLEGE & HOSP,AHMEDABAD",200140,BDS,All India,6,1,2,0,5,0,3,0,1,0,18
002_final_seat_matrix_for_all_india_quota_except_central_university_round_1_ug_2024_bds.pdf,FINAL SEAT MATRIX FOR ALL INDIA QUOTA EXCEPT CENTRAL UNIVERSITY ROUND 1 UG 2024 (BDS),"GOVT. DENTAL COLLEGE & HOSP.,AURANGABAD(200213 )",,BDS,All India,3,0,1,0,2,0,2,0,1,0,9
002_final_seat_matrix_for_all_india_quota_except_central_university_round_1_ug_2024_bds.pdf,FINAL SEAT MATRIX FOR ALL INDIA QUOTA EXCEPT CENTRAL UNIVERSITY ROUND 1 UG 2024 (BDS),"GOVT. DENTAL COLLEGE & HOSP.,MUMBAI",200214,BDS,All India,7,1,2,0,6,0,2,0,1,0,19
002_final_seat_matrix_for_all_india_quota_except_central_university_round_1_ug_2024_bds.pdf,FINAL SEAT MATRIX FOR ALL INDIA QUOTA EXCEPT CENTRAL UNIVERSITY ROUND 1 UG 2024 (BDS),"GOVT. DENTAL COLLEGE & HOSP.,NAGPUR",200215,BDS,All India,3,0,1,0,2,0,2,0,1,0,9
002_final_seat_matrix_for_all_india_quota_except_central_university_round_1_ug_2024_bds.pdf,FINAL SEAT MATRIX FOR ALL INDIA QUOTA EXCEPT CENTRAL UNIVERSITY ROUND 1 UG 2024 (BDS),"GOVT. DENTAL COLLEGE, KOTTAYAM",200189,BDS,All India,3,0,0,0,1,0,1,0,1,0,6
002_final_seat_matrix_for_all_india_quota_except_central_university_round_1_ug_2024_bds.pdf,FINAL SEAT MATRIX FOR ALL INDIA QUOTA EXCEPT CENTRAL UNIVERSITY ROUND 1 UG 2024 (BDS),"GOVT. DENTAL COLLEGE, KOZIKODE",200190,BDS,All India,3,0,1,0,2,0,2,0,0,0,8
002_final_seat_matrix_for_all_india_quota_except_central_university_round_1_ug_2024_bds.pdf,FINAL SEAT MATRIX FOR ALL INDIA QUOTA EXCEPT CENTRAL UNIVERSITY ROUND 1 UG 2024 (BDS),"GOVT. DENTAL COLLEGE, RAIPUR",200123,BDS,All India,6,0,2,0,4,0,1,1,1,0,15
002_final_seat_matrix_for_all_india_quota_except_central_university_round_1_ug_2024_bds.pdf,FINAL SEAT MATRIX FOR ALL INDIA QUOTA EXCEPT CENTRAL UNIVERSITY ROUND 1 UG 2024 (BDS),"GOVT. DENTAL COLLEGE, SHIMLA",200153,BDS,All India,4,0,1,0,2,1,2,0,1,0,11
002_final_seat_matrix_for_all_india_quota_except_central_university_round_1_ug_2024_bds.pdf,FINAL SEAT MATRIX FOR ALL INDIA QUOTA EXCEPT CENTRAL UNIVERSITY ROUND 1 UG 2024 (BDS),"GOVT. DENTAL COLLEGE, TRIVANDRUM",200191,BDS,All India,2,0,1,0,3,0,1,0,1,0,8
002_final_seat_matrix_for_all_india_quota_except_central_university_round_1_ug_2024_bds.pdf,FINAL SEAT MATRIX FOR ALL INDIA QUOTA EXCEPT CENTRAL UNIVERSITY ROUND 1 UG 2024 (BDS),"Indira Gandhi Govt. Dental College, Jammu",200617,BDS,All India,3,0,1,0,3,0,2,0,0,0,9
002_final_seat_matrix_for_all_india_quota_except_central_university_round_1_ug_2024_bds.pdf,FINAL SEAT MATRIX FOR ALL INDIA QUOTA EXCEPT CENTRAL UNIVERSITY ROUND 1 UG 2024 (BDS),"Jawaharlal Nehru Institute of Dental Sciences, Imphal",200436,BDS,All India,2,1,1,0,2,0,1,0,1,0,8
002_final_seat_matrix_for_all_india_quota_except_central_university_round_1_ug_2024_bds.pdf,FINAL SEAT MATRIX FOR ALL INDIA QUOTA EXCEPT CENTRAL UNIVERSITY ROUND 1 UG 2024 (BDS),"M.G.D.C. & HOSPITAL, PUDUCHERRY",200242,BDS,All India,6,0,2,0,5,0,3,0,1,0,17
002_final_seat_matrix_for_all_india_quota_except_central_university_round_1_ug_2024_bds.pdf,FINAL SEAT MATRIX FOR ALL INDIA QUOTA EXCEPT CENTRAL UNIVERSITY ROUND 1 UG 2024 (BDS),"Maulana Azad Institute of Dental Sciences, New Delhi",200451,BDS,All India,2,0,1,0,1,1,2,0,1,0,8
002_final_seat_matrix_for_all_india_quota_except_central_university_round_1_ug_2024_bds.pdf,FINAL SEAT MATRIX FOR ALL INDIA QUOTA EXCEPT CENTRAL UNIVERSITY ROUND 1 UG 2024 (BDS),"NAIR HOSP DENTAL COLLEGE & HOSP,MUMBAI",200223,BDS,All India,5,0,1,0,2,1,1,0,1,0,11
002_final_seat_matrix_for_all_india_quota_except_central_university_round_1_ug_2024_bds.pdf,FINAL SEAT MATRIX FOR ALL INDIA QUOTA EXCEPT CENTRAL UNIVERSITY ROUND 1 UG 2024 (BDS),"NORTH BENGAL DENT.COLL,SUSHRUTNAGAR( 200320)",,BDS,All India,3,0,2,0,3,0,1,0,0,0,9
002_final_seat_matrix_for_all_india_quota_except_central_university_round_1_ug_2024_bds.pdf,FINAL SEAT MATRIX FOR ALL INDIA QUOTA EXCEPT CENTRAL UNIVERSITY ROUND 1 UG 2024 (BDS),"PATNA DENTAL COLLEGE & HOSPITAL, PATNA",200115,BDS,All India,2,0,1,0,1,0,1,0,1,0,6
002_final_seat_matrix_for_all_india_quota_except_central_university_round_1_ug_2024_bds.pdf,FINAL SEAT MATRIX FOR ALL INDIA QUOTA EXCEPT CENTRAL UNIVERSITY ROUND 1 UG 2024 (BDS),"PB. GOVT. DENTAL COLLEGE & HOSP,AMRITSAR",200248,BDS,All India,3,0,1,0,2,0,1,0,1,0,8
002_final_seat_matrix_for_all_india_quota_except_central_university_round_1_ug_2024_bds.pdf,FINAL SEAT MATRIX FOR ALL INDIA QUOTA EXCEPT CENTRAL UNIVERSITY ROUND 1 UG 2024 (BDS),"Rajah Muthiah Dental College and Hos. , Annamalai",200277,BDS,All India,5,0,1,1,4,0,3,0,1,0,15
002_final_seat_matrix_for_all_india_quota_except_central_university_round_1_ug_2024_bds.pdf,FINAL SEAT MATRIX FOR ALL INDIA QUOTA EXCEPT CENTRAL UNIVERSITY ROUND 1 UG 2024 (BDS),"REGIONAL DENTAL COLLEGE, GUWAHATI",200106,BDS,All India,2,1,1,0,2,0,1,0,1,0,8
002_final_seat_matrix_for_all_india_quota_except_central_university_round_1_ug_2024_bds.pdf,FINAL SEAT MATRIX FOR ALL INDIA QUOTA EXCEPT CENTRAL UNIVERSITY ROUND 1 UG 2024 (BDS),"RUHS College of Dental Science, Jaipur",200254,BDS,All India,1,1,1,0,2,0,1,0,1,0,7
002_final_seat_matrix_for_all_india_quota_except_central_university_round_1_ug_2024_bds.pdf,FINAL SEAT MATRIX FOR ALL INDIA QUOTA EXCEPT CENTRAL UNIVERSITY ROUND 1 UG 2024 (BDS),"S.C.B. MEDICAL COLL(DENTAL),CUTTACK(200 237)",,BDS,All India,4,0,1,0,2,0,0,1,1,0,9
002_final_seat_matrix_for_all_india_quota_except_central_university_round_1_ug_2024_bds.pdf,FINAL SEAT MATRIX FOR ALL INDIA QUOTA EXCEPT CENTRAL UNIVERSITY ROUND 1 UG 2024 (BDS),"TAMILNADU GOVT D.C. & HOSP, CHENNAI",200280,BDS,All India,8,0,1,0,4,0,1,0,1,0,15
003_final_seat_matrix_for_central_university_1_ug_2024_mbbs.pdf,FINAL SEAT MATRIX FOR CENTRAL UNIVERSITY 1 UG 2024 (MBBS),"Atal Bihari Vajpayee Institute of Medical Sciences & DR RML HOSPITAL, NEW DELHI",200498,MBBS,Delhi NCR Children/Widows of Personnel of the Armed Forces (CW) Quota,2,0,0,0,1,0,1,0,0,0,4
003_final_seat_matrix_for_central_university_1_ug_2024_mbbs.pdf,FINAL SEAT MATRIX FOR CENTRAL UNIVERSITY 1 UG 2024 (MBBS),"Atal Bihari Vajpayee Institute of Medical Sciences & DR RML HOSPITAL, NEW DELHI",200498,MBBS,IP University Quota,31,2,9,0,21,1,10,1,6,0,81
003_final_seat_matrix_for_central_university_1_ug_2024_mbbs.pdf,FINAL SEAT MATRIX FOR CENTRAL UNIVERSITY 1 UG 2024 (MBBS),"INST.OF MED.SCIENCES, BHU,VARANASI",200405,MBBS,Open Seat Quota,39,2,9,1,26,1,14,1,6,1,100
003_final_seat_matrix_for_central_university_1_ug_2024_mbbs.pdf,FINAL SEAT MATRIX FOR CENTRAL UNIVERSITY 1 UG 2024 (MBBS),"Jawaharlal Nehru Medical College, AMU,ALIGARH",200406,MBBS,Aligarh Muslim University (AMU) Quota,69,4,0,0,0,0,0,0,0,0,73
003_final_seat_matrix_for_central_university_1_ug_2024_mbbs.pdf,FINAL SEAT MATRIX FOR CENTRAL UNIVERSITY 1 UG 2024 (MBBS),"Jawaharlal Nehru Medical College, AMU,ALIGARH",200406,MBBS,Non-Resident Indian(AMU)Quota,5,0,0,0,0,0,0,0,0,0,5
003_final_seat_matrix_for_central_university_1_ug_2024_mbbs.pdf,FINAL SEAT MATRIX FOR CENTRAL UNIVERSITY 1 UG 2024 (MBBS),"Jawaharlal Nehru Medical College, AMU,ALIGARH",200406,MBBS,Open Seat Quota,68,4,0,0,0,0,0,0,0,0,72
003_final_seat_matrix_for_central_university_1_ug_2024_mbbs.pdf,FINAL SEAT MATRIX FOR CENTRAL UNIVERSITY 1 UG 2024 (MBBS),"Lady Hardinge Medical College, New Delhi",200448,MBBS,Delhi University Quota,70,4,16,1,45,3,26,1,12,1,179
003_final_seat_matrix_for_central_university_1_ug_2024_mbbs.pdf,FINAL SEAT MATRIX FOR CENTRAL UNIVERSITY 1 UG 2024 (MBBS),"Lady Hardinge Medical College, New Delhi",200448,MBBS,Delhi NCR Children/Widows of Personnel of the Armed Forces (CW) Quota,4,0,1,0,3,0,1,0,1,0,10
003_final_seat_matrix_for_central_university_1_ug_2024_mbbs.pdf,FINAL SEAT MATRIX FOR CENTRAL UNIVERSITY 1 UG 2024 (MBBS),"Maulana Azad Medical College, New Delhi",200449,MBBS,Delhi University Quota,94,5,0,0,50,3,29,1,14,1,197
003_final_seat_matrix_for_central_university_1_ug_2024_mbbs.pdf,FINAL SEAT MATRIX FOR CENTRAL UNIVERSITY 1 UG 2024 (MBBS),"Maulana Azad Medical College, New Delhi",200449,MBBS,Delhi NCR Children/Widows of Personnel of the Armed Forces (CW) Quota,5,0,0,0,3,0,1,0,1,0,10
003_final_seat_matrix_for_central_university_1_ug_2024_mbbs.pdf,FINAL SEAT MATRIX FOR CENTRAL UNIVERSITY 1 UG 2024 (MBBS),"University College of Medical Sciences, New Delhi",200450,MBBS,Delhi University Quota,58,3,9,0,35,2,20,1,10,0,138
003_final_seat_matrix_for_central_university_1_ug_2024_mbbs.pdf,FINAL SEAT MATRIX FOR CENTRAL UNIVERSITY 1 UG 2024 (MBBS),"University College of Medical Sciences, New Delhi",200450,MBBS,Delhi NCR Children/Widows of Personnel of the Armed Forces (CW) Quota,3,0,0,0,2,0,1,0,1,0,7
003_final_seat_matrix_for_central_university_1_ug_2024_mbbs.pdf,FINAL SEAT MATRIX FOR CENTRAL UNIVERSITY 1 UG 2024 (MBBS),"Vardhman Mahavir Medical College and Safdarjung Hospital New Delhi, VMMC",200495,MBBS,Delhi NCR Children/Widows of Personnel of the Armed Forces (CW) Quota,3,0,1,0,2,0,1,0,1,0,8
003_final_seat_matrix_for_central_university_1_ug_2024_mbbs.pdf,FINAL SEAT MATRIX FOR CENTRAL UNIVERSITY 1 UG 2024 (MBBS),"Vardhman Mahavir Medical College and Safdarjung Hospital New Delhi, VMMC",200495,MBBS,IP University Quota,49,3,12,1,34,2,19,1,9,1,131
004_final_seat_matrix_for_deemed_round_1_ug_2024_bds.pdf,FINAL SEAT MATRIX FOR DEEMED ROUND 1 UG 2024 (BDS),"AB Shetty Memorial Inst. of Dental Sce., Mangaluru",200333,BDS,Non-Resident Indian,3,,,,,,,,,,3
004_final_seat_matrix_for_deemed_round_1_ug_2024_bds.pdf,FINAL SEAT MATRIX FOR DEEMED ROUND 1 UG 2024 (BDS),"AB Shetty Memorial Inst. of Dental Sce., Mangaluru",200333,BDS,Deemed/Paid Seats Quota,97,,,,,,,,,,97
004_final_seat_matrix_for_deemed_round_1_ug_2024_bds.pdf,FINAL SEAT MATRIX FOR DEEMED ROUND 1 UG 2024 (BDS),"Amrita School of Dentistry, Kochi",200353,BDS,Non-Resident Indian,3,,,,,,,,,,3
004_final_seat_matrix_for_deemed_round_1_ug_2024_bds.pdf,FINAL SEAT MATRIX FOR DEEMED ROUND 1 UG 2024 (BDS),"Amrita School of Dentistry, Kochi",200353,BDS,Deemed/Paid Seats Quota,47,,,,,,,,,,47
004_final_seat_matrix_for_deemed_round_1_ug_2024_bds.pdf,FINAL SEAT MATRIX FOR DEEMED ROUND 1 UG 2024 (BDS),"Bharati Vidyapeeth DU Dental College and Hospt., Pune",200354,BDS,Non-Resident Indian,10,,,,,,,,,,10
004_final_seat_matrix_for_deemed_round_1_ug_2024_bds.pdf,FINAL SEAT MATRIX FOR DEEMED ROUND 1 UG 2024 (BDS),"Bharati Vidyapeeth DU Dental College and Hospt., Pune",200354,BDS,Deemed/Paid Seats Quota,90,,,,,,,,,,90
004_final_seat_matrix_for_deemed_round_1_ug_2024_bds.pdf,FINAL SEAT MATRIX FOR DEEMED ROUND 1 UG 2024 (BDS),"BVDU Dental College and Hospital, Navi Mumbai",200357,BDS,Non-Resident Indian,5,,,,,,,,,,5
004_final_seat_matrix_for_deemed_round_1_ug_2024_bds.pdf,FINAL SEAT MATRIX FOR DEEMED ROUND 1 UG 2024 (BDS),"BVDU Dental College and Hospital, Navi Mumbai",200357,BDS,Deemed/Paid Seats Quota,95,,,,,,,,,,95
004_final_seat_matrix_for_deemed_round_1_ug_2024_bds.pdf,FINAL SEAT MATRIX FOR DEEMED ROUND 1 UG 2024 (BDS),"BVDU Dental College and Hospital, Sangli",200358,BDS,Non-Resident Indian,5,,,,,,,,,,5
004_final_seat_matrix_for_deemed_round_1_ug_2024_bds.pdf,FINAL SEAT MATRIX FOR DEEMED ROUND 1 UG 2024 (BDS),"BVDU Dental College and Hospital, Sangli",200358,BDS,Deemed/Paid Seats Quota,95,,,,,,,,,,95
004_final_seat_matrix_for_deemed_round_1_ug_2024_bds.pdf,FINAL SEAT MATRIX FOR DEEMED ROUND 1 UG 2024 (BDS),Dr. DY Patil Dental College and Hosp. Navi Mumbai,200359,BDS,Non-Resident Indian,2,,,,,,,,,,2
004_final_seat_matrix_for_deemed_round_1_ug_2024_bds.pdf,FINAL SEAT MATRIX FOR DEEMED ROUND 1 UG 2024 (BDS),Dr. DY Patil Dental College and Hosp. Navi Mumbai,200359,BDS,Deemed/Paid Seats Quota,98,,,,,,,,,,98
004_final_seat_matrix_for_deemed_round_1_ug_2024_bds.pdf,FINAL SEAT MATRIX FOR DEEMED ROUND 1 UG 2024 (BDS),Dr. DY Patil Dental College and Hosp. Pune,200360,BDS,Non-Resident Indian,5,,,,,,,,,,5
004_final_seat_matrix_for_deemed_round_1_ug_2024_bds.pdf,FINAL SEAT MATRIX FOR DEEMED ROUND 1 UG 2024 (BDS),Dr. DY Patil Dental College and Hosp. Pune,200360,BDS,Deemed/Paid Seats Quota,95,,,,,,,,,,95
004_final_seat_matrix_for_deemed_round_1_ug_2024_bds.pdf,FINAL SEAT MATRIX FOR DEEMED ROUND 1 UG 2024 (BDS),"Indira Gandhi Institute of Dental Sciences, Pondicherry",200378,BDS,Deemed/Paid Seats Quota,100,,,,,,,,,,100
004_final_seat_matrix_for_deemed_round_1_ug_2024_bds.pdf,FINAL SEAT MATRIX FOR DEEMED ROUND 1 UG 2024 (BDS),"Institute of Dental Sciences, Bhubaneswar",200373,BDS,Deemed/Paid Seats Quota,100,,,,,,,,,,100
004_final_seat_matrix_for_deemed_round_1_ug_2024_bds.pdf,FINAL SEAT MATRIX FOR DEEMED ROUND 1 UG 2024 (BDS),"JSS Dental College, Mysuru",200336,BDS,Deemed/Paid Seats Quota,100,,,,,,,,,,100
004_final_seat_matrix_for_deemed_round_1_ug_2024_bds.pdf,FINAL SEAT MATRIX FOR DEEMED ROUND 1 UG 2024 (BDS),"K M Shah Dental Collegel, SumanDeep Vidyapeeth Vadodara",200329,BDS,Jain Minority Quota,25,,,,,,,,,,25
004_final_seat_matrix_for_deemed_round_1_ug_2024_bds.pdf,FINAL SEAT MATRIX FOR DEEMED ROUND 1 UG 2024 (BDS),"K M Shah Dental Collegel, SumanDeep Vidyapeeth Vadodara",200329,BDS,Deemed/Paid Seats Quota,75,,,,,,,,,,75
004_final_seat_matrix_for_deemed_round_1_ug_2024_bds.pdf,FINAL SEAT MATRIX FOR DEEMED ROUND 1 UG 2024 (BDS),"Kalinga Institute of Dental Sciences, Bhubaneswar",200375,BDS,Deemed/Paid Seats Quota,100,,,,,,,,,,100
004_final_seat_matrix_for_deemed_round_1_ug_2024_bds.pdf,FINAL SEAT MATRIX FOR DEEMED ROUND 1 UG 2024 (BDS),KLE VK Inst. of Dental Scie. Belagavi,200341,BDS,Non-Resident Indian,5,,,,,,,,,,5
004_final_seat_matrix_for_deemed_round_1_ug_2024_bds.pdf,FINAL SEAT MATRIX FOR DEEMED ROUND 1 UG 2024 (BDS),KLE VK Inst. of Dental Scie. Belagavi,200341,BDS,Deemed/Paid Seats Quota,95,,,,,,,,,,95
004_final_seat_matrix_for_deemed_round_1_ug_2024_bds.pdf,FINAL SEAT MATRIX FOR DEEMED ROUND 1 UG 2024 (BDS),MANAV RACHNA DENTAL COLLEGE FARIDABAD,200487,BDS,Deemed/Paid Seats Quota,100,,,,,,,,,,100
004_final_seat_matrix_for_deemed_round_1_ug_2024_bds.pdf,FINAL SEAT MATRIX FOR DEEMED ROUND 1 UG 2024 (BDS),"Manipal College of Dental Sce., Manipal",200344,BDS,Deemed/Paid Seats Quota,100,,,,,,,,,,100
004_final_seat_matrix_for_deemed_round_1_ug_2024_bds.pdf,FINAL SEAT MATRIX FOR DEEMED ROUND 1 UG 2024 (BDS),"Manipal College of Dental Science, Mangalore",200345,BDS,Deemed/Paid Seats Quota,100,,,,,,,,,,100
004_final_seat_matrix_for_deemed_round_1_ug_2024_bds.pdf,FINAL SEAT MATRIX FOR DEEMED ROUND 1 UG 2024 (BDS),"Meenakshi Ammal Dental College and Host., Chennai1",200385,BDS,Deemed/Paid Seats Quota,100,,,,,,,,,,100
004_final_seat_matrix_for_deemed_round_1_ug_2024_bds.pdf,FINAL SEAT MATRIX FOR DEEMED ROUND 1 UG 2024 (BDS),"MM College of Dental Scie. and Res., Mullana",200331,BDS,Deemed/Paid Seats Quota,100,,,,,,,,,,100
004_final_seat_matrix_for_deemed_round_1_ug_2024_bds.pdf,FINAL SEAT MATRIX FOR DEEMED ROUND 1 UG 2024 (BDS),"Rural Dental College, Loni",200369,BDS,Deemed/Paid Seats Quota,100,,,,,,,,,,100
004_final_seat_matrix_for_deemed_round_1_ug_2024_bds.pdf,FINAL SEAT MATRIX FOR DEEMED ROUND 1 UG 2024 (BDS),"Santosh Dental College and Hospital, Ghaziabad",200407,BDS,Deemed/Paid Seats Quota,100,,,,,,,,,,100
004_final_seat_matrix_for_deemed_round_1_ug_2024_bds.pdf,FINAL SEAT MATRIX FOR DEEMED ROUND 1 UG 2024 (BDS),SATHYABAMA UNIV. Dental College and Hospt. Chennai,200387,BDS,Deemed/Paid Seats Quota,100,,,,,,,,,,100
004_final_seat_matrix_for_deemed_round_1_ug_2024_bds.pdf,FINAL SEAT MATRIX FOR DEEMED ROUND 1 UG 2024 (BDS),"Saveetha Dental College, Chennai",200388,BDS,Deemed/Paid Seats Quota,100,,,,,,,,,,100
004_final_seat_matrix_for_deemed_round_1_ug_2024_bds.pdf,FINAL SEAT MATRIX FOR DEEMED ROUND 1 UG 2024 (BDS),"School of Dental Sciences and KIMSDU, Karad",200371,BDS,Non-Resident Indian,5,,,,,,,,,,5
004_final_seat_matrix_for_deemed_round_1_ug_2024_bds.pdf,FINAL SEAT MATRIX FOR DEEMED ROUND 1 UG 2024 (BDS),"School of Dental Sciences and KIMSDU, Karad",200371,BDS,Deemed/Paid Seats Quota,95,,,,,,,,,,95
004_final_seat_matrix_for_deemed_round_1_ug_2024_bds.pdf,FINAL SEAT MATRIX FOR DEEMED ROUND 1 UG 2024 (BDS),"Sharad Pawar Dental College and Hospital, Wardha",200372,BDS,Deemed/Paid Seats Quota,100,,,,,,,,,,100
004_final_seat_matrix_for_deemed_round_1_ug_2024_bds.pdf,FINAL SEAT MATRIX FOR DEEMED ROUND 1 UG 2024 (BDS),"Sree Balaji Dental College and Hospital, Chennai",200392,BDS,Deemed/Paid Seats Quota,100,,,,,,,,,,100
004_final_seat_matrix_for_deemed_round_1_ug_2024_bds.pdf,FINAL SEAT MATRIX FOR DEEMED ROUND 1 UG 2024 (BDS),"Sri Ramachandra Dental and Hospt., Chennai",200395,BDS,Deemed/Paid Seats Quota,100,,,,,,,,,,100
004_final_seat_matrix_for_deemed_round_1_ug_2024_bds.pdf,FINAL SEAT MATRIX FOR DEEMED ROUND 1 UG 2024 (BDS),"Sri Siddhartha DentalCollege, Tumkur",200348,BDS,Non-Resident Indian,6,,,,,,,,,,6
004_final_seat_matrix_for_deemed_round_1_ug_2024_bds.pdf,FINAL SEAT MATRIX FOR DEEMED ROUND 1 UG 2024 (BDS),"Sri Siddhartha DentalCollege, Tumkur",200348,BDS,Deemed/Paid Seats Quota,34,,,,,,,,,,34
004_final_seat_matrix_for_deemed_round_1_ug_2024_bds.pdf,FINAL SEAT MATRIX FOR DEEMED ROUND 1 UG 2024 (BDS),"SRM Dental College, Chennai",200397,BDS,Deemed/Paid Seats Quota,100,,,,,,,,,,100
004_final_seat_matrix_for_deemed_round_1_ug_2024_bds.pdf,FINAL SEAT MATRIX FOR DEEMED ROUND 1 UG 2024 (BDS),SRM Katt. Dental College and Hospt. Chennai,200398,BDS,Deemed/Paid Seats Quota,100,,,,,,,,,,100
004_final_seat_matrix_for_deemed_round_1_ug_2024_bds.pdf,FINAL SEAT MATRIX FOR DEEMED ROUND 1 UG 2024 (BDS),Thaimoogambigai Dental College and Hsopt. Chennai,200400,BDS,Deemed/Paid Seats Quota,100,,,,,,,,,,100
004_final_seat_matrix_for_deemed_round_1_ug_2024_bds.pdf,FINAL SEAT MATRIX FOR DEEMED ROUND 1 UG 2024 (BDS),"VMS Dental College, Salem",200402,BDS,Deemed/Paid Seats Quota,100,,,,,,,,,,100
004_final_seat_matrix_for_deemed_round_1_ug_2024_bds.pdf,FINAL SEAT MATRIX FOR DEEMED ROUND 1 UG 2024 (BDS),"Yenepoya Dental College, Yenepoya",200350,BDS,Muslim Minority Quota,42,,,,,,,,,,42
004_final_seat_matrix_for_deemed_round_1_ug_2024_bds.pdf,FINAL SEAT MATRIX FOR DEEMED ROUND 1 UG 2024 (BDS),"Yenepoya Dental College, Yenepoya",200350,BDS,Non-Resident Indian,15,,,,,,,,,,15
004_final_seat_matrix_for_deemed_round_1_ug_2024_bds.pdf,FINAL SEAT MATRIX FOR DEEMED ROUND 1 UG 2024 (BDS),"Yenepoya Dental College, Yenepoya",200350,BDS,Deemed/Paid Seats Quota,43,,,,,,,,,,43
005_final_seat_matrix_for_b_sc_nursing_round_1_ug_2024.pdf,FINAL SEAT MATRIX FOR B.SC NURSING ROUND 1 UG 2024,"College of Nursing Ahilya Bai College of Nursing, Maulana Azad Medical College",200541,B.Sc. Nursing,B.Sc Nursing Delhi NCR,16,1,4,0,12,0,6,0,3,0,42
005_final_seat_matrix_for_b_sc_nursing_round_1_ug_2024.pdf,FINAL SEAT MATRIX FOR B.SC NURSING ROUND 1 UG 2024,"College of Nursing Ahilya Bai College of Nursing, Maulana Azad Medical College",200541,B.Sc. Nursing,B.Sc Nursing All India,2,1,0,0,1,0,2,0,1,0,7
005_final_seat_matrix_for_b_sc_nursing_round_1_ug_2024.pdf,FINAL SEAT MATRIX FOR B.SC NURSING ROUND 1 UG 2024,"College of Nursing Ahilya Bai College of Nursing, Maulana Azad Medical College",200541,B.Sc. Nursing,B.Sc Nursing Delhi NCR CW Quota,1,0,0,0,0,0,0,0,0,0,1
005_final_seat_matrix_for_b_sc_nursing_round_1_ug_2024.pdf,FINAL SEAT MATRIX FOR B.SC NURSING ROUND 1 UG 2024,"College of Nursing Bhopal Nursing College, BMHRC, BHOPAL",200548,B.Sc. Nursing,B.Sc Nursing All India,15,1,4,0,11,0,6,0,3,0,40
005_final_seat_matrix_for_b_sc_nursing_round_1_ug_2024.pdf,FINAL SEAT MATRIX FOR B.SC NURSING ROUND 1 UG 2024,"College of Nursing BHU, VARANASI",200547,B.Sc. Nursing,B.Sc Nursing All India,29,1,7,0,19,1,11,1,5,1,75
005_final_seat_matrix_for_b_sc_nursing_round_1_ug_2024.pdf,FINAL SEAT MATRIX FOR B.SC NURSING ROUND 1 UG 2024,"College of Nursing Dr. RML Hospital, New Delhi",200542,B.Sc. Nursing,B.Sc Nursing All India,20,1,5,1,15,0,7,1,3,1,54
005_final_seat_matrix_for_b_sc_nursing_round_1_ug_2024.pdf,FINAL SEAT MATRIX FOR B.SC NURSING ROUND 1 UG 2024,"College of Nursing Dr. RML Hospital, New Delhi",200542,B.Sc. Nursing,B.Sc Nursing Delhi NCR CW Quota,1,0,0,0,0,0,0,0,0,0,1
005_final_seat_matrix_for_b_sc_nursing_round_1_ug_2024.pdf,FINAL SEAT MATRIX FOR B.SC NURSING ROUND 1 UG 2024,"College of Nursing Florence Nightingale CON, New Delhi",200543,B.Sc. Nursing,B.Sc Nursing Delhi NCR,24,1,6,0,16,1,8,1,3,1,61
005_final_seat_matrix_for_b_sc_nursing_round_1_ug_2024.pdf,FINAL SEAT MATRIX FOR B.SC NURSING ROUND 1 UG 2024,"College of Nursing Florence Nightingale CON, New Delhi",200543,B.Sc. Nursing,B.Sc Nursing All India,5,0,2,0,3,1,1,0,0,0,12
005_final_seat_matrix_for_b_sc_nursing_round_1_ug_2024.pdf,FINAL SEAT MATRIX FOR B.SC NURSING ROUND 1 UG 2024,"College of Nursing Florence Nightingale CON, New Delhi",200543,B.Sc. Nursing,B.Sc Nursing Delhi NCR CW Quota,1,0,0,0,1,0,1,0,1,0,4
005_final_seat_matrix_for_b_sc_nursing_round_1_ug_2024.pdf,FINAL SEAT MATRIX FOR B.SC NURSING ROUND 1 UG 2024,"College of Nursing LHMC, New Delhi",200544,B.Sc. Nursing,B.Sc Nursing All India,23,2,4,1,14,1,10,0,4,0,59
005_final_seat_matrix_for_b_sc_nursing_round_1_ug_2024.pdf,FINAL SEAT MATRIX FOR B.SC NURSING ROUND 1 UG 2024,"College of Nursing LHMC, New Delhi",200544,B.Sc. Nursing,B.Sc Nursing Delhi NCR CW Quota,1,0,1,0,1,0,0,0,0,0,3
005_final_seat_matrix_for_b_sc_nursing_round_1_ug_2024.pdf,FINAL SEAT MATRIX FOR B.SC NURSING ROUND 1 UG 2024,"College of Nursing RAK CON, New Delhi",200545,B.Sc. Nursing,B.Sc Nursing All India,26,1,8,0,18,1,8,1,6,0,69
005_final_seat_matrix_for_b_sc_nursing_round_1_ug_2024.pdf,FINAL SEAT MATRIX FOR B.SC NURSING ROUND 1 UG 2024,"College of Nursing RAK CON, New Delhi",200545,B.Sc. Nursing,B.Sc Nursing Delhi NCR CW Quota,2,0,0,0,1,0,1,0,0,0,4
005_final_seat_matrix_for_b_sc_nursing_round_1_ug_2024.pdf,FINAL SEAT MATRIX FOR B.SC NURSING ROUND 1 UG 2024,"College of Nursing Safdarjung Hospital, New Delhi",200546,B.Sc. Nursing,B.Sc Nursing All India,20,1,5,0,13,1,9,0,4,0,53
005_final_seat_matrix_for_b_sc_nursing_round_1_ug_2024.pdf,FINAL SEAT MATRIX FOR B.SC NURSING ROUND 1 UG 2024,"College of Nursing Safdarjung Hospital, New Delhi",200546,B.Sc. Nursing,B.Sc Nursing Delhi NCR CW Quota,1,0,0,0,1,0,0,0,0,0,2
005_final_seat_matrix_for_b_sc_nursing_round_1_ug_2024.pdf,FINAL SEAT MATRIX FOR B.SC NURSING ROUND 1 UG 2024,"ESIC College of Nursing, Gulbarga, Karnataka",200688,B.Sc. Nursing,Employees State Insurance Scheme Nursing Quota (ESI-IP Quota Nursing),14,0,2,0,8,0,4,0,2,0,30
005_final_seat_matrix_for_b_sc_nursing_round_1_ug_2024.pdf,FINAL SEAT MATRIX FOR B.SC NURSING ROUND 1 UG 2024,"ESIC College of Nursing, Indiranagar, Bangalore",200687,B.Sc. Nursing,Employees State Insurance Scheme Nursing Quota (ESI-IP Quota Nursing),12,1,3,0,8,0,4,0,2,0,30
006_final_seat_matrix_for_all_india_institute_of_medical_sciences_aiims_round_1_ug_2024_mbbs.pdf,FINAL SEAT MATRIX FOR ALL INDIA INSTITUTE OF MEDICAL SCIENCES (AIIMS) ROUND 1 UG 2024 (MBBS),AIIMS Bathinda,200511,MBBS,Open Seat Quota,39,2,9,1,26,1,14,1,6,1,100
006_final_seat_matrix_for_all_india_institute_of_medical_sciences_aiims_round_1_ug_2024_mbbs.pdf,FINAL SEAT MATRIX FOR ALL INDIA INSTITUTE OF MEDICAL SCIENCES (AIIMS) ROUND 1 UG 2024 (MBBS),"AIIMS Bilaspur Changar Palasiyan, Himachal Pradesh",200530,MBBS,Open Seat Quota,38,2,10,0,26,1,14,1,8,0,100
006_final_seat_matrix_for_all_india_institute_of_medical_sciences_aiims_round_1_ug_2024_mbbs.pdf,FINAL SEAT MATRIX FOR ALL INDIA INSTITUTE OF MEDICAL SCIENCES (AIIMS) ROUND 1 UG 2024 (MBBS),AIIMS Guwahati,200519,MBBS,Open Seat Quota,39,2,9,1,26,1,14,1,7,0,100
006_final_seat_matrix_for_all_india_institute_of_medical_sciences_aiims_round_1_ug_2024_mbbs.pdf,FINAL SEAT MATRIX FOR ALL INDIA INSTITUTE OF MEDICAL SCIENCES (AIIMS) ROUND 1 UG 2024 (MBBS),AIIMS Jammu,200518,MBBS,Open Seat Quota,39,2,9,1,25,2,14,1,6,1,100
006_final_seat_matrix_for_all_india_institute_of_medical_sciences_aiims_round_1_ug_2024_mbbs.pdf,FINAL SEAT MATRIX FOR ALL INDIA INSTITUTE OF MEDICAL SCIENCES (AIIMS) ROUND 1 UG 2024 (MBBS),AIIMS Mangalagiri,200510,MBBS,Open Seat Quota,49,2,12,0,32,2,18,0,9,1,125
006_final_seat_matrix_for_all_india_institute_of_medical_sciences_aiims_round_1_ug_2024_mbbs.pdf,FINAL SEAT MATRIX FOR ALL INDIA INSTITUTE OF MEDICAL SCIENCES (AIIMS) ROUND 1 UG 2024 (MBBS),AIIMS Rajkot,200520,MBBS,Open Seat Quota,21,1,4,0,12,1,7,0,4,0,50
006_final_seat_matrix_for_all_india_institute_of_medical_sciences_aiims_round_1_ug_2024_mbbs.pdf,FINAL SEAT MATRIX FOR ALL INDIA INSTITUTE OF MEDICAL SCIENCES (AIIMS) ROUND 1 UG 2024 (MBBS),"AIIMS, Bhubaneswar",200504,MBBS,Open Seat Quota,49,2,12,0,32,1,18,1,9,1,125
006_final_seat_matrix_for_all_india_institute_of_medical_sciences_aiims_round_1_ug_2024_mbbs.pdf,FINAL SEAT MATRIX FOR ALL INDIA INSTITUTE OF MEDICAL SCIENCES (AIIMS) ROUND 1 UG 2024 (MBBS),"AIIMS, Bibi Nagar, Hyderabad",200517,MBBS,Open Seat Quota,39,2,10,0,26,1,14,1,6,1,100
006_final_seat_matrix_for_all_india_institute_of_medical_sciences_aiims_round_1_ug_2024_mbbs.pdf,FINAL SEAT MATRIX FOR ALL INDIA INSTITUTE OF MEDICAL SCIENCES (AIIMS) ROUND 1 UG 2024 (MBBS),"AIIMS, Deogarh",200512,MBBS,Open Seat Quota,48,3,13,0,33,1,17,1,9,0,125
006_final_seat_matrix_for_all_india_institute_of_medical_sciences_aiims_round_1_ug_2024_mbbs.pdf,FINAL SEAT MATRIX FOR ALL INDIA INSTITUTE OF MEDICAL SCIENCES (AIIMS) ROUND 1 UG 2024 (MBBS),"AIIMS, Gorakhpur",200513,MBBS,Open Seat Quota,48,3,11,1,32,2,18,1,9,0,125
006_final_seat_matrix_for_all_india_institute_of_medical_sciences_aiims_round_1_ug_2024_mbbs.pdf,FINAL SEAT MATRIX FOR ALL INDIA INSTITUTE OF MEDICAL SCIENCES (AIIMS) ROUND 1 UG 2024 (MBBS),"AIIMS, Jodhpur",200505,MBBS,Open Seat Quota,48,2,13,0,32,2,17,1,10,0,125
006_final_seat_matrix_for_all_india_institute_of_medical_sciences_aiims_round_1_ug_2024_mbbs.pdf,FINAL SEAT MATRIX FOR ALL INDIA INSTITUTE OF MEDICAL SCIENCES (AIIMS) ROUND 1 UG 2024 (MBBS),"AIIMS, Kalyani",200514,MBBS,Open Seat Quota,50,2,11,1,31,2,18,1,8,1,125
006_final_seat_matrix_for_all_india_institute_of_medical_sciences_aiims_round_1_ug_2024_mbbs.pdf,FINAL SEAT MATRIX FOR ALL INDIA INSTITUTE OF MEDICAL SCIENCES (AIIMS) ROUND 1 UG 2024 (MBBS),"AIIMS, Madurai",200580,MBBS,Open Seat Quota,19,1,4,1,12,1,8,0,4,0,50
006_final_seat_matrix_for_all_india_institute_of_medical_sciences_aiims_round_1_ug_2024_mbbs.pdf,FINAL SEAT MATRIX FOR ALL INDIA INSTITUTE OF MEDICAL SCIENCES (AIIMS) ROUND 1 UG 2024 (MBBS),"AIIMS, Nagpur",200509,MBBS,Open Seat Quota,48,3,11,1,32,2,18,1,9,0,125
006_final_seat_matrix_for_all_india_institute_of_medical_sciences_aiims_round_1_ug_2024_mbbs.pdf,FINAL SEAT MATRIX FOR ALL INDIA INSTITUTE OF MEDICAL SCIENCES (AIIMS) ROUND 1 UG 2024 (MBBS),"AIIMS, New Delhi",200502,MBBS,Foreign Country Quota,7,0,0,0,0,0,0,0,0,0,7
006_final_seat_matrix_for_all_india_institute_of_medical_sciences_aiims_round_1_ug_2024_mbbs.pdf,FINAL SEAT MATRIX FOR ALL INDIA INSTITUTE OF MEDICAL SCIENCES (AIIMS) ROUND 1 UG 2024 (MBBS),"AIIMS, New Delhi",200502,MBBS,Open Seat Quota,46,3,12,1,33,1,19,1,8,1,125
006_final_seat_matrix_for_all_india_institute_of_medical_sciences_aiims_round_1_ug_2024_mbbs.pdf,FINAL SEAT MATRIX FOR ALL INDIA INSTITUTE OF MEDICAL SCIENCES (AIIMS) ROUND 1 UG 2024 (MBBS),"AIIMS, Patna",200508,MBBS,Open Seat Quota,48,3,12,0,31,2,18,1,9,1,125
006_final_seat_matrix_for_all_india_institute_of_medical_sciences_aiims_round_1_ug_2024_mbbs.pdf,FINAL SEAT MATRIX FOR ALL INDIA INSTITUTE OF MEDICAL SCIENCES (AIIMS) ROUND 1 UG 2024 (MBBS),"AIIMS, Rai Bareli",200516,MBBS,Open Seat Quota,38,2,10,0,26,1,15,0,8,0,100
006_final_seat_matrix_for_all_india_institute_of_medical_sciences_aiims_round_1_ug_2024_mbbs.pdf,FINAL SEAT MATRIX FOR ALL INDIA INSTITUTE OF MEDICAL SCIENCES (AIIMS) ROUND 1 UG 2024 (MBBS),"AIIMS, Raipur",200506,MBBS,Open Seat Quota,49,2,12,1,32,2,17,1,9,0,125
006_final_seat_matrix_for_all_india_institute_of_medical_sciences_aiims_round_1_ug_2024_mbbs.pdf,FINAL SEAT MATRIX FOR ALL INDIA INSTITUTE OF MEDICAL SCIENCES (AIIMS) ROUND 1 UG 2024 (MBBS),"AIIMS, Rishikesh",200507,MBBS,Open Seat Quota,48,2,13,0,32,2,17,1,10,0,125
006_final_seat_matrix_for_all_india_institute_of_medical_sciences_aiims_round_1_ug_2024_mbbs.pdf,FINAL SEAT MATRIX FOR ALL INDIA INSTITUTE OF MEDICAL SCIENCES (AIIMS) ROUND 1 UG 2024 (MBBS),AIIMS-Bhopal,200503,MBBS,Open Seat Quota,47,2,12,1,32,2,18,1,9,1,125
007_final_seat_matrix_for_central_university_1_ug_2024_bds.pdf,FINAL SEAT MATRIX FOR CENTRAL UNIVERSITY 1 UG 2024 (BDS),"Dr. Ziauddin Ahmed Dental College and Hospital,ALIGARH",200403,BDS,Aligarh Muslim University (AMU) Quota,17,1,0,0,0,0,0,0,0,0,18
007_final_seat_matrix_for_central_university_1_ug_2024_bds.pdf,FINAL SEAT MATRIX FOR CENTRAL UNIVERSITY 1 UG 2024 (BDS),"Dr. Ziauddin Ahmed Dental College and Hospital,ALIGARH",200403,BDS,Non-Resident Indian(AMU)Quota,5,0,0,0,0,0,0,0,0,0,5
007_final_seat_matrix_for_central_university_1_ug_2024_bds.pdf,FINAL SEAT MATRIX FOR CENTRAL UNIVERSITY 1 UG 2024 (BDS),"Dr. Ziauddin Ahmed Dental College and Hospital,ALIGARH",200403,BDS,Open Seat Quota,16,1,0,0,0,0,0,0,0,0,17
007_final_seat_matrix_for_central_university_1_ug_2024_bds.pdf,FINAL SEAT MATRIX FOR CENTRAL UNIVERSITY 1 UG 2024 (BDS),ESIC Dental College and Hospital,200496,BDS,IP University Quota,19,1,5,1,14,1,7,1,4,0,53
007_final_seat_matrix_for_central_university_1_ug_2024_bds.pdf,FINAL SEAT MATRIX FOR CENTRAL UNIVERSITY 1 UG 2024 (BDS),"Faculty of Dentistry, Jamia Millia Islamia, New Delhi",200325,BDS,Jamia Internal Quota,3,0,0,0,0,0,0,0,0,0,3
007_final_seat_matrix_for_central_university_1_ug_2024_bds.pdf,FINAL SEAT MATRIX FOR CENTRAL UNIVERSITY 1 UG 2024 (BDS),"Faculty of Dentistry, Jamia Millia Islamia, New Delhi",200325,BDS,Muslim OBC Quota,0,0,0,0,4,0,0,0,0,0,4
007_final_seat_matrix_for_central_university_1_ug_2024_bds.pdf,FINAL SEAT MATRIX FOR CENTRAL UNIVERSITY 1 UG 2024 (BDS),"Faculty of Dentistry, Jamia Millia Islamia, New Delhi",200325,BDS,Muslim ST Quota,0,0,0,0,0,0,0,0,1,0,1
007_final_seat_matrix_for_central_university_1_ug_2024_bds.pdf,FINAL SEAT MATRIX FOR CENTRAL UNIVERSITY 1 UG 2024 (BDS),"Faculty of Dentistry, Jamia Millia Islamia, New Delhi",200325,BDS,Muslim Quota,15,0,0,0,0,0,0,0,0,0,15
007_final_seat_matrix_for_central_university_1_ug_2024_bds.pdf,FINAL SEAT MATRIX FOR CENTRAL UNIVERSITY 1 UG 2024 (BDS),"Faculty of Dentistry, Jamia Millia Islamia, New Delhi",200325,BDS,Muslim Women Quota,5,0,0,0,0,0,0,0,0,0,5
007_final_seat_matrix_for_central_university_1_ug_2024_bds.pdf,FINAL SEAT MATRIX FOR CENTRAL UNIVERSITY 1 UG 2024 (BDS),"Faculty of Dentistry, Jamia Millia Islamia, New Delhi",200325,BDS,Open Seat Quota,20,2,0,0,0,0,0,0,0,0,22
007_final_seat_matrix_for_central_university_1_ug_2024_bds.pdf,FINAL SEAT MATRIX FOR CENTRAL UNIVERSITY 1 UG 2024 (BDS),"IMS BHU Dental, Varanasi",200404,BDS,Open Seat Quota,26,1,6,0,16,1,9,0,4,0,63
007_final_seat_matrix_for_central_university_1_ug_2024_bds.pdf,FINAL SEAT MATRIX FOR CENTRAL UNIVERSITY 1 UG 2024 (BDS),"Maulana Azad Institute of Dental Sciences, New Delhi",200451,BDS,Delhi University Quota,16,1,4,0,9,1,6,0,3,0,40
007_final_seat_matrix_for_central_university_1_ug_2024_bds.pdf,FINAL SEAT MATRIX FOR CENTRAL UNIVERSITY 1 UG 2024 (BDS),"Maulana Azad Institute of Dental Sciences, New Delhi",200451,BDS,Delhi NCR Children/Widows of Personnel of the Armed Forces (CW) Quota,1,0,0,0,1,0,0,0,0,0,2
008_final_seat_matrix_for_employees_state_insurance_scheme_round_1_ug_2024_mbbs_bds.pdf,FINAL SEAT MATRIX FOR EMPLOYEES STATE INSURANCE SCHEME ROUND 1 UG 2024 (MBBS& BDS),"Employees State Insurance Corporation Medical College, Alwar",200575,MBBS,Employees State Insurance Scheme(ESI),9,0,2,0,5,0,3,0,1,0,20
008_final_seat_matrix_for_employees_state_insurance_scheme_round_1_ug_2024_mbbs_bds.pdf,FINAL SEAT MATRIX FOR EMPLOYEES STATE INSURANCE SCHEME ROUND 1 UG 2024 (MBBS& BDS),"ESI-MC&PGIMS&R, Banglore",200165,MBBS,Employees State Insurance Scheme(ESI),25,2,7,0,17,1,9,1,6,0,68
008_final_seat_matrix_for_employees_state_insurance_scheme_round_1_ug_2024_mbbs_bds.pdf,FINAL SEAT MATRIX FOR EMPLOYEES STATE INSURANCE SCHEME ROUND 1 UG 2024 (MBBS& BDS),"ESIC Dental College, Gulbarga",200411,BDS,Employees State Insurance Scheme(ESI),12,0,2,0,7,0,4,1,2,0,28
008_final_seat_matrix_for_employees_state_insurance_scheme_round_1_ug_2024_mbbs_bds.pdf,FINAL SEAT MATRIX FOR EMPLOYEES STATE INSURANCE SCHEME ROUND 1 UG 2024 (MBBS& BDS),"ESIC Medical College & Hospital, Bihta",200573,MBBS,Employees State Insurance Scheme(ESI),13,1,3,0,8,1,5,1,2,1,35
008_final_seat_matrix_for_employees_state_insurance_scheme_round_1_ug_2024_mbbs_bds.pdf,FINAL SEAT MATRIX FOR EMPLOYEES STATE INSURANCE SCHEME ROUND 1 UG 2024 (MBBS& BDS),"ESIC Medical College AND PGIMSR, Chennai",200415,MBBS,Employees State Insurance Scheme(ESI),11,1,3,0,8,1,4,0,2,0,30
008_final_seat_matrix_for_employees_state_insurance_scheme_round_1_ug_2024_mbbs_bds.pdf,FINAL SEAT MATRIX FOR EMPLOYEES STATE INSURANCE SCHEME ROUND 1 UG 2024 (MBBS& BDS),"ESIC Medical College, Faridabad",200409,MBBS,Employees State Insurance Scheme(ESI),16,1,5,0,12,0,6,0,3,0,43
008_final_seat_matrix_for_employees_state_insurance_scheme_round_1_ug_2024_mbbs_bds.pdf,FINAL SEAT MATRIX FOR EMPLOYEES STATE INSURANCE SCHEME ROUND 1 UG 2024 (MBBS& BDS),"ESIC Medical College, Gulbarga",200413,MBBS,Employees State Insurance Scheme(ESI),27,1,6,0,18,1,10,0,5,0,68
008_final_seat_matrix_for_employees_state_insurance_scheme_round_1_ug_2024_mbbs_bds.pdf,FINAL SEAT MATRIX FOR EMPLOYEES STATE INSURANCE SCHEME ROUND 1 UG 2024 (MBBS& BDS),"ESIC Medical College, Hyderbad",200418,MBBS,Employees State Insurance Scheme(ESI),16,1,4,0,11,1,7,0,3,0,43
008_final_seat_matrix_for_employees_state_insurance_scheme_round_1_ug_2024_mbbs_bds.pdf,FINAL SEAT MATRIX FOR EMPLOYEES STATE INSURANCE SCHEME ROUND 1 UG 2024 (MBBS& BDS),"ESIC PGIMSR, Joka, Kolkata, WB",200313,MBBS,Employees State Insurance Scheme(ESI),25,2,6,0,17,0,9,1,5,0,65
008_final_seat_matrix_for_employees_state_insurance_scheme_round_1_ug_2024_mbbs_bds.pdf,FINAL SEAT MATRIX FOR EMPLOYEES STATE INSURANCE SCHEME ROUND 1 UG 2024 (MBBS& BDS),"Government Medical College and ESIC Hospital, Coimbatore",200264,MBBS,Employees State Insurance Scheme(ESI),8,0,2,0,5,0,3,0,2,0,20
008_final_seat_matrix_for_employees_state_insurance_scheme_round_1_ug_2024_mbbs_bds.pdf,FINAL SEAT MATRIX FOR EMPLOYEES STATE INSURANCE SCHEME ROUND 1 UG 2024 (MBBS& BDS),"Government Medical College, ESIC, Kollam",200414,MBBS,Employees State Insurance Scheme(ESI),14,1,4,1,10,0,5,1,2,1,39
008_final_seat_matrix_for_employees_state_insurance_scheme_round_1_ug_2024_mbbs_bds.pdf,FINAL SEAT MATRIX FOR EMPLOYEES STATE INSURANCE SCHEME ROUND 1 UG 2024 (MBBS& BDS),"SLBS Govt. Medical College, Mandi",200410,MBBS,Employees State Insurance Scheme(ESI),15,0,2,1,9,1,6,0,2,0,36
009_final_seat_matrix_for_jipmer_mbbs_round_1_ug_2024_mbbs.pdf,FINAL SEAT MATRIX FOR JIPMER MBBS ROUND 1 UG 2024 (MBBS),JIPMER KARAIKAL,200522,MBBS,Internal -Puducherry UT Domicile,7,0,2,0,4,0,1,1,0,1,16
009_final_seat_matrix_for_jipmer_mbbs_round_1_ug_2024_mbbs.pdf,FINAL SEAT MATRIX FOR JIPMER MBBS ROUND 1 UG 2024 (MBBS),JIPMER KARAIKAL,200522,MBBS,Open Seat Quota,17,1,5,0,12,1,6,0,3,0,45
009_final_seat_matrix_for_jipmer_mbbs_round_1_ug_2024_mbbs.pdf,FINAL SEAT MATRIX FOR JIPMER MBBS ROUND 1 UG 2024 (MBBS),JIPMER PUDUCHERRY,200521,MBBS,Internal -Puducherry UT Domicile,19,1,4,0,12,1,8,0,3,0,48
009_final_seat_matrix_for_jipmer_mbbs_round_1_ug_2024_mbbs.pdf,FINAL SEAT MATRIX FOR JIPMER MBBS ROUND 1 UG 2024 (MBBS),JIPMER PUDUCHERRY,200521,MBBS,Open Seat Quota,51,3,12,1,34,2,20,1,10,0,134
010_final_seat_matrix_for_deemed_round_1_ug_2024_mbbs.pdf,FINAL SEAT MATRIX FOR DEEMED ROUND 1 UG 2024 (MBBS),"Aarupadai Veedu Medical College and Hospt., Puducherry",200377,MBBS,Deemed/Paid Seats Quota,150,,,,,,,,,,150
010_final_seat_matrix_for_deemed_round_1_ug_2024_mbbs.pdf,FINAL SEAT MATRIX FOR DEEMED ROUND 1 UG 2024 (MBBS),"ACS Medical College and Hospital, Chennai",200383,MBBS,Non-Resident Indian,38,,,,,,,,,,38
010_final_seat_matrix_for_deemed_round_1_ug_2024_mbbs.pdf,FINAL SEAT MATRIX FOR DEEMED ROUND 1 UG 2024 (MBBS),"ACS Medical College and Hospital, Chennai",200383,MBBS,Deemed/Paid Seats Quota,212,,,,,,,,,,212
010_final_seat_matrix_for_deemed_round_1_ug_2024_mbbs.pdf,FINAL SEAT MATRIX FOR DEEMED ROUND 1 UG 2024 (MBBS),"Amrita Institute of Medical Science, Kochi",200352,MBBS,Non-Resident Indian,23,,,,,,,,,,23
010_final_seat_matrix_for_deemed_round_1_ug_2024_mbbs.pdf,FINAL SEAT MATRIX FOR DEEMED ROUND 1 UG 2024 (MBBS),"Amrita Institute of Medical Science, Kochi",200352,MBBS,Deemed/Paid Seats Quota,127,,,,,,,,,,127
010_final_seat_matrix_for_deemed_round_1_ug_2024_mbbs.pdf,FINAL SEAT MATRIX FOR DEEMED ROUND 1 UG 2024 (MBBS),Amrita School of Medicine Faridabad,200646,MBBS,Non-Resident Indian,15,,,,,,,,,,15
010_final_seat_matrix_for_deemed_round_1_ug_2024_mbbs.pdf,FINAL SEAT MATRIX FOR DEEMED ROUND 1 UG 2024 (MBBS),Amrita School of Medicine Faridabad,200646,MBBS,Deemed/Paid Seats Quota,135,,,,,,,,,,135
010_final_seat_matrix_for_deemed_round_1_ug_2024_mbbs.pdf,FINAL SEAT MATRIX FOR DEEMED ROUND 1 UG 2024 (MBBS),"B.L.D.E University, Bijapur",200334,MBBS,Non-Resident Indian,30,,,,,,,,,,30
010_final_seat_matrix_for_deemed_round_1_ug_2024_mbbs.pdf,FINAL SEAT MATRIX FOR DEEMED ROUND 1 UG 2024 (MBBS),"B.L.D.E University, Bijapur",200334,MBBS,Deemed/Paid Seats Quota,170,,,,,,,,,,170
010_final_seat_matrix_for_deemed_round_1_ug_2024_mbbs.pdf,FINAL SEAT MATRIX FOR DEEMED ROUND 1 UG 2024 (MBBS),BHAARATH MEDICAL COLLEGE AND HOSPITAL,200532,MBBS,Deemed/Paid Seats Quota,150,,,,,,,,,,150
010_final_seat_matrix_for_deemed_round_1_ug_2024_mbbs.pdf,FINAL SEAT MATRIX FOR DEEMED ROUND 1 UG 2024 (MBBS),Bharati Vidyapeeth DU Medical College,200356,MBBS,Non-Resident Indian,22,,,,,,,,,,22
010_final_seat_matrix_for_deemed_round_1_ug_2024_mbbs.pdf,FINAL SEAT MATRIX FOR DEEMED ROUND 1 UG 2024 (MBBS),Bharati Vidyapeeth DU Medical College,200356,MBBS,Deemed/Paid Seats Quota,128,,,,,,,,,,128
010_final_seat_matrix_for_deemed_round_1_ug_2024_mbbs.pdf,FINAL SEAT MATRIX FOR DEEMED ROUND 1 UG 2024 (MBBS),"BV Deemed Uni. Med. College and Hos., Sangli",200355,MBBS,Non-Resident Indian,22,,,,,,,,,,22
010_final_seat_matrix_for_deemed_round_1_ug_2024_mbbs.pdf,FINAL SEAT MATRIX FOR DEEMED ROUND 1 UG 2024 (MBBS),"BV Deemed Uni. Med. College and Hos., Sangli",200355,MBBS,Deemed/Paid Seats Quota,128,,,,,,,,,,128
010_final_seat_matrix_for_deemed_round_1_ug_2024_mbbs.pdf,FINAL SEAT MATRIX FOR DEEMED ROUND 1 UG 2024 (MBBS),"Chettinad Hos. and Res. Inst., Kancheepuram",200384,MBBS,Deemed/Paid Seats Quota,250,,,,,,,,,,250
010_final_seat_matrix_for_deemed_round_1_ug_2024_mbbs.pdf,FINAL SEAT MATRIX FOR DEEMED ROUND 1 UG 2024 (MBBS),DATTA MEGHE MEDICAL COLLEGE WANADONGRI HINGNA NAGPUR,200525,MBBS,Non-Resident Indian,23,,,,,,,,,,23
010_final_seat_matrix_for_deemed_round_1_ug_2024_mbbs.pdf,FINAL SEAT MATRIX FOR DEEMED ROUND 1 UG 2024 (MBBS),DATTA MEGHE MEDICAL COLLEGE WANADONGRI HINGNA NAGPUR,200525,MBBS,Deemed/Paid Seats Quota,127,,,,,,,,,,127
010_final_seat_matrix_for_deemed_round_1_ug_2024_mbbs.pdf,FINAL SEAT MATRIX FOR DEEMED ROUND 1 UG 2024 (MBBS),"Dr. DY Patil Medical College and Hospt., Pune",200361,MBBS,Non-Resident Indian,38,,,,,,,,,,38
010_final_seat_matrix_for_deemed_round_1_ug_2024_mbbs.pdf,FINAL SEAT MATRIX FOR DEEMED ROUND 1 UG 2024 (MBBS),"Dr. DY Patil Medical College and Hospt., Pune",200361,MBBS,Deemed/Paid Seats Quota,212,,,,,,,,,,212
010_final_seat_matrix_for_deemed_round_1_ug_2024_mbbs.pdf,FINAL SEAT MATRIX FOR DEEMED ROUND 1 UG 2024 (MBBS),"Dr. DY Patil Medical College, Navi Mumbai",200362,MBBS,Non-Resident Indian,38,,,,,,,,,,38
010_final_seat_matrix_for_deemed_round_1_ug_2024_mbbs.pdf,FINAL SEAT MATRIX FOR DEEMED ROUND 1 UG 2024 (MBBS),"Dr. DY Patil Medical College, Navi Mumbai",200362,MBBS,Deemed/Paid Seats Quota,212,,,,,,,,,,212
010_final_seat_matrix_for_deemed_round_1_ug_2024_mbbs.pdf,FINAL SEAT MATRIX FOR DEEMED ROUND 1 UG 2024 (MBBS),"Dr. DYP Edu. Soc. Deemed Uni., Kolhapur",200363,MBBS,Non-Resident Indian,22,,,,,,,,,,22
010_final_seat_matrix_for_deemed_round_1_ug_2024_mbbs.pdf,FINAL SEAT MATRIX FOR DEEMED ROUND 1 UG 2024 (MBBS),"Dr. DYP Edu. Soc. Deemed Uni., Kolhapur",200363,MBBS,Deemed/Paid Seats Quota,128,,,,,,,,,,128
010_final_seat_matrix_for_deemed_round_1_ug_2024_mbbs.pdf,FINAL SEAT MATRIX FOR DEEMED ROUND 1 UG 2024 (MBBS),"GITAM Institue of Med. Sce. and Res., Visakhapatnam",200324,MBBS,Non-Resident Indian,23,,,,,,,,,,23
010_final_seat_matrix_for_deemed_round_1_ug_2024_mbbs.pdf,FINAL SEAT MATRIX FOR DEEMED ROUND 1 UG 2024 (MBBS),"GITAM Institue of Med. Sce. and Res., Visakhapatnam",200324,MBBS,Deemed/Paid Seats Quota,127,,,,,,,,,,127
010_final_seat_matrix_for_deemed_round_1_ug_2024_mbbs.pdf,FINAL SEAT MATRIX FOR DEEMED ROUND 1 UG 2024 (MBBS),Graphic Era Institute Of Medical Science,902812,MBBS,Non-Resident Indian,23,,,,,,,,,,23
010_final_seat_matrix_for_deemed_round_1_ug_2024_mbbs.pdf,FINAL SEAT MATRIX FOR DEEMED ROUND 1 UG 2024 (MBBS),Graphic Era Institute Of Medical Science,902812,MBBS,Deemed/Paid Seats Quota,127,,,,,,,,,,127
010_final_seat_matrix_for_deemed_round_1_ug_2024_mbbs.pdf,FINAL SEAT MATRIX FOR DEEMED ROUND 1 UG 2024 (MBBS),"Hamdard Inst of Med Sciences and Research, New Delhi",200326,MBBS,Muslim Minority Quota,75,,,,,,,,,,75
010_final_seat_matrix_for_deemed_round_1_ug_2024_mbbs.pdf,FINAL SEAT MATRIX FOR DEEMED ROUND 1 UG 2024 (MBBS),"Hamdard Inst of Med Sciences and Research, New Delhi",200326,MBBS,Non-Resident Indian,23,,,,,,,,,,23
010_final_seat_matrix_for_deemed_round_1_ug_2024_mbbs.pdf,FINAL SEAT MATRIX FOR DEEMED ROUND 1 UG 2024 (MBBS),"Hamdard Inst of Med Sciences and Research, New Delhi",200326,MBBS,Deemed/Paid Seats Quota,52,,,,,,,,,,52
010_final_seat_matrix_for_deemed_round_1_ug_2024_mbbs.pdf,FINAL SEAT MATRIX FOR DEEMED ROUND 1 UG 2024 (MBBS),"Institute of Medical Sciences & SUM Hospital, Campus II",902806,MBBS,Non-Resident Indian,23,,,,,,,,,,23
010_final_seat_matrix_for_deemed_round_1_ug_2024_mbbs.pdf,FINAL SEAT MATRIX FOR DEEMED ROUND 1 UG 2024 (MBBS),"Institute of Medical Sciences & SUM Hospital, Campus II",902806,MBBS,Deemed/Paid Seats Quota,127,,,,,,,,,,127
010_final_seat_matrix_for_deemed_round_1_ug_2024_mbbs.pdf,FINAL SEAT MATRIX FOR DEEMED ROUND 1 UG 2024 (MBBS),"Institute of Medical Sciences and SUM Host., Bhubaneswar",200374,MBBS,Non-Resident Indian,38,,,,,,,,,,38
010_final_seat_matrix_for_deemed_round_1_ug_2024_mbbs.pdf,FINAL SEAT MATRIX FOR DEEMED ROUND 1 UG 2024 (MBBS),"Institute of Medical Sciences and SUM Host., Bhubaneswar",200374,MBBS,Deemed/Paid Seats Quota,212,,,,,,,,,,212
010_final_seat_matrix_for_deemed_round_1_ug_2024_mbbs.pdf,FINAL SEAT MATRIX FOR DEEMED ROUND 1 UG 2024 (MBBS),"J R MEDICAL COLLEGE AND HOSPITAL, TAMIL NADU",902804,MBBS,Deemed/Paid Seats Quota,150,,,,,,,,,,150
010_final_seat_matrix_for_deemed_round_1_ug_2024_mbbs.pdf,FINAL SEAT MATRIX FOR DEEMED ROUND 1 UG 2024 (MBBS),"Jagadguru Gangadhar Mahaswamigalu Moorusavirmath Medical College, Hubballi",200536,MBBS,Non-Resident Indian,23,,,,,,,,,,23
010_final_seat_matrix_for_deemed_round_1_ug_2024_mbbs.pdf,FINAL SEAT MATRIX FOR DEEMED ROUND 1 UG 2024 (MBBS),"Jagadguru Gangadhar Mahaswamigalu Moorusavirmath Medical College, Hubballi",200536,MBBS,Deemed/Paid Seats Quota,90,,,,,,,,,,90
010_final_seat_matrix_for_deemed_round_1_ug_2024_mbbs.pdf,FINAL SEAT MATRIX FOR DEEMED ROUND 1 UG 2024 (MBBS),"Jawahar Lal Nehru Medical College, Belagavi",200335,MBBS,Non-Resident Indian,30,,,,,,,,,,30
010_final_seat_matrix_for_deemed_round_1_ug_2024_mbbs.pdf,FINAL SEAT MATRIX FOR DEEMED ROUND 1 UG 2024 (MBBS),"Jawahar Lal Nehru Medical College, Belagavi",200335,MBBS,Deemed/Paid Seats Quota,158,,,,,,,,,,158
010_final_seat_matrix_for_deemed_round_1_ug_2024_mbbs.pdf,FINAL SEAT MATRIX FOR DEEMED ROUND 1 UG 2024 (MBBS),"JLN Medical College, Datta Meghe, Wardha",200364,MBBS,Non-Resident Indian,38,,,,,,,,,,38
010_final_seat_matrix_for_deemed_round_1_ug_2024_mbbs.pdf,FINAL SEAT MATRIX FOR DEEMED ROUND 1 UG 2024 (MBBS),"JLN Medical College, Datta Meghe, Wardha",200364,MBBS,Deemed/Paid Seats Quota,212,,,,,,,,,,212
010_final_seat_matrix_for_deemed_round_1_ug_2024_mbbs.pdf,FINAL SEAT MATRIX FOR DEEMED ROUND 1 UG 2024 (MBBS),"JSS Medical College, Mysuru",200337,MBBS,Non-Resident Indian,38,,,,,,,,,,38
010_final_seat_matrix_for_deemed_round_1_ug_2024_mbbs.pdf,FINAL SEAT MATRIX FOR DEEMED ROUND 1 UG 2024 (MBBS),"JSS Medical College, Mysuru",200337,MBBS,Deemed/Paid Seats Quota,199,,,,,,,,,,199
010_final_seat_matrix_for_deemed_round_1_ug_2024_mbbs.pdf,FINAL SEAT MATRIX FOR DEEMED ROUND 1 UG 2024 (MBBS),"K.S Hegde Medical Academy, Mangaluru",200338,MBBS,Non-Resident Indian,38,,,,,,,,,,38
010_final_seat_matrix_for_deemed_round_1_ug_2024_mbbs.pdf,FINAL SEAT MATRIX FOR DEEMED ROUND 1 UG 2024 (MBBS),"K.S Hegde Medical Academy, Mangaluru",200338,MBBS,Deemed/Paid Seats Quota,174,,,,,,,,,,174
010_final_seat_matrix_for_deemed_round_1_ug_2024_mbbs.pdf,FINAL SEAT MATRIX FOR DEEMED ROUND 1 UG 2024 (MBBS),"Kalinga Institute of Medical Sciences, Bhubaneswar",200376,MBBS,Non-Resident Indian,37,,,,,,,,,,37
010_final_seat_matrix_for_deemed_round_1_ug_2024_mbbs.pdf,FINAL SEAT MATRIX FOR DEEMED ROUND 1 UG 2024 (MBBS),"Kalinga Institute of Medical Sciences, Bhubaneswar",200376,MBBS,Deemed/Paid Seats Quota,213,,,,,,,,,,213
010_final_seat_matrix_for_deemed_round_1_ug_2024_mbbs.pdf,FINAL SEAT MATRIX FOR DEEMED ROUND 1 UG 2024 (MBBS),"Kasturba Medical College, Manipal Univ., Mangalore",200339,MBBS,Non-Resident Indian,38,,,,,,,,,,38
010_final_seat_matrix_for_deemed_round_1_ug_2024_mbbs.pdf,FINAL SEAT MATRIX FOR DEEMED ROUND 1 UG 2024 (MBBS),"Kasturba Medical College, Manipal Univ., Mangalore",200339,MBBS,Deemed/Paid Seats Quota,160,,,,,,,,,,160
010_final_seat_matrix_for_deemed_round_1_ug_2024_mbbs.pdf,FINAL SEAT MATRIX FOR DEEMED ROUND 1 UG 2024 (MBBS),"Kasturba Medical College, Manipal Univ., Manipal",200340,MBBS,Non-Resident Indian,37,,,,,,,,,,37
010_final_seat_matrix_for_deemed_round_1_ug_2024_mbbs.pdf,FINAL SEAT MATRIX FOR DEEMED ROUND 1 UG 2024 (MBBS),"Kasturba Medical College, Manipal Univ., Manipal",200340,MBBS,Deemed/Paid Seats Quota,213,,,,,,,,,,213
010_final_seat_matrix_for_deemed_round_1_ug_2024_mbbs.pdf,FINAL SEAT MATRIX FOR DEEMED ROUND 1 UG 2024 (MBBS),"Krishna Inst. of Med. Scie., Karad",200365,MBBS,Non-Resident Indian,38,,,,,,,,,,38
010_final_seat_matrix_for_deemed_round_1_ug_2024_mbbs.pdf,FINAL SEAT MATRIX FOR DEEMED ROUND 1 UG 2024 (MBBS),"Krishna Inst. of Med. Scie., Karad",200365,MBBS,Deemed/Paid Seats Quota,212,,,,,,,,,,212
010_final_seat_matrix_for_deemed_round_1_ug_2024_mbbs.pdf,FINAL SEAT MATRIX FOR DEEMED ROUND 1 UG 2024 (MBBS),"Mahatma Gandhi Medical College, Pondicherry",200379,MBBS,Non-Resident Indian,20,,,,,,,,,,20
010_final_seat_matrix_for_deemed_round_1_ug_2024_mbbs.pdf,FINAL SEAT MATRIX FOR DEEMED ROUND 1 UG 2024 (MBBS),"Mahatma Gandhi Medical College, Pondicherry",200379,MBBS,Deemed/Paid Seats Quota,230,,,,,,,,,,230
010_final_seat_matrix_for_deemed_round_1_ug_2024_mbbs.pdf,FINAL SEAT MATRIX FOR DEEMED ROUND 1 UG 2024 (MBBS),"Mahatma Gandhi Mission Medical College, Nerul",902807,MBBS,Non-Resident Indian,8,,,,,,,,,,8
010_final_seat_matrix_for_deemed_round_1_ug_2024_mbbs.pdf,FINAL SEAT MATRIX FOR DEEMED ROUND 1 UG 2024 (MBBS),"Mahatma Gandhi Mission Medical College, Nerul",902807,MBBS,Deemed/Paid Seats Quota,42,,,,,,,,,,42
010_final_seat_matrix_for_deemed_round_1_ug_2024_mbbs.pdf,FINAL SEAT MATRIX FOR DEEMED ROUND 1 UG 2024 (MBBS),"Mahatma Gandhi Mission Medical College, Vashi, Navi Mumbai",200654,MBBS,Non-Resident Indian,15,,,,,,,,,,15
010_final_seat_matrix_for_deemed_round_1_ug_2024_mbbs.pdf,FINAL SEAT MATRIX FOR DEEMED ROUND 1 UG 2024 (MBBS),"Mahatma Gandhi Mission Medical College, Vashi, Navi Mumbai",200654,MBBS,Deemed/Paid Seats Quota,85,,,,,,,,,,85
010_final_seat_matrix_for_deemed_round_1_ug_2024_mbbs.pdf,FINAL SEAT MATRIX FOR DEEMED ROUND 1 UG 2024 (MBBS),Manipal Tata Medical College,200528,MBBS,Non-Resident Indian,2,,,,,,,,,,2
010_final_seat_matrix_for_deemed_round_1_ug_2024_mbbs.pdf,FINAL SEAT MATRIX FOR DEEMED ROUND 1 UG 2024 (MBBS),Manipal Tata Medical College,200528,MBBS,Deemed/Paid Seats Quota,123,,,,,,,,,,123
010_final_seat_matrix_for_deemed_round_1_ug_2024_mbbs.pdf,FINAL SEAT MATRIX FOR DEEMED ROUND 1 UG 2024 (MBBS),"Meenakshi Medical College Hospital and Research Institute, Kanchipuram",200386,MBBS,Non-Resident Indian,38,,,,,,,,,,38
010_final_seat_matrix_for_deemed_round_1_ug_2024_mbbs.pdf,FINAL SEAT MATRIX FOR DEEMED ROUND 1 UG 2024 (MBBS),"Meenakshi Medical College Hospital and Research Institute, Kanchipuram",200386,MBBS,Deemed/Paid Seats Quota,212,,,,,,,,,,212
010_final_seat_matrix_for_deemed_round_1_ug_2024_mbbs.pdf,FINAL SEAT MATRIX FOR DEEMED ROUND 1 UG 2024 (MBBS),"MGM Medical College, Aurangabad",200367,MBBS,Non-Resident Indian,30,,,,,,,,,,30
010_final_seat_matrix_for_deemed_round_1_ug_2024_mbbs.pdf,FINAL SEAT MATRIX FOR DEEMED ROUND 1 UG 2024 (MBBS),"MGM Medical College, Aurangabad",200367,MBBS,Deemed/Paid Seats Quota,170,,,,,,,,,,170
010_final_seat_matrix_for_deemed_round_1_ug_2024_mbbs.pdf,FINAL SEAT MATRIX FOR DEEMED ROUND 1 UG 2024 (MBBS),"MGM Medical College, Navi Mumbai",200368,MBBS,Non-Resident Indian,30,,,,,,,,,,30
010_final_seat_matrix_for_deemed_round_1_ug_2024_mbbs.pdf,FINAL SEAT MATRIX FOR DEEMED ROUND 1 UG 2024 (MBBS),"MGM Medical College, Navi Mumbai",200368,MBBS,Deemed/Paid Seats Quota,170,,,,,,,,,,170
010_final_seat_matrix_for_deemed_round_1_ug_2024_mbbs.pdf,FINAL SEAT MATRIX FOR DEEMED ROUND 1 UG 2024 (MBBS),"MM Inst. Med. and Research, Mullana",200332,MBBS,Non-Resident Indian,30,,,,,,,,,,30
010_final_seat_matrix_for_deemed_round_1_ug_2024_mbbs.pdf,FINAL SEAT MATRIX FOR DEEMED ROUND 1 UG 2024 (MBBS),"MM Inst. Med. and Research, Mullana",200332,MBBS,Deemed/Paid Seats Quota,170,,,,,,,,,,170
010_final_seat_matrix_for_deemed_round_1_ug_2024_mbbs.pdf,FINAL SEAT MATRIX FOR DEEMED ROUND 1 UG 2024 (MBBS),Raja Rajeswari Medical College Bengaluru,200469,MBBS,Non-Resident Indian,38,,,,,,,,,,38
010_final_seat_matrix_for_deemed_round_1_ug_2024_mbbs.pdf,FINAL SEAT MATRIX FOR DEEMED ROUND 1 UG 2024 (MBBS),Raja Rajeswari Medical College Bengaluru,200469,MBBS,Deemed/Paid Seats Quota,212,,,,,,,,,,212
010_final_seat_matrix_for_deemed_round_1_ug_2024_mbbs.pdf,FINAL SEAT MATRIX FOR DEEMED ROUND 1 UG 2024 (MBBS),"Rural Medical College and PIMS, Loni",200370,MBBS,Non-Resident Indian,30,,,,,,,,,,30
010_final_seat_matrix_for_deemed_round_1_ug_2024_mbbs.pdf,FINAL SEAT MATRIX FOR DEEMED ROUND 1 UG 2024 (MBBS),"Rural Medical College and PIMS, Loni",200370,MBBS,Deemed/Paid Seats Quota,170,,,,,,,,,,170
010_final_seat_matrix_for_deemed_round_1_ug_2024_mbbs.pdf,FINAL SEAT MATRIX FOR DEEMED ROUND 1 UG 2024 (MBBS),"Santosh Medical College and Hospital, Ghaziabad",200408,MBBS,Non-Resident Indian,23,,,,,,,,,,23
010_final_seat_matrix_for_deemed_round_1_ug_2024_mbbs.pdf,FINAL SEAT MATRIX FOR DEEMED ROUND 1 UG 2024 (MBBS),"Santosh Medical College and Hospital, Ghaziabad",200408,MBBS,Deemed/Paid Seats Quota,127,,,,,,,,,,127
010_final_seat_matrix_for_deemed_round_1_ug_2024_mbbs.pdf,FINAL SEAT MATRIX FOR DEEMED ROUND 1 UG 2024 (MBBS),"Saveetha Medical College, Chennai",200389,MBBS,Deemed/Paid Seats Quota,250,,,,,,,,,,250
010_final_seat_matrix_for_deemed_round_1_ug_2024_mbbs.pdf,FINAL SEAT MATRIX FOR DEEMED ROUND 1 UG 2024 (MBBS),"SBKS Med. Inst. and Res. Centre, Sumandeep Vidyapeeth",200330,MBBS,Jain Minority Quota,106,,,,,,,,,,106
010_final_seat_matrix_for_deemed_round_1_ug_2024_mbbs.pdf,FINAL SEAT MATRIX FOR DEEMED ROUND 1 UG 2024 (MBBS),"SBKS Med. Inst. and Res. Centre, Sumandeep Vidyapeeth",200330,MBBS,Non-Resident Indian,37,,,,,,,,,,37
010_final_seat_matrix_for_deemed_round_1_ug_2024_mbbs.pdf,FINAL SEAT MATRIX FOR DEEMED ROUND 1 UG 2024 (MBBS),"SBKS Med. Inst. and Res. Centre, Sumandeep Vidyapeeth",200330,MBBS,Deemed/Paid Seats Quota,107,,,,,,,,,,107
010_final_seat_matrix_for_deemed_round_1_ug_2024_mbbs.pdf,FINAL SEAT MATRIX FOR DEEMED ROUND 1 UG 2024 (MBBS),"SDU Medical College, Kolar",200347,MBBS,Non-Resident Indian,30,,,,,,,,,,30
010_final_seat_matrix_for_deemed_round_1_ug_2024_mbbs.pdf,FINAL SEAT MATRIX FOR DEEMED ROUND 1 UG 2024 (MBBS),"SDU Medical College, Kolar",200347,MBBS,Deemed/Paid Seats Quota,170,,,,,,,,,,170
010_final_seat_matrix_for_deemed_round_1_ug_2024_mbbs.pdf,FINAL SEAT MATRIX FOR DEEMED ROUND 1 UG 2024 (MBBS),"Shri Sathya Sai Medical College and RI, Chennai",200390,MBBS,Deemed/Paid Seats Quota,250,,,,,,,,,,250
010_final_seat_matrix_for_deemed_round_1_ug_2024_mbbs.pdf,FINAL SEAT MATRIX FOR DEEMED ROUND 1 UG 2024 (MBBS),"Sree Balaji Medical College and Hospital, Chennai",200393,MBBS,Non-Resident Indian,7,,,,,,,,,,7
010_final_seat_matrix_for_deemed_round_1_ug_2024_mbbs.pdf,FINAL SEAT MATRIX FOR DEEMED ROUND 1 UG 2024 (MBBS),"Sree Balaji Medical College and Hospital, Chennai",200393,MBBS,Deemed/Paid Seats Quota,243,,,,,,,,,,243
010_final_seat_matrix_for_deemed_round_1_ug_2024_mbbs.pdf,FINAL SEAT MATRIX FOR DEEMED ROUND 1 UG 2024 (MBBS),"Sri Lakshmi Narayana Inst. of Med. Scien., Puducherry",200380,MBBS,Deemed/Paid Seats Quota,250,,,,,,,,,,250
010_final_seat_matrix_for_deemed_round_1_ug_2024_mbbs.pdf,FINAL SEAT MATRIX FOR DEEMED ROUND 1 UG 2024 (MBBS),SRI LALITHAMBIGAI MEDICAL COLLEGE & HOSPITAL,200540,MBBS,Non-Resident Indian,22,,,,,,,,,,22
010_final_seat_matrix_for_deemed_round_1_ug_2024_mbbs.pdf,FINAL SEAT MATRIX FOR DEEMED ROUND 1 UG 2024 (MBBS),SRI LALITHAMBIGAI MEDICAL COLLEGE & HOSPITAL,200540,MBBS,Deemed/Paid Seats Quota,128,,,,,,,,,,128
010_final_seat_matrix_for_deemed_round_1_ug_2024_mbbs.pdf,FINAL SEAT MATRIX FOR DEEMED ROUND 1 UG 2024 (MBBS),"Sri Ramachandra Med. College and Res. Inst., Chennai",200396,MBBS,Non-Resident Indian,38,,,,,,,,,,38
010_final_seat_matrix_for_deemed_round_1_ug_2024_mbbs.pdf,FINAL SEAT MATRIX FOR DEEMED ROUND 1 UG 2024 (MBBS),"Sri Ramachandra Med. College and Res. Inst., Chennai",200396,MBBS,Deemed/Paid Seats Quota,212,,,,,,,,,,212
010_final_seat_matrix_for_deemed_round_1_ug_2024_mbbs.pdf,FINAL SEAT MATRIX FOR DEEMED ROUND 1 UG 2024 (MBBS),Sri Siddhartha Academy T Begur,200472,MBBS,Non-Resident Indian,23,,,,,,,,,,23
010_final_seat_matrix_for_deemed_round_1_ug_2024_mbbs.pdf,FINAL SEAT MATRIX FOR DEEMED ROUND 1 UG 2024 (MBBS),Sri Siddhartha Academy T Begur,200472,MBBS,Deemed/Paid Seats Quota,127,,,,,,,,,,127
010_final_seat_matrix_for_deemed_round_1_ug_2024_mbbs.pdf,FINAL SEAT MATRIX FOR DEEMED ROUND 1 UG 2024 (MBBS),"Sri Siddhartha Medical College DU, Tumkur",200349,MBBS,Non-Resident Indian,30,,,,,,,,,,30
010_final_seat_matrix_for_deemed_round_1_ug_2024_mbbs.pdf,FINAL SEAT MATRIX FOR DEEMED ROUND 1 UG 2024 (MBBS),"Sri Siddhartha Medical College DU, Tumkur",200349,MBBS,Deemed/Paid Seats Quota,170,,,,,,,,,,170
010_final_seat_matrix_for_deemed_round_1_ug_2024_mbbs.pdf,FINAL SEAT MATRIX FOR DEEMED ROUND 1 UG 2024 (MBBS),"SRM Medical College and Hospital, Chennai",200399,MBBS,Non-Resident Indian,3,,,,,,,,,,3
010_final_seat_matrix_for_deemed_round_1_ug_2024_mbbs.pdf,FINAL SEAT MATRIX FOR DEEMED ROUND 1 UG 2024 (MBBS),"SRM Medical College and Hospital, Chennai",200399,MBBS,Deemed/Paid Seats Quota,247,,,,,,,,,,247
010_final_seat_matrix_for_deemed_round_1_ug_2024_mbbs.pdf,FINAL SEAT MATRIX FOR DEEMED ROUND 1 UG 2024 (MBBS),SYMBIOSIS MEDICAL COLLEGE FOR WOMEN PUNE,200527,MBBS,Non-Resident Indian,22,,,,,,,,,,22
010_final_seat_matrix_for_deemed_round_1_ug_2024_mbbs.pdf,FINAL SEAT MATRIX FOR DEEMED ROUND 1 UG 2024 (MBBS),SYMBIOSIS MEDICAL COLLEGE FOR WOMEN PUNE,200527,MBBS,Deemed/Paid Seats Quota,128,,,,,,,,,,128
010_final_seat_matrix_for_deemed_round_1_ug_2024_mbbs.pdf,FINAL SEAT MATRIX FOR DEEMED ROUND 1 UG 2024 (MBBS),VELS MEDICAL COLLEGE & HOSPITAL,200537,MBBS,Non-Resident Indian,5,,,,,,,,,,5
010_final_seat_matrix_for_deemed_round_1_ug_2024_mbbs.pdf,FINAL SEAT MATRIX FOR DEEMED ROUND 1 UG 2024 (MBBS),VELS MEDICAL COLLEGE & HOSPITAL,200537,MBBS,Deemed/Paid Seats Quota,145,,,,,,,,,,145
010_final_seat_matrix_for_deemed_round_1_ug_2024_mbbs.pdf,FINAL SEAT MATRIX FOR DEEMED ROUND 1 UG 2024 (MBBS),"Vinayaka Missions Medical College and Hospital, Karaikal",200381,MBBS,Deemed/Paid Seats Quota,150,,,,,,,,,,150
010_final_seat_matrix_for_deemed_round_1_ug_2024_mbbs.pdf,FINAL SEAT MATRIX FOR DEEMED ROUND 1 UG 2024 (MBBS),"VMKV Medical College and Hospital, Salem",200401,MBBS,Deemed/Paid Seats Quota,150,,,,,,,,,,150
010_final_seat_matrix_for_deemed_round_1_ug_2024_mbbs.pdf,FINAL SEAT MATRIX FOR DEEMED ROUND 1 UG 2024 (MBBS),"Yenepoya Medical College, Mangalore",200351,MBBS,Muslim Minority Quota,65,,,,,,,,,,65
010_final_seat_matrix_for_deemed_round_1_ug_2024_mbbs.pdf,FINAL SEAT MATRIX FOR DEEMED ROUND 1 UG 2024 (MBBS),"Yenepoya Medical College, Mangalore",200351,MBBS,Non-Resident Indian,38,,,,,,,,,,38
010_final_seat_matrix_for_deemed_round_1_ug_2024_mbbs.pdf,FINAL SEAT MATRIX FOR DEEMED ROUND 1 UG 2024 (MBBS),"Yenepoya Medical College, Mangalore",200351,MBBS,Deemed/Paid Seats Quota,110,,,,,,,,,,110
033_seat_matrix_special_stray_vacancy_round_ii_ug_2024.pdf,033_seat_matrix_special_stray_vacancy_round_ii_ug_2024,Andhra Pradesh,,"Govt Dental College RIMS Kadapa, PRINCIPAL GOVT DENTAL COLLEGE, RIMS, PUTLAMPALLI KADAPA State ANDHRA PRADESH Pin 516004 (200447)",All India,BDS (BDS),,,,,,,,,,BC NO
033_seat_matrix_special_stray_vacancy_round_ii_ug_2024.pdf,033_seat_matrix_special_stray_vacancy_round_ii_ug_2024,Delhi (NCT),,"College of Nursing Ahilya Bai College of Nursing, Maulana Azad Medical College, Ahilya Bai College of Nursing Lok Nayak Hospital Jawaharlal Nehru Marg (200541)",B.Sc Nursing All India,B.Sc. Nursing (BSCN),,,,,,,,,,OP NO
033_seat_matrix_special_stray_vacancy_round_ii_ug_2024.pdf,033_seat_matrix_special_stray_vacancy_round_ii_ug_2024,Delhi (NCT),,"College of Nursing Dr. RML Hospital, New Delhi, Baba Kharak Singh Marg College of Nursing Dr RML Hospital (200542)",B.Sc Nursing All India,B.Sc. Nursing (BSCN),,,,,,,,,,BC NO
033_seat_matrix_special_stray_vacancy_round_ii_ug_2024.pdf,033_seat_matrix_special_stray_vacancy_round_ii_ug_2024,Delhi (NCT),,"College of Nursing Dr. RML Hospital, New Delhi, Baba Kharak Singh Marg College of Nursing Dr RML Hospital (200542)",B.Sc Nursing All India,B.Sc. Nursing (BSCN),,,,,,,,,,SC NO
033_seat_matrix_special_stray_vacancy_round_ii_ug_2024.pdf,033_seat_matrix_special_stray_vacancy_round_ii_ug_2024,Delhi (NCT),,"College of Nursing Florence Nightingale CON, New Delhi, collegeofnursinggtbh@gmail.com (200543)",B.Sc Nursing All India,B.Sc. Nursing (BSCN),,,,,,,,,,BC NO
033_seat_matrix_special_stray_vacancy_round_ii_ug_2024.pdf,033_seat_matrix_special_stray_vacancy_round_ii_ug_2024,Delhi (NCT),,"College of Nursing RAK CON, New Delhi, Rajkumari Amrit Kaur College of Nursing Lajpat Nagar IV Near Moolchand Metro Station (200545)",B.Sc Nursing All India,B.Sc. Nursing (BSCN),,,,,,,,,,BC NO
033_seat_matrix_special_stray_vacancy_round_ii_ug_2024.pdf,033_seat_matrix_special_stray_vacancy_round_ii_ug_2024,Delhi (NCT),,"College of Nursing RAK CON, New Delhi, Rajkumari Amrit Kaur College of Nursing Lajpat Nagar IV Near Moolchand Metro Station (200545)",B.Sc Nursing All India,B.Sc. Nursing (BSCN),,,,,,,,,,OP NO
033_seat_matrix_special_stray_vacancy_round_ii_ug_2024.pdf,033_seat_matrix_special_stray_vacancy_round_ii_ug_2024,Delhi (NCT),,"College of Nursing Safdarjung Hospital, New Delhi, College of Nursing VMMC and Safdarjang Hospital New Delhi (200546)",B.Sc Nursing All India,B.Sc. Nursing (BSCN),,,,,,,,,,BC NO
033_seat_matrix_special_stray_vacancy_round_ii_ug_2024.pdf,033_seat_matrix_special_stray_vacancy_round_ii_ug_2024,Karnataka,,"ESIC College of Nursing, Gulbarga, Karnataka, ESIC COLLEGE OF NURSING ESIC MEDICAL COLLEGE AND HOSPITAL SEDAM ROAD KALABURIGI (200688)",Employees State Insurance Scheme Nursing Quota (ESI-IP Quota Nursing),B.Sc. Nursing (BSCN),,,,,,,,,,BC NO
033_seat_matrix_special_stray_vacancy_round_ii_ug_2024.pdf,033_seat_matrix_special_stray_vacancy_round_ii_ug_2024,Karnataka,,"ESIC College of Nursing, Indiranagar, Bangalore, 70 APPAREDDY PALYA 7TH MAIN INDIRANAGAR BENGALURU (200687)",Employees State Insurance Scheme Nursing Quota (ESI-IP Quota Nursing),B.Sc. Nursing (BSCN),,,,,,,,,,BC NO
033_seat_matrix_special_stray_vacancy_round_ii_ug_2024.pdf,033_seat_matrix_special_stray_vacancy_round_ii_ug_2024,Karnataka,,"ESIC College of Nursing, Indiranagar, Bangalore, 70 APPAREDDY PALYA 7TH MAIN INDIRANAGAR BENGALURU (200687)",Employees State Insurance Scheme Nursing Quota (ESI-IP Quota Nursing),B.Sc. Nursing (BSCN),,,,,,,,,,OP NO
033_seat_matrix_special_stray_vacancy_round_ii_ug_2024.pdf,033_seat_matrix_special_stray_vacancy_round_ii_ug_2024,Karnataka,,"KLE VK Inst. of Dental Scie. Belagavi, KLE V.K. Institute of Dental Sciences, J.N. Medical College Campus, Nehru Nagar,Belagavi- 590010.Karn (200341)",Deemed/Paid Seats Quota,BDS (BDS),,,,,,,,,,OP NO
033_seat_matrix_special_stray_vacancy_round_ii_ug_2024.pdf,033_seat_matrix_special_stray_vacancy_round_ii_ug_2024,Maharashtra,,"BVDU Dental College and Hospital, Navi Mumbai, Bharati Vidyapeeth Dental College and Hospital, Sec.7, Belapur Navi Mumbai. (200357)",Deemed/Paid Seats Quota,BDS (BDS),,,,,,,,,,OP NO
033_seat_matrix_special_stray_vacancy_round_ii_ug_2024.pdf,033_seat_matrix_special_stray_vacancy_round_ii_ug_2024,Maharashtra,,"GOVT. DENTAL COLLEGE & HOSP.,AURANGABAD, Government Medical College and Hospital Campus Dhanwantari Nagar Ghati Chha. Sambhajinagar Aurangaba (200213)",All India,BDS (BDS),,,,,,,,,,SC NO
033_seat_matrix_special_stray_vacancy_round_ii_ug_2024.pdf,033_seat_matrix_special_stray_vacancy_round_ii_ug_2024,Maharashtra,,"GOVT. DENTAL COLLEGE & HOSP.,NAGPUR, Government Dental College And Hospital GMC Campus Nagpur (200215)",All India,BDS (BDS),,,,,,,,,,SC NO
033_seat_matrix_special_stray_vacancy_round_ii_ug_2024.pdf,033_seat_matrix_special_stray_vacancy_round_ii_ug_2024,Punjab,,"GOVT DEN COLL DENTAL WING PATIALA, Govt.Dental College and Hospital,Patiala (200245)",All India,BDS (BDS),,,,,,,,,,OP NO
033_seat_matrix_special_stray_vacancy_round_ii_ug_2024.pdf,033_seat_matrix_special_stray_vacancy_round_ii_ug_2024,Tamil Nadu,,"Rajah Muthiah Dental College and Hos. , Annamalai , GOVT DENTAL COLLEGE AND HOSPITAL, CUDDALORE DT- ANNAMALAINAGAR CHIDAMBARAM (200277)",All India,BDS (BDS),,,,,,,,,,EW NO
033_seat_matrix_special_stray_vacancy_round_ii_ug_2024.pdf,033_seat_matrix_special_stray_vacancy_round_ii_ug_2024,Tamil Nadu,,"Rajah Muthiah Dental College and Hos. , Annamalai , GOVT DENTAL COLLEGE AND HOSPITAL, CUDDALORE DT- ANNAMALAINAGAR CHIDAMBARAM (200277)",All India,BDS (BDS),,,,,,,,,,OP NO
033_seat_matrix_special_stray_vacancy_round_ii_ug_2024.pdf,033_seat_matrix_special_stray_vacancy_round_ii_ug_2024,Tripura,,"AGARTALA GOVT. DENTAL COLLEGE,AGARTAL, IGM Hospital Complex, Agartala, West Tripura, PIN- 799001 (200676)",All India,BDS (BDS),,,,,,,,,,BC NO
033_seat_matrix_special_stray_vacancy_round_ii_ug_2024.pdf,033_seat_matrix_special_stray_vacancy_round_ii_ug_2024,Tripura,,"AGARTALA GOVT. DENTAL COLLEGE,AGARTAL, IGM Hospital Complex, Agartala, West Tripura, PIN- 799001 (200676)",All India,BDS (BDS),,,,,,,,,,OP NO
033_seat_matrix_special_stray_vacancy_round_ii_ug_2024.pdf,033_seat_matrix_special_stray_vacancy_round_ii_ug_2024,Uttar Pradesh,,"College of Nursing BHU, VARANASI, The Director Institute of Medical Sciences Banaras Hindu University (200547)",B.Sc Nursing All India,B.Sc. Nursing (BSCN),,,,,,,,,,BC NO
033_seat_matrix_special_stray_vacancy_round_ii_ug_2024.pdf,033_seat_matrix_special_stray_vacancy_round_ii_ug_2024,West Bengal,,"Burdwan Dental College & Hospital, Burdwan, POWER HOUSE PARA, BURDWAN TOWN. PURBA BARDHAMAN. W.B- 713101 (200308)",All India,BDS (BDS),,,,,,,,,,SC NO
